query,query_family,rank,retrieved,retrieved_family,hybrid_score,technical_score,semantic_score,structural_score,tech_contribution,sem_contribution,struct_contribution,correct,same_material,same_topology,same_complexity,same_structure
21448_5646a1b6,simple_rotor,1,22236_db209dff,simple_rotor,1.0,1.0,1.0,1.0,0.0,0.2,0.8,True,True,True,True,True
21448_5646a1b6,simple_rotor,2,20384_767d849a,simple_rotor,1.0,0.9999,1.0,1.0,0.0,0.2,0.8,True,True,True,True,True
21448_5646a1b6,simple_rotor,3,21384_b9774b93,simple_rotor,1.0,1.0,1.0,1.0,0.0,0.2,0.8,True,True,True,True,True
22312_3f366a4a,symmetric_rotor,1,23170_6ea8ded5,symmetric_rotor,1.0,1.0,1.0,1.0,0.0,0.2,0.8,True,True,True,True,True
22312_3f366a4a,symmetric_rotor,2,21958_e48ddf4e,symmetric_rotor,1.0,0.9995,1.0,1.0,0.0,0.2,0.8,True,True,True,True,True
22312_3f366a4a,symmetric_rotor,3,22761_ca309655,symmetric_rotor,1.0,0.9994,1.0,1.0,0.0,0.2,0.8,True,True,True,True,True
20756_75f43564,simple_rotor,1,22377_d490f505,simple_rotor,1.0,1.0,1.0,1.0,0.0,0.2,0.8,True,True,True,True,True
20756_75f43564,simple_rotor,2,20803_473c87ac,simple_rotor,1.0,1.0,1.0,1.0,0.0,0.2,0.8,True,True,True,True,True
20756_75f43564,simple_rotor,3,20802_802b7d69,simple_rotor,1.0,1.0,1.0,1.0,0.0,0.2,0.8,True,True,True,True,True
21708_e61bd657,complex_assembly,1,20260_4a01a99d,high_complexity_rotor,1.0,0.9607,1.0,1.0,0.0,0.2,0.8,False,True,True,True,True
21708_e61bd657,complex_assembly,2,20430_975b8dcf,high_complexity_rotor,0.9999,0.9941,1.0,0.9999,0.0,0.2,0.7999,False,True,True,True,True
21708_e61bd657,complex_assembly,3,22079_31335df2,complex_assembly,0.9999,0.9216,1.0,0.9999,0.0,0.2,0.7999,True,True,True,True,True
23311_ad36a9ec,simple_rotor,1,21459_a9de5e5b,simple_rotor,1.0,1.0,1.0,1.0,0.0,0.2,0.8,True,True,True,True,True
23311_ad36a9ec,simple_rotor,2,23164_659c91ef,simple_rotor,1.0,1.0,1.0,1.0,0.0,0.2,0.8,True,True,True,True,True
23311_ad36a9ec,simple_rotor,3,22746_920025a0,simple_rotor,1.0,1.0,1.0,1.0,0.0,0.2,0.8,True,True,True,True,True
22680_1f4026f6,medium_rotor,1,22372_e91792a1,medium_rotor,1.0,0.9996,1.0,1.0,0.0,0.2,0.8,True,True,True,True,True
22680_1f4026f6,medium_rotor,2,22832_731d3b9f,medium_rotor,1.0,0.9994,1.0,1.0,0.0,0.2,0.8,True,True,True,True,True
22680_1f4026f6,medium_rotor,3,23331_192866b6,medium_rotor,0.9999,0.9998,1.0,0.9999,0.0,0.2,0.7999,True,True,True,True,True
21265_7329c813,simple_rotor,1,21459_a9de5e5b,simple_rotor,1.0,1.0,1.0,1.0,0.0,0.2,0.8,True,True,True,True,True
21265_7329c813,simple_rotor,2,23164_659c91ef,simple_rotor,1.0,1.0,1.0,1.0,0.0,0.2,0.8,True,True,True,True,True
21265_7329c813,simple_rotor,3,22746_920025a0,simple_rotor,1.0,1.0,1.0,1.0,0.0,0.2,0.8,True,True,True,True,True
22832_731d3b9f,medium_rotor,1,22372_e91792a1,medium_rotor,1.0,1.0,1.0,1.0,0.0,0.2,0.8,True,True,True,True,True
22832_731d3b9f,medium_rotor,2,22680_1f4026f6,medium_rotor,1.0,0.9994,1.0,1.0,0.0,0.2,0.8,True,True,True,True,True
22832_731d3b9f,medium_rotor,3,23331_192866b6,medium_rotor,0.9999,0.9999,1.0,0.9999,0.0,0.2,0.7999,True,True,True,True,True
23476_705b76d1,medium_rotor,1,23213_3df3cb34,medium_rotor,1.0,0.9998,1.0,1.0,0.0,0.2,0.8,True,True,True,True,True
23476_705b76d1,medium_rotor,2,22383_e5f707a7,medium_rotor,1.0,1.0,1.0,1.0,0.0,0.2,0.8,True,True,True,True,True
23476_705b76d1,medium_rotor,3,20322_daa5c577,medium_rotor,1.0,1.0,1.0,1.0,0.0,0.2,0.8,True,True,True,True,True
22131_6b4b60f8,simple_rotor,1,22180_ce7c3bd8,simple_rotor,1.0,1.0,1.0,1.0,0.0,0.2,0.8,True,True,True,True,True
22131_6b4b60f8,simple_rotor,2,20259_de1ab632,simple_rotor,1.0,1.0,1.0,0.9999,0.0,0.2,0.8,True,True,True,True,True
22131_6b4b60f8,simple_rotor,3,20647_cea2e07c,simple_rotor,0.9998,0.9999,1.0,0.9998,0.0,0.2,0.7998,True,True,True,True,True
20994_9c88b1ba,simple_rotor,1,22377_d490f505,simple_rotor,1.0,0.9999,1.0,1.0,0.0,0.2,0.8,True,True,True,True,True
20994_9c88b1ba,simple_rotor,2,20756_75f43564,simple_rotor,1.0,0.9999,1.0,1.0,0.0,0.2,0.8,True,True,True,True,True
20994_9c88b1ba,simple_rotor,3,20802_802b7d69,simple_rotor,1.0,1.0,1.0,1.0,0.0,0.2,0.8,True,True,True,True,True
22026_62afa265,simple_rotor,1,20731_fbdc7731,simple_rotor,0.95,1.0,0.75,1.0,0.0,0.15,0.8,True,False,True,True,True
22026_62afa265,simple_rotor,2,22367_b4a67e61,simple_rotor,0.95,1.0,0.75,1.0,0.0,0.15,0.8,True,False,True,True,True
22026_62afa265,simple_rotor,3,22508_6bb410af,simple_rotor,0.95,1.0,0.75,1.0,0.0,0.15,0.8,True,False,True,True,True
22021_520ec8c3,medium_rotor,1,21008_a3fec63b,medium_rotor,1.0,0.9999,1.0,1.0,0.0,0.2,0.8,True,True,True,True,True
22021_520ec8c3,medium_rotor,2,20163_3742f394,medium_rotor,0.9997,0.9944,1.0,0.9996,0.0,0.2,0.7997,True,True,True,True,True
22021_520ec8c3,medium_rotor,3,21552_4e9c19b1,medium_rotor,0.9996,0.9994,1.0,0.9995,0.0,0.2,0.7996,True,True,True,True,True
20351_dc6e4e1e,complex_assembly,1,22076_20e8a107,high_complexity_rotor,0.9997,0.9639,1.0,0.9997,0.0,0.2,0.7997,False,True,True,True,True
20351_dc6e4e1e,complex_assembly,2,23422_f214bd4d,complex_assembly,0.9995,0.987,1.0,0.9993,0.0,0.2,0.7995,True,True,True,True,True
20351_dc6e4e1e,complex_assembly,3,21337_062b39fa,high_complexity_rotor,0.9993,0.9338,1.0,0.9991,0.0,0.2,0.7993,False,True,True,True,True
22218_2f85f6ae,medium_rotor,1,21695_1f33863f,medium_rotor,1.0,1.0,1.0,1.0,0.0,0.2,0.8,True,True,True,True,True
22218_2f85f6ae,medium_rotor,2,23323_075a079e,medium_rotor,1.0,1.0,1.0,1.0,0.0,0.2,0.8,True,True,True,True,True
22218_2f85f6ae,medium_rotor,3,21185_ac5324ba,medium_rotor,1.0,0.9999,1.0,1.0,0.0,0.2,0.8,True,True,True,True,True
21810_718ae2fe,simple_rotor,1,20438_5f344b00,simple_rotor,1.0,1.0,1.0,1.0,0.0,0.2,0.8,True,True,True,True,True
21810_718ae2fe,simple_rotor,2,20731_fbdc7731,simple_rotor,1.0,1.0,1.0,1.0,0.0,0.2,0.8,True,True,True,True,True
21810_718ae2fe,simple_rotor,3,22367_b4a67e61,simple_rotor,1.0,1.0,1.0,1.0,0.0,0.2,0.8,True,True,True,True,True
20215_e2eb3082,medium_rotor,1,20182_71b9e491,medium_rotor,1.0,0.9998,1.0,1.0,0.0,0.2,0.8,True,True,True,True,True
20215_e2eb3082,medium_rotor,2,21601_360ce1c7,medium_rotor,1.0,0.9963,1.0,1.0,0.0,0.2,0.8,True,True,True,True,True
20215_e2eb3082,medium_rotor,3,22919_3ee91d1a,medium_rotor,1.0,0.9997,1.0,1.0,0.0,0.2,0.8,True,True,True,True,True
22561_067b78ae,symmetric_rotor,1,20225_4ce6d59b,symmetric_rotor,1.0,0.9999,1.0,1.0,0.0,0.2,0.8,True,True,True,True,True
22561_067b78ae,symmetric_rotor,2,21603_98a15295,symmetric_rotor,0.9999,0.9995,1.0,0.9999,0.0,0.2,0.7999,True,True,True,True,True
22561_067b78ae,symmetric_rotor,3,22050_e8702dd4,symmetric_rotor,0.9998,0.9993,1.0,0.9998,0.0,0.2,0.7998,True,True,True,True,True
21421_fb12b69b,complex_assembly,1,21236_b696e901,complex_assembly,1.0,0.976,1.0,1.0,0.0,0.2,0.8,True,True,True,True,True
21421_fb12b69b,complex_assembly,2,23282_a1b17daa,complex_assembly,1.0,0.9321,1.0,1.0,0.0,0.2,0.8,True,True,True,True,True
21421_fb12b69b,complex_assembly,3,22357_e2f7b060,complex_assembly,1.0,0.9691,1.0,1.0,0.0,0.2,0.8,True,True,True,True,True
22082_39503fa6,medium_rotor,1,22035_101c7ab4,medium_rotor,1.0,0.9999,1.0,1.0,0.0,0.2,0.8,True,True,True,True,True
22082_39503fa6,medium_rotor,2,23028_2ca87745,medium_rotor,1.0,0.998,1.0,1.0,0.0,0.2,0.8,True,True,True,True,True
22082_39503fa6,medium_rotor,3,20163_3742f394,medium_rotor,0.9998,0.9991,1.0,0.9998,0.0,0.2,0.7998,True,True,True,True,True
23308_245d257c,medium_rotor,1,23213_3df3cb34,medium_rotor,1.0,0.9995,1.0,1.0,0.0,0.2,0.8,True,True,True,True,True
23308_245d257c,medium_rotor,2,21531_79015e13,medium_rotor,1.0,0.9974,1.0,1.0,0.0,0.2,0.8,True,True,True,True,True
23308_245d257c,medium_rotor,3,22852_dc1dbed6,medium_rotor,1.0,0.9489,1.0,1.0,0.0,0.2,0.8,True,True,True,True,True
22844_9b75b8e0,simple_rotor,1,21459_a9de5e5b,simple_rotor,1.0,1.0,1.0,1.0,0.0,0.2,0.8,True,True,True,True,True
22844_9b75b8e0,simple_rotor,2,23164_659c91ef,simple_rotor,1.0,1.0,1.0,1.0,0.0,0.2,0.8,True,True,True,True,True
22844_9b75b8e0,simple_rotor,3,22746_920025a0,simple_rotor,1.0,1.0,1.0,1.0,0.0,0.2,0.8,True,True,True,True,True
20408_b4fda9eb,medium_rotor,1,23213_3df3cb34,medium_rotor,1.0,0.9995,1.0,1.0,0.0,0.2,0.8,True,True,True,True,True
20408_b4fda9eb,medium_rotor,2,21531_79015e13,medium_rotor,1.0,0.9974,1.0,1.0,0.0,0.2,0.8,True,True,True,True,True
20408_b4fda9eb,medium_rotor,3,22852_dc1dbed6,medium_rotor,1.0,0.9489,1.0,1.0,0.0,0.2,0.8,True,True,True,True,True
21326_ab4d6c43,simple_rotor,1,20647_cea2e07c,simple_rotor,1.0,1.0,1.0,1.0,0.0,0.2,0.8,True,True,True,True,True
21326_ab4d6c43,simple_rotor,2,20646_4cd14a72,simple_rotor,1.0,1.0,1.0,1.0,0.0,0.2,0.8,True,True,True,True,True
21326_ab4d6c43,simple_rotor,3,22180_ce7c3bd8,simple_rotor,0.9999,0.9996,1.0,0.9999,0.0,0.2,0.7999,True,True,True,True,True
22211_b1ee53f0,complex_assembly,1,20546_87dbd755,complex_assembly,1.0,0.7476,1.0,1.0,0.0,0.2,0.8,True,True,True,True,True
22211_b1ee53f0,complex_assembly,2,22306_c3dca308,complex_assembly,0.9998,0.9999,1.0,0.9997,0.0,0.2,0.7998,True,True,True,True,True
22211_b1ee53f0,complex_assembly,3,23273_8f301ce3,complex_assembly,0.9996,0.9972,1.0,0.9995,0.0,0.2,0.7996,True,True,True,True,True
23211_3aac9c7e,simple_rotor,1,23209_1592b0a4,simple_rotor,0.9989,1.0,1.0,0.9986,0.0,0.2,0.7989,True,True,True,True,True
23211_3aac9c7e,simple_rotor,2,23218_02d26ab4,simple_rotor,0.998,1.0,1.0,0.9974,0.0,0.2,0.798,True,True,True,True,True
23211_3aac9c7e,simple_rotor,3,23236_d5867507,simple_rotor,0.9978,1.0,1.0,0.9973,0.0,0.2,0.7978,True,True,True,True,True
20676_9715ec9c,medium_rotor,1,23414_f7d4a688,medium_rotor,1.0,0.9905,1.0,1.0,0.0,0.2,0.8,True,True,True,True,True
20676_9715ec9c,medium_rotor,2,23213_3df3cb34,medium_rotor,0.95,0.9996,0.75,1.0,0.0,0.15,0.8,True,False,True,True,True
20676_9715ec9c,medium_rotor,3,20823_f144e996,medium_rotor,0.95,0.9994,0.75,1.0,0.0,0.15,0.8,True,False,True,True,True
20220_3de82b2a,simple_rotor,1,21459_a9de5e5b,simple_rotor,1.0,1.0,1.0,1.0,0.0,0.2,0.8,True,True,True,True,True
20220_3de82b2a,simple_rotor,2,23006_92c5b990,simple_rotor,1.0,1.0,1.0,1.0,0.0,0.2,0.8,True,True,True,True,True
20220_3de82b2a,simple_rotor,3,22349_6f67a96e,simple_rotor,1.0,1.0,1.0,1.0,0.0,0.2,0.8,True,True,True,True,True
22776_facf9bcf,medium_rotor,1,21009_907a2a95,medium_rotor,1.0,0.9998,1.0,1.0,0.0,0.2,0.8,True,True,True,True,True
22776_facf9bcf,medium_rotor,2,22002_315afcfc,medium_rotor,1.0,0.9999,1.0,1.0,0.0,0.2,0.8,True,True,True,True,True
22776_facf9bcf,medium_rotor,3,23493_57512264,medium_rotor,1.0,0.9969,1.0,1.0,0.0,0.2,0.8,True,True,True,True,True
21837_b67d788c,medium_rotor,1,20628_e0551f7c,medium_rotor,0.9999,0.9997,1.0,0.9999,0.0,0.2,0.7999,True,True,True,True,True
21837_b67d788c,medium_rotor,2,21719_d60b8a4a,medium_rotor,0.9965,0.9989,1.0,0.9957,0.0,0.2,0.7965,True,True,True,True,True
21837_b67d788c,medium_rotor,3,21092_32622a83,medium_rotor,0.9965,0.9984,1.0,0.9956,0.0,0.2,0.7965,True,True,True,True,True
20668_b2f2633e,high_complexity_rotor,1,21425_d0d47a2a,high_complexity_rotor,1.0,0.9861,1.0,1.0,0.0,0.2,0.8,True,True,True,True,True
20668_b2f2633e,high_complexity_rotor,2,22483_f4e4b62a,complex_assembly,1.0,0.9591,1.0,0.9999,0.0,0.2,0.8,False,True,True,True,True
20668_b2f2633e,high_complexity_rotor,3,22492_047b125b,complex_assembly,0.9996,0.9887,1.0,0.9995,0.0,0.2,0.7996,False,True,True,True,True
21459_a9de5e5b,simple_rotor,1,23184_731e5af0,simple_rotor,1.0,1.0,1.0,1.0,0.0,0.2,0.8,True,True,True,True,True
21459_a9de5e5b,simple_rotor,2,23006_92c5b990,simple_rotor,1.0,1.0,1.0,1.0,0.0,0.2,0.8,True,True,True,True,True
21459_a9de5e5b,simple_rotor,3,22349_6f67a96e,simple_rotor,1.0,1.0,1.0,1.0,0.0,0.2,0.8,True,True,True,True,True
21386_e234c6b6,symmetric_rotor,1,22678_ff42f120,symmetric_rotor,1.0,0.9996,1.0,1.0,0.0,0.2,0.8,True,True,True,True,True
21386_e234c6b6,symmetric_rotor,2,22399_97987ada,symmetric_rotor,1.0,0.9991,1.0,1.0,0.0,0.2,0.8,True,True,True,True,True
21386_e234c6b6,symmetric_rotor,3,22049_4da0d894,symmetric_rotor,1.0,0.9983,1.0,1.0,0.0,0.2,0.8,True,True,True,True,True
22474_b10fea1a,medium_rotor,1,22919_3ee91d1a,medium_rotor,1.0,0.9999,1.0,1.0,0.0,0.2,0.8,True,True,True,True,True
22474_b10fea1a,medium_rotor,2,19810_f77c5501,medium_rotor,1.0,0.9987,1.0,1.0,0.0,0.2,0.8,True,True,True,True,True
22474_b10fea1a,medium_rotor,3,20182_71b9e491,medium_rotor,1.0,0.9998,1.0,1.0,0.0,0.2,0.8,True,True,True,True,True
19051_26735260,high_complexity_rotor,1,22535_0ba01cc9,complex_assembly,1.0,0.9958,1.0,1.0,0.0,0.2,0.8,False,True,True,True,True
19051_26735260,high_complexity_rotor,2,20952_b8a54213,complex_assembly,1.0,0.8258,1.0,1.0,0.0,0.2,0.8,False,True,True,True,True
19051_26735260,high_complexity_rotor,3,21545_4384f96e,complex_assembly,0.9999,0.9903,1.0,0.9999,0.0,0.2,0.7999,False,True,True,True,True
20332_0c2a24aa,simple_rotor,1,22377_d490f505,simple_rotor,1.0,0.9998,1.0,1.0,0.0,0.2,0.8,True,True,True,True,True
20332_0c2a24aa,simple_rotor,2,20994_9c88b1ba,simple_rotor,1.0,1.0,1.0,1.0,0.0,0.2,0.8,True,True,True,True,True
20332_0c2a24aa,simple_rotor,3,20756_75f43564,simple_rotor,1.0,0.9999,1.0,1.0,0.0,0.2,0.8,True,True,True,True,True
20807_88c198d5,simple_rotor,1,20822_5bb36119,simple_rotor,1.0,1.0,1.0,1.0,0.0,0.2,0.8,True,True,True,True,True
20807_88c198d5,simple_rotor,2,20451_557fe5cd,simple_rotor,1.0,1.0,1.0,1.0,0.0,0.2,0.8,True,True,True,True,True
20807_88c198d5,simple_rotor,3,22147_12995368,simple_rotor,1.0,1.0,1.0,1.0,0.0,0.2,0.8,True,True,True,True,True
21825_ce32b0a0,simple_rotor,1,20989_a261efa3,simple_rotor,1.0,1.0,1.0,1.0,0.0,0.2,0.8,True,True,True,True,True
21825_ce32b0a0,simple_rotor,2,20989_885bd9b9,simple_rotor,1.0,1.0,1.0,1.0,0.0,0.2,0.8,True,True,True,True,True
21825_ce32b0a0,simple_rotor,3,20384_767d849a,simple_rotor,1.0,1.0,1.0,1.0,0.0,0.2,0.8,True,True,True,True,True
23366_cc0bc28e,medium_rotor,1,20817_ef63b1a7,medium_rotor,1.0,0.9998,1.0,1.0,0.0,0.2,0.8,True,True,True,True,True
23366_cc0bc28e,medium_rotor,2,23354_8182b4eb,medium_rotor,1.0,0.9999,1.0,1.0,0.0,0.2,0.8,True,True,True,True,True
23366_cc0bc28e,medium_rotor,3,21884_cc2c39f9,medium_rotor,1.0,1.0,1.0,1.0,0.0,0.2,0.8,True,True,True,True,True
22136_a539c50b,simple_rotor,1,20731_fbdc7731,simple_rotor,1.0,1.0,1.0,1.0,0.0,0.2,0.8,True,True,True,True,True
22136_a539c50b,simple_rotor,2,21862_ec534e16,simple_rotor,1.0,1.0,1.0,1.0,0.0,0.2,0.8,True,True,True,True,True
22136_a539c50b,simple_rotor,3,22508_6bb410af,simple_rotor,1.0,1.0,1.0,1.0,0.0,0.2,0.8,True,True,True,True,True
20414_a33bd0d7,medium_rotor,1,20817_ef63b1a7,medium_rotor,1.0,1.0,1.0,1.0,0.0,0.2,0.8,True,True,True,True,True
20414_a33bd0d7,medium_rotor,2,23354_8182b4eb,medium_rotor,1.0,1.0,1.0,1.0,0.0,0.2,0.8,True,True,True,True,True
20414_a33bd0d7,medium_rotor,3,21884_cc2c39f9,medium_rotor,1.0,0.9999,1.0,1.0,0.0,0.2,0.8,True,True,True,True,True
22196_0deb2e34,medium_rotor,1,22196_e5bf8c9d,medium_rotor,1.0,1.0,1.0,1.0,0.0,0.2,0.8,True,True,True,True,True
22196_0deb2e34,medium_rotor,2,22197_94c66357,medium_rotor,1.0,0.9999,1.0,1.0,0.0,0.2,0.8,True,True,True,True,True
22196_0deb2e34,medium_rotor,3,22197_66c5655e,medium_rotor,1.0,1.0,1.0,1.0,0.0,0.2,0.8,True,True,True,True,True
23273_8f301ce3,complex_assembly,1,22065_0d414124,complex_assembly,1.0,0.9906,1.0,1.0,0.0,0.2,0.8,True,True,True,True,True
23273_8f301ce3,complex_assembly,2,20546_87dbd755,complex_assembly,0.9998,0.7948,1.0,0.9997,0.0,0.2,0.7998,True,True,True,True,True
23273_8f301ce3,complex_assembly,3,22211_b1ee53f0,complex_assembly,0.9996,0.9972,1.0,0.9995,0.0,0.2,0.7996,True,True,True,True,True
21063_037107dc,high_complexity_rotor,1,22402_a62e84b4,high_complexity_rotor,1.0,0.9959,1.0,1.0,0.0,0.2,0.8,True,True,True,True,True
21063_037107dc,high_complexity_rotor,2,21093_1bda9bbe,high_complexity_rotor,1.0,0.9975,1.0,1.0,0.0,0.2,0.8,True,True,True,True,True
21063_037107dc,high_complexity_rotor,3,21926_b4c7068b,high_complexity_rotor,1.0,0.7319,1.0,1.0,0.0,0.2,0.8,True,True,True,True,True
23351_6104d55d,simple_rotor,1,23184_731e5af0,simple_rotor,1.0,1.0,1.0,1.0,0.0,0.2,0.8,True,True,True,True,True
23351_6104d55d,simple_rotor,2,23006_92c5b990,simple_rotor,1.0,1.0,1.0,1.0,0.0,0.2,0.8,True,True,True,True,True
23351_6104d55d,simple_rotor,3,22349_6f67a96e,simple_rotor,1.0,1.0,1.0,1.0,0.0,0.2,0.8,True,True,True,True,True
21236_b696e901,complex_assembly,1,21421_fb12b69b,complex_assembly,1.0,0.976,1.0,1.0,0.0,0.2,0.8,True,True,True,True,True
21236_b696e901,complex_assembly,2,23282_a1b17daa,complex_assembly,1.0,0.8338,1.0,1.0,0.0,0.2,0.8,True,True,True,True,True
21236_b696e901,complex_assembly,3,22357_e2f7b060,complex_assembly,0.9999,0.8936,1.0,0.9999,0.0,0.2,0.7999,True,True,True,True,True
23321_c9497b79,simple_rotor,1,21015_10304cb9,simple_rotor,1.0,0.9999,1.0,1.0,0.0,0.2,0.8,True,True,True,True,True
23321_c9497b79,simple_rotor,2,22053_de30641b,simple_rotor,1.0,1.0,1.0,0.9999,0.0,0.2,0.8,True,True,True,True,True
23321_c9497b79,simple_rotor,3,20259_de1ab632,simple_rotor,0.9999,0.9999,1.0,0.9999,0.0,0.2,0.7999,True,True,True,True,True
21351_675c66b1,complex_assembly,1,23162_7e2f3d77,complex_assembly,0.9999,0.9994,1.0,0.9999,0.0,0.2,0.7999,True,True,True,True,True
21351_675c66b1,complex_assembly,2,23144_88ca00a5,complex_assembly,0.9994,0.9786,1.0,0.9992,0.0,0.2,0.7994,True,True,True,True,True
21351_675c66b1,complex_assembly,3,21656_964b0c84,high_complexity_rotor,0.9986,0.9592,1.0,0.9983,0.0,0.2,0.7986,False,True,True,True,True
20675_66ac9773,high_complexity_rotor,1,21134_7aa7cd89,high_complexity_rotor,1.0,0.6166,1.0,0.9999,0.0,0.2,0.8,True,True,True,True,True
20675_66ac9773,high_complexity_rotor,2,19596_fb9531a5,high_complexity_rotor,0.9998,0.4939,1.0,0.9997,0.0,0.2,0.7998,True,True,True,True,True
20675_66ac9773,high_complexity_rotor,3,23258_87a2ba81,high_complexity_rotor,0.9998,0.8818,1.0,0.9997,0.0,0.2,0.7998,True,True,True,True,True
23238_3c864758,medium_rotor,1,20817_ef63b1a7,medium_rotor,1.0,0.9999,1.0,1.0,0.0,0.2,0.8,True,True,True,True,True
23238_3c864758,medium_rotor,2,20815_b3d9e6c9,medium_rotor,1.0,1.0,1.0,1.0,0.0,0.2,0.8,True,True,True,True,True
23238_3c864758,medium_rotor,3,23152_6f2706c9,medium_rotor,1.0,0.9997,1.0,1.0,0.0,0.2,0.8,True,True,True,True,True
20193_2da4f0a0,simple_rotor,1,20478_c02790cb,simple_rotor,1.0,1.0,1.0,1.0,0.0,0.2,0.8,True,True,True,True,True
20193_2da4f0a0,simple_rotor,2,22073_951645ae,simple_rotor,1.0,0.9997,1.0,1.0,0.0,0.2,0.8,True,True,True,True,True
20193_2da4f0a0,simple_rotor,3,22133_465d7a91,simple_rotor,1.0,1.0,1.0,1.0,0.0,0.2,0.8,True,True,True,True,True
23473_1dfa6e40,medium_rotor,1,23213_3df3cb34,medium_rotor,1.0,1.0,1.0,1.0,0.0,0.2,0.8,True,True,True,True,True
23473_1dfa6e40,medium_rotor,2,23409_e27e3b8b,medium_rotor,1.0,0.9988,1.0,1.0,0.0,0.2,0.8,True,True,True,True,True
23473_1dfa6e40,medium_rotor,3,22852_dc1dbed6,medium_rotor,1.0,0.9505,1.0,1.0,0.0,0.2,0.8,True,True,True,True,True
21709_4dd88551,high_complexity_rotor,1,21697_06656699,high_complexity_rotor,1.0,1.0,1.0,1.0,0.0,0.2,0.8,True,True,True,True,True
21709_4dd88551,high_complexity_rotor,2,23233_ac09e2e5,high_complexity_rotor,1.0,1.0,1.0,1.0,0.0,0.2,0.8,True,True,True,True,True
21709_4dd88551,high_complexity_rotor,3,20279_aed6b3b3,high_complexity_rotor,0.9999,0.9704,1.0,0.9999,0.0,0.2,0.7999,True,True,True,True,True
20646_4cd14a72,simple_rotor,1,21326_ab4d6c43,simple_rotor,1.0,1.0,1.0,1.0,0.0,0.2,0.8,True,True,True,True,True
20646_4cd14a72,simple_rotor,2,20647_cea2e07c,simple_rotor,1.0,1.0,1.0,1.0,0.0,0.2,0.8,True,True,True,True,True
20646_4cd14a72,simple_rotor,3,22180_ce7c3bd8,simple_rotor,0.9999,0.9999,1.0,0.9999,0.0,0.2,0.7999,True,True,True,True,True
21588_0c48dc5f,simple_rotor,1,23341_d5ead6d2,simple_rotor,0.9999,1.0,1.0,0.9999,0.0,0.2,0.7999,True,True,True,True,True
21588_0c48dc5f,simple_rotor,2,22378_234fea2c,simple_rotor,0.999,1.0,1.0,0.9988,0.0,0.2,0.799,True,True,True,True,True
21588_0c48dc5f,simple_rotor,3,22227_aca28ff2,simple_rotor,0.999,0.9999,1.0,0.9988,0.0,0.2,0.799,True,True,True,True,True
23377_690165aa,high_complexity_rotor,1,23217_7c6062e3,high_complexity_rotor,1.0,0.998,1.0,1.0,0.0,0.2,0.8,True,True,True,True,True
23377_690165aa,high_complexity_rotor,2,20745_3e22ad07,high_complexity_rotor,1.0,0.9049,1.0,1.0,0.0,0.2,0.8,True,True,True,True,True
23377_690165aa,high_complexity_rotor,3,22278_12f1fb79,high_complexity_rotor,1.0,0.9973,1.0,0.9999,0.0,0.2,0.8,True,True,True,True,True
23468_a0bfb573,symmetric_rotor,1,23127_38d73061,symmetric_rotor,0.9999,0.9978,1.0,0.9999,0.0,0.2,0.7999,True,True,True,True,True
23468_a0bfb573,symmetric_rotor,2,7780_6c885e81,symmetric_rotor,0.9999,0.9994,1.0,0.9998,0.0,0.2,0.7999,True,True,True,True,True
23468_a0bfb573,symmetric_rotor,3,22259_613f9d44,symmetric_rotor,0.9998,0.9969,1.0,0.9998,0.0,0.2,0.7998,True,True,True,True,True
20468_1c33550a,simple_rotor,1,23184_731e5af0,simple_rotor,1.0,1.0,1.0,1.0,0.0,0.2,0.8,True,True,True,True,True
20468_1c33550a,simple_rotor,2,23006_92c5b990,simple_rotor,1.0,1.0,1.0,1.0,0.0,0.2,0.8,True,True,True,True,True
20468_1c33550a,simple_rotor,3,23351_6104d55d,simple_rotor,1.0,1.0,1.0,1.0,0.0,0.2,0.8,True,True,True,True,True
21176_b5c72bfb,symmetric_rotor,1,20970_d20c6c35,symmetric_rotor,1.0,1.0,1.0,1.0,0.0,0.2,0.8,True,True,True,True,True
21176_b5c72bfb,symmetric_rotor,2,20926_4c0f33f6,symmetric_rotor,0.9993,0.9976,1.0,0.9991,0.0,0.2,0.7993,True,True,True,True,True
21176_b5c72bfb,symmetric_rotor,3,7780_6c885e81,symmetric_rotor,0.95,0.9985,0.75,1.0,0.0,0.15,0.8,True,False,True,True,True
23252_ef165bed,medium_rotor,1,23213_3df3cb34,medium_rotor,1.0,0.9997,1.0,1.0,0.0,0.2,0.8,True,True,True,True,True
23252_ef165bed,medium_rotor,2,22383_e5f707a7,medium_rotor,1.0,0.999,1.0,1.0,0.0,0.2,0.8,True,True,True,True,True
23252_ef165bed,medium_rotor,3,22852_dc1dbed6,medium_rotor,1.0,0.9507,1.0,1.0,0.0,0.2,0.8,True,True,True,True,True
21164_de08f61e,medium_rotor,1,20421_38b63ca5,medium_rotor,0.9993,0.9976,1.0,0.9992,0.0,0.2,0.7993,True,True,True,True,True
21164_de08f61e,medium_rotor,2,22630_b6010fff,medium_rotor,0.95,1.0,0.75,1.0,0.0,0.15,0.8,True,False,True,True,True
21164_de08f61e,medium_rotor,3,22266_078a1f68,medium_rotor,0.95,0.9975,1.0,0.9375,0.0,0.2,0.75,True,True,True,True,True
20789_1809f41f,medium_rotor,1,21028_d4d30a2e,medium_rotor,0.9942,0.9921,1.0,0.9927,0.0,0.2,0.7942,True,True,True,True,True
20789_1809f41f,medium_rotor,2,21292_f94bd96b,medium_rotor,0.9936,1.0,1.0,0.992,0.0,0.2,0.7936,True,True,True,True,True
20789_1809f41f,medium_rotor,3,23374_57cca189,medium_rotor,0.9596,1.0,1.0,0.9494,0.0,0.2,0.7596,True,True,True,True,True
22197_66c5655e,medium_rotor,1,22197_94c66357,medium_rotor,1.0,0.9999,1.0,1.0,0.0,0.2,0.8,True,True,True,True,True
22197_66c5655e,medium_rotor,2,22196_e5bf8c9d,medium_rotor,1.0,1.0,1.0,1.0,0.0,0.2,0.8,True,True,True,True,True
22197_66c5655e,medium_rotor,3,22196_0deb2e34,medium_rotor,1.0,1.0,1.0,1.0,0.0,0.2,0.8,True,True,True,True,True
21352_c1101acb,high_complexity_rotor,1,21977_ce9f4e71,high_complexity_rotor,1.0,0.9915,1.0,1.0,0.0,0.2,0.8,True,True,True,True,True
21352_c1101acb,high_complexity_rotor,2,21182_a480d230,high_complexity_rotor,1.0,0.9965,1.0,1.0,0.0,0.2,0.8,True,True,True,True,True
21352_c1101acb,high_complexity_rotor,3,22894_5f7c276d,high_complexity_rotor,0.9999,0.9976,1.0,0.9999,0.0,0.2,0.7999,True,True,True,True,True
22376_3ebc82a2,medium_rotor,1,21790_aaf9224a,medium_rotor,1.0,0.9987,1.0,1.0,0.0,0.2,0.8,True,True,True,True,True
22376_3ebc82a2,medium_rotor,2,21503_34f299ca,medium_rotor,0.9998,0.9977,1.0,0.9998,0.0,0.2,0.7998,True,True,True,True,True
22376_3ebc82a2,medium_rotor,3,22832_731d3b9f,medium_rotor,0.9986,0.9982,1.0,0.9982,0.0,0.2,0.7986,True,True,True,True,True
20502_58b65de9,symmetric_rotor,1,21836_5bc91e49,symmetric_rotor,0.9998,1.0,1.0,0.9998,0.0,0.2,0.7998,True,True,True,True,True
20502_58b65de9,symmetric_rotor,2,22414_14ead4a3,symmetric_rotor,0.9995,1.0,1.0,0.9994,0.0,0.2,0.7995,True,True,True,True,True
20502_58b65de9,symmetric_rotor,3,22638_37f9fe91,symmetric_rotor,0.9994,0.9996,1.0,0.9992,0.0,0.2,0.7994,True,True,True,True,True
21153_a2fb81fe,high_complexity_rotor,1,19566_19d85d3b,high_complexity_rotor,1.0,0.9948,1.0,1.0,0.0,0.2,0.8,True,True,True,True,True
21153_a2fb81fe,high_complexity_rotor,2,21337_062b39fa,high_complexity_rotor,0.9997,0.984,1.0,0.9996,0.0,0.2,0.7997,True,True,True,True,True
21153_a2fb81fe,high_complexity_rotor,3,23422_f214bd4d,complex_assembly,0.9996,0.9301,1.0,0.9995,0.0,0.2,0.7996,False,True,True,True,True
20409_dafedec6,simple_rotor,1,22981_93f268ae,simple_rotor,0.2,0.9998,1.0,0.0,0.0,0.2,0.0,True,True,True,True,True
20409_dafedec6,simple_rotor,2,20838_86c931be,simple_rotor,0.2,1.0,1.0,0.0,0.0,0.2,0.0,True,True,True,True,True
20409_dafedec6,simple_rotor,3,20910_c64b5d1b,simple_rotor,0.2,0.9999,1.0,0.0,0.0,0.2,0.0,True,True,True,True,True
21492_8bd34fc1,complex_assembly,1,21722_68aeba65,complex_assembly,0.9986,0.9864,1.0,0.9982,0.0,0.2,0.7986,True,True,True,True,True
21492_8bd34fc1,complex_assembly,2,22125_e3a4cad4,complex_assembly,0.998,0.7747,1.0,0.9975,0.0,0.2,0.798,True,True,True,True,True
21492_8bd34fc1,complex_assembly,3,22028_776fbf0d,complex_assembly,0.9769,0.9434,1.0,0.9711,0.0,0.2,0.7769,True,True,True,True,True
20622_38dd90d0,high_complexity_rotor,1,22442_7d5c5d5f,high_complexity_rotor,0.9992,0.9405,1.0,0.999,0.0,0.2,0.7992,True,True,True,True,True
20622_38dd90d0,high_complexity_rotor,2,20351_dc6e4e1e,complex_assembly,0.9984,0.8941,1.0,0.998,0.0,0.2,0.7984,False,True,True,True,True
20622_38dd90d0,high_complexity_rotor,3,20533_0a3e112b,high_complexity_rotor,0.9975,0.9539,1.0,0.9969,0.0,0.2,0.7975,True,True,True,True,True
22428_c1ffa51a,high_complexity_rotor,1,23378_8d6426ae,high_complexity_rotor,1.0,0.9977,1.0,1.0,0.0,0.2,0.8,True,True,True,True,True
22428_c1ffa51a,high_complexity_rotor,2,21300_ec7da33e,high_complexity_rotor,0.9999,0.9824,1.0,0.9999,0.0,0.2,0.7999,True,True,True,True,True
22428_c1ffa51a,high_complexity_rotor,3,23168_7fdf5427,high_complexity_rotor,0.9997,0.9632,1.0,0.9997,0.0,0.2,0.7997,True,True,True,True,True
21047_60d69af3,simple_rotor,1,23184_731e5af0,simple_rotor,1.0,1.0,1.0,1.0,0.0,0.2,0.8,True,True,True,True,True
21047_60d69af3,simple_rotor,2,23006_92c5b990,simple_rotor,1.0,1.0,1.0,1.0,0.0,0.2,0.8,True,True,True,True,True
21047_60d69af3,simple_rotor,3,23351_6104d55d,simple_rotor,1.0,1.0,1.0,1.0,0.0,0.2,0.8,True,True,True,True,True
23215_08a54de0,simple_rotor,1,20436_41b730a3,simple_rotor,1.0,1.0,1.0,1.0,0.0,0.2,0.8,True,True,True,True,True
23215_08a54de0,simple_rotor,2,22378_234fea2c,simple_rotor,1.0,1.0,1.0,1.0,0.0,0.2,0.8,True,True,True,True,True
23215_08a54de0,simple_rotor,3,22227_aca28ff2,simple_rotor,1.0,1.0,1.0,1.0,0.0,0.2,0.8,True,True,True,True,True
20680_b095cb77,symmetric_rotor,1,22216_4b032400,symmetric_rotor,0.95,0.9996,0.75,1.0,0.0,0.15,0.8,True,False,True,True,True
20680_b095cb77,symmetric_rotor,2,22886_a6331748,symmetric_rotor,0.95,0.9984,0.75,1.0,0.0,0.15,0.8,True,False,True,True,True
20680_b095cb77,symmetric_rotor,3,23102_211ad1db,symmetric_rotor,0.95,0.9979,0.75,1.0,0.0,0.15,0.8,True,False,True,True,True
23130_7417d5b3,high_complexity_rotor,1,22900_09de4c7a,high_complexity_rotor,1.0,0.9997,1.0,1.0,0.0,0.2,0.8,True,True,True,True,True
23130_7417d5b3,high_complexity_rotor,2,22910_97f0cc18,high_complexity_rotor,1.0,0.9938,1.0,1.0,0.0,0.2,0.8,True,True,True,True,True
23130_7417d5b3,high_complexity_rotor,3,22890_4ecfa491,high_complexity_rotor,1.0,0.9981,1.0,1.0,0.0,0.2,0.8,True,True,True,True,True
22193_c8773ded,high_complexity_rotor,1,22900_09de4c7a,high_complexity_rotor,1.0,0.9893,1.0,1.0,0.0,0.2,0.8,True,True,True,True,True
22193_c8773ded,high_complexity_rotor,2,22910_97f0cc18,high_complexity_rotor,1.0,0.9992,1.0,1.0,0.0,0.2,0.8,True,True,True,True,True
22193_c8773ded,high_complexity_rotor,3,22890_4ecfa491,high_complexity_rotor,1.0,0.9967,1.0,1.0,0.0,0.2,0.8,True,True,True,True,True
20735_fb18051a,medium_rotor,1,23213_3df3cb34,medium_rotor,1.0,0.9956,1.0,1.0,0.0,0.2,0.8,True,True,True,True,True
20735_fb18051a,medium_rotor,2,22383_e5f707a7,medium_rotor,1.0,0.9935,1.0,1.0,0.0,0.2,0.8,True,True,True,True,True
20735_fb18051a,medium_rotor,3,22852_dc1dbed6,medium_rotor,1.0,0.9487,1.0,1.0,0.0,0.2,0.8,True,True,True,True,True
20989_885bd9b9,simple_rotor,1,20989_a261efa3,simple_rotor,1.0,1.0,1.0,1.0,0.0,0.2,0.8,True,True,True,True,True
20989_885bd9b9,simple_rotor,2,21825_ce32b0a0,simple_rotor,1.0,1.0,1.0,1.0,0.0,0.2,0.8,True,True,True,True,True
20989_885bd9b9,simple_rotor,3,20946_6573271d,simple_rotor,1.0,1.0,1.0,1.0,0.0,0.2,0.8,True,True,True,True,True
20927_826f4b56,simple_rotor,1,20801_0796e2ee,simple_rotor,0.2,1.0,1.0,0.0,0.0,0.2,0.0,True,True,True,True,True
20927_826f4b56,simple_rotor,2,22378_234fea2c,simple_rotor,0.2,0.9998,1.0,0.0,0.0,0.2,0.0,True,True,True,True,True
20927_826f4b56,simple_rotor,3,21616_c6c3347a,simple_rotor,0.2,0.9999,1.0,0.0,0.0,0.2,0.0,True,True,True,True,True
21719_d60b8a4a,medium_rotor,1,20722_90d46353,medium_rotor,0.9996,0.9991,1.0,0.9994,0.0,0.2,0.7996,True,True,True,True,True
21719_d60b8a4a,medium_rotor,2,21837_b67d788c,medium_rotor,0.9965,0.9989,1.0,0.9957,0.0,0.2,0.7965,True,True,True,True,True
21719_d60b8a4a,medium_rotor,3,20628_e0551f7c,medium_rotor,0.9952,0.9997,1.0,0.994,0.0,0.2,0.7952,True,True,True,True,True
21776_fb0bfbc6,simple_rotor,1,20951_2918f2fa,simple_rotor,1.0,0.9999,1.0,1.0,0.0,0.2,0.8,True,True,True,True,True
21776_fb0bfbc6,simple_rotor,2,22135_2aa77ff2,simple_rotor,1.0,1.0,1.0,1.0,0.0,0.2,0.8,True,True,True,True,True
21776_fb0bfbc6,simple_rotor,3,20241_ccb70dc8,simple_rotor,1.0,0.9999,1.0,1.0,0.0,0.2,0.8,True,True,True,True,True
23372_4cb88567,medium_rotor,1,23049_207a41f0,medium_rotor,1.0,0.9985,1.0,1.0,0.0,0.2,0.8,True,True,True,True,True
23372_4cb88567,medium_rotor,2,22040_6461a147,medium_rotor,1.0,0.9991,1.0,1.0,0.0,0.2,0.8,True,True,True,True,True
23372_4cb88567,medium_rotor,3,21529_93e51dd9,medium_rotor,1.0,1.0,1.0,1.0,0.0,0.2,0.8,True,True,True,True,True
22895_4533b542,simple_rotor,1,23184_731e5af0,simple_rotor,1.0,0.9999,1.0,1.0,0.0,0.2,0.8,True,True,True,True,True
22895_4533b542,simple_rotor,2,23006_92c5b990,simple_rotor,1.0,0.9998,1.0,1.0,0.0,0.2,0.8,True,True,True,True,True
22895_4533b542,simple_rotor,3,23351_6104d55d,simple_rotor,1.0,0.9998,1.0,1.0,0.0,0.2,0.8,True,True,True,True,True
20870_dedaef5b,high_complexity_rotor,1,21991_ab98f156,high_complexity_rotor,0.9999,0.894,1.0,0.9999,0.0,0.2,0.7999,True,True,True,True,True
20870_dedaef5b,high_complexity_rotor,2,22081_ab3124af,high_complexity_rotor,0.9999,0.7959,1.0,0.9999,0.0,0.2,0.7999,True,True,True,True,True
20870_dedaef5b,high_complexity_rotor,3,22827_f33929ec,high_complexity_rotor,0.9999,0.8362,1.0,0.9998,0.0,0.2,0.7999,True,True,True,True,True
22399_97987ada,symmetric_rotor,1,21386_e234c6b6,symmetric_rotor,1.0,0.9991,1.0,1.0,0.0,0.2,0.8,True,True,True,True,True
22399_97987ada,symmetric_rotor,2,22678_ff42f120,symmetric_rotor,1.0,0.9974,1.0,1.0,0.0,0.2,0.8,True,True,True,True,True
22399_97987ada,symmetric_rotor,3,22049_4da0d894,symmetric_rotor,1.0,0.9949,1.0,1.0,0.0,0.2,0.8,True,True,True,True,True
20376_eefa9511,simple_rotor,1,23184_731e5af0,simple_rotor,1.0,0.9999,1.0,1.0,0.0,0.2,0.8,True,True,True,True,True
20376_eefa9511,simple_rotor,2,23006_92c5b990,simple_rotor,1.0,1.0,1.0,1.0,0.0,0.2,0.8,True,True,True,True,True
20376_eefa9511,simple_rotor,3,23351_6104d55d,simple_rotor,1.0,1.0,1.0,1.0,0.0,0.2,0.8,True,True,True,True,True
22180_ce7c3bd8,simple_rotor,1,22131_6b4b60f8,simple_rotor,1.0,1.0,1.0,1.0,0.0,0.2,0.8,True,True,True,True,True
22180_ce7c3bd8,simple_rotor,2,20646_4cd14a72,simple_rotor,0.9999,0.9999,1.0,0.9999,0.0,0.2,0.7999,True,True,True,True,True
22180_ce7c3bd8,simple_rotor,3,21326_ab4d6c43,simple_rotor,0.9999,0.9996,1.0,0.9999,0.0,0.2,0.7999,True,True,True,True,True
20421_49bd1188,medium_rotor,1,22232_cb53774e,medium_rotor,0.9999,0.9995,1.0,0.9998,0.0,0.2,0.7999,True,True,True,True,True
20421_49bd1188,medium_rotor,2,22266_078a1f68,medium_rotor,0.9998,0.9986,1.0,0.9998,0.0,0.2,0.7998,True,True,True,True,True
20421_49bd1188,medium_rotor,3,21745_56cbe841,medium_rotor,0.95,0.9998,0.75,1.0,0.0,0.15,0.8,True,False,True,True,True
20530_2246503a,medium_rotor,1,23213_3df3cb34,medium_rotor,1.0,0.9998,1.0,1.0,0.0,0.2,0.8,True,True,True,True,True
20530_2246503a,medium_rotor,2,22383_e5f707a7,medium_rotor,1.0,0.9993,1.0,1.0,0.0,0.2,0.8,True,True,True,True,True
20530_2246503a,medium_rotor,3,22852_dc1dbed6,medium_rotor,1.0,0.9505,1.0,1.0,0.0,0.2,0.8,True,True,True,True,True
20815_b3d9e6c9,medium_rotor,1,23152_6f2706c9,medium_rotor,1.0,0.9999,1.0,1.0,0.0,0.2,0.8,True,True,True,True,True
20815_b3d9e6c9,medium_rotor,2,23238_3c864758,medium_rotor,1.0,1.0,1.0,1.0,0.0,0.2,0.8,True,True,True,True,True
20815_b3d9e6c9,medium_rotor,3,23366_cc0bc28e,medium_rotor,1.0,0.9999,1.0,1.0,0.0,0.2,0.8,True,True,True,True,True
21809_8bd6b10e,high_complexity_rotor,1,20293_a1999339,high_complexity_rotor,1.0,0.9991,1.0,1.0,0.0,0.2,0.8,True,True,True,True,True
21809_8bd6b10e,high_complexity_rotor,2,21519_3e869afd,high_complexity_rotor,0.9999,0.7494,1.0,0.9999,0.0,0.2,0.7999,True,True,True,True,True
21809_8bd6b10e,high_complexity_rotor,3,21024_9be3d461,high_complexity_rotor,0.9998,0.9989,1.0,0.9998,0.0,0.2,0.7998,True,True,True,True,True
22210_649a5363,simple_rotor,1,23184_731e5af0,simple_rotor,1.0,1.0,1.0,1.0,0.0,0.2,0.8,True,True,True,True,True
22210_649a5363,simple_rotor,2,23006_92c5b990,simple_rotor,1.0,1.0,1.0,1.0,0.0,0.2,0.8,True,True,True,True,True
22210_649a5363,simple_rotor,3,23351_6104d55d,simple_rotor,1.0,1.0,1.0,1.0,0.0,0.2,0.8,True,True,True,True,True
23195_2629864e,complex_assembly,1,22413_901f5867,complex_assembly,1.0,0.9985,1.0,1.0,0.0,0.2,0.8,True,True,True,True,True
23195_2629864e,complex_assembly,2,19051_26735260,high_complexity_rotor,0.9998,0.9907,1.0,0.9998,0.0,0.2,0.7998,False,True,True,True,True
23195_2629864e,complex_assembly,3,22535_0ba01cc9,complex_assembly,0.9998,0.9746,1.0,0.9997,0.0,0.2,0.7998,True,True,True,True,True
22827_f33929ec,high_complexity_rotor,1,22081_ab3124af,high_complexity_rotor,1.0,0.9976,1.0,1.0,0.0,0.2,0.8,True,True,True,True,True
22827_f33929ec,high_complexity_rotor,2,20870_dedaef5b,high_complexity_rotor,0.9999,0.8362,1.0,0.9998,0.0,0.2,0.7999,True,True,True,True,True
22827_f33929ec,high_complexity_rotor,3,21991_ab98f156,high_complexity_rotor,0.9996,0.9931,1.0,0.9995,0.0,0.2,0.7996,True,True,True,True,True
20745_3e22ad07,high_complexity_rotor,1,23217_7c6062e3,high_complexity_rotor,1.0,0.8765,1.0,1.0,0.0,0.2,0.8,True,True,True,True,True
20745_3e22ad07,high_complexity_rotor,2,23377_690165aa,high_complexity_rotor,1.0,0.9049,1.0,1.0,0.0,0.2,0.8,True,True,True,True,True
20745_3e22ad07,high_complexity_rotor,3,23168_7fdf5427,high_complexity_rotor,1.0,0.8581,1.0,1.0,0.0,0.2,0.8,True,True,True,True,True
21779_b99623fc,medium_rotor,1,23213_3df3cb34,medium_rotor,1.0,0.9997,1.0,1.0,0.0,0.2,0.8,True,True,True,True,True
21779_b99623fc,medium_rotor,2,22383_e5f707a7,medium_rotor,1.0,0.999,1.0,1.0,0.0,0.2,0.8,True,True,True,True,True
21779_b99623fc,medium_rotor,3,22852_dc1dbed6,medium_rotor,1.0,0.9507,1.0,1.0,0.0,0.2,0.8,True,True,True,True,True
20212_5d1f2de1,simple_rotor,1,23184_731e5af0,simple_rotor,1.0,1.0,1.0,1.0,0.0,0.2,0.8,True,True,True,True,True
20212_5d1f2de1,simple_rotor,2,23006_92c5b990,simple_rotor,1.0,0.9999,1.0,1.0,0.0,0.2,0.8,True,True,True,True,True
20212_5d1f2de1,simple_rotor,3,23351_6104d55d,simple_rotor,1.0,0.9999,1.0,1.0,0.0,0.2,0.8,True,True,True,True,True
21550_0b16151d,medium_rotor,1,23213_3df3cb34,medium_rotor,1.0,0.9996,1.0,1.0,0.0,0.2,0.8,True,True,True,True,True
21550_0b16151d,medium_rotor,2,22383_e5f707a7,medium_rotor,1.0,0.9988,1.0,1.0,0.0,0.2,0.8,True,True,True,True,True
21550_0b16151d,medium_rotor,3,22852_dc1dbed6,medium_rotor,1.0,0.9507,1.0,1.0,0.0,0.2,0.8,True,True,True,True,True
23209_1592b0a4,simple_rotor,1,23218_02d26ab4,simple_rotor,0.9999,1.0,1.0,0.9998,0.0,0.2,0.7999,True,True,True,True,True
23209_1592b0a4,simple_rotor,2,23236_d5867507,simple_rotor,0.9998,1.0,1.0,0.9998,0.0,0.2,0.7998,True,True,True,True,True
23209_1592b0a4,simple_rotor,3,23210_f535bfd2,simple_rotor,0.9998,1.0,1.0,0.9998,0.0,0.2,0.7998,True,True,True,True,True
22498_b8bdb105,simple_rotor,1,20586_cbec2689,simple_rotor,1.0,0.9981,1.0,1.0,0.0,0.2,0.8,True,True,True,True,True
22498_b8bdb105,simple_rotor,2,21785_d595ced5,simple_rotor,1.0,1.0,1.0,1.0,0.0,0.2,0.8,True,True,True,True,True
22498_b8bdb105,simple_rotor,3,21613_d57e983a,simple_rotor,0.95,0.9999,0.75,1.0,0.0,0.15,0.8,True,False,True,True,True
23380_abffc859,medium_rotor,1,23213_3df3cb34,medium_rotor,1.0,0.9903,1.0,1.0,0.0,0.2,0.8,True,True,True,True,True
23380_abffc859,medium_rotor,2,22383_e5f707a7,medium_rotor,1.0,0.9873,1.0,1.0,0.0,0.2,0.8,True,True,True,True,True
23380_abffc859,medium_rotor,3,22852_dc1dbed6,medium_rotor,1.0,0.945,1.0,1.0,0.0,0.2,0.8,True,True,True,True,True
20389_c835706f,medium_rotor,1,20520_7e357152,medium_rotor,1.0,0.9948,1.0,1.0,0.0,0.2,0.8,True,True,True,True,True
20389_c835706f,medium_rotor,2,20229_d1ae2ae3,medium_rotor,0.95,0.9943,0.75,1.0,0.0,0.15,0.8,True,False,True,True,True
20389_c835706f,medium_rotor,3,21358_a69a36f3,medium_rotor,0.95,0.9949,0.75,1.0,0.0,0.15,0.8,True,False,True,True,True
21429_6d2d3974,medium_rotor,1,23501_6c48b3c1,medium_rotor,1.0,0.9967,1.0,1.0,0.0,0.2,0.8,True,True,True,True,True
21429_6d2d3974,medium_rotor,2,21092_32622a83,medium_rotor,0.9996,0.9998,1.0,0.9995,0.0,0.2,0.7996,True,True,True,True,True
21429_6d2d3974,medium_rotor,3,20858_15bdad00,medium_rotor,0.9993,0.9999,1.0,0.9991,0.0,0.2,0.7993,True,True,True,True,True
21843_effbd24d,high_complexity_rotor,1,21081_72fa4ad1,high_complexity_rotor,1.0,0.9999,1.0,1.0,0.0,0.2,0.8,True,True,True,True,True
21843_effbd24d,high_complexity_rotor,2,21845_dff8b3a1,high_complexity_rotor,1.0,0.9999,1.0,1.0,0.0,0.2,0.8,True,True,True,True,True
21843_effbd24d,high_complexity_rotor,3,21838_5bc448b4,high_complexity_rotor,1.0,1.0,1.0,1.0,0.0,0.2,0.8,True,True,True,True,True
23439_18900af2,simple_rotor,1,23184_731e5af0,simple_rotor,1.0,1.0,1.0,1.0,0.0,0.2,0.8,True,True,True,True,True
23439_18900af2,simple_rotor,2,23006_92c5b990,simple_rotor,1.0,1.0,1.0,1.0,0.0,0.2,0.8,True,True,True,True,True
23439_18900af2,simple_rotor,3,23351_6104d55d,simple_rotor,1.0,1.0,1.0,1.0,0.0,0.2,0.8,True,True,True,True,True
21737_87d83240,medium_rotor,1,21185_ac5324ba,medium_rotor,0.9999,0.9998,1.0,0.9998,0.0,0.2,0.7999,True,True,True,True,True
21737_87d83240,medium_rotor,2,23323_075a079e,medium_rotor,0.9998,0.9999,1.0,0.9998,0.0,0.2,0.7998,True,True,True,True,True
21737_87d83240,medium_rotor,3,22218_2f85f6ae,medium_rotor,0.9998,0.9999,1.0,0.9997,0.0,0.2,0.7998,True,True,True,True,True
21496_f4025ad5,medium_rotor,1,23213_3df3cb34,medium_rotor,1.0,0.9959,1.0,1.0,0.0,0.2,0.8,True,True,True,True,True
21496_f4025ad5,medium_rotor,2,22383_e5f707a7,medium_rotor,1.0,0.9964,1.0,1.0,0.0,0.2,0.8,True,True,True,True,True
21496_f4025ad5,medium_rotor,3,22852_dc1dbed6,medium_rotor,1.0,0.9714,1.0,1.0,0.0,0.2,0.8,True,True,True,True,True
22053_de30641b,simple_rotor,1,23321_c9497b79,simple_rotor,1.0,1.0,1.0,0.9999,0.0,0.2,0.8,True,True,True,True,True
22053_de30641b,simple_rotor,2,21015_10304cb9,simple_rotor,1.0,1.0,1.0,0.9999,0.0,0.2,0.8,True,True,True,True,True
22053_de30641b,simple_rotor,3,20803_473c87ac,simple_rotor,0.9999,1.0,1.0,0.9999,0.0,0.2,0.7999,True,True,True,True,True
22891_b8c84495,simple_rotor,1,23184_731e5af0,simple_rotor,1.0,0.9999,1.0,1.0,0.0,0.2,0.8,True,True,True,True,True
22891_b8c84495,simple_rotor,2,23006_92c5b990,simple_rotor,1.0,0.9997,1.0,1.0,0.0,0.2,0.8,True,True,True,True,True
22891_b8c84495,simple_rotor,3,23351_6104d55d,simple_rotor,1.0,0.9998,1.0,1.0,0.0,0.2,0.8,True,True,True,True,True
21390_4d1e2d9c,medium_rotor,1,23213_3df3cb34,medium_rotor,1.0,0.9996,1.0,1.0,0.0,0.2,0.8,True,True,True,True,True
21390_4d1e2d9c,medium_rotor,2,22383_e5f707a7,medium_rotor,1.0,0.9987,1.0,1.0,0.0,0.2,0.8,True,True,True,True,True
21390_4d1e2d9c,medium_rotor,3,22852_dc1dbed6,medium_rotor,1.0,0.9507,1.0,1.0,0.0,0.2,0.8,True,True,True,True,True
22378_234fea2c,simple_rotor,1,20436_41b730a3,simple_rotor,1.0,0.9998,1.0,1.0,0.0,0.2,0.8,True,True,True,True,True
22378_234fea2c,simple_rotor,2,23215_08a54de0,simple_rotor,1.0,1.0,1.0,1.0,0.0,0.2,0.8,True,True,True,True,True
22378_234fea2c,simple_rotor,3,22227_aca28ff2,simple_rotor,1.0,1.0,1.0,1.0,0.0,0.2,0.8,True,True,True,True,True
22659_0e686e14,symmetric_rotor,1,21692_777db9e2,symmetric_rotor,1.0,0.9992,1.0,1.0,0.0,0.2,0.8,True,True,True,True,True
22659_0e686e14,symmetric_rotor,2,22434_2ad62ed6,symmetric_rotor,1.0,0.9998,1.0,1.0,0.0,0.2,0.8,True,True,True,True,True
22659_0e686e14,symmetric_rotor,3,23178_eb4b4280,symmetric_rotor,1.0,0.9979,1.0,1.0,0.0,0.2,0.8,True,True,True,True,True
22304_33009be6,simple_rotor,1,22241_535ad84b,simple_rotor,1.0,1.0,1.0,1.0,0.0,0.2,0.8,True,True,True,True,True
22304_33009be6,simple_rotor,2,20438_5f344b00,simple_rotor,1.0,1.0,1.0,0.9999,0.0,0.2,0.8,True,True,True,True,True
22304_33009be6,simple_rotor,3,21810_718ae2fe,simple_rotor,1.0,1.0,1.0,0.9999,0.0,0.2,0.8,True,True,True,True,True
20765_99d0665e,high_complexity_rotor,1,22900_09de4c7a,high_complexity_rotor,1.0,0.9944,1.0,1.0,0.0,0.2,0.8,True,True,True,True,True
20765_99d0665e,high_complexity_rotor,2,23002_4d53fb3f,high_complexity_rotor,1.0,0.9983,1.0,1.0,0.0,0.2,0.8,True,True,True,True,True
20765_99d0665e,high_complexity_rotor,3,22890_4ecfa491,high_complexity_rotor,1.0,0.999,1.0,1.0,0.0,0.2,0.8,True,True,True,True,True
23422_f214bd4d,complex_assembly,1,21337_062b39fa,high_complexity_rotor,1.0,0.9789,1.0,1.0,0.0,0.2,0.8,False,True,True,True,True
23422_f214bd4d,complex_assembly,2,22076_20e8a107,high_complexity_rotor,0.9999,0.994,1.0,0.9999,0.0,0.2,0.7999,False,True,True,True,True
23422_f214bd4d,complex_assembly,3,19566_19d85d3b,high_complexity_rotor,0.9996,0.9622,1.0,0.9995,0.0,0.2,0.7996,False,True,True,True,True
23343_f000bdae,simple_rotor,1,21139_cd619b26,simple_rotor,1.0,1.0,1.0,1.0,0.0,0.2,0.8,True,True,True,True,True
23343_f000bdae,simple_rotor,2,23103_66470b7e,simple_rotor,1.0,0.9998,1.0,1.0,0.0,0.2,0.8,True,True,True,True,True
23343_f000bdae,simple_rotor,3,23351_6104d55d,simple_rotor,1.0,1.0,1.0,1.0,0.0,0.2,0.8,True,True,True,True,True
23161_e7f63a9f,high_complexity_rotor,1,23156_7788f78a,high_complexity_rotor,1.0,0.9998,1.0,1.0,0.0,0.2,0.8,True,True,True,True,True
23161_e7f63a9f,high_complexity_rotor,2,22443_fa24c6f9,medium_rotor,0.95,0.9943,0.75,1.0,0.0,0.15,0.8,False,True,True,False,True
23161_e7f63a9f,high_complexity_rotor,3,21926_b4c7068b,high_complexity_rotor,0.95,0.7073,0.75,1.0,0.0,0.15,0.8,True,True,False,True,True
22011_0832eefe,medium_rotor,1,22729_232da678,medium_rotor,1.0,0.9963,1.0,1.0,0.0,0.2,0.8,True,True,True,True,True
22011_0832eefe,medium_rotor,2,20554_abcb705e,medium_rotor,1.0,0.9968,1.0,1.0,0.0,0.2,0.8,True,True,True,True,True
22011_0832eefe,medium_rotor,3,21275_c8049742,medium_rotor,1.0,0.9959,1.0,1.0,0.0,0.2,0.8,True,True,True,True,True
22214_b098105d,simple_rotor,1,22067_624b28e3,simple_rotor,1.0,0.9999,1.0,1.0,0.0,0.2,0.8,True,True,True,True,True
22214_b098105d,simple_rotor,2,21357_9edfc0a0,simple_rotor,0.9842,0.9998,1.0,0.9803,0.0,0.2,0.7842,True,True,True,True,True
22214_b098105d,simple_rotor,3,22862_f5406bb0,simple_rotor,0.9842,0.9997,1.0,0.9803,0.0,0.2,0.7842,True,True,True,True,True
22046_fe3bae6e,medium_rotor,1,20141_b9376856,medium_rotor,1.0,0.9995,1.0,1.0,0.0,0.2,0.8,True,True,True,True,True
22046_fe3bae6e,medium_rotor,2,23041_8d3ea25c,medium_rotor,1.0,0.9988,1.0,1.0,0.0,0.2,0.8,True,True,True,True,True
22046_fe3bae6e,medium_rotor,3,21529_93e51dd9,medium_rotor,1.0,0.9975,1.0,1.0,0.0,0.2,0.8,True,True,True,True,True
23204_ff1672a9,complex_assembly,1,23376_9b48819a,high_complexity_rotor,0.9999,0.8642,1.0,0.9998,0.0,0.2,0.7999,False,True,True,True,True
23204_ff1672a9,complex_assembly,2,7778_3a9748b3,complex_assembly,0.9992,0.9991,1.0,0.999,0.0,0.2,0.7992,True,True,True,True,True
23204_ff1672a9,complex_assembly,3,21425_d0d47a2a,high_complexity_rotor,0.9979,0.9708,1.0,0.9973,0.0,0.2,0.7979,False,True,True,True,True
21529_93e51dd9,medium_rotor,1,23041_8d3ea25c,medium_rotor,1.0,0.993,1.0,1.0,0.0,0.2,0.8,True,True,True,True,True
21529_93e51dd9,medium_rotor,2,22040_6461a147,medium_rotor,1.0,0.9994,1.0,1.0,0.0,0.2,0.8,True,True,True,True,True
21529_93e51dd9,medium_rotor,3,20141_b9376856,medium_rotor,1.0,0.9992,1.0,1.0,0.0,0.2,0.8,True,True,True,True,True
20429_419c4cdd,simple_rotor,1,20551_ff28a959,simple_rotor,1.0,1.0,1.0,1.0,0.0,0.2,0.8,True,True,True,True,True
20429_419c4cdd,simple_rotor,2,20806_ca60b7ae,simple_rotor,1.0,1.0,1.0,1.0,0.0,0.2,0.8,True,True,True,True,True
20429_419c4cdd,simple_rotor,3,20429_9dd95c38,simple_rotor,1.0,1.0,1.0,1.0,0.0,0.2,0.8,True,True,True,True,True
20241_8c0d3f83,simple_rotor,1,20951_2918f2fa,simple_rotor,1.0,1.0,1.0,1.0,0.0,0.2,0.8,True,True,True,True,True
20241_8c0d3f83,simple_rotor,2,22135_2aa77ff2,simple_rotor,1.0,1.0,1.0,1.0,0.0,0.2,0.8,True,True,True,True,True
20241_8c0d3f83,simple_rotor,3,20241_ccb70dc8,simple_rotor,1.0,1.0,1.0,1.0,0.0,0.2,0.8,True,True,True,True,True
20440_27177360,medium_rotor,1,21858_f1409ea2,medium_rotor,0.95,0.9999,0.75,1.0,0.0,0.15,0.8,True,False,True,True,True
20440_27177360,medium_rotor,2,21621_711e1918,medium_rotor,0.9499,0.9983,0.75,0.9999,0.0,0.15,0.7999,True,False,True,True,True
20440_27177360,medium_rotor,3,23305_2662b29a,medium_rotor,0.9498,0.9374,0.75,0.9998,0.0,0.15,0.7998,True,False,True,True,True
20554_abcb705e,medium_rotor,1,21275_c8049742,medium_rotor,1.0,0.9999,1.0,1.0,0.0,0.2,0.8,True,True,True,True,True
20554_abcb705e,medium_rotor,2,22729_232da678,medium_rotor,1.0,1.0,1.0,1.0,0.0,0.2,0.8,True,True,True,True,True
20554_abcb705e,medium_rotor,3,22011_0832eefe,medium_rotor,1.0,0.9968,1.0,1.0,0.0,0.2,0.8,True,True,True,True,True
22135_2aa77ff2,simple_rotor,1,20951_2918f2fa,simple_rotor,1.0,1.0,1.0,1.0,0.0,0.2,0.8,True,True,True,True,True
22135_2aa77ff2,simple_rotor,2,20241_8c0d3f83,simple_rotor,1.0,1.0,1.0,1.0,0.0,0.2,0.8,True,True,True,True,True
22135_2aa77ff2,simple_rotor,3,20241_ccb70dc8,simple_rotor,1.0,1.0,1.0,1.0,0.0,0.2,0.8,True,True,True,True,True
21204_96d26a7f,high_complexity_rotor,1,23309_76dcf100,high_complexity_rotor,1.0,0.9587,1.0,1.0,0.0,0.2,0.8,True,True,True,True,True
21204_96d26a7f,high_complexity_rotor,2,20737_5249e274,high_complexity_rotor,1.0,0.9865,1.0,1.0,0.0,0.2,0.8,True,True,True,True,True
21204_96d26a7f,high_complexity_rotor,3,23467_9f431540,high_complexity_rotor,1.0,0.9389,1.0,1.0,0.0,0.2,0.8,True,True,True,True,True
22259_613f9d44,symmetric_rotor,1,21490_d07ff9f8,symmetric_rotor,1.0,0.9974,1.0,1.0,0.0,0.2,0.8,True,True,True,True,True
22259_613f9d44,symmetric_rotor,2,7780_6c885e81,symmetric_rotor,1.0,0.9991,1.0,1.0,0.0,0.2,0.8,True,True,True,True,True
22259_613f9d44,symmetric_rotor,3,23320_e0711ae9,symmetric_rotor,1.0,0.9999,1.0,1.0,0.0,0.2,0.8,True,True,True,True,True
20520_7e357152,medium_rotor,1,20389_c835706f,medium_rotor,1.0,0.9948,1.0,1.0,0.0,0.2,0.8,True,True,True,True,True
20520_7e357152,medium_rotor,2,20229_d1ae2ae3,medium_rotor,0.95,1.0,0.75,1.0,0.0,0.15,0.8,True,False,True,True,True
20520_7e357152,medium_rotor,3,22710_77324fc2,medium_rotor,0.95,0.9999,0.75,1.0,0.0,0.15,0.8,True,False,True,True,True
20802_802b7d69,simple_rotor,1,22377_d490f505,simple_rotor,1.0,0.9999,1.0,1.0,0.0,0.2,0.8,True,True,True,True,True
20802_802b7d69,simple_rotor,2,20994_9c88b1ba,simple_rotor,1.0,1.0,1.0,1.0,0.0,0.2,0.8,True,True,True,True,True
20802_802b7d69,simple_rotor,3,20756_75f43564,simple_rotor,1.0,1.0,1.0,1.0,0.0,0.2,0.8,True,True,True,True,True
20392_8b23d193,simple_rotor,1,22671_fdd1b1e6,simple_rotor,1.0,0.9999,1.0,1.0,0.0,0.2,0.8,True,True,True,True,True
20392_8b23d193,simple_rotor,2,21865_c190b734,simple_rotor,1.0,0.9999,1.0,1.0,0.0,0.2,0.8,True,True,True,True,True
20392_8b23d193,simple_rotor,3,23351_6104d55d,simple_rotor,1.0,1.0,1.0,1.0,0.0,0.2,0.8,True,True,True,True,True
22178_976d2411,simple_rotor,1,22671_fdd1b1e6,simple_rotor,1.0,0.9999,1.0,1.0,0.0,0.2,0.8,True,True,True,True,True
22178_976d2411,simple_rotor,2,21865_c190b734,simple_rotor,1.0,0.9999,1.0,1.0,0.0,0.2,0.8,True,True,True,True,True
22178_976d2411,simple_rotor,3,23351_6104d55d,simple_rotor,1.0,1.0,1.0,1.0,0.0,0.2,0.8,True,True,True,True,True
22710_77324fc2,medium_rotor,1,23213_3df3cb34,medium_rotor,1.0,0.9999,1.0,1.0,0.0,0.2,0.8,True,True,True,True,True
22710_77324fc2,medium_rotor,2,22383_e5f707a7,medium_rotor,1.0,1.0,1.0,1.0,0.0,0.2,0.8,True,True,True,True,True
22710_77324fc2,medium_rotor,3,22852_dc1dbed6,medium_rotor,1.0,0.9498,1.0,1.0,0.0,0.2,0.8,True,True,True,True,True
20245_f1b25d43,high_complexity_rotor,1,23154_7c74d190,high_complexity_rotor,0.9999,0.9938,1.0,0.9999,0.0,0.2,0.7999,True,True,True,True,True
20245_f1b25d43,high_complexity_rotor,2,21924_bbd9f7a9,high_complexity_rotor,0.9995,0.9996,1.0,0.9994,0.0,0.2,0.7995,True,True,True,True,True
20245_f1b25d43,high_complexity_rotor,3,22428_c1ffa51a,high_complexity_rotor,0.9973,0.9996,1.0,0.9966,0.0,0.2,0.7973,True,True,True,True,True
22617_a286f13c,medium_rotor,1,23213_3df3cb34,medium_rotor,1.0,0.9998,1.0,1.0,0.0,0.2,0.8,True,True,True,True,True
22617_a286f13c,medium_rotor,2,22383_e5f707a7,medium_rotor,1.0,0.9993,1.0,1.0,0.0,0.2,0.8,True,True,True,True,True
22617_a286f13c,medium_rotor,3,22852_dc1dbed6,medium_rotor,1.0,0.951,1.0,1.0,0.0,0.2,0.8,True,True,True,True,True
23233_ac09e2e5,high_complexity_rotor,1,21709_4dd88551,high_complexity_rotor,1.0,1.0,1.0,1.0,0.0,0.2,0.8,True,True,True,True,True
23233_ac09e2e5,high_complexity_rotor,2,23258_87a2ba81,high_complexity_rotor,0.9999,0.8589,1.0,0.9999,0.0,0.2,0.7999,True,True,True,True,True
23233_ac09e2e5,high_complexity_rotor,3,21697_06656699,high_complexity_rotor,0.9999,0.9999,1.0,0.9999,0.0,0.2,0.7999,True,True,True,True,True
21469_abec26c4,simple_rotor,1,20478_c02790cb,simple_rotor,1.0,0.9998,1.0,1.0,0.0,0.2,0.8,True,True,True,True,True
21469_abec26c4,simple_rotor,2,22133_465d7a91,simple_rotor,1.0,0.9999,1.0,1.0,0.0,0.2,0.8,True,True,True,True,True
21469_abec26c4,simple_rotor,3,22073_951645ae,simple_rotor,1.0,0.9999,1.0,1.0,0.0,0.2,0.8,True,True,True,True,True
22413_901f5867,complex_assembly,1,23195_2629864e,complex_assembly,1.0,0.9985,1.0,1.0,0.0,0.2,0.8,True,True,True,True,True
22413_901f5867,complex_assembly,2,20701_6dcbc975,high_complexity_rotor,0.9998,0.9597,1.0,0.9997,0.0,0.2,0.7998,False,True,True,True,True
22413_901f5867,complex_assembly,3,19051_26735260,high_complexity_rotor,0.9998,0.9823,1.0,0.9997,0.0,0.2,0.7998,False,True,True,True,True
22061_b50b6b66,medium_rotor,1,20285_b64b1a7e,medium_rotor,1.0,1.0,1.0,1.0,0.0,0.2,0.8,True,True,True,True,True
22061_b50b6b66,medium_rotor,2,21695_1f33863f,medium_rotor,1.0,0.9999,1.0,1.0,0.0,0.2,0.8,True,True,True,True,True
22061_b50b6b66,medium_rotor,3,22218_2f85f6ae,medium_rotor,1.0,0.9998,1.0,1.0,0.0,0.2,0.8,True,True,True,True,True
23475_b14d1dc8,medium_rotor,1,23213_3df3cb34,medium_rotor,1.0,0.9993,1.0,1.0,0.0,0.2,0.8,True,True,True,True,True
23475_b14d1dc8,medium_rotor,2,22383_e5f707a7,medium_rotor,1.0,0.9984,1.0,1.0,0.0,0.2,0.8,True,True,True,True,True
23475_b14d1dc8,medium_rotor,3,22852_dc1dbed6,medium_rotor,1.0,0.9506,1.0,1.0,0.0,0.2,0.8,True,True,True,True,True
20787_ed64ff5e,complex_assembly,1,21244_d67bbabc,complex_assembly,1.0,0.9413,1.0,1.0,0.0,0.2,0.8,True,True,True,True,True
20787_ed64ff5e,complex_assembly,2,22581_406c16c4,complex_assembly,1.0,0.9979,1.0,1.0,0.0,0.2,0.8,True,True,True,True,True
20787_ed64ff5e,complex_assembly,3,20165_2b088be5,high_complexity_rotor,0.9999,0.981,1.0,0.9999,0.0,0.2,0.7999,False,True,True,True,True
20746_57a7b346,high_complexity_rotor,1,23495_6366269c,high_complexity_rotor,1.0,0.8477,1.0,0.9999,0.0,0.2,0.8,True,True,True,True,True
20746_57a7b346,high_complexity_rotor,2,20765_99d0665e,high_complexity_rotor,0.9989,0.8451,1.0,0.9986,0.0,0.2,0.7989,True,True,True,True,True
20746_57a7b346,high_complexity_rotor,3,20500_e88d8065,high_complexity_rotor,0.9989,0.8312,1.0,0.9986,0.0,0.2,0.7989,True,True,True,True,True
23219_40625e2c,simple_rotor,1,23244_34b5f55e,simple_rotor,0.9994,1.0,1.0,0.9993,0.0,0.2,0.7994,True,True,True,True,True
23219_40625e2c,simple_rotor,2,23210_f535bfd2,simple_rotor,0.9986,1.0,1.0,0.9982,0.0,0.2,0.7986,True,True,True,True,True
23219_40625e2c,simple_rotor,3,23236_d5867507,simple_rotor,0.9986,1.0,1.0,0.9982,0.0,0.2,0.7986,True,True,True,True,True
22311_553b3456,symmetric_rotor,1,22057_4947db57,symmetric_rotor,1.0,0.9985,1.0,1.0,0.0,0.2,0.8,True,True,True,True,True
22311_553b3456,symmetric_rotor,2,20682_e208cc63,symmetric_rotor,1.0,0.9986,1.0,1.0,0.0,0.2,0.8,True,True,True,True,True
22311_553b3456,symmetric_rotor,3,22762_dcbdd14d,symmetric_rotor,1.0,0.9994,1.0,1.0,0.0,0.2,0.8,True,True,True,True,True
22017_6d3be48d,medium_rotor,1,21424_9d516e3a,medium_rotor,1.0,0.9869,1.0,1.0,0.0,0.2,0.8,True,True,True,True,True
22017_6d3be48d,medium_rotor,2,23305_2662b29a,medium_rotor,1.0,0.965,1.0,1.0,0.0,0.2,0.8,True,True,True,True,True
22017_6d3be48d,medium_rotor,3,21621_711e1918,medium_rotor,0.9999,0.995,1.0,0.9998,0.0,0.2,0.7999,True,True,True,True,True
21091_bbf490e7,medium_rotor,1,23213_3df3cb34,medium_rotor,1.0,0.9976,1.0,1.0,0.0,0.2,0.8,True,True,True,True,True
21091_bbf490e7,medium_rotor,2,22383_e5f707a7,medium_rotor,1.0,0.9959,1.0,1.0,0.0,0.2,0.8,True,True,True,True,True
21091_bbf490e7,medium_rotor,3,22852_dc1dbed6,medium_rotor,1.0,0.9498,1.0,1.0,0.0,0.2,0.8,True,True,True,True,True
23480_3f7a8d50,medium_rotor,1,23213_3df3cb34,medium_rotor,1.0,0.9997,1.0,1.0,0.0,0.2,0.8,True,True,True,True,True
23480_3f7a8d50,medium_rotor,2,22383_e5f707a7,medium_rotor,1.0,0.999,1.0,1.0,0.0,0.2,0.8,True,True,True,True,True
23480_3f7a8d50,medium_rotor,3,22852_dc1dbed6,medium_rotor,1.0,0.9507,1.0,1.0,0.0,0.2,0.8,True,True,True,True,True
20814_5a2be0fb,simple_rotor,1,20940_9777847c,simple_rotor,0.9964,0.9998,1.0,0.9955,0.0,0.2,0.7964,True,True,True,True,True
20814_5a2be0fb,simple_rotor,2,19518_f220b68a,simple_rotor,0.9949,1.0,1.0,0.9936,0.0,0.2,0.7949,True,True,True,True,True
20814_5a2be0fb,simple_rotor,3,21422_b2a6bf27,simple_rotor,0.9946,1.0,1.0,0.9933,0.0,0.2,0.7946,True,True,True,True,True
22654_4c426b0f,symmetric_rotor,1,22095_af226cbc,symmetric_rotor,1.0,0.9974,1.0,1.0,0.0,0.2,0.8,True,True,True,True,True
22654_4c426b0f,symmetric_rotor,2,23127_38d73061,symmetric_rotor,0.9999,0.9988,1.0,0.9999,0.0,0.2,0.7999,True,True,True,True,True
22654_4c426b0f,symmetric_rotor,3,22638_37f9fe91,symmetric_rotor,0.9999,0.9998,1.0,0.9999,0.0,0.2,0.7999,True,True,True,True,True
21594_428d32af,medium_rotor,1,23213_3df3cb34,medium_rotor,1.0,0.9997,1.0,1.0,0.0,0.2,0.8,True,True,True,True,True
21594_428d32af,medium_rotor,2,22383_e5f707a7,medium_rotor,1.0,1.0,1.0,1.0,0.0,0.2,0.8,True,True,True,True,True
21594_428d32af,medium_rotor,3,22852_dc1dbed6,medium_rotor,1.0,0.9497,1.0,1.0,0.0,0.2,0.8,True,True,True,True,True
22270_c6999138,simple_rotor,1,22043_041e1b7c,simple_rotor,1.0,1.0,1.0,1.0,0.0,0.2,0.8,True,True,True,True,True
22270_c6999138,simple_rotor,2,21976_807c9b26,simple_rotor,1.0,0.9999,1.0,1.0,0.0,0.2,0.8,True,True,True,True,True
22270_c6999138,simple_rotor,3,20646_4cd14a72,simple_rotor,0.9999,1.0,1.0,0.9999,0.0,0.2,0.7999,True,True,True,True,True
21062_c4ed6d45,simple_rotor,1,22671_fdd1b1e6,simple_rotor,1.0,1.0,1.0,1.0,0.0,0.2,0.8,True,True,True,True,True
21062_c4ed6d45,simple_rotor,2,21865_c190b734,simple_rotor,1.0,1.0,1.0,1.0,0.0,0.2,0.8,True,True,True,True,True
21062_c4ed6d45,simple_rotor,3,23351_6104d55d,simple_rotor,1.0,1.0,1.0,1.0,0.0,0.2,0.8,True,True,True,True,True
21816_3891a442,medium_rotor,1,22323_aa6edb8b,medium_rotor,1.0,0.9998,1.0,1.0,0.0,0.2,0.8,True,True,True,True,True
21816_3891a442,medium_rotor,2,22045_ead71aca,medium_rotor,0.9999,0.9992,1.0,0.9999,0.0,0.2,0.7999,True,True,True,True,True
21816_3891a442,medium_rotor,3,20779_fc5a7c3d,medium_rotor,0.9999,1.0,1.0,0.9999,0.0,0.2,0.7999,True,True,True,True,True
21912_3f74887c,medium_rotor,1,21528_a5d5490f,medium_rotor,1.0,1.0,1.0,1.0,0.0,0.2,0.8,True,True,True,True,True
21912_3f74887c,medium_rotor,2,22126_e1cca10f,medium_rotor,1.0,0.9993,1.0,1.0,0.0,0.2,0.8,True,True,True,True,True
21912_3f74887c,medium_rotor,3,21009_907a2a95,medium_rotor,1.0,0.9997,1.0,1.0,0.0,0.2,0.8,True,True,True,True,True
22577_cd96733e,medium_rotor,1,23213_3df3cb34,medium_rotor,1.0,0.9993,1.0,1.0,0.0,0.2,0.8,True,True,True,True,True
22577_cd96733e,medium_rotor,2,22383_e5f707a7,medium_rotor,1.0,0.9999,1.0,1.0,0.0,0.2,0.8,True,True,True,True,True
22577_cd96733e,medium_rotor,3,22852_dc1dbed6,medium_rotor,1.0,0.9487,1.0,1.0,0.0,0.2,0.8,True,True,True,True,True
21590_7d092186,medium_rotor,1,22085_e039a7d3,medium_rotor,1.0,0.9978,1.0,1.0,0.0,0.2,0.8,True,True,True,True,True
21590_7d092186,medium_rotor,2,20278_d442e77d,medium_rotor,0.9993,0.9975,1.0,0.9991,0.0,0.2,0.7993,True,True,True,True,True
21590_7d092186,medium_rotor,3,21202_e452c491,medium_rotor,0.999,0.9973,1.0,0.9987,0.0,0.2,0.799,True,True,True,True,True
21647_6b6cca6f,complex_assembly,1,22717_08784417,complex_assembly,0.998,0.9992,1.0,0.9976,0.0,0.2,0.798,True,True,True,True,True
21647_6b6cca6f,complex_assembly,2,23419_ea47995f,complex_assembly,0.9968,0.6837,1.0,0.996,0.0,0.2,0.7968,True,True,True,True,True
21647_6b6cca6f,complex_assembly,3,22028_776fbf0d,complex_assembly,0.9967,0.6659,1.0,0.9959,0.0,0.2,0.7967,True,True,True,True,True
20342_c140780b,simple_rotor,1,22671_fdd1b1e6,simple_rotor,1.0,0.9999,1.0,1.0,0.0,0.2,0.8,True,True,True,True,True
20342_c140780b,simple_rotor,2,21865_c190b734,simple_rotor,1.0,0.9999,1.0,1.0,0.0,0.2,0.8,True,True,True,True,True
20342_c140780b,simple_rotor,3,23351_6104d55d,simple_rotor,1.0,1.0,1.0,1.0,0.0,0.2,0.8,True,True,True,True,True
21982_bdafa78d,symmetric_rotor,1,22245_ca848576,symmetric_rotor,0.9738,0.9997,1.0,0.9672,0.0,0.2,0.7738,True,True,True,True,True
21982_bdafa78d,symmetric_rotor,2,23468_a0bfb573,symmetric_rotor,0.9718,0.9996,1.0,0.9648,0.0,0.2,0.7718,True,True,True,True,True
21982_bdafa78d,symmetric_rotor,3,22312_3f366a4a,symmetric_rotor,0.9715,0.9994,1.0,0.9643,0.0,0.2,0.7715,True,True,True,True,True
20232_e5b060d9,simple_rotor,1,23342_7193a931,simple_rotor,1.0,0.9999,1.0,1.0,0.0,0.2,0.8,True,True,True,True,True
20232_e5b060d9,simple_rotor,2,22073_951645ae,simple_rotor,0.9998,1.0,1.0,0.9998,0.0,0.2,0.7998,True,True,True,True,True
20232_e5b060d9,simple_rotor,3,22133_465d7a91,simple_rotor,0.9998,0.9995,1.0,0.9998,0.0,0.2,0.7998,True,True,True,True,True
22852_dc1dbed6,medium_rotor,1,23213_3df3cb34,medium_rotor,1.0,0.9503,1.0,1.0,0.0,0.2,0.8,True,True,True,True,True
22852_dc1dbed6,medium_rotor,2,22383_e5f707a7,medium_rotor,1.0,0.9495,1.0,1.0,0.0,0.2,0.8,True,True,True,True,True
22852_dc1dbed6,medium_rotor,3,20322_daa5c577,medium_rotor,1.0,0.9497,1.0,1.0,0.0,0.2,0.8,True,True,True,True,True
22666_bdaa1303,medium_rotor,1,22440_014f1bac,medium_rotor,1.0,0.9993,1.0,1.0,0.0,0.2,0.8,True,True,True,True,True
22666_bdaa1303,medium_rotor,2,23466_1cf60d09,medium_rotor,1.0,0.9993,1.0,1.0,0.0,0.2,0.8,True,True,True,True,True
22666_bdaa1303,medium_rotor,3,23363_60e39812,medium_rotor,1.0,0.9861,1.0,1.0,0.0,0.2,0.8,True,True,True,True,True
21977_ce9f4e71,high_complexity_rotor,1,21352_c1101acb,high_complexity_rotor,1.0,0.9915,1.0,1.0,0.0,0.2,0.8,True,True,True,True,True
21977_ce9f4e71,high_complexity_rotor,2,21182_a480d230,high_complexity_rotor,1.0,0.9987,1.0,1.0,0.0,0.2,0.8,True,True,True,True,True
21977_ce9f4e71,high_complexity_rotor,3,22894_5f7c276d,high_complexity_rotor,0.9999,0.9981,1.0,0.9999,0.0,0.2,0.7999,True,True,True,True,True
22404_66db7dd7,complex_assembly,1,21244_24c3ce72,complex_assembly,1.0,0.8067,1.0,1.0,0.0,0.2,0.8,True,True,True,True,True
22404_66db7dd7,complex_assembly,2,23226_8d1b5098,complex_assembly,1.0,0.5204,1.0,1.0,0.0,0.2,0.8,True,True,True,True,True
22404_66db7dd7,complex_assembly,3,22056_79373464,complex_assembly,0.9999,0.5166,1.0,0.9999,0.0,0.2,0.7999,True,True,True,True,True
22374_aa5bb54d,simple_rotor,1,22377_d490f505,simple_rotor,1.0,0.9999,1.0,1.0,0.0,0.2,0.8,True,True,True,True,True
22374_aa5bb54d,simple_rotor,2,20994_9c88b1ba,simple_rotor,1.0,1.0,1.0,1.0,0.0,0.2,0.8,True,True,True,True,True
22374_aa5bb54d,simple_rotor,3,20332_0c2a24aa,simple_rotor,1.0,1.0,1.0,1.0,0.0,0.2,0.8,True,True,True,True,True
22907_ff18dbd5,simple_rotor,1,21139_cd619b26,simple_rotor,1.0,1.0,1.0,1.0,0.0,0.2,0.8,True,True,True,True,True
22907_ff18dbd5,simple_rotor,2,23103_66470b7e,simple_rotor,1.0,0.9999,1.0,1.0,0.0,0.2,0.8,True,True,True,True,True
22907_ff18dbd5,simple_rotor,3,23351_6104d55d,simple_rotor,1.0,1.0,1.0,1.0,0.0,0.2,0.8,True,True,True,True,True
20801_0796e2ee,simple_rotor,1,21139_cd619b26,simple_rotor,1.0,1.0,1.0,1.0,0.0,0.2,0.8,True,True,True,True,True
20801_0796e2ee,simple_rotor,2,23103_66470b7e,simple_rotor,1.0,0.9999,1.0,1.0,0.0,0.2,0.8,True,True,True,True,True
20801_0796e2ee,simple_rotor,3,23351_6104d55d,simple_rotor,1.0,1.0,1.0,1.0,0.0,0.2,0.8,True,True,True,True,True
22045_ead71aca,medium_rotor,1,20779_fc5a7c3d,medium_rotor,1.0,0.9989,1.0,1.0,0.0,0.2,0.8,True,True,True,True,True
22045_ead71aca,medium_rotor,2,22323_aa6edb8b,medium_rotor,1.0,0.9998,1.0,1.0,0.0,0.2,0.8,True,True,True,True,True
22045_ead71aca,medium_rotor,3,21816_3891a442,medium_rotor,0.9999,0.9992,1.0,0.9999,0.0,0.2,0.7999,True,True,True,True,True
23339_87a4d11f,simple_rotor,1,21139_cd619b26,simple_rotor,1.0,0.9997,1.0,1.0,0.0,0.2,0.8,True,True,True,True,True
23339_87a4d11f,simple_rotor,2,23103_66470b7e,simple_rotor,1.0,1.0,1.0,1.0,0.0,0.2,0.8,True,True,True,True,True
23339_87a4d11f,simple_rotor,3,23351_6104d55d,simple_rotor,1.0,0.9998,1.0,1.0,0.0,0.2,0.8,True,True,True,True,True
22095_af226cbc,symmetric_rotor,1,22654_4c426b0f,symmetric_rotor,1.0,0.9974,1.0,1.0,0.0,0.2,0.8,True,True,True,True,True
22095_af226cbc,symmetric_rotor,2,23127_38d73061,symmetric_rotor,0.9999,0.9997,1.0,0.9999,0.0,0.2,0.7999,True,True,True,True,True
22095_af226cbc,symmetric_rotor,3,22638_37f9fe91,symmetric_rotor,0.9998,0.9987,1.0,0.9998,0.0,0.2,0.7998,True,True,True,True,True
23442_28996649,simple_rotor,1,21139_cd619b26,simple_rotor,1.0,1.0,1.0,1.0,0.0,0.2,0.8,True,True,True,True,True
23442_28996649,simple_rotor,2,23103_66470b7e,simple_rotor,1.0,0.9998,1.0,1.0,0.0,0.2,0.8,True,True,True,True,True
23442_28996649,simple_rotor,3,23351_6104d55d,simple_rotor,1.0,1.0,1.0,1.0,0.0,0.2,0.8,True,True,True,True,True
23028_2ca87745,medium_rotor,1,22082_39503fa6,medium_rotor,1.0,0.998,1.0,1.0,0.0,0.2,0.8,True,True,True,True,True
23028_2ca87745,medium_rotor,2,22035_101c7ab4,medium_rotor,0.9999,0.9989,1.0,0.9999,0.0,0.2,0.7999,True,True,True,True,True
23028_2ca87745,medium_rotor,3,20163_3742f394,medium_rotor,0.9997,0.9945,1.0,0.9996,0.0,0.2,0.7997,True,True,True,True,True
21573_31a18ad0,simple_rotor,1,21139_cd619b26,simple_rotor,1.0,0.9998,1.0,1.0,0.0,0.2,0.8,True,True,True,True,True
21573_31a18ad0,simple_rotor,2,23103_66470b7e,simple_rotor,1.0,1.0,1.0,1.0,0.0,0.2,0.8,True,True,True,True,True
21573_31a18ad0,simple_rotor,3,23351_6104d55d,simple_rotor,1.0,0.9999,1.0,1.0,0.0,0.2,0.8,True,True,True,True,True
20592_573e41b2,medium_rotor,1,23213_3df3cb34,medium_rotor,1.0,0.4484,1.0,1.0,0.0,0.2,0.8,True,True,True,True,True
20592_573e41b2,medium_rotor,2,21531_79015e13,medium_rotor,1.0,0.4574,1.0,1.0,0.0,0.2,0.8,True,True,True,True,True
20592_573e41b2,medium_rotor,3,22852_dc1dbed6,medium_rotor,1.0,0.7033,1.0,1.0,0.0,0.2,0.8,True,True,True,True,True
22899_5b97e4f5,simple_rotor,1,21139_cd619b26,simple_rotor,1.0,1.0,1.0,1.0,0.0,0.2,0.8,True,True,True,True,True
22899_5b97e4f5,simple_rotor,2,23103_66470b7e,simple_rotor,1.0,0.9999,1.0,1.0,0.0,0.2,0.8,True,True,True,True,True
22899_5b97e4f5,simple_rotor,3,23351_6104d55d,simple_rotor,1.0,1.0,1.0,1.0,0.0,0.2,0.8,True,True,True,True,True
22062_2d6b3b72,medium_rotor,1,20421_83f66ddc,medium_rotor,0.9995,1.0,1.0,0.9994,0.0,0.2,0.7995,True,True,True,True,True
22062_2d6b3b72,medium_rotor,2,20504_c9e14c9d,medium_rotor,0.9992,0.9997,1.0,0.999,0.0,0.2,0.7992,True,True,True,True,True
22062_2d6b3b72,medium_rotor,3,21737_87d83240,medium_rotor,0.9954,1.0,1.0,0.9942,0.0,0.2,0.7954,True,True,True,True,True
22040_6461a147,medium_rotor,1,23041_8d3ea25c,medium_rotor,1.0,0.9965,1.0,1.0,0.0,0.2,0.8,True,True,True,True,True
22040_6461a147,medium_rotor,2,21529_93e51dd9,medium_rotor,1.0,0.9994,1.0,1.0,0.0,0.2,0.8,True,True,True,True,True
22040_6461a147,medium_rotor,3,20141_b9376856,medium_rotor,1.0,1.0,1.0,1.0,0.0,0.2,0.8,True,True,True,True,True
20293_a1999339,high_complexity_rotor,1,21809_8bd6b10e,high_complexity_rotor,1.0,0.9991,1.0,1.0,0.0,0.2,0.8,True,True,True,True,True
20293_a1999339,high_complexity_rotor,2,21519_3e869afd,high_complexity_rotor,1.0,0.7343,1.0,1.0,0.0,0.2,0.8,True,True,True,True,True
20293_a1999339,high_complexity_rotor,3,21024_9be3d461,high_complexity_rotor,0.9999,0.9989,1.0,0.9999,0.0,0.2,0.7999,True,True,True,True,True
22910_97f0cc18,high_complexity_rotor,1,23251_3eb3d2e6,high_complexity_rotor,1.0,0.9997,1.0,1.0,0.0,0.2,0.8,True,True,True,True,True
22910_97f0cc18,high_complexity_rotor,2,22890_4ecfa491,high_complexity_rotor,1.0,0.9985,1.0,1.0,0.0,0.2,0.8,True,True,True,True,True
22910_97f0cc18,high_complexity_rotor,3,22193_c8773ded,high_complexity_rotor,1.0,0.9992,1.0,1.0,0.0,0.2,0.8,True,True,True,True,True
20934_fe7fbd78,simple_rotor,1,21139_cd619b26,simple_rotor,1.0,1.0,1.0,1.0,0.0,0.2,0.8,True,True,True,True,True
20934_fe7fbd78,simple_rotor,2,23103_66470b7e,simple_rotor,1.0,0.9999,1.0,1.0,0.0,0.2,0.8,True,True,True,True,True
20934_fe7fbd78,simple_rotor,3,23351_6104d55d,simple_rotor,1.0,1.0,1.0,1.0,0.0,0.2,0.8,True,True,True,True,True
23379_636204a6,medium_rotor,1,23213_3df3cb34,medium_rotor,1.0,0.9962,1.0,1.0,0.0,0.2,0.8,True,True,True,True,True
23379_636204a6,medium_rotor,2,21531_79015e13,medium_rotor,1.0,0.9987,1.0,1.0,0.0,0.2,0.8,True,True,True,True,True
23379_636204a6,medium_rotor,3,22852_dc1dbed6,medium_rotor,1.0,0.9491,1.0,1.0,0.0,0.2,0.8,True,True,True,True,True
20803_473c87ac,simple_rotor,1,22377_d490f505,simple_rotor,1.0,1.0,1.0,1.0,0.0,0.2,0.8,True,True,True,True,True
20803_473c87ac,simple_rotor,2,20802_802b7d69,simple_rotor,1.0,1.0,1.0,1.0,0.0,0.2,0.8,True,True,True,True,True
20803_473c87ac,simple_rotor,3,20332_0c2a24aa,simple_rotor,1.0,1.0,1.0,1.0,0.0,0.2,0.8,True,True,True,True,True
22323_aa6edb8b,medium_rotor,1,22045_ead71aca,medium_rotor,1.0,0.9998,1.0,1.0,0.0,0.2,0.8,True,True,True,True,True
22323_aa6edb8b,medium_rotor,2,20779_fc5a7c3d,medium_rotor,1.0,0.9997,1.0,1.0,0.0,0.2,0.8,True,True,True,True,True
22323_aa6edb8b,medium_rotor,3,21816_3891a442,medium_rotor,1.0,0.9998,1.0,1.0,0.0,0.2,0.8,True,True,True,True,True
22242_4ceddc2b,complex_assembly,1,20182_71b9e491,medium_rotor,0.95,0.9903,0.75,1.0,0.0,0.15,0.8,False,True,True,False,True
22242_4ceddc2b,complex_assembly,2,20215_e2eb3082,medium_rotor,0.95,0.9873,0.75,1.0,0.0,0.15,0.8,False,True,True,False,True
22242_4ceddc2b,complex_assembly,3,21601_360ce1c7,medium_rotor,0.95,0.9972,0.75,1.0,0.0,0.15,0.8,False,True,True,False,True
23271_f833d903,complex_assembly,1,23123_f35404c4,complex_assembly,1.0,0.9648,1.0,1.0,0.0,0.2,0.8,True,True,True,True,True
23271_f833d903,complex_assembly,2,22491_a33562ad,complex_assembly,1.0,0.9592,1.0,1.0,0.0,0.2,0.8,True,True,True,True,True
23271_f833d903,complex_assembly,3,21918_976c2754,high_complexity_rotor,1.0,0.9571,1.0,0.9999,0.0,0.2,0.8,False,True,True,True,True
23121_cbdf3ebc,medium_rotor,1,23213_3df3cb34,medium_rotor,1.0,0.9999,1.0,1.0,0.0,0.2,0.8,True,True,True,True,True
23121_cbdf3ebc,medium_rotor,2,21531_79015e13,medium_rotor,1.0,0.9996,1.0,1.0,0.0,0.2,0.8,True,True,True,True,True
23121_cbdf3ebc,medium_rotor,3,22852_dc1dbed6,medium_rotor,1.0,0.9506,1.0,1.0,0.0,0.2,0.8,True,True,True,True,True
21519_3e869afd,high_complexity_rotor,1,21024_9be3d461,high_complexity_rotor,1.0,0.7226,1.0,1.0,0.0,0.2,0.8,True,True,True,True,True
21519_3e869afd,high_complexity_rotor,2,20293_a1999339,high_complexity_rotor,1.0,0.7343,1.0,1.0,0.0,0.2,0.8,True,True,True,True,True
21519_3e869afd,high_complexity_rotor,3,21809_8bd6b10e,high_complexity_rotor,0.9999,0.7494,1.0,0.9999,0.0,0.2,0.7999,True,True,True,True,True
23008_3d1bb7b2,medium_rotor,1,23213_3df3cb34,medium_rotor,1.0,0.9999,1.0,1.0,0.0,0.2,0.8,True,True,True,True,True
23008_3d1bb7b2,medium_rotor,2,21531_79015e13,medium_rotor,1.0,0.9985,1.0,1.0,0.0,0.2,0.8,True,True,True,True,True
23008_3d1bb7b2,medium_rotor,3,22852_dc1dbed6,medium_rotor,1.0,0.9499,1.0,1.0,0.0,0.2,0.8,True,True,True,True,True
20500_e88d8065,high_complexity_rotor,1,23251_3eb3d2e6,high_complexity_rotor,1.0,0.9993,1.0,1.0,0.0,0.2,0.8,True,True,True,True,True
20500_e88d8065,high_complexity_rotor,2,21093_1bda9bbe,high_complexity_rotor,1.0,0.9961,1.0,1.0,0.0,0.2,0.8,True,True,True,True,True
20500_e88d8065,high_complexity_rotor,3,22193_c8773ded,high_complexity_rotor,1.0,0.9975,1.0,1.0,0.0,0.2,0.8,True,True,True,True,True
22155_ab18f2b6,symmetric_rotor,1,22892_68138f24,symmetric_rotor,1.0,0.9998,1.0,1.0,0.0,0.2,0.8,True,True,True,True,True
22155_ab18f2b6,symmetric_rotor,2,22983_0ab3faaf,symmetric_rotor,1.0,1.0,1.0,1.0,0.0,0.2,0.8,True,True,True,True,True
22155_ab18f2b6,symmetric_rotor,3,21248_0a862e3e,symmetric_rotor,1.0,0.9998,1.0,1.0,0.0,0.2,0.8,True,True,True,True,True
20430_975b8dcf,high_complexity_rotor,1,22079_31335df2,complex_assembly,1.0,0.9579,1.0,1.0,0.0,0.2,0.8,False,True,True,True,True
20430_975b8dcf,high_complexity_rotor,2,20260_4a01a99d,high_complexity_rotor,1.0,0.9849,1.0,1.0,0.0,0.2,0.8,True,True,True,True,True
20430_975b8dcf,high_complexity_rotor,3,21708_e61bd657,complex_assembly,0.9999,0.9941,1.0,0.9999,0.0,0.2,0.7999,False,True,True,True,True
20647_cea2e07c,simple_rotor,1,20646_4cd14a72,simple_rotor,1.0,1.0,1.0,1.0,0.0,0.2,0.8,True,True,True,True,True
20647_cea2e07c,simple_rotor,2,21326_ab4d6c43,simple_rotor,1.0,1.0,1.0,1.0,0.0,0.2,0.8,True,True,True,True,True
20647_cea2e07c,simple_rotor,3,22180_ce7c3bd8,simple_rotor,0.9999,0.9998,1.0,0.9999,0.0,0.2,0.7999,True,True,True,True,True
22894_5f7c276d,high_complexity_rotor,1,21511_d07c59c2,high_complexity_rotor,1.0,0.9956,1.0,1.0,0.0,0.2,0.8,True,True,True,True,True
22894_5f7c276d,high_complexity_rotor,2,23467_9f431540,high_complexity_rotor,0.9999,0.9977,1.0,0.9999,0.0,0.2,0.7999,True,True,True,True,True
22894_5f7c276d,high_complexity_rotor,3,21805_2ba39d00,high_complexity_rotor,0.9999,0.9911,1.0,0.9999,0.0,0.2,0.7999,True,True,True,True,True
23440_5956321f,simple_rotor,1,21139_cd619b26,simple_rotor,1.0,0.9999,1.0,1.0,0.0,0.2,0.8,True,True,True,True,True
23440_5956321f,simple_rotor,2,23103_66470b7e,simple_rotor,1.0,1.0,1.0,1.0,0.0,0.2,0.8,True,True,True,True,True
23440_5956321f,simple_rotor,3,23351_6104d55d,simple_rotor,1.0,0.9999,1.0,1.0,0.0,0.2,0.8,True,True,True,True,True
22508_6bb410af,simple_rotor,1,22367_b4a67e61,simple_rotor,1.0,1.0,1.0,1.0,0.0,0.2,0.8,True,True,True,True,True
22508_6bb410af,simple_rotor,2,20731_fbdc7731,simple_rotor,1.0,1.0,1.0,1.0,0.0,0.2,0.8,True,True,True,True,True
22508_6bb410af,simple_rotor,3,21862_ec534e16,simple_rotor,1.0,1.0,1.0,1.0,0.0,0.2,0.8,True,True,True,True,True
21549_18160a0a,medium_rotor,1,23213_3df3cb34,medium_rotor,1.0,1.0,1.0,1.0,0.0,0.2,0.8,True,True,True,True,True
21549_18160a0a,medium_rotor,2,21531_79015e13,medium_rotor,1.0,0.9991,1.0,1.0,0.0,0.2,0.8,True,True,True,True,True
21549_18160a0a,medium_rotor,3,22852_dc1dbed6,medium_rotor,1.0,0.9502,1.0,1.0,0.0,0.2,0.8,True,True,True,True,True
21941_1a683ec2,complex_assembly,1,22242_4ceddc2b,complex_assembly,0.9455,1.0,0.75,0.9943,0.0,0.15,0.7955,True,False,True,True,True
21941_1a683ec2,complex_assembly,2,20440_27177360,medium_rotor,0.9343,0.9872,0.75,0.9804,0.0,0.15,0.7843,False,True,True,False,True
21941_1a683ec2,complex_assembly,3,20176_a02bde39,medium_rotor,0.9298,0.988,0.75,0.9747,0.0,0.15,0.7798,False,True,True,False,True
22761_ca309655,symmetric_rotor,1,21958_e48ddf4e,symmetric_rotor,1.0,1.0,1.0,1.0,0.0,0.2,0.8,True,True,True,True,True
22761_ca309655,symmetric_rotor,2,23170_6ea8ded5,symmetric_rotor,1.0,0.9991,1.0,1.0,0.0,0.2,0.8,True,True,True,True,True
22761_ca309655,symmetric_rotor,3,22312_3f366a4a,symmetric_rotor,1.0,0.9994,1.0,1.0,0.0,0.2,0.8,True,True,True,True,True
23221_42f37ae3,symmetric_rotor,1,7780_6c885e81,symmetric_rotor,1.0,0.9986,1.0,1.0,0.0,0.2,0.8,True,True,True,True,True
23221_42f37ae3,symmetric_rotor,2,23127_38d73061,symmetric_rotor,1.0,0.9998,1.0,0.9999,0.0,0.2,0.8,True,True,True,True,True
23221_42f37ae3,symmetric_rotor,3,21490_d07ff9f8,symmetric_rotor,0.9999,0.9967,1.0,0.9999,0.0,0.2,0.7999,True,True,True,True,True
22360_42cd6a21,high_complexity_rotor,1,22417_4a15d62e,high_complexity_rotor,1.0,0.9999,1.0,1.0,0.0,0.2,0.8,True,True,True,True,True
22360_42cd6a21,high_complexity_rotor,2,19596_fb9531a5,high_complexity_rotor,0.9999,0.9998,1.0,0.9999,0.0,0.2,0.7999,True,True,True,True,True
22360_42cd6a21,high_complexity_rotor,3,20799_213bf924,high_complexity_rotor,0.9999,0.5394,1.0,0.9999,0.0,0.2,0.7999,True,True,True,True,True
21140_8d150c65,simple_rotor,1,21139_cd619b26,simple_rotor,1.0,1.0,1.0,1.0,0.0,0.2,0.8,True,True,True,True,True
21140_8d150c65,simple_rotor,2,23103_66470b7e,simple_rotor,1.0,1.0,1.0,1.0,0.0,0.2,0.8,True,True,True,True,True
21140_8d150c65,simple_rotor,3,23351_6104d55d,simple_rotor,1.0,1.0,1.0,1.0,0.0,0.2,0.8,True,True,True,True,True
22232_cb53774e,medium_rotor,1,22266_078a1f68,medium_rotor,1.0,0.9966,1.0,1.0,0.0,0.2,0.8,True,True,True,True,True
22232_cb53774e,medium_rotor,2,20421_49bd1188,medium_rotor,0.9999,0.9995,1.0,0.9998,0.0,0.2,0.7999,True,True,True,True,True
22232_cb53774e,medium_rotor,3,21539_cfe1f7fd,medium_rotor,0.95,0.997,0.75,1.0,0.0,0.15,0.8,True,False,True,True,True
23331_192866b6,medium_rotor,1,22832_731d3b9f,medium_rotor,0.9999,0.9999,1.0,0.9999,0.0,0.2,0.7999,True,True,True,True,True
23331_192866b6,medium_rotor,2,22372_e91792a1,medium_rotor,0.9999,1.0,1.0,0.9999,0.0,0.2,0.7999,True,True,True,True,True
23331_192866b6,medium_rotor,3,22680_1f4026f6,medium_rotor,0.9999,0.9998,1.0,0.9999,0.0,0.2,0.7999,True,True,True,True,True
23378_8d6426ae,high_complexity_rotor,1,22428_c1ffa51a,high_complexity_rotor,1.0,0.9977,1.0,1.0,0.0,0.2,0.8,True,True,True,True,True
23378_8d6426ae,high_complexity_rotor,2,21300_ec7da33e,high_complexity_rotor,0.9999,0.9927,1.0,0.9999,0.0,0.2,0.7999,True,True,True,True,True
23378_8d6426ae,high_complexity_rotor,3,23168_7fdf5427,high_complexity_rotor,0.9998,0.979,1.0,0.9997,0.0,0.2,0.7998,True,True,True,True,True
23505_161e8ec5,medium_rotor,1,23213_3df3cb34,medium_rotor,1.0,0.9993,1.0,1.0,0.0,0.2,0.8,True,True,True,True,True
23505_161e8ec5,medium_rotor,2,21531_79015e13,medium_rotor,1.0,0.997,1.0,1.0,0.0,0.2,0.8,True,True,True,True,True
23505_161e8ec5,medium_rotor,3,22852_dc1dbed6,medium_rotor,1.0,0.9494,1.0,1.0,0.0,0.2,0.8,True,True,True,True,True
23239_ba13cf5e,simple_rotor,1,21139_cd619b26,simple_rotor,1.0,1.0,1.0,1.0,0.0,0.2,0.8,True,True,True,True,True
23239_ba13cf5e,simple_rotor,2,23103_66470b7e,simple_rotor,1.0,0.9999,1.0,1.0,0.0,0.2,0.8,True,True,True,True,True
23239_ba13cf5e,simple_rotor,3,23351_6104d55d,simple_rotor,1.0,1.0,1.0,1.0,0.0,0.2,0.8,True,True,True,True,True
23251_3eb3d2e6,high_complexity_rotor,1,23130_7417d5b3,high_complexity_rotor,1.0,0.9942,1.0,1.0,0.0,0.2,0.8,True,True,True,True,True
23251_3eb3d2e6,high_complexity_rotor,2,22910_97f0cc18,high_complexity_rotor,1.0,0.9997,1.0,1.0,0.0,0.2,0.8,True,True,True,True,True
23251_3eb3d2e6,high_complexity_rotor,3,22890_4ecfa491,high_complexity_rotor,1.0,0.9988,1.0,1.0,0.0,0.2,0.8,True,True,True,True,True
21133_f9a1614e,symmetric_rotor,1,21831_54ca67d1,symmetric_rotor,1.0,1.0,1.0,1.0,0.0,0.2,0.8,True,True,True,True,True
21133_f9a1614e,symmetric_rotor,2,21840_6847d36c,symmetric_rotor,1.0,1.0,1.0,1.0,0.0,0.2,0.8,True,True,True,True,True
21133_f9a1614e,symmetric_rotor,3,20419_8ce893b6,symmetric_rotor,1.0,0.9991,1.0,1.0,0.0,0.2,0.8,True,True,True,True,True
22081_ab3124af,high_complexity_rotor,1,22827_f33929ec,high_complexity_rotor,1.0,0.9976,1.0,1.0,0.0,0.2,0.8,True,True,True,True,True
22081_ab3124af,high_complexity_rotor,2,20870_dedaef5b,high_complexity_rotor,0.9999,0.7959,1.0,0.9999,0.0,0.2,0.7999,True,True,True,True,True
22081_ab3124af,high_complexity_rotor,3,21991_ab98f156,high_complexity_rotor,0.9996,0.9826,1.0,0.9996,0.0,0.2,0.7996,True,True,True,True,True
21275_c8049742,medium_rotor,1,22729_232da678,medium_rotor,1.0,1.0,1.0,1.0,0.0,0.2,0.8,True,True,True,True,True
21275_c8049742,medium_rotor,2,20554_abcb705e,medium_rotor,1.0,0.9999,1.0,1.0,0.0,0.2,0.8,True,True,True,True,True
21275_c8049742,medium_rotor,3,22011_0832eefe,medium_rotor,1.0,0.9959,1.0,1.0,0.0,0.2,0.8,True,True,True,True,True
21961_1a090a8b,symmetric_rotor,1,22892_68138f24,symmetric_rotor,1.0,1.0,1.0,1.0,0.0,0.2,0.8,True,True,True,True,True
21961_1a090a8b,symmetric_rotor,2,22983_0ab3faaf,symmetric_rotor,1.0,0.9999,1.0,1.0,0.0,0.2,0.8,True,True,True,True,True
21961_1a090a8b,symmetric_rotor,3,21248_0a862e3e,symmetric_rotor,1.0,0.9994,1.0,1.0,0.0,0.2,0.8,True,True,True,True,True
22056_79373464,complex_assembly,1,21244_24c3ce72,complex_assembly,0.9999,0.9213,1.0,0.9999,0.0,0.2,0.7999,True,True,True,True,True
22056_79373464,complex_assembly,2,22404_66db7dd7,complex_assembly,0.9999,0.5166,1.0,0.9999,0.0,0.2,0.7999,True,True,True,True,True
22056_79373464,complex_assembly,3,22430_c6f08b03,complex_assembly,0.9998,0.9518,1.0,0.9998,0.0,0.2,0.7998,True,True,True,True,True
22843_cb38a007,simple_rotor,1,21139_cd619b26,simple_rotor,1.0,1.0,1.0,1.0,0.0,0.2,0.8,True,True,True,True,True
22843_cb38a007,simple_rotor,2,23103_66470b7e,simple_rotor,1.0,0.9999,1.0,1.0,0.0,0.2,0.8,True,True,True,True,True
22843_cb38a007,simple_rotor,3,23351_6104d55d,simple_rotor,1.0,1.0,1.0,1.0,0.0,0.2,0.8,True,True,True,True,True
21121_1e9e7540,high_complexity_rotor,1,23329_6939d5d9,high_complexity_rotor,1.0,0.9998,1.0,1.0,0.0,0.2,0.8,True,True,True,True,True
21121_1e9e7540,high_complexity_rotor,2,20697_d3e106b4,high_complexity_rotor,1.0,0.9997,1.0,1.0,0.0,0.2,0.8,True,True,True,True,True
21121_1e9e7540,high_complexity_rotor,3,22168_a84560a9,high_complexity_rotor,1.0,0.9999,1.0,1.0,0.0,0.2,0.8,True,True,True,True,True
21182_a480d230,high_complexity_rotor,1,20799_213bf924,high_complexity_rotor,1.0,0.6132,1.0,1.0,0.0,0.2,0.8,True,True,True,True,True
21182_a480d230,high_complexity_rotor,2,22070_fd1b8e5e,high_complexity_rotor,1.0,0.9961,1.0,1.0,0.0,0.2,0.8,True,True,True,True,True
21182_a480d230,high_complexity_rotor,3,21352_c1101acb,high_complexity_rotor,1.0,0.9965,1.0,1.0,0.0,0.2,0.8,True,True,True,True,True
22418_2722dfe8,medium_rotor,1,23213_3df3cb34,medium_rotor,1.0,0.9998,1.0,1.0,0.0,0.2,0.8,True,True,True,True,True
22418_2722dfe8,medium_rotor,2,21531_79015e13,medium_rotor,1.0,0.9997,1.0,1.0,0.0,0.2,0.8,True,True,True,True,True
22418_2722dfe8,medium_rotor,3,22852_dc1dbed6,medium_rotor,1.0,0.9506,1.0,1.0,0.0,0.2,0.8,True,True,True,True,True
21357_9edfc0a0,simple_rotor,1,22014_5880c417,simple_rotor,1.0,1.0,1.0,1.0,0.0,0.2,0.8,True,True,True,True,True
21357_9edfc0a0,simple_rotor,2,20841_1620ae7d,simple_rotor,1.0,0.9999,1.0,1.0,0.0,0.2,0.8,True,True,True,True,True
21357_9edfc0a0,simple_rotor,3,22862_f5406bb0,simple_rotor,1.0,1.0,1.0,1.0,0.0,0.2,0.8,True,True,True,True,True
21185_ac5324ba,medium_rotor,1,23323_075a079e,medium_rotor,1.0,1.0,1.0,1.0,0.0,0.2,0.8,True,True,True,True,True
21185_ac5324ba,medium_rotor,2,22218_2f85f6ae,medium_rotor,1.0,0.9999,1.0,1.0,0.0,0.2,0.8,True,True,True,True,True
21185_ac5324ba,medium_rotor,3,21695_1f33863f,medium_rotor,1.0,0.9999,1.0,1.0,0.0,0.2,0.8,True,True,True,True,True
23156_7788f78a,high_complexity_rotor,1,23161_e7f63a9f,high_complexity_rotor,1.0,0.9998,1.0,1.0,0.0,0.2,0.8,True,True,True,True,True
23156_7788f78a,high_complexity_rotor,2,21550_0b16151d,medium_rotor,0.95,0.993,0.75,1.0,0.0,0.15,0.8,False,True,True,False,True
23156_7788f78a,high_complexity_rotor,3,21496_f4025ad5,medium_rotor,0.95,0.9803,0.75,1.0,0.0,0.15,0.8,False,True,True,False,True
23162_7e2f3d77,complex_assembly,1,21351_675c66b1,complex_assembly,0.9999,0.9994,1.0,0.9999,0.0,0.2,0.7999,True,True,True,True,True
23162_7e2f3d77,complex_assembly,2,21656_964b0c84,high_complexity_rotor,0.9993,0.9514,1.0,0.9991,0.0,0.2,0.7993,False,True,True,True,True
23162_7e2f3d77,complex_assembly,3,21700_28d193ac,high_complexity_rotor,0.999,0.9994,1.0,0.9987,0.0,0.2,0.799,False,True,True,True,True
21838_5bc448b4,high_complexity_rotor,1,21839_a8eb6d34,high_complexity_rotor,1.0,0.9893,1.0,1.0,0.0,0.2,0.8,True,True,True,True,True
21838_5bc448b4,high_complexity_rotor,2,20643_71ad3d26,high_complexity_rotor,1.0,0.9996,1.0,1.0,0.0,0.2,0.8,True,True,True,True,True
21838_5bc448b4,high_complexity_rotor,3,21843_effbd24d,high_complexity_rotor,1.0,1.0,1.0,1.0,0.0,0.2,0.8,True,True,True,True,True
20688_955aae0c,medium_rotor,1,20989_d1b8b0f8,medium_rotor,1.0,0.9997,1.0,1.0,0.0,0.2,0.8,True,True,True,True,True
20688_955aae0c,medium_rotor,2,20899_a8d7c6d5,medium_rotor,1.0,0.9957,1.0,1.0,0.0,0.2,0.8,True,True,True,True,True
20688_955aae0c,medium_rotor,3,22980_3cb3bcc8,medium_rotor,1.0,0.9968,1.0,1.0,0.0,0.2,0.8,True,True,True,True,True
20419_8ce893b6,symmetric_rotor,1,21840_6847d36c,symmetric_rotor,1.0,0.999,1.0,1.0,0.0,0.2,0.8,True,True,True,True,True
20419_8ce893b6,symmetric_rotor,2,21828_21ab2114,symmetric_rotor,1.0,0.9971,1.0,1.0,0.0,0.2,0.8,True,True,True,True,True
20419_8ce893b6,symmetric_rotor,3,21133_f9a1614e,symmetric_rotor,1.0,0.9991,1.0,1.0,0.0,0.2,0.8,True,True,True,True,True
23495_6366269c,high_complexity_rotor,1,20746_57a7b346,high_complexity_rotor,1.0,0.8477,1.0,0.9999,0.0,0.2,0.8,True,True,True,True,True
23495_6366269c,high_complexity_rotor,2,21926_b4c7068b,high_complexity_rotor,0.9993,0.7403,1.0,0.9992,0.0,0.2,0.7993,True,True,True,True,True
23495_6366269c,high_complexity_rotor,3,23130_7417d5b3,high_complexity_rotor,0.9993,0.9947,1.0,0.9992,0.0,0.2,0.7993,True,True,True,True,True
22334_677d00e0,medium_rotor,1,23026_e6f08109,medium_rotor,1.0,0.9993,1.0,1.0,0.0,0.2,0.8,True,True,True,True,True
22334_677d00e0,medium_rotor,2,21282_b2d83538,medium_rotor,0.9999,0.996,1.0,0.9999,0.0,0.2,0.7999,True,True,True,True,True
22334_677d00e0,medium_rotor,3,21592_c5e77a82,medium_rotor,0.9998,0.8762,1.0,0.9997,0.0,0.2,0.7998,True,True,True,True,True
20643_71ad3d26,high_complexity_rotor,1,21839_a8eb6d34,high_complexity_rotor,1.0,0.9926,1.0,1.0,0.0,0.2,0.8,True,True,True,True,True
20643_71ad3d26,high_complexity_rotor,2,21838_5bc448b4,high_complexity_rotor,1.0,0.9996,1.0,1.0,0.0,0.2,0.8,True,True,True,True,True
20643_71ad3d26,high_complexity_rotor,3,22576_d05619d1,high_complexity_rotor,1.0,0.9971,1.0,1.0,0.0,0.2,0.8,True,True,True,True,True
22839_113f2990,simple_rotor,1,21139_cd619b26,simple_rotor,1.0,1.0,1.0,1.0,0.0,0.2,0.8,True,True,True,True,True
22839_113f2990,simple_rotor,2,23103_66470b7e,simple_rotor,1.0,0.9998,1.0,1.0,0.0,0.2,0.8,True,True,True,True,True
22839_113f2990,simple_rotor,3,23351_6104d55d,simple_rotor,1.0,1.0,1.0,1.0,0.0,0.2,0.8,True,True,True,True,True
20804_0dcacc66,simple_rotor,1,21139_cd619b26,simple_rotor,1.0,1.0,1.0,1.0,0.0,0.2,0.8,True,True,True,True,True
20804_0dcacc66,simple_rotor,2,23103_66470b7e,simple_rotor,1.0,0.9998,1.0,1.0,0.0,0.2,0.8,True,True,True,True,True
20804_0dcacc66,simple_rotor,3,23351_6104d55d,simple_rotor,1.0,1.0,1.0,1.0,0.0,0.2,0.8,True,True,True,True,True
21353_4686c90c,simple_rotor,1,21139_cd619b26,simple_rotor,1.0,0.9996,1.0,1.0,0.0,0.2,0.8,True,True,True,True,True
21353_4686c90c,simple_rotor,2,23103_66470b7e,simple_rotor,1.0,0.9999,1.0,1.0,0.0,0.2,0.8,True,True,True,True,True
21353_4686c90c,simple_rotor,3,23351_6104d55d,simple_rotor,1.0,0.9997,1.0,1.0,0.0,0.2,0.8,True,True,True,True,True
23236_d5867507,simple_rotor,1,23210_f535bfd2,simple_rotor,1.0,1.0,1.0,1.0,0.0,0.2,0.8,True,True,True,True,True
23236_d5867507,simple_rotor,2,23218_02d26ab4,simple_rotor,1.0,1.0,1.0,1.0,0.0,0.2,0.8,True,True,True,True,True
23236_d5867507,simple_rotor,3,23209_1592b0a4,simple_rotor,0.9998,1.0,1.0,0.9998,0.0,0.2,0.7998,True,True,True,True,True
22070_fd1b8e5e,high_complexity_rotor,1,20799_213bf924,high_complexity_rotor,1.0,0.5413,1.0,1.0,0.0,0.2,0.8,True,True,True,True,True
22070_fd1b8e5e,high_complexity_rotor,2,22417_4a15d62e,high_complexity_rotor,1.0,0.9999,1.0,1.0,0.0,0.2,0.8,True,True,True,True,True
22070_fd1b8e5e,high_complexity_rotor,3,22168_a84560a9,high_complexity_rotor,1.0,0.9999,1.0,1.0,0.0,0.2,0.8,True,True,True,True,True
20899_a8d7c6d5,medium_rotor,1,20989_d1b8b0f8,medium_rotor,1.0,0.9932,1.0,1.0,0.0,0.2,0.8,True,True,True,True,True
20899_a8d7c6d5,medium_rotor,2,20688_955aae0c,medium_rotor,1.0,0.9957,1.0,1.0,0.0,0.2,0.8,True,True,True,True,True
20899_a8d7c6d5,medium_rotor,3,22980_3cb3bcc8,medium_rotor,1.0,0.9999,1.0,1.0,0.0,0.2,0.8,True,True,True,True,True
22415_658c81dd,complex_assembly,1,22717_08784417,complex_assembly,0.9953,0.9847,1.0,0.9941,0.0,0.2,0.7953,True,True,True,True,True
22415_658c81dd,complex_assembly,2,21647_6b6cca6f,complex_assembly,0.9941,0.989,1.0,0.9926,0.0,0.2,0.7941,True,True,True,True,True
22415_658c81dd,complex_assembly,3,22306_c3dca308,complex_assembly,0.9863,0.676,1.0,0.9829,0.0,0.2,0.7863,True,True,True,True,True
20551_ff28a959,simple_rotor,1,20806_ca60b7ae,simple_rotor,1.0,1.0,1.0,1.0,0.0,0.2,0.8,True,True,True,True,True
20551_ff28a959,simple_rotor,2,20429_9dd95c38,simple_rotor,1.0,1.0,1.0,1.0,0.0,0.2,0.8,True,True,True,True,True
20551_ff28a959,simple_rotor,3,22154_24342da4,simple_rotor,1.0,1.0,1.0,1.0,0.0,0.2,0.8,True,True,True,True,True
23434_6635ed57,medium_rotor,1,23213_3df3cb34,medium_rotor,1.0,0.9996,1.0,1.0,0.0,0.2,0.8,True,True,True,True,True
23434_6635ed57,medium_rotor,2,21531_79015e13,medium_rotor,1.0,0.9976,1.0,1.0,0.0,0.2,0.8,True,True,True,True,True
23434_6635ed57,medium_rotor,3,22852_dc1dbed6,medium_rotor,1.0,0.9492,1.0,1.0,0.0,0.2,0.8,True,True,True,True,True
23320_e0711ae9,symmetric_rotor,1,21490_d07ff9f8,symmetric_rotor,1.0,0.9983,1.0,1.0,0.0,0.2,0.8,True,True,True,True,True
23320_e0711ae9,symmetric_rotor,2,20609_69f28932,symmetric_rotor,1.0,0.9999,1.0,1.0,0.0,0.2,0.8,True,True,True,True,True
23320_e0711ae9,symmetric_rotor,3,22259_613f9d44,symmetric_rotor,1.0,0.9999,1.0,1.0,0.0,0.2,0.8,True,True,True,True,True
20892_b1f89c8d,medium_rotor,1,20755_4b5e61bf,medium_rotor,1.0,0.999,1.0,1.0,0.0,0.2,0.8,True,True,True,True,True
20892_b1f89c8d,medium_rotor,2,20989_d1b8b0f8,medium_rotor,1.0,1.0,1.0,0.9999,0.0,0.2,0.8,True,True,True,True,True
20892_b1f89c8d,medium_rotor,3,20688_955aae0c,medium_rotor,1.0,0.9998,1.0,0.9999,0.0,0.2,0.8,True,True,True,True,True
21761_fdb5f86d,simple_rotor,1,21139_cd619b26,simple_rotor,1.0,0.9999,1.0,1.0,0.0,0.2,0.8,True,True,True,True,True
21761_fdb5f86d,simple_rotor,2,23103_66470b7e,simple_rotor,1.0,1.0,1.0,1.0,0.0,0.2,0.8,True,True,True,True,True
21761_fdb5f86d,simple_rotor,3,23351_6104d55d,simple_rotor,1.0,1.0,1.0,1.0,0.0,0.2,0.8,True,True,True,True,True
22778_7d85debd,medium_rotor,1,21539_cfe1f7fd,medium_rotor,1.0,0.9986,1.0,1.0,0.0,0.2,0.8,True,True,True,True,True
22778_7d85debd,medium_rotor,2,22228_1c82530b,medium_rotor,1.0,0.9995,1.0,1.0,0.0,0.2,0.8,True,True,True,True,True
22778_7d85debd,medium_rotor,3,19810_f77c5501,medium_rotor,1.0,0.9972,1.0,1.0,0.0,0.2,0.8,True,True,True,True,True
20958_94222947,simple_rotor,1,22732_cd2af0ac,simple_rotor,1.0,0.9999,1.0,1.0,0.0,0.2,0.8,True,True,True,True,True
20958_94222947,simple_rotor,2,21634_e5e20375,simple_rotor,1.0,1.0,1.0,1.0,0.0,0.2,0.8,True,True,True,True,True
20958_94222947,simple_rotor,3,20385_f2d30908,simple_rotor,1.0,1.0,1.0,1.0,0.0,0.2,0.8,True,True,True,True,True
23006_92c5b990,simple_rotor,1,21139_cd619b26,simple_rotor,1.0,1.0,1.0,1.0,0.0,0.2,0.8,True,True,True,True,True
23006_92c5b990,simple_rotor,2,23103_66470b7e,simple_rotor,1.0,0.9998,1.0,1.0,0.0,0.2,0.8,True,True,True,True,True
23006_92c5b990,simple_rotor,3,23351_6104d55d,simple_rotor,1.0,1.0,1.0,1.0,0.0,0.2,0.8,True,True,True,True,True
20705_ac2a0325,simple_rotor,1,21139_cd619b26,simple_rotor,1.0,1.0,1.0,1.0,0.0,0.2,0.8,True,True,True,True,True
20705_ac2a0325,simple_rotor,2,23103_66470b7e,simple_rotor,1.0,0.9998,1.0,1.0,0.0,0.2,0.8,True,True,True,True,True
20705_ac2a0325,simple_rotor,3,23351_6104d55d,simple_rotor,1.0,1.0,1.0,1.0,0.0,0.2,0.8,True,True,True,True,True
22919_3ee91d1a,medium_rotor,1,22474_b10fea1a,medium_rotor,1.0,0.9999,1.0,1.0,0.0,0.2,0.8,True,True,True,True,True
22919_3ee91d1a,medium_rotor,2,20215_e2eb3082,medium_rotor,1.0,0.9997,1.0,1.0,0.0,0.2,0.8,True,True,True,True,True
22919_3ee91d1a,medium_rotor,3,21601_360ce1c7,medium_rotor,1.0,0.9979,1.0,1.0,0.0,0.2,0.8,True,True,True,True,True
23342_7193a931,simple_rotor,1,20232_e5b060d9,simple_rotor,1.0,0.9999,1.0,1.0,0.0,0.2,0.8,True,True,True,True,True
23342_7193a931,simple_rotor,2,20495_e8e7e80c,simple_rotor,0.9998,1.0,1.0,0.9997,0.0,0.2,0.7998,True,True,True,True,True
23342_7193a931,simple_rotor,3,22073_951645ae,simple_rotor,0.9996,1.0,1.0,0.9995,0.0,0.2,0.7996,True,True,True,True,True
21563_c72d37a2,medium_rotor,1,23213_3df3cb34,medium_rotor,1.0,0.9997,1.0,1.0,0.0,0.2,0.8,True,True,True,True,True
21563_c72d37a2,medium_rotor,2,21531_79015e13,medium_rotor,1.0,0.9979,1.0,1.0,0.0,0.2,0.8,True,True,True,True,True
21563_c72d37a2,medium_rotor,3,22852_dc1dbed6,medium_rotor,1.0,0.9494,1.0,1.0,0.0,0.2,0.8,True,True,True,True,True
23214_0c411aa1,medium_rotor,1,23213_3df3cb34,medium_rotor,1.0,0.9998,1.0,1.0,0.0,0.2,0.8,True,True,True,True,True
23214_0c411aa1,medium_rotor,2,21531_79015e13,medium_rotor,1.0,0.998,1.0,1.0,0.0,0.2,0.8,True,True,True,True,True
23214_0c411aa1,medium_rotor,3,22852_dc1dbed6,medium_rotor,1.0,0.9495,1.0,1.0,0.0,0.2,0.8,True,True,True,True,True
21619_19435db0,simple_rotor,1,21139_cd619b26,simple_rotor,1.0,0.9999,1.0,1.0,0.0,0.2,0.8,True,True,True,True,True
21619_19435db0,simple_rotor,2,23103_66470b7e,simple_rotor,1.0,1.0,1.0,1.0,0.0,0.2,0.8,True,True,True,True,True
21619_19435db0,simple_rotor,3,23351_6104d55d,simple_rotor,1.0,0.9999,1.0,1.0,0.0,0.2,0.8,True,True,True,True,True
22900_09de4c7a,high_complexity_rotor,1,23130_7417d5b3,high_complexity_rotor,1.0,0.9997,1.0,1.0,0.0,0.2,0.8,True,True,True,True,True
22900_09de4c7a,high_complexity_rotor,2,22528_f3370a64,high_complexity_rotor,1.0,0.9991,1.0,1.0,0.0,0.2,0.8,True,True,True,True,True
22900_09de4c7a,high_complexity_rotor,3,22890_4ecfa491,high_complexity_rotor,1.0,0.9979,1.0,1.0,0.0,0.2,0.8,True,True,True,True,True
21570_9cb1d1c4,simple_rotor,1,20947_115d4058,simple_rotor,1.0,1.0,1.0,1.0,0.0,0.2,0.8,True,True,True,True,True
21570_9cb1d1c4,simple_rotor,2,23250_aa321310,simple_rotor,1.0,1.0,1.0,1.0,0.0,0.2,0.8,True,True,True,True,True
21570_9cb1d1c4,simple_rotor,3,20838_86c931be,simple_rotor,1.0,1.0,1.0,1.0,0.0,0.2,0.8,True,True,True,True,True
21051_5d118b91,simple_rotor,1,21139_cd619b26,simple_rotor,1.0,0.9998,1.0,1.0,0.0,0.2,0.8,True,True,True,True,True
21051_5d118b91,simple_rotor,2,23103_66470b7e,simple_rotor,1.0,1.0,1.0,1.0,0.0,0.2,0.8,True,True,True,True,True
21051_5d118b91,simple_rotor,3,23351_6104d55d,simple_rotor,1.0,0.9998,1.0,1.0,0.0,0.2,0.8,True,True,True,True,True
21614_5d6afa62,simple_rotor,1,21139_cd619b26,simple_rotor,1.0,0.9999,1.0,1.0,0.0,0.2,0.8,True,True,True,True,True
21614_5d6afa62,simple_rotor,2,23103_66470b7e,simple_rotor,1.0,1.0,1.0,1.0,0.0,0.2,0.8,True,True,True,True,True
21614_5d6afa62,simple_rotor,3,23351_6104d55d,simple_rotor,1.0,0.9999,1.0,1.0,0.0,0.2,0.8,True,True,True,True,True
21974_1997ebc3,medium_rotor,1,23213_3df3cb34,medium_rotor,1.0,0.9999,1.0,1.0,0.0,0.2,0.8,True,True,True,True,True
21974_1997ebc3,medium_rotor,2,22383_e5f707a7,medium_rotor,1.0,0.9994,1.0,1.0,0.0,0.2,0.8,True,True,True,True,True
21974_1997ebc3,medium_rotor,3,22852_dc1dbed6,medium_rotor,1.0,0.9505,1.0,1.0,0.0,0.2,0.8,True,True,True,True,True
22652_dc7405ef,high_complexity_rotor,1,22065_0d414124,complex_assembly,0.9997,0.9949,1.0,0.9996,0.0,0.2,0.7997,False,True,True,True,True
22652_dc7405ef,high_complexity_rotor,2,20279_aed6b3b3,high_complexity_rotor,0.9997,0.9623,1.0,0.9996,0.0,0.2,0.7997,True,True,True,True,True
22652_dc7405ef,high_complexity_rotor,3,21697_06656699,high_complexity_rotor,0.9997,0.9994,1.0,0.9996,0.0,0.2,0.7997,True,True,True,True,True
20341_6a1588fb,simple_rotor,1,21533_8837772a,simple_rotor,0.9999,1.0,1.0,0.9999,0.0,0.2,0.7999,True,True,True,True,True
20341_6a1588fb,simple_rotor,2,20671_33532794,simple_rotor,0.9592,1.0,1.0,0.949,0.0,0.2,0.7592,True,True,True,True,True
20341_6a1588fb,simple_rotor,3,22377_d490f505,simple_rotor,0.95,0.9999,0.75,1.0,0.0,0.15,0.8,True,False,True,True,True
21426_51651a10,simple_rotor,1,22671_fdd1b1e6,simple_rotor,1.0,0.9852,1.0,1.0,0.0,0.2,0.8,True,True,True,True,True
21426_51651a10,simple_rotor,2,23103_66470b7e,simple_rotor,1.0,0.9851,1.0,1.0,0.0,0.2,0.8,True,True,True,True,True
21426_51651a10,simple_rotor,3,23351_6104d55d,simple_rotor,1.0,0.9852,1.0,1.0,0.0,0.2,0.8,True,True,True,True,True
22298_51433023,complex_assembly,1,21986_67c5509a,complex_assembly,1.0,0.9938,1.0,1.0,0.0,0.2,0.8,True,True,True,True,True
22298_51433023,complex_assembly,2,23235_f9ccb8b0,complex_assembly,1.0,0.9929,1.0,1.0,0.0,0.2,0.8,True,True,True,True,True
22298_51433023,complex_assembly,3,21582_a3d32115,complex_assembly,1.0,0.9498,1.0,0.9999,0.0,0.2,0.8,True,True,True,True,True
22491_a33562ad,complex_assembly,1,23271_f833d903,complex_assembly,1.0,0.9592,1.0,1.0,0.0,0.2,0.8,True,True,True,True,True
22491_a33562ad,complex_assembly,2,22357_e2f7b060,complex_assembly,1.0,0.985,1.0,1.0,0.0,0.2,0.8,True,True,True,True,True
22491_a33562ad,complex_assembly,3,23123_f35404c4,complex_assembly,1.0,0.9996,1.0,1.0,0.0,0.2,0.8,True,True,True,True,True
20421_0fd51709,high_complexity_rotor,1,20477_633cca4f,high_complexity_rotor,1.0,0.999,1.0,1.0,0.0,0.2,0.8,True,True,True,True,True
20421_0fd51709,high_complexity_rotor,2,22027_11a2e852,high_complexity_rotor,0.9999,0.9962,1.0,0.9999,0.0,0.2,0.7999,True,True,True,True,True
20421_0fd51709,high_complexity_rotor,3,21685_93737a7a,high_complexity_rotor,0.9985,0.9609,1.0,0.9981,0.0,0.2,0.7985,True,True,True,True,True
23136_2b469508,simple_rotor,1,21391_78fc6345,simple_rotor,0.999,0.9998,1.0,0.9987,0.0,0.2,0.799,True,True,True,True,True
23136_2b469508,simple_rotor,2,22014_5880c417,simple_rotor,0.9985,0.9996,1.0,0.9981,0.0,0.2,0.7985,True,True,True,True,True
23136_2b469508,simple_rotor,3,22862_f5406bb0,simple_rotor,0.9985,0.9994,1.0,0.9981,0.0,0.2,0.7985,True,True,True,True,True
23168_7fdf5427,high_complexity_rotor,1,23217_7c6062e3,high_complexity_rotor,1.0,0.9993,1.0,1.0,0.0,0.2,0.8,True,True,True,True,True
23168_7fdf5427,high_complexity_rotor,2,20745_3e22ad07,high_complexity_rotor,1.0,0.8581,1.0,1.0,0.0,0.2,0.8,True,True,True,True,True
23168_7fdf5427,high_complexity_rotor,3,21300_ec7da33e,high_complexity_rotor,1.0,0.9964,1.0,1.0,0.0,0.2,0.8,True,True,True,True,True
20841_1620ae7d,simple_rotor,1,22014_5880c417,simple_rotor,1.0,0.9999,1.0,1.0,0.0,0.2,0.8,True,True,True,True,True
20841_1620ae7d,simple_rotor,2,22862_f5406bb0,simple_rotor,1.0,0.9999,1.0,1.0,0.0,0.2,0.8,True,True,True,True,True
20841_1620ae7d,simple_rotor,3,21357_9edfc0a0,simple_rotor,1.0,0.9999,1.0,1.0,0.0,0.2,0.8,True,True,True,True,True
20216_89b90993,simple_rotor,1,20822_5bb36119,simple_rotor,1.0,1.0,1.0,1.0,0.0,0.2,0.8,True,True,True,True,True
20216_89b90993,simple_rotor,2,20451_557fe5cd,simple_rotor,1.0,1.0,1.0,1.0,0.0,0.2,0.8,True,True,True,True,True
20216_89b90993,simple_rotor,3,22147_12995368,simple_rotor,1.0,1.0,1.0,1.0,0.0,0.2,0.8,True,True,True,True,True
20157_db99ab88,medium_rotor,1,21048_75cc125c,medium_rotor,0.9983,0.9998,1.0,0.9978,0.0,0.2,0.7983,True,True,True,True,True
20157_db99ab88,medium_rotor,2,22078_1758e9fc,medium_rotor,0.9978,0.9999,1.0,0.9973,0.0,0.2,0.7978,True,True,True,True,True
20157_db99ab88,medium_rotor,3,22062_2d6b3b72,medium_rotor,0.952,0.9997,1.0,0.94,0.0,0.2,0.752,True,True,True,True,True
21329_1bfecd1d,high_complexity_rotor,1,22331_152ee5c0,high_complexity_rotor,1.0,0.9997,1.0,1.0,0.0,0.2,0.8,True,True,True,True,True
21329_1bfecd1d,high_complexity_rotor,2,21839_a8eb6d34,high_complexity_rotor,0.95,0.9979,0.75,1.0,0.0,0.15,0.8,True,False,True,True,True
21329_1bfecd1d,high_complexity_rotor,3,21838_5bc448b4,high_complexity_rotor,0.95,0.9787,0.75,1.0,0.0,0.15,0.8,True,False,True,True,True
23403_e539620b,simple_rotor,1,22671_fdd1b1e6,simple_rotor,1.0,0.9999,1.0,1.0,0.0,0.2,0.8,True,True,True,True,True
23403_e539620b,simple_rotor,2,21865_c190b734,simple_rotor,1.0,0.9999,1.0,1.0,0.0,0.2,0.8,True,True,True,True,True
23403_e539620b,simple_rotor,3,23351_6104d55d,simple_rotor,1.0,1.0,1.0,1.0,0.0,0.2,0.8,True,True,True,True,True
22074_c0265b0d,medium_rotor,1,23152_6f2706c9,medium_rotor,1.0,0.9996,1.0,1.0,0.0,0.2,0.8,True,True,True,True,True
22074_c0265b0d,medium_rotor,2,23238_3c864758,medium_rotor,1.0,1.0,1.0,1.0,0.0,0.2,0.8,True,True,True,True,True
22074_c0265b0d,medium_rotor,3,23354_8182b4eb,medium_rotor,1.0,0.9999,1.0,1.0,0.0,0.2,0.8,True,True,True,True,True
21281_6e562106,medium_rotor,1,23213_3df3cb34,medium_rotor,1.0,0.9999,1.0,1.0,0.0,0.2,0.8,True,True,True,True,True
21281_6e562106,medium_rotor,2,22383_e5f707a7,medium_rotor,1.0,0.9996,1.0,1.0,0.0,0.2,0.8,True,True,True,True,True
21281_6e562106,medium_rotor,3,22852_dc1dbed6,medium_rotor,1.0,0.955,1.0,1.0,0.0,0.2,0.8,True,True,True,True,True
21793_4ad5e2c0,simple_rotor,1,22671_fdd1b1e6,simple_rotor,1.0,1.0,1.0,1.0,0.0,0.2,0.8,True,True,True,True,True
21793_4ad5e2c0,simple_rotor,2,21865_c190b734,simple_rotor,1.0,1.0,1.0,1.0,0.0,0.2,0.8,True,True,True,True,True
21793_4ad5e2c0,simple_rotor,3,23351_6104d55d,simple_rotor,1.0,0.9999,1.0,1.0,0.0,0.2,0.8,True,True,True,True,True
20319_9f53cd7c,medium_rotor,1,23176_1bf2a2d5,medium_rotor,1.0,0.9988,1.0,1.0,0.0,0.2,0.8,True,True,True,True,True
20319_9f53cd7c,medium_rotor,2,22072_5163223a,medium_rotor,1.0,0.9928,1.0,1.0,0.0,0.2,0.8,True,True,True,True,True
20319_9f53cd7c,medium_rotor,3,20215_e2eb3082,medium_rotor,0.9999,0.9962,1.0,0.9999,0.0,0.2,0.7999,True,True,True,True,True
23387_c4aa9424,simple_rotor,1,22671_fdd1b1e6,simple_rotor,1.0,0.9999,1.0,1.0,0.0,0.2,0.8,True,True,True,True,True
23387_c4aa9424,simple_rotor,2,21865_c190b734,simple_rotor,1.0,0.9999,1.0,1.0,0.0,0.2,0.8,True,True,True,True,True
23387_c4aa9424,simple_rotor,3,23351_6104d55d,simple_rotor,1.0,0.9998,1.0,1.0,0.0,0.2,0.8,True,True,True,True,True
22892_68138f24,symmetric_rotor,1,21248_0a862e3e,symmetric_rotor,1.0,0.9993,1.0,1.0,0.0,0.2,0.8,True,True,True,True,True
22892_68138f24,symmetric_rotor,2,21961_1a090a8b,symmetric_rotor,1.0,1.0,1.0,1.0,0.0,0.2,0.8,True,True,True,True,True
22892_68138f24,symmetric_rotor,3,20237_06b27bf5,symmetric_rotor,1.0,0.9954,1.0,1.0,0.0,0.2,0.8,True,True,True,True,True
21300_ec7da33e,high_complexity_rotor,1,23168_7fdf5427,high_complexity_rotor,1.0,0.9964,1.0,1.0,0.0,0.2,0.8,True,True,True,True,True
21300_ec7da33e,high_complexity_rotor,2,23378_8d6426ae,high_complexity_rotor,0.9999,0.9927,1.0,0.9999,0.0,0.2,0.7999,True,True,True,True,True
21300_ec7da33e,high_complexity_rotor,3,22428_c1ffa51a,high_complexity_rotor,0.9999,0.9824,1.0,0.9999,0.0,0.2,0.7999,True,True,True,True,True
21805_2ba39d00,high_complexity_rotor,1,23467_9f431540,high_complexity_rotor,1.0,0.9797,1.0,1.0,0.0,0.2,0.8,True,True,True,True,True
21805_2ba39d00,high_complexity_rotor,2,21204_96d26a7f,high_complexity_rotor,1.0,0.9888,1.0,1.0,0.0,0.2,0.8,True,True,True,True,True
21805_2ba39d00,high_complexity_rotor,3,23309_76dcf100,high_complexity_rotor,1.0,0.9903,1.0,1.0,0.0,0.2,0.8,True,True,True,True,True
22442_7d5c5d5f,high_complexity_rotor,1,20533_0a3e112b,high_complexity_rotor,0.9995,0.9906,1.0,0.9994,0.0,0.2,0.7995,True,True,True,True,True
22442_7d5c5d5f,high_complexity_rotor,2,20622_38dd90d0,high_complexity_rotor,0.9992,0.9405,1.0,0.999,0.0,0.2,0.7992,True,True,True,True,True
22442_7d5c5d5f,high_complexity_rotor,3,20351_dc6e4e1e,complex_assembly,0.9954,0.9753,1.0,0.9942,0.0,0.2,0.7954,False,True,True,True,True
21009_907a2a95,medium_rotor,1,21912_3f74887c,medium_rotor,1.0,0.9997,1.0,1.0,0.0,0.2,0.8,True,True,True,True,True
21009_907a2a95,medium_rotor,2,21528_a5d5490f,medium_rotor,1.0,0.9997,1.0,1.0,0.0,0.2,0.8,True,True,True,True,True
21009_907a2a95,medium_rotor,3,22776_facf9bcf,medium_rotor,1.0,0.9998,1.0,1.0,0.0,0.2,0.8,True,True,True,True,True
21806_616e985a,simple_rotor,1,22671_fdd1b1e6,simple_rotor,1.0,1.0,1.0,1.0,0.0,0.2,0.8,True,True,True,True,True
21806_616e985a,simple_rotor,2,21865_c190b734,simple_rotor,1.0,1.0,1.0,1.0,0.0,0.2,0.8,True,True,True,True,True
21806_616e985a,simple_rotor,3,23351_6104d55d,simple_rotor,1.0,1.0,1.0,1.0,0.0,0.2,0.8,True,True,True,True,True
21352_d60bc953,complex_assembly,1,21718_1551037b,complex_assembly,0.9998,0.9766,1.0,0.9998,0.0,0.2,0.7998,True,True,True,True,True
21352_d60bc953,complex_assembly,2,23226_8d1b5098,complex_assembly,0.9997,0.7348,1.0,0.9996,0.0,0.2,0.7997,True,True,True,True,True
21352_d60bc953,complex_assembly,3,21580_b8b2571b,high_complexity_rotor,0.9996,0.8463,1.0,0.9996,0.0,0.2,0.7996,False,True,True,True,True
22886_a6331748,symmetric_rotor,1,22216_4b032400,symmetric_rotor,1.0,0.9996,1.0,1.0,0.0,0.2,0.8,True,True,True,True,True
22886_a6331748,symmetric_rotor,2,23102_211ad1db,symmetric_rotor,1.0,1.0,1.0,1.0,0.0,0.2,0.8,True,True,True,True,True
22886_a6331748,symmetric_rotor,3,22057_4947db57,symmetric_rotor,1.0,0.9998,1.0,1.0,0.0,0.2,0.8,True,True,True,True,True
22142_7891a26a,simple_rotor,1,22671_fdd1b1e6,simple_rotor,1.0,0.9999,1.0,1.0,0.0,0.2,0.8,True,True,True,True,True
22142_7891a26a,simple_rotor,2,21865_c190b734,simple_rotor,1.0,0.9999,1.0,1.0,0.0,0.2,0.8,True,True,True,True,True
22142_7891a26a,simple_rotor,3,23351_6104d55d,simple_rotor,1.0,1.0,1.0,1.0,0.0,0.2,0.8,True,True,True,True,True
22331_152ee5c0,high_complexity_rotor,1,21329_1bfecd1d,high_complexity_rotor,1.0,0.9997,1.0,1.0,0.0,0.2,0.8,True,True,True,True,True
22331_152ee5c0,high_complexity_rotor,2,20643_71ad3d26,high_complexity_rotor,0.95,0.9839,0.75,1.0,0.0,0.15,0.8,True,False,True,True,True
22331_152ee5c0,high_complexity_rotor,3,21839_a8eb6d34,high_complexity_rotor,0.95,0.9983,0.75,1.0,0.0,0.15,0.8,True,False,True,True,True
23128_cb135b1b,medium_rotor,1,23213_3df3cb34,medium_rotor,1.0,0.9992,1.0,1.0,0.0,0.2,0.8,True,True,True,True,True
23128_cb135b1b,medium_rotor,2,22383_e5f707a7,medium_rotor,1.0,0.9998,1.0,1.0,0.0,0.2,0.8,True,True,True,True,True
23128_cb135b1b,medium_rotor,3,22852_dc1dbed6,medium_rotor,1.0,0.9484,1.0,1.0,0.0,0.2,0.8,True,True,True,True,True
22653_58d6287d,simple_rotor,1,22671_fdd1b1e6,simple_rotor,1.0,1.0,1.0,1.0,0.0,0.2,0.8,True,True,True,True,True
22653_58d6287d,simple_rotor,2,21865_c190b734,simple_rotor,1.0,1.0,1.0,1.0,0.0,0.2,0.8,True,True,True,True,True
22653_58d6287d,simple_rotor,3,23351_6104d55d,simple_rotor,1.0,1.0,1.0,1.0,0.0,0.2,0.8,True,True,True,True,True
23368_648717d8,medium_rotor,1,22987_37973191,medium_rotor,0.9996,0.9937,1.0,0.9995,0.0,0.2,0.7996,True,True,True,True,True
23368_648717d8,medium_rotor,2,23331_192866b6,medium_rotor,0.9986,0.9925,1.0,0.9982,0.0,0.2,0.7986,True,True,True,True,True
23368_648717d8,medium_rotor,3,23413_6702ec7f,medium_rotor,0.9981,0.9931,1.0,0.9977,0.0,0.2,0.7981,True,True,True,True,True
23501_6c48b3c1,medium_rotor,1,21429_6d2d3974,medium_rotor,1.0,0.9967,1.0,1.0,0.0,0.2,0.8,True,True,True,True,True
23501_6c48b3c1,medium_rotor,2,21092_32622a83,medium_rotor,0.9997,0.998,1.0,0.9996,0.0,0.2,0.7997,True,True,True,True,True
23501_6c48b3c1,medium_rotor,3,20858_15bdad00,medium_rotor,0.9991,0.996,1.0,0.9989,0.0,0.2,0.7991,True,True,True,True,True
21024_9be3d461,high_complexity_rotor,1,21519_3e869afd,high_complexity_rotor,1.0,0.7226,1.0,1.0,0.0,0.2,0.8,True,True,True,True,True
21024_9be3d461,high_complexity_rotor,2,20293_a1999339,high_complexity_rotor,0.9999,0.9989,1.0,0.9999,0.0,0.2,0.7999,True,True,True,True,True
21024_9be3d461,high_complexity_rotor,3,21762_90d34d16,high_complexity_rotor,0.9999,0.9906,1.0,0.9999,0.0,0.2,0.7999,True,True,True,True,True
19566_19d85d3b,high_complexity_rotor,1,21153_a2fb81fe,high_complexity_rotor,1.0,0.9948,1.0,1.0,0.0,0.2,0.8,True,True,True,True,True
19566_19d85d3b,high_complexity_rotor,2,21337_062b39fa,high_complexity_rotor,0.9997,0.9958,1.0,0.9996,0.0,0.2,0.7997,True,True,True,True,True
19566_19d85d3b,high_complexity_rotor,3,23422_f214bd4d,complex_assembly,0.9996,0.9622,1.0,0.9995,0.0,0.2,0.7996,False,True,True,True,True
22134_5e72e871,medium_rotor,1,23213_3df3cb34,medium_rotor,1.0,0.9996,1.0,1.0,0.0,0.2,0.8,True,True,True,True,True
22134_5e72e871,medium_rotor,2,22383_e5f707a7,medium_rotor,1.0,1.0,1.0,1.0,0.0,0.2,0.8,True,True,True,True,True
22134_5e72e871,medium_rotor,3,22852_dc1dbed6,medium_rotor,1.0,0.9491,1.0,1.0,0.0,0.2,0.8,True,True,True,True,True
22706_58a933f4,symmetric_rotor,1,20609_69f28932,symmetric_rotor,1.0,0.9979,1.0,1.0,0.0,0.2,0.8,True,True,True,True,True
22706_58a933f4,symmetric_rotor,2,21478_8fbd4409,symmetric_rotor,1.0,0.998,1.0,1.0,0.0,0.2,0.8,True,True,True,True,True
22706_58a933f4,symmetric_rotor,3,21037_62248d34,symmetric_rotor,1.0,0.9966,1.0,1.0,0.0,0.2,0.8,True,True,True,True,True
20823_f144e996,medium_rotor,1,23213_3df3cb34,medium_rotor,1.0,0.9999,1.0,1.0,0.0,0.2,0.8,True,True,True,True,True
20823_f144e996,medium_rotor,2,22383_e5f707a7,medium_rotor,1.0,0.9995,1.0,1.0,0.0,0.2,0.8,True,True,True,True,True
20823_f144e996,medium_rotor,3,22852_dc1dbed6,medium_rotor,1.0,0.9505,1.0,1.0,0.0,0.2,0.8,True,True,True,True,True
23406_1d36b046,simple_rotor,1,22671_fdd1b1e6,simple_rotor,1.0,1.0,1.0,1.0,0.0,0.2,0.8,True,True,True,True,True
23406_1d36b046,simple_rotor,2,21865_c190b734,simple_rotor,1.0,1.0,1.0,1.0,0.0,0.2,0.8,True,True,True,True,True
23406_1d36b046,simple_rotor,3,23351_6104d55d,simple_rotor,1.0,1.0,1.0,1.0,0.0,0.2,0.8,True,True,True,True,True
22717_08784417,complex_assembly,1,21647_6b6cca6f,complex_assembly,0.998,0.9992,1.0,0.9976,0.0,0.2,0.798,True,True,True,True,True
22717_08784417,complex_assembly,2,22306_c3dca308,complex_assembly,0.9976,0.7935,1.0,0.997,0.0,0.2,0.7976,True,True,True,True,True
22717_08784417,complex_assembly,3,23419_ea47995f,complex_assembly,0.9966,0.7071,1.0,0.9958,0.0,0.2,0.7966,True,True,True,True,True
23414_f7d4a688,medium_rotor,1,20676_9715ec9c,medium_rotor,1.0,0.9905,1.0,1.0,0.0,0.2,0.8,True,True,True,True,True
23414_f7d4a688,medium_rotor,2,21091_bbf490e7,medium_rotor,0.95,0.9988,0.75,1.0,0.0,0.15,0.8,True,False,True,True,True
23414_f7d4a688,medium_rotor,3,20322_5a8c6077,medium_rotor,0.95,0.9911,0.75,1.0,0.0,0.15,0.8,True,False,True,True,True
21692_777db9e2,symmetric_rotor,1,22659_0e686e14,symmetric_rotor,1.0,0.9992,1.0,1.0,0.0,0.2,0.8,True,True,True,True,True
21692_777db9e2,symmetric_rotor,2,22434_2ad62ed6,symmetric_rotor,1.0,0.9997,1.0,1.0,0.0,0.2,0.8,True,True,True,True,True
21692_777db9e2,symmetric_rotor,3,23259_d655fcc1,symmetric_rotor,1.0,0.998,1.0,1.0,0.0,0.2,0.8,True,True,True,True,True
20792_d2ea0500,symmetric_rotor,1,23438_b1ef78f4,symmetric_rotor,0.9482,0.998,0.75,0.9977,0.0,0.15,0.7982,True,False,True,True,True
20792_d2ea0500,symmetric_rotor,2,21186_d1698d8c,symmetric_rotor,0.9478,0.9977,0.75,0.9973,0.0,0.15,0.7978,True,True,False,True,True
20792_d2ea0500,symmetric_rotor,3,22080_594bcb66,symmetric_rotor,0.9477,0.8805,0.75,0.9971,0.0,0.15,0.7977,True,False,True,True,True
20926_4c0f33f6,symmetric_rotor,1,21176_b5c72bfb,symmetric_rotor,0.9993,0.9976,1.0,0.9991,0.0,0.2,0.7993,True,True,True,True,True
20926_4c0f33f6,symmetric_rotor,2,20970_d20c6c35,symmetric_rotor,0.9991,0.997,1.0,0.9988,0.0,0.2,0.7991,True,True,True,True,True
20926_4c0f33f6,symmetric_rotor,3,20682_e208cc63,symmetric_rotor,0.95,0.9975,0.75,1.0,0.0,0.15,0.8,True,False,True,True,True
21248_0a862e3e,symmetric_rotor,1,21961_1a090a8b,symmetric_rotor,1.0,0.9994,1.0,1.0,0.0,0.2,0.8,True,True,True,True,True
21248_0a862e3e,symmetric_rotor,2,22983_0ab3faaf,symmetric_rotor,1.0,0.9998,1.0,1.0,0.0,0.2,0.8,True,True,True,True,True
21248_0a862e3e,symmetric_rotor,3,20237_06b27bf5,symmetric_rotor,1.0,0.9983,1.0,1.0,0.0,0.2,0.8,True,True,True,True,True
22365_a4eb929c,symmetric_rotor,1,21961_1a090a8b,symmetric_rotor,1.0,0.9967,1.0,1.0,0.0,0.2,0.8,True,True,True,True,True
22365_a4eb929c,symmetric_rotor,2,22983_0ab3faaf,symmetric_rotor,1.0,0.9979,1.0,1.0,0.0,0.2,0.8,True,True,True,True,True
22365_a4eb929c,symmetric_rotor,3,20237_06b27bf5,symmetric_rotor,1.0,0.9999,1.0,1.0,0.0,0.2,0.8,True,True,True,True,True
22257_6fb4c50c,simple_rotor,1,22671_fdd1b1e6,simple_rotor,1.0,1.0,1.0,1.0,0.0,0.2,0.8,True,True,True,True,True
22257_6fb4c50c,simple_rotor,2,21865_c190b734,simple_rotor,1.0,1.0,1.0,1.0,0.0,0.2,0.8,True,True,True,True,True
22257_6fb4c50c,simple_rotor,3,23351_6104d55d,simple_rotor,1.0,1.0,1.0,1.0,0.0,0.2,0.8,True,True,True,True,True
20674_2fb6cabd,simple_rotor,1,22671_fdd1b1e6,simple_rotor,1.0,1.0,1.0,1.0,0.0,0.2,0.8,True,True,True,True,True
20674_2fb6cabd,simple_rotor,2,21865_c190b734,simple_rotor,1.0,1.0,1.0,1.0,0.0,0.2,0.8,True,True,True,True,True
20674_2fb6cabd,simple_rotor,3,23351_6104d55d,simple_rotor,1.0,1.0,1.0,1.0,0.0,0.2,0.8,True,True,True,True,True
22028_776fbf0d,complex_assembly,1,21647_6b6cca6f,complex_assembly,0.9967,0.6659,1.0,0.9959,0.0,0.2,0.7967,True,True,True,True,True
22028_776fbf0d,complex_assembly,2,23419_ea47995f,complex_assembly,0.9957,0.9997,1.0,0.9947,0.0,0.2,0.7957,True,True,True,True,True
22028_776fbf0d,complex_assembly,3,22306_c3dca308,complex_assembly,0.9921,0.9879,1.0,0.9902,0.0,0.2,0.7921,True,True,True,True,True
23036_7f9d143f,medium_rotor,1,23213_3df3cb34,medium_rotor,1.0,0.9999,1.0,1.0,0.0,0.2,0.8,True,True,True,True,True
23036_7f9d143f,medium_rotor,2,23409_e27e3b8b,medium_rotor,1.0,0.9995,1.0,1.0,0.0,0.2,0.8,True,True,True,True,True
23036_7f9d143f,medium_rotor,3,22852_dc1dbed6,medium_rotor,1.0,0.9499,1.0,1.0,0.0,0.2,0.8,True,True,True,True,True
20743_c8ea8159,medium_rotor,1,23213_3df3cb34,medium_rotor,1.0,0.9991,1.0,1.0,0.0,0.2,0.8,True,True,True,True,True
20743_c8ea8159,medium_rotor,2,23409_e27e3b8b,medium_rotor,1.0,1.0,1.0,1.0,0.0,0.2,0.8,True,True,True,True,True
20743_c8ea8159,medium_rotor,3,22852_dc1dbed6,medium_rotor,1.0,0.9482,1.0,1.0,0.0,0.2,0.8,True,True,True,True,True
22668_9c30f6c0,simple_rotor,1,22671_fdd1b1e6,simple_rotor,1.0,1.0,1.0,1.0,0.0,0.2,0.8,True,True,True,True,True
22668_9c30f6c0,simple_rotor,2,21865_c190b734,simple_rotor,1.0,1.0,1.0,1.0,0.0,0.2,0.8,True,True,True,True,True
22668_9c30f6c0,simple_rotor,3,23351_6104d55d,simple_rotor,1.0,1.0,1.0,1.0,0.0,0.2,0.8,True,True,True,True,True
22266_078a1f68,medium_rotor,1,22232_cb53774e,medium_rotor,1.0,0.9966,1.0,1.0,0.0,0.2,0.8,True,True,True,True,True
22266_078a1f68,medium_rotor,2,20421_49bd1188,medium_rotor,0.9998,0.9986,1.0,0.9998,0.0,0.2,0.7998,True,True,True,True,True
22266_078a1f68,medium_rotor,3,19810_f77c5501,medium_rotor,0.95,0.9998,0.75,1.0,0.0,0.15,0.8,True,False,True,True,True
21882_795be793,simple_rotor,1,22671_fdd1b1e6,simple_rotor,1.0,1.0,1.0,1.0,0.0,0.2,0.8,True,True,True,True,True
21882_795be793,simple_rotor,2,21865_c190b734,simple_rotor,1.0,1.0,1.0,1.0,0.0,0.2,0.8,True,True,True,True,True
21882_795be793,simple_rotor,3,23351_6104d55d,simple_rotor,1.0,0.9999,1.0,1.0,0.0,0.2,0.8,True,True,True,True,True
21601_360ce1c7,medium_rotor,1,20215_e2eb3082,medium_rotor,1.0,0.9963,1.0,1.0,0.0,0.2,0.8,True,True,True,True,True
21601_360ce1c7,medium_rotor,2,20182_71b9e491,medium_rotor,1.0,0.9979,1.0,1.0,0.0,0.2,0.8,True,True,True,True,True
21601_360ce1c7,medium_rotor,3,22919_3ee91d1a,medium_rotor,1.0,0.9979,1.0,1.0,0.0,0.2,0.8,True,True,True,True,True
23102_211ad1db,symmetric_rotor,1,22886_a6331748,symmetric_rotor,1.0,1.0,1.0,1.0,0.0,0.2,0.8,True,True,True,True,True
23102_211ad1db,symmetric_rotor,2,22216_4b032400,symmetric_rotor,1.0,0.9994,1.0,1.0,0.0,0.2,0.8,True,True,True,True,True
23102_211ad1db,symmetric_rotor,3,22057_4947db57,symmetric_rotor,1.0,0.9999,1.0,1.0,0.0,0.2,0.8,True,True,True,True,True
21092_32622a83,medium_rotor,1,23501_6c48b3c1,medium_rotor,0.9997,0.998,1.0,0.9996,0.0,0.2,0.7997,True,True,True,True,True
21092_32622a83,medium_rotor,2,21429_6d2d3974,medium_rotor,0.9996,0.9998,1.0,0.9995,0.0,0.2,0.7996,True,True,True,True,True
21092_32622a83,medium_rotor,3,20858_15bdad00,medium_rotor,0.9978,0.9996,1.0,0.9972,0.0,0.2,0.7978,True,True,True,True,True
23039_b3d04774,simple_rotor,1,22981_93f268ae,simple_rotor,0.9999,1.0,1.0,0.9999,0.0,0.2,0.7999,True,True,True,True,True
23039_b3d04774,simple_rotor,2,23194_b675acc0,simple_rotor,0.9998,0.9998,1.0,0.9998,0.0,0.2,0.7998,True,True,True,True,True
23039_b3d04774,simple_rotor,3,19518_f220b68a,simple_rotor,0.9979,1.0,1.0,0.9974,0.0,0.2,0.7979,True,True,True,True,True
23132_1847c4ef,medium_rotor,1,22341_0f9c52ed,medium_rotor,1.0,0.9995,1.0,1.0,0.0,0.2,0.8,True,True,True,True,True
23132_1847c4ef,medium_rotor,2,22980_3cb3bcc8,medium_rotor,1.0,0.9984,1.0,1.0,0.0,0.2,0.8,True,True,True,True,True
23132_1847c4ef,medium_rotor,3,21923_41fa6eda,medium_rotor,1.0,1.0,1.0,0.9999,0.0,0.2,0.8,True,True,True,True,True
19810_f77c5501,medium_rotor,1,22474_b10fea1a,medium_rotor,1.0,0.9987,1.0,1.0,0.0,0.2,0.8,True,True,True,True,True
19810_f77c5501,medium_rotor,2,22919_3ee91d1a,medium_rotor,1.0,0.9979,1.0,1.0,0.0,0.2,0.8,True,True,True,True,True
19810_f77c5501,medium_rotor,3,21539_cfe1f7fd,medium_rotor,1.0,0.9998,1.0,1.0,0.0,0.2,0.8,True,True,True,True,True
20385_f2d30908,simple_rotor,1,22732_cd2af0ac,simple_rotor,1.0,1.0,1.0,1.0,0.0,0.2,0.8,True,True,True,True,True
20385_f2d30908,simple_rotor,2,20958_94222947,simple_rotor,1.0,1.0,1.0,1.0,0.0,0.2,0.8,True,True,True,True,True
20385_f2d30908,simple_rotor,3,21634_e5e20375,simple_rotor,1.0,0.9999,1.0,1.0,0.0,0.2,0.8,True,True,True,True,True
22727_c514268a,medium_rotor,1,23213_3df3cb34,medium_rotor,0.95,0.9986,0.75,1.0,0.0,0.15,0.8,True,False,True,True,True
22727_c514268a,medium_rotor,2,20387_0d507234,medium_rotor,0.95,0.9989,0.75,1.0,0.0,0.15,0.8,True,False,True,True,True
22727_c514268a,medium_rotor,3,21566_ff590631,medium_rotor,0.95,0.9987,0.75,1.0,0.0,0.15,0.8,True,False,True,True,True
22278_12f1fb79,high_complexity_rotor,1,23217_7c6062e3,high_complexity_rotor,1.0,0.9907,1.0,1.0,0.0,0.2,0.8,True,True,True,True,True
22278_12f1fb79,high_complexity_rotor,2,20745_3e22ad07,high_complexity_rotor,1.0,0.9338,1.0,1.0,0.0,0.2,0.8,True,True,True,True,True
22278_12f1fb79,high_complexity_rotor,3,23377_690165aa,high_complexity_rotor,1.0,0.9973,1.0,0.9999,0.0,0.2,0.8,True,True,True,True,True
21599_80057f94,simple_rotor,1,23158_c7e753c2,simple_rotor,0.9999,0.9999,1.0,0.9999,0.0,0.2,0.7999,True,True,True,True,True
21599_80057f94,simple_rotor,2,20469_b6211bfd,simple_rotor,0.9783,0.9991,1.0,0.9728,0.0,0.2,0.7783,True,True,True,True,True
21599_80057f94,simple_rotor,3,23199_75dc1efd,simple_rotor,0.9783,0.9993,1.0,0.9728,0.0,0.2,0.7783,True,True,True,True,True
23226_8d1b5098,complex_assembly,1,22404_66db7dd7,complex_assembly,1.0,0.5204,1.0,1.0,0.0,0.2,0.8,True,True,True,True,True
23226_8d1b5098,complex_assembly,2,21244_24c3ce72,complex_assembly,1.0,0.923,1.0,0.9999,0.0,0.2,0.8,True,True,True,True,True
23226_8d1b5098,complex_assembly,3,22056_79373464,complex_assembly,0.9998,1.0,1.0,0.9997,0.0,0.2,0.7998,True,True,True,True,True
21292_f94bd96b,medium_rotor,1,20789_1809f41f,medium_rotor,0.9936,1.0,1.0,0.992,0.0,0.2,0.7936,True,True,True,True,True
21292_f94bd96b,medium_rotor,2,21028_d4d30a2e,medium_rotor,0.9757,0.9919,1.0,0.9696,0.0,0.2,0.7757,True,True,True,True,True
21292_f94bd96b,medium_rotor,3,21202_e452c491,medium_rotor,0.95,1.0,0.75,1.0,0.0,0.15,0.8,True,False,True,True,True
23502_5a80f907,medium_rotor,1,23213_3df3cb34,medium_rotor,1.0,0.9963,1.0,1.0,0.0,0.2,0.8,True,True,True,True,True
23502_5a80f907,medium_rotor,2,23409_e27e3b8b,medium_rotor,1.0,0.9918,1.0,1.0,0.0,0.2,0.8,True,True,True,True,True
23502_5a80f907,medium_rotor,3,22852_dc1dbed6,medium_rotor,1.0,0.9491,1.0,1.0,0.0,0.2,0.8,True,True,True,True,True
23144_88ca00a5,complex_assembly,1,21351_675c66b1,complex_assembly,0.9994,0.9786,1.0,0.9992,0.0,0.2,0.7994,True,True,True,True,True
23144_88ca00a5,complex_assembly,2,23162_7e2f3d77,complex_assembly,0.9987,0.973,1.0,0.9984,0.0,0.2,0.7987,True,True,True,True,True
23144_88ca00a5,complex_assembly,3,21580_b8b2571b,high_complexity_rotor,0.9986,0.9998,1.0,0.9982,0.0,0.2,0.7986,False,True,True,True,True
23048_8a1a5553,high_complexity_rotor,1,23130_7417d5b3,high_complexity_rotor,1.0,0.9844,1.0,1.0,0.0,0.2,0.8,True,True,True,True,True
23048_8a1a5553,high_complexity_rotor,2,23002_4d53fb3f,high_complexity_rotor,1.0,0.9911,1.0,1.0,0.0,0.2,0.8,True,True,True,True,True
23048_8a1a5553,high_complexity_rotor,3,22890_4ecfa491,high_complexity_rotor,1.0,0.9932,1.0,1.0,0.0,0.2,0.8,True,True,True,True,True
20278_d442e77d,medium_rotor,1,21202_e452c491,medium_rotor,1.0,0.9899,1.0,1.0,0.0,0.2,0.8,True,True,True,True,True
20278_d442e77d,medium_rotor,2,23322_8f85d82d,medium_rotor,1.0,0.9963,1.0,1.0,0.0,0.2,0.8,True,True,True,True,True
20278_d442e77d,medium_rotor,3,20281_a29f9a18,medium_rotor,0.9999,0.9883,1.0,0.9999,0.0,0.2,0.7999,True,True,True,True,True
21202_e452c491,medium_rotor,1,23322_8f85d82d,medium_rotor,1.0,0.9984,1.0,1.0,0.0,0.2,0.8,True,True,True,True,True
21202_e452c491,medium_rotor,2,20281_a29f9a18,medium_rotor,1.0,0.9999,1.0,1.0,0.0,0.2,0.8,True,True,True,True,True
21202_e452c491,medium_rotor,3,20278_d442e77d,medium_rotor,1.0,0.9899,1.0,1.0,0.0,0.2,0.8,True,True,True,True,True
23026_e6f08109,medium_rotor,1,22334_677d00e0,medium_rotor,1.0,0.9993,1.0,1.0,0.0,0.2,0.8,True,True,True,True,True
23026_e6f08109,medium_rotor,2,21282_b2d83538,medium_rotor,0.9998,0.9936,1.0,0.9997,0.0,0.2,0.7998,True,True,True,True,True
23026_e6f08109,medium_rotor,3,21989_a0b5037d,medium_rotor,0.9997,0.9948,1.0,0.9997,0.0,0.2,0.7997,True,True,True,True,True
20822_5bb36119,simple_rotor,1,20216_89b90993,simple_rotor,1.0,1.0,1.0,1.0,0.0,0.2,0.8,True,True,True,True,True
20822_5bb36119,simple_rotor,2,20807_88c198d5,simple_rotor,1.0,1.0,1.0,1.0,0.0,0.2,0.8,True,True,True,True,True
20822_5bb36119,simple_rotor,3,20451_557fe5cd,simple_rotor,1.0,0.9999,1.0,1.0,0.0,0.2,0.8,True,True,True,True,True
22405_20f11d58,high_complexity_rotor,1,23130_7417d5b3,high_complexity_rotor,1.0,0.9846,1.0,1.0,0.0,0.2,0.8,True,True,True,True,True
22405_20f11d58,high_complexity_rotor,2,23002_4d53fb3f,high_complexity_rotor,1.0,0.9909,1.0,1.0,0.0,0.2,0.8,True,True,True,True,True
22405_20f11d58,high_complexity_rotor,3,22890_4ecfa491,high_complexity_rotor,1.0,0.9932,1.0,1.0,0.0,0.2,0.8,True,True,True,True,True
20188_98b86c0f,simple_rotor,1,20340_86125547,simple_rotor,0.9949,1.0,1.0,0.9936,0.0,0.2,0.7949,True,True,True,True,True
20188_98b86c0f,simple_rotor,2,22073_951645ae,simple_rotor,0.95,0.9995,0.75,1.0,0.0,0.15,0.8,True,False,True,True,True
20188_98b86c0f,simple_rotor,3,20478_c02790cb,simple_rotor,0.95,1.0,0.75,1.0,0.0,0.15,0.8,True,False,True,True,True
20349_a12428da,medium_rotor,1,21275_c8049742,medium_rotor,1.0,0.9822,1.0,1.0,0.0,0.2,0.8,True,True,True,True,True
20349_a12428da,medium_rotor,2,22729_232da678,medium_rotor,1.0,0.9831,1.0,1.0,0.0,0.2,0.8,True,True,True,True,True
20349_a12428da,medium_rotor,3,20554_abcb705e,medium_rotor,1.0,0.9841,1.0,1.0,0.0,0.2,0.8,True,True,True,True,True
21244_24c3ce72,complex_assembly,1,22404_66db7dd7,complex_assembly,1.0,0.8067,1.0,1.0,0.0,0.2,0.8,True,True,True,True,True
21244_24c3ce72,complex_assembly,2,23226_8d1b5098,complex_assembly,1.0,0.923,1.0,0.9999,0.0,0.2,0.8,True,True,True,True,True
21244_24c3ce72,complex_assembly,3,22056_79373464,complex_assembly,0.9999,0.9213,1.0,0.9999,0.0,0.2,0.7999,True,True,True,True,True
21274_2fb8c3f5,simple_rotor,1,22671_fdd1b1e6,simple_rotor,1.0,1.0,1.0,1.0,0.0,0.2,0.8,True,True,True,True,True
21274_2fb8c3f5,simple_rotor,2,21865_c190b734,simple_rotor,1.0,1.0,1.0,1.0,0.0,0.2,0.8,True,True,True,True,True
21274_2fb8c3f5,simple_rotor,3,23351_6104d55d,simple_rotor,1.0,1.0,1.0,1.0,0.0,0.2,0.8,True,True,True,True,True
20898_5f5b9bc7,simple_rotor,1,22671_fdd1b1e6,simple_rotor,1.0,0.9999,1.0,1.0,0.0,0.2,0.8,True,True,True,True,True
20898_5f5b9bc7,simple_rotor,2,21865_c190b734,simple_rotor,1.0,0.9999,1.0,1.0,0.0,0.2,0.8,True,True,True,True,True
20898_5f5b9bc7,simple_rotor,3,23351_6104d55d,simple_rotor,1.0,1.0,1.0,1.0,0.0,0.2,0.8,True,True,True,True,True
22440_014f1bac,medium_rotor,1,22666_bdaa1303,medium_rotor,1.0,0.9993,1.0,1.0,0.0,0.2,0.8,True,True,True,True,True
22440_014f1bac,medium_rotor,2,23466_1cf60d09,medium_rotor,1.0,1.0,1.0,1.0,0.0,0.2,0.8,True,True,True,True,True
22440_014f1bac,medium_rotor,3,23363_60e39812,medium_rotor,1.0,0.9914,1.0,1.0,0.0,0.2,0.8,True,True,True,True,True
22199_8ec9eeb2,medium_rotor,1,23363_60e39812,medium_rotor,1.0,0.9897,1.0,1.0,0.0,0.2,0.8,True,True,True,True,True
22199_8ec9eeb2,medium_rotor,2,22126_e1cca10f,medium_rotor,1.0,0.9941,1.0,1.0,0.0,0.2,0.8,True,True,True,True,True
22199_8ec9eeb2,medium_rotor,3,21912_3f74887c,medium_rotor,1.0,0.9892,1.0,1.0,0.0,0.2,0.8,True,True,True,True,True
22729_232da678,medium_rotor,1,21275_c8049742,medium_rotor,1.0,1.0,1.0,1.0,0.0,0.2,0.8,True,True,True,True,True
22729_232da678,medium_rotor,2,20554_abcb705e,medium_rotor,1.0,1.0,1.0,1.0,0.0,0.2,0.8,True,True,True,True,True
22729_232da678,medium_rotor,3,22011_0832eefe,medium_rotor,1.0,0.9963,1.0,1.0,0.0,0.2,0.8,True,True,True,True,True
20636_ca9eb29a,high_complexity_rotor,1,21859_35124f79,complex_assembly,0.9998,0.6764,1.0,0.9998,0.0,0.2,0.7998,False,True,True,True,True
20636_ca9eb29a,high_complexity_rotor,2,21741_c6faf98e,complex_assembly,0.9994,0.9946,1.0,0.9993,0.0,0.2,0.7994,False,True,True,True,True
20636_ca9eb29a,high_complexity_rotor,3,22492_047b125b,complex_assembly,0.9994,0.9916,1.0,0.9992,0.0,0.2,0.7994,False,True,True,True,True
21611_1d3ff1b6,simple_rotor,1,22671_fdd1b1e6,simple_rotor,1.0,1.0,1.0,1.0,0.0,0.2,0.8,True,True,True,True,True
21611_1d3ff1b6,simple_rotor,2,21865_c190b734,simple_rotor,1.0,1.0,1.0,1.0,0.0,0.2,0.8,True,True,True,True,True
21611_1d3ff1b6,simple_rotor,3,23351_6104d55d,simple_rotor,1.0,0.9999,1.0,1.0,0.0,0.2,0.8,True,True,True,True,True
22125_e3a4cad4,complex_assembly,1,21492_8bd34fc1,complex_assembly,0.998,0.7747,1.0,0.9975,0.0,0.2,0.798,True,True,True,True,True
22125_e3a4cad4,complex_assembly,2,21722_68aeba65,complex_assembly,0.9938,0.6603,1.0,0.9922,0.0,0.2,0.7938,True,True,True,True,True
22125_e3a4cad4,complex_assembly,3,22028_776fbf0d,complex_assembly,0.9647,0.5214,1.0,0.9559,0.0,0.2,0.7647,True,True,True,True,True
21979_29f59427,high_complexity_rotor,1,20287_072b5bf6,high_complexity_rotor,0.955,0.9705,1.0,0.9438,0.0,0.2,0.755,True,True,True,True,True
21979_29f59427,high_complexity_rotor,2,21352_d60bc953,complex_assembly,0.95,0.7103,0.75,1.0,0.0,0.15,0.8,False,False,True,True,True
21979_29f59427,high_complexity_rotor,3,21718_1551037b,complex_assembly,0.9498,0.8433,0.75,0.9998,0.0,0.15,0.7998,False,False,True,True,True
21048_75cc125c,medium_rotor,1,20157_db99ab88,medium_rotor,0.9983,0.9998,1.0,0.9978,0.0,0.2,0.7983,True,True,True,True,True
21048_75cc125c,medium_rotor,2,22078_1758e9fc,medium_rotor,0.9921,1.0,1.0,0.9902,0.0,0.2,0.7921,True,True,True,True,True
21048_75cc125c,medium_rotor,3,21365_ab403591,medium_rotor,0.95,0.9981,0.75,1.0,0.0,0.15,0.8,True,True,False,True,True
21831_54ca67d1,symmetric_rotor,1,21133_f9a1614e,symmetric_rotor,1.0,1.0,1.0,1.0,0.0,0.2,0.8,True,True,True,True,True
21831_54ca67d1,symmetric_rotor,2,20419_8ce893b6,symmetric_rotor,1.0,0.999,1.0,1.0,0.0,0.2,0.8,True,True,True,True,True
21831_54ca67d1,symmetric_rotor,3,21840_6847d36c,symmetric_rotor,1.0,1.0,1.0,1.0,0.0,0.2,0.8,True,True,True,True,True
22586_ff3651b2,medium_rotor,1,23213_3df3cb34,medium_rotor,1.0,1.0,1.0,1.0,0.0,0.2,0.8,True,True,True,True,True
22586_ff3651b2,medium_rotor,2,23409_e27e3b8b,medium_rotor,1.0,0.9993,1.0,1.0,0.0,0.2,0.8,True,True,True,True,True
22586_ff3651b2,medium_rotor,3,22852_dc1dbed6,medium_rotor,1.0,0.9501,1.0,1.0,0.0,0.2,0.8,True,True,True,True,True
21422_b2a6bf27,simple_rotor,1,20814_5a2be0fb,simple_rotor,0.9946,1.0,1.0,0.9933,0.0,0.2,0.7946,True,True,True,True,True
21422_b2a6bf27,simple_rotor,2,20940_9777847c,simple_rotor,0.9823,0.9997,1.0,0.9779,0.0,0.2,0.7823,True,True,True,True,True
21422_b2a6bf27,simple_rotor,3,19518_f220b68a,simple_rotor,0.9791,1.0,1.0,0.9738,0.0,0.2,0.7791,True,True,True,True,True
23259_d655fcc1,symmetric_rotor,1,23178_eb4b4280,symmetric_rotor,1.0,0.9961,1.0,1.0,0.0,0.2,0.8,True,True,True,True,True
23259_d655fcc1,symmetric_rotor,2,21497_9833a679,symmetric_rotor,1.0,0.9974,1.0,1.0,0.0,0.2,0.8,True,True,True,True,True
23259_d655fcc1,symmetric_rotor,3,21271_ec7f62b8,symmetric_rotor,1.0,0.9985,1.0,1.0,0.0,0.2,0.8,True,True,True,True,True
21497_9833a679,symmetric_rotor,1,23178_eb4b4280,symmetric_rotor,1.0,0.9999,1.0,1.0,0.0,0.2,0.8,True,True,True,True,True
21497_9833a679,symmetric_rotor,2,23259_d655fcc1,symmetric_rotor,1.0,0.9974,1.0,1.0,0.0,0.2,0.8,True,True,True,True,True
21497_9833a679,symmetric_rotor,3,21271_ec7f62b8,symmetric_rotor,1.0,0.9998,1.0,1.0,0.0,0.2,0.8,True,True,True,True,True
22245_ca848576,symmetric_rotor,1,22312_3f366a4a,symmetric_rotor,1.0,0.9999,1.0,0.9999,0.0,0.2,0.8,True,True,True,True,True
22245_ca848576,symmetric_rotor,2,23170_6ea8ded5,symmetric_rotor,0.9999,0.9998,1.0,0.9999,0.0,0.2,0.7999,True,True,True,True,True
22245_ca848576,symmetric_rotor,3,21958_e48ddf4e,symmetric_rotor,0.9999,0.9998,1.0,0.9999,0.0,0.2,0.7999,True,True,True,True,True
21848_0fff9631,simple_rotor,1,22671_fdd1b1e6,simple_rotor,1.0,1.0,1.0,1.0,0.0,0.2,0.8,True,True,True,True,True
21848_0fff9631,simple_rotor,2,21865_c190b734,simple_rotor,1.0,1.0,1.0,1.0,0.0,0.2,0.8,True,True,True,True,True
21848_0fff9631,simple_rotor,3,23351_6104d55d,simple_rotor,1.0,0.9999,1.0,1.0,0.0,0.2,0.8,True,True,True,True,True
20731_fbdc7731,simple_rotor,1,22367_b4a67e61,simple_rotor,1.0,1.0,1.0,1.0,0.0,0.2,0.8,True,True,True,True,True
20731_fbdc7731,simple_rotor,2,22136_a539c50b,simple_rotor,1.0,1.0,1.0,1.0,0.0,0.2,0.8,True,True,True,True,True
20731_fbdc7731,simple_rotor,3,22508_6bb410af,simple_rotor,1.0,1.0,1.0,1.0,0.0,0.2,0.8,True,True,True,True,True
21015_10304cb9,simple_rotor,1,23321_c9497b79,simple_rotor,1.0,0.9999,1.0,1.0,0.0,0.2,0.8,True,True,True,True,True
21015_10304cb9,simple_rotor,2,22053_de30641b,simple_rotor,1.0,1.0,1.0,0.9999,0.0,0.2,0.8,True,True,True,True,True
21015_10304cb9,simple_rotor,3,20259_de1ab632,simple_rotor,0.9999,1.0,1.0,0.9999,0.0,0.2,0.7999,True,True,True,True,True
23210_f535bfd2,simple_rotor,1,23236_d5867507,simple_rotor,1.0,1.0,1.0,1.0,0.0,0.2,0.8,True,True,True,True,True
23210_f535bfd2,simple_rotor,2,23218_02d26ab4,simple_rotor,1.0,1.0,1.0,1.0,0.0,0.2,0.8,True,True,True,True,True
23210_f535bfd2,simple_rotor,3,23209_1592b0a4,simple_rotor,0.9998,1.0,1.0,0.9998,0.0,0.2,0.7998,True,True,True,True,True
22784_bcace961,medium_rotor,1,21989_a0b5037d,medium_rotor,0.2,1.0,1.0,0.0,0.0,0.2,0.0,True,True,True,True,True
22784_bcace961,medium_rotor,2,23363_60e39812,medium_rotor,0.2,0.9999,1.0,0.0,0.0,0.2,0.0,True,True,True,True,True
22784_bcace961,medium_rotor,3,23409_e27e3b8b,medium_rotor,0.2,0.9997,1.0,0.0,0.0,0.2,0.0,True,True,True,True,True
22630_b6010fff,medium_rotor,1,20431_0088a0dd,medium_rotor,1.0,0.9877,1.0,0.9999,0.0,0.2,0.8,True,True,True,True,True
22630_b6010fff,medium_rotor,2,21858_f1409ea2,medium_rotor,0.9996,0.9933,1.0,0.9994,0.0,0.2,0.7996,True,True,True,True,True
22630_b6010fff,medium_rotor,3,21621_711e1918,medium_rotor,0.9992,0.9974,1.0,0.999,0.0,0.2,0.7992,True,True,True,True,True
20755_4b5e61bf,medium_rotor,1,20989_d1b8b0f8,medium_rotor,1.0,0.9986,1.0,1.0,0.0,0.2,0.8,True,True,True,True,True
20755_4b5e61bf,medium_rotor,2,20688_955aae0c,medium_rotor,1.0,0.9996,1.0,1.0,0.0,0.2,0.8,True,True,True,True,True
20755_4b5e61bf,medium_rotor,3,20899_a8d7c6d5,medium_rotor,1.0,0.9979,1.0,1.0,0.0,0.2,0.8,True,True,True,True,True
23002_4d53fb3f,high_complexity_rotor,1,23130_7417d5b3,high_complexity_rotor,1.0,0.9991,1.0,1.0,0.0,0.2,0.8,True,True,True,True,True
23002_4d53fb3f,high_complexity_rotor,2,22910_97f0cc18,high_complexity_rotor,1.0,0.9976,1.0,1.0,0.0,0.2,0.8,True,True,True,True,True
23002_4d53fb3f,high_complexity_rotor,3,22890_4ecfa491,high_complexity_rotor,1.0,0.9998,1.0,1.0,0.0,0.2,0.8,True,True,True,True,True
20291_42287610,simple_rotor,1,22671_fdd1b1e6,simple_rotor,1.0,0.9999,1.0,1.0,0.0,0.2,0.8,True,True,True,True,True
20291_42287610,simple_rotor,2,21865_c190b734,simple_rotor,1.0,0.9999,1.0,1.0,0.0,0.2,0.8,True,True,True,True,True
20291_42287610,simple_rotor,3,23351_6104d55d,simple_rotor,1.0,1.0,1.0,1.0,0.0,0.2,0.8,True,True,True,True,True
23245_ccd099b6,medium_rotor,1,20421_83f66ddc,medium_rotor,0.95,1.0,0.75,0.9999,0.0,0.15,0.8,True,False,True,True,True
23245_ccd099b6,medium_rotor,2,23211_3aac9c7e,simple_rotor,0.9499,1.0,0.75,0.9999,0.0,0.15,0.7999,False,True,True,False,True
23245_ccd099b6,medium_rotor,3,20504_c9e14c9d,medium_rotor,0.9498,0.9999,0.75,0.9998,0.0,0.15,0.7998,True,False,True,True,True
21580_b8b2571b,high_complexity_rotor,1,21718_1551037b,complex_assembly,1.0,0.9399,1.0,1.0,0.0,0.2,0.8,False,True,True,True,True
21580_b8b2571b,high_complexity_rotor,2,21352_d60bc953,complex_assembly,0.9996,0.8463,1.0,0.9996,0.0,0.2,0.7996,False,True,True,True,True
21580_b8b2571b,high_complexity_rotor,3,23226_8d1b5098,complex_assembly,0.9986,0.9829,1.0,0.9983,0.0,0.2,0.7986,False,True,True,True,True
21365_ab403591,medium_rotor,1,20239_49b65a55,medium_rotor,0.9998,0.9993,1.0,0.9998,0.0,0.2,0.7998,True,True,True,True,True
21365_ab403591,medium_rotor,2,20431_0088a0dd,medium_rotor,0.9983,0.9988,1.0,0.9978,0.0,0.2,0.7983,True,True,True,True,True
21365_ab403591,medium_rotor,3,22630_b6010fff,medium_rotor,0.9977,0.9939,1.0,0.9971,0.0,0.2,0.7977,True,True,True,True,True
22014_5880c417,simple_rotor,1,21357_9edfc0a0,simple_rotor,1.0,1.0,1.0,1.0,0.0,0.2,0.8,True,True,True,True,True
22014_5880c417,simple_rotor,2,20841_1620ae7d,simple_rotor,1.0,0.9999,1.0,1.0,0.0,0.2,0.8,True,True,True,True,True
22014_5880c417,simple_rotor,3,22862_f5406bb0,simple_rotor,1.0,1.0,1.0,1.0,0.0,0.2,0.8,True,True,True,True,True
21630_316322ff,simple_rotor,1,22671_fdd1b1e6,simple_rotor,1.0,1.0,1.0,1.0,0.0,0.2,0.8,True,True,True,True,True
21630_316322ff,simple_rotor,2,21865_c190b734,simple_rotor,1.0,1.0,1.0,1.0,0.0,0.2,0.8,True,True,True,True,True
21630_316322ff,simple_rotor,3,23351_6104d55d,simple_rotor,1.0,1.0,1.0,1.0,0.0,0.2,0.8,True,True,True,True,True
22349_6f67a96e,simple_rotor,1,22671_fdd1b1e6,simple_rotor,1.0,1.0,1.0,1.0,0.0,0.2,0.8,True,True,True,True,True
22349_6f67a96e,simple_rotor,2,21865_c190b734,simple_rotor,1.0,1.0,1.0,1.0,0.0,0.2,0.8,True,True,True,True,True
22349_6f67a96e,simple_rotor,3,23351_6104d55d,simple_rotor,1.0,1.0,1.0,1.0,0.0,0.2,0.8,True,True,True,True,True
21316_69ed56f5,complex_assembly,1,23511_8651ac1f,high_complexity_rotor,0.927,0.9162,1.0,0.9087,0.0,0.2,0.727,False,True,True,True,True
21316_69ed56f5,complex_assembly,2,22415_658c81dd,complex_assembly,0.8903,0.8396,1.0,0.8629,0.0,0.2,0.6903,True,True,True,True,True
21316_69ed56f5,complex_assembly,3,22717_08784417,complex_assembly,0.8479,0.9211,1.0,0.8099,0.0,0.2,0.6479,True,True,True,True,True
20281_a29f9a18,medium_rotor,1,23044_9a964a68,medium_rotor,1.0,0.9974,1.0,1.0,0.0,0.2,0.8,True,True,True,True,True
20281_a29f9a18,medium_rotor,2,23322_8f85d82d,medium_rotor,1.0,0.9977,1.0,1.0,0.0,0.2,0.8,True,True,True,True,True
20281_a29f9a18,medium_rotor,3,21202_e452c491,medium_rotor,1.0,0.9999,1.0,1.0,0.0,0.2,0.8,True,True,True,True,True
21243_3ec5d732,simple_rotor,1,22671_fdd1b1e6,simple_rotor,1.0,0.9999,1.0,1.0,0.0,0.2,0.8,True,True,True,True,True
21243_3ec5d732,simple_rotor,2,21865_c190b734,simple_rotor,1.0,0.9999,1.0,1.0,0.0,0.2,0.8,True,True,True,True,True
21243_3ec5d732,simple_rotor,3,23351_6104d55d,simple_rotor,1.0,1.0,1.0,1.0,0.0,0.2,0.8,True,True,True,True,True
21545_4384f96e,complex_assembly,1,21582_a3d32115,complex_assembly,1.0,0.8962,1.0,1.0,0.0,0.2,0.8,True,True,True,True,True
21545_4384f96e,complex_assembly,2,23235_f9ccb8b0,complex_assembly,1.0,0.9651,1.0,1.0,0.0,0.2,0.8,True,True,True,True,True
21545_4384f96e,complex_assembly,3,20952_b8a54213,complex_assembly,1.0,0.7397,1.0,1.0,0.0,0.2,0.8,True,True,True,True,True
23258_87a2ba81,high_complexity_rotor,1,23233_ac09e2e5,high_complexity_rotor,0.9999,0.8589,1.0,0.9999,0.0,0.2,0.7999,True,True,True,True,True
23258_87a2ba81,high_complexity_rotor,2,21709_4dd88551,high_complexity_rotor,0.9999,0.8629,1.0,0.9998,0.0,0.2,0.7999,True,True,True,True,True
23258_87a2ba81,high_complexity_rotor,3,20279_aed6b3b3,high_complexity_rotor,0.9998,0.9594,1.0,0.9998,0.0,0.2,0.7998,True,True,True,True,True
21839_a8eb6d34,high_complexity_rotor,1,21838_5bc448b4,high_complexity_rotor,1.0,0.9893,1.0,1.0,0.0,0.2,0.8,True,True,True,True,True
21839_a8eb6d34,high_complexity_rotor,2,20643_71ad3d26,high_complexity_rotor,1.0,0.9926,1.0,1.0,0.0,0.2,0.8,True,True,True,True,True
21839_a8eb6d34,high_complexity_rotor,3,21843_effbd24d,high_complexity_rotor,1.0,0.988,1.0,1.0,0.0,0.2,0.8,True,True,True,True,True
23123_f35404c4,complex_assembly,1,23271_f833d903,complex_assembly,1.0,0.9648,1.0,1.0,0.0,0.2,0.8,True,True,True,True,True
23123_f35404c4,complex_assembly,2,22491_a33562ad,complex_assembly,1.0,0.9996,1.0,1.0,0.0,0.2,0.8,True,True,True,True,True
23123_f35404c4,complex_assembly,3,21918_976c2754,high_complexity_rotor,1.0,0.9996,1.0,1.0,0.0,0.2,0.8,False,True,True,True,True
21425_d0d47a2a,high_complexity_rotor,1,20668_b2f2633e,high_complexity_rotor,1.0,0.9861,1.0,1.0,0.0,0.2,0.8,True,True,True,True,True
21425_d0d47a2a,high_complexity_rotor,2,22483_f4e4b62a,complex_assembly,1.0,0.8994,1.0,0.9999,0.0,0.2,0.8,False,True,True,True,True
21425_d0d47a2a,high_complexity_rotor,3,22492_047b125b,complex_assembly,0.9996,0.9513,1.0,0.9995,0.0,0.2,0.7996,False,True,True,True,True
22419_dfeb5d33,high_complexity_rotor,1,22416_4cd31921,high_complexity_rotor,1.0,0.9924,1.0,1.0,0.0,0.2,0.8,True,True,True,True,True
22419_dfeb5d33,high_complexity_rotor,2,22893_eb8aa8ac,high_complexity_rotor,1.0,0.9948,1.0,1.0,0.0,0.2,0.8,True,True,True,True,True
22419_dfeb5d33,high_complexity_rotor,3,20620_8a5226b4,high_complexity_rotor,1.0,0.9899,1.0,1.0,0.0,0.2,0.8,True,True,True,True,True
21986_67c5509a,complex_assembly,1,22298_51433023,complex_assembly,1.0,0.9938,1.0,1.0,0.0,0.2,0.8,True,True,True,True,True
21986_67c5509a,complex_assembly,2,23235_f9ccb8b0,complex_assembly,1.0,0.9741,1.0,1.0,0.0,0.2,0.8,True,True,True,True,True
21986_67c5509a,complex_assembly,3,21582_a3d32115,complex_assembly,1.0,0.9124,1.0,1.0,0.0,0.2,0.8,True,True,True,True,True
21035_d308c5c4,medium_rotor,1,23413_6702ec7f,medium_rotor,0.9997,0.9961,1.0,0.9996,0.0,0.2,0.7997,True,True,True,True,True
21035_d308c5c4,medium_rotor,2,20722_90d46353,medium_rotor,0.997,0.9961,1.0,0.9962,0.0,0.2,0.797,True,True,True,True,True
21035_d308c5c4,medium_rotor,3,23368_648717d8,medium_rotor,0.9964,0.9994,1.0,0.9954,0.0,0.2,0.7964,True,True,True,True,True
21859_35124f79,complex_assembly,1,21741_c6faf98e,complex_assembly,0.9999,0.7444,1.0,0.9999,0.0,0.2,0.7999,True,True,True,True,True
21859_35124f79,complex_assembly,2,20636_ca9eb29a,high_complexity_rotor,0.9998,0.6764,1.0,0.9998,0.0,0.2,0.7998,False,True,True,True,True
21859_35124f79,complex_assembly,3,22492_047b125b,complex_assembly,0.9984,0.7657,1.0,0.9981,0.0,0.2,0.7984,True,True,True,True,True
22421_19401bdd,high_complexity_rotor,1,20697_d3e106b4,high_complexity_rotor,1.0,0.999,1.0,1.0,0.0,0.2,0.8,True,True,True,True,True
22421_19401bdd,high_complexity_rotor,2,23155_d7305c5f,high_complexity_rotor,1.0,0.9953,1.0,1.0,0.0,0.2,0.8,True,True,True,True,True
22421_19401bdd,high_complexity_rotor,3,23329_6939d5d9,high_complexity_rotor,1.0,0.9988,1.0,1.0,0.0,0.2,0.8,True,True,True,True,True
22787_49022c32,complex_assembly,1,21557_53eafe15,complex_assembly,0.999,0.9996,1.0,0.9987,0.0,0.2,0.799,True,True,True,True,True
22787_49022c32,complex_assembly,2,21809_8bd6b10e,high_complexity_rotor,0.997,0.9987,1.0,0.9963,0.0,0.2,0.797,False,True,True,True,True
22787_49022c32,complex_assembly,3,20293_a1999339,high_complexity_rotor,0.9965,0.9974,1.0,0.9956,0.0,0.2,0.7965,False,True,True,True,True
23103_66470b7e,simple_rotor,1,22671_fdd1b1e6,simple_rotor,1.0,1.0,1.0,1.0,0.0,0.2,0.8,True,True,True,True,True
23103_66470b7e,simple_rotor,2,21865_c190b734,simple_rotor,1.0,0.9999,1.0,1.0,0.0,0.2,0.8,True,True,True,True,True
23103_66470b7e,simple_rotor,3,23351_6104d55d,simple_rotor,1.0,0.9999,1.0,1.0,0.0,0.2,0.8,True,True,True,True,True
20505_017d4cc4,medium_rotor,1,21626_b34008e6,medium_rotor,1.0,0.9997,1.0,1.0,0.0,0.2,0.8,True,True,True,True,True
20505_017d4cc4,medium_rotor,2,21513_50fb4d62,medium_rotor,1.0,0.9997,1.0,1.0,0.0,0.2,0.8,True,True,True,True,True
20505_017d4cc4,medium_rotor,3,21745_56cbe841,medium_rotor,0.9999,0.9999,1.0,0.9999,0.0,0.2,0.7999,True,True,True,True,True
23044_9a964a68,medium_rotor,1,20281_a29f9a18,medium_rotor,1.0,0.9974,1.0,1.0,0.0,0.2,0.8,True,True,True,True,True
23044_9a964a68,medium_rotor,2,23322_8f85d82d,medium_rotor,1.0,0.9999,1.0,1.0,0.0,0.2,0.8,True,True,True,True,True
23044_9a964a68,medium_rotor,3,21202_e452c491,medium_rotor,1.0,0.9981,1.0,1.0,0.0,0.2,0.8,True,True,True,True,True
20682_e208cc63,symmetric_rotor,1,22311_553b3456,symmetric_rotor,1.0,0.9986,1.0,1.0,0.0,0.2,0.8,True,True,True,True,True
20682_e208cc63,symmetric_rotor,2,22762_dcbdd14d,symmetric_rotor,1.0,0.9998,1.0,1.0,0.0,0.2,0.8,True,True,True,True,True
20682_e208cc63,symmetric_rotor,3,22057_4947db57,symmetric_rotor,1.0,1.0,1.0,1.0,0.0,0.2,0.8,True,True,True,True,True
21976_807c9b26,simple_rotor,1,22043_041e1b7c,simple_rotor,1.0,0.9999,1.0,1.0,0.0,0.2,0.8,True,True,True,True,True
21976_807c9b26,simple_rotor,2,22270_c6999138,simple_rotor,1.0,0.9999,1.0,1.0,0.0,0.2,0.8,True,True,True,True,True
21976_807c9b26,simple_rotor,3,21184_971559b6,simple_rotor,1.0,1.0,1.0,1.0,0.0,0.2,0.8,True,True,True,True,True
21865_c190b734,simple_rotor,1,22671_fdd1b1e6,simple_rotor,1.0,1.0,1.0,1.0,0.0,0.2,0.8,True,True,True,True,True
21865_c190b734,simple_rotor,2,23103_66470b7e,simple_rotor,1.0,0.9999,1.0,1.0,0.0,0.2,0.8,True,True,True,True,True
21865_c190b734,simple_rotor,3,23351_6104d55d,simple_rotor,1.0,0.9999,1.0,1.0,0.0,0.2,0.8,True,True,True,True,True
20426_79358492,simple_rotor,1,22907_ff18dbd5,simple_rotor,0.2,1.0,1.0,0.0,0.0,0.2,0.0,True,True,True,True,True
20426_79358492,simple_rotor,2,22058_71feafda,simple_rotor,0.2,1.0,1.0,0.0,0.0,0.2,0.0,True,True,True,True,True
20426_79358492,simple_rotor,3,20672_0bc07cce,simple_rotor,0.2,1.0,1.0,0.0,0.0,0.2,0.0,True,True,True,True,True
22076_20e8a107,high_complexity_rotor,1,23422_f214bd4d,complex_assembly,0.9999,0.994,1.0,0.9999,0.0,0.2,0.7999,False,True,True,True,True
22076_20e8a107,high_complexity_rotor,2,21337_062b39fa,high_complexity_rotor,0.9999,0.9946,1.0,0.9999,0.0,0.2,0.7999,True,True,True,True,True
22076_20e8a107,high_complexity_rotor,3,20351_dc6e4e1e,complex_assembly,0.9997,0.9639,1.0,0.9997,0.0,0.2,0.7997,False,True,True,True,True
23217_7c6062e3,high_complexity_rotor,1,20745_3e22ad07,high_complexity_rotor,1.0,0.8765,1.0,1.0,0.0,0.2,0.8,True,True,True,True,True
23217_7c6062e3,high_complexity_rotor,2,23377_690165aa,high_complexity_rotor,1.0,0.998,1.0,1.0,0.0,0.2,0.8,True,True,True,True,True
23217_7c6062e3,high_complexity_rotor,3,23168_7fdf5427,high_complexity_rotor,1.0,0.9993,1.0,1.0,0.0,0.2,0.8,True,True,True,True,True
23408_e5fd25ba,simple_rotor,1,21139_cd619b26,simple_rotor,1.0,0.9999,1.0,1.0,0.0,0.2,0.8,True,True,True,True,True
23408_e5fd25ba,simple_rotor,2,23103_66470b7e,simple_rotor,1.0,1.0,1.0,1.0,0.0,0.2,0.8,True,True,True,True,True
23408_e5fd25ba,simple_rotor,3,23351_6104d55d,simple_rotor,1.0,0.9999,1.0,1.0,0.0,0.2,0.8,True,True,True,True,True
22443_fa24c6f9,medium_rotor,1,23213_3df3cb34,medium_rotor,1.0,0.9937,1.0,1.0,0.0,0.2,0.8,True,True,True,True,True
22443_fa24c6f9,medium_rotor,2,23409_e27e3b8b,medium_rotor,1.0,0.9892,1.0,1.0,0.0,0.2,0.8,True,True,True,True,True
22443_fa24c6f9,medium_rotor,3,22852_dc1dbed6,medium_rotor,1.0,0.9689,1.0,1.0,0.0,0.2,0.8,True,True,True,True,True
21706_adfb2ece,medium_rotor,1,23213_3df3cb34,medium_rotor,1.0,0.9991,1.0,1.0,0.0,0.2,0.8,True,True,True,True,True
21706_adfb2ece,medium_rotor,2,23409_e27e3b8b,medium_rotor,1.0,1.0,1.0,1.0,0.0,0.2,0.8,True,True,True,True,True
21706_adfb2ece,medium_rotor,3,22852_dc1dbed6,medium_rotor,1.0,0.9483,1.0,1.0,0.0,0.2,0.8,True,True,True,True,True
23265_07de6a0b,simple_rotor,1,21469_abec26c4,simple_rotor,1.0,1.0,1.0,1.0,0.0,0.2,0.8,True,True,True,True,True
23265_07de6a0b,simple_rotor,2,22133_465d7a91,simple_rotor,1.0,0.9999,1.0,1.0,0.0,0.2,0.8,True,True,True,True,True
23265_07de6a0b,simple_rotor,3,20193_2da4f0a0,simple_rotor,1.0,0.9999,1.0,1.0,0.0,0.2,0.8,True,True,True,True,True
21745_56cbe841,medium_rotor,1,22228_1c82530b,medium_rotor,1.0,0.9998,1.0,1.0,0.0,0.2,0.8,True,True,True,True,True
21745_56cbe841,medium_rotor,2,20505_017d4cc4,medium_rotor,0.9999,0.9999,1.0,0.9999,0.0,0.2,0.7999,True,True,True,True,True
21745_56cbe841,medium_rotor,3,22778_7d85debd,medium_rotor,0.9999,0.9998,1.0,0.9999,0.0,0.2,0.7999,True,True,True,True,True
20466_4b3e5186,simple_rotor,1,22907_ff18dbd5,simple_rotor,0.2,1.0,1.0,0.0,0.0,0.2,0.0,True,True,True,True,True
20466_4b3e5186,simple_rotor,2,22058_71feafda,simple_rotor,0.2,1.0,1.0,0.0,0.0,0.2,0.0,True,True,True,True,True
20466_4b3e5186,simple_rotor,3,20672_0bc07cce,simple_rotor,0.2,1.0,1.0,0.0,0.0,0.2,0.0,True,True,True,True,True
21695_1f33863f,medium_rotor,1,22218_2f85f6ae,medium_rotor,1.0,1.0,1.0,1.0,0.0,0.2,0.8,True,True,True,True,True
21695_1f33863f,medium_rotor,2,20285_b64b1a7e,medium_rotor,1.0,0.9998,1.0,1.0,0.0,0.2,0.8,True,True,True,True,True
21695_1f33863f,medium_rotor,3,22061_b50b6b66,medium_rotor,1.0,0.9999,1.0,1.0,0.0,0.2,0.8,True,True,True,True,True
19518_f220b68a,simple_rotor,1,20940_9777847c,simple_rotor,0.9999,0.9998,1.0,0.9998,0.0,0.2,0.7999,True,True,True,True,True
19518_f220b68a,simple_rotor,2,23039_b3d04774,simple_rotor,0.9979,1.0,1.0,0.9974,0.0,0.2,0.7979,True,True,True,True,True
19518_f220b68a,simple_rotor,3,22981_93f268ae,simple_rotor,0.997,0.9998,1.0,0.9963,0.0,0.2,0.797,True,True,True,True,True
22313_3a8b93dc,medium_rotor,1,23213_3df3cb34,medium_rotor,1.0,0.9991,1.0,1.0,0.0,0.2,0.8,True,True,True,True,True
22313_3a8b93dc,medium_rotor,2,23409_e27e3b8b,medium_rotor,1.0,1.0,1.0,1.0,0.0,0.2,0.8,True,True,True,True,True
22313_3a8b93dc,medium_rotor,3,22852_dc1dbed6,medium_rotor,1.0,0.9485,1.0,1.0,0.0,0.2,0.8,True,True,True,True,True
22251_88fd728c,medium_rotor,1,23213_3df3cb34,medium_rotor,1.0,0.9972,1.0,1.0,0.0,0.2,0.8,True,True,True,True,True
22251_88fd728c,medium_rotor,2,23409_e27e3b8b,medium_rotor,1.0,0.9932,1.0,1.0,0.0,0.2,0.8,True,True,True,True,True
22251_88fd728c,medium_rotor,3,22852_dc1dbed6,medium_rotor,1.0,0.9513,1.0,1.0,0.0,0.2,0.8,True,True,True,True,True
21613_d57e983a,simple_rotor,1,21139_cd619b26,simple_rotor,1.0,0.9999,1.0,1.0,0.0,0.2,0.8,True,True,True,True,True
21613_d57e983a,simple_rotor,2,23103_66470b7e,simple_rotor,1.0,1.0,1.0,1.0,0.0,0.2,0.8,True,True,True,True,True
21613_d57e983a,simple_rotor,3,23351_6104d55d,simple_rotor,1.0,0.9999,1.0,1.0,0.0,0.2,0.8,True,True,True,True,True
22067_624b28e3,simple_rotor,1,22214_b098105d,simple_rotor,1.0,0.9999,1.0,1.0,0.0,0.2,0.8,True,True,True,True,True
22067_624b28e3,simple_rotor,2,21357_9edfc0a0,simple_rotor,0.9842,1.0,1.0,0.9803,0.0,0.2,0.7842,True,True,True,True,True
22067_624b28e3,simple_rotor,3,22862_f5406bb0,simple_rotor,0.9842,0.9999,1.0,0.9803,0.0,0.2,0.7842,True,True,True,True,True
21005_9feee615,high_complexity_rotor,1,21809_8bd6b10e,high_complexity_rotor,0.95,0.9669,0.75,1.0,0.0,0.15,0.8,True,False,True,True,True
21005_9feee615,high_complexity_rotor,2,20293_a1999339,high_complexity_rotor,0.9499,0.9628,0.75,0.9999,0.0,0.15,0.7999,True,False,True,True,True
21005_9feee615,high_complexity_rotor,3,21519_3e869afd,high_complexity_rotor,0.9499,0.8784,0.75,0.9998,0.0,0.15,0.7999,True,False,True,True,True
23250_aa321310,simple_rotor,1,20910_c64b5d1b,simple_rotor,1.0,0.9999,1.0,1.0,0.0,0.2,0.8,True,True,True,True,True
23250_aa321310,simple_rotor,2,22261_6efe61e3,simple_rotor,1.0,1.0,1.0,1.0,0.0,0.2,0.8,True,True,True,True,True
23250_aa321310,simple_rotor,3,21570_9cb1d1c4,simple_rotor,1.0,1.0,1.0,1.0,0.0,0.2,0.8,True,True,True,True,True
23155_d7305c5f,high_complexity_rotor,1,21174_861bd902,high_complexity_rotor,1.0,0.999,1.0,1.0,0.0,0.2,0.8,True,True,True,True,True
23155_d7305c5f,high_complexity_rotor,2,22421_19401bdd,high_complexity_rotor,1.0,0.9953,1.0,1.0,0.0,0.2,0.8,True,True,True,True,True
23155_d7305c5f,high_complexity_rotor,3,20697_d3e106b4,high_complexity_rotor,1.0,0.9987,1.0,1.0,0.0,0.2,0.8,True,True,True,True,True
22749_346e10ae,simple_rotor,1,21139_cd619b26,simple_rotor,1.0,1.0,1.0,1.0,0.0,0.2,0.8,True,True,True,True,True
22749_346e10ae,simple_rotor,2,23103_66470b7e,simple_rotor,1.0,0.9999,1.0,1.0,0.0,0.2,0.8,True,True,True,True,True
22749_346e10ae,simple_rotor,3,23351_6104d55d,simple_rotor,1.0,1.0,1.0,1.0,0.0,0.2,0.8,True,True,True,True,True
20818_098cad7c,high_complexity_rotor,1,20279_aed6b3b3,high_complexity_rotor,0.9997,0.9993,1.0,0.9997,0.0,0.2,0.7997,True,True,True,True,True
20818_098cad7c,high_complexity_rotor,2,20959_d4905d19,high_complexity_rotor,0.9996,0.9971,1.0,0.9996,0.0,0.2,0.7996,True,True,True,True,True
20818_098cad7c,high_complexity_rotor,3,22652_dc7405ef,high_complexity_rotor,0.9996,0.9717,1.0,0.9996,0.0,0.2,0.7996,True,True,True,True,True
7780_6c885e81,symmetric_rotor,1,22259_613f9d44,symmetric_rotor,1.0,0.9991,1.0,1.0,0.0,0.2,0.8,True,True,True,True,True
7780_6c885e81,symmetric_rotor,2,21490_d07ff9f8,symmetric_rotor,1.0,0.9996,1.0,1.0,0.0,0.2,0.8,True,True,True,True,True
7780_6c885e81,symmetric_rotor,3,23221_42f37ae3,symmetric_rotor,1.0,0.9986,1.0,1.0,0.0,0.2,0.8,True,True,True,True,True
21581_8f948e0b,simple_rotor,1,21139_cd619b26,simple_rotor,1.0,1.0,1.0,1.0,0.0,0.2,0.8,True,True,True,True,True
21581_8f948e0b,simple_rotor,2,23103_66470b7e,simple_rotor,1.0,0.9999,1.0,1.0,0.0,0.2,0.8,True,True,True,True,True
21581_8f948e0b,simple_rotor,3,23351_6104d55d,simple_rotor,1.0,1.0,1.0,1.0,0.0,0.2,0.8,True,True,True,True,True
20186_f66e4ad3,simple_rotor,1,20436_41b730a3,simple_rotor,1.0,0.9998,1.0,1.0,0.0,0.2,0.8,True,True,True,True,True
20186_f66e4ad3,simple_rotor,2,22378_234fea2c,simple_rotor,1.0,1.0,1.0,1.0,0.0,0.2,0.8,True,True,True,True,True
20186_f66e4ad3,simple_rotor,3,23215_08a54de0,simple_rotor,1.0,0.9999,1.0,1.0,0.0,0.2,0.8,True,True,True,True,True
23322_8f85d82d,medium_rotor,1,21202_e452c491,medium_rotor,1.0,0.9984,1.0,1.0,0.0,0.2,0.8,True,True,True,True,True
23322_8f85d82d,medium_rotor,2,20281_a29f9a18,medium_rotor,1.0,0.9977,1.0,1.0,0.0,0.2,0.8,True,True,True,True,True
23322_8f85d82d,medium_rotor,3,23044_9a964a68,medium_rotor,1.0,0.9999,1.0,1.0,0.0,0.2,0.8,True,True,True,True,True
23235_f9ccb8b0,complex_assembly,1,21582_a3d32115,complex_assembly,1.0,0.9798,1.0,1.0,0.0,0.2,0.8,True,True,True,True,True
23235_f9ccb8b0,complex_assembly,2,21545_4384f96e,complex_assembly,1.0,0.9651,1.0,1.0,0.0,0.2,0.8,True,True,True,True,True
23235_f9ccb8b0,complex_assembly,3,21986_67c5509a,complex_assembly,1.0,0.9741,1.0,1.0,0.0,0.2,0.8,True,True,True,True,True
21528_a5d5490f,medium_rotor,1,21912_3f74887c,medium_rotor,1.0,1.0,1.0,1.0,0.0,0.2,0.8,True,True,True,True,True
21528_a5d5490f,medium_rotor,2,22126_e1cca10f,medium_rotor,1.0,0.9993,1.0,1.0,0.0,0.2,0.8,True,True,True,True,True
21528_a5d5490f,medium_rotor,3,21009_907a2a95,medium_rotor,1.0,0.9997,1.0,1.0,0.0,0.2,0.8,True,True,True,True,True
23466_1cf60d09,medium_rotor,1,23363_60e39812,medium_rotor,1.0,0.9915,1.0,1.0,0.0,0.2,0.8,True,True,True,True,True
23466_1cf60d09,medium_rotor,2,22199_8ec9eeb2,medium_rotor,1.0,0.9999,1.0,1.0,0.0,0.2,0.8,True,True,True,True,True
23466_1cf60d09,medium_rotor,3,22126_e1cca10f,medium_rotor,1.0,0.9954,1.0,1.0,0.0,0.2,0.8,True,True,True,True,True
21467_67965037,symmetric_rotor,1,22050_e8702dd4,symmetric_rotor,1.0,0.9999,1.0,1.0,0.0,0.2,0.8,True,True,True,True,True
21467_67965037,symmetric_rotor,2,21603_98a15295,symmetric_rotor,0.9999,0.9999,1.0,0.9999,0.0,0.2,0.7999,True,True,True,True,True
21467_67965037,symmetric_rotor,3,22561_067b78ae,symmetric_rotor,0.9997,0.9998,1.0,0.9996,0.0,0.2,0.7997,True,True,True,True,True
20165_2b088be5,high_complexity_rotor,1,22670_9353c710,complex_assembly,1.0,0.9962,1.0,1.0,0.0,0.2,0.8,False,True,True,True,True
20165_2b088be5,high_complexity_rotor,2,22581_406c16c4,complex_assembly,1.0,0.9683,1.0,1.0,0.0,0.2,0.8,False,True,True,True,True
20165_2b088be5,high_complexity_rotor,3,22298_51433023,complex_assembly,0.9999,0.9945,1.0,0.9999,0.0,0.2,0.7999,False,True,True,True,True
22581_406c16c4,complex_assembly,1,20787_ed64ff5e,complex_assembly,1.0,0.9979,1.0,1.0,0.0,0.2,0.8,True,True,True,True,True
22581_406c16c4,complex_assembly,2,20165_2b088be5,high_complexity_rotor,1.0,0.9683,1.0,1.0,0.0,0.2,0.8,False,True,True,True,True
22581_406c16c4,complex_assembly,3,22670_9353c710,complex_assembly,1.0,0.9596,1.0,1.0,0.0,0.2,0.8,True,True,True,True,True
21781_5985da6d,simple_rotor,1,21139_cd619b26,simple_rotor,1.0,1.0,1.0,1.0,0.0,0.2,0.8,True,True,True,True,True
21781_5985da6d,simple_rotor,2,23103_66470b7e,simple_rotor,1.0,0.9999,1.0,1.0,0.0,0.2,0.8,True,True,True,True,True
21781_5985da6d,simple_rotor,3,23351_6104d55d,simple_rotor,1.0,1.0,1.0,1.0,0.0,0.2,0.8,True,True,True,True,True
21267_35a558cc,simple_rotor,1,21139_cd619b26,simple_rotor,1.0,1.0,1.0,1.0,0.0,0.2,0.8,True,True,True,True,True
21267_35a558cc,simple_rotor,2,23103_66470b7e,simple_rotor,1.0,0.9998,1.0,1.0,0.0,0.2,0.8,True,True,True,True,True
21267_35a558cc,simple_rotor,3,23351_6104d55d,simple_rotor,1.0,1.0,1.0,1.0,0.0,0.2,0.8,True,True,True,True,True
21849_a5f563a6,high_complexity_rotor,1,22168_a84560a9,high_complexity_rotor,1.0,0.9999,1.0,1.0,0.0,0.2,0.8,True,True,True,True,True
21849_a5f563a6,high_complexity_rotor,2,22421_19401bdd,high_complexity_rotor,1.0,0.997,1.0,1.0,0.0,0.2,0.8,True,True,True,True,True
21849_a5f563a6,high_complexity_rotor,3,22417_4a15d62e,high_complexity_rotor,1.0,0.9999,1.0,1.0,0.0,0.2,0.8,True,True,True,True,True
20722_90d46353,medium_rotor,1,21719_d60b8a4a,medium_rotor,0.9996,0.9991,1.0,0.9994,0.0,0.2,0.7996,True,True,True,True,True
20722_90d46353,medium_rotor,2,21035_d308c5c4,medium_rotor,0.997,0.9961,1.0,0.9962,0.0,0.2,0.797,True,True,True,True,True
20722_90d46353,medium_rotor,3,23413_6702ec7f,medium_rotor,0.9948,0.9999,1.0,0.9935,0.0,0.2,0.7948,True,True,True,True,True
23213_3df3cb34,medium_rotor,1,21974_1997ebc3,medium_rotor,1.0,0.9999,1.0,1.0,0.0,0.2,0.8,True,True,True,True,True
23213_3df3cb34,medium_rotor,2,20797_78b83489,medium_rotor,1.0,0.9995,1.0,1.0,0.0,0.2,0.8,True,True,True,True,True
23213_3df3cb34,medium_rotor,3,20849_9821b6fe,medium_rotor,1.0,0.9993,1.0,1.0,0.0,0.2,0.8,True,True,True,True,True
22073_951645ae,simple_rotor,1,20478_c02790cb,simple_rotor,1.0,0.9996,1.0,1.0,0.0,0.2,0.8,True,True,True,True,True
22073_951645ae,simple_rotor,2,23265_07de6a0b,simple_rotor,1.0,0.9999,1.0,1.0,0.0,0.2,0.8,True,True,True,True,True
22073_951645ae,simple_rotor,3,22133_465d7a91,simple_rotor,1.0,0.9997,1.0,1.0,0.0,0.2,0.8,True,True,True,True,True
22341_0f9c52ed,medium_rotor,1,23132_1847c4ef,medium_rotor,1.0,0.9995,1.0,1.0,0.0,0.2,0.8,True,True,True,True,True
22341_0f9c52ed,medium_rotor,2,21923_41fa6eda,medium_rotor,1.0,0.9993,1.0,1.0,0.0,0.2,0.8,True,True,True,True,True
22341_0f9c52ed,medium_rotor,3,22980_3cb3bcc8,medium_rotor,0.9999,0.9961,1.0,0.9999,0.0,0.2,0.7999,True,True,True,True,True
22075_12b129d5,simple_rotor,1,21139_cd619b26,simple_rotor,1.0,1.0,1.0,1.0,0.0,0.2,0.8,True,True,True,True,True
22075_12b129d5,simple_rotor,2,23103_66470b7e,simple_rotor,1.0,0.9999,1.0,1.0,0.0,0.2,0.8,True,True,True,True,True
22075_12b129d5,simple_rotor,3,23351_6104d55d,simple_rotor,1.0,1.0,1.0,1.0,0.0,0.2,0.8,True,True,True,True,True
22762_dcbdd14d,symmetric_rotor,1,22311_553b3456,symmetric_rotor,1.0,0.9994,1.0,1.0,0.0,0.2,0.8,True,True,True,True,True
22762_dcbdd14d,symmetric_rotor,2,20682_e208cc63,symmetric_rotor,1.0,0.9998,1.0,1.0,0.0,0.2,0.8,True,True,True,True,True
22762_dcbdd14d,symmetric_rotor,3,22057_4947db57,symmetric_rotor,1.0,0.9998,1.0,1.0,0.0,0.2,0.8,True,True,True,True,True
21722_68aeba65,complex_assembly,1,21492_8bd34fc1,complex_assembly,0.9986,0.9864,1.0,0.9982,0.0,0.2,0.7986,True,True,True,True,True
21722_68aeba65,complex_assembly,2,22125_e3a4cad4,complex_assembly,0.9938,0.6603,1.0,0.9922,0.0,0.2,0.7938,True,True,True,True,True
21722_68aeba65,complex_assembly,3,22028_776fbf0d,complex_assembly,0.9867,0.9851,1.0,0.9834,0.0,0.2,0.7867,True,True,True,True,True
22133_465d7a91,simple_rotor,1,20478_c02790cb,simple_rotor,1.0,1.0,1.0,1.0,0.0,0.2,0.8,True,True,True,True,True
22133_465d7a91,simple_rotor,2,23265_07de6a0b,simple_rotor,1.0,0.9999,1.0,1.0,0.0,0.2,0.8,True,True,True,True,True
22133_465d7a91,simple_rotor,3,22073_951645ae,simple_rotor,1.0,0.9997,1.0,1.0,0.0,0.2,0.8,True,True,True,True,True
21592_c5e77a82,medium_rotor,1,21282_b2d83538,medium_rotor,1.0,0.9068,1.0,1.0,0.0,0.2,0.8,True,True,True,True,True
21592_c5e77a82,medium_rotor,2,20858_15bdad00,medium_rotor,0.9999,0.8767,1.0,0.9998,0.0,0.2,0.7999,True,True,True,True,True
21592_c5e77a82,medium_rotor,3,22334_677d00e0,medium_rotor,0.9998,0.8762,1.0,0.9997,0.0,0.2,0.7998,True,True,True,True,True
21511_d07c59c2,high_complexity_rotor,1,21805_2ba39d00,high_complexity_rotor,1.0,0.9743,1.0,1.0,0.0,0.2,0.8,True,True,True,True,True
21511_d07c59c2,high_complexity_rotor,2,23467_9f431540,high_complexity_rotor,1.0,0.9997,1.0,1.0,0.0,0.2,0.8,True,True,True,True,True
21511_d07c59c2,high_complexity_rotor,3,22894_5f7c276d,high_complexity_rotor,1.0,0.9956,1.0,1.0,0.0,0.2,0.8,True,True,True,True,True
21994_357aac6f,simple_rotor,1,20994_9c88b1ba,simple_rotor,0.9999,0.9998,1.0,0.9999,0.0,0.2,0.7999,True,True,True,True,True
21994_357aac6f,simple_rotor,2,20756_75f43564,simple_rotor,0.9999,0.9999,1.0,0.9999,0.0,0.2,0.7999,True,True,True,True,True
21994_357aac6f,simple_rotor,3,20802_802b7d69,simple_rotor,0.9999,0.9998,1.0,0.9999,0.0,0.2,0.7999,True,True,True,True,True
20671_33532794,simple_rotor,1,21533_8837772a,simple_rotor,0.9633,1.0,1.0,0.9541,0.0,0.2,0.7633,True,True,True,True,True
20671_33532794,simple_rotor,2,20341_6a1588fb,simple_rotor,0.9592,1.0,1.0,0.949,0.0,0.2,0.7592,True,True,True,True,True
20671_33532794,simple_rotor,3,22378_234fea2c,simple_rotor,0.95,0.9999,0.75,1.0,0.0,0.15,0.8,True,False,True,True,True
20697_d3e106b4,high_complexity_rotor,1,22421_19401bdd,high_complexity_rotor,1.0,0.999,1.0,1.0,0.0,0.2,0.8,True,True,True,True,True
20697_d3e106b4,high_complexity_rotor,2,23329_6939d5d9,high_complexity_rotor,1.0,1.0,1.0,1.0,0.0,0.2,0.8,True,True,True,True,True
20697_d3e106b4,high_complexity_rotor,3,21121_1e9e7540,high_complexity_rotor,1.0,0.9997,1.0,1.0,0.0,0.2,0.8,True,True,True,True,True
20241_ccb70dc8,simple_rotor,1,20951_2918f2fa,simple_rotor,1.0,1.0,1.0,1.0,0.0,0.2,0.8,True,True,True,True,True
20241_ccb70dc8,simple_rotor,2,21776_fb0bfbc6,simple_rotor,1.0,0.9999,1.0,1.0,0.0,0.2,0.8,True,True,True,True,True
20241_ccb70dc8,simple_rotor,3,22135_2aa77ff2,simple_rotor,1.0,1.0,1.0,1.0,0.0,0.2,0.8,True,True,True,True,True
21557_53eafe15,complex_assembly,1,21809_8bd6b10e,high_complexity_rotor,0.9995,0.9984,1.0,0.9993,0.0,0.2,0.7995,False,True,True,True,True
21557_53eafe15,complex_assembly,2,20293_a1999339,high_complexity_rotor,0.9993,0.9977,1.0,0.9991,0.0,0.2,0.7993,False,True,True,True,True
21557_53eafe15,complex_assembly,3,22787_49022c32,complex_assembly,0.999,0.9996,1.0,0.9987,0.0,0.2,0.799,True,True,True,True,True
7778_3a9748b3,complex_assembly,1,23204_ff1672a9,complex_assembly,0.9992,0.9991,1.0,0.999,0.0,0.2,0.7992,True,True,True,True,True
7778_3a9748b3,complex_assembly,2,23376_9b48819a,high_complexity_rotor,0.9985,0.852,1.0,0.9981,0.0,0.2,0.7985,False,True,True,True,True
7778_3a9748b3,complex_assembly,3,19566_19d85d3b,high_complexity_rotor,0.9979,0.9935,1.0,0.9974,0.0,0.2,0.7979,False,True,True,True,True
20488_589ac9c0,simple_rotor,1,23184_731e5af0,simple_rotor,1.0,1.0,1.0,1.0,0.0,0.2,0.8,True,True,True,True,True
20488_589ac9c0,simple_rotor,2,23006_92c5b990,simple_rotor,1.0,1.0,1.0,1.0,0.0,0.2,0.8,True,True,True,True,True
20488_589ac9c0,simple_rotor,3,23351_6104d55d,simple_rotor,1.0,1.0,1.0,1.0,0.0,0.2,0.8,True,True,True,True,True
23374_57cca189,medium_rotor,1,21028_d4d30a2e,medium_rotor,0.9843,0.9917,1.0,0.9804,0.0,0.2,0.7843,True,True,True,True,True
23374_57cca189,medium_rotor,2,20789_1809f41f,medium_rotor,0.9596,1.0,1.0,0.9494,0.0,0.2,0.7596,True,True,True,True,True
23374_57cca189,medium_rotor,3,22017_6d3be48d,medium_rotor,0.95,0.9882,0.75,1.0,0.0,0.15,0.8,True,False,True,True,True
22129_48b47c52,simple_rotor,1,20551_ff28a959,simple_rotor,1.0,1.0,1.0,1.0,0.0,0.2,0.8,True,True,True,True,True
22129_48b47c52,simple_rotor,2,21665_2e14b6ff,simple_rotor,1.0,1.0,1.0,1.0,0.0,0.2,0.8,True,True,True,True,True
22129_48b47c52,simple_rotor,3,20806_ca60b7ae,simple_rotor,1.0,1.0,1.0,1.0,0.0,0.2,0.8,True,True,True,True,True
20176_a02bde39,medium_rotor,1,22199_8ec9eeb2,medium_rotor,0.95,0.9942,0.75,1.0,0.0,0.15,0.8,True,False,True,True,True
20176_a02bde39,medium_rotor,2,22126_e1cca10f,medium_rotor,0.95,0.9999,0.75,1.0,0.0,0.15,0.8,True,False,True,True,True
20176_a02bde39,medium_rotor,3,23363_60e39812,medium_rotor,0.95,0.9993,0.75,1.0,0.0,0.15,0.8,True,False,True,True,True
19596_fb9531a5,high_complexity_rotor,1,22360_42cd6a21,high_complexity_rotor,0.9999,0.9998,1.0,0.9999,0.0,0.2,0.7999,True,True,True,True,True
19596_fb9531a5,high_complexity_rotor,2,22417_4a15d62e,high_complexity_rotor,0.9998,0.9994,1.0,0.9998,0.0,0.2,0.7998,True,True,True,True,True
19596_fb9531a5,high_complexity_rotor,3,20675_66ac9773,high_complexity_rotor,0.9998,0.4939,1.0,0.9997,0.0,0.2,0.7998,True,True,True,True,True
20438_5f344b00,simple_rotor,1,21810_718ae2fe,simple_rotor,1.0,1.0,1.0,1.0,0.0,0.2,0.8,True,True,True,True,True
20438_5f344b00,simple_rotor,2,22508_6bb410af,simple_rotor,1.0,1.0,1.0,1.0,0.0,0.2,0.8,True,True,True,True,True
20438_5f344b00,simple_rotor,3,20731_fbdc7731,simple_rotor,1.0,1.0,1.0,1.0,0.0,0.2,0.8,True,True,True,True,True
23419_ea47995f,complex_assembly,1,22306_c3dca308,complex_assembly,0.9994,0.9914,1.0,0.9992,0.0,0.2,0.7994,True,True,True,True,True
23419_ea47995f,complex_assembly,2,20546_87dbd755,complex_assembly,0.9991,0.6618,1.0,0.9989,0.0,0.2,0.7991,True,True,True,True,True
23419_ea47995f,complex_assembly,3,23273_8f301ce3,complex_assembly,0.999,0.9809,1.0,0.9988,0.0,0.2,0.799,True,True,True,True,True
22035_101c7ab4,medium_rotor,1,22082_39503fa6,medium_rotor,1.0,0.9999,1.0,1.0,0.0,0.2,0.8,True,True,True,True,True
22035_101c7ab4,medium_rotor,2,23028_2ca87745,medium_rotor,0.9999,0.9989,1.0,0.9999,0.0,0.2,0.7999,True,True,True,True,True
22035_101c7ab4,medium_rotor,3,20163_3742f394,medium_rotor,0.9999,0.9983,1.0,0.9999,0.0,0.2,0.7999,True,True,True,True,True
20989_a261efa3,simple_rotor,1,20989_885bd9b9,simple_rotor,1.0,1.0,1.0,1.0,0.0,0.2,0.8,True,True,True,True,True
20989_a261efa3,simple_rotor,2,21825_ce32b0a0,simple_rotor,1.0,1.0,1.0,1.0,0.0,0.2,0.8,True,True,True,True,True
20989_a261efa3,simple_rotor,3,22047_5a090f16,simple_rotor,1.0,1.0,1.0,1.0,0.0,0.2,0.8,True,True,True,True,True
23127_38d73061,symmetric_rotor,1,23221_42f37ae3,symmetric_rotor,1.0,0.9998,1.0,0.9999,0.0,0.2,0.8,True,True,True,True,True
23127_38d73061,symmetric_rotor,2,22095_af226cbc,symmetric_rotor,0.9999,0.9997,1.0,0.9999,0.0,0.2,0.7999,True,True,True,True,True
23127_38d73061,symmetric_rotor,3,7780_6c885e81,symmetric_rotor,0.9999,0.9995,1.0,0.9999,0.0,0.2,0.7999,True,True,True,True,True
23354_8182b4eb,medium_rotor,1,23366_cc0bc28e,medium_rotor,1.0,0.9999,1.0,1.0,0.0,0.2,0.8,True,True,True,True,True
23354_8182b4eb,medium_rotor,2,21600_0027c6fc,medium_rotor,1.0,1.0,1.0,1.0,0.0,0.2,0.8,True,True,True,True,True
23354_8182b4eb,medium_rotor,3,21884_cc2c39f9,medium_rotor,1.0,0.9999,1.0,1.0,0.0,0.2,0.8,True,True,True,True,True
21685_93737a7a,high_complexity_rotor,1,22027_11a2e852,high_complexity_rotor,0.9991,0.9805,1.0,0.9989,0.0,0.2,0.7991,True,True,True,True,True
21685_93737a7a,high_complexity_rotor,2,20421_0fd51709,high_complexity_rotor,0.9985,0.9609,1.0,0.9981,0.0,0.2,0.7985,True,True,True,True,True
21685_93737a7a,high_complexity_rotor,3,20477_633cca4f,high_complexity_rotor,0.9984,0.9713,1.0,0.998,0.0,0.2,0.7984,True,True,True,True,True
21989_a0b5037d,medium_rotor,1,20860_b8e9a191,medium_rotor,0.9999,0.9523,1.0,0.9999,0.0,0.2,0.7999,True,True,True,True,True
21989_a0b5037d,medium_rotor,2,23026_e6f08109,medium_rotor,0.9997,0.9948,1.0,0.9997,0.0,0.2,0.7997,True,True,True,True,True
21989_a0b5037d,medium_rotor,3,22066_308cdcfe,medium_rotor,0.9995,0.9997,1.0,0.9994,0.0,0.2,0.7995,True,True,True,True,True
22027_11a2e852,high_complexity_rotor,1,20421_0fd51709,high_complexity_rotor,0.9999,0.9962,1.0,0.9999,0.0,0.2,0.7999,True,True,True,True,True
22027_11a2e852,high_complexity_rotor,2,20477_633cca4f,high_complexity_rotor,0.9999,0.999,1.0,0.9999,0.0,0.2,0.7999,True,True,True,True,True
22027_11a2e852,high_complexity_rotor,3,21685_93737a7a,high_complexity_rotor,0.9991,0.9805,1.0,0.9989,0.0,0.2,0.7991,True,True,True,True,True
21184_971559b6,simple_rotor,1,21976_807c9b26,simple_rotor,1.0,1.0,1.0,1.0,0.0,0.2,0.8,True,True,True,True,True
21184_971559b6,simple_rotor,2,22043_041e1b7c,simple_rotor,0.9999,1.0,1.0,0.9999,0.0,0.2,0.7999,True,True,True,True,True
21184_971559b6,simple_rotor,3,22270_c6999138,simple_rotor,0.9999,1.0,1.0,0.9999,0.0,0.2,0.7999,True,True,True,True,True
20547_ec8cfd0d,simple_rotor,1,23184_731e5af0,simple_rotor,1.0,0.0092,1.0,1.0,0.0,0.2,0.8,True,True,True,True,True
20547_ec8cfd0d,simple_rotor,2,23006_92c5b990,simple_rotor,1.0,0.0039,1.0,1.0,0.0,0.2,0.8,True,True,True,True,True
20547_ec8cfd0d,simple_rotor,3,23351_6104d55d,simple_rotor,1.0,0.0041,1.0,1.0,0.0,0.2,0.8,True,True,True,True,True
20479_77930584,simple_rotor,1,23184_731e5af0,simple_rotor,1.0,0.9999,1.0,1.0,0.0,0.2,0.8,True,True,True,True,True
20479_77930584,simple_rotor,2,23006_92c5b990,simple_rotor,1.0,1.0,1.0,1.0,0.0,0.2,0.8,True,True,True,True,True
20479_77930584,simple_rotor,3,23351_6104d55d,simple_rotor,1.0,1.0,1.0,1.0,0.0,0.2,0.8,True,True,True,True,True
22589_2c8f7c0b,simple_rotor,1,23184_731e5af0,simple_rotor,1.0,0.9999,1.0,1.0,0.0,0.2,0.8,True,True,True,True,True
22589_2c8f7c0b,simple_rotor,2,23006_92c5b990,simple_rotor,1.0,0.9998,1.0,1.0,0.0,0.2,0.8,True,True,True,True,True
22589_2c8f7c0b,simple_rotor,3,23351_6104d55d,simple_rotor,1.0,0.9998,1.0,1.0,0.0,0.2,0.8,True,True,True,True,True
20741_c337946f,simple_rotor,1,23184_731e5af0,simple_rotor,1.0,1.0,1.0,1.0,0.0,0.2,0.8,True,True,True,True,True
20741_c337946f,simple_rotor,2,23006_92c5b990,simple_rotor,1.0,1.0,1.0,1.0,0.0,0.2,0.8,True,True,True,True,True
20741_c337946f,simple_rotor,3,23351_6104d55d,simple_rotor,1.0,1.0,1.0,1.0,0.0,0.2,0.8,True,True,True,True,True
20237_06b27bf5,symmetric_rotor,1,22155_ab18f2b6,symmetric_rotor,1.0,0.997,1.0,1.0,0.0,0.2,0.8,True,True,True,True,True
20237_06b27bf5,symmetric_rotor,2,21961_1a090a8b,symmetric_rotor,1.0,0.9957,1.0,1.0,0.0,0.2,0.8,True,True,True,True,True
20237_06b27bf5,symmetric_rotor,3,22983_0ab3faaf,symmetric_rotor,1.0,0.9971,1.0,1.0,0.0,0.2,0.8,True,True,True,True,True
20431_0088a0dd,medium_rotor,1,22630_b6010fff,medium_rotor,1.0,0.9877,1.0,0.9999,0.0,0.2,0.8,True,True,True,True,True
20431_0088a0dd,medium_rotor,2,21858_f1409ea2,medium_rotor,0.9992,0.9991,1.0,0.9991,0.0,0.2,0.7992,True,True,True,True,True
20431_0088a0dd,medium_rotor,3,20239_49b65a55,medium_rotor,0.9992,0.9999,1.0,0.999,0.0,0.2,0.7992,True,True,True,True,True
22417_4a15d62e,high_complexity_rotor,1,20799_213bf924,high_complexity_rotor,1.0,0.5503,1.0,1.0,0.0,0.2,0.8,True,True,True,True,True
22417_4a15d62e,high_complexity_rotor,2,22070_fd1b8e5e,high_complexity_rotor,1.0,0.9999,1.0,1.0,0.0,0.2,0.8,True,True,True,True,True
22417_4a15d62e,high_complexity_rotor,3,21849_a5f563a6,high_complexity_rotor,1.0,0.9999,1.0,1.0,0.0,0.2,0.8,True,True,True,True,True
20672_0bc07cce,simple_rotor,1,23184_731e5af0,simple_rotor,1.0,0.9999,1.0,1.0,0.0,0.2,0.8,True,True,True,True,True
20672_0bc07cce,simple_rotor,2,23006_92c5b990,simple_rotor,1.0,1.0,1.0,1.0,0.0,0.2,0.8,True,True,True,True,True
20672_0bc07cce,simple_rotor,3,23351_6104d55d,simple_rotor,1.0,1.0,1.0,1.0,0.0,0.2,0.8,True,True,True,True,True
21616_c6c3347a,simple_rotor,1,23184_731e5af0,simple_rotor,1.0,1.0,1.0,1.0,0.0,0.2,0.8,True,True,True,True,True
21616_c6c3347a,simple_rotor,2,23006_92c5b990,simple_rotor,1.0,1.0,1.0,1.0,0.0,0.2,0.8,True,True,True,True,True
21616_c6c3347a,simple_rotor,3,23351_6104d55d,simple_rotor,1.0,1.0,1.0,1.0,0.0,0.2,0.8,True,True,True,True,True
22576_d05619d1,high_complexity_rotor,1,23101_6aec02ee,high_complexity_rotor,1.0,0.9911,1.0,1.0,0.0,0.2,0.8,True,True,True,True,True
22576_d05619d1,high_complexity_rotor,2,20620_8a5226b4,high_complexity_rotor,1.0,1.0,1.0,1.0,0.0,0.2,0.8,True,True,True,True,True
22576_d05619d1,high_complexity_rotor,3,22416_4cd31921,high_complexity_rotor,1.0,0.9997,1.0,1.0,0.0,0.2,0.8,True,True,True,True,True
20946_6573271d,simple_rotor,1,20551_ff28a959,simple_rotor,1.0,1.0,1.0,1.0,0.0,0.2,0.8,True,True,True,True,True
20946_6573271d,simple_rotor,2,21665_2e14b6ff,simple_rotor,1.0,1.0,1.0,1.0,0.0,0.2,0.8,True,True,True,True,True
20946_6573271d,simple_rotor,3,20806_ca60b7ae,simple_rotor,1.0,1.0,1.0,1.0,0.0,0.2,0.8,True,True,True,True,True
22483_f4e4b62a,complex_assembly,1,20668_b2f2633e,high_complexity_rotor,1.0,0.9591,1.0,0.9999,0.0,0.2,0.8,False,True,True,True,True
22483_f4e4b62a,complex_assembly,2,21425_d0d47a2a,high_complexity_rotor,1.0,0.8994,1.0,0.9999,0.0,0.2,0.8,False,True,True,True,True
22483_f4e4b62a,complex_assembly,3,22492_047b125b,complex_assembly,0.9998,0.9894,1.0,0.9998,0.0,0.2,0.7998,True,True,True,True,True
20467_f1fcc009,simple_rotor,1,23184_731e5af0,simple_rotor,1.0,1.0,1.0,1.0,0.0,0.2,0.8,True,True,True,True,True
20467_f1fcc009,simple_rotor,2,23006_92c5b990,simple_rotor,1.0,1.0,1.0,1.0,0.0,0.2,0.8,True,True,True,True,True
20467_f1fcc009,simple_rotor,3,23351_6104d55d,simple_rotor,1.0,1.0,1.0,1.0,0.0,0.2,0.8,True,True,True,True,True
20279_aed6b3b3,high_complexity_rotor,1,21697_06656699,high_complexity_rotor,1.0,0.9711,1.0,0.9999,0.0,0.2,0.8,True,True,True,True,True
20279_aed6b3b3,high_complexity_rotor,2,21709_4dd88551,high_complexity_rotor,0.9999,0.9704,1.0,0.9999,0.0,0.2,0.7999,True,True,True,True,True
20279_aed6b3b3,high_complexity_rotor,3,23233_ac09e2e5,high_complexity_rotor,0.9999,0.9684,1.0,0.9999,0.0,0.2,0.7999,True,True,True,True,True
22058_71feafda,simple_rotor,1,23184_731e5af0,simple_rotor,1.0,1.0,1.0,1.0,0.0,0.2,0.8,True,True,True,True,True
22058_71feafda,simple_rotor,2,23006_92c5b990,simple_rotor,1.0,1.0,1.0,1.0,0.0,0.2,0.8,True,True,True,True,True
22058_71feafda,simple_rotor,3,23351_6104d55d,simple_rotor,1.0,1.0,1.0,1.0,0.0,0.2,0.8,True,True,True,True,True
23413_6702ec7f,medium_rotor,1,21035_d308c5c4,medium_rotor,0.9997,0.9961,1.0,0.9996,0.0,0.2,0.7997,True,True,True,True,True
23413_6702ec7f,medium_rotor,2,23368_648717d8,medium_rotor,0.9981,0.9931,1.0,0.9977,0.0,0.2,0.7981,True,True,True,True,True
23413_6702ec7f,medium_rotor,3,22987_37973191,medium_rotor,0.9959,1.0,1.0,0.9949,0.0,0.2,0.7959,True,True,True,True,True
21093_1bda9bbe,high_complexity_rotor,1,22900_09de4c7a,high_complexity_rotor,1.0,0.9864,1.0,1.0,0.0,0.2,0.8,True,True,True,True,True
21093_1bda9bbe,high_complexity_rotor,2,23002_4d53fb3f,high_complexity_rotor,1.0,0.993,1.0,1.0,0.0,0.2,0.8,True,True,True,True,True
21093_1bda9bbe,high_complexity_rotor,3,20765_99d0665e,high_complexity_rotor,1.0,0.9976,1.0,1.0,0.0,0.2,0.8,True,True,True,True,True
20544_43691724,high_complexity_rotor,1,22827_f33929ec,high_complexity_rotor,0.999,0.5517,1.0,0.9987,0.0,0.2,0.799,True,True,True,True,True
20544_43691724,high_complexity_rotor,2,22081_ab3124af,high_complexity_rotor,0.9989,0.4934,1.0,0.9986,0.0,0.2,0.7989,True,True,True,True,True
20544_43691724,high_complexity_rotor,3,20746_57a7b346,high_complexity_rotor,0.9988,0.8935,1.0,0.9985,0.0,0.2,0.7988,True,True,True,True,True
22764_b884dce6,high_complexity_rotor,1,21063_037107dc,high_complexity_rotor,0.95,0.9957,0.75,1.0,0.0,0.15,0.8,True,False,True,True,True
22764_b884dce6,high_complexity_rotor,2,20500_e88d8065,high_complexity_rotor,0.95,0.9938,0.75,1.0,0.0,0.15,0.8,True,False,True,True,True
22764_b884dce6,high_complexity_rotor,3,22890_4ecfa491,high_complexity_rotor,0.95,0.9925,0.75,1.0,0.0,0.15,0.8,True,False,True,True,True
21069_508a9947,complex_assembly,1,21700_28d193ac,high_complexity_rotor,1.0,0.9478,1.0,1.0,0.0,0.2,0.8,False,True,True,True,True
21069_508a9947,complex_assembly,2,21656_964b0c84,high_complexity_rotor,0.9999,0.9984,1.0,0.9999,0.0,0.2,0.7999,False,True,True,True,True
21069_508a9947,complex_assembly,3,22079_31335df2,complex_assembly,0.9999,0.995,1.0,0.9999,0.0,0.2,0.7999,True,True,True,True,True
20959_d4905d19,high_complexity_rotor,1,23310_7daded69,high_complexity_rotor,0.9997,0.9531,1.0,0.9997,0.0,0.2,0.7997,True,True,True,True,True
20959_d4905d19,high_complexity_rotor,2,20818_098cad7c,high_complexity_rotor,0.9996,0.9971,1.0,0.9996,0.0,0.2,0.7996,True,True,True,True,True
20959_d4905d19,high_complexity_rotor,3,23258_87a2ba81,high_complexity_rotor,0.9995,0.9217,1.0,0.9994,0.0,0.2,0.7995,True,True,True,True,True
20421_83f66ddc,medium_rotor,1,20504_c9e14c9d,medium_rotor,1.0,0.9998,1.0,0.9999,0.0,0.2,0.8,True,True,True,True,True
20421_83f66ddc,medium_rotor,2,22062_2d6b3b72,medium_rotor,0.9995,1.0,1.0,0.9994,0.0,0.2,0.7995,True,True,True,True,True
20421_83f66ddc,medium_rotor,3,21737_87d83240,medium_rotor,0.9979,1.0,1.0,0.9974,0.0,0.2,0.7979,True,True,True,True,True
22472_f65d3470,simple_rotor,1,23184_731e5af0,simple_rotor,1.0,1.0,1.0,1.0,0.0,0.2,0.8,True,True,True,True,True
22472_f65d3470,simple_rotor,2,23006_92c5b990,simple_rotor,1.0,1.0,1.0,1.0,0.0,0.2,0.8,True,True,True,True,True
22472_f65d3470,simple_rotor,3,23351_6104d55d,simple_rotor,1.0,1.0,1.0,1.0,0.0,0.2,0.8,True,True,True,True,True
20260_4a01a99d,high_complexity_rotor,1,20430_975b8dcf,high_complexity_rotor,1.0,0.9849,1.0,1.0,0.0,0.2,0.8,True,True,True,True,True
20260_4a01a99d,high_complexity_rotor,2,22079_31335df2,complex_assembly,1.0,0.9927,1.0,1.0,0.0,0.2,0.8,False,True,True,True,True
20260_4a01a99d,high_complexity_rotor,3,21708_e61bd657,complex_assembly,1.0,0.9607,1.0,1.0,0.0,0.2,0.8,False,True,True,True,True
23309_76dcf100,high_complexity_rotor,1,21204_96d26a7f,high_complexity_rotor,1.0,0.9587,1.0,1.0,0.0,0.2,0.8,True,True,True,True,True
23309_76dcf100,high_complexity_rotor,2,20737_5249e274,high_complexity_rotor,1.0,0.8993,1.0,1.0,0.0,0.2,0.8,True,True,True,True,True
23309_76dcf100,high_complexity_rotor,3,21805_2ba39d00,high_complexity_rotor,1.0,0.9903,1.0,1.0,0.0,0.2,0.8,True,True,True,True,True
21790_aaf9224a,medium_rotor,1,22376_3ebc82a2,medium_rotor,1.0,0.9987,1.0,1.0,0.0,0.2,0.8,True,True,True,True,True
21790_aaf9224a,medium_rotor,2,21503_34f299ca,medium_rotor,0.9999,0.9998,1.0,0.9998,0.0,0.2,0.7999,True,True,True,True,True
21790_aaf9224a,medium_rotor,3,22372_e91792a1,medium_rotor,0.9984,0.9998,1.0,0.998,0.0,0.2,0.7984,True,True,True,True,True
23152_6f2706c9,medium_rotor,1,20817_ef63b1a7,medium_rotor,1.0,0.9999,1.0,1.0,0.0,0.2,0.8,True,True,True,True,True
23152_6f2706c9,medium_rotor,2,20815_b3d9e6c9,medium_rotor,1.0,0.9999,1.0,1.0,0.0,0.2,0.8,True,True,True,True,True
23152_6f2706c9,medium_rotor,3,23366_cc0bc28e,medium_rotor,1.0,0.9996,1.0,1.0,0.0,0.2,0.8,True,True,True,True,True
21257_770fee9a,simple_rotor,1,20551_ff28a959,simple_rotor,1.0,1.0,1.0,1.0,0.0,0.2,0.8,True,True,True,True,True
21257_770fee9a,simple_rotor,2,21665_2e14b6ff,simple_rotor,1.0,0.9999,1.0,1.0,0.0,0.2,0.8,True,True,True,True,True
21257_770fee9a,simple_rotor,3,20806_ca60b7ae,simple_rotor,1.0,1.0,1.0,1.0,0.0,0.2,0.8,True,True,True,True,True
22306_c3dca308,complex_assembly,1,20546_87dbd755,complex_assembly,0.9998,0.7542,1.0,0.9998,0.0,0.2,0.7998,True,True,True,True,True
22306_c3dca308,complex_assembly,2,22211_b1ee53f0,complex_assembly,0.9998,0.9999,1.0,0.9997,0.0,0.2,0.7998,True,True,True,True,True
22306_c3dca308,complex_assembly,3,23419_ea47995f,complex_assembly,0.9994,0.9914,1.0,0.9992,0.0,0.2,0.7994,True,True,True,True,True
20628_e0551f7c,medium_rotor,1,21837_b67d788c,medium_rotor,0.9999,0.9997,1.0,0.9999,0.0,0.2,0.7999,True,True,True,True,True
20628_e0551f7c,medium_rotor,2,21092_32622a83,medium_rotor,0.9976,0.9994,1.0,0.997,0.0,0.2,0.7976,True,True,True,True,True
20628_e0551f7c,medium_rotor,3,23501_6c48b3c1,medium_rotor,0.9957,0.9995,1.0,0.9946,0.0,0.2,0.7957,True,True,True,True,True
20838_86c931be,simple_rotor,1,23250_aa321310,simple_rotor,1.0,1.0,1.0,1.0,0.0,0.2,0.8,True,True,True,True,True
20838_86c931be,simple_rotor,2,22261_6efe61e3,simple_rotor,1.0,1.0,1.0,1.0,0.0,0.2,0.8,True,True,True,True,True
20838_86c931be,simple_rotor,3,20947_115d4058,simple_rotor,1.0,1.0,1.0,1.0,0.0,0.2,0.8,True,True,True,True,True
22154_24342da4,simple_rotor,1,20551_ff28a959,simple_rotor,1.0,1.0,1.0,1.0,0.0,0.2,0.8,True,True,True,True,True
22154_24342da4,simple_rotor,2,21665_2e14b6ff,simple_rotor,1.0,1.0,1.0,1.0,0.0,0.2,0.8,True,True,True,True,True
22154_24342da4,simple_rotor,3,20806_ca60b7ae,simple_rotor,1.0,1.0,1.0,1.0,0.0,0.2,0.8,True,True,True,True,True
22980_3cb3bcc8,medium_rotor,1,20899_a8d7c6d5,medium_rotor,1.0,0.9999,1.0,1.0,0.0,0.2,0.8,True,True,True,True,True
22980_3cb3bcc8,medium_rotor,2,20989_d1b8b0f8,medium_rotor,1.0,0.9946,1.0,1.0,0.0,0.2,0.8,True,True,True,True,True
22980_3cb3bcc8,medium_rotor,3,20688_955aae0c,medium_rotor,1.0,0.9968,1.0,1.0,0.0,0.2,0.8,True,True,True,True,True
20478_c02790cb,simple_rotor,1,23265_07de6a0b,simple_rotor,1.0,0.9999,1.0,1.0,0.0,0.2,0.8,True,True,True,True,True
20478_c02790cb,simple_rotor,2,21469_abec26c4,simple_rotor,1.0,0.9998,1.0,1.0,0.0,0.2,0.8,True,True,True,True,True
20478_c02790cb,simple_rotor,3,20193_2da4f0a0,simple_rotor,1.0,1.0,1.0,1.0,0.0,0.2,0.8,True,True,True,True,True
20477_633cca4f,high_complexity_rotor,1,20421_0fd51709,high_complexity_rotor,1.0,0.999,1.0,1.0,0.0,0.2,0.8,True,True,True,True,True
20477_633cca4f,high_complexity_rotor,2,22027_11a2e852,high_complexity_rotor,0.9999,0.999,1.0,0.9999,0.0,0.2,0.7999,True,True,True,True,True
20477_633cca4f,high_complexity_rotor,3,21685_93737a7a,high_complexity_rotor,0.9984,0.9713,1.0,0.998,0.0,0.2,0.7984,True,True,True,True,True
20225_4ce6d59b,symmetric_rotor,1,22561_067b78ae,symmetric_rotor,1.0,0.9999,1.0,1.0,0.0,0.2,0.8,True,True,True,True,True
20225_4ce6d59b,symmetric_rotor,2,21603_98a15295,symmetric_rotor,0.9998,0.9991,1.0,0.9998,0.0,0.2,0.7998,True,True,True,True,True
20225_4ce6d59b,symmetric_rotor,3,22050_e8702dd4,symmetric_rotor,0.9997,0.9989,1.0,0.9996,0.0,0.2,0.7997,True,True,True,True,True
20797_78b83489,medium_rotor,1,23213_3df3cb34,medium_rotor,1.0,0.9995,1.0,1.0,0.0,0.2,0.8,True,True,True,True,True
20797_78b83489,medium_rotor,2,23409_e27e3b8b,medium_rotor,1.0,0.9995,1.0,1.0,0.0,0.2,0.8,True,True,True,True,True
20797_78b83489,medium_rotor,3,22852_dc1dbed6,medium_rotor,1.0,0.9561,1.0,1.0,0.0,0.2,0.8,True,True,True,True,True
23376_9b48819a,high_complexity_rotor,1,23204_ff1672a9,complex_assembly,0.9999,0.8642,1.0,0.9998,0.0,0.2,0.7999,False,True,True,True,True
23376_9b48819a,high_complexity_rotor,2,21425_d0d47a2a,high_complexity_rotor,0.9988,0.7199,1.0,0.9985,0.0,0.2,0.7988,True,True,True,True,True
23376_9b48819a,high_complexity_rotor,3,20668_b2f2633e,high_complexity_rotor,0.9988,0.825,1.0,0.9985,0.0,0.2,0.7988,True,True,True,True,True
22534_e899f645,medium_rotor,1,22011_0832eefe,medium_rotor,1.0,0.9996,1.0,1.0,0.0,0.2,0.8,True,True,True,True,True
22534_e899f645,medium_rotor,2,20554_abcb705e,medium_rotor,1.0,0.994,1.0,1.0,0.0,0.2,0.8,True,True,True,True,True
22534_e899f645,medium_rotor,3,21275_c8049742,medium_rotor,1.0,0.9929,1.0,1.0,0.0,0.2,0.8,True,True,True,True,True
22079_31335df2,complex_assembly,1,20430_975b8dcf,high_complexity_rotor,1.0,0.9579,1.0,1.0,0.0,0.2,0.8,False,True,True,True,True
22079_31335df2,complex_assembly,2,20260_4a01a99d,high_complexity_rotor,1.0,0.9927,1.0,1.0,0.0,0.2,0.8,False,True,True,True,True
22079_31335df2,complex_assembly,3,21069_508a9947,complex_assembly,0.9999,0.995,1.0,0.9999,0.0,0.2,0.7999,True,True,True,True,True
22414_14ead4a3,symmetric_rotor,1,22638_37f9fe91,symmetric_rotor,1.0,0.9996,1.0,0.9999,0.0,0.2,0.8,True,True,True,True,True
22414_14ead4a3,symmetric_rotor,2,21836_5bc91e49,symmetric_rotor,0.9999,1.0,1.0,0.9999,0.0,0.2,0.7999,True,True,True,True,True
22414_14ead4a3,symmetric_rotor,3,22654_4c426b0f,symmetric_rotor,0.9998,1.0,1.0,0.9998,0.0,0.2,0.7998,True,True,True,True,True
23313_210c6783,medium_rotor,1,23213_3df3cb34,medium_rotor,1.0,0.9951,1.0,1.0,0.0,0.2,0.8,True,True,True,True,True
23313_210c6783,medium_rotor,2,23409_e27e3b8b,medium_rotor,1.0,0.9899,1.0,1.0,0.0,0.2,0.8,True,True,True,True,True
23313_210c6783,medium_rotor,3,22852_dc1dbed6,medium_rotor,1.0,0.9483,1.0,1.0,0.0,0.2,0.8,True,True,True,True,True
21600_0027c6fc,medium_rotor,1,20414_a33bd0d7,medium_rotor,1.0,1.0,1.0,1.0,0.0,0.2,0.8,True,True,True,True,True
21600_0027c6fc,medium_rotor,2,20815_b3d9e6c9,medium_rotor,1.0,1.0,1.0,1.0,0.0,0.2,0.8,True,True,True,True,True
21600_0027c6fc,medium_rotor,3,21715_53df62c9,medium_rotor,1.0,0.9999,1.0,1.0,0.0,0.2,0.8,True,True,True,True,True
21081_72fa4ad1,high_complexity_rotor,1,21843_effbd24d,high_complexity_rotor,1.0,0.9999,1.0,1.0,0.0,0.2,0.8,True,True,True,True,True
21081_72fa4ad1,high_complexity_rotor,2,21845_dff8b3a1,high_complexity_rotor,1.0,0.9999,1.0,1.0,0.0,0.2,0.8,True,True,True,True,True
21081_72fa4ad1,high_complexity_rotor,3,21838_5bc448b4,high_complexity_rotor,1.0,0.9999,1.0,1.0,0.0,0.2,0.8,True,True,True,True,True
21423_196855d1,simple_rotor,1,23184_731e5af0,simple_rotor,1.0,0.9579,1.0,1.0,0.0,0.2,0.8,True,True,True,True,True
21423_196855d1,simple_rotor,2,23006_92c5b990,simple_rotor,1.0,0.9579,1.0,1.0,0.0,0.2,0.8,True,True,True,True,True
21423_196855d1,simple_rotor,3,23351_6104d55d,simple_rotor,1.0,0.9579,1.0,1.0,0.0,0.2,0.8,True,True,True,True,True
22670_9353c710,complex_assembly,1,20165_2b088be5,high_complexity_rotor,1.0,0.9962,1.0,1.0,0.0,0.2,0.8,False,True,True,True,True
22670_9353c710,complex_assembly,2,22581_406c16c4,complex_assembly,1.0,0.9596,1.0,1.0,0.0,0.2,0.8,True,True,True,True,True
22670_9353c710,complex_assembly,3,22298_51433023,complex_assembly,0.9999,0.9909,1.0,0.9999,0.0,0.2,0.7999,True,True,True,True,True
20421_38b63ca5,medium_rotor,1,21164_de08f61e,medium_rotor,0.9993,0.9976,1.0,0.9992,0.0,0.2,0.7993,True,True,True,True,True
20421_38b63ca5,medium_rotor,2,20239_49b65a55,medium_rotor,0.95,0.9963,0.75,0.9999,0.0,0.15,0.8,True,False,True,True,True
20421_38b63ca5,medium_rotor,3,21365_ab403591,medium_rotor,0.9496,0.9988,0.75,0.9995,0.0,0.15,0.7996,True,False,True,True,True
21718_1551037b,complex_assembly,1,21580_b8b2571b,high_complexity_rotor,1.0,0.9399,1.0,1.0,0.0,0.2,0.8,False,True,True,True,True
21718_1551037b,complex_assembly,2,21352_d60bc953,complex_assembly,0.9998,0.9766,1.0,0.9998,0.0,0.2,0.7998,True,True,True,True,True
21718_1551037b,complex_assembly,3,23226_8d1b5098,complex_assembly,0.999,0.8617,1.0,0.9987,0.0,0.2,0.799,True,True,True,True,True
20585_09b72895,symmetric_rotor,1,22812_cf865ed1,symmetric_rotor,1.0,0.9993,1.0,1.0,0.0,0.2,0.8,True,True,True,True,True
20585_09b72895,symmetric_rotor,2,21840_6847d36c,symmetric_rotor,1.0,0.9996,1.0,1.0,0.0,0.2,0.8,True,True,True,True,True
20585_09b72895,symmetric_rotor,3,20419_8ce893b6,symmetric_rotor,1.0,0.9999,1.0,1.0,0.0,0.2,0.8,True,True,True,True,True
21828_21ab2114,symmetric_rotor,1,21840_6847d36c,symmetric_rotor,1.0,0.9995,1.0,1.0,0.0,0.2,0.8,True,True,True,True,True
21828_21ab2114,symmetric_rotor,2,20419_8ce893b6,symmetric_rotor,1.0,0.9971,1.0,1.0,0.0,0.2,0.8,True,True,True,True,True
21828_21ab2114,symmetric_rotor,3,21831_54ca67d1,symmetric_rotor,1.0,0.9995,1.0,1.0,0.0,0.2,0.8,True,True,True,True,True
20511_e1b972aa,medium_rotor,1,23213_3df3cb34,medium_rotor,1.0,0.9994,1.0,1.0,0.0,0.2,0.8,True,True,True,True,True
20511_e1b972aa,medium_rotor,2,23409_e27e3b8b,medium_rotor,1.0,1.0,1.0,1.0,0.0,0.2,0.8,True,True,True,True,True
20511_e1b972aa,medium_rotor,3,22852_dc1dbed6,medium_rotor,1.0,0.9488,1.0,1.0,0.0,0.2,0.8,True,True,True,True,True
22671_fdd1b1e6,simple_rotor,1,23184_731e5af0,simple_rotor,1.0,1.0,1.0,1.0,0.0,0.2,0.8,True,True,True,True,True
22671_fdd1b1e6,simple_rotor,2,23006_92c5b990,simple_rotor,1.0,0.9999,1.0,1.0,0.0,0.2,0.8,True,True,True,True,True
22671_fdd1b1e6,simple_rotor,3,23351_6104d55d,simple_rotor,1.0,1.0,1.0,1.0,0.0,0.2,0.8,True,True,True,True,True
21139_cd619b26,simple_rotor,1,23184_731e5af0,simple_rotor,1.0,0.9999,1.0,1.0,0.0,0.2,0.8,True,True,True,True,True
21139_cd619b26,simple_rotor,2,23006_92c5b990,simple_rotor,1.0,1.0,1.0,1.0,0.0,0.2,0.8,True,True,True,True,True
21139_cd619b26,simple_rotor,3,23351_6104d55d,simple_rotor,1.0,1.0,1.0,1.0,0.0,0.2,0.8,True,True,True,True,True
23184_731e5af0,simple_rotor,1,22843_ff77027f,simple_rotor,1.0,1.0,1.0,1.0,0.0,0.2,0.8,True,True,True,True,True
23184_731e5af0,simple_rotor,2,23387_c4aa9424,simple_rotor,1.0,0.9999,1.0,1.0,0.0,0.2,0.8,True,True,True,True,True
23184_731e5af0,simple_rotor,3,23163_7b143a6f,simple_rotor,1.0,1.0,1.0,1.0,0.0,0.2,0.8,True,True,True,True,True
20990_0a226634,symmetric_rotor,1,22080_594bcb66,symmetric_rotor,1.0,0.849,1.0,1.0,0.0,0.2,0.8,True,True,True,True,True
20990_0a226634,symmetric_rotor,2,23438_b1ef78f4,symmetric_rotor,0.9999,1.0,1.0,0.9999,0.0,0.2,0.7999,True,True,True,True,True
20990_0a226634,symmetric_rotor,3,20989_885bd9b9,simple_rotor,0.95,0.9999,0.75,1.0,0.0,0.15,0.8,False,True,True,False,True
20586_cbec2689,simple_rotor,1,21785_d595ced5,simple_rotor,1.0,0.9984,1.0,1.0,0.0,0.2,0.8,True,True,True,True,True
20586_cbec2689,simple_rotor,2,22498_b8bdb105,simple_rotor,1.0,0.9981,1.0,1.0,0.0,0.2,0.8,True,True,True,True,True
20586_cbec2689,simple_rotor,3,21613_d57e983a,simple_rotor,0.95,0.9986,0.75,1.0,0.0,0.15,0.8,True,False,True,True,True
20182_71b9e491,medium_rotor,1,20215_e2eb3082,medium_rotor,1.0,0.9998,1.0,1.0,0.0,0.2,0.8,True,True,True,True,True
20182_71b9e491,medium_rotor,2,21601_360ce1c7,medium_rotor,1.0,0.9979,1.0,1.0,0.0,0.2,0.8,True,True,True,True,True
20182_71b9e491,medium_rotor,3,22919_3ee91d1a,medium_rotor,1.0,1.0,1.0,1.0,0.0,0.2,0.8,True,True,True,True,True
22981_93f268ae,simple_rotor,1,23194_b675acc0,simple_rotor,1.0,0.9999,1.0,1.0,0.0,0.2,0.8,True,True,True,True,True
22981_93f268ae,simple_rotor,2,23039_b3d04774,simple_rotor,0.9999,1.0,1.0,0.9999,0.0,0.2,0.7999,True,True,True,True,True
22981_93f268ae,simple_rotor,3,19518_f220b68a,simple_rotor,0.997,0.9998,1.0,0.9963,0.0,0.2,0.797,True,True,True,True,True
20989_d1b8b0f8,medium_rotor,1,20688_955aae0c,medium_rotor,1.0,0.9997,1.0,1.0,0.0,0.2,0.8,True,True,True,True,True
20989_d1b8b0f8,medium_rotor,2,20899_a8d7c6d5,medium_rotor,1.0,0.9932,1.0,1.0,0.0,0.2,0.8,True,True,True,True,True
20989_d1b8b0f8,medium_rotor,3,22980_3cb3bcc8,medium_rotor,1.0,0.9946,1.0,1.0,0.0,0.2,0.8,True,True,True,True,True
20451_557fe5cd,simple_rotor,1,23103_43bde2a6,simple_rotor,1.0,0.9999,1.0,1.0,0.0,0.2,0.8,True,True,True,True,True
20451_557fe5cd,simple_rotor,2,22147_12995368,simple_rotor,1.0,1.0,1.0,1.0,0.0,0.2,0.8,True,True,True,True,True
20451_557fe5cd,simple_rotor,3,20451_84d8b290,simple_rotor,1.0,1.0,1.0,1.0,0.0,0.2,0.8,True,True,True,True,True
22825_f4c18d65,simple_rotor,1,23184_731e5af0,simple_rotor,1.0,0.9998,1.0,1.0,0.0,0.2,0.8,True,True,True,True,True
22825_f4c18d65,simple_rotor,2,23006_92c5b990,simple_rotor,1.0,0.9996,1.0,1.0,0.0,0.2,0.8,True,True,True,True,True
22825_f4c18d65,simple_rotor,3,23351_6104d55d,simple_rotor,1.0,0.9996,1.0,1.0,0.0,0.2,0.8,True,True,True,True,True
20533_0a3e112b,high_complexity_rotor,1,22442_7d5c5d5f,high_complexity_rotor,0.9995,0.9906,1.0,0.9994,0.0,0.2,0.7995,True,True,True,True,True
20533_0a3e112b,high_complexity_rotor,2,20622_38dd90d0,high_complexity_rotor,0.9975,0.9539,1.0,0.9969,0.0,0.2,0.7975,True,True,True,True,True
20533_0a3e112b,high_complexity_rotor,3,20246_40be7668,complex_assembly,0.995,0.9651,1.0,0.9937,0.0,0.2,0.795,False,True,True,True,True
22196_e5bf8c9d,medium_rotor,1,22196_0deb2e34,medium_rotor,1.0,1.0,1.0,1.0,0.0,0.2,0.8,True,True,True,True,True
22196_e5bf8c9d,medium_rotor,2,22197_94c66357,medium_rotor,1.0,0.9999,1.0,1.0,0.0,0.2,0.8,True,True,True,True,True
22196_e5bf8c9d,medium_rotor,3,22197_66c5655e,medium_rotor,1.0,1.0,1.0,1.0,0.0,0.2,0.8,True,True,True,True,True
21165_5cb2d287,simple_rotor,1,20436_41b730a3,simple_rotor,1.0,0.9938,1.0,1.0,0.0,0.2,0.8,True,True,True,True,True
21165_5cb2d287,simple_rotor,2,22378_234fea2c,simple_rotor,1.0,0.9938,1.0,1.0,0.0,0.2,0.8,True,True,True,True,True
21165_5cb2d287,simple_rotor,3,23215_08a54de0,simple_rotor,1.0,0.9939,1.0,1.0,0.0,0.2,0.8,True,True,True,True,True
23101_6aec02ee,high_complexity_rotor,1,20620_8a5226b4,high_complexity_rotor,1.0,0.9914,1.0,1.0,0.0,0.2,0.8,True,True,True,True,True
23101_6aec02ee,high_complexity_rotor,2,22416_4cd31921,high_complexity_rotor,1.0,0.9938,1.0,1.0,0.0,0.2,0.8,True,True,True,True,True
23101_6aec02ee,high_complexity_rotor,3,22893_eb8aa8ac,high_complexity_rotor,1.0,0.9959,1.0,1.0,0.0,0.2,0.8,True,True,True,True,True
20817_ef63b1a7,medium_rotor,1,21600_0027c6fc,medium_rotor,1.0,0.9999,1.0,1.0,0.0,0.2,0.8,True,True,True,True,True
20817_ef63b1a7,medium_rotor,2,22074_c0265b0d,medium_rotor,1.0,0.9998,1.0,1.0,0.0,0.2,0.8,True,True,True,True,True
20817_ef63b1a7,medium_rotor,3,20414_a33bd0d7,medium_rotor,1.0,1.0,1.0,1.0,0.0,0.2,0.8,True,True,True,True,True
22141_5db99710,symmetric_rotor,1,21271_ec7f62b8,symmetric_rotor,1.0,0.9997,1.0,1.0,0.0,0.2,0.8,True,True,True,True,True
22141_5db99710,symmetric_rotor,2,21958_e48ddf4e,symmetric_rotor,1.0,0.9982,1.0,1.0,0.0,0.2,0.8,True,True,True,True,True
22141_5db99710,symmetric_rotor,3,21497_9833a679,symmetric_rotor,1.0,1.0,1.0,1.0,0.0,0.2,0.8,True,True,True,True,True
20860_b8e9a191,medium_rotor,1,21989_a0b5037d,medium_rotor,0.9999,0.9523,1.0,0.9999,0.0,0.2,0.7999,True,True,True,True,True
20860_b8e9a191,medium_rotor,2,21358_a69a36f3,medium_rotor,0.9998,0.9479,1.0,0.9998,0.0,0.2,0.7998,True,True,True,True,True
20860_b8e9a191,medium_rotor,3,23252_ef165bed,medium_rotor,0.9998,0.9627,1.0,0.9998,0.0,0.2,0.7998,True,True,True,True,True
21610_5dcf1187,simple_rotor,1,23184_731e5af0,simple_rotor,1.0,1.0,1.0,1.0,0.0,0.2,0.8,True,True,True,True,True
21610_5dcf1187,simple_rotor,2,23006_92c5b990,simple_rotor,1.0,0.9999,1.0,1.0,0.0,0.2,0.8,True,True,True,True,True
21610_5dcf1187,simple_rotor,3,23351_6104d55d,simple_rotor,1.0,0.9999,1.0,1.0,0.0,0.2,0.8,True,True,True,True,True
20285_b64b1a7e,medium_rotor,1,22061_b50b6b66,medium_rotor,1.0,1.0,1.0,1.0,0.0,0.2,0.8,True,True,True,True,True
20285_b64b1a7e,medium_rotor,2,21695_1f33863f,medium_rotor,1.0,0.9998,1.0,1.0,0.0,0.2,0.8,True,True,True,True,True
20285_b64b1a7e,medium_rotor,3,22218_2f85f6ae,medium_rotor,1.0,0.9998,1.0,1.0,0.0,0.2,0.8,True,True,True,True,True
21741_c6faf98e,complex_assembly,1,21859_35124f79,complex_assembly,0.9999,0.7444,1.0,0.9999,0.0,0.2,0.7999,True,True,True,True,True
21741_c6faf98e,complex_assembly,2,20636_ca9eb29a,high_complexity_rotor,0.9994,0.9946,1.0,0.9993,0.0,0.2,0.7994,False,True,True,True,True
21741_c6faf98e,complex_assembly,3,21708_e61bd657,complex_assembly,0.9987,0.9678,1.0,0.9983,0.0,0.2,0.7987,True,True,True,True,True
21377_19909a40,medium_rotor,1,23213_3df3cb34,medium_rotor,1.0,0.9992,1.0,1.0,0.0,0.2,0.8,True,True,True,True,True
21377_19909a40,medium_rotor,2,23409_e27e3b8b,medium_rotor,1.0,1.0,1.0,1.0,0.0,0.2,0.8,True,True,True,True,True
21377_19909a40,medium_rotor,3,22852_dc1dbed6,medium_rotor,1.0,0.9485,1.0,1.0,0.0,0.2,0.8,True,True,True,True,True
23174_8ef93daf,medium_rotor,1,23213_3df3cb34,medium_rotor,1.0,1.0,1.0,1.0,0.0,0.2,0.8,True,True,True,True,True
23174_8ef93daf,medium_rotor,2,23409_e27e3b8b,medium_rotor,1.0,0.999,1.0,1.0,0.0,0.2,0.8,True,True,True,True,True
23174_8ef93daf,medium_rotor,3,22852_dc1dbed6,medium_rotor,1.0,0.9503,1.0,1.0,0.0,0.2,0.8,True,True,True,True,True
22448_1f21757a,medium_rotor,1,23213_3df3cb34,medium_rotor,1.0,0.9996,1.0,1.0,0.0,0.2,0.8,True,True,True,True,True
22448_1f21757a,medium_rotor,2,23409_e27e3b8b,medium_rotor,1.0,0.9975,1.0,1.0,0.0,0.2,0.8,True,True,True,True,True
22448_1f21757a,medium_rotor,3,22852_dc1dbed6,medium_rotor,1.0,0.9507,1.0,1.0,0.0,0.2,0.8,True,True,True,True,True
21621_711e1918,medium_rotor,1,23305_2662b29a,medium_rotor,1.0,0.9374,1.0,1.0,0.0,0.2,0.8,True,True,True,True,True
21621_711e1918,medium_rotor,2,21858_f1409ea2,medium_rotor,0.9999,0.999,1.0,0.9999,0.0,0.2,0.7999,True,True,True,True,True
21621_711e1918,medium_rotor,3,21424_9d516e3a,medium_rotor,0.9999,0.9948,1.0,0.9998,0.0,0.2,0.7999,True,True,True,True,True
22261_6efe61e3,simple_rotor,1,20910_c64b5d1b,simple_rotor,1.0,0.9999,1.0,1.0,0.0,0.2,0.8,True,True,True,True,True
22261_6efe61e3,simple_rotor,2,20947_115d4058,simple_rotor,1.0,1.0,1.0,1.0,0.0,0.2,0.8,True,True,True,True,True
22261_6efe61e3,simple_rotor,3,20838_86c931be,simple_rotor,1.0,1.0,1.0,1.0,0.0,0.2,0.8,True,True,True,True,True
20495_e8e7e80c,simple_rotor,1,22747_3f6faf4c,simple_rotor,0.9999,0.9999,1.0,0.9998,0.0,0.2,0.7999,True,True,True,True,True
20495_e8e7e80c,simple_rotor,2,23342_7193a931,simple_rotor,0.9998,1.0,1.0,0.9997,0.0,0.2,0.7998,True,True,True,True,True
20495_e8e7e80c,simple_rotor,3,20232_e5b060d9,simple_rotor,0.9996,0.9999,1.0,0.9995,0.0,0.2,0.7996,True,True,True,True,True
23282_a1b17daa,complex_assembly,1,22357_e2f7b060,complex_assembly,1.0,0.9925,1.0,1.0,0.0,0.2,0.8,True,True,True,True,True
23282_a1b17daa,complex_assembly,2,21421_fb12b69b,complex_assembly,1.0,0.9321,1.0,1.0,0.0,0.2,0.8,True,True,True,True,True
23282_a1b17daa,complex_assembly,3,22491_a33562ad,complex_assembly,1.0,0.9986,1.0,1.0,0.0,0.2,0.8,True,True,True,True,True
22078_1758e9fc,medium_rotor,1,20157_db99ab88,medium_rotor,0.9978,0.9999,1.0,0.9973,0.0,0.2,0.7978,True,True,True,True,True
22078_1758e9fc,medium_rotor,2,21048_75cc125c,medium_rotor,0.9921,1.0,1.0,0.9902,0.0,0.2,0.7921,True,True,True,True,True
22078_1758e9fc,medium_rotor,3,22062_2d6b3b72,medium_rotor,0.9701,1.0,1.0,0.9627,0.0,0.2,0.7701,True,True,True,True,True
21744_5ae4d9d5,high_complexity_rotor,1,21739_57582b8f,high_complexity_rotor,1.0,0.9956,1.0,1.0,0.0,0.2,0.8,True,True,True,True,True
21744_5ae4d9d5,high_complexity_rotor,2,21093_1bda9bbe,high_complexity_rotor,0.95,0.9977,0.75,1.0,0.0,0.15,0.8,True,False,True,True,True
21744_5ae4d9d5,high_complexity_rotor,3,22402_a62e84b4,high_complexity_rotor,0.95,0.9957,0.75,1.0,0.0,0.15,0.8,True,False,True,True,True
22812_cf865ed1,symmetric_rotor,1,20585_09b72895,symmetric_rotor,1.0,0.9993,1.0,1.0,0.0,0.2,0.8,True,True,True,True,True
22812_cf865ed1,symmetric_rotor,2,20419_8ce893b6,symmetric_rotor,1.0,0.9986,1.0,1.0,0.0,0.2,0.8,True,True,True,True,True
22812_cf865ed1,symmetric_rotor,3,21840_6847d36c,symmetric_rotor,1.0,1.0,1.0,1.0,0.0,0.2,0.8,True,True,True,True,True
21566_ff590631,medium_rotor,1,23213_3df3cb34,medium_rotor,1.0,0.9998,1.0,1.0,0.0,0.2,0.8,True,True,True,True,True
21566_ff590631,medium_rotor,2,23409_e27e3b8b,medium_rotor,1.0,0.9997,1.0,1.0,0.0,0.2,0.8,True,True,True,True,True
21566_ff590631,medium_rotor,3,22852_dc1dbed6,medium_rotor,1.0,0.9496,1.0,1.0,0.0,0.2,0.8,True,True,True,True,True
21337_062b39fa,high_complexity_rotor,1,23422_f214bd4d,complex_assembly,1.0,0.9789,1.0,1.0,0.0,0.2,0.8,False,True,True,True,True
21337_062b39fa,high_complexity_rotor,2,22076_20e8a107,high_complexity_rotor,0.9999,0.9946,1.0,0.9999,0.0,0.2,0.7999,True,True,True,True,True
21337_062b39fa,high_complexity_rotor,3,21153_a2fb81fe,high_complexity_rotor,0.9997,0.984,1.0,0.9996,0.0,0.2,0.7997,True,True,True,True,True
23467_9f431540,high_complexity_rotor,1,21805_2ba39d00,high_complexity_rotor,1.0,0.9797,1.0,1.0,0.0,0.2,0.8,True,True,True,True,True
23467_9f431540,high_complexity_rotor,2,21204_96d26a7f,high_complexity_rotor,1.0,0.9389,1.0,1.0,0.0,0.2,0.8,True,True,True,True,True
23467_9f431540,high_complexity_rotor,3,23309_76dcf100,high_complexity_rotor,1.0,0.998,1.0,1.0,0.0,0.2,0.8,True,True,True,True,True
22434_2ad62ed6,symmetric_rotor,1,22659_0e686e14,symmetric_rotor,1.0,0.9998,1.0,1.0,0.0,0.2,0.8,True,True,True,True,True
22434_2ad62ed6,symmetric_rotor,2,21692_777db9e2,symmetric_rotor,1.0,0.9997,1.0,1.0,0.0,0.2,0.8,True,True,True,True,True
22434_2ad62ed6,symmetric_rotor,3,21497_9833a679,symmetric_rotor,1.0,0.9995,1.0,1.0,0.0,0.2,0.8,True,True,True,True,True
22236_db209dff,simple_rotor,1,20384_767d849a,simple_rotor,1.0,0.9999,1.0,1.0,0.0,0.2,0.8,True,True,True,True,True
22236_db209dff,simple_rotor,2,21448_5646a1b6,simple_rotor,1.0,1.0,1.0,1.0,0.0,0.2,0.8,True,True,True,True,True
22236_db209dff,simple_rotor,3,21825_ce32b0a0,simple_rotor,1.0,1.0,1.0,1.0,0.0,0.2,0.8,True,True,True,True,True
20951_2918f2fa,simple_rotor,1,20241_ccb70dc8,simple_rotor,1.0,1.0,1.0,1.0,0.0,0.2,0.8,True,True,True,True,True
20951_2918f2fa,simple_rotor,2,21451_fea6f0d1,simple_rotor,1.0,1.0,1.0,1.0,0.0,0.2,0.8,True,True,True,True,True
20951_2918f2fa,simple_rotor,3,21776_fb0bfbc6,simple_rotor,1.0,0.9999,1.0,1.0,0.0,0.2,0.8,True,True,True,True,True
21186_d1698d8c,symmetric_rotor,1,22983_0ab3faaf,symmetric_rotor,0.95,0.9999,0.75,1.0,0.0,0.15,0.8,True,False,True,True,True
21186_d1698d8c,symmetric_rotor,2,22892_68138f24,symmetric_rotor,0.95,1.0,0.75,1.0,0.0,0.15,0.8,True,False,True,True,True
21186_d1698d8c,symmetric_rotor,3,22365_a4eb929c,symmetric_rotor,0.95,0.9972,0.75,1.0,0.0,0.15,0.8,True,False,True,True,True
20609_69f28932,symmetric_rotor,1,22706_58a933f4,symmetric_rotor,1.0,0.9979,1.0,1.0,0.0,0.2,0.8,True,True,True,True,True
20609_69f28932,symmetric_rotor,2,22049_4da0d894,symmetric_rotor,1.0,0.9999,1.0,1.0,0.0,0.2,0.8,True,True,True,True,True
20609_69f28932,symmetric_rotor,3,23320_e0711ae9,symmetric_rotor,1.0,0.9999,1.0,1.0,0.0,0.2,0.8,True,True,True,True,True
22064_e1ba20dd,simple_rotor,1,23184_731e5af0,simple_rotor,1.0,0.9997,1.0,1.0,0.0,0.2,0.8,True,True,True,True,True
22064_e1ba20dd,simple_rotor,2,23006_92c5b990,simple_rotor,1.0,0.9995,1.0,1.0,0.0,0.2,0.8,True,True,True,True,True
22064_e1ba20dd,simple_rotor,3,23351_6104d55d,simple_rotor,1.0,0.9995,1.0,1.0,0.0,0.2,0.8,True,True,True,True,True
21008_a3fec63b,medium_rotor,1,22021_520ec8c3,medium_rotor,1.0,0.9999,1.0,1.0,0.0,0.2,0.8,True,True,True,True,True
21008_a3fec63b,medium_rotor,2,20163_3742f394,medium_rotor,0.9997,0.9936,1.0,0.9996,0.0,0.2,0.7997,True,True,True,True,True
21008_a3fec63b,medium_rotor,3,21552_4e9c19b1,medium_rotor,0.9996,0.9993,1.0,0.9995,0.0,0.2,0.7996,True,True,True,True,True
21739_57582b8f,high_complexity_rotor,1,21744_5ae4d9d5,high_complexity_rotor,1.0,0.9956,1.0,1.0,0.0,0.2,0.8,True,True,True,True,True
21739_57582b8f,high_complexity_rotor,2,21093_1bda9bbe,high_complexity_rotor,0.95,0.9996,0.75,1.0,0.0,0.15,0.8,True,False,True,True,True
21739_57582b8f,high_complexity_rotor,3,22402_a62e84b4,high_complexity_rotor,0.95,0.998,0.75,1.0,0.0,0.15,0.8,True,False,True,True,True
21990_7bb6efcf,simple_rotor,1,22304_33009be6,simple_rotor,0.9994,1.0,1.0,0.9993,0.0,0.2,0.7994,True,True,True,True,True
21990_7bb6efcf,simple_rotor,2,22241_535ad84b,simple_rotor,0.9993,1.0,1.0,0.9991,0.0,0.2,0.7993,True,True,True,True,True
21990_7bb6efcf,simple_rotor,3,21810_718ae2fe,simple_rotor,0.999,1.0,1.0,0.9988,0.0,0.2,0.799,True,True,True,True,True
22357_e2f7b060,complex_assembly,1,23282_a1b17daa,complex_assembly,1.0,0.9925,1.0,1.0,0.0,0.2,0.8,True,True,True,True,True
22357_e2f7b060,complex_assembly,2,22491_a33562ad,complex_assembly,1.0,0.985,1.0,1.0,0.0,0.2,0.8,True,True,True,True,True
22357_e2f7b060,complex_assembly,3,21421_fb12b69b,complex_assembly,1.0,0.9691,1.0,1.0,0.0,0.2,0.8,True,True,True,True,True
23021_047d1f8a,simple_rotor,1,23184_731e5af0,simple_rotor,1.0,1.0,1.0,1.0,0.0,0.2,0.8,True,True,True,True,True
23021_047d1f8a,simple_rotor,2,23006_92c5b990,simple_rotor,1.0,1.0,1.0,1.0,0.0,0.2,0.8,True,True,True,True,True
23021_047d1f8a,simple_rotor,3,23351_6104d55d,simple_rotor,1.0,1.0,1.0,1.0,0.0,0.2,0.8,True,True,True,True,True
20812_462bd352,simple_rotor,1,23184_731e5af0,simple_rotor,1.0,1.0,1.0,1.0,0.0,0.2,0.8,True,True,True,True,True
20812_462bd352,simple_rotor,2,23006_92c5b990,simple_rotor,1.0,0.9999,1.0,1.0,0.0,0.2,0.8,True,True,True,True,True
20812_462bd352,simple_rotor,3,23351_6104d55d,simple_rotor,1.0,0.9999,1.0,1.0,0.0,0.2,0.8,True,True,True,True,True
21119_4f5c95a6,simple_rotor,1,23184_731e5af0,simple_rotor,1.0,0.9999,1.0,1.0,0.0,0.2,0.8,True,True,True,True,True
21119_4f5c95a6,simple_rotor,2,23006_92c5b990,simple_rotor,1.0,1.0,1.0,1.0,0.0,0.2,0.8,True,True,True,True,True
21119_4f5c95a6,simple_rotor,3,23351_6104d55d,simple_rotor,1.0,1.0,1.0,1.0,0.0,0.2,0.8,True,True,True,True,True
21174_861bd902,high_complexity_rotor,1,23155_d7305c5f,high_complexity_rotor,1.0,0.999,1.0,1.0,0.0,0.2,0.8,True,True,True,True,True
21174_861bd902,high_complexity_rotor,2,22421_19401bdd,high_complexity_rotor,1.0,0.9985,1.0,1.0,0.0,0.2,0.8,True,True,True,True,True
21174_861bd902,high_complexity_rotor,3,21849_a5f563a6,high_complexity_rotor,0.9999,0.9997,1.0,0.9999,0.0,0.2,0.7999,True,True,True,True,True
22057_4947db57,symmetric_rotor,1,20682_e208cc63,symmetric_rotor,1.0,1.0,1.0,1.0,0.0,0.2,0.8,True,True,True,True,True
22057_4947db57,symmetric_rotor,2,22311_553b3456,symmetric_rotor,1.0,0.9985,1.0,1.0,0.0,0.2,0.8,True,True,True,True,True
22057_4947db57,symmetric_rotor,3,22762_dcbdd14d,symmetric_rotor,1.0,0.9998,1.0,1.0,0.0,0.2,0.8,True,True,True,True,True
20858_15bdad00,medium_rotor,1,21592_c5e77a82,medium_rotor,0.9999,0.8767,1.0,0.9998,0.0,0.2,0.7999,True,True,True,True,True
20858_15bdad00,medium_rotor,2,21282_b2d83538,medium_rotor,0.9997,0.9949,1.0,0.9996,0.0,0.2,0.7997,True,True,True,True,True
20858_15bdad00,medium_rotor,3,22334_677d00e0,medium_rotor,0.9993,0.9997,1.0,0.9991,0.0,0.2,0.7993,True,True,True,True,True
20384_767d849a,simple_rotor,1,22236_db209dff,simple_rotor,1.0,0.9999,1.0,1.0,0.0,0.2,0.8,True,True,True,True,True
20384_767d849a,simple_rotor,2,21448_5646a1b6,simple_rotor,1.0,0.9999,1.0,1.0,0.0,0.2,0.8,True,True,True,True,True
20384_767d849a,simple_rotor,3,21825_ce32b0a0,simple_rotor,1.0,1.0,1.0,1.0,0.0,0.2,0.8,True,True,True,True,True
22059_b7d76712,medium_rotor,1,23373_f5dac851,medium_rotor,1.0,0.9999,1.0,1.0,0.0,0.2,0.8,True,True,True,True,True
22059_b7d76712,medium_rotor,2,21224_18ba4aba,medium_rotor,1.0,0.9997,1.0,1.0,0.0,0.2,0.8,True,True,True,True,True
22059_b7d76712,medium_rotor,3,23044_9a964a68,medium_rotor,1.0,0.9989,1.0,1.0,0.0,0.2,0.8,True,True,True,True,True
22197_94c66357,medium_rotor,1,22196_e5bf8c9d,medium_rotor,1.0,0.9999,1.0,1.0,0.0,0.2,0.8,True,True,True,True,True
22197_94c66357,medium_rotor,2,22197_66c5655e,medium_rotor,1.0,0.9999,1.0,1.0,0.0,0.2,0.8,True,True,True,True,True
22197_94c66357,medium_rotor,3,22196_0deb2e34,medium_rotor,1.0,0.9999,1.0,1.0,0.0,0.2,0.8,True,True,True,True,True
22080_594bcb66,symmetric_rotor,1,20990_0a226634,symmetric_rotor,1.0,0.849,1.0,1.0,0.0,0.2,0.8,True,True,True,True,True
22080_594bcb66,symmetric_rotor,2,23438_b1ef78f4,symmetric_rotor,1.0,0.849,1.0,0.9999,0.0,0.2,0.8,True,True,True,True,True
22080_594bcb66,symmetric_rotor,3,21825_ce32b0a0,simple_rotor,0.95,0.849,0.75,1.0,0.0,0.15,0.8,False,True,True,False,True
21450_ea24ffcc,high_complexity_rotor,1,22900_09de4c7a,high_complexity_rotor,1.0,0.8704,1.0,1.0,0.0,0.2,0.8,True,True,True,True,True
21450_ea24ffcc,high_complexity_rotor,2,22910_97f0cc18,high_complexity_rotor,1.0,0.9199,1.0,1.0,0.0,0.2,0.8,True,True,True,True,True
21450_ea24ffcc,high_complexity_rotor,3,22890_4ecfa491,high_complexity_rotor,1.0,0.9004,1.0,1.0,0.0,0.2,0.8,True,True,True,True,True
20799_213bf924,high_complexity_rotor,1,22070_fd1b8e5e,high_complexity_rotor,1.0,0.5413,1.0,1.0,0.0,0.2,0.8,True,True,True,True,True
20799_213bf924,high_complexity_rotor,2,22417_4a15d62e,high_complexity_rotor,1.0,0.5503,1.0,1.0,0.0,0.2,0.8,True,True,True,True,True
20799_213bf924,high_complexity_rotor,3,22168_a84560a9,high_complexity_rotor,1.0,0.5377,1.0,1.0,0.0,0.2,0.8,True,True,True,True,True
20504_c9e14c9d,medium_rotor,1,20421_83f66ddc,medium_rotor,1.0,0.9998,1.0,0.9999,0.0,0.2,0.8,True,True,True,True,True
20504_c9e14c9d,medium_rotor,2,22062_2d6b3b72,medium_rotor,0.9992,0.9997,1.0,0.999,0.0,0.2,0.7992,True,True,True,True,True
20504_c9e14c9d,medium_rotor,3,21737_87d83240,medium_rotor,0.9985,0.9998,1.0,0.9981,0.0,0.2,0.7985,True,True,True,True,True
21533_8837772a,simple_rotor,1,20341_6a1588fb,simple_rotor,0.9999,1.0,1.0,0.9999,0.0,0.2,0.7999,True,True,True,True,True
21533_8837772a,simple_rotor,2,20671_33532794,simple_rotor,0.9633,1.0,1.0,0.9541,0.0,0.2,0.7633,True,True,True,True,True
21533_8837772a,simple_rotor,3,22053_de30641b,simple_rotor,0.95,1.0,0.75,1.0,0.0,0.15,0.8,True,False,True,True,True
20436_41b730a3,simple_rotor,1,23215_08a54de0,simple_rotor,1.0,1.0,1.0,1.0,0.0,0.2,0.8,True,True,True,True,True
20436_41b730a3,simple_rotor,2,20186_f66e4ad3,simple_rotor,1.0,0.9998,1.0,1.0,0.0,0.2,0.8,True,True,True,True,True
20436_41b730a3,simple_rotor,3,22378_234fea2c,simple_rotor,1.0,0.9998,1.0,1.0,0.0,0.2,0.8,True,True,True,True,True
20229_d1ae2ae3,medium_rotor,1,23213_3df3cb34,medium_rotor,1.0,0.9995,1.0,1.0,0.0,0.2,0.8,True,True,True,True,True
20229_d1ae2ae3,medium_rotor,2,22383_e5f707a7,medium_rotor,1.0,0.9999,1.0,1.0,0.0,0.2,0.8,True,True,True,True,True
20229_d1ae2ae3,medium_rotor,3,22852_dc1dbed6,medium_rotor,1.0,0.9489,1.0,1.0,0.0,0.2,0.8,True,True,True,True,True
21244_d67bbabc,complex_assembly,1,20787_ed64ff5e,complex_assembly,1.0,0.9413,1.0,1.0,0.0,0.2,0.8,True,True,True,True,True
21244_d67bbabc,complex_assembly,2,22581_406c16c4,complex_assembly,0.9999,0.9177,1.0,0.9999,0.0,0.2,0.7999,True,True,True,True,True
21244_d67bbabc,complex_assembly,3,21236_b696e901,complex_assembly,0.9998,0.9665,1.0,0.9998,0.0,0.2,0.7998,True,True,True,True,True
23318_65e3a7c9,medium_rotor,1,22196_e5bf8c9d,medium_rotor,0.9987,0.999,1.0,0.9984,0.0,0.2,0.7987,True,True,True,True,True
23318_65e3a7c9,medium_rotor,2,22197_66c5655e,medium_rotor,0.9987,0.9989,1.0,0.9984,0.0,0.2,0.7987,True,True,True,True,True
23318_65e3a7c9,medium_rotor,3,22196_0deb2e34,medium_rotor,0.9987,0.9988,1.0,0.9984,0.0,0.2,0.7987,True,True,True,True,True
22893_eb8aa8ac,high_complexity_rotor,1,22416_4cd31921,high_complexity_rotor,1.0,0.9998,1.0,1.0,0.0,0.2,0.8,True,True,True,True,True
22893_eb8aa8ac,high_complexity_rotor,2,22419_dfeb5d33,high_complexity_rotor,1.0,0.9948,1.0,1.0,0.0,0.2,0.8,True,True,True,True,True
22893_eb8aa8ac,high_complexity_rotor,3,23101_6aec02ee,high_complexity_rotor,1.0,0.9959,1.0,1.0,0.0,0.2,0.8,True,True,True,True,True
23409_e27e3b8b,medium_rotor,1,23213_3df3cb34,medium_rotor,1.0,0.9991,1.0,1.0,0.0,0.2,0.8,True,True,True,True,True
23409_e27e3b8b,medium_rotor,2,22383_e5f707a7,medium_rotor,1.0,0.9998,1.0,1.0,0.0,0.2,0.8,True,True,True,True,True
23409_e27e3b8b,medium_rotor,3,22852_dc1dbed6,medium_rotor,1.0,0.9483,1.0,1.0,0.0,0.2,0.8,True,True,True,True,True
22066_308cdcfe,medium_rotor,1,23213_3df3cb34,medium_rotor,1.0,0.9993,1.0,1.0,0.0,0.2,0.8,True,True,True,True,True
22066_308cdcfe,medium_rotor,2,22383_e5f707a7,medium_rotor,1.0,0.9999,1.0,1.0,0.0,0.2,0.8,True,True,True,True,True
22066_308cdcfe,medium_rotor,3,22852_dc1dbed6,medium_rotor,1.0,0.9486,1.0,1.0,0.0,0.2,0.8,True,True,True,True,True
23363_60e39812,medium_rotor,1,22199_8ec9eeb2,medium_rotor,1.0,0.9897,1.0,1.0,0.0,0.2,0.8,True,True,True,True,True
23363_60e39812,medium_rotor,2,23466_1cf60d09,medium_rotor,1.0,0.9915,1.0,1.0,0.0,0.2,0.8,True,True,True,True,True
23363_60e39812,medium_rotor,3,22126_e1cca10f,medium_rotor,1.0,0.9994,1.0,1.0,0.0,0.2,0.8,True,True,True,True,True
20737_5249e274,high_complexity_rotor,1,23309_76dcf100,high_complexity_rotor,1.0,0.8993,1.0,1.0,0.0,0.2,0.8,True,True,True,True,True
20737_5249e274,high_complexity_rotor,2,21204_96d26a7f,high_complexity_rotor,1.0,0.9865,1.0,1.0,0.0,0.2,0.8,True,True,True,True,True
20737_5249e274,high_complexity_rotor,3,23467_9f431540,high_complexity_rotor,1.0,0.8701,1.0,1.0,0.0,0.2,0.8,True,True,True,True,True
23329_6939d5d9,high_complexity_rotor,1,21121_1e9e7540,high_complexity_rotor,1.0,0.9998,1.0,1.0,0.0,0.2,0.8,True,True,True,True,True
23329_6939d5d9,high_complexity_rotor,2,20697_d3e106b4,high_complexity_rotor,1.0,1.0,1.0,1.0,0.0,0.2,0.8,True,True,True,True,True
23329_6939d5d9,high_complexity_rotor,3,22421_19401bdd,high_complexity_rotor,1.0,0.9988,1.0,1.0,0.0,0.2,0.8,True,True,True,True,True
21884_cc2c39f9,medium_rotor,1,20817_ef63b1a7,medium_rotor,1.0,0.9998,1.0,1.0,0.0,0.2,0.8,True,True,True,True,True
21884_cc2c39f9,medium_rotor,2,20815_b3d9e6c9,medium_rotor,1.0,0.9998,1.0,1.0,0.0,0.2,0.8,True,True,True,True,True
21884_cc2c39f9,medium_rotor,3,23152_6f2706c9,medium_rotor,1.0,0.9995,1.0,1.0,0.0,0.2,0.8,True,True,True,True,True
20231_f54462bb,simple_rotor,1,23184_731e5af0,simple_rotor,1.0,0.9999,1.0,1.0,0.0,0.2,0.8,True,True,True,True,True
20231_f54462bb,simple_rotor,2,23006_92c5b990,simple_rotor,1.0,1.0,1.0,1.0,0.0,0.2,0.8,True,True,True,True,True
20231_f54462bb,simple_rotor,3,23351_6104d55d,simple_rotor,1.0,1.0,1.0,1.0,0.0,0.2,0.8,True,True,True,True,True
20322_5a8c6077,medium_rotor,1,23213_3df3cb34,medium_rotor,1.0,0.9997,1.0,1.0,0.0,0.2,0.8,True,True,True,True,True
20322_5a8c6077,medium_rotor,2,22383_e5f707a7,medium_rotor,1.0,1.0,1.0,1.0,0.0,0.2,0.8,True,True,True,True,True
20322_5a8c6077,medium_rotor,3,22852_dc1dbed6,medium_rotor,1.0,0.9494,1.0,1.0,0.0,0.2,0.8,True,True,True,True,True
22528_f3370a64,high_complexity_rotor,1,22900_09de4c7a,high_complexity_rotor,1.0,0.9991,1.0,1.0,0.0,0.2,0.8,True,True,True,True,True
22528_f3370a64,high_complexity_rotor,2,23002_4d53fb3f,high_complexity_rotor,1.0,1.0,1.0,1.0,0.0,0.2,0.8,True,True,True,True,True
22528_f3370a64,high_complexity_rotor,3,22890_4ecfa491,high_complexity_rotor,1.0,0.9996,1.0,1.0,0.0,0.2,0.8,True,True,True,True,True
22168_a84560a9,high_complexity_rotor,1,21845_dff8b3a1,high_complexity_rotor,1.0,1.0,1.0,1.0,0.0,0.2,0.8,True,True,True,True,True
22168_a84560a9,high_complexity_rotor,2,21849_a5f563a6,high_complexity_rotor,1.0,0.9999,1.0,1.0,0.0,0.2,0.8,True,True,True,True,True
22168_a84560a9,high_complexity_rotor,3,21843_effbd24d,high_complexity_rotor,1.0,0.9999,1.0,1.0,0.0,0.2,0.8,True,True,True,True,True
21513_50fb4d62,medium_rotor,1,21626_b34008e6,medium_rotor,1.0,0.9989,1.0,1.0,0.0,0.2,0.8,True,True,True,True,True
21513_50fb4d62,medium_rotor,2,20505_017d4cc4,medium_rotor,1.0,0.9997,1.0,1.0,0.0,0.2,0.8,True,True,True,True,True
21513_50fb4d62,medium_rotor,3,20892_b1f89c8d,medium_rotor,1.0,1.0,1.0,0.9999,0.0,0.2,0.8,True,True,True,True,True
22043_041e1b7c,simple_rotor,1,22270_c6999138,simple_rotor,1.0,1.0,1.0,1.0,0.0,0.2,0.8,True,True,True,True,True
22043_041e1b7c,simple_rotor,2,21976_807c9b26,simple_rotor,1.0,0.9999,1.0,1.0,0.0,0.2,0.8,True,True,True,True,True
22043_041e1b7c,simple_rotor,3,21326_ab4d6c43,simple_rotor,0.9999,1.0,1.0,0.9999,0.0,0.2,0.7999,True,True,True,True,True
21224_18ba4aba,medium_rotor,1,22612_28fe0ac2,medium_rotor,1.0,0.9986,1.0,1.0,0.0,0.2,0.8,True,True,True,True,True
21224_18ba4aba,medium_rotor,2,23451_14c8d09e,medium_rotor,1.0,0.9983,1.0,1.0,0.0,0.2,0.8,True,True,True,True,True
21224_18ba4aba,medium_rotor,3,22092_897b0ffa,medium_rotor,1.0,1.0,1.0,1.0,0.0,0.2,0.8,True,True,True,True,True
20246_40be7668,complex_assembly,1,21991_ab98f156,high_complexity_rotor,1.0,0.9215,1.0,1.0,0.0,0.2,0.8,False,True,True,True,True
20246_40be7668,complex_assembly,2,20870_dedaef5b,high_complexity_rotor,0.9998,0.9977,1.0,0.9998,0.0,0.2,0.7998,False,True,True,True,True
20246_40be7668,complex_assembly,3,22081_ab3124af,high_complexity_rotor,0.9995,0.8341,1.0,0.9994,0.0,0.2,0.7995,False,True,True,True,True
22837_7644c972,simple_rotor,1,23341_d5ead6d2,simple_rotor,0.9995,0.9998,1.0,0.9994,0.0,0.2,0.7995,True,True,True,True,True
22837_7644c972,simple_rotor,2,22747_3f6faf4c,simple_rotor,0.9995,0.9997,1.0,0.9994,0.0,0.2,0.7995,True,True,True,True,True
22837_7644c972,simple_rotor,3,21588_0c48dc5f,simple_rotor,0.999,0.9999,1.0,0.9987,0.0,0.2,0.799,True,True,True,True,True
22843_ff77027f,simple_rotor,1,23184_731e5af0,simple_rotor,1.0,1.0,1.0,1.0,0.0,0.2,0.8,True,True,True,True,True
22843_ff77027f,simple_rotor,2,21793_4ad5e2c0,simple_rotor,1.0,1.0,1.0,1.0,0.0,0.2,0.8,True,True,True,True,True
22843_ff77027f,simple_rotor,3,23163_7b143a6f,simple_rotor,1.0,1.0,1.0,1.0,0.0,0.2,0.8,True,True,True,True,True
23244_34b5f55e,simple_rotor,1,23236_d5867507,simple_rotor,0.9998,1.0,1.0,0.9998,0.0,0.2,0.7998,True,True,True,True,True
23244_34b5f55e,simple_rotor,2,23210_f535bfd2,simple_rotor,0.9998,1.0,1.0,0.9998,0.0,0.2,0.7998,True,True,True,True,True
23244_34b5f55e,simple_rotor,3,23218_02d26ab4,simple_rotor,0.9998,1.0,1.0,0.9997,0.0,0.2,0.7998,True,True,True,True,True
21840_6847d36c,symmetric_rotor,1,20419_8ce893b6,symmetric_rotor,1.0,0.999,1.0,1.0,0.0,0.2,0.8,True,True,True,True,True
21840_6847d36c,symmetric_rotor,2,21828_21ab2114,symmetric_rotor,1.0,0.9995,1.0,1.0,0.0,0.2,0.8,True,True,True,True,True
21840_6847d36c,symmetric_rotor,3,21831_54ca67d1,symmetric_rotor,1.0,1.0,1.0,1.0,0.0,0.2,0.8,True,True,True,True,True
21282_b2d83538,medium_rotor,1,21592_c5e77a82,medium_rotor,1.0,0.9068,1.0,1.0,0.0,0.2,0.8,True,True,True,True,True
21282_b2d83538,medium_rotor,2,22334_677d00e0,medium_rotor,0.9999,0.996,1.0,0.9999,0.0,0.2,0.7999,True,True,True,True,True
21282_b2d83538,medium_rotor,3,23026_e6f08109,medium_rotor,0.9998,0.9936,1.0,0.9997,0.0,0.2,0.7998,True,True,True,True,True
23176_1bf2a2d5,medium_rotor,1,20319_9f53cd7c,medium_rotor,1.0,0.9988,1.0,1.0,0.0,0.2,0.8,True,True,True,True,True
23176_1bf2a2d5,medium_rotor,2,20182_71b9e491,medium_rotor,1.0,0.9997,1.0,1.0,0.0,0.2,0.8,True,True,True,True,True
23176_1bf2a2d5,medium_rotor,3,21601_360ce1c7,medium_rotor,1.0,0.9992,1.0,1.0,0.0,0.2,0.8,True,True,True,True,True
23341_d5ead6d2,simple_rotor,1,21588_0c48dc5f,simple_rotor,0.9999,1.0,1.0,0.9999,0.0,0.2,0.7999,True,True,True,True,True
23341_d5ead6d2,simple_rotor,2,22837_7644c972,simple_rotor,0.9995,0.9998,1.0,0.9994,0.0,0.2,0.7995,True,True,True,True,True
23341_d5ead6d2,simple_rotor,3,22378_234fea2c,simple_rotor,0.9983,1.0,1.0,0.9978,0.0,0.2,0.7983,True,True,True,True,True
21503_34f299ca,medium_rotor,1,21790_aaf9224a,medium_rotor,0.9999,0.9998,1.0,0.9998,0.0,0.2,0.7999,True,True,True,True,True
21503_34f299ca,medium_rotor,2,22376_3ebc82a2,medium_rotor,0.9998,0.9977,1.0,0.9998,0.0,0.2,0.7998,True,True,True,True,True
21503_34f299ca,medium_rotor,3,21365_ab403591,medium_rotor,0.9976,0.9998,1.0,0.997,0.0,0.2,0.7976,True,True,True,True,True
20322_daa5c577,medium_rotor,1,23213_3df3cb34,medium_rotor,1.0,0.9999,1.0,1.0,0.0,0.2,0.8,True,True,True,True,True
20322_daa5c577,medium_rotor,2,22383_e5f707a7,medium_rotor,1.0,1.0,1.0,1.0,0.0,0.2,0.8,True,True,True,True,True
20322_daa5c577,medium_rotor,3,22852_dc1dbed6,medium_rotor,1.0,0.9497,1.0,1.0,0.0,0.2,0.8,True,True,True,True,True
21531_79015e13,medium_rotor,1,23213_3df3cb34,medium_rotor,1.0,0.9991,1.0,1.0,0.0,0.2,0.8,True,True,True,True,True
21531_79015e13,medium_rotor,2,22383_e5f707a7,medium_rotor,1.0,0.9981,1.0,1.0,0.0,0.2,0.8,True,True,True,True,True
21531_79015e13,medium_rotor,3,22852_dc1dbed6,medium_rotor,1.0,0.9538,1.0,1.0,0.0,0.2,0.8,True,True,True,True,True
22383_e5f707a7,medium_rotor,1,23213_3df3cb34,medium_rotor,1.0,0.9998,1.0,1.0,0.0,0.2,0.8,True,True,True,True,True
22383_e5f707a7,medium_rotor,2,21531_79015e13,medium_rotor,1.0,0.9981,1.0,1.0,0.0,0.2,0.8,True,True,True,True,True
22383_e5f707a7,medium_rotor,3,22852_dc1dbed6,medium_rotor,1.0,0.9495,1.0,1.0,0.0,0.2,0.8,True,True,True,True,True
20779_fc5a7c3d,medium_rotor,1,22045_ead71aca,medium_rotor,1.0,0.9989,1.0,1.0,0.0,0.2,0.8,True,True,True,True,True
20779_fc5a7c3d,medium_rotor,2,22323_aa6edb8b,medium_rotor,1.0,0.9997,1.0,1.0,0.0,0.2,0.8,True,True,True,True,True
20779_fc5a7c3d,medium_rotor,3,21816_3891a442,medium_rotor,0.9999,1.0,1.0,0.9999,0.0,0.2,0.7999,True,True,True,True,True
20910_c64b5d1b,simple_rotor,1,23250_aa321310,simple_rotor,1.0,0.9999,1.0,1.0,0.0,0.2,0.8,True,True,True,True,True
20910_c64b5d1b,simple_rotor,2,20947_115d4058,simple_rotor,1.0,0.9999,1.0,1.0,0.0,0.2,0.8,True,True,True,True,True
20910_c64b5d1b,simple_rotor,3,20838_86c931be,simple_rotor,1.0,0.9999,1.0,1.0,0.0,0.2,0.8,True,True,True,True,True
21453_679a343c,simple_rotor,1,20801_0796e2ee,simple_rotor,0.2,0.9966,1.0,0.0,0.0,0.2,0.0,True,True,True,True,True
21453_679a343c,simple_rotor,2,22058_71feafda,simple_rotor,0.2,0.9966,1.0,0.0,0.0,0.2,0.0,True,True,True,True,True
21453_679a343c,simple_rotor,3,20672_0bc07cce,simple_rotor,0.2,0.9965,1.0,0.0,0.0,0.2,0.0,True,True,True,True,True
23158_c7e753c2,simple_rotor,1,21599_80057f94,simple_rotor,0.9999,0.9999,1.0,0.9999,0.0,0.2,0.7999,True,True,True,True,True
23158_c7e753c2,simple_rotor,2,20934_fe7fbd78,simple_rotor,0.9757,0.9998,1.0,0.9697,0.0,0.2,0.7757,True,True,True,True,True
23158_c7e753c2,simple_rotor,3,20342_c140780b,simple_rotor,0.9757,0.9997,1.0,0.9697,0.0,0.2,0.7757,True,True,True,True,True
21856_f84d9348,medium_rotor,1,23213_3df3cb34,medium_rotor,1.0,0.971,1.0,1.0,0.0,0.2,0.8,True,True,True,True,True
21856_f84d9348,medium_rotor,2,21531_79015e13,medium_rotor,1.0,0.9721,1.0,1.0,0.0,0.2,0.8,True,True,True,True,True
21856_f84d9348,medium_rotor,3,22852_dc1dbed6,medium_rotor,1.0,0.9964,1.0,1.0,0.0,0.2,0.8,True,True,True,True,True
20469_b6211bfd,simple_rotor,1,23184_731e5af0,simple_rotor,1.0,0.9999,1.0,1.0,0.0,0.2,0.8,True,True,True,True,True
20469_b6211bfd,simple_rotor,2,23006_92c5b990,simple_rotor,1.0,1.0,1.0,1.0,0.0,0.2,0.8,True,True,True,True,True
20469_b6211bfd,simple_rotor,3,23351_6104d55d,simple_rotor,1.0,1.0,1.0,1.0,0.0,0.2,0.8,True,True,True,True,True
22126_e1cca10f,medium_rotor,1,22199_8ec9eeb2,medium_rotor,1.0,0.9941,1.0,1.0,0.0,0.2,0.8,True,True,True,True,True
22126_e1cca10f,medium_rotor,2,21912_3f74887c,medium_rotor,1.0,0.9993,1.0,1.0,0.0,0.2,0.8,True,True,True,True,True
22126_e1cca10f,medium_rotor,3,21528_a5d5490f,medium_rotor,1.0,0.9993,1.0,1.0,0.0,0.2,0.8,True,True,True,True,True
20908_10574fbf,simple_rotor,1,23184_731e5af0,simple_rotor,1.0,1.0,1.0,1.0,0.0,0.2,0.8,True,True,True,True,True
20908_10574fbf,simple_rotor,2,23006_92c5b990,simple_rotor,1.0,0.9998,1.0,1.0,0.0,0.2,0.8,True,True,True,True,True
20908_10574fbf,simple_rotor,3,23351_6104d55d,simple_rotor,1.0,0.9998,1.0,1.0,0.0,0.2,0.8,True,True,True,True,True
23096_7da0f913,simple_rotor,1,20671_33532794,simple_rotor,0.2,0.9999,1.0,0.0,0.0,0.2,0.0,True,True,True,True,True
23096_7da0f913,simple_rotor,2,21533_8837772a,simple_rotor,0.2,0.9998,1.0,0.0,0.0,0.2,0.0,True,True,True,True,True
23096_7da0f913,simple_rotor,3,20341_6a1588fb,simple_rotor,0.2,0.9999,1.0,0.0,0.0,0.2,0.0,True,True,True,True,True
22072_5163223a,medium_rotor,1,20319_9f53cd7c,medium_rotor,1.0,0.9928,1.0,1.0,0.0,0.2,0.8,True,True,True,True,True
22072_5163223a,medium_rotor,2,22045_ead71aca,medium_rotor,0.9999,0.9997,1.0,0.9999,0.0,0.2,0.7999,True,True,True,True,True
22072_5163223a,medium_rotor,3,20779_fc5a7c3d,medium_rotor,0.9999,0.9975,1.0,0.9999,0.0,0.2,0.7999,True,True,True,True,True
23120_f7c9092f,medium_rotor,1,23213_3df3cb34,medium_rotor,1.0,0.9964,1.0,1.0,0.0,0.2,0.8,True,True,True,True,True
23120_f7c9092f,medium_rotor,2,21531_79015e13,medium_rotor,1.0,0.9988,1.0,1.0,0.0,0.2,0.8,True,True,True,True,True
23120_f7c9092f,medium_rotor,3,22852_dc1dbed6,medium_rotor,1.0,0.9492,1.0,1.0,0.0,0.2,0.8,True,True,True,True,True
23438_b1ef78f4,symmetric_rotor,1,22080_594bcb66,symmetric_rotor,1.0,0.849,1.0,0.9999,0.0,0.2,0.8,True,True,True,True,True
23438_b1ef78f4,symmetric_rotor,2,20990_0a226634,symmetric_rotor,0.9999,1.0,1.0,0.9999,0.0,0.2,0.7999,True,True,True,True,True
23438_b1ef78f4,symmetric_rotor,3,21271_ec7f62b8,symmetric_rotor,0.95,0.9993,0.75,1.0,0.0,0.15,0.8,True,True,False,True,True
22678_ff42f120,symmetric_rotor,1,21386_e234c6b6,symmetric_rotor,1.0,0.9996,1.0,1.0,0.0,0.2,0.8,True,True,True,True,True
22678_ff42f120,symmetric_rotor,2,22399_97987ada,symmetric_rotor,1.0,0.9974,1.0,1.0,0.0,0.2,0.8,True,True,True,True,True
22678_ff42f120,symmetric_rotor,3,22812_cf865ed1,symmetric_rotor,1.0,0.9994,1.0,1.0,0.0,0.2,0.8,True,True,True,True,True
23194_b675acc0,simple_rotor,1,22981_93f268ae,simple_rotor,1.0,0.9999,1.0,1.0,0.0,0.2,0.8,True,True,True,True,True
23194_b675acc0,simple_rotor,2,23039_b3d04774,simple_rotor,0.9998,0.9998,1.0,0.9998,0.0,0.2,0.7998,True,True,True,True,True
23194_b675acc0,simple_rotor,3,19518_f220b68a,simple_rotor,0.9966,0.9996,1.0,0.9957,0.0,0.2,0.7966,True,True,True,True,True
20406_dacb0300,simple_rotor,1,23184_731e5af0,simple_rotor,1.0,1.0,1.0,1.0,0.0,0.2,0.8,True,True,True,True,True
20406_dacb0300,simple_rotor,2,23006_92c5b990,simple_rotor,1.0,0.9999,1.0,1.0,0.0,0.2,0.8,True,True,True,True,True
20406_dacb0300,simple_rotor,3,23351_6104d55d,simple_rotor,1.0,0.9999,1.0,1.0,0.0,0.2,0.8,True,True,True,True,True
22228_1c82530b,medium_rotor,1,21745_56cbe841,medium_rotor,1.0,0.9998,1.0,1.0,0.0,0.2,0.8,True,True,True,True,True
22228_1c82530b,medium_rotor,2,22778_7d85debd,medium_rotor,1.0,0.9995,1.0,1.0,0.0,0.2,0.8,True,True,True,True,True
22228_1c82530b,medium_rotor,3,21539_cfe1f7fd,medium_rotor,1.0,0.9998,1.0,0.9999,0.0,0.2,0.8,True,True,True,True,True
23199_75dc1efd,simple_rotor,1,23184_731e5af0,simple_rotor,1.0,1.0,1.0,1.0,0.0,0.2,0.8,True,True,True,True,True
23199_75dc1efd,simple_rotor,2,23006_92c5b990,simple_rotor,1.0,1.0,1.0,1.0,0.0,0.2,0.8,True,True,True,True,True
23199_75dc1efd,simple_rotor,3,23351_6104d55d,simple_rotor,1.0,1.0,1.0,1.0,0.0,0.2,0.8,True,True,True,True,True
23310_7daded69,high_complexity_rotor,1,20959_d4905d19,high_complexity_rotor,0.9997,0.9531,1.0,0.9997,0.0,0.2,0.7997,True,True,True,True,True
23310_7daded69,high_complexity_rotor,2,21134_7aa7cd89,high_complexity_rotor,0.9996,0.9477,1.0,0.9995,0.0,0.2,0.7996,True,True,True,True,True
23310_7daded69,high_complexity_rotor,3,20675_66ac9773,high_complexity_rotor,0.9995,0.8354,1.0,0.9993,0.0,0.2,0.7995,True,True,True,True,True
21923_41fa6eda,medium_rotor,1,22341_0f9c52ed,medium_rotor,1.0,0.9993,1.0,1.0,0.0,0.2,0.8,True,True,True,True,True
21923_41fa6eda,medium_rotor,2,20349_a12428da,medium_rotor,1.0,0.9924,1.0,1.0,0.0,0.2,0.8,True,True,True,True,True
21923_41fa6eda,medium_rotor,3,23132_1847c4ef,medium_rotor,1.0,1.0,1.0,0.9999,0.0,0.2,0.8,True,True,True,True,True
20788_d25efea2,medium_rotor,1,23213_3df3cb34,medium_rotor,1.0,0.9997,1.0,1.0,0.0,0.2,0.8,True,True,True,True,True
20788_d25efea2,medium_rotor,2,21531_79015e13,medium_rotor,1.0,0.9998,1.0,1.0,0.0,0.2,0.8,True,True,True,True,True
20788_d25efea2,medium_rotor,3,22852_dc1dbed6,medium_rotor,1.0,0.9507,1.0,1.0,0.0,0.2,0.8,True,True,True,True,True
20340_86125547,simple_rotor,1,20188_98b86c0f,simple_rotor,0.9949,1.0,1.0,0.9936,0.0,0.2,0.7949,True,True,True,True,True
20340_86125547,simple_rotor,2,22377_d490f505,simple_rotor,0.95,0.9999,0.75,1.0,0.0,0.15,0.8,True,False,True,True,True
20340_86125547,simple_rotor,3,20994_9c88b1ba,simple_rotor,0.95,1.0,0.75,1.0,0.0,0.15,0.8,True,False,True,True,True
21958_e48ddf4e,symmetric_rotor,1,23170_6ea8ded5,symmetric_rotor,1.0,0.9993,1.0,1.0,0.0,0.2,0.8,True,True,True,True,True
21958_e48ddf4e,symmetric_rotor,2,22312_3f366a4a,symmetric_rotor,1.0,0.9995,1.0,1.0,0.0,0.2,0.8,True,True,True,True,True
21958_e48ddf4e,symmetric_rotor,3,22141_5db99710,symmetric_rotor,1.0,0.9982,1.0,1.0,0.0,0.2,0.8,True,True,True,True,True
16550_e88d6986,simple_rotor,1,23184_731e5af0,simple_rotor,1.0,1.0,1.0,1.0,0.0,0.2,0.8,True,True,True,True,True
16550_e88d6986,simple_rotor,2,23006_92c5b990,simple_rotor,1.0,1.0,1.0,1.0,0.0,0.2,0.8,True,True,True,True,True
16550_e88d6986,simple_rotor,3,23351_6104d55d,simple_rotor,1.0,1.0,1.0,1.0,0.0,0.2,0.8,True,True,True,True,True
21358_a69a36f3,medium_rotor,1,23213_3df3cb34,medium_rotor,1.0,0.9996,1.0,1.0,0.0,0.2,0.8,True,True,True,True,True
21358_a69a36f3,medium_rotor,2,21531_79015e13,medium_rotor,1.0,0.9977,1.0,1.0,0.0,0.2,0.8,True,True,True,True,True
21358_a69a36f3,medium_rotor,3,22852_dc1dbed6,medium_rotor,1.0,0.9492,1.0,1.0,0.0,0.2,0.8,True,True,True,True,True
20701_6dcbc975,high_complexity_rotor,1,22533_e7298b05,complex_assembly,1.0,0.956,1.0,1.0,0.0,0.2,0.8,False,True,True,True,True
20701_6dcbc975,high_complexity_rotor,2,22430_c6f08b03,complex_assembly,0.9999,0.947,1.0,0.9999,0.0,0.2,0.7999,False,True,True,True,True
20701_6dcbc975,high_complexity_rotor,3,22413_901f5867,complex_assembly,0.9998,0.9597,1.0,0.9997,0.0,0.2,0.7998,False,True,True,True,True
21924_bbd9f7a9,high_complexity_rotor,1,23154_7c74d190,high_complexity_rotor,0.9998,0.9963,1.0,0.9997,0.0,0.2,0.7998,True,True,True,True,True
21924_bbd9f7a9,high_complexity_rotor,2,20245_f1b25d43,high_complexity_rotor,0.9995,0.9996,1.0,0.9994,0.0,0.2,0.7995,True,True,True,True,True
21924_bbd9f7a9,high_complexity_rotor,3,22428_c1ffa51a,high_complexity_rotor,0.9988,1.0,1.0,0.9985,0.0,0.2,0.7988,True,True,True,True,True
20451_84d8b290,simple_rotor,1,23103_43bde2a6,simple_rotor,1.0,0.9999,1.0,1.0,0.0,0.2,0.8,True,True,True,True,True
20451_84d8b290,simple_rotor,2,22147_12995368,simple_rotor,1.0,1.0,1.0,1.0,0.0,0.2,0.8,True,True,True,True,True
20451_84d8b290,simple_rotor,3,20216_89b90993,simple_rotor,1.0,1.0,1.0,1.0,0.0,0.2,0.8,True,True,True,True,True
22085_e039a7d3,medium_rotor,1,21590_7d092186,medium_rotor,1.0,0.9978,1.0,1.0,0.0,0.2,0.8,True,True,True,True,True
22085_e039a7d3,medium_rotor,2,20278_d442e77d,medium_rotor,0.9991,1.0,1.0,0.9989,0.0,0.2,0.7991,True,True,True,True,True
22085_e039a7d3,medium_rotor,3,21202_e452c491,medium_rotor,0.9988,0.9905,1.0,0.9985,0.0,0.2,0.7988,True,True,True,True,True
22983_0ab3faaf,symmetric_rotor,1,22365_a4eb929c,symmetric_rotor,1.0,0.9979,1.0,1.0,0.0,0.2,0.8,True,True,True,True,True
22983_0ab3faaf,symmetric_rotor,2,21248_0a862e3e,symmetric_rotor,1.0,0.9998,1.0,1.0,0.0,0.2,0.8,True,True,True,True,True
22983_0ab3faaf,symmetric_rotor,3,22155_ab18f2b6,symmetric_rotor,1.0,1.0,1.0,1.0,0.0,0.2,0.8,True,True,True,True,True
20947_115d4058,simple_rotor,1,20910_c64b5d1b,simple_rotor,1.0,0.9999,1.0,1.0,0.0,0.2,0.8,True,True,True,True,True
20947_115d4058,simple_rotor,2,20838_86c931be,simple_rotor,1.0,1.0,1.0,1.0,0.0,0.2,0.8,True,True,True,True,True
20947_115d4058,simple_rotor,3,22261_6efe61e3,simple_rotor,1.0,1.0,1.0,1.0,0.0,0.2,0.8,True,True,True,True,True
23045_a8c4e4bc,medium_rotor,1,23213_3df3cb34,medium_rotor,1.0,0.999,1.0,1.0,0.0,0.2,0.8,True,True,True,True,True
23045_a8c4e4bc,medium_rotor,2,21531_79015e13,medium_rotor,1.0,0.9998,1.0,1.0,0.0,0.2,0.8,True,True,True,True,True
23045_a8c4e4bc,medium_rotor,3,22852_dc1dbed6,medium_rotor,1.0,0.9506,1.0,1.0,0.0,0.2,0.8,True,True,True,True,True
20259_de1ab632,simple_rotor,1,22131_6b4b60f8,simple_rotor,1.0,1.0,1.0,0.9999,0.0,0.2,0.8,True,True,True,True,True
20259_de1ab632,simple_rotor,2,23321_c9497b79,simple_rotor,0.9999,0.9999,1.0,0.9999,0.0,0.2,0.7999,True,True,True,True,True
20259_de1ab632,simple_rotor,3,21015_10304cb9,simple_rotor,0.9999,1.0,1.0,0.9999,0.0,0.2,0.7999,True,True,True,True,True
22367_b4a67e61,simple_rotor,1,20731_fbdc7731,simple_rotor,1.0,1.0,1.0,1.0,0.0,0.2,0.8,True,True,True,True,True
22367_b4a67e61,simple_rotor,2,22508_6bb410af,simple_rotor,1.0,1.0,1.0,1.0,0.0,0.2,0.8,True,True,True,True,True
22367_b4a67e61,simple_rotor,3,22136_a539c50b,simple_rotor,1.0,1.0,1.0,1.0,0.0,0.2,0.8,True,True,True,True,True
20849_9821b6fe,medium_rotor,1,23213_3df3cb34,medium_rotor,1.0,0.9993,1.0,1.0,0.0,0.2,0.8,True,True,True,True,True
20849_9821b6fe,medium_rotor,2,21531_79015e13,medium_rotor,1.0,0.997,1.0,1.0,0.0,0.2,0.8,True,True,True,True,True
20849_9821b6fe,medium_rotor,3,22852_dc1dbed6,medium_rotor,1.0,0.9486,1.0,1.0,0.0,0.2,0.8,True,True,True,True,True
22469_9d87f800,medium_rotor,1,23213_3df3cb34,medium_rotor,1.0,0.9997,1.0,1.0,0.0,0.2,0.8,True,True,True,True,True
22469_9d87f800,medium_rotor,2,21531_79015e13,medium_rotor,1.0,0.9998,1.0,1.0,0.0,0.2,0.8,True,True,True,True,True
22469_9d87f800,medium_rotor,3,22852_dc1dbed6,medium_rotor,1.0,0.951,1.0,1.0,0.0,0.2,0.8,True,True,True,True,True
23435_e1c96b4d,simple_rotor,1,23184_731e5af0,simple_rotor,1.0,0.9998,1.0,1.0,0.0,0.2,0.8,True,True,True,True,True
23435_e1c96b4d,simple_rotor,2,23006_92c5b990,simple_rotor,1.0,0.9995,1.0,1.0,0.0,0.2,0.8,True,True,True,True,True
23435_e1c96b4d,simple_rotor,3,23351_6104d55d,simple_rotor,1.0,0.9996,1.0,1.0,0.0,0.2,0.8,True,True,True,True,True
23043_c0827516,medium_rotor,1,23213_3df3cb34,medium_rotor,1.0,0.9997,1.0,1.0,0.0,0.2,0.8,True,True,True,True,True
23043_c0827516,medium_rotor,2,21531_79015e13,medium_rotor,1.0,0.9997,1.0,1.0,0.0,0.2,0.8,True,True,True,True,True
23043_c0827516,medium_rotor,3,22852_dc1dbed6,medium_rotor,1.0,0.9507,1.0,1.0,0.0,0.2,0.8,True,True,True,True,True
23154_7c74d190,high_complexity_rotor,1,20245_f1b25d43,high_complexity_rotor,0.9999,0.9938,1.0,0.9999,0.0,0.2,0.7999,True,True,True,True,True
23154_7c74d190,high_complexity_rotor,2,21924_bbd9f7a9,high_complexity_rotor,0.9998,0.9963,1.0,0.9997,0.0,0.2,0.7998,True,True,True,True,True
23154_7c74d190,high_complexity_rotor,3,22428_c1ffa51a,high_complexity_rotor,0.9983,0.996,1.0,0.9978,0.0,0.2,0.7983,True,True,True,True,True
20387_0d507234,medium_rotor,1,23213_3df3cb34,medium_rotor,1.0,0.9999,1.0,1.0,0.0,0.2,0.8,True,True,True,True,True
20387_0d507234,medium_rotor,2,21531_79015e13,medium_rotor,1.0,0.9987,1.0,1.0,0.0,0.2,0.8,True,True,True,True,True
20387_0d507234,medium_rotor,3,22852_dc1dbed6,medium_rotor,1.0,0.9514,1.0,1.0,0.0,0.2,0.8,True,True,True,True,True
22862_f5406bb0,simple_rotor,1,21357_9edfc0a0,simple_rotor,1.0,1.0,1.0,1.0,0.0,0.2,0.8,True,True,True,True,True
22862_f5406bb0,simple_rotor,2,22014_5880c417,simple_rotor,1.0,1.0,1.0,1.0,0.0,0.2,0.8,True,True,True,True,True
22862_f5406bb0,simple_rotor,3,20841_1620ae7d,simple_rotor,1.0,0.9999,1.0,1.0,0.0,0.2,0.8,True,True,True,True,True
22890_4ecfa491,high_complexity_rotor,1,22402_a62e84b4,high_complexity_rotor,1.0,0.9932,1.0,1.0,0.0,0.2,0.8,True,True,True,True,True
22890_4ecfa491,high_complexity_rotor,2,21093_1bda9bbe,high_complexity_rotor,1.0,0.9949,1.0,1.0,0.0,0.2,0.8,True,True,True,True,True
22890_4ecfa491,high_complexity_rotor,3,21926_b4c7068b,high_complexity_rotor,1.0,0.7116,1.0,1.0,0.0,0.2,0.8,True,True,True,True,True
21625_d5d4c9a7,medium_rotor,1,20285_b64b1a7e,medium_rotor,0.9999,1.0,1.0,0.9999,0.0,0.2,0.7999,True,True,True,True,True
21625_d5d4c9a7,medium_rotor,2,22061_b50b6b66,medium_rotor,0.9999,1.0,1.0,0.9999,0.0,0.2,0.7999,True,True,True,True,True
21625_d5d4c9a7,medium_rotor,3,21695_1f33863f,medium_rotor,0.9999,0.9998,1.0,0.9999,0.0,0.2,0.7999,True,True,True,True,True
22216_4b032400,symmetric_rotor,1,23102_211ad1db,symmetric_rotor,1.0,0.9994,1.0,1.0,0.0,0.2,0.8,True,True,True,True,True
22216_4b032400,symmetric_rotor,2,22886_a6331748,symmetric_rotor,1.0,0.9996,1.0,1.0,0.0,0.2,0.8,True,True,True,True,True
22216_4b032400,symmetric_rotor,3,22057_4947db57,symmetric_rotor,1.0,0.9989,1.0,1.0,0.0,0.2,0.8,True,True,True,True,True
21564_fa5b2db7,simple_rotor,1,22283_36ba29c9,simple_rotor,1.0,1.0,1.0,1.0,0.0,0.2,0.8,True,True,True,True,True
21564_fa5b2db7,simple_rotor,2,21384_b9774b93,simple_rotor,1.0,1.0,1.0,1.0,0.0,0.2,0.8,True,True,True,True,True
21564_fa5b2db7,simple_rotor,3,20384_767d849a,simple_rotor,1.0,1.0,1.0,1.0,0.0,0.2,0.8,True,True,True,True,True
21918_976c2754,high_complexity_rotor,1,21762_90d34d16,high_complexity_rotor,1.0,0.9794,1.0,1.0,0.0,0.2,0.8,True,True,True,True,True
21918_976c2754,high_complexity_rotor,2,23123_f35404c4,complex_assembly,1.0,0.9996,1.0,1.0,0.0,0.2,0.8,False,True,True,True,True
21918_976c2754,high_complexity_rotor,3,23271_f833d903,complex_assembly,1.0,0.9571,1.0,0.9999,0.0,0.2,0.8,False,True,True,True,True
21615_f2ecc6e8,simple_rotor,1,23184_731e5af0,simple_rotor,1.0,1.0,1.0,1.0,0.0,0.2,0.8,True,True,True,True,True
21615_f2ecc6e8,simple_rotor,2,23006_92c5b990,simple_rotor,1.0,0.9999,1.0,1.0,0.0,0.2,0.8,True,True,True,True,True
21615_f2ecc6e8,simple_rotor,3,23351_6104d55d,simple_rotor,1.0,1.0,1.0,1.0,0.0,0.2,0.8,True,True,True,True,True
23164_659c91ef,simple_rotor,1,23184_731e5af0,simple_rotor,1.0,1.0,1.0,1.0,0.0,0.2,0.8,True,True,True,True,True
23164_659c91ef,simple_rotor,2,23006_92c5b990,simple_rotor,1.0,0.9999,1.0,1.0,0.0,0.2,0.8,True,True,True,True,True
23164_659c91ef,simple_rotor,3,23351_6104d55d,simple_rotor,1.0,1.0,1.0,1.0,0.0,0.2,0.8,True,True,True,True,True
21271_ec7f62b8,symmetric_rotor,1,21497_9833a679,symmetric_rotor,1.0,0.9998,1.0,1.0,0.0,0.2,0.8,True,True,True,True,True
21271_ec7f62b8,symmetric_rotor,2,23259_d655fcc1,symmetric_rotor,1.0,0.9985,1.0,1.0,0.0,0.2,0.8,True,True,True,True,True
21271_ec7f62b8,symmetric_rotor,3,23178_eb4b4280,symmetric_rotor,1.0,0.9994,1.0,1.0,0.0,0.2,0.8,True,True,True,True,True
22746_920025a0,simple_rotor,1,23184_731e5af0,simple_rotor,1.0,1.0,1.0,1.0,0.0,0.2,0.8,True,True,True,True,True
22746_920025a0,simple_rotor,2,23006_92c5b990,simple_rotor,1.0,1.0,1.0,1.0,0.0,0.2,0.8,True,True,True,True,True
22746_920025a0,simple_rotor,3,22349_6f67a96e,simple_rotor,1.0,1.0,1.0,1.0,0.0,0.2,0.8,True,True,True,True,True
20429_9dd95c38,simple_rotor,1,20551_ff28a959,simple_rotor,1.0,1.0,1.0,1.0,0.0,0.2,0.8,True,True,True,True,True
20429_9dd95c38,simple_rotor,2,20806_ca60b7ae,simple_rotor,1.0,1.0,1.0,1.0,0.0,0.2,0.8,True,True,True,True,True
20429_9dd95c38,simple_rotor,3,22129_48b47c52,simple_rotor,1.0,1.0,1.0,1.0,0.0,0.2,0.8,True,True,True,True,True
20806_ca60b7ae,simple_rotor,1,20551_ff28a959,simple_rotor,1.0,1.0,1.0,1.0,0.0,0.2,0.8,True,True,True,True,True
20806_ca60b7ae,simple_rotor,2,20429_9dd95c38,simple_rotor,1.0,1.0,1.0,1.0,0.0,0.2,0.8,True,True,True,True,True
20806_ca60b7ae,simple_rotor,3,22129_48b47c52,simple_rotor,1.0,1.0,1.0,1.0,0.0,0.2,0.8,True,True,True,True,True
23178_eb4b4280,symmetric_rotor,1,21497_9833a679,symmetric_rotor,1.0,0.9999,1.0,1.0,0.0,0.2,0.8,True,True,True,True,True
23178_eb4b4280,symmetric_rotor,2,23259_d655fcc1,symmetric_rotor,1.0,0.9961,1.0,1.0,0.0,0.2,0.8,True,True,True,True,True
23178_eb4b4280,symmetric_rotor,3,21271_ec7f62b8,symmetric_rotor,1.0,0.9994,1.0,1.0,0.0,0.2,0.8,True,True,True,True,True
21478_8fbd4409,symmetric_rotor,1,21037_62248d34,symmetric_rotor,1.0,0.9998,1.0,1.0,0.0,0.2,0.8,True,True,True,True,True
21478_8fbd4409,symmetric_rotor,2,22049_4da0d894,symmetric_rotor,1.0,0.9998,1.0,1.0,0.0,0.2,0.8,True,True,True,True,True
21478_8fbd4409,symmetric_rotor,3,22399_97987ada,symmetric_rotor,1.0,0.9965,1.0,1.0,0.0,0.2,0.8,True,True,True,True,True
23511_8651ac1f,high_complexity_rotor,1,22415_658c81dd,complex_assembly,0.9833,0.9866,1.0,0.9792,0.0,0.2,0.7833,False,True,True,True,True
23511_8651ac1f,high_complexity_rotor,2,20245_f1b25d43,high_complexity_rotor,0.9817,0.8769,1.0,0.9771,0.0,0.2,0.7817,True,True,True,True,True
23511_8651ac1f,high_complexity_rotor,3,23154_7c74d190,high_complexity_rotor,0.9789,0.8186,1.0,0.9736,0.0,0.2,0.7789,True,True,True,True,True
22372_e91792a1,medium_rotor,1,22832_731d3b9f,medium_rotor,1.0,1.0,1.0,1.0,0.0,0.2,0.8,True,True,True,True,True
22372_e91792a1,medium_rotor,2,22680_1f4026f6,medium_rotor,1.0,0.9996,1.0,1.0,0.0,0.2,0.8,True,True,True,True,True
22372_e91792a1,medium_rotor,3,23331_192866b6,medium_rotor,0.9999,1.0,1.0,0.9999,0.0,0.2,0.7999,True,True,True,True,True
21634_e5e20375,simple_rotor,1,20958_94222947,simple_rotor,1.0,1.0,1.0,1.0,0.0,0.2,0.8,True,True,True,True,True
21634_e5e20375,simple_rotor,2,20385_f2d30908,simple_rotor,1.0,0.9999,1.0,1.0,0.0,0.2,0.8,True,True,True,True,True
21634_e5e20375,simple_rotor,3,22732_cd2af0ac,simple_rotor,1.0,0.9999,1.0,1.0,0.0,0.2,0.8,True,True,True,True,True
22430_c6f08b03,complex_assembly,1,22533_e7298b05,complex_assembly,1.0,0.9984,1.0,1.0,0.0,0.2,0.8,True,True,True,True,True
22430_c6f08b03,complex_assembly,2,20701_6dcbc975,high_complexity_rotor,0.9999,0.947,1.0,0.9999,0.0,0.2,0.7999,False,True,True,True,True
22430_c6f08b03,complex_assembly,3,22056_79373464,complex_assembly,0.9998,0.9518,1.0,0.9998,0.0,0.2,0.7998,True,True,True,True,True
22461_0ba0e480,medium_rotor,1,22002_315afcfc,medium_rotor,1.0,1.0,1.0,1.0,0.0,0.2,0.8,True,True,True,True,True
22461_0ba0e480,medium_rotor,2,23493_57512264,medium_rotor,1.0,0.9952,1.0,1.0,0.0,0.2,0.8,True,True,True,True,True
22461_0ba0e480,medium_rotor,3,22776_facf9bcf,medium_rotor,1.0,0.9998,1.0,1.0,0.0,0.2,0.8,True,True,True,True,True
23305_2662b29a,medium_rotor,1,21621_711e1918,medium_rotor,1.0,0.9374,1.0,1.0,0.0,0.2,0.8,True,True,True,True,True
23305_2662b29a,medium_rotor,2,22017_6d3be48d,medium_rotor,1.0,0.965,1.0,1.0,0.0,0.2,0.8,True,True,True,True,True
23305_2662b29a,medium_rotor,3,21424_9d516e3a,medium_rotor,1.0,0.9353,1.0,1.0,0.0,0.2,0.8,True,True,True,True,True
23163_7b143a6f,simple_rotor,1,23184_731e5af0,simple_rotor,1.0,1.0,1.0,1.0,0.0,0.2,0.8,True,True,True,True,True
23163_7b143a6f,simple_rotor,2,23006_92c5b990,simple_rotor,1.0,1.0,1.0,1.0,0.0,0.2,0.8,True,True,True,True,True
23163_7b143a6f,simple_rotor,3,22349_6f67a96e,simple_rotor,1.0,1.0,1.0,1.0,0.0,0.2,0.8,True,True,True,True,True
20970_d20c6c35,symmetric_rotor,1,21176_b5c72bfb,symmetric_rotor,1.0,1.0,1.0,1.0,0.0,0.2,0.8,True,True,True,True,True
20970_d20c6c35,symmetric_rotor,2,20926_4c0f33f6,symmetric_rotor,0.9991,0.997,1.0,0.9988,0.0,0.2,0.7991,True,True,True,True,True
20970_d20c6c35,symmetric_rotor,3,23127_38d73061,symmetric_rotor,0.95,0.9995,0.75,1.0,0.0,0.15,0.8,True,False,True,True,True
23218_02d26ab4,simple_rotor,1,23236_d5867507,simple_rotor,1.0,1.0,1.0,1.0,0.0,0.2,0.8,True,True,True,True,True
23218_02d26ab4,simple_rotor,2,23210_f535bfd2,simple_rotor,1.0,1.0,1.0,1.0,0.0,0.2,0.8,True,True,True,True,True
23218_02d26ab4,simple_rotor,3,23209_1592b0a4,simple_rotor,0.9999,1.0,1.0,0.9998,0.0,0.2,0.7999,True,True,True,True,True
22987_37973191,medium_rotor,1,23331_192866b6,medium_rotor,0.9997,0.9999,1.0,0.9996,0.0,0.2,0.7997,True,True,True,True,True
22987_37973191,medium_rotor,2,23368_648717d8,medium_rotor,0.9996,0.9937,1.0,0.9995,0.0,0.2,0.7996,True,True,True,True,True
22987_37973191,medium_rotor,3,22832_731d3b9f,medium_rotor,0.9993,1.0,1.0,0.9991,0.0,0.2,0.7993,True,True,True,True,True
22147_12995368,simple_rotor,1,23103_43bde2a6,simple_rotor,1.0,1.0,1.0,1.0,0.0,0.2,0.8,True,True,True,True,True
22147_12995368,simple_rotor,2,20451_557fe5cd,simple_rotor,1.0,1.0,1.0,1.0,0.0,0.2,0.8,True,True,True,True,True
22147_12995368,simple_rotor,3,20451_84d8b290,simple_rotor,1.0,1.0,1.0,1.0,0.0,0.2,0.8,True,True,True,True,True
21552_4e9c19b1,medium_rotor,1,22021_520ec8c3,medium_rotor,0.9996,0.9994,1.0,0.9995,0.0,0.2,0.7996,True,True,True,True,True
21552_4e9c19b1,medium_rotor,2,21008_a3fec63b,medium_rotor,0.9996,0.9993,1.0,0.9995,0.0,0.2,0.7996,True,True,True,True,True
21552_4e9c19b1,medium_rotor,3,20163_3742f394,medium_rotor,0.9984,0.9971,1.0,0.9981,0.0,0.2,0.7984,True,True,True,True,True
21582_a3d32115,complex_assembly,1,21545_4384f96e,complex_assembly,1.0,0.8962,1.0,1.0,0.0,0.2,0.8,True,True,True,True,True
21582_a3d32115,complex_assembly,2,23235_f9ccb8b0,complex_assembly,1.0,0.9798,1.0,1.0,0.0,0.2,0.8,True,True,True,True,True
21582_a3d32115,complex_assembly,3,20952_b8a54213,complex_assembly,1.0,0.9556,1.0,1.0,0.0,0.2,0.8,True,True,True,True,True
21911_429c1a72,simple_rotor,1,21994_357aac6f,simple_rotor,0.9998,0.9996,1.0,0.9998,0.0,0.2,0.7998,True,True,True,True,True
21911_429c1a72,simple_rotor,2,20332_0c2a24aa,simple_rotor,0.9994,1.0,1.0,0.9993,0.0,0.2,0.7994,True,True,True,True,True
21911_429c1a72,simple_rotor,3,20756_75f43564,simple_rotor,0.9994,0.9999,1.0,0.9993,0.0,0.2,0.7994,True,True,True,True,True
20657_913a7675,medium_rotor,1,23213_3df3cb34,medium_rotor,1.0,0.9997,1.0,1.0,0.0,0.2,0.8,True,True,True,True,True
20657_913a7675,medium_rotor,2,21531_79015e13,medium_rotor,1.0,0.9996,1.0,1.0,0.0,0.2,0.8,True,True,True,True,True
20657_913a7675,medium_rotor,3,22852_dc1dbed6,medium_rotor,1.0,0.9563,1.0,1.0,0.0,0.2,0.8,True,True,True,True,True
21926_b4c7068b,high_complexity_rotor,1,22402_a62e84b4,high_complexity_rotor,1.0,0.7745,1.0,1.0,0.0,0.2,0.8,True,True,True,True,True
21926_b4c7068b,high_complexity_rotor,2,21093_1bda9bbe,high_complexity_rotor,1.0,0.7777,1.0,1.0,0.0,0.2,0.8,True,True,True,True,True
21926_b4c7068b,high_complexity_rotor,3,23251_3eb3d2e6,high_complexity_rotor,1.0,0.7443,1.0,1.0,0.0,0.2,0.8,True,True,True,True,True
22732_cd2af0ac,simple_rotor,1,20958_94222947,simple_rotor,1.0,0.9999,1.0,1.0,0.0,0.2,0.8,True,True,True,True,True
22732_cd2af0ac,simple_rotor,2,21634_e5e20375,simple_rotor,1.0,0.9999,1.0,1.0,0.0,0.2,0.8,True,True,True,True,True
22732_cd2af0ac,simple_rotor,3,20385_f2d30908,simple_rotor,1.0,1.0,1.0,1.0,0.0,0.2,0.8,True,True,True,True,True
21049_f644930a,medium_rotor,1,23213_3df3cb34,medium_rotor,1.0,1.0,1.0,1.0,0.0,0.2,0.8,True,True,True,True,True
21049_f644930a,medium_rotor,2,21531_79015e13,medium_rotor,1.0,0.9991,1.0,1.0,0.0,0.2,0.8,True,True,True,True,True
21049_f644930a,medium_rotor,3,22852_dc1dbed6,medium_rotor,1.0,0.9504,1.0,1.0,0.0,0.2,0.8,True,True,True,True,True
22345_bc482c26,medium_rotor,1,23213_3df3cb34,medium_rotor,1.0,0.9991,1.0,1.0,0.0,0.2,0.8,True,True,True,True,True
22345_bc482c26,medium_rotor,2,21531_79015e13,medium_rotor,1.0,0.9967,1.0,1.0,0.0,0.2,0.8,True,True,True,True,True
22345_bc482c26,medium_rotor,3,22852_dc1dbed6,medium_rotor,1.0,0.9495,1.0,1.0,0.0,0.2,0.8,True,True,True,True,True
21697_06656699,high_complexity_rotor,1,21709_4dd88551,high_complexity_rotor,1.0,1.0,1.0,1.0,0.0,0.2,0.8,True,True,True,True,True
21697_06656699,high_complexity_rotor,2,20279_aed6b3b3,high_complexity_rotor,1.0,0.9711,1.0,0.9999,0.0,0.2,0.8,True,True,True,True,True
21697_06656699,high_complexity_rotor,3,23233_ac09e2e5,high_complexity_rotor,0.9999,0.9999,1.0,0.9999,0.0,0.2,0.7999,True,True,True,True,True
20412_42170125,simple_rotor,1,20801_0796e2ee,simple_rotor,0.2,1.0,1.0,0.0,0.0,0.2,0.0,True,True,True,True,True
20412_42170125,simple_rotor,2,22378_234fea2c,simple_rotor,0.2,1.0,1.0,0.0,0.0,0.2,0.0,True,True,True,True,True
20412_42170125,simple_rotor,3,21616_c6c3347a,simple_rotor,0.2,1.0,1.0,0.0,0.0,0.2,0.0,True,True,True,True,True
21845_dff8b3a1,high_complexity_rotor,1,21081_72fa4ad1,high_complexity_rotor,1.0,0.9999,1.0,1.0,0.0,0.2,0.8,True,True,True,True,True
21845_dff8b3a1,high_complexity_rotor,2,21843_effbd24d,high_complexity_rotor,1.0,0.9999,1.0,1.0,0.0,0.2,0.8,True,True,True,True,True
21845_dff8b3a1,high_complexity_rotor,3,22168_a84560a9,high_complexity_rotor,1.0,1.0,1.0,1.0,0.0,0.2,0.8,True,True,True,True,True
23083_fdb942ac,high_complexity_rotor,1,22402_a62e84b4,high_complexity_rotor,1.0,0.9873,1.0,1.0,0.0,0.2,0.8,True,True,True,True,True
23083_fdb942ac,high_complexity_rotor,2,21093_1bda9bbe,high_complexity_rotor,1.0,0.9893,1.0,1.0,0.0,0.2,0.8,True,True,True,True,True
23083_fdb942ac,high_complexity_rotor,3,21926_b4c7068b,high_complexity_rotor,1.0,0.6794,1.0,1.0,0.0,0.2,0.8,True,True,True,True,True
22050_e8702dd4,symmetric_rotor,1,21467_67965037,symmetric_rotor,1.0,0.9999,1.0,1.0,0.0,0.2,0.8,True,True,True,True,True
22050_e8702dd4,symmetric_rotor,2,21603_98a15295,symmetric_rotor,1.0,1.0,1.0,1.0,0.0,0.2,0.8,True,True,True,True,True
22050_e8702dd4,symmetric_rotor,3,22561_067b78ae,symmetric_rotor,0.9998,0.9993,1.0,0.9998,0.0,0.2,0.7998,True,True,True,True,True
21495_ebbbd369,simple_rotor,1,21459_a9de5e5b,simple_rotor,1.0,1.0,1.0,1.0,0.0,0.2,0.8,True,True,True,True,True
21495_ebbbd369,simple_rotor,2,23006_92c5b990,simple_rotor,1.0,1.0,1.0,1.0,0.0,0.2,0.8,True,True,True,True,True
21495_ebbbd369,simple_rotor,3,22349_6f67a96e,simple_rotor,1.0,1.0,1.0,1.0,0.0,0.2,0.8,True,True,True,True,True
22140_9cda24cc,simple_rotor,1,20551_ff28a959,simple_rotor,1.0,0.9999,1.0,1.0,0.0,0.2,0.8,True,True,True,True,True
22140_9cda24cc,simple_rotor,2,21665_2e14b6ff,simple_rotor,1.0,1.0,1.0,1.0,0.0,0.2,0.8,True,True,True,True,True
22140_9cda24cc,simple_rotor,3,20806_ca60b7ae,simple_rotor,1.0,1.0,1.0,1.0,0.0,0.2,0.8,True,True,True,True,True
23035_6087bb57,medium_rotor,1,23213_3df3cb34,medium_rotor,1.0,0.9996,1.0,1.0,0.0,0.2,0.8,True,True,True,True,True
23035_6087bb57,medium_rotor,2,21531_79015e13,medium_rotor,1.0,0.9977,1.0,1.0,0.0,0.2,0.8,True,True,True,True,True
23035_6087bb57,medium_rotor,3,22852_dc1dbed6,medium_rotor,1.0,0.9492,1.0,1.0,0.0,0.2,0.8,True,True,True,True,True
21836_5bc91e49,symmetric_rotor,1,22414_14ead4a3,symmetric_rotor,0.9999,1.0,1.0,0.9999,0.0,0.2,0.7999,True,True,True,True,True
21836_5bc91e49,symmetric_rotor,2,22638_37f9fe91,symmetric_rotor,0.9998,0.9996,1.0,0.9998,0.0,0.2,0.7998,True,True,True,True,True
21836_5bc91e49,symmetric_rotor,3,20502_58b65de9,symmetric_rotor,0.9998,1.0,1.0,0.9998,0.0,0.2,0.7998,True,True,True,True,True
21539_cfe1f7fd,medium_rotor,1,22778_7d85debd,medium_rotor,1.0,0.9986,1.0,1.0,0.0,0.2,0.8,True,True,True,True,True
21539_cfe1f7fd,medium_rotor,2,19810_f77c5501,medium_rotor,1.0,0.9998,1.0,1.0,0.0,0.2,0.8,True,True,True,True,True
21539_cfe1f7fd,medium_rotor,3,22228_1c82530b,medium_rotor,1.0,0.9998,1.0,0.9999,0.0,0.2,0.8,True,True,True,True,True
21626_b34008e6,medium_rotor,1,21513_50fb4d62,medium_rotor,1.0,0.9989,1.0,1.0,0.0,0.2,0.8,True,True,True,True,True
21626_b34008e6,medium_rotor,2,20505_017d4cc4,medium_rotor,1.0,0.9997,1.0,1.0,0.0,0.2,0.8,True,True,True,True,True
21626_b34008e6,medium_rotor,3,20892_b1f89c8d,medium_rotor,1.0,0.9984,1.0,0.9999,0.0,0.2,0.8,True,True,True,True,True
21862_ec534e16,simple_rotor,1,20731_fbdc7731,simple_rotor,1.0,1.0,1.0,1.0,0.0,0.2,0.8,True,True,True,True,True
21862_ec534e16,simple_rotor,2,22367_b4a67e61,simple_rotor,1.0,1.0,1.0,1.0,0.0,0.2,0.8,True,True,True,True,True
21862_ec534e16,simple_rotor,3,22136_a539c50b,simple_rotor,1.0,1.0,1.0,1.0,0.0,0.2,0.8,True,True,True,True,True
21451_fea6f0d1,simple_rotor,1,20951_2918f2fa,simple_rotor,1.0,1.0,1.0,1.0,0.0,0.2,0.8,True,True,True,True,True
21451_fea6f0d1,simple_rotor,2,20241_ccb70dc8,simple_rotor,1.0,1.0,1.0,1.0,0.0,0.2,0.8,True,True,True,True,True
21451_fea6f0d1,simple_rotor,3,21776_fb0bfbc6,simple_rotor,1.0,0.9998,1.0,1.0,0.0,0.2,0.8,True,True,True,True,True
20431_27e7f151,medium_rotor,1,21719_d60b8a4a,medium_rotor,0.9497,0.9997,0.75,0.9996,0.0,0.15,0.7997,True,False,True,True,True
20431_27e7f151,medium_rotor,2,20722_90d46353,medium_rotor,0.9485,0.9998,0.75,0.9981,0.0,0.15,0.7985,True,False,True,True,True
20431_27e7f151,medium_rotor,3,21837_b67d788c,medium_rotor,0.9483,0.9997,0.75,0.9979,0.0,0.15,0.7983,True,False,True,True,True
23493_57512264,medium_rotor,1,22002_315afcfc,medium_rotor,1.0,0.996,1.0,1.0,0.0,0.2,0.8,True,True,True,True,True
23493_57512264,medium_rotor,2,22776_facf9bcf,medium_rotor,1.0,0.9969,1.0,1.0,0.0,0.2,0.8,True,True,True,True,True
23493_57512264,medium_rotor,3,21009_907a2a95,medium_rotor,1.0,0.9953,1.0,1.0,0.0,0.2,0.8,True,True,True,True,True
23170_6ea8ded5,symmetric_rotor,1,22312_3f366a4a,symmetric_rotor,1.0,1.0,1.0,1.0,0.0,0.2,0.8,True,True,True,True,True
23170_6ea8ded5,symmetric_rotor,2,21958_e48ddf4e,symmetric_rotor,1.0,0.9993,1.0,1.0,0.0,0.2,0.8,True,True,True,True,True
23170_6ea8ded5,symmetric_rotor,3,22141_5db99710,symmetric_rotor,1.0,0.9998,1.0,1.0,0.0,0.2,0.8,True,True,True,True,True
22747_3f6faf4c,simple_rotor,1,20495_e8e7e80c,simple_rotor,0.9999,0.9999,1.0,0.9998,0.0,0.2,0.7999,True,True,True,True,True
22747_3f6faf4c,simple_rotor,2,22837_7644c972,simple_rotor,0.9995,0.9997,1.0,0.9994,0.0,0.2,0.7995,True,True,True,True,True
22747_3f6faf4c,simple_rotor,3,23342_7193a931,simple_rotor,0.9993,0.9999,1.0,0.9992,0.0,0.2,0.7993,True,True,True,True,True
20925_dc64a33a,medium_rotor,1,21989_a0b5037d,medium_rotor,0.2,1.0,1.0,0.0,0.0,0.2,0.0,True,True,True,True,True
20925_dc64a33a,medium_rotor,2,21563_c72d37a2,medium_rotor,0.2,0.9999,1.0,0.0,0.0,0.2,0.0,True,True,True,True,True
20925_dc64a33a,medium_rotor,3,22066_308cdcfe,medium_rotor,0.2,0.9997,1.0,0.0,0.0,0.2,0.0,True,True,True,True,True
21603_98a15295,symmetric_rotor,1,22050_e8702dd4,symmetric_rotor,1.0,1.0,1.0,1.0,0.0,0.2,0.8,True,True,True,True,True
21603_98a15295,symmetric_rotor,2,22561_067b78ae,symmetric_rotor,0.9999,0.9995,1.0,0.9999,0.0,0.2,0.7999,True,True,True,True,True
21603_98a15295,symmetric_rotor,3,21467_67965037,symmetric_rotor,0.9999,0.9999,1.0,0.9999,0.0,0.2,0.7999,True,True,True,True,True
23417_9a9e9937,medium_rotor,1,23213_3df3cb34,medium_rotor,1.0,0.9998,1.0,1.0,0.0,0.2,0.8,True,True,True,True,True
23417_9a9e9937,medium_rotor,2,22383_e5f707a7,medium_rotor,1.0,0.9991,1.0,1.0,0.0,0.2,0.8,True,True,True,True,True
23417_9a9e9937,medium_rotor,3,20322_daa5c577,medium_rotor,1.0,0.9993,1.0,1.0,0.0,0.2,0.8,True,True,True,True,True
21797_69df08d5,high_complexity_rotor,1,21551_c6c2d516,high_complexity_rotor,0.9957,0.9933,1.0,0.9946,0.0,0.2,0.7957,True,True,True,True,True
21797_69df08d5,high_complexity_rotor,2,22652_dc7405ef,high_complexity_rotor,0.95,0.9793,0.75,1.0,0.0,0.15,0.8,True,False,True,True,True
21797_69df08d5,high_complexity_rotor,3,22065_0d414124,complex_assembly,0.9498,0.9947,0.75,0.9998,0.0,0.15,0.7998,False,False,True,True,True
21991_ab98f156,high_complexity_rotor,1,20246_40be7668,complex_assembly,1.0,0.9215,1.0,1.0,0.0,0.2,0.8,False,True,True,True,True
21991_ab98f156,high_complexity_rotor,2,20870_dedaef5b,high_complexity_rotor,0.9999,0.894,1.0,0.9999,0.0,0.2,0.7999,True,True,True,True,True
21991_ab98f156,high_complexity_rotor,3,22081_ab3124af,high_complexity_rotor,0.9996,0.9826,1.0,0.9996,0.0,0.2,0.7996,True,True,True,True,True
23034_b38134ee,medium_rotor,1,21884_cc2c39f9,medium_rotor,1.0,0.9997,1.0,1.0,0.0,0.2,0.8,True,True,True,True,True
23034_b38134ee,medium_rotor,2,20414_a33bd0d7,medium_rotor,1.0,0.9999,1.0,1.0,0.0,0.2,0.8,True,True,True,True,True
23034_b38134ee,medium_rotor,3,20817_ef63b1a7,medium_rotor,1.0,1.0,1.0,1.0,0.0,0.2,0.8,True,True,True,True,True
21612_e2981dae,simple_rotor,1,21459_a9de5e5b,simple_rotor,1.0,1.0,1.0,1.0,0.0,0.2,0.8,True,True,True,True,True
21612_e2981dae,simple_rotor,2,23006_92c5b990,simple_rotor,1.0,0.9999,1.0,1.0,0.0,0.2,0.8,True,True,True,True,True
21612_e2981dae,simple_rotor,3,22349_6f67a96e,simple_rotor,1.0,1.0,1.0,1.0,0.0,0.2,0.8,True,True,True,True,True
21785_d595ced5,simple_rotor,1,22498_b8bdb105,simple_rotor,1.0,1.0,1.0,1.0,0.0,0.2,0.8,True,True,True,True,True
21785_d595ced5,simple_rotor,2,20586_cbec2689,simple_rotor,1.0,0.9984,1.0,1.0,0.0,0.2,0.8,True,True,True,True,True
21785_d595ced5,simple_rotor,3,21119_4f5c95a6,simple_rotor,0.95,0.9999,0.75,1.0,0.0,0.15,0.8,True,False,True,True,True
21175_85118898,simple_rotor,1,21459_a9de5e5b,simple_rotor,1.0,0.9999,1.0,1.0,0.0,0.2,0.8,True,True,True,True,True
21175_85118898,simple_rotor,2,23006_92c5b990,simple_rotor,1.0,0.9998,1.0,1.0,0.0,0.2,0.8,True,True,True,True,True
21175_85118898,simple_rotor,3,22349_6f67a96e,simple_rotor,1.0,0.9999,1.0,1.0,0.0,0.2,0.8,True,True,True,True,True
20163_3742f394,medium_rotor,1,22035_101c7ab4,medium_rotor,0.9999,0.9983,1.0,0.9999,0.0,0.2,0.7999,True,True,True,True,True
20163_3742f394,medium_rotor,2,22082_39503fa6,medium_rotor,0.9998,0.9991,1.0,0.9998,0.0,0.2,0.7998,True,True,True,True,True
20163_3742f394,medium_rotor,3,23028_2ca87745,medium_rotor,0.9997,0.9945,1.0,0.9996,0.0,0.2,0.7997,True,True,True,True,True
22002_315afcfc,medium_rotor,1,23493_57512264,medium_rotor,1.0,0.996,1.0,1.0,0.0,0.2,0.8,True,True,True,True,True
22002_315afcfc,medium_rotor,2,22776_facf9bcf,medium_rotor,1.0,0.9999,1.0,1.0,0.0,0.2,0.8,True,True,True,True,True
22002_315afcfc,medium_rotor,3,21009_907a2a95,medium_rotor,1.0,1.0,1.0,1.0,0.0,0.2,0.8,True,True,True,True,True
22162_439af02a,medium_rotor,1,21989_a0b5037d,medium_rotor,0.2,0.9996,1.0,0.0,0.0,0.2,0.0,True,True,True,True,True
22162_439af02a,medium_rotor,2,21563_c72d37a2,medium_rotor,0.2,0.9999,1.0,0.0,0.0,0.2,0.0,True,True,True,True,True
22162_439af02a,medium_rotor,3,22066_308cdcfe,medium_rotor,0.2,1.0,1.0,0.0,0.0,0.2,0.0,True,True,True,True,True
21656_964b0c84,high_complexity_rotor,1,21700_28d193ac,high_complexity_rotor,1.0,0.9405,1.0,1.0,0.0,0.2,0.8,True,True,True,True,True
21656_964b0c84,high_complexity_rotor,2,21069_508a9947,complex_assembly,0.9999,0.9984,1.0,0.9999,0.0,0.2,0.7999,False,True,True,True,True
21656_964b0c84,high_complexity_rotor,3,22079_31335df2,complex_assembly,0.9997,0.9966,1.0,0.9997,0.0,0.2,0.7997,False,True,True,True,True
23369_447545f6,simple_rotor,1,21459_a9de5e5b,simple_rotor,1.0,0.9998,1.0,1.0,0.0,0.2,0.8,True,True,True,True,True
23369_447545f6,simple_rotor,2,23164_659c91ef,simple_rotor,1.0,0.9999,1.0,1.0,0.0,0.2,0.8,True,True,True,True,True
23369_447545f6,simple_rotor,3,22746_920025a0,simple_rotor,1.0,0.9999,1.0,1.0,0.0,0.2,0.8,True,True,True,True,True
20141_b9376856,medium_rotor,1,23041_8d3ea25c,medium_rotor,1.0,0.9968,1.0,1.0,0.0,0.2,0.8,True,True,True,True,True
20141_b9376856,medium_rotor,2,21529_93e51dd9,medium_rotor,1.0,0.9992,1.0,1.0,0.0,0.2,0.8,True,True,True,True,True
20141_b9376856,medium_rotor,3,22040_6461a147,medium_rotor,1.0,1.0,1.0,1.0,0.0,0.2,0.8,True,True,True,True,True
23103_43bde2a6,simple_rotor,1,20807_88c198d5,simple_rotor,1.0,1.0,1.0,1.0,0.0,0.2,0.8,True,True,True,True,True
23103_43bde2a6,simple_rotor,2,22147_12995368,simple_rotor,1.0,1.0,1.0,1.0,0.0,0.2,0.8,True,True,True,True,True
23103_43bde2a6,simple_rotor,3,20451_557fe5cd,simple_rotor,1.0,0.9999,1.0,1.0,0.0,0.2,0.8,True,True,True,True,True
21384_b9774b93,simple_rotor,1,21564_fa5b2db7,simple_rotor,1.0,1.0,1.0,1.0,0.0,0.2,0.8,True,True,True,True,True
21384_b9774b93,simple_rotor,2,22283_36ba29c9,simple_rotor,1.0,0.9999,1.0,1.0,0.0,0.2,0.8,True,True,True,True,True
21384_b9774b93,simple_rotor,3,21448_5646a1b6,simple_rotor,1.0,1.0,1.0,1.0,0.0,0.2,0.8,True,True,True,True,True
20239_49b65a55,medium_rotor,1,21365_ab403591,medium_rotor,0.9998,0.9993,1.0,0.9998,0.0,0.2,0.7998,True,True,True,True,True
20239_49b65a55,medium_rotor,2,20431_0088a0dd,medium_rotor,0.9992,0.9999,1.0,0.999,0.0,0.2,0.7992,True,True,True,True,True
20239_49b65a55,medium_rotor,3,22630_b6010fff,medium_rotor,0.9988,0.9892,1.0,0.9985,0.0,0.2,0.7988,True,True,True,True,True
21424_9d516e3a,medium_rotor,1,22017_6d3be48d,medium_rotor,1.0,0.9869,1.0,1.0,0.0,0.2,0.8,True,True,True,True,True
21424_9d516e3a,medium_rotor,2,23305_2662b29a,medium_rotor,1.0,0.9353,1.0,1.0,0.0,0.2,0.8,True,True,True,True,True
21424_9d516e3a,medium_rotor,3,21621_711e1918,medium_rotor,0.9999,0.9948,1.0,0.9998,0.0,0.2,0.7999,True,True,True,True,True
21551_c6c2d516,high_complexity_rotor,1,21797_69df08d5,high_complexity_rotor,0.9957,0.9933,1.0,0.9946,0.0,0.2,0.7957,True,True,True,True,True
21551_c6c2d516,high_complexity_rotor,2,21182_a480d230,high_complexity_rotor,0.95,0.9997,0.75,1.0,0.0,0.15,0.8,True,False,True,True,True
21551_c6c2d516,high_complexity_rotor,3,21977_ce9f4e71,high_complexity_rotor,0.95,0.9977,0.75,1.0,0.0,0.15,0.8,True,False,True,True,True
20940_9777847c,simple_rotor,1,19518_f220b68a,simple_rotor,0.9999,0.9998,1.0,0.9998,0.0,0.2,0.7999,True,True,True,True,True
20940_9777847c,simple_rotor,2,23039_b3d04774,simple_rotor,0.9967,0.9999,1.0,0.9959,0.0,0.2,0.7967,True,True,True,True,True
20940_9777847c,simple_rotor,3,20814_5a2be0fb,simple_rotor,0.9964,0.9998,1.0,0.9955,0.0,0.2,0.7964,True,True,True,True,True
23451_14c8d09e,medium_rotor,1,22612_28fe0ac2,medium_rotor,1.0,1.0,1.0,1.0,0.0,0.2,0.8,True,True,True,True,True
23451_14c8d09e,medium_rotor,2,22092_897b0ffa,medium_rotor,1.0,0.9986,1.0,1.0,0.0,0.2,0.8,True,True,True,True,True
23451_14c8d09e,medium_rotor,3,21224_18ba4aba,medium_rotor,1.0,0.9983,1.0,1.0,0.0,0.2,0.8,True,True,True,True,True
21037_62248d34,symmetric_rotor,1,21478_8fbd4409,symmetric_rotor,1.0,0.9998,1.0,1.0,0.0,0.2,0.8,True,True,True,True,True
21037_62248d34,symmetric_rotor,2,22049_4da0d894,symmetric_rotor,1.0,1.0,1.0,1.0,0.0,0.2,0.8,True,True,True,True,True
21037_62248d34,symmetric_rotor,3,22399_97987ada,symmetric_rotor,1.0,0.9948,1.0,1.0,0.0,0.2,0.8,True,True,True,True,True
21817_945cd3c9,medium_rotor,1,23213_3df3cb34,medium_rotor,1.0,0.9996,1.0,1.0,0.0,0.2,0.8,True,True,True,True,True
21817_945cd3c9,medium_rotor,2,22383_e5f707a7,medium_rotor,1.0,1.0,1.0,1.0,0.0,0.2,0.8,True,True,True,True,True
21817_945cd3c9,medium_rotor,3,20322_daa5c577,medium_rotor,1.0,0.9999,1.0,1.0,0.0,0.2,0.8,True,True,True,True,True
23283_fadf3820,medium_rotor,1,23213_3df3cb34,medium_rotor,1.0,0.9967,1.0,1.0,0.0,0.2,0.8,True,True,True,True,True
23283_fadf3820,medium_rotor,2,22383_e5f707a7,medium_rotor,1.0,0.9948,1.0,1.0,0.0,0.2,0.8,True,True,True,True,True
23283_fadf3820,medium_rotor,3,20322_daa5c577,medium_rotor,1.0,0.9952,1.0,1.0,0.0,0.2,0.8,True,True,True,True,True
23323_075a079e,medium_rotor,1,21185_ac5324ba,medium_rotor,1.0,1.0,1.0,1.0,0.0,0.2,0.8,True,True,True,True,True
23323_075a079e,medium_rotor,2,22218_2f85f6ae,medium_rotor,1.0,1.0,1.0,1.0,0.0,0.2,0.8,True,True,True,True,True
23323_075a079e,medium_rotor,3,21695_1f33863f,medium_rotor,1.0,1.0,1.0,1.0,0.0,0.2,0.8,True,True,True,True,True
23172_4ab01e83,medium_rotor,1,23213_3df3cb34,medium_rotor,1.0,1.0,1.0,1.0,0.0,0.2,0.8,True,True,True,True,True
23172_4ab01e83,medium_rotor,2,22383_e5f707a7,medium_rotor,1.0,0.9999,1.0,1.0,0.0,0.2,0.8,True,True,True,True,True
23172_4ab01e83,medium_rotor,3,20322_daa5c577,medium_rotor,1.0,1.0,1.0,1.0,0.0,0.2,0.8,True,True,True,True,True
21762_90d34d16,high_complexity_rotor,1,21918_976c2754,high_complexity_rotor,1.0,0.9794,1.0,1.0,0.0,0.2,0.8,True,True,True,True,True
21762_90d34d16,high_complexity_rotor,2,23123_f35404c4,complex_assembly,1.0,0.9846,1.0,1.0,0.0,0.2,0.8,False,True,True,True,True
21762_90d34d16,high_complexity_rotor,3,23271_f833d903,complex_assembly,0.9999,0.9957,1.0,0.9999,0.0,0.2,0.7999,False,True,True,True,True
22612_28fe0ac2,medium_rotor,1,23451_14c8d09e,medium_rotor,1.0,1.0,1.0,1.0,0.0,0.2,0.8,True,True,True,True,True
22612_28fe0ac2,medium_rotor,2,22092_897b0ffa,medium_rotor,1.0,0.9989,1.0,1.0,0.0,0.2,0.8,True,True,True,True,True
22612_28fe0ac2,medium_rotor,3,21224_18ba4aba,medium_rotor,1.0,0.9986,1.0,1.0,0.0,0.2,0.8,True,True,True,True,True
22535_0ba01cc9,complex_assembly,1,19051_26735260,high_complexity_rotor,1.0,0.9958,1.0,1.0,0.0,0.2,0.8,False,True,True,True,True
22535_0ba01cc9,complex_assembly,2,20952_b8a54213,complex_assembly,1.0,0.7716,1.0,1.0,0.0,0.2,0.8,True,True,True,True,True
22535_0ba01cc9,complex_assembly,3,21545_4384f96e,complex_assembly,0.9999,0.9987,1.0,0.9999,0.0,0.2,0.7999,True,True,True,True,True
21715_53df62c9,medium_rotor,1,21884_cc2c39f9,medium_rotor,1.0,1.0,1.0,1.0,0.0,0.2,0.8,True,True,True,True,True
21715_53df62c9,medium_rotor,2,22074_c0265b0d,medium_rotor,1.0,1.0,1.0,1.0,0.0,0.2,0.8,True,True,True,True,True
21715_53df62c9,medium_rotor,3,20817_ef63b1a7,medium_rotor,1.0,0.9997,1.0,1.0,0.0,0.2,0.8,True,True,True,True,True
22283_36ba29c9,simple_rotor,1,21564_fa5b2db7,simple_rotor,1.0,1.0,1.0,1.0,0.0,0.2,0.8,True,True,True,True,True
22283_36ba29c9,simple_rotor,2,21384_b9774b93,simple_rotor,1.0,0.9999,1.0,1.0,0.0,0.2,0.8,True,True,True,True,True
22283_36ba29c9,simple_rotor,3,20384_767d849a,simple_rotor,1.0,1.0,1.0,1.0,0.0,0.2,0.8,True,True,True,True,True
20620_8a5226b4,high_complexity_rotor,1,23101_6aec02ee,high_complexity_rotor,1.0,0.9914,1.0,1.0,0.0,0.2,0.8,True,True,True,True,True
20620_8a5226b4,high_complexity_rotor,2,22416_4cd31921,high_complexity_rotor,1.0,0.9998,1.0,1.0,0.0,0.2,0.8,True,True,True,True,True
20620_8a5226b4,high_complexity_rotor,3,22893_eb8aa8ac,high_complexity_rotor,1.0,0.9991,1.0,1.0,0.0,0.2,0.8,True,True,True,True,True
20329_414757bb,medium_rotor,1,23213_3df3cb34,medium_rotor,1.0,0.9996,1.0,1.0,0.0,0.2,0.8,True,True,True,True,True
20329_414757bb,medium_rotor,2,22383_e5f707a7,medium_rotor,1.0,1.0,1.0,1.0,0.0,0.2,0.8,True,True,True,True,True
20329_414757bb,medium_rotor,3,20322_daa5c577,medium_rotor,1.0,0.9999,1.0,1.0,0.0,0.2,0.8,True,True,True,True,True
22377_d490f505,simple_rotor,1,20756_75f43564,simple_rotor,1.0,1.0,1.0,1.0,0.0,0.2,0.8,True,True,True,True,True
22377_d490f505,simple_rotor,2,20994_9c88b1ba,simple_rotor,1.0,0.9999,1.0,1.0,0.0,0.2,0.8,True,True,True,True,True
22377_d490f505,simple_rotor,3,20332_0c2a24aa,simple_rotor,1.0,0.9998,1.0,1.0,0.0,0.2,0.8,True,True,True,True,True
22492_047b125b,complex_assembly,1,22483_f4e4b62a,complex_assembly,0.9998,0.9894,1.0,0.9998,0.0,0.2,0.7998,True,True,True,True,True
22492_047b125b,complex_assembly,2,21425_d0d47a2a,high_complexity_rotor,0.9996,0.9513,1.0,0.9995,0.0,0.2,0.7996,False,True,True,True,True
22492_047b125b,complex_assembly,3,20668_b2f2633e,high_complexity_rotor,0.9996,0.9887,1.0,0.9995,0.0,0.2,0.7996,False,True,True,True,True
22402_a62e84b4,high_complexity_rotor,1,22405_20f11d58,high_complexity_rotor,1.0,1.0,1.0,1.0,0.0,0.2,0.8,True,True,True,True,True
22402_a62e84b4,high_complexity_rotor,2,20500_e88d8065,high_complexity_rotor,1.0,0.9945,1.0,1.0,0.0,0.2,0.8,True,True,True,True,True
22402_a62e84b4,high_complexity_rotor,3,21063_037107dc,high_complexity_rotor,1.0,0.9959,1.0,1.0,0.0,0.2,0.8,True,True,True,True,True
20287_072b5bf6,high_complexity_rotor,1,21979_29f59427,high_complexity_rotor,0.955,0.9705,1.0,0.9438,0.0,0.2,0.755,True,True,True,True,True
20287_072b5bf6,high_complexity_rotor,2,21557_53eafe15,complex_assembly,0.9499,0.9934,0.75,0.9999,0.0,0.15,0.7999,False,False,True,True,True
20287_072b5bf6,high_complexity_rotor,3,22787_49022c32,complex_assembly,0.9494,0.9943,0.75,0.9993,0.0,0.15,0.7994,False,False,True,True,True
20810_f6674f2d,simple_rotor,1,21459_a9de5e5b,simple_rotor,1.0,1.0,1.0,1.0,0.0,0.2,0.8,True,True,True,True,True
20810_f6674f2d,simple_rotor,2,23164_659c91ef,simple_rotor,1.0,1.0,1.0,1.0,0.0,0.2,0.8,True,True,True,True,True
20810_f6674f2d,simple_rotor,3,22746_920025a0,simple_rotor,1.0,1.0,1.0,1.0,0.0,0.2,0.8,True,True,True,True,True
22049_4da0d894,symmetric_rotor,1,21037_62248d34,symmetric_rotor,1.0,1.0,1.0,1.0,0.0,0.2,0.8,True,True,True,True,True
22049_4da0d894,symmetric_rotor,2,21478_8fbd4409,symmetric_rotor,1.0,0.9998,1.0,1.0,0.0,0.2,0.8,True,True,True,True,True
22049_4da0d894,symmetric_rotor,3,22399_97987ada,symmetric_rotor,1.0,0.9949,1.0,1.0,0.0,0.2,0.8,True,True,True,True,True
20758_cdccf572,simple_rotor,1,21384_b9774b93,simple_rotor,0.9993,1.0,1.0,0.9992,0.0,0.2,0.7993,True,True,True,True,True
20758_cdccf572,simple_rotor,2,22283_36ba29c9,simple_rotor,0.9993,0.9999,1.0,0.9991,0.0,0.2,0.7993,True,True,True,True,True
20758_cdccf572,simple_rotor,3,21564_fa5b2db7,simple_rotor,0.9993,1.0,1.0,0.9991,0.0,0.2,0.7993,True,True,True,True,True
22681_124bf3a9,medium_rotor,1,21719_d60b8a4a,medium_rotor,0.95,0.9969,0.75,1.0,0.0,0.15,0.8,True,True,False,True,True
22681_124bf3a9,medium_rotor,2,20722_90d46353,medium_rotor,0.9496,0.9991,0.75,0.9994,0.0,0.15,0.7996,True,True,False,True,True
22681_124bf3a9,medium_rotor,3,21837_b67d788c,medium_rotor,0.9465,0.9995,0.75,0.9957,0.0,0.15,0.7965,True,True,False,True,True
21690_5d1f3475,simple_rotor,1,21459_a9de5e5b,simple_rotor,1.0,1.0,1.0,1.0,0.0,0.2,0.8,True,True,True,True,True
21690_5d1f3475,simple_rotor,2,23164_659c91ef,simple_rotor,1.0,1.0,1.0,1.0,0.0,0.2,0.8,True,True,True,True,True
21690_5d1f3475,simple_rotor,3,22746_920025a0,simple_rotor,1.0,1.0,1.0,1.0,0.0,0.2,0.8,True,True,True,True,True
20546_87dbd755,complex_assembly,1,22211_b1ee53f0,complex_assembly,1.0,0.7476,1.0,1.0,0.0,0.2,0.8,True,True,True,True,True
20546_87dbd755,complex_assembly,2,22306_c3dca308,complex_assembly,0.9998,0.7542,1.0,0.9998,0.0,0.2,0.7998,True,True,True,True,True
20546_87dbd755,complex_assembly,3,23273_8f301ce3,complex_assembly,0.9998,0.7948,1.0,0.9997,0.0,0.2,0.7998,True,True,True,True,True
22092_897b0ffa,medium_rotor,1,23451_14c8d09e,medium_rotor,1.0,0.9986,1.0,1.0,0.0,0.2,0.8,True,True,True,True,True
22092_897b0ffa,medium_rotor,2,22612_28fe0ac2,medium_rotor,1.0,0.9989,1.0,1.0,0.0,0.2,0.8,True,True,True,True,True
22092_897b0ffa,medium_rotor,3,21224_18ba4aba,medium_rotor,1.0,1.0,1.0,1.0,0.0,0.2,0.8,True,True,True,True,True
20991_6795af4f,high_complexity_rotor,1,21300_ec7da33e,high_complexity_rotor,0.95,0.9995,0.75,1.0,0.0,0.15,0.8,True,False,True,True,True
20991_6795af4f,high_complexity_rotor,2,21685_93737a7a,high_complexity_rotor,0.95,0.9726,0.75,1.0,0.0,0.15,0.8,True,False,True,True,True
20991_6795af4f,high_complexity_rotor,3,23168_7fdf5427,high_complexity_rotor,0.95,0.9984,0.75,1.0,0.0,0.15,0.8,True,False,True,True,True
23049_207a41f0,medium_rotor,1,23372_4cb88567,medium_rotor,1.0,0.9985,1.0,1.0,0.0,0.2,0.8,True,True,True,True,True
23049_207a41f0,medium_rotor,2,21529_93e51dd9,medium_rotor,1.0,0.9988,1.0,1.0,0.0,0.2,0.8,True,True,True,True,True
23049_207a41f0,medium_rotor,3,22040_6461a147,medium_rotor,1.0,0.9999,1.0,1.0,0.0,0.2,0.8,True,True,True,True,True
22533_e7298b05,complex_assembly,1,20701_6dcbc975,high_complexity_rotor,1.0,0.956,1.0,1.0,0.0,0.2,0.8,False,True,True,True,True
22533_e7298b05,complex_assembly,2,22430_c6f08b03,complex_assembly,1.0,0.9984,1.0,1.0,0.0,0.2,0.8,True,True,True,True,True
22533_e7298b05,complex_assembly,3,22413_901f5867,complex_assembly,0.9996,0.9999,1.0,0.9996,0.0,0.2,0.7996,True,True,True,True,True
22638_37f9fe91,symmetric_rotor,1,22414_14ead4a3,symmetric_rotor,1.0,0.9996,1.0,0.9999,0.0,0.2,0.8,True,True,True,True,True
22638_37f9fe91,symmetric_rotor,2,22654_4c426b0f,symmetric_rotor,0.9999,0.9998,1.0,0.9999,0.0,0.2,0.7999,True,True,True,True,True
22638_37f9fe91,symmetric_rotor,3,22095_af226cbc,symmetric_rotor,0.9998,0.9987,1.0,0.9998,0.0,0.2,0.7998,True,True,True,True,True
21617_ddd3657b,simple_rotor,1,21459_a9de5e5b,simple_rotor,1.0,1.0,1.0,1.0,0.0,0.2,0.8,True,True,True,True,True
21617_ddd3657b,simple_rotor,2,23164_659c91ef,simple_rotor,1.0,1.0,1.0,1.0,0.0,0.2,0.8,True,True,True,True,True
21617_ddd3657b,simple_rotor,3,22746_920025a0,simple_rotor,1.0,1.0,1.0,1.0,0.0,0.2,0.8,True,True,True,True,True
21858_f1409ea2,medium_rotor,1,21621_711e1918,medium_rotor,0.9999,0.999,1.0,0.9999,0.0,0.2,0.7999,True,True,True,True,True
21858_f1409ea2,medium_rotor,2,23305_2662b29a,medium_rotor,0.9998,0.9377,1.0,0.9998,0.0,0.2,0.7998,True,True,True,True,True
21858_f1409ea2,medium_rotor,3,22017_6d3be48d,medium_rotor,0.9996,0.9928,1.0,0.9995,0.0,0.2,0.7996,True,True,True,True,True
21028_d4d30a2e,medium_rotor,1,20789_1809f41f,medium_rotor,0.9942,0.9921,1.0,0.9927,0.0,0.2,0.7942,True,True,True,True,True
21028_d4d30a2e,medium_rotor,2,23374_57cca189,medium_rotor,0.9843,0.9917,1.0,0.9804,0.0,0.2,0.7843,True,True,True,True,True
21028_d4d30a2e,medium_rotor,3,21292_f94bd96b,medium_rotor,0.9757,0.9919,1.0,0.9696,0.0,0.2,0.7757,True,True,True,True,True
21541_abc67be6,medium_rotor,1,23213_3df3cb34,medium_rotor,1.0,0.9945,1.0,1.0,0.0,0.2,0.8,True,True,True,True,True
21541_abc67be6,medium_rotor,2,22383_e5f707a7,medium_rotor,1.0,0.992,1.0,1.0,0.0,0.2,0.8,True,True,True,True,True
21541_abc67be6,medium_rotor,3,20322_daa5c577,medium_rotor,1.0,0.9925,1.0,1.0,0.0,0.2,0.8,True,True,True,True,True
22826_199df203,medium_rotor,1,23213_3df3cb34,medium_rotor,1.0,0.9998,1.0,1.0,0.0,0.2,0.8,True,True,True,True,True
22826_199df203,medium_rotor,2,22383_e5f707a7,medium_rotor,1.0,1.0,1.0,1.0,0.0,0.2,0.8,True,True,True,True,True
22826_199df203,medium_rotor,3,20322_daa5c577,medium_rotor,1.0,1.0,1.0,1.0,0.0,0.2,0.8,True,True,True,True,True
22227_aca28ff2,simple_rotor,1,22378_234fea2c,simple_rotor,1.0,1.0,1.0,1.0,0.0,0.2,0.8,True,True,True,True,True
22227_aca28ff2,simple_rotor,2,20186_f66e4ad3,simple_rotor,1.0,1.0,1.0,1.0,0.0,0.2,0.8,True,True,True,True,True
22227_aca28ff2,simple_rotor,3,20436_41b730a3,simple_rotor,1.0,0.9999,1.0,1.0,0.0,0.2,0.8,True,True,True,True,True
22902_83870421,simple_rotor,1,21459_a9de5e5b,simple_rotor,1.0,1.0,1.0,1.0,0.0,0.2,0.8,True,True,True,True,True
22902_83870421,simple_rotor,2,23164_659c91ef,simple_rotor,1.0,1.0,1.0,1.0,0.0,0.2,0.8,True,True,True,True,True
22902_83870421,simple_rotor,3,22746_920025a0,simple_rotor,1.0,1.0,1.0,1.0,0.0,0.2,0.8,True,True,True,True,True
21665_2e14b6ff,simple_rotor,1,20551_ff28a959,simple_rotor,1.0,1.0,1.0,1.0,0.0,0.2,0.8,True,True,True,True,True
21665_2e14b6ff,simple_rotor,2,20806_ca60b7ae,simple_rotor,1.0,1.0,1.0,1.0,0.0,0.2,0.8,True,True,True,True,True
21665_2e14b6ff,simple_rotor,3,20429_9dd95c38,simple_rotor,1.0,1.0,1.0,1.0,0.0,0.2,0.8,True,True,True,True,True
20813_726b2714,simple_rotor,1,21459_a9de5e5b,simple_rotor,1.0,0.9998,1.0,1.0,0.0,0.2,0.8,True,True,True,True,True
20813_726b2714,simple_rotor,2,23164_659c91ef,simple_rotor,1.0,0.9999,1.0,1.0,0.0,0.2,0.8,True,True,True,True,True
20813_726b2714,simple_rotor,3,22746_920025a0,simple_rotor,1.0,0.9999,1.0,1.0,0.0,0.2,0.8,True,True,True,True,True
20429_4c909f3f,simple_rotor,1,20801_0796e2ee,simple_rotor,0.2,1.0,1.0,0.0,0.0,0.2,0.0,True,True,True,True,True
20429_4c909f3f,simple_rotor,2,22378_234fea2c,simple_rotor,0.2,0.9999,1.0,0.0,0.0,0.2,0.0,True,True,True,True,True
20429_4c909f3f,simple_rotor,3,21616_c6c3347a,simple_rotor,0.2,1.0,1.0,0.0,0.0,0.2,0.0,True,True,True,True,True
23373_f5dac851,medium_rotor,1,22059_b7d76712,medium_rotor,1.0,0.9999,1.0,1.0,0.0,0.2,0.8,True,True,True,True,True
23373_f5dac851,medium_rotor,2,21224_18ba4aba,medium_rotor,1.0,0.9991,1.0,1.0,0.0,0.2,0.8,True,True,True,True,True
23373_f5dac851,medium_rotor,3,23044_9a964a68,medium_rotor,1.0,0.9995,1.0,1.0,0.0,0.2,0.8,True,True,True,True,True
21794_4d137e7d,medium_rotor,1,23213_3df3cb34,medium_rotor,1.0,1.0,1.0,1.0,0.0,0.2,0.8,True,True,True,True,True
21794_4d137e7d,medium_rotor,2,22383_e5f707a7,medium_rotor,1.0,0.9998,1.0,1.0,0.0,0.2,0.8,True,True,True,True,True
21794_4d137e7d,medium_rotor,3,20322_daa5c577,medium_rotor,1.0,0.9999,1.0,1.0,0.0,0.2,0.8,True,True,True,True,True
22065_0d414124,complex_assembly,1,23273_8f301ce3,complex_assembly,1.0,0.9906,1.0,1.0,0.0,0.2,0.8,True,True,True,True,True
22065_0d414124,complex_assembly,2,22652_dc7405ef,high_complexity_rotor,0.9997,0.9949,1.0,0.9996,0.0,0.2,0.7997,False,True,True,True,True
22065_0d414124,complex_assembly,3,20546_87dbd755,complex_assembly,0.9997,0.7046,1.0,0.9996,0.0,0.2,0.7997,True,True,True,True,True
22224_1e749c32,medium_rotor,1,21625_d5d4c9a7,medium_rotor,0.9996,1.0,1.0,0.9995,0.0,0.2,0.7996,True,True,True,True,True
22224_1e749c32,medium_rotor,2,20285_b64b1a7e,medium_rotor,0.9993,1.0,1.0,0.9991,0.0,0.2,0.7993,True,True,True,True,True
22224_1e749c32,medium_rotor,3,22061_b50b6b66,medium_rotor,0.9993,1.0,1.0,0.9991,0.0,0.2,0.7993,True,True,True,True,True
22047_5a090f16,simple_rotor,1,22140_9cda24cc,simple_rotor,1.0,1.0,1.0,1.0,0.0,0.2,0.8,True,True,True,True,True
22047_5a090f16,simple_rotor,2,20946_6573271d,simple_rotor,1.0,0.9999,1.0,1.0,0.0,0.2,0.8,True,True,True,True,True
22047_5a090f16,simple_rotor,3,22154_24342da4,simple_rotor,1.0,1.0,1.0,1.0,0.0,0.2,0.8,True,True,True,True,True
20952_b8a54213,complex_assembly,1,22535_0ba01cc9,complex_assembly,1.0,0.7716,1.0,1.0,0.0,0.2,0.8,True,True,True,True,True
20952_b8a54213,complex_assembly,2,19051_26735260,high_complexity_rotor,1.0,0.8258,1.0,1.0,0.0,0.2,0.8,False,True,True,True,True
20952_b8a54213,complex_assembly,3,21545_4384f96e,complex_assembly,1.0,0.7397,1.0,1.0,0.0,0.2,0.8,True,True,True,True,True
21490_d07ff9f8,symmetric_rotor,1,22259_613f9d44,symmetric_rotor,1.0,0.9974,1.0,1.0,0.0,0.2,0.8,True,True,True,True,True
21490_d07ff9f8,symmetric_rotor,2,7780_6c885e81,symmetric_rotor,1.0,0.9996,1.0,1.0,0.0,0.2,0.8,True,True,True,True,True
21490_d07ff9f8,symmetric_rotor,3,23320_e0711ae9,symmetric_rotor,1.0,0.9983,1.0,1.0,0.0,0.2,0.8,True,True,True,True,True
23041_8d3ea25c,medium_rotor,1,22040_6461a147,medium_rotor,1.0,0.9965,1.0,1.0,0.0,0.2,0.8,True,True,True,True,True
23041_8d3ea25c,medium_rotor,2,21529_93e51dd9,medium_rotor,1.0,0.993,1.0,1.0,0.0,0.2,0.8,True,True,True,True,True
23041_8d3ea25c,medium_rotor,3,20141_b9376856,medium_rotor,1.0,0.9968,1.0,1.0,0.0,0.2,0.8,True,True,True,True,True
22241_535ad84b,simple_rotor,1,22304_33009be6,simple_rotor,1.0,1.0,1.0,1.0,0.0,0.2,0.8,True,True,True,True,True
22241_535ad84b,simple_rotor,2,21810_718ae2fe,simple_rotor,1.0,1.0,1.0,1.0,0.0,0.2,0.8,True,True,True,True,True
22241_535ad84b,simple_rotor,3,20438_5f344b00,simple_rotor,1.0,1.0,1.0,1.0,0.0,0.2,0.8,True,True,True,True,True
23022_86e6a8a0,simple_rotor,1,21459_a9de5e5b,simple_rotor,1.0,1.0,1.0,1.0,0.0,0.2,0.8,True,True,True,True,True
23022_86e6a8a0,simple_rotor,2,23164_659c91ef,simple_rotor,1.0,1.0,1.0,1.0,0.0,0.2,0.8,True,True,True,True,True
23022_86e6a8a0,simple_rotor,3,22746_920025a0,simple_rotor,1.0,1.0,1.0,1.0,0.0,0.2,0.8,True,True,True,True,True
23053_139f2009,high_complexity_rotor,1,22405_20f11d58,high_complexity_rotor,1.0,0.9947,1.0,1.0,0.0,0.2,0.8,True,True,True,True,True
23053_139f2009,high_complexity_rotor,2,22528_f3370a64,high_complexity_rotor,1.0,0.9801,1.0,1.0,0.0,0.2,0.8,True,True,True,True,True
23053_139f2009,high_complexity_rotor,3,23130_7417d5b3,high_complexity_rotor,1.0,0.9728,1.0,1.0,0.0,0.2,0.8,True,True,True,True,True
23037_d0df320c,symmetric_rotor,1,22659_0e686e14,symmetric_rotor,1.0,0.9996,1.0,1.0,0.0,0.2,0.8,True,True,True,True,True
23037_d0df320c,symmetric_rotor,2,22434_2ad62ed6,symmetric_rotor,1.0,1.0,1.0,1.0,0.0,0.2,0.8,True,True,True,True,True
23037_d0df320c,symmetric_rotor,3,21692_777db9e2,symmetric_rotor,1.0,0.9999,1.0,1.0,0.0,0.2,0.8,True,True,True,True,True
22416_4cd31921,high_complexity_rotor,1,22893_eb8aa8ac,high_complexity_rotor,1.0,0.9998,1.0,1.0,0.0,0.2,0.8,True,True,True,True,True
22416_4cd31921,high_complexity_rotor,2,22419_dfeb5d33,high_complexity_rotor,1.0,0.9924,1.0,1.0,0.0,0.2,0.8,True,True,True,True,True
22416_4cd31921,high_complexity_rotor,3,20620_8a5226b4,high_complexity_rotor,1.0,0.9998,1.0,1.0,0.0,0.2,0.8,True,True,True,True,True
21391_78fc6345,simple_rotor,1,23136_2b469508,simple_rotor,0.999,0.9998,1.0,0.9987,0.0,0.2,0.799,True,True,True,True,True
21391_78fc6345,simple_rotor,2,21165_5cb2d287,simple_rotor,0.9985,0.9938,1.0,0.9981,0.0,0.2,0.7985,True,True,True,True,True
21391_78fc6345,simple_rotor,3,22378_234fea2c,simple_rotor,0.9985,1.0,1.0,0.9981,0.0,0.2,0.7985,True,True,True,True,True
21134_7aa7cd89,high_complexity_rotor,1,20675_66ac9773,high_complexity_rotor,1.0,0.6166,1.0,0.9999,0.0,0.2,0.8,True,True,True,True,True
21134_7aa7cd89,high_complexity_rotor,2,19596_fb9531a5,high_complexity_rotor,0.9998,0.989,1.0,0.9997,0.0,0.2,0.7998,True,True,True,True,True
21134_7aa7cd89,high_complexity_rotor,3,23310_7daded69,high_complexity_rotor,0.9996,0.9477,1.0,0.9995,0.0,0.2,0.7996,True,True,True,True,True
21700_28d193ac,high_complexity_rotor,1,21069_508a9947,complex_assembly,1.0,0.9478,1.0,1.0,0.0,0.2,0.8,False,True,True,True,True
21700_28d193ac,high_complexity_rotor,2,21656_964b0c84,high_complexity_rotor,1.0,0.9405,1.0,1.0,0.0,0.2,0.8,True,True,True,True,True
21700_28d193ac,high_complexity_rotor,3,22079_31335df2,complex_assembly,0.9999,0.9123,1.0,0.9999,0.0,0.2,0.7999,False,True,True,True,True
