query_assembly,query_family,rank,retrieved_assembly,retrieved_family,similarity,correct
21448_5646a1b6,simple_rotor,1,22236_db209dff,simple_rotor,0.999991,True
21448_5646a1b6,simple_rotor,2,20384_767d849a,simple_rotor,0.999991,True
21448_5646a1b6,simple_rotor,3,21384_b9774b93,simple_rotor,0.999981,True
21448_5646a1b6,simple_rotor,4,22283_36ba29c9,simple_rotor,0.999978,True
21448_5646a1b6,simple_rotor,5,21564_fa5b2db7,simple_rotor,0.999978,True
21448_5646a1b6,simple_rotor,6,21825_ce32b0a0,simple_rotor,0.999973,True
21448_5646a1b6,simple_rotor,7,20989_885bd9b9,simple_rotor,0.999966,True
21448_5646a1b6,simple_rotor,8,20989_a261efa3,simple_rotor,0.999966,True
21448_5646a1b6,simple_rotor,9,21810_718ae2fe,simple_rotor,0.999926,True
21448_5646a1b6,simple_rotor,10,20438_5f344b00,simple_rotor,0.999926,True
22312_3f366a4a,symmetric_rotor,1,23170_6ea8ded5,symmetric_rotor,0.999999,True
22312_3f366a4a,symmetric_rotor,2,21958_e48ddf4e,symmetric_rotor,0.999996,True
22312_3f366a4a,symmetric_rotor,3,22761_ca309655,symmetric_rotor,0.999978,True
22312_3f366a4a,symmetric_rotor,4,22141_5db99710,symmetric_rotor,0.999975,True
22312_3f366a4a,symmetric_rotor,5,22245_ca848576,symmetric_rotor,0.999951,True
22312_3f366a4a,symmetric_rotor,6,21271_ec7f62b8,symmetric_rotor,0.999951,True
22312_3f366a4a,symmetric_rotor,7,21497_9833a679,symmetric_rotor,0.999936,True
22312_3f366a4a,symmetric_rotor,8,23178_eb4b4280,symmetric_rotor,0.999936,True
22312_3f366a4a,symmetric_rotor,9,23259_d655fcc1,symmetric_rotor,0.999936,True
22312_3f366a4a,symmetric_rotor,10,22434_2ad62ed6,symmetric_rotor,0.999919,True
20756_75f43564,simple_rotor,1,22377_d490f505,simple_rotor,1.0,True
20756_75f43564,simple_rotor,2,20803_473c87ac,simple_rotor,1.0,True
20756_75f43564,simple_rotor,3,20802_802b7d69,simple_rotor,1.0,True
20756_75f43564,simple_rotor,4,20994_9c88b1ba,simple_rotor,1.0,True
20756_75f43564,simple_rotor,5,20332_0c2a24aa,simple_rotor,1.0,True
20756_75f43564,simple_rotor,6,22374_aa5bb54d,simple_rotor,1.0,True
20756_75f43564,simple_rotor,7,22053_de30641b,simple_rotor,0.999935,True
20756_75f43564,simple_rotor,8,21994_357aac6f,simple_rotor,0.999891,True
20756_75f43564,simple_rotor,9,21015_10304cb9,simple_rotor,0.999789,True
20756_75f43564,simple_rotor,10,23321_c9497b79,simple_rotor,0.999789,True
21708_e61bd657,complex_assembly,1,20260_4a01a99d,high_complexity_rotor,0.999972,False
21708_e61bd657,complex_assembly,2,20430_975b8dcf,high_complexity_rotor,0.999942,False
21708_e61bd657,complex_assembly,3,22079_31335df2,complex_assembly,0.999905,True
21708_e61bd657,complex_assembly,4,21069_508a9947,complex_assembly,0.999667,True
21708_e61bd657,complex_assembly,5,21700_28d193ac,high_complexity_rotor,0.999587,False
21708_e61bd657,complex_assembly,6,21656_964b0c84,high_complexity_rotor,0.999328,False
21708_e61bd657,complex_assembly,7,21741_c6faf98e,complex_assembly,0.998665,True
21708_e61bd657,complex_assembly,8,21859_35124f79,complex_assembly,0.997839,True
21708_e61bd657,complex_assembly,9,23162_7e2f3d77,complex_assembly,0.997283,True
21708_e61bd657,complex_assembly,10,20636_ca9eb29a,high_complexity_rotor,0.996337,False
23311_ad36a9ec,simple_rotor,1,21459_a9de5e5b,simple_rotor,1.0,True
23311_ad36a9ec,simple_rotor,2,23164_659c91ef,simple_rotor,1.0,True
23311_ad36a9ec,simple_rotor,3,22746_920025a0,simple_rotor,1.0,True
23311_ad36a9ec,simple_rotor,4,23351_6104d55d,simple_rotor,1.0,True
23311_ad36a9ec,simple_rotor,5,21243_3ec5d732,simple_rotor,1.0,True
23311_ad36a9ec,simple_rotor,6,20342_c140780b,simple_rotor,1.0,True
23311_ad36a9ec,simple_rotor,7,23387_c4aa9424,simple_rotor,1.0,True
23311_ad36a9ec,simple_rotor,8,21793_4ad5e2c0,simple_rotor,1.0,True
23311_ad36a9ec,simple_rotor,9,23163_7b143a6f,simple_rotor,1.0,True
23311_ad36a9ec,simple_rotor,10,23403_e539620b,simple_rotor,1.0,True
22680_1f4026f6,medium_rotor,1,22372_e91792a1,medium_rotor,1.0,True
22680_1f4026f6,medium_rotor,2,22832_731d3b9f,medium_rotor,1.0,True
22680_1f4026f6,medium_rotor,3,23331_192866b6,medium_rotor,0.999917,True
22680_1f4026f6,medium_rotor,4,22987_37973191,medium_rotor,0.999305,True
22680_1f4026f6,medium_rotor,5,22376_3ebc82a2,medium_rotor,0.998598,True
22680_1f4026f6,medium_rotor,6,21790_aaf9224a,medium_rotor,0.998389,True
22680_1f4026f6,medium_rotor,7,23368_648717d8,medium_rotor,0.997777,True
22680_1f4026f6,medium_rotor,8,21503_34f299ca,medium_rotor,0.997382,True
22680_1f4026f6,medium_rotor,9,23413_6702ec7f,medium_rotor,0.99186,True
22680_1f4026f6,medium_rotor,10,21365_ab403591,medium_rotor,0.990045,True
21265_7329c813,simple_rotor,1,21459_a9de5e5b,simple_rotor,1.0,True
21265_7329c813,simple_rotor,2,23164_659c91ef,simple_rotor,1.0,True
21265_7329c813,simple_rotor,3,22746_920025a0,simple_rotor,1.0,True
21265_7329c813,simple_rotor,4,23351_6104d55d,simple_rotor,1.0,True
21265_7329c813,simple_rotor,5,21243_3ec5d732,simple_rotor,1.0,True
21265_7329c813,simple_rotor,6,20342_c140780b,simple_rotor,1.0,True
21265_7329c813,simple_rotor,7,23387_c4aa9424,simple_rotor,1.0,True
21265_7329c813,simple_rotor,8,21793_4ad5e2c0,simple_rotor,1.0,True
21265_7329c813,simple_rotor,9,23163_7b143a6f,simple_rotor,1.0,True
21265_7329c813,simple_rotor,10,23403_e539620b,simple_rotor,1.0,True
22832_731d3b9f,medium_rotor,1,22372_e91792a1,medium_rotor,1.0,True
22832_731d3b9f,medium_rotor,2,22680_1f4026f6,medium_rotor,1.0,True
22832_731d3b9f,medium_rotor,3,23331_192866b6,medium_rotor,0.999917,True
22832_731d3b9f,medium_rotor,4,22987_37973191,medium_rotor,0.999305,True
22832_731d3b9f,medium_rotor,5,22376_3ebc82a2,medium_rotor,0.998598,True
22832_731d3b9f,medium_rotor,6,21790_aaf9224a,medium_rotor,0.998389,True
22832_731d3b9f,medium_rotor,7,23368_648717d8,medium_rotor,0.997777,True
22832_731d3b9f,medium_rotor,8,21503_34f299ca,medium_rotor,0.997382,True
22832_731d3b9f,medium_rotor,9,23413_6702ec7f,medium_rotor,0.99186,True
22832_731d3b9f,medium_rotor,10,21365_ab403591,medium_rotor,0.990045,True
23476_705b76d1,medium_rotor,1,23213_3df3cb34,medium_rotor,1.0,True
23476_705b76d1,medium_rotor,2,22383_e5f707a7,medium_rotor,1.0,True
23476_705b76d1,medium_rotor,3,20322_daa5c577,medium_rotor,1.0,True
23476_705b76d1,medium_rotor,4,22852_dc1dbed6,medium_rotor,1.0,True
23476_705b76d1,medium_rotor,5,21974_1997ebc3,medium_rotor,1.0,True
23476_705b76d1,medium_rotor,6,22577_cd96733e,medium_rotor,1.0,True
23476_705b76d1,medium_rotor,7,21594_428d32af,medium_rotor,1.0,True
23476_705b76d1,medium_rotor,8,23480_3f7a8d50,medium_rotor,1.0,True
23476_705b76d1,medium_rotor,9,21091_bbf490e7,medium_rotor,1.0,True
23476_705b76d1,medium_rotor,10,23417_9a9e9937,medium_rotor,1.0,True
22131_6b4b60f8,simple_rotor,1,22180_ce7c3bd8,simple_rotor,0.999974,True
22131_6b4b60f8,simple_rotor,2,20259_de1ab632,simple_rotor,0.999953,True
22131_6b4b60f8,simple_rotor,3,20647_cea2e07c,simple_rotor,0.999849,True
22131_6b4b60f8,simple_rotor,4,21326_ab4d6c43,simple_rotor,0.999849,True
22131_6b4b60f8,simple_rotor,5,20646_4cd14a72,simple_rotor,0.999849,True
22131_6b4b60f8,simple_rotor,6,21015_10304cb9,simple_rotor,0.999728,True
22131_6b4b60f8,simple_rotor,7,23321_c9497b79,simple_rotor,0.999728,True
22131_6b4b60f8,simple_rotor,8,22043_041e1b7c,simple_rotor,0.999584,True
22131_6b4b60f8,simple_rotor,9,22270_c6999138,simple_rotor,0.999584,True
22131_6b4b60f8,simple_rotor,10,22053_de30641b,simple_rotor,0.999474,True
20994_9c88b1ba,simple_rotor,1,22377_d490f505,simple_rotor,1.0,True
20994_9c88b1ba,simple_rotor,2,20756_75f43564,simple_rotor,1.0,True
20994_9c88b1ba,simple_rotor,3,20802_802b7d69,simple_rotor,1.0,True
20994_9c88b1ba,simple_rotor,4,20332_0c2a24aa,simple_rotor,1.0,True
20994_9c88b1ba,simple_rotor,5,22374_aa5bb54d,simple_rotor,1.0,True
20994_9c88b1ba,simple_rotor,6,20803_473c87ac,simple_rotor,1.0,True
20994_9c88b1ba,simple_rotor,7,22053_de30641b,simple_rotor,0.999935,True
20994_9c88b1ba,simple_rotor,8,21994_357aac6f,simple_rotor,0.999891,True
20994_9c88b1ba,simple_rotor,9,21015_10304cb9,simple_rotor,0.999789,True
20994_9c88b1ba,simple_rotor,10,23321_c9497b79,simple_rotor,0.999789,True
22026_62afa265,simple_rotor,1,20731_fbdc7731,simple_rotor,0.95,True
22026_62afa265,simple_rotor,2,22367_b4a67e61,simple_rotor,0.95,True
22026_62afa265,simple_rotor,3,22508_6bb410af,simple_rotor,0.95,True
22026_62afa265,simple_rotor,4,21862_ec534e16,simple_rotor,0.95,True
22026_62afa265,simple_rotor,5,22136_a539c50b,simple_rotor,0.95,True
22026_62afa265,simple_rotor,6,20807_88c198d5,simple_rotor,0.949999,True
22026_62afa265,simple_rotor,7,20822_5bb36119,simple_rotor,0.949999,True
22026_62afa265,simple_rotor,8,23103_43bde2a6,simple_rotor,0.949999,True
22026_62afa265,simple_rotor,9,20451_557fe5cd,simple_rotor,0.949999,True
22026_62afa265,simple_rotor,10,20216_89b90993,simple_rotor,0.949999,True
22021_520ec8c3,medium_rotor,1,21008_a3fec63b,medium_rotor,1.0,True
22021_520ec8c3,medium_rotor,2,20163_3742f394,medium_rotor,0.999652,True
22021_520ec8c3,medium_rotor,3,21552_4e9c19b1,medium_rotor,0.999568,True
22021_520ec8c3,medium_rotor,4,22035_101c7ab4,medium_rotor,0.999126,True
22021_520ec8c3,medium_rotor,5,22082_39503fa6,medium_rotor,0.999,True
22021_520ec8c3,medium_rotor,6,23028_2ca87745,medium_rotor,0.998653,True
22021_520ec8c3,medium_rotor,7,22017_6d3be48d,medium_rotor,0.994971,True
22021_520ec8c3,medium_rotor,8,21424_9d516e3a,medium_rotor,0.994971,True
22021_520ec8c3,medium_rotor,9,21816_3891a442,medium_rotor,0.994671,True
22021_520ec8c3,medium_rotor,10,23305_2662b29a,medium_rotor,0.994063,True
20351_dc6e4e1e,complex_assembly,1,22076_20e8a107,high_complexity_rotor,0.999742,False
20351_dc6e4e1e,complex_assembly,2,23422_f214bd4d,complex_assembly,0.999462,True
20351_dc6e4e1e,complex_assembly,3,21337_062b39fa,high_complexity_rotor,0.999316,False
20351_dc6e4e1e,complex_assembly,4,20622_38dd90d0,high_complexity_rotor,0.998418,False
20351_dc6e4e1e,complex_assembly,5,21153_a2fb81fe,high_complexity_rotor,0.998114,False
20351_dc6e4e1e,complex_assembly,6,19566_19d85d3b,high_complexity_rotor,0.998114,False
20351_dc6e4e1e,complex_assembly,7,22442_7d5c5d5f,high_complexity_rotor,0.995392,False
20351_dc6e4e1e,complex_assembly,8,7778_3a9748b3,complex_assembly,0.992095,True
20351_dc6e4e1e,complex_assembly,9,20533_0a3e112b,high_complexity_rotor,0.99197,False
20351_dc6e4e1e,complex_assembly,10,23204_ff1672a9,complex_assembly,0.986334,True
22218_2f85f6ae,medium_rotor,1,21695_1f33863f,medium_rotor,0.999996,True
22218_2f85f6ae,medium_rotor,2,23323_075a079e,medium_rotor,0.999992,True
22218_2f85f6ae,medium_rotor,3,21185_ac5324ba,medium_rotor,0.999985,True
22218_2f85f6ae,medium_rotor,4,20285_b64b1a7e,medium_rotor,0.99998,True
22218_2f85f6ae,medium_rotor,5,22061_b50b6b66,medium_rotor,0.99998,True
22218_2f85f6ae,medium_rotor,6,21625_d5d4c9a7,medium_rotor,0.99984,True
22218_2f85f6ae,medium_rotor,7,21737_87d83240,medium_rotor,0.999755,True
22218_2f85f6ae,medium_rotor,8,22224_1e749c32,medium_rotor,0.998992,True
22218_2f85f6ae,medium_rotor,9,20504_c9e14c9d,medium_rotor,0.996975,True
22218_2f85f6ae,medium_rotor,10,20421_83f66ddc,medium_rotor,0.996228,True
21810_718ae2fe,simple_rotor,1,20438_5f344b00,simple_rotor,1.0,True
21810_718ae2fe,simple_rotor,2,20731_fbdc7731,simple_rotor,0.999991,True
21810_718ae2fe,simple_rotor,3,22367_b4a67e61,simple_rotor,0.999991,True
21810_718ae2fe,simple_rotor,4,22508_6bb410af,simple_rotor,0.999991,True
21810_718ae2fe,simple_rotor,5,21862_ec534e16,simple_rotor,0.999991,True
21810_718ae2fe,simple_rotor,6,22136_a539c50b,simple_rotor,0.999991,True
21810_718ae2fe,simple_rotor,7,22241_535ad84b,simple_rotor,0.999984,True
21810_718ae2fe,simple_rotor,8,20451_557fe5cd,simple_rotor,0.999984,True
21810_718ae2fe,simple_rotor,9,20822_5bb36119,simple_rotor,0.999984,True
21810_718ae2fe,simple_rotor,10,20451_84d8b290,simple_rotor,0.999984,True
20215_e2eb3082,medium_rotor,1,20182_71b9e491,medium_rotor,1.0,True
20215_e2eb3082,medium_rotor,2,21601_360ce1c7,medium_rotor,1.0,True
20215_e2eb3082,medium_rotor,3,22919_3ee91d1a,medium_rotor,0.999992,True
20215_e2eb3082,medium_rotor,4,22474_b10fea1a,medium_rotor,0.999985,True
20215_e2eb3082,medium_rotor,5,23176_1bf2a2d5,medium_rotor,0.999981,True
20215_e2eb3082,medium_rotor,6,20319_9f53cd7c,medium_rotor,0.999947,True
20215_e2eb3082,medium_rotor,7,19810_f77c5501,medium_rotor,0.999946,True
20215_e2eb3082,medium_rotor,8,21539_cfe1f7fd,medium_rotor,0.99985,True
20215_e2eb3082,medium_rotor,9,22072_5163223a,medium_rotor,0.99983,True
20215_e2eb3082,medium_rotor,10,22778_7d85debd,medium_rotor,0.999825,True
22561_067b78ae,symmetric_rotor,1,20225_4ce6d59b,symmetric_rotor,0.999981,True
22561_067b78ae,symmetric_rotor,2,21603_98a15295,symmetric_rotor,0.999926,True
22561_067b78ae,symmetric_rotor,3,22050_e8702dd4,symmetric_rotor,0.999835,True
22561_067b78ae,symmetric_rotor,4,21467_67965037,symmetric_rotor,0.999707,True
22561_067b78ae,symmetric_rotor,5,20585_09b72895,symmetric_rotor,0.949999,True
22561_067b78ae,symmetric_rotor,6,20419_8ce893b6,symmetric_rotor,0.949999,True
22561_067b78ae,symmetric_rotor,7,21828_21ab2114,symmetric_rotor,0.949999,True
22561_067b78ae,symmetric_rotor,8,21840_6847d36c,symmetric_rotor,0.949999,True
22561_067b78ae,symmetric_rotor,9,22812_cf865ed1,symmetric_rotor,0.949996,True
22561_067b78ae,symmetric_rotor,10,21133_f9a1614e,symmetric_rotor,0.949996,True
21421_fb12b69b,complex_assembly,1,21236_b696e901,complex_assembly,0.999997,True
21421_fb12b69b,complex_assembly,2,23282_a1b17daa,complex_assembly,0.99998,True
21421_fb12b69b,complex_assembly,3,22357_e2f7b060,complex_assembly,0.999967,True
21421_fb12b69b,complex_assembly,4,22491_a33562ad,complex_assembly,0.99991,True
21421_fb12b69b,complex_assembly,5,23271_f833d903,complex_assembly,0.999848,True
21421_fb12b69b,complex_assembly,6,23123_f35404c4,complex_assembly,0.999817,True
21421_fb12b69b,complex_assembly,7,21244_d67bbabc,complex_assembly,0.99975,True
21421_fb12b69b,complex_assembly,8,21918_976c2754,high_complexity_rotor,0.999644,False
21421_fb12b69b,complex_assembly,9,21762_90d34d16,high_complexity_rotor,0.999618,False
21421_fb12b69b,complex_assembly,10,20787_ed64ff5e,complex_assembly,0.999606,True
22082_39503fa6,medium_rotor,1,22035_101c7ab4,medium_rotor,0.999996,True
22082_39503fa6,medium_rotor,2,23028_2ca87745,medium_rotor,0.999974,True
22082_39503fa6,medium_rotor,3,20163_3742f394,medium_rotor,0.999832,True
22082_39503fa6,medium_rotor,4,22021_520ec8c3,medium_rotor,0.999,True
22082_39503fa6,medium_rotor,5,21008_a3fec63b,medium_rotor,0.999,True
22082_39503fa6,medium_rotor,6,21424_9d516e3a,medium_rotor,0.998454,True
22082_39503fa6,medium_rotor,7,22017_6d3be48d,medium_rotor,0.998454,True
22082_39503fa6,medium_rotor,8,23305_2662b29a,medium_rotor,0.997932,True
22082_39503fa6,medium_rotor,9,21621_711e1918,medium_rotor,0.997345,True
22082_39503fa6,medium_rotor,10,21552_4e9c19b1,medium_rotor,0.997254,True
23308_245d257c,medium_rotor,1,23213_3df3cb34,medium_rotor,1.0,True
23308_245d257c,medium_rotor,2,21531_79015e13,medium_rotor,1.0,True
23308_245d257c,medium_rotor,3,22852_dc1dbed6,medium_rotor,1.0,True
23308_245d257c,medium_rotor,4,22577_cd96733e,medium_rotor,1.0,True
23308_245d257c,medium_rotor,5,21974_1997ebc3,medium_rotor,1.0,True
23308_245d257c,medium_rotor,6,21594_428d32af,medium_rotor,1.0,True
23308_245d257c,medium_rotor,7,23480_3f7a8d50,medium_rotor,1.0,True
23308_245d257c,medium_rotor,8,21091_bbf490e7,medium_rotor,1.0,True
23308_245d257c,medium_rotor,9,20322_5a8c6077,medium_rotor,1.0,True
23308_245d257c,medium_rotor,10,23417_9a9e9937,medium_rotor,1.0,True
22844_9b75b8e0,simple_rotor,1,21459_a9de5e5b,simple_rotor,1.0,True
22844_9b75b8e0,simple_rotor,2,23164_659c91ef,simple_rotor,1.0,True
22844_9b75b8e0,simple_rotor,3,22746_920025a0,simple_rotor,1.0,True
22844_9b75b8e0,simple_rotor,4,23351_6104d55d,simple_rotor,1.0,True
22844_9b75b8e0,simple_rotor,5,21243_3ec5d732,simple_rotor,1.0,True
22844_9b75b8e0,simple_rotor,6,20342_c140780b,simple_rotor,1.0,True
22844_9b75b8e0,simple_rotor,7,23387_c4aa9424,simple_rotor,1.0,True
22844_9b75b8e0,simple_rotor,8,21793_4ad5e2c0,simple_rotor,1.0,True
22844_9b75b8e0,simple_rotor,9,23163_7b143a6f,simple_rotor,1.0,True
22844_9b75b8e0,simple_rotor,10,23403_e539620b,simple_rotor,1.0,True
20408_b4fda9eb,medium_rotor,1,23213_3df3cb34,medium_rotor,1.0,True
20408_b4fda9eb,medium_rotor,2,21531_79015e13,medium_rotor,1.0,True
20408_b4fda9eb,medium_rotor,3,22852_dc1dbed6,medium_rotor,1.0,True
20408_b4fda9eb,medium_rotor,4,22577_cd96733e,medium_rotor,1.0,True
20408_b4fda9eb,medium_rotor,5,21974_1997ebc3,medium_rotor,1.0,True
20408_b4fda9eb,medium_rotor,6,21594_428d32af,medium_rotor,1.0,True
20408_b4fda9eb,medium_rotor,7,23480_3f7a8d50,medium_rotor,1.0,True
20408_b4fda9eb,medium_rotor,8,21091_bbf490e7,medium_rotor,1.0,True
20408_b4fda9eb,medium_rotor,9,20322_5a8c6077,medium_rotor,1.0,True
20408_b4fda9eb,medium_rotor,10,23417_9a9e9937,medium_rotor,1.0,True
21326_ab4d6c43,simple_rotor,1,20647_cea2e07c,simple_rotor,1.0,True
21326_ab4d6c43,simple_rotor,2,20646_4cd14a72,simple_rotor,1.0,True
21326_ab4d6c43,simple_rotor,3,22180_ce7c3bd8,simple_rotor,0.999949,True
21326_ab4d6c43,simple_rotor,4,22043_041e1b7c,simple_rotor,0.999934,True
21326_ab4d6c43,simple_rotor,5,22270_c6999138,simple_rotor,0.999934,True
21326_ab4d6c43,simple_rotor,6,21976_807c9b26,simple_rotor,0.999886,True
21326_ab4d6c43,simple_rotor,7,22131_6b4b60f8,simple_rotor,0.999849,True
21326_ab4d6c43,simple_rotor,8,21184_971559b6,simple_rotor,0.999726,True
21326_ab4d6c43,simple_rotor,9,20259_de1ab632,simple_rotor,0.999634,True
21326_ab4d6c43,simple_rotor,10,20193_2da4f0a0,simple_rotor,0.999201,True
22211_b1ee53f0,complex_assembly,1,20546_87dbd755,complex_assembly,0.999974,True
22211_b1ee53f0,complex_assembly,2,22306_c3dca308,complex_assembly,0.999798,True
22211_b1ee53f0,complex_assembly,3,23273_8f301ce3,complex_assembly,0.999631,True
22211_b1ee53f0,complex_assembly,4,22065_0d414124,complex_assembly,0.999612,True
22211_b1ee53f0,complex_assembly,5,20818_098cad7c,high_complexity_rotor,0.99935,False
22211_b1ee53f0,complex_assembly,6,22652_dc7405ef,high_complexity_rotor,0.999292,False
22211_b1ee53f0,complex_assembly,7,23419_ea47995f,complex_assembly,0.998848,True
22211_b1ee53f0,complex_assembly,8,20279_aed6b3b3,high_complexity_rotor,0.998555,False
22211_b1ee53f0,complex_assembly,9,21697_06656699,high_complexity_rotor,0.998262,False
22211_b1ee53f0,complex_assembly,10,20959_d4905d19,high_complexity_rotor,0.998207,False
23211_3aac9c7e,simple_rotor,1,23209_1592b0a4,simple_rotor,0.998915,True
23211_3aac9c7e,simple_rotor,2,23218_02d26ab4,simple_rotor,0.99796,True
23211_3aac9c7e,simple_rotor,3,23236_d5867507,simple_rotor,0.997819,True
23211_3aac9c7e,simple_rotor,4,23210_f535bfd2,simple_rotor,0.997819,True
23211_3aac9c7e,simple_rotor,5,23244_34b5f55e,simple_rotor,0.996325,True
23211_3aac9c7e,simple_rotor,6,23219_40625e2c,simple_rotor,0.992926,True
23211_3aac9c7e,simple_rotor,7,23194_b675acc0,simple_rotor,0.949996,True
23211_3aac9c7e,simple_rotor,8,22981_93f268ae,simple_rotor,0.949965,True
23211_3aac9c7e,simple_rotor,9,22837_7644c972,simple_rotor,0.949946,True
23211_3aac9c7e,simple_rotor,10,23245_ccd099b6,medium_rotor,0.949937,False
20676_9715ec9c,medium_rotor,1,23414_f7d4a688,medium_rotor,1.0,True
20676_9715ec9c,medium_rotor,2,23213_3df3cb34,medium_rotor,0.95,True
20676_9715ec9c,medium_rotor,3,20823_f144e996,medium_rotor,0.95,True
20676_9715ec9c,medium_rotor,4,22345_bc482c26,medium_rotor,0.95,True
20676_9715ec9c,medium_rotor,5,20322_5a8c6077,medium_rotor,0.95,True
20676_9715ec9c,medium_rotor,6,20511_e1b972aa,medium_rotor,0.95,True
20676_9715ec9c,medium_rotor,7,22586_ff3651b2,medium_rotor,0.95,True
20676_9715ec9c,medium_rotor,8,23252_ef165bed,medium_rotor,0.95,True
20676_9715ec9c,medium_rotor,9,23035_6087bb57,medium_rotor,0.95,True
20676_9715ec9c,medium_rotor,10,22852_dc1dbed6,medium_rotor,0.95,True
20220_3de82b2a,simple_rotor,1,21459_a9de5e5b,simple_rotor,1.0,True
20220_3de82b2a,simple_rotor,2,23006_92c5b990,simple_rotor,1.0,True
20220_3de82b2a,simple_rotor,3,22349_6f67a96e,simple_rotor,1.0,True
20220_3de82b2a,simple_rotor,4,22746_920025a0,simple_rotor,1.0,True
20220_3de82b2a,simple_rotor,5,23351_6104d55d,simple_rotor,1.0,True
20220_3de82b2a,simple_rotor,6,21243_3ec5d732,simple_rotor,1.0,True
20220_3de82b2a,simple_rotor,7,20342_c140780b,simple_rotor,1.0,True
20220_3de82b2a,simple_rotor,8,23387_c4aa9424,simple_rotor,1.0,True
20220_3de82b2a,simple_rotor,9,21793_4ad5e2c0,simple_rotor,1.0,True
20220_3de82b2a,simple_rotor,10,23163_7b143a6f,simple_rotor,1.0,True
22776_facf9bcf,medium_rotor,1,21009_907a2a95,medium_rotor,1.0,True
22776_facf9bcf,medium_rotor,2,22002_315afcfc,medium_rotor,1.0,True
22776_facf9bcf,medium_rotor,3,23493_57512264,medium_rotor,1.0,True
22776_facf9bcf,medium_rotor,4,21912_3f74887c,medium_rotor,0.999999,True
22776_facf9bcf,medium_rotor,5,21528_a5d5490f,medium_rotor,0.999999,True
22776_facf9bcf,medium_rotor,6,22126_e1cca10f,medium_rotor,0.999998,True
22776_facf9bcf,medium_rotor,7,22199_8ec9eeb2,medium_rotor,0.999997,True
22776_facf9bcf,medium_rotor,8,22461_0ba0e480,medium_rotor,0.999996,True
22776_facf9bcf,medium_rotor,9,23363_60e39812,medium_rotor,0.999996,True
22776_facf9bcf,medium_rotor,10,23466_1cf60d09,medium_rotor,0.999993,True
21837_b67d788c,medium_rotor,1,20628_e0551f7c,medium_rotor,0.99989,True
21837_b67d788c,medium_rotor,2,21719_d60b8a4a,medium_rotor,0.996529,True
21837_b67d788c,medium_rotor,3,21092_32622a83,medium_rotor,0.996465,True
21837_b67d788c,medium_rotor,4,23501_6c48b3c1,medium_rotor,0.994167,True
21837_b67d788c,medium_rotor,5,21429_6d2d3974,medium_rotor,0.993621,True
21837_b67d788c,medium_rotor,6,20722_90d46353,medium_rotor,0.993603,True
21837_b67d788c,medium_rotor,7,20858_15bdad00,medium_rotor,0.988633,True
21837_b67d788c,medium_rotor,8,21592_c5e77a82,medium_rotor,0.98601,True
21837_b67d788c,medium_rotor,9,21282_b2d83538,medium_rotor,0.984685,True
21837_b67d788c,medium_rotor,10,22334_677d00e0,medium_rotor,0.982377,True
20668_b2f2633e,high_complexity_rotor,1,21425_d0d47a2a,high_complexity_rotor,1.0,True
20668_b2f2633e,high_complexity_rotor,2,22483_f4e4b62a,complex_assembly,0.999951,False
20668_b2f2633e,high_complexity_rotor,3,22492_047b125b,complex_assembly,0.999562,False
20668_b2f2633e,high_complexity_rotor,4,23376_9b48819a,high_complexity_rotor,0.998773,True
20668_b2f2633e,high_complexity_rotor,5,23204_ff1672a9,complex_assembly,0.997867,False
20668_b2f2633e,high_complexity_rotor,6,20636_ca9eb29a,high_complexity_rotor,0.997853,True
20668_b2f2633e,high_complexity_rotor,7,21859_35124f79,complex_assembly,0.996356,False
20668_b2f2633e,high_complexity_rotor,8,21741_c6faf98e,complex_assembly,0.995055,False
20668_b2f2633e,high_complexity_rotor,9,7778_3a9748b3,complex_assembly,0.99449,False
20668_b2f2633e,high_complexity_rotor,10,21708_e61bd657,complex_assembly,0.988602,False
21459_a9de5e5b,simple_rotor,1,23184_731e5af0,simple_rotor,1.0,True
21459_a9de5e5b,simple_rotor,2,23006_92c5b990,simple_rotor,1.0,True
21459_a9de5e5b,simple_rotor,3,22349_6f67a96e,simple_rotor,1.0,True
21459_a9de5e5b,simple_rotor,4,22746_920025a0,simple_rotor,1.0,True
21459_a9de5e5b,simple_rotor,5,23351_6104d55d,simple_rotor,1.0,True
21459_a9de5e5b,simple_rotor,6,21243_3ec5d732,simple_rotor,1.0,True
21459_a9de5e5b,simple_rotor,7,20342_c140780b,simple_rotor,1.0,True
21459_a9de5e5b,simple_rotor,8,23387_c4aa9424,simple_rotor,1.0,True
21459_a9de5e5b,simple_rotor,9,21793_4ad5e2c0,simple_rotor,1.0,True
21459_a9de5e5b,simple_rotor,10,23163_7b143a6f,simple_rotor,1.0,True
21386_e234c6b6,symmetric_rotor,1,22678_ff42f120,symmetric_rotor,0.999999,True
21386_e234c6b6,symmetric_rotor,2,22399_97987ada,symmetric_rotor,0.999999,True
21386_e234c6b6,symmetric_rotor,3,22049_4da0d894,symmetric_rotor,0.999984,True
21386_e234c6b6,symmetric_rotor,4,22812_cf865ed1,symmetric_rotor,0.999981,True
21386_e234c6b6,symmetric_rotor,5,20585_09b72895,symmetric_rotor,0.999978,True
21386_e234c6b6,symmetric_rotor,6,21478_8fbd4409,symmetric_rotor,0.999975,True
21386_e234c6b6,symmetric_rotor,7,21037_62248d34,symmetric_rotor,0.999975,True
21386_e234c6b6,symmetric_rotor,8,20609_69f28932,symmetric_rotor,0.999966,True
21386_e234c6b6,symmetric_rotor,9,21840_6847d36c,symmetric_rotor,0.999966,True
21386_e234c6b6,symmetric_rotor,10,20419_8ce893b6,symmetric_rotor,0.999966,True
22474_b10fea1a,medium_rotor,1,22919_3ee91d1a,medium_rotor,0.999999,True
22474_b10fea1a,medium_rotor,2,19810_f77c5501,medium_rotor,0.999988,True
22474_b10fea1a,medium_rotor,3,20182_71b9e491,medium_rotor,0.999985,True
22474_b10fea1a,medium_rotor,4,20215_e2eb3082,medium_rotor,0.999985,True
22474_b10fea1a,medium_rotor,5,21601_360ce1c7,medium_rotor,0.999985,True
22474_b10fea1a,medium_rotor,6,23176_1bf2a2d5,medium_rotor,0.999932,True
22474_b10fea1a,medium_rotor,7,21539_cfe1f7fd,medium_rotor,0.99993,True
22474_b10fea1a,medium_rotor,8,22778_7d85debd,medium_rotor,0.999912,True
22474_b10fea1a,medium_rotor,9,20319_9f53cd7c,medium_rotor,0.999876,True
22474_b10fea1a,medium_rotor,10,22228_1c82530b,medium_rotor,0.999783,True
19051_26735260,high_complexity_rotor,1,22535_0ba01cc9,complex_assembly,1.0,False
19051_26735260,high_complexity_rotor,2,20952_b8a54213,complex_assembly,0.999986,False
19051_26735260,high_complexity_rotor,3,21545_4384f96e,complex_assembly,0.999933,False
19051_26735260,high_complexity_rotor,4,21582_a3d32115,complex_assembly,0.999917,False
19051_26735260,high_complexity_rotor,5,23235_f9ccb8b0,complex_assembly,0.999888,False
19051_26735260,high_complexity_rotor,6,23195_2629864e,complex_assembly,0.999806,False
19051_26735260,high_complexity_rotor,7,22413_901f5867,complex_assembly,0.999771,False
19051_26735260,high_complexity_rotor,8,21986_67c5509a,complex_assembly,0.999763,False
19051_26735260,high_complexity_rotor,9,22298_51433023,complex_assembly,0.999746,False
19051_26735260,high_complexity_rotor,10,20165_2b088be5,high_complexity_rotor,0.999446,True
20332_0c2a24aa,simple_rotor,1,22377_d490f505,simple_rotor,1.0,True
20332_0c2a24aa,simple_rotor,2,20994_9c88b1ba,simple_rotor,1.0,True
20332_0c2a24aa,simple_rotor,3,20756_75f43564,simple_rotor,1.0,True
20332_0c2a24aa,simple_rotor,4,20802_802b7d69,simple_rotor,1.0,True
20332_0c2a24aa,simple_rotor,5,22374_aa5bb54d,simple_rotor,1.0,True
20332_0c2a24aa,simple_rotor,6,20803_473c87ac,simple_rotor,1.0,True
20332_0c2a24aa,simple_rotor,7,22053_de30641b,simple_rotor,0.999935,True
20332_0c2a24aa,simple_rotor,8,21994_357aac6f,simple_rotor,0.999891,True
20332_0c2a24aa,simple_rotor,9,23321_c9497b79,simple_rotor,0.999789,True
20332_0c2a24aa,simple_rotor,10,21015_10304cb9,simple_rotor,0.999789,True
20807_88c198d5,simple_rotor,1,20822_5bb36119,simple_rotor,1.0,True
20807_88c198d5,simple_rotor,2,20451_557fe5cd,simple_rotor,1.0,True
20807_88c198d5,simple_rotor,3,22147_12995368,simple_rotor,1.0,True
20807_88c198d5,simple_rotor,4,23103_43bde2a6,simple_rotor,1.0,True
20807_88c198d5,simple_rotor,5,20451_84d8b290,simple_rotor,1.0,True
20807_88c198d5,simple_rotor,6,20216_89b90993,simple_rotor,1.0,True
20807_88c198d5,simple_rotor,7,22367_b4a67e61,simple_rotor,0.999999,True
20807_88c198d5,simple_rotor,8,20731_fbdc7731,simple_rotor,0.999999,True
20807_88c198d5,simple_rotor,9,22136_a539c50b,simple_rotor,0.999999,True
20807_88c198d5,simple_rotor,10,22508_6bb410af,simple_rotor,0.999999,True
21825_ce32b0a0,simple_rotor,1,20989_a261efa3,simple_rotor,0.999999,True
21825_ce32b0a0,simple_rotor,2,20989_885bd9b9,simple_rotor,0.999999,True
21825_ce32b0a0,simple_rotor,3,20384_767d849a,simple_rotor,0.999982,True
21825_ce32b0a0,simple_rotor,4,22236_db209dff,simple_rotor,0.999982,True
21825_ce32b0a0,simple_rotor,5,20451_84d8b290,simple_rotor,0.999982,True
21825_ce32b0a0,simple_rotor,6,22147_12995368,simple_rotor,0.999982,True
21825_ce32b0a0,simple_rotor,7,20216_89b90993,simple_rotor,0.999982,True
21825_ce32b0a0,simple_rotor,8,23103_43bde2a6,simple_rotor,0.999982,True
21825_ce32b0a0,simple_rotor,9,20807_88c198d5,simple_rotor,0.999982,True
21825_ce32b0a0,simple_rotor,10,20451_557fe5cd,simple_rotor,0.999982,True
23366_cc0bc28e,medium_rotor,1,20817_ef63b1a7,medium_rotor,1.0,True
23366_cc0bc28e,medium_rotor,2,23354_8182b4eb,medium_rotor,1.0,True
23366_cc0bc28e,medium_rotor,3,21884_cc2c39f9,medium_rotor,1.0,True
23366_cc0bc28e,medium_rotor,4,21600_0027c6fc,medium_rotor,1.0,True
23366_cc0bc28e,medium_rotor,5,21715_53df62c9,medium_rotor,1.0,True
23366_cc0bc28e,medium_rotor,6,23034_b38134ee,medium_rotor,1.0,True
23366_cc0bc28e,medium_rotor,7,23152_6f2706c9,medium_rotor,1.0,True
23366_cc0bc28e,medium_rotor,8,23238_3c864758,medium_rotor,1.0,True
23366_cc0bc28e,medium_rotor,9,20414_a33bd0d7,medium_rotor,1.0,True
23366_cc0bc28e,medium_rotor,10,22074_c0265b0d,medium_rotor,1.0,True
22136_a539c50b,simple_rotor,1,20731_fbdc7731,simple_rotor,1.0,True
22136_a539c50b,simple_rotor,2,21862_ec534e16,simple_rotor,1.0,True
22136_a539c50b,simple_rotor,3,22508_6bb410af,simple_rotor,1.0,True
22136_a539c50b,simple_rotor,4,22367_b4a67e61,simple_rotor,1.0,True
22136_a539c50b,simple_rotor,5,20822_5bb36119,simple_rotor,0.999999,True
22136_a539c50b,simple_rotor,6,20451_557fe5cd,simple_rotor,0.999999,True
22136_a539c50b,simple_rotor,7,22147_12995368,simple_rotor,0.999999,True
22136_a539c50b,simple_rotor,8,20807_88c198d5,simple_rotor,0.999999,True
22136_a539c50b,simple_rotor,9,20451_84d8b290,simple_rotor,0.999999,True
22136_a539c50b,simple_rotor,10,23103_43bde2a6,simple_rotor,0.999999,True
20414_a33bd0d7,medium_rotor,1,20817_ef63b1a7,medium_rotor,1.0,True
20414_a33bd0d7,medium_rotor,2,23354_8182b4eb,medium_rotor,1.0,True
20414_a33bd0d7,medium_rotor,3,21884_cc2c39f9,medium_rotor,1.0,True
20414_a33bd0d7,medium_rotor,4,21600_0027c6fc,medium_rotor,1.0,True
20414_a33bd0d7,medium_rotor,5,21715_53df62c9,medium_rotor,1.0,True
20414_a33bd0d7,medium_rotor,6,23034_b38134ee,medium_rotor,1.0,True
20414_a33bd0d7,medium_rotor,7,23152_6f2706c9,medium_rotor,1.0,True
20414_a33bd0d7,medium_rotor,8,23238_3c864758,medium_rotor,1.0,True
20414_a33bd0d7,medium_rotor,9,23366_cc0bc28e,medium_rotor,1.0,True
20414_a33bd0d7,medium_rotor,10,22074_c0265b0d,medium_rotor,1.0,True
22196_0deb2e34,medium_rotor,1,22196_e5bf8c9d,medium_rotor,1.0,True
22196_0deb2e34,medium_rotor,2,22197_94c66357,medium_rotor,1.0,True
22196_0deb2e34,medium_rotor,3,22197_66c5655e,medium_rotor,1.0,True
22196_0deb2e34,medium_rotor,4,23318_65e3a7c9,medium_rotor,0.998746,True
22196_0deb2e34,medium_rotor,5,21275_c8049742,medium_rotor,0.95,True
22196_0deb2e34,medium_rotor,6,22729_232da678,medium_rotor,0.95,True
22196_0deb2e34,medium_rotor,7,22011_0832eefe,medium_rotor,0.95,True
22196_0deb2e34,medium_rotor,8,20554_abcb705e,medium_rotor,0.95,True
22196_0deb2e34,medium_rotor,9,22534_e899f645,medium_rotor,0.95,True
22196_0deb2e34,medium_rotor,10,20349_a12428da,medium_rotor,0.949998,True
23273_8f301ce3,complex_assembly,1,22065_0d414124,complex_assembly,0.999982,True
23273_8f301ce3,complex_assembly,2,20546_87dbd755,complex_assembly,0.999752,True
23273_8f301ce3,complex_assembly,3,22211_b1ee53f0,complex_assembly,0.999631,True
23273_8f301ce3,complex_assembly,4,22652_dc7405ef,high_complexity_rotor,0.999556,False
23273_8f301ce3,complex_assembly,5,22306_c3dca308,complex_assembly,0.999281,True
23273_8f301ce3,complex_assembly,6,23419_ea47995f,complex_assembly,0.999024,True
23273_8f301ce3,complex_assembly,7,20818_098cad7c,high_complexity_rotor,0.99891,False
23273_8f301ce3,complex_assembly,8,20279_aed6b3b3,high_complexity_rotor,0.998563,False
23273_8f301ce3,complex_assembly,9,21697_06656699,high_complexity_rotor,0.99853,False
23273_8f301ce3,complex_assembly,10,21709_4dd88551,high_complexity_rotor,0.998191,False
21063_037107dc,high_complexity_rotor,1,22402_a62e84b4,high_complexity_rotor,1.0,True
21063_037107dc,high_complexity_rotor,2,21093_1bda9bbe,high_complexity_rotor,1.0,True
21063_037107dc,high_complexity_rotor,3,21926_b4c7068b,high_complexity_rotor,1.0,True
21063_037107dc,high_complexity_rotor,4,23251_3eb3d2e6,high_complexity_rotor,1.0,True
21063_037107dc,high_complexity_rotor,5,23002_4d53fb3f,high_complexity_rotor,1.0,True
21063_037107dc,high_complexity_rotor,6,23130_7417d5b3,high_complexity_rotor,1.0,True
21063_037107dc,high_complexity_rotor,7,22193_c8773ded,high_complexity_rotor,1.0,True
21063_037107dc,high_complexity_rotor,8,23083_fdb942ac,high_complexity_rotor,1.0,True
21063_037107dc,high_complexity_rotor,9,23048_8a1a5553,high_complexity_rotor,1.0,True
21063_037107dc,high_complexity_rotor,10,20500_e88d8065,high_complexity_rotor,1.0,True
23351_6104d55d,simple_rotor,1,23184_731e5af0,simple_rotor,1.0,True
23351_6104d55d,simple_rotor,2,23006_92c5b990,simple_rotor,1.0,True
23351_6104d55d,simple_rotor,3,22349_6f67a96e,simple_rotor,1.0,True
23351_6104d55d,simple_rotor,4,22746_920025a0,simple_rotor,1.0,True
23351_6104d55d,simple_rotor,5,21243_3ec5d732,simple_rotor,1.0,True
23351_6104d55d,simple_rotor,6,20342_c140780b,simple_rotor,1.0,True
23351_6104d55d,simple_rotor,7,23387_c4aa9424,simple_rotor,1.0,True
23351_6104d55d,simple_rotor,8,21793_4ad5e2c0,simple_rotor,1.0,True
23351_6104d55d,simple_rotor,9,23163_7b143a6f,simple_rotor,1.0,True
23351_6104d55d,simple_rotor,10,23403_e539620b,simple_rotor,1.0,True
21236_b696e901,complex_assembly,1,21421_fb12b69b,complex_assembly,0.999997,True
21236_b696e901,complex_assembly,2,23282_a1b17daa,complex_assembly,0.999961,True
21236_b696e901,complex_assembly,3,22357_e2f7b060,complex_assembly,0.999943,True
21236_b696e901,complex_assembly,4,22491_a33562ad,complex_assembly,0.999872,True
21236_b696e901,complex_assembly,5,21244_d67bbabc,complex_assembly,0.999804,True
21236_b696e901,complex_assembly,6,23271_f833d903,complex_assembly,0.999801,True
21236_b696e901,complex_assembly,7,23123_f35404c4,complex_assembly,0.999766,True
21236_b696e901,complex_assembly,8,20787_ed64ff5e,complex_assembly,0.999674,True
21236_b696e901,complex_assembly,9,21918_976c2754,high_complexity_rotor,0.999573,False
21236_b696e901,complex_assembly,10,21762_90d34d16,high_complexity_rotor,0.999545,False
23321_c9497b79,simple_rotor,1,21015_10304cb9,simple_rotor,1.0,True
23321_c9497b79,simple_rotor,2,22053_de30641b,simple_rotor,0.999958,True
23321_c9497b79,simple_rotor,3,20259_de1ab632,simple_rotor,0.999907,True
23321_c9497b79,simple_rotor,4,20803_473c87ac,simple_rotor,0.999789,True
23321_c9497b79,simple_rotor,5,20756_75f43564,simple_rotor,0.999789,True
23321_c9497b79,simple_rotor,6,20332_0c2a24aa,simple_rotor,0.999789,True
23321_c9497b79,simple_rotor,7,22374_aa5bb54d,simple_rotor,0.999789,True
23321_c9497b79,simple_rotor,8,20994_9c88b1ba,simple_rotor,0.999789,True
23321_c9497b79,simple_rotor,9,20802_802b7d69,simple_rotor,0.999789,True
23321_c9497b79,simple_rotor,10,22377_d490f505,simple_rotor,0.999789,True
21351_675c66b1,complex_assembly,1,23162_7e2f3d77,complex_assembly,0.999883,True
21351_675c66b1,complex_assembly,2,23144_88ca00a5,complex_assembly,0.999378,True
21351_675c66b1,complex_assembly,3,21656_964b0c84,high_complexity_rotor,0.998628,False
21351_675c66b1,complex_assembly,4,21700_28d193ac,high_complexity_rotor,0.99818,False
21351_675c66b1,complex_assembly,5,21069_508a9947,complex_assembly,0.997999,True
21351_675c66b1,complex_assembly,6,22079_31335df2,complex_assembly,0.997166,True
21351_675c66b1,complex_assembly,7,20430_975b8dcf,high_complexity_rotor,0.996936,False
21351_675c66b1,complex_assembly,8,20260_4a01a99d,high_complexity_rotor,0.996673,False
21351_675c66b1,complex_assembly,9,21580_b8b2571b,high_complexity_rotor,0.996098,False
21351_675c66b1,complex_assembly,10,21708_e61bd657,complex_assembly,0.996037,True
20675_66ac9773,high_complexity_rotor,1,21134_7aa7cd89,high_complexity_rotor,0.999957,True
20675_66ac9773,high_complexity_rotor,2,19596_fb9531a5,high_complexity_rotor,0.999788,True
20675_66ac9773,high_complexity_rotor,3,23258_87a2ba81,high_complexity_rotor,0.999773,True
20675_66ac9773,high_complexity_rotor,4,20959_d4905d19,high_complexity_rotor,0.999546,True
20675_66ac9773,high_complexity_rotor,5,22360_42cd6a21,high_complexity_rotor,0.999515,True
20675_66ac9773,high_complexity_rotor,6,22894_5f7c276d,high_complexity_rotor,0.999502,True
20675_66ac9773,high_complexity_rotor,7,23233_ac09e2e5,high_complexity_rotor,0.999487,True
20675_66ac9773,high_complexity_rotor,8,23310_7daded69,high_complexity_rotor,0.999462,True
20675_66ac9773,high_complexity_rotor,9,21805_2ba39d00,high_complexity_rotor,0.999458,True
20675_66ac9773,high_complexity_rotor,10,23467_9f431540,high_complexity_rotor,0.999458,True
23238_3c864758,medium_rotor,1,20817_ef63b1a7,medium_rotor,1.0,True
23238_3c864758,medium_rotor,2,20815_b3d9e6c9,medium_rotor,1.0,True
23238_3c864758,medium_rotor,3,23152_6f2706c9,medium_rotor,1.0,True
23238_3c864758,medium_rotor,4,23366_cc0bc28e,medium_rotor,1.0,True
23238_3c864758,medium_rotor,5,21715_53df62c9,medium_rotor,1.0,True
23238_3c864758,medium_rotor,6,21884_cc2c39f9,medium_rotor,1.0,True
23238_3c864758,medium_rotor,7,21600_0027c6fc,medium_rotor,1.0,True
23238_3c864758,medium_rotor,8,22074_c0265b0d,medium_rotor,1.0,True
23238_3c864758,medium_rotor,9,23354_8182b4eb,medium_rotor,1.0,True
23238_3c864758,medium_rotor,10,20414_a33bd0d7,medium_rotor,1.0,True
20193_2da4f0a0,simple_rotor,1,20478_c02790cb,simple_rotor,1.0,True
20193_2da4f0a0,simple_rotor,2,22073_951645ae,simple_rotor,1.0,True
20193_2da4f0a0,simple_rotor,3,22133_465d7a91,simple_rotor,1.0,True
20193_2da4f0a0,simple_rotor,4,23265_07de6a0b,simple_rotor,1.0,True
20193_2da4f0a0,simple_rotor,5,21469_abec26c4,simple_rotor,1.0,True
20193_2da4f0a0,simple_rotor,6,21184_971559b6,simple_rotor,0.999863,True
20193_2da4f0a0,simple_rotor,7,20232_e5b060d9,simple_rotor,0.999806,True
20193_2da4f0a0,simple_rotor,8,21976_807c9b26,simple_rotor,0.99969,True
20193_2da4f0a0,simple_rotor,9,23342_7193a931,simple_rotor,0.999606,True
20193_2da4f0a0,simple_rotor,10,22270_c6999138,simple_rotor,0.999594,True
23473_1dfa6e40,medium_rotor,1,23213_3df3cb34,medium_rotor,1.0,True
23473_1dfa6e40,medium_rotor,2,23409_e27e3b8b,medium_rotor,1.0,True
23473_1dfa6e40,medium_rotor,3,22852_dc1dbed6,medium_rotor,1.0,True
23473_1dfa6e40,medium_rotor,4,20322_daa5c577,medium_rotor,1.0,True
23473_1dfa6e40,medium_rotor,5,22577_cd96733e,medium_rotor,1.0,True
23473_1dfa6e40,medium_rotor,6,21974_1997ebc3,medium_rotor,1.0,True
23473_1dfa6e40,medium_rotor,7,21594_428d32af,medium_rotor,1.0,True
23473_1dfa6e40,medium_rotor,8,23480_3f7a8d50,medium_rotor,1.0,True
23473_1dfa6e40,medium_rotor,9,21091_bbf490e7,medium_rotor,1.0,True
23473_1dfa6e40,medium_rotor,10,20322_5a8c6077,medium_rotor,1.0,True
21709_4dd88551,high_complexity_rotor,1,21697_06656699,high_complexity_rotor,0.999982,True
21709_4dd88551,high_complexity_rotor,2,23233_ac09e2e5,high_complexity_rotor,0.999981,True
21709_4dd88551,high_complexity_rotor,3,20279_aed6b3b3,high_complexity_rotor,0.999934,True
21709_4dd88551,high_complexity_rotor,4,23258_87a2ba81,high_complexity_rotor,0.999864,True
21709_4dd88551,high_complexity_rotor,5,21204_96d26a7f,high_complexity_rotor,0.999802,True
21709_4dd88551,high_complexity_rotor,6,23309_76dcf100,high_complexity_rotor,0.999802,True
21709_4dd88551,high_complexity_rotor,7,20737_5249e274,high_complexity_rotor,0.999774,True
21709_4dd88551,high_complexity_rotor,8,23467_9f431540,high_complexity_rotor,0.999662,True
21709_4dd88551,high_complexity_rotor,9,21805_2ba39d00,high_complexity_rotor,0.999662,True
21709_4dd88551,high_complexity_rotor,10,22652_dc7405ef,high_complexity_rotor,0.999537,True
20646_4cd14a72,simple_rotor,1,21326_ab4d6c43,simple_rotor,1.0,True
20646_4cd14a72,simple_rotor,2,20647_cea2e07c,simple_rotor,1.0,True
20646_4cd14a72,simple_rotor,3,22180_ce7c3bd8,simple_rotor,0.999949,True
20646_4cd14a72,simple_rotor,4,22043_041e1b7c,simple_rotor,0.999934,True
20646_4cd14a72,simple_rotor,5,22270_c6999138,simple_rotor,0.999934,True
20646_4cd14a72,simple_rotor,6,21976_807c9b26,simple_rotor,0.999886,True
20646_4cd14a72,simple_rotor,7,22131_6b4b60f8,simple_rotor,0.999849,True
20646_4cd14a72,simple_rotor,8,21184_971559b6,simple_rotor,0.999726,True
20646_4cd14a72,simple_rotor,9,20259_de1ab632,simple_rotor,0.999634,True
20646_4cd14a72,simple_rotor,10,20193_2da4f0a0,simple_rotor,0.999201,True
21588_0c48dc5f,simple_rotor,1,23341_d5ead6d2,simple_rotor,0.999887,True
21588_0c48dc5f,simple_rotor,2,22378_234fea2c,simple_rotor,0.999041,True
21588_0c48dc5f,simple_rotor,3,22227_aca28ff2,simple_rotor,0.999041,True
21588_0c48dc5f,simple_rotor,4,21165_5cb2d287,simple_rotor,0.999041,True
21588_0c48dc5f,simple_rotor,5,20186_f66e4ad3,simple_rotor,0.999041,True
21588_0c48dc5f,simple_rotor,6,23215_08a54de0,simple_rotor,0.999041,True
21588_0c48dc5f,simple_rotor,7,20436_41b730a3,simple_rotor,0.999041,True
21588_0c48dc5f,simple_rotor,8,22837_7644c972,simple_rotor,0.998959,True
21588_0c48dc5f,simple_rotor,9,22747_3f6faf4c,simple_rotor,0.997038,True
21588_0c48dc5f,simple_rotor,10,20495_e8e7e80c,simple_rotor,0.995685,True
23377_690165aa,high_complexity_rotor,1,23217_7c6062e3,high_complexity_rotor,0.999981,True
23377_690165aa,high_complexity_rotor,2,20745_3e22ad07,high_complexity_rotor,0.999981,True
23377_690165aa,high_complexity_rotor,3,22278_12f1fb79,high_complexity_rotor,0.999957,True
23377_690165aa,high_complexity_rotor,4,23168_7fdf5427,high_complexity_rotor,0.999946,True
23377_690165aa,high_complexity_rotor,5,21300_ec7da33e,high_complexity_rotor,0.99984,True
23377_690165aa,high_complexity_rotor,6,21174_861bd902,high_complexity_rotor,0.999759,True
23377_690165aa,high_complexity_rotor,7,19596_fb9531a5,high_complexity_rotor,0.999737,True
23377_690165aa,high_complexity_rotor,8,23155_d7305c5f,high_complexity_rotor,0.99966,True
23377_690165aa,high_complexity_rotor,9,22360_42cd6a21,high_complexity_rotor,0.99964,True
23377_690165aa,high_complexity_rotor,10,23378_8d6426ae,high_complexity_rotor,0.999606,True
23468_a0bfb573,symmetric_rotor,1,23127_38d73061,symmetric_rotor,0.999901,True
23468_a0bfb573,symmetric_rotor,2,7780_6c885e81,symmetric_rotor,0.999862,True
23468_a0bfb573,symmetric_rotor,3,22259_613f9d44,symmetric_rotor,0.999807,True
23468_a0bfb573,symmetric_rotor,4,23221_42f37ae3,symmetric_rotor,0.999805,True
23468_a0bfb573,symmetric_rotor,5,22654_4c426b0f,symmetric_rotor,0.999801,True
23468_a0bfb573,symmetric_rotor,6,21490_d07ff9f8,symmetric_rotor,0.999784,True
23468_a0bfb573,symmetric_rotor,7,22095_af226cbc,symmetric_rotor,0.999737,True
23468_a0bfb573,symmetric_rotor,8,23320_e0711ae9,symmetric_rotor,0.999669,True
23468_a0bfb573,symmetric_rotor,9,22638_37f9fe91,symmetric_rotor,0.999547,True
23468_a0bfb573,symmetric_rotor,10,20609_69f28932,symmetric_rotor,0.999514,True
20468_1c33550a,simple_rotor,1,23184_731e5af0,simple_rotor,1.0,True
20468_1c33550a,simple_rotor,2,23006_92c5b990,simple_rotor,1.0,True
20468_1c33550a,simple_rotor,3,23351_6104d55d,simple_rotor,1.0,True
20468_1c33550a,simple_rotor,4,22746_920025a0,simple_rotor,1.0,True
20468_1c33550a,simple_rotor,5,21243_3ec5d732,simple_rotor,1.0,True
20468_1c33550a,simple_rotor,6,20342_c140780b,simple_rotor,1.0,True
20468_1c33550a,simple_rotor,7,23387_c4aa9424,simple_rotor,1.0,True
20468_1c33550a,simple_rotor,8,21793_4ad5e2c0,simple_rotor,1.0,True
20468_1c33550a,simple_rotor,9,23163_7b143a6f,simple_rotor,1.0,True
20468_1c33550a,simple_rotor,10,23403_e539620b,simple_rotor,1.0,True
21176_b5c72bfb,symmetric_rotor,1,20970_d20c6c35,symmetric_rotor,0.999981,True
21176_b5c72bfb,symmetric_rotor,2,20926_4c0f33f6,symmetric_rotor,0.999319,True
21176_b5c72bfb,symmetric_rotor,3,7780_6c885e81,symmetric_rotor,0.949999,True
21176_b5c72bfb,symmetric_rotor,4,22259_613f9d44,symmetric_rotor,0.949981,True
21176_b5c72bfb,symmetric_rotor,5,21490_d07ff9f8,symmetric_rotor,0.949978,True
21176_b5c72bfb,symmetric_rotor,6,21467_67965037,symmetric_rotor,0.949978,True
21176_b5c72bfb,symmetric_rotor,7,23221_42f37ae3,symmetric_rotor,0.949966,True
21176_b5c72bfb,symmetric_rotor,8,23127_38d73061,symmetric_rotor,0.949926,True
21176_b5c72bfb,symmetric_rotor,9,22050_e8702dd4,symmetric_rotor,0.949923,True
21176_b5c72bfb,symmetric_rotor,10,23320_e0711ae9,symmetric_rotor,0.949918,True
23252_ef165bed,medium_rotor,1,23213_3df3cb34,medium_rotor,1.0,True
23252_ef165bed,medium_rotor,2,22383_e5f707a7,medium_rotor,1.0,True
23252_ef165bed,medium_rotor,3,22852_dc1dbed6,medium_rotor,1.0,True
23252_ef165bed,medium_rotor,4,20322_daa5c577,medium_rotor,1.0,True
23252_ef165bed,medium_rotor,5,22577_cd96733e,medium_rotor,1.0,True
23252_ef165bed,medium_rotor,6,21974_1997ebc3,medium_rotor,1.0,True
23252_ef165bed,medium_rotor,7,21594_428d32af,medium_rotor,1.0,True
23252_ef165bed,medium_rotor,8,23480_3f7a8d50,medium_rotor,1.0,True
23252_ef165bed,medium_rotor,9,21091_bbf490e7,medium_rotor,1.0,True
23252_ef165bed,medium_rotor,10,20322_5a8c6077,medium_rotor,1.0,True
21164_de08f61e,medium_rotor,1,20421_38b63ca5,medium_rotor,0.999347,True
21164_de08f61e,medium_rotor,2,22630_b6010fff,medium_rotor,0.949995,True
21164_de08f61e,medium_rotor,3,22266_078a1f68,medium_rotor,0.94999,True
21164_de08f61e,medium_rotor,4,20431_0088a0dd,medium_rotor,0.949984,True
21164_de08f61e,medium_rotor,5,20440_27177360,medium_rotor,0.949451,True
21164_de08f61e,medium_rotor,6,21858_f1409ea2,medium_rotor,0.949451,True
21164_de08f61e,medium_rotor,7,21621_711e1918,medium_rotor,0.949063,True
21164_de08f61e,medium_rotor,8,20239_49b65a55,medium_rotor,0.948947,True
21164_de08f61e,medium_rotor,9,22232_cb53774e,medium_rotor,0.948925,True
21164_de08f61e,medium_rotor,10,23305_2662b29a,medium_rotor,0.948655,True
20789_1809f41f,medium_rotor,1,21028_d4d30a2e,medium_rotor,0.994151,True
20789_1809f41f,medium_rotor,2,21292_f94bd96b,medium_rotor,0.993622,True
20789_1809f41f,medium_rotor,3,23374_57cca189,medium_rotor,0.95955,True
20789_1809f41f,medium_rotor,4,20505_017d4cc4,medium_rotor,0.949997,True
20789_1809f41f,medium_rotor,5,21626_b34008e6,medium_rotor,0.949976,True
20789_1809f41f,medium_rotor,6,21513_50fb4d62,medium_rotor,0.949976,True
20789_1809f41f,medium_rotor,7,21745_56cbe841,medium_rotor,0.949959,True
20789_1809f41f,medium_rotor,8,20421_49bd1188,medium_rotor,0.949959,True
20789_1809f41f,medium_rotor,9,22228_1c82530b,medium_rotor,0.9499,True
20789_1809f41f,medium_rotor,10,20892_b1f89c8d,medium_rotor,0.949864,True
22197_66c5655e,medium_rotor,1,22197_94c66357,medium_rotor,1.0,True
22197_66c5655e,medium_rotor,2,22196_e5bf8c9d,medium_rotor,1.0,True
22197_66c5655e,medium_rotor,3,22196_0deb2e34,medium_rotor,1.0,True
22197_66c5655e,medium_rotor,4,23318_65e3a7c9,medium_rotor,0.998746,True
22197_66c5655e,medium_rotor,5,21275_c8049742,medium_rotor,0.95,True
22197_66c5655e,medium_rotor,6,22729_232da678,medium_rotor,0.95,True
22197_66c5655e,medium_rotor,7,20554_abcb705e,medium_rotor,0.95,True
22197_66c5655e,medium_rotor,8,22011_0832eefe,medium_rotor,0.95,True
22197_66c5655e,medium_rotor,9,22534_e899f645,medium_rotor,0.95,True
22197_66c5655e,medium_rotor,10,20349_a12428da,medium_rotor,0.949998,True
21352_c1101acb,high_complexity_rotor,1,21977_ce9f4e71,high_complexity_rotor,1.0,True
21352_c1101acb,high_complexity_rotor,2,21182_a480d230,high_complexity_rotor,0.999966,True
21352_c1101acb,high_complexity_rotor,3,22894_5f7c276d,high_complexity_rotor,0.999891,True
21352_c1101acb,high_complexity_rotor,4,20799_213bf924,high_complexity_rotor,0.999878,True
21352_c1101acb,high_complexity_rotor,5,22070_fd1b8e5e,high_complexity_rotor,0.999878,True
21352_c1101acb,high_complexity_rotor,6,21838_5bc448b4,high_complexity_rotor,0.999835,True
21352_c1101acb,high_complexity_rotor,7,21839_a8eb6d34,high_complexity_rotor,0.999832,True
21352_c1101acb,high_complexity_rotor,8,21843_effbd24d,high_complexity_rotor,0.999832,True
21352_c1101acb,high_complexity_rotor,9,21081_72fa4ad1,high_complexity_rotor,0.999832,True
21352_c1101acb,high_complexity_rotor,10,21511_d07c59c2,high_complexity_rotor,0.999827,True
22376_3ebc82a2,medium_rotor,1,21790_aaf9224a,medium_rotor,0.999993,True
22376_3ebc82a2,medium_rotor,2,21503_34f299ca,medium_rotor,0.999811,True
22376_3ebc82a2,medium_rotor,3,22832_731d3b9f,medium_rotor,0.998598,True
22376_3ebc82a2,medium_rotor,4,22680_1f4026f6,medium_rotor,0.998598,True
22376_3ebc82a2,medium_rotor,5,22372_e91792a1,medium_rotor,0.998598,True
22376_3ebc82a2,medium_rotor,6,23331_192866b6,medium_rotor,0.997832,True
22376_3ebc82a2,medium_rotor,7,21365_ab403591,medium_rotor,0.996106,True
22376_3ebc82a2,medium_rotor,8,22987_37973191,medium_rotor,0.995931,True
22376_3ebc82a2,medium_rotor,9,20239_49b65a55,medium_rotor,0.994257,True
22376_3ebc82a2,medium_rotor,10,23368_648717d8,medium_rotor,0.992852,True
20502_58b65de9,symmetric_rotor,1,21836_5bc91e49,symmetric_rotor,0.999805,True
20502_58b65de9,symmetric_rotor,2,22414_14ead4a3,symmetric_rotor,0.999506,True
20502_58b65de9,symmetric_rotor,3,22638_37f9fe91,symmetric_rotor,0.999353,True
20502_58b65de9,symmetric_rotor,4,22654_4c426b0f,symmetric_rotor,0.998806,True
20502_58b65de9,symmetric_rotor,5,22095_af226cbc,symmetric_rotor,0.998735,True
20502_58b65de9,symmetric_rotor,6,23127_38d73061,symmetric_rotor,0.998107,True
20502_58b65de9,symmetric_rotor,7,23468_a0bfb573,symmetric_rotor,0.997825,True
20502_58b65de9,symmetric_rotor,8,23221_42f37ae3,symmetric_rotor,0.997605,True
20502_58b65de9,symmetric_rotor,9,7780_6c885e81,symmetric_rotor,0.997269,True
20502_58b65de9,symmetric_rotor,10,22259_613f9d44,symmetric_rotor,0.996817,True
21153_a2fb81fe,high_complexity_rotor,1,19566_19d85d3b,high_complexity_rotor,1.0,True
21153_a2fb81fe,high_complexity_rotor,2,21337_062b39fa,high_complexity_rotor,0.999701,True
21153_a2fb81fe,high_complexity_rotor,3,23422_f214bd4d,complex_assembly,0.99959,False
21153_a2fb81fe,high_complexity_rotor,4,22076_20e8a107,high_complexity_rotor,0.999251,True
21153_a2fb81fe,high_complexity_rotor,5,20351_dc6e4e1e,complex_assembly,0.998114,False
21153_a2fb81fe,high_complexity_rotor,6,7778_3a9748b3,complex_assembly,0.997927,False
21153_a2fb81fe,high_complexity_rotor,7,23204_ff1672a9,complex_assembly,0.994585,False
21153_a2fb81fe,high_complexity_rotor,8,20622_38dd90d0,high_complexity_rotor,0.993084,True
21153_a2fb81fe,high_complexity_rotor,9,23376_9b48819a,high_complexity_rotor,0.992822,True
21153_a2fb81fe,high_complexity_rotor,10,22442_7d5c5d5f,high_complexity_rotor,0.987632,True
20409_dafedec6,simple_rotor,1,22981_93f268ae,simple_rotor,0.2,True
20409_dafedec6,simple_rotor,2,20838_86c931be,simple_rotor,0.2,True
20409_dafedec6,simple_rotor,3,20910_c64b5d1b,simple_rotor,0.2,True
20409_dafedec6,simple_rotor,4,23039_b3d04774,simple_rotor,0.2,True
20409_dafedec6,simple_rotor,5,20940_9777847c,simple_rotor,0.2,True
20409_dafedec6,simple_rotor,6,21570_9cb1d1c4,simple_rotor,0.2,True
20409_dafedec6,simple_rotor,7,20814_5a2be0fb,simple_rotor,0.2,True
20409_dafedec6,simple_rotor,8,19518_f220b68a,simple_rotor,0.2,True
20409_dafedec6,simple_rotor,9,23194_b675acc0,simple_rotor,0.2,True
20409_dafedec6,simple_rotor,10,23250_aa321310,simple_rotor,0.2,True
21492_8bd34fc1,complex_assembly,1,21722_68aeba65,complex_assembly,0.998589,True
21492_8bd34fc1,complex_assembly,2,22125_e3a4cad4,complex_assembly,0.997997,True
21492_8bd34fc1,complex_assembly,3,22028_776fbf0d,complex_assembly,0.976862,True
21492_8bd34fc1,complex_assembly,4,21647_6b6cca6f,complex_assembly,0.972715,True
21492_8bd34fc1,complex_assembly,5,22415_658c81dd,complex_assembly,0.966416,True
21492_8bd34fc1,complex_assembly,6,22717_08784417,complex_assembly,0.95785,True
21492_8bd34fc1,complex_assembly,7,23419_ea47995f,complex_assembly,0.955996,True
21492_8bd34fc1,complex_assembly,8,22306_c3dca308,complex_assembly,0.948271,True
21492_8bd34fc1,complex_assembly,9,20546_87dbd755,complex_assembly,0.943826,True
21492_8bd34fc1,complex_assembly,10,23273_8f301ce3,complex_assembly,0.942333,True
20622_38dd90d0,high_complexity_rotor,1,22442_7d5c5d5f,high_complexity_rotor,0.999209,True
20622_38dd90d0,high_complexity_rotor,2,20351_dc6e4e1e,complex_assembly,0.998418,False
20622_38dd90d0,high_complexity_rotor,3,20533_0a3e112b,high_complexity_rotor,0.997511,True
20622_38dd90d0,high_complexity_rotor,4,22076_20e8a107,high_complexity_rotor,0.996882,True
20622_38dd90d0,high_complexity_rotor,5,23422_f214bd4d,complex_assembly,0.996038,False
20622_38dd90d0,high_complexity_rotor,6,21337_062b39fa,high_complexity_rotor,0.995656,True
20622_38dd90d0,high_complexity_rotor,7,21153_a2fb81fe,high_complexity_rotor,0.993084,True
20622_38dd90d0,high_complexity_rotor,8,19566_19d85d3b,high_complexity_rotor,0.993084,True
20622_38dd90d0,high_complexity_rotor,9,20246_40be7668,complex_assembly,0.985431,False
20622_38dd90d0,high_complexity_rotor,10,21991_ab98f156,high_complexity_rotor,0.984501,True
22428_c1ffa51a,high_complexity_rotor,1,23378_8d6426ae,high_complexity_rotor,0.999996,True
22428_c1ffa51a,high_complexity_rotor,2,21300_ec7da33e,high_complexity_rotor,0.999884,True
22428_c1ffa51a,high_complexity_rotor,3,23168_7fdf5427,high_complexity_rotor,0.99973,True
22428_c1ffa51a,high_complexity_rotor,4,23217_7c6062e3,high_complexity_rotor,0.999548,True
22428_c1ffa51a,high_complexity_rotor,5,20745_3e22ad07,high_complexity_rotor,0.999548,True
22428_c1ffa51a,high_complexity_rotor,6,23377_690165aa,high_complexity_rotor,0.999523,True
22428_c1ffa51a,high_complexity_rotor,7,22278_12f1fb79,high_complexity_rotor,0.999263,True
22428_c1ffa51a,high_complexity_rotor,8,21134_7aa7cd89,high_complexity_rotor,0.999152,True
22428_c1ffa51a,high_complexity_rotor,9,23310_7daded69,high_complexity_rotor,0.99911,True
22428_c1ffa51a,high_complexity_rotor,10,19596_fb9531a5,high_complexity_rotor,0.998826,True
21047_60d69af3,simple_rotor,1,23184_731e5af0,simple_rotor,1.0,True
21047_60d69af3,simple_rotor,2,23006_92c5b990,simple_rotor,1.0,True
21047_60d69af3,simple_rotor,3,23351_6104d55d,simple_rotor,1.0,True
21047_60d69af3,simple_rotor,4,22746_920025a0,simple_rotor,1.0,True
21047_60d69af3,simple_rotor,5,21243_3ec5d732,simple_rotor,1.0,True
21047_60d69af3,simple_rotor,6,20342_c140780b,simple_rotor,1.0,True
21047_60d69af3,simple_rotor,7,23387_c4aa9424,simple_rotor,1.0,True
21047_60d69af3,simple_rotor,8,21793_4ad5e2c0,simple_rotor,1.0,True
21047_60d69af3,simple_rotor,9,23163_7b143a6f,simple_rotor,1.0,True
21047_60d69af3,simple_rotor,10,23403_e539620b,simple_rotor,1.0,True
23215_08a54de0,simple_rotor,1,20436_41b730a3,simple_rotor,1.0,True
23215_08a54de0,simple_rotor,2,22378_234fea2c,simple_rotor,1.0,True
23215_08a54de0,simple_rotor,3,22227_aca28ff2,simple_rotor,1.0,True
23215_08a54de0,simple_rotor,4,21165_5cb2d287,simple_rotor,1.0,True
23215_08a54de0,simple_rotor,5,20186_f66e4ad3,simple_rotor,1.0,True
23215_08a54de0,simple_rotor,6,21588_0c48dc5f,simple_rotor,0.999041,True
23215_08a54de0,simple_rotor,7,21391_78fc6345,simple_rotor,0.998465,True
23215_08a54de0,simple_rotor,8,23341_d5ead6d2,simple_rotor,0.998271,True
23215_08a54de0,simple_rotor,9,22837_7644c972,simple_rotor,0.996005,True
23215_08a54de0,simple_rotor,10,23136_2b469508,simple_rotor,0.994901,True
20680_b095cb77,symmetric_rotor,1,22216_4b032400,symmetric_rotor,0.95,True
20680_b095cb77,symmetric_rotor,2,22886_a6331748,symmetric_rotor,0.95,True
20680_b095cb77,symmetric_rotor,3,23102_211ad1db,symmetric_rotor,0.95,True
20680_b095cb77,symmetric_rotor,4,22311_553b3456,symmetric_rotor,0.949999,True
20680_b095cb77,symmetric_rotor,5,20682_e208cc63,symmetric_rotor,0.949999,True
20680_b095cb77,symmetric_rotor,6,22057_4947db57,symmetric_rotor,0.949999,True
20680_b095cb77,symmetric_rotor,7,20926_4c0f33f6,symmetric_rotor,0.949999,True
20680_b095cb77,symmetric_rotor,8,22762_dcbdd14d,symmetric_rotor,0.949999,True
20680_b095cb77,symmetric_rotor,9,21961_1a090a8b,symmetric_rotor,0.949996,True
20680_b095cb77,symmetric_rotor,10,22892_68138f24,symmetric_rotor,0.949996,True
23130_7417d5b3,high_complexity_rotor,1,22900_09de4c7a,high_complexity_rotor,1.0,True
23130_7417d5b3,high_complexity_rotor,2,22910_97f0cc18,high_complexity_rotor,1.0,True
23130_7417d5b3,high_complexity_rotor,3,22890_4ecfa491,high_complexity_rotor,1.0,True
23130_7417d5b3,high_complexity_rotor,4,23048_8a1a5553,high_complexity_rotor,1.0,True
23130_7417d5b3,high_complexity_rotor,5,22405_20f11d58,high_complexity_rotor,1.0,True
23130_7417d5b3,high_complexity_rotor,6,21063_037107dc,high_complexity_rotor,1.0,True
23130_7417d5b3,high_complexity_rotor,7,21093_1bda9bbe,high_complexity_rotor,1.0,True
23130_7417d5b3,high_complexity_rotor,8,22402_a62e84b4,high_complexity_rotor,1.0,True
23130_7417d5b3,high_complexity_rotor,9,23251_3eb3d2e6,high_complexity_rotor,1.0,True
23130_7417d5b3,high_complexity_rotor,10,20765_99d0665e,high_complexity_rotor,1.0,True
22193_c8773ded,high_complexity_rotor,1,22900_09de4c7a,high_complexity_rotor,1.0,True
22193_c8773ded,high_complexity_rotor,2,22910_97f0cc18,high_complexity_rotor,1.0,True
22193_c8773ded,high_complexity_rotor,3,22890_4ecfa491,high_complexity_rotor,1.0,True
22193_c8773ded,high_complexity_rotor,4,23048_8a1a5553,high_complexity_rotor,1.0,True
22193_c8773ded,high_complexity_rotor,5,22405_20f11d58,high_complexity_rotor,1.0,True
22193_c8773ded,high_complexity_rotor,6,21063_037107dc,high_complexity_rotor,1.0,True
22193_c8773ded,high_complexity_rotor,7,21093_1bda9bbe,high_complexity_rotor,1.0,True
22193_c8773ded,high_complexity_rotor,8,22402_a62e84b4,high_complexity_rotor,1.0,True
22193_c8773ded,high_complexity_rotor,9,23251_3eb3d2e6,high_complexity_rotor,1.0,True
22193_c8773ded,high_complexity_rotor,10,20765_99d0665e,high_complexity_rotor,1.0,True
20735_fb18051a,medium_rotor,1,23213_3df3cb34,medium_rotor,1.0,True
20735_fb18051a,medium_rotor,2,22383_e5f707a7,medium_rotor,1.0,True
20735_fb18051a,medium_rotor,3,22852_dc1dbed6,medium_rotor,1.0,True
20735_fb18051a,medium_rotor,4,20322_daa5c577,medium_rotor,1.0,True
20735_fb18051a,medium_rotor,5,22577_cd96733e,medium_rotor,1.0,True
20735_fb18051a,medium_rotor,6,21974_1997ebc3,medium_rotor,1.0,True
20735_fb18051a,medium_rotor,7,21594_428d32af,medium_rotor,1.0,True
20735_fb18051a,medium_rotor,8,23480_3f7a8d50,medium_rotor,1.0,True
20735_fb18051a,medium_rotor,9,21091_bbf490e7,medium_rotor,1.0,True
20735_fb18051a,medium_rotor,10,20322_5a8c6077,medium_rotor,1.0,True
20989_885bd9b9,simple_rotor,1,20989_a261efa3,simple_rotor,1.0,True
20989_885bd9b9,simple_rotor,2,21825_ce32b0a0,simple_rotor,0.999999,True
20989_885bd9b9,simple_rotor,3,20946_6573271d,simple_rotor,0.999982,True
20989_885bd9b9,simple_rotor,4,22140_9cda24cc,simple_rotor,0.999982,True
20989_885bd9b9,simple_rotor,5,22154_24342da4,simple_rotor,0.999982,True
20989_885bd9b9,simple_rotor,6,21257_770fee9a,simple_rotor,0.999982,True
20989_885bd9b9,simple_rotor,7,22047_5a090f16,simple_rotor,0.999982,True
20989_885bd9b9,simple_rotor,8,21665_2e14b6ff,simple_rotor,0.999982,True
20989_885bd9b9,simple_rotor,9,20429_419c4cdd,simple_rotor,0.999982,True
20989_885bd9b9,simple_rotor,10,20551_ff28a959,simple_rotor,0.999982,True
20927_826f4b56,simple_rotor,1,20801_0796e2ee,simple_rotor,0.2,True
20927_826f4b56,simple_rotor,2,22378_234fea2c,simple_rotor,0.2,True
20927_826f4b56,simple_rotor,3,21616_c6c3347a,simple_rotor,0.2,True
20927_826f4b56,simple_rotor,4,23439_18900af2,simple_rotor,0.2,True
20927_826f4b56,simple_rotor,5,23006_92c5b990,simple_rotor,0.2,True
20927_826f4b56,simple_rotor,6,23435_e1c96b4d,simple_rotor,0.2,True
20927_826f4b56,simple_rotor,7,22053_de30641b,simple_rotor,0.2,True
20927_826f4b56,simple_rotor,8,20259_de1ab632,simple_rotor,0.2,True
20927_826f4b56,simple_rotor,9,22891_b8c84495,simple_rotor,0.2,True
20927_826f4b56,simple_rotor,10,20467_f1fcc009,simple_rotor,0.2,True
21719_d60b8a4a,medium_rotor,1,20722_90d46353,medium_rotor,0.999555,True
21719_d60b8a4a,medium_rotor,2,21837_b67d788c,medium_rotor,0.996529,True
21719_d60b8a4a,medium_rotor,3,20628_e0551f7c,medium_rotor,0.995186,True
21719_d60b8a4a,medium_rotor,4,21035_d308c5c4,medium_rotor,0.994222,True
21719_d60b8a4a,medium_rotor,5,23413_6702ec7f,medium_rotor,0.991303,True
21719_d60b8a4a,medium_rotor,6,21092_32622a83,medium_rotor,0.98602,True
21719_d60b8a4a,medium_rotor,7,23501_6c48b3c1,medium_rotor,0.981748,True
21719_d60b8a4a,medium_rotor,8,23368_648717d8,medium_rotor,0.981446,True
21719_d60b8a4a,medium_rotor,9,21429_6d2d3974,medium_rotor,0.980796,True
21719_d60b8a4a,medium_rotor,10,22987_37973191,medium_rotor,0.975392,True
21776_fb0bfbc6,simple_rotor,1,20951_2918f2fa,simple_rotor,1.0,True
21776_fb0bfbc6,simple_rotor,2,22135_2aa77ff2,simple_rotor,1.0,True
21776_fb0bfbc6,simple_rotor,3,20241_ccb70dc8,simple_rotor,1.0,True
21776_fb0bfbc6,simple_rotor,4,20241_8c0d3f83,simple_rotor,1.0,True
21776_fb0bfbc6,simple_rotor,5,21451_fea6f0d1,simple_rotor,1.0,True
21776_fb0bfbc6,simple_rotor,6,21911_429c1a72,simple_rotor,0.997589,True
21776_fb0bfbc6,simple_rotor,7,21994_357aac6f,simple_rotor,0.996026,True
21776_fb0bfbc6,simple_rotor,8,22377_d490f505,simple_rotor,0.994606,True
21776_fb0bfbc6,simple_rotor,9,20756_75f43564,simple_rotor,0.994606,True
21776_fb0bfbc6,simple_rotor,10,20802_802b7d69,simple_rotor,0.994606,True
23372_4cb88567,medium_rotor,1,23049_207a41f0,medium_rotor,1.0,True
23372_4cb88567,medium_rotor,2,22040_6461a147,medium_rotor,0.999998,True
23372_4cb88567,medium_rotor,3,21529_93e51dd9,medium_rotor,0.999998,True
23372_4cb88567,medium_rotor,4,23041_8d3ea25c,medium_rotor,0.999998,True
23372_4cb88567,medium_rotor,5,20141_b9376856,medium_rotor,0.999994,True
23372_4cb88567,medium_rotor,6,22461_0ba0e480,medium_rotor,0.999989,True
23372_4cb88567,medium_rotor,7,22046_fe3bae6e,medium_rotor,0.999987,True
23372_4cb88567,medium_rotor,8,23493_57512264,medium_rotor,0.999978,True
23372_4cb88567,medium_rotor,9,22002_315afcfc,medium_rotor,0.999978,True
23372_4cb88567,medium_rotor,10,22776_facf9bcf,medium_rotor,0.999972,True
22895_4533b542,simple_rotor,1,23184_731e5af0,simple_rotor,1.0,True
22895_4533b542,simple_rotor,2,23006_92c5b990,simple_rotor,1.0,True
22895_4533b542,simple_rotor,3,23351_6104d55d,simple_rotor,1.0,True
22895_4533b542,simple_rotor,4,22746_920025a0,simple_rotor,1.0,True
22895_4533b542,simple_rotor,5,21243_3ec5d732,simple_rotor,1.0,True
22895_4533b542,simple_rotor,6,20342_c140780b,simple_rotor,1.0,True
22895_4533b542,simple_rotor,7,23387_c4aa9424,simple_rotor,1.0,True
22895_4533b542,simple_rotor,8,21793_4ad5e2c0,simple_rotor,1.0,True
22895_4533b542,simple_rotor,9,23163_7b143a6f,simple_rotor,1.0,True
22895_4533b542,simple_rotor,10,23403_e539620b,simple_rotor,1.0,True
20870_dedaef5b,high_complexity_rotor,1,21991_ab98f156,high_complexity_rotor,0.999926,True
20870_dedaef5b,high_complexity_rotor,2,22081_ab3124af,high_complexity_rotor,0.999893,True
20870_dedaef5b,high_complexity_rotor,3,22827_f33929ec,high_complexity_rotor,0.999851,True
20870_dedaef5b,high_complexity_rotor,4,20246_40be7668,complex_assembly,0.999846,False
20870_dedaef5b,high_complexity_rotor,5,20544_43691724,high_complexity_rotor,0.998044,True
20870_dedaef5b,high_complexity_rotor,6,20746_57a7b346,high_complexity_rotor,0.993814,True
20870_dedaef5b,high_complexity_rotor,7,20533_0a3e112b,high_complexity_rotor,0.993059,True
20870_dedaef5b,high_complexity_rotor,8,23495_6366269c,high_complexity_rotor,0.992671,True
20870_dedaef5b,high_complexity_rotor,9,22442_7d5c5d5f,high_complexity_rotor,0.98897,True
20870_dedaef5b,high_complexity_rotor,10,22405_20f11d58,high_complexity_rotor,0.987553,True
22399_97987ada,symmetric_rotor,1,21386_e234c6b6,symmetric_rotor,0.999999,True
22399_97987ada,symmetric_rotor,2,22678_ff42f120,symmetric_rotor,0.999996,True
22399_97987ada,symmetric_rotor,3,22049_4da0d894,symmetric_rotor,0.999991,True
22399_97987ada,symmetric_rotor,4,21478_8fbd4409,symmetric_rotor,0.999984,True
22399_97987ada,symmetric_rotor,5,21037_62248d34,symmetric_rotor,0.999984,True
22399_97987ada,symmetric_rotor,6,22812_cf865ed1,symmetric_rotor,0.999982,True
22399_97987ada,symmetric_rotor,7,20585_09b72895,symmetric_rotor,0.999981,True
22399_97987ada,symmetric_rotor,8,20609_69f28932,symmetric_rotor,0.999973,True
22399_97987ada,symmetric_rotor,9,21840_6847d36c,symmetric_rotor,0.999973,True
22399_97987ada,symmetric_rotor,10,20419_8ce893b6,symmetric_rotor,0.999973,True
20376_eefa9511,simple_rotor,1,23184_731e5af0,simple_rotor,1.0,True
20376_eefa9511,simple_rotor,2,23006_92c5b990,simple_rotor,1.0,True
20376_eefa9511,simple_rotor,3,23351_6104d55d,simple_rotor,1.0,True
20376_eefa9511,simple_rotor,4,22746_920025a0,simple_rotor,1.0,True
20376_eefa9511,simple_rotor,5,22349_6f67a96e,simple_rotor,1.0,True
20376_eefa9511,simple_rotor,6,20342_c140780b,simple_rotor,1.0,True
20376_eefa9511,simple_rotor,7,21243_3ec5d732,simple_rotor,1.0,True
20376_eefa9511,simple_rotor,8,23387_c4aa9424,simple_rotor,1.0,True
20376_eefa9511,simple_rotor,9,21793_4ad5e2c0,simple_rotor,1.0,True
20376_eefa9511,simple_rotor,10,23163_7b143a6f,simple_rotor,1.0,True
22180_ce7c3bd8,simple_rotor,1,22131_6b4b60f8,simple_rotor,0.999974,True
22180_ce7c3bd8,simple_rotor,2,20646_4cd14a72,simple_rotor,0.999949,True
22180_ce7c3bd8,simple_rotor,3,21326_ab4d6c43,simple_rotor,0.999949,True
22180_ce7c3bd8,simple_rotor,4,20647_cea2e07c,simple_rotor,0.999949,True
22180_ce7c3bd8,simple_rotor,5,20259_de1ab632,simple_rotor,0.999857,True
22180_ce7c3bd8,simple_rotor,6,22043_041e1b7c,simple_rotor,0.999767,True
22180_ce7c3bd8,simple_rotor,7,22270_c6999138,simple_rotor,0.999767,True
22180_ce7c3bd8,simple_rotor,8,21976_807c9b26,simple_rotor,0.999683,True
22180_ce7c3bd8,simple_rotor,9,23321_c9497b79,simple_rotor,0.999533,True
22180_ce7c3bd8,simple_rotor,10,21015_10304cb9,simple_rotor,0.999533,True
20421_49bd1188,medium_rotor,1,22232_cb53774e,medium_rotor,0.999876,True
20421_49bd1188,medium_rotor,2,22266_078a1f68,medium_rotor,0.999816,True
20421_49bd1188,medium_rotor,3,21745_56cbe841,medium_rotor,0.95,True
20421_49bd1188,medium_rotor,4,22228_1c82530b,medium_rotor,0.949987,True
20421_49bd1188,medium_rotor,5,20789_1809f41f,medium_rotor,0.949959,True
20421_49bd1188,medium_rotor,6,20505_017d4cc4,medium_rotor,0.949933,True
20421_49bd1188,medium_rotor,7,22778_7d85debd,medium_rotor,0.94992,True
20421_49bd1188,medium_rotor,8,21539_cfe1f7fd,medium_rotor,0.949902,True
20421_49bd1188,medium_rotor,9,21513_50fb4d62,medium_rotor,0.949873,True
20421_49bd1188,medium_rotor,10,21626_b34008e6,medium_rotor,0.949873,True
20530_2246503a,medium_rotor,1,23213_3df3cb34,medium_rotor,1.0,True
20530_2246503a,medium_rotor,2,22383_e5f707a7,medium_rotor,1.0,True
20530_2246503a,medium_rotor,3,22852_dc1dbed6,medium_rotor,1.0,True
20530_2246503a,medium_rotor,4,20322_daa5c577,medium_rotor,1.0,True
20530_2246503a,medium_rotor,5,22577_cd96733e,medium_rotor,1.0,True
20530_2246503a,medium_rotor,6,21974_1997ebc3,medium_rotor,1.0,True
20530_2246503a,medium_rotor,7,21594_428d32af,medium_rotor,1.0,True
20530_2246503a,medium_rotor,8,23480_3f7a8d50,medium_rotor,1.0,True
20530_2246503a,medium_rotor,9,21091_bbf490e7,medium_rotor,1.0,True
20530_2246503a,medium_rotor,10,20322_5a8c6077,medium_rotor,1.0,True
20815_b3d9e6c9,medium_rotor,1,23152_6f2706c9,medium_rotor,1.0,True
20815_b3d9e6c9,medium_rotor,2,23238_3c864758,medium_rotor,1.0,True
20815_b3d9e6c9,medium_rotor,3,23366_cc0bc28e,medium_rotor,1.0,True
20815_b3d9e6c9,medium_rotor,4,23354_8182b4eb,medium_rotor,1.0,True
20815_b3d9e6c9,medium_rotor,5,21715_53df62c9,medium_rotor,1.0,True
20815_b3d9e6c9,medium_rotor,6,22074_c0265b0d,medium_rotor,1.0,True
20815_b3d9e6c9,medium_rotor,7,20414_a33bd0d7,medium_rotor,1.0,True
20815_b3d9e6c9,medium_rotor,8,23034_b38134ee,medium_rotor,1.0,True
20815_b3d9e6c9,medium_rotor,9,21600_0027c6fc,medium_rotor,1.0,True
20815_b3d9e6c9,medium_rotor,10,20817_ef63b1a7,medium_rotor,1.0,True
21809_8bd6b10e,high_complexity_rotor,1,20293_a1999339,high_complexity_rotor,0.999981,True
21809_8bd6b10e,high_complexity_rotor,2,21519_3e869afd,high_complexity_rotor,0.999916,True
21809_8bd6b10e,high_complexity_rotor,3,21024_9be3d461,high_complexity_rotor,0.999843,True
21809_8bd6b10e,high_complexity_rotor,4,21762_90d34d16,high_complexity_rotor,0.999488,True
21809_8bd6b10e,high_complexity_rotor,5,21557_53eafe15,complex_assembly,0.999475,False
21809_8bd6b10e,high_complexity_rotor,6,21918_976c2754,high_complexity_rotor,0.999457,True
21809_8bd6b10e,high_complexity_rotor,7,23123_f35404c4,complex_assembly,0.999178,False
21809_8bd6b10e,high_complexity_rotor,8,23271_f833d903,complex_assembly,0.999108,False
21809_8bd6b10e,high_complexity_rotor,9,22491_a33562ad,complex_assembly,0.998933,False
21809_8bd6b10e,high_complexity_rotor,10,22357_e2f7b060,complex_assembly,0.998672,False
22210_649a5363,simple_rotor,1,23184_731e5af0,simple_rotor,1.0,True
22210_649a5363,simple_rotor,2,23006_92c5b990,simple_rotor,1.0,True
22210_649a5363,simple_rotor,3,23351_6104d55d,simple_rotor,1.0,True
22210_649a5363,simple_rotor,4,22746_920025a0,simple_rotor,1.0,True
22210_649a5363,simple_rotor,5,22349_6f67a96e,simple_rotor,1.0,True
22210_649a5363,simple_rotor,6,20342_c140780b,simple_rotor,1.0,True
22210_649a5363,simple_rotor,7,21243_3ec5d732,simple_rotor,1.0,True
22210_649a5363,simple_rotor,8,23387_c4aa9424,simple_rotor,1.0,True
22210_649a5363,simple_rotor,9,21793_4ad5e2c0,simple_rotor,1.0,True
22210_649a5363,simple_rotor,10,23163_7b143a6f,simple_rotor,1.0,True
23195_2629864e,complex_assembly,1,22413_901f5867,complex_assembly,0.999999,True
23195_2629864e,complex_assembly,2,19051_26735260,high_complexity_rotor,0.999806,False
23195_2629864e,complex_assembly,3,22535_0ba01cc9,complex_assembly,0.999794,True
23195_2629864e,complex_assembly,4,20701_6dcbc975,high_complexity_rotor,0.999761,False
23195_2629864e,complex_assembly,5,20952_b8a54213,complex_assembly,0.999687,True
23195_2629864e,complex_assembly,6,22533_e7298b05,complex_assembly,0.999594,True
23195_2629864e,complex_assembly,7,21545_4384f96e,complex_assembly,0.999512,True
23195_2629864e,complex_assembly,8,21582_a3d32115,complex_assembly,0.999469,True
23195_2629864e,complex_assembly,9,23235_f9ccb8b0,complex_assembly,0.999399,True
23195_2629864e,complex_assembly,10,22430_c6f08b03,complex_assembly,0.999346,True
22827_f33929ec,high_complexity_rotor,1,22081_ab3124af,high_complexity_rotor,0.999997,True
22827_f33929ec,high_complexity_rotor,2,20870_dedaef5b,high_complexity_rotor,0.999851,True
22827_f33929ec,high_complexity_rotor,3,21991_ab98f156,high_complexity_rotor,0.999568,True
22827_f33929ec,high_complexity_rotor,4,20246_40be7668,complex_assembly,0.999395,False
22827_f33929ec,high_complexity_rotor,5,20544_43691724,high_complexity_rotor,0.998974,True
22827_f33929ec,high_complexity_rotor,6,20746_57a7b346,high_complexity_rotor,0.995581,True
22827_f33929ec,high_complexity_rotor,7,23495_6366269c,high_complexity_rotor,0.994607,True
22827_f33929ec,high_complexity_rotor,8,20533_0a3e112b,high_complexity_rotor,0.990884,True
22827_f33929ec,high_complexity_rotor,9,23002_4d53fb3f,high_complexity_rotor,0.990117,True
22827_f33929ec,high_complexity_rotor,10,22900_09de4c7a,high_complexity_rotor,0.990117,True
20745_3e22ad07,high_complexity_rotor,1,23217_7c6062e3,high_complexity_rotor,1.0,True
20745_3e22ad07,high_complexity_rotor,2,23377_690165aa,high_complexity_rotor,0.999981,True
20745_3e22ad07,high_complexity_rotor,3,23168_7fdf5427,high_complexity_rotor,0.999975,True
20745_3e22ad07,high_complexity_rotor,4,22278_12f1fb79,high_complexity_rotor,0.999964,True
20745_3e22ad07,high_complexity_rotor,5,21300_ec7da33e,high_complexity_rotor,0.999881,True
20745_3e22ad07,high_complexity_rotor,6,21174_861bd902,high_complexity_rotor,0.999746,True
20745_3e22ad07,high_complexity_rotor,7,23155_d7305c5f,high_complexity_rotor,0.999642,True
20745_3e22ad07,high_complexity_rotor,8,23378_8d6426ae,high_complexity_rotor,0.999626,True
20745_3e22ad07,high_complexity_rotor,9,19596_fb9531a5,high_complexity_rotor,0.999589,True
20745_3e22ad07,high_complexity_rotor,10,22428_c1ffa51a,high_complexity_rotor,0.999548,True
21779_b99623fc,medium_rotor,1,23213_3df3cb34,medium_rotor,1.0,True
21779_b99623fc,medium_rotor,2,22383_e5f707a7,medium_rotor,1.0,True
21779_b99623fc,medium_rotor,3,22852_dc1dbed6,medium_rotor,1.0,True
21779_b99623fc,medium_rotor,4,20322_daa5c577,medium_rotor,1.0,True
21779_b99623fc,medium_rotor,5,22577_cd96733e,medium_rotor,1.0,True
21779_b99623fc,medium_rotor,6,21974_1997ebc3,medium_rotor,1.0,True
21779_b99623fc,medium_rotor,7,21594_428d32af,medium_rotor,1.0,True
21779_b99623fc,medium_rotor,8,23480_3f7a8d50,medium_rotor,1.0,True
21779_b99623fc,medium_rotor,9,21091_bbf490e7,medium_rotor,1.0,True
21779_b99623fc,medium_rotor,10,20322_5a8c6077,medium_rotor,1.0,True
20212_5d1f2de1,simple_rotor,1,23184_731e5af0,simple_rotor,1.0,True
20212_5d1f2de1,simple_rotor,2,23006_92c5b990,simple_rotor,1.0,True
20212_5d1f2de1,simple_rotor,3,23351_6104d55d,simple_rotor,1.0,True
20212_5d1f2de1,simple_rotor,4,22746_920025a0,simple_rotor,1.0,True
20212_5d1f2de1,simple_rotor,5,22349_6f67a96e,simple_rotor,1.0,True
20212_5d1f2de1,simple_rotor,6,20342_c140780b,simple_rotor,1.0,True
20212_5d1f2de1,simple_rotor,7,21243_3ec5d732,simple_rotor,1.0,True
20212_5d1f2de1,simple_rotor,8,23387_c4aa9424,simple_rotor,1.0,True
20212_5d1f2de1,simple_rotor,9,21793_4ad5e2c0,simple_rotor,1.0,True
20212_5d1f2de1,simple_rotor,10,23163_7b143a6f,simple_rotor,1.0,True
21550_0b16151d,medium_rotor,1,23213_3df3cb34,medium_rotor,1.0,True
21550_0b16151d,medium_rotor,2,22383_e5f707a7,medium_rotor,1.0,True
21550_0b16151d,medium_rotor,3,22852_dc1dbed6,medium_rotor,1.0,True
21550_0b16151d,medium_rotor,4,20322_daa5c577,medium_rotor,1.0,True
21550_0b16151d,medium_rotor,5,22577_cd96733e,medium_rotor,1.0,True
21550_0b16151d,medium_rotor,6,21974_1997ebc3,medium_rotor,1.0,True
21550_0b16151d,medium_rotor,7,21594_428d32af,medium_rotor,1.0,True
21550_0b16151d,medium_rotor,8,23480_3f7a8d50,medium_rotor,1.0,True
21550_0b16151d,medium_rotor,9,21091_bbf490e7,medium_rotor,1.0,True
21550_0b16151d,medium_rotor,10,20322_5a8c6077,medium_rotor,1.0,True
23209_1592b0a4,simple_rotor,1,23218_02d26ab4,simple_rotor,0.99985,True
23209_1592b0a4,simple_rotor,2,23236_d5867507,simple_rotor,0.99981,True
23209_1592b0a4,simple_rotor,3,23210_f535bfd2,simple_rotor,0.99981,True
23209_1592b0a4,simple_rotor,4,23244_34b5f55e,simple_rotor,0.999233,True
23209_1592b0a4,simple_rotor,5,23211_3aac9c7e,simple_rotor,0.998915,True
23209_1592b0a4,simple_rotor,6,23219_40625e2c,simple_rotor,0.997377,True
23209_1592b0a4,simple_rotor,7,20495_e8e7e80c,simple_rotor,0.949953,True
23209_1592b0a4,simple_rotor,8,23342_7193a931,simple_rotor,0.949938,True
23209_1592b0a4,simple_rotor,9,20232_e5b060d9,simple_rotor,0.94981,True
23209_1592b0a4,simple_rotor,10,22747_3f6faf4c,simple_rotor,0.949672,True
22498_b8bdb105,simple_rotor,1,20586_cbec2689,simple_rotor,1.0,True
22498_b8bdb105,simple_rotor,2,21785_d595ced5,simple_rotor,1.0,True
22498_b8bdb105,simple_rotor,3,21613_d57e983a,simple_rotor,0.95,True
22498_b8bdb105,simple_rotor,4,23103_66470b7e,simple_rotor,0.95,True
22498_b8bdb105,simple_rotor,5,21865_c190b734,simple_rotor,0.95,True
22498_b8bdb105,simple_rotor,6,23408_e5fd25ba,simple_rotor,0.95,True
22498_b8bdb105,simple_rotor,7,22746_920025a0,simple_rotor,0.95,True
22498_b8bdb105,simple_rotor,8,23164_659c91ef,simple_rotor,0.95,True
22498_b8bdb105,simple_rotor,9,21615_f2ecc6e8,simple_rotor,0.95,True
22498_b8bdb105,simple_rotor,10,23351_6104d55d,simple_rotor,0.95,True
23380_abffc859,medium_rotor,1,23213_3df3cb34,medium_rotor,1.0,True
23380_abffc859,medium_rotor,2,22383_e5f707a7,medium_rotor,1.0,True
23380_abffc859,medium_rotor,3,22852_dc1dbed6,medium_rotor,1.0,True
23380_abffc859,medium_rotor,4,20322_daa5c577,medium_rotor,1.0,True
23380_abffc859,medium_rotor,5,22577_cd96733e,medium_rotor,1.0,True
23380_abffc859,medium_rotor,6,21974_1997ebc3,medium_rotor,1.0,True
23380_abffc859,medium_rotor,7,21594_428d32af,medium_rotor,1.0,True
23380_abffc859,medium_rotor,8,23480_3f7a8d50,medium_rotor,1.0,True
23380_abffc859,medium_rotor,9,21091_bbf490e7,medium_rotor,1.0,True
23380_abffc859,medium_rotor,10,20322_5a8c6077,medium_rotor,1.0,True
20389_c835706f,medium_rotor,1,20520_7e357152,medium_rotor,1.0,True
20389_c835706f,medium_rotor,2,20229_d1ae2ae3,medium_rotor,0.95,True
20389_c835706f,medium_rotor,3,21358_a69a36f3,medium_rotor,0.95,True
20389_c835706f,medium_rotor,4,22710_77324fc2,medium_rotor,0.95,True
20389_c835706f,medium_rotor,5,23308_245d257c,medium_rotor,0.95,True
20389_c835706f,medium_rotor,6,23417_9a9e9937,medium_rotor,0.95,True
20389_c835706f,medium_rotor,7,23036_7f9d143f,medium_rotor,0.95,True
20389_c835706f,medium_rotor,8,23045_a8c4e4bc,medium_rotor,0.95,True
20389_c835706f,medium_rotor,9,20743_c8ea8159,medium_rotor,0.95,True
20389_c835706f,medium_rotor,10,23121_cbdf3ebc,medium_rotor,0.95,True
21429_6d2d3974,medium_rotor,1,23501_6c48b3c1,medium_rotor,0.999988,True
21429_6d2d3974,medium_rotor,2,21092_32622a83,medium_rotor,0.999582,True
21429_6d2d3974,medium_rotor,3,20858_15bdad00,medium_rotor,0.999281,True
21429_6d2d3974,medium_rotor,4,21592_c5e77a82,medium_rotor,0.998516,True
21429_6d2d3974,medium_rotor,5,21282_b2d83538,medium_rotor,0.998062,True
21429_6d2d3974,medium_rotor,6,22334_677d00e0,medium_rotor,0.997184,True
21429_6d2d3974,medium_rotor,7,23026_e6f08109,medium_rotor,0.996588,True
21429_6d2d3974,medium_rotor,8,20628_e0551f7c,medium_rotor,0.995184,True
21429_6d2d3974,medium_rotor,9,21989_a0b5037d,medium_rotor,0.994428,True
21429_6d2d3974,medium_rotor,10,21837_b67d788c,medium_rotor,0.993621,True
21843_effbd24d,high_complexity_rotor,1,21081_72fa4ad1,high_complexity_rotor,1.0,True
21843_effbd24d,high_complexity_rotor,2,21845_dff8b3a1,high_complexity_rotor,0.999999,True
21843_effbd24d,high_complexity_rotor,3,21838_5bc448b4,high_complexity_rotor,0.999991,True
21843_effbd24d,high_complexity_rotor,4,22168_a84560a9,high_complexity_rotor,0.999984,True
21843_effbd24d,high_complexity_rotor,5,21839_a8eb6d34,high_complexity_rotor,0.999984,True
21843_effbd24d,high_complexity_rotor,6,22419_dfeb5d33,high_complexity_rotor,0.999978,True
21843_effbd24d,high_complexity_rotor,7,20643_71ad3d26,high_complexity_rotor,0.999975,True
21843_effbd24d,high_complexity_rotor,8,21121_1e9e7540,high_complexity_rotor,0.999973,True
21843_effbd24d,high_complexity_rotor,9,22416_4cd31921,high_complexity_rotor,0.999973,True
21843_effbd24d,high_complexity_rotor,10,22893_eb8aa8ac,high_complexity_rotor,0.999973,True
23439_18900af2,simple_rotor,1,23184_731e5af0,simple_rotor,1.0,True
23439_18900af2,simple_rotor,2,23006_92c5b990,simple_rotor,1.0,True
23439_18900af2,simple_rotor,3,23351_6104d55d,simple_rotor,1.0,True
23439_18900af2,simple_rotor,4,22746_920025a0,simple_rotor,1.0,True
23439_18900af2,simple_rotor,5,22349_6f67a96e,simple_rotor,1.0,True
23439_18900af2,simple_rotor,6,20342_c140780b,simple_rotor,1.0,True
23439_18900af2,simple_rotor,7,21243_3ec5d732,simple_rotor,1.0,True
23439_18900af2,simple_rotor,8,23387_c4aa9424,simple_rotor,1.0,True
23439_18900af2,simple_rotor,9,21793_4ad5e2c0,simple_rotor,1.0,True
23439_18900af2,simple_rotor,10,23163_7b143a6f,simple_rotor,1.0,True
21737_87d83240,medium_rotor,1,21185_ac5324ba,medium_rotor,0.999863,True
21737_87d83240,medium_rotor,2,23323_075a079e,medium_rotor,0.999837,True
21737_87d83240,medium_rotor,3,22218_2f85f6ae,medium_rotor,0.999755,True
21737_87d83240,medium_rotor,4,21695_1f33863f,medium_rotor,0.99969,True
21737_87d83240,medium_rotor,5,20285_b64b1a7e,medium_rotor,0.999594,True
21737_87d83240,medium_rotor,6,22061_b50b6b66,medium_rotor,0.999594,True
21737_87d83240,medium_rotor,7,21625_d5d4c9a7,medium_rotor,0.999201,True
21737_87d83240,medium_rotor,8,20504_c9e14c9d,medium_rotor,0.998451,True
21737_87d83240,medium_rotor,9,20421_83f66ddc,medium_rotor,0.997903,True
21737_87d83240,medium_rotor,10,22224_1e749c32,medium_rotor,0.997754,True
21496_f4025ad5,medium_rotor,1,23213_3df3cb34,medium_rotor,1.0,True
21496_f4025ad5,medium_rotor,2,22383_e5f707a7,medium_rotor,1.0,True
21496_f4025ad5,medium_rotor,3,22852_dc1dbed6,medium_rotor,1.0,True
21496_f4025ad5,medium_rotor,4,20322_daa5c577,medium_rotor,1.0,True
21496_f4025ad5,medium_rotor,5,22577_cd96733e,medium_rotor,1.0,True
21496_f4025ad5,medium_rotor,6,21974_1997ebc3,medium_rotor,1.0,True
21496_f4025ad5,medium_rotor,7,21594_428d32af,medium_rotor,1.0,True
21496_f4025ad5,medium_rotor,8,23480_3f7a8d50,medium_rotor,1.0,True
21496_f4025ad5,medium_rotor,9,21091_bbf490e7,medium_rotor,1.0,True
21496_f4025ad5,medium_rotor,10,20322_5a8c6077,medium_rotor,1.0,True
22053_de30641b,simple_rotor,1,23321_c9497b79,simple_rotor,0.999958,True
22053_de30641b,simple_rotor,2,21015_10304cb9,simple_rotor,0.999958,True
22053_de30641b,simple_rotor,3,20803_473c87ac,simple_rotor,0.999935,True
22053_de30641b,simple_rotor,4,20756_75f43564,simple_rotor,0.999935,True
22053_de30641b,simple_rotor,5,22374_aa5bb54d,simple_rotor,0.999935,True
22053_de30641b,simple_rotor,6,20332_0c2a24aa,simple_rotor,0.999935,True
22053_de30641b,simple_rotor,7,20802_802b7d69,simple_rotor,0.999935,True
22053_de30641b,simple_rotor,8,20994_9c88b1ba,simple_rotor,0.999935,True
22053_de30641b,simple_rotor,9,22377_d490f505,simple_rotor,0.999935,True
22053_de30641b,simple_rotor,10,20259_de1ab632,simple_rotor,0.999742,True
22891_b8c84495,simple_rotor,1,23184_731e5af0,simple_rotor,1.0,True
22891_b8c84495,simple_rotor,2,23006_92c5b990,simple_rotor,1.0,True
22891_b8c84495,simple_rotor,3,23351_6104d55d,simple_rotor,1.0,True
22891_b8c84495,simple_rotor,4,22746_920025a0,simple_rotor,1.0,True
22891_b8c84495,simple_rotor,5,22349_6f67a96e,simple_rotor,1.0,True
22891_b8c84495,simple_rotor,6,20342_c140780b,simple_rotor,1.0,True
22891_b8c84495,simple_rotor,7,21243_3ec5d732,simple_rotor,1.0,True
22891_b8c84495,simple_rotor,8,23387_c4aa9424,simple_rotor,1.0,True
22891_b8c84495,simple_rotor,9,21793_4ad5e2c0,simple_rotor,1.0,True
22891_b8c84495,simple_rotor,10,23163_7b143a6f,simple_rotor,1.0,True
21390_4d1e2d9c,medium_rotor,1,23213_3df3cb34,medium_rotor,1.0,True
21390_4d1e2d9c,medium_rotor,2,22383_e5f707a7,medium_rotor,1.0,True
21390_4d1e2d9c,medium_rotor,3,22852_dc1dbed6,medium_rotor,1.0,True
21390_4d1e2d9c,medium_rotor,4,20322_daa5c577,medium_rotor,1.0,True
21390_4d1e2d9c,medium_rotor,5,22577_cd96733e,medium_rotor,1.0,True
21390_4d1e2d9c,medium_rotor,6,21974_1997ebc3,medium_rotor,1.0,True
21390_4d1e2d9c,medium_rotor,7,21594_428d32af,medium_rotor,1.0,True
21390_4d1e2d9c,medium_rotor,8,23480_3f7a8d50,medium_rotor,1.0,True
21390_4d1e2d9c,medium_rotor,9,21091_bbf490e7,medium_rotor,1.0,True
21390_4d1e2d9c,medium_rotor,10,20322_5a8c6077,medium_rotor,1.0,True
22378_234fea2c,simple_rotor,1,20436_41b730a3,simple_rotor,1.0,True
22378_234fea2c,simple_rotor,2,23215_08a54de0,simple_rotor,1.0,True
22378_234fea2c,simple_rotor,3,22227_aca28ff2,simple_rotor,1.0,True
22378_234fea2c,simple_rotor,4,21165_5cb2d287,simple_rotor,1.0,True
22378_234fea2c,simple_rotor,5,20186_f66e4ad3,simple_rotor,1.0,True
22378_234fea2c,simple_rotor,6,21588_0c48dc5f,simple_rotor,0.999041,True
22378_234fea2c,simple_rotor,7,21391_78fc6345,simple_rotor,0.998465,True
22378_234fea2c,simple_rotor,8,23341_d5ead6d2,simple_rotor,0.998271,True
22378_234fea2c,simple_rotor,9,22837_7644c972,simple_rotor,0.996005,True
22378_234fea2c,simple_rotor,10,23136_2b469508,simple_rotor,0.994901,True
22659_0e686e14,symmetric_rotor,1,21692_777db9e2,symmetric_rotor,1.0,True
22659_0e686e14,symmetric_rotor,2,22434_2ad62ed6,symmetric_rotor,1.0,True
22659_0e686e14,symmetric_rotor,3,23178_eb4b4280,symmetric_rotor,0.999999,True
22659_0e686e14,symmetric_rotor,4,21497_9833a679,symmetric_rotor,0.999999,True
22659_0e686e14,symmetric_rotor,5,23259_d655fcc1,symmetric_rotor,0.999999,True
22659_0e686e14,symmetric_rotor,6,23037_d0df320c,symmetric_rotor,0.999999,True
22659_0e686e14,symmetric_rotor,7,21271_ec7f62b8,symmetric_rotor,0.999996,True
22659_0e686e14,symmetric_rotor,8,22892_68138f24,symmetric_rotor,0.999996,True
22659_0e686e14,symmetric_rotor,9,20237_06b27bf5,symmetric_rotor,0.999996,True
22659_0e686e14,symmetric_rotor,10,22155_ab18f2b6,symmetric_rotor,0.999996,True
22304_33009be6,simple_rotor,1,22241_535ad84b,simple_rotor,0.999991,True
22304_33009be6,simple_rotor,2,20438_5f344b00,simple_rotor,0.999951,True
22304_33009be6,simple_rotor,3,21810_718ae2fe,simple_rotor,0.999951,True
22304_33009be6,simple_rotor,4,22136_a539c50b,simple_rotor,0.999901,True
22304_33009be6,simple_rotor,5,22508_6bb410af,simple_rotor,0.999901,True
22304_33009be6,simple_rotor,6,22367_b4a67e61,simple_rotor,0.999901,True
22304_33009be6,simple_rotor,7,20731_fbdc7731,simple_rotor,0.999901,True
22304_33009be6,simple_rotor,8,21862_ec534e16,simple_rotor,0.999901,True
22304_33009be6,simple_rotor,9,20807_88c198d5,simple_rotor,0.99988,True
22304_33009be6,simple_rotor,10,20451_557fe5cd,simple_rotor,0.99988,True
20765_99d0665e,high_complexity_rotor,1,22900_09de4c7a,high_complexity_rotor,1.0,True
20765_99d0665e,high_complexity_rotor,2,23002_4d53fb3f,high_complexity_rotor,1.0,True
20765_99d0665e,high_complexity_rotor,3,22890_4ecfa491,high_complexity_rotor,1.0,True
20765_99d0665e,high_complexity_rotor,4,22405_20f11d58,high_complexity_rotor,1.0,True
20765_99d0665e,high_complexity_rotor,5,21063_037107dc,high_complexity_rotor,1.0,True
20765_99d0665e,high_complexity_rotor,6,22402_a62e84b4,high_complexity_rotor,1.0,True
20765_99d0665e,high_complexity_rotor,7,21093_1bda9bbe,high_complexity_rotor,1.0,True
20765_99d0665e,high_complexity_rotor,8,23251_3eb3d2e6,high_complexity_rotor,1.0,True
20765_99d0665e,high_complexity_rotor,9,22528_f3370a64,high_complexity_rotor,1.0,True
20765_99d0665e,high_complexity_rotor,10,23048_8a1a5553,high_complexity_rotor,1.0,True
23422_f214bd4d,complex_assembly,1,21337_062b39fa,high_complexity_rotor,0.999991,False
23422_f214bd4d,complex_assembly,2,22076_20e8a107,high_complexity_rotor,0.999949,False
23422_f214bd4d,complex_assembly,3,19566_19d85d3b,high_complexity_rotor,0.99959,False
23422_f214bd4d,complex_assembly,4,21153_a2fb81fe,high_complexity_rotor,0.99959,False
23422_f214bd4d,complex_assembly,5,20351_dc6e4e1e,complex_assembly,0.999462,True
23422_f214bd4d,complex_assembly,6,20622_38dd90d0,high_complexity_rotor,0.996038,False
23422_f214bd4d,complex_assembly,7,7778_3a9748b3,complex_assembly,0.995675,True
23422_f214bd4d,complex_assembly,8,22442_7d5c5d5f,high_complexity_rotor,0.991714,False
23422_f214bd4d,complex_assembly,9,23204_ff1672a9,complex_assembly,0.991203,True
23422_f214bd4d,complex_assembly,10,23376_9b48819a,high_complexity_rotor,0.988993,False
23343_f000bdae,simple_rotor,1,21139_cd619b26,simple_rotor,1.0,True
23343_f000bdae,simple_rotor,2,23103_66470b7e,simple_rotor,1.0,True
23343_f000bdae,simple_rotor,3,23351_6104d55d,simple_rotor,1.0,True
23343_f000bdae,simple_rotor,4,22746_920025a0,simple_rotor,1.0,True
23343_f000bdae,simple_rotor,5,21243_3ec5d732,simple_rotor,1.0,True
23343_f000bdae,simple_rotor,6,20342_c140780b,simple_rotor,1.0,True
23343_f000bdae,simple_rotor,7,23387_c4aa9424,simple_rotor,1.0,True
23343_f000bdae,simple_rotor,8,21793_4ad5e2c0,simple_rotor,1.0,True
23343_f000bdae,simple_rotor,9,23163_7b143a6f,simple_rotor,1.0,True
23343_f000bdae,simple_rotor,10,23403_e539620b,simple_rotor,1.0,True
23161_e7f63a9f,high_complexity_rotor,1,23156_7788f78a,high_complexity_rotor,1.0,True
23161_e7f63a9f,high_complexity_rotor,2,22443_fa24c6f9,medium_rotor,0.95,False
23161_e7f63a9f,high_complexity_rotor,3,21926_b4c7068b,high_complexity_rotor,0.95,True
23161_e7f63a9f,high_complexity_rotor,4,20657_913a7675,medium_rotor,0.95,False
23161_e7f63a9f,high_complexity_rotor,5,21496_f4025ad5,medium_rotor,0.95,False
23161_e7f63a9f,high_complexity_rotor,6,21706_adfb2ece,medium_rotor,0.95,False
23161_e7f63a9f,high_complexity_rotor,7,23130_7417d5b3,high_complexity_rotor,0.95,True
23161_e7f63a9f,high_complexity_rotor,8,21974_1997ebc3,medium_rotor,0.95,False
23161_e7f63a9f,high_complexity_rotor,9,21550_0b16151d,medium_rotor,0.95,False
23161_e7f63a9f,high_complexity_rotor,10,21049_f644930a,medium_rotor,0.95,False
22011_0832eefe,medium_rotor,1,22729_232da678,medium_rotor,1.0,True
22011_0832eefe,medium_rotor,2,20554_abcb705e,medium_rotor,1.0,True
22011_0832eefe,medium_rotor,3,21275_c8049742,medium_rotor,1.0,True
22011_0832eefe,medium_rotor,4,22534_e899f645,medium_rotor,1.0,True
22011_0832eefe,medium_rotor,5,20349_a12428da,medium_rotor,0.999998,True
22011_0832eefe,medium_rotor,6,22440_014f1bac,medium_rotor,0.999986,True
22011_0832eefe,medium_rotor,7,22666_bdaa1303,medium_rotor,0.999985,True
22011_0832eefe,medium_rotor,8,23466_1cf60d09,medium_rotor,0.999963,True
22011_0832eefe,medium_rotor,9,23363_60e39812,medium_rotor,0.999955,True
22011_0832eefe,medium_rotor,10,22199_8ec9eeb2,medium_rotor,0.999951,True
22214_b098105d,simple_rotor,1,22067_624b28e3,simple_rotor,1.0,True
22214_b098105d,simple_rotor,2,21357_9edfc0a0,simple_rotor,0.984201,True
22214_b098105d,simple_rotor,3,22862_f5406bb0,simple_rotor,0.984201,True
22214_b098105d,simple_rotor,4,20841_1620ae7d,simple_rotor,0.984201,True
22214_b098105d,simple_rotor,5,22014_5880c417,simple_rotor,0.984201,True
22214_b098105d,simple_rotor,6,23136_2b469508,simple_rotor,0.973061,True
22214_b098105d,simple_rotor,7,21391_78fc6345,simple_rotor,0.961561,True
22214_b098105d,simple_rotor,8,21048_75cc125c,medium_rotor,0.948615,False
22214_b098105d,simple_rotor,9,20186_f66e4ad3,simple_rotor,0.94493,True
22214_b098105d,simple_rotor,10,22378_234fea2c,simple_rotor,0.94493,True
22046_fe3bae6e,medium_rotor,1,20141_b9376856,medium_rotor,0.999999,True
22046_fe3bae6e,medium_rotor,2,23041_8d3ea25c,medium_rotor,0.999996,True
22046_fe3bae6e,medium_rotor,3,21529_93e51dd9,medium_rotor,0.999996,True
22046_fe3bae6e,medium_rotor,4,22040_6461a147,medium_rotor,0.999996,True
22046_fe3bae6e,medium_rotor,5,23049_207a41f0,medium_rotor,0.999987,True
22046_fe3bae6e,medium_rotor,6,23372_4cb88567,medium_rotor,0.999987,True
22046_fe3bae6e,medium_rotor,7,22612_28fe0ac2,medium_rotor,0.999983,True
22046_fe3bae6e,medium_rotor,8,23451_14c8d09e,medium_rotor,0.999983,True
22046_fe3bae6e,medium_rotor,9,22092_897b0ffa,medium_rotor,0.999983,True
22046_fe3bae6e,medium_rotor,10,21224_18ba4aba,medium_rotor,0.999965,True
23204_ff1672a9,complex_assembly,1,23376_9b48819a,high_complexity_rotor,0.999876,False
23204_ff1672a9,complex_assembly,2,7778_3a9748b3,complex_assembly,0.999211,True
23204_ff1672a9,complex_assembly,3,21425_d0d47a2a,high_complexity_rotor,0.997867,False
23204_ff1672a9,complex_assembly,4,20668_b2f2633e,high_complexity_rotor,0.997867,False
23204_ff1672a9,complex_assembly,5,22483_f4e4b62a,complex_assembly,0.997169,True
23204_ff1672a9,complex_assembly,6,22492_047b125b,complex_assembly,0.995499,True
23204_ff1672a9,complex_assembly,7,21153_a2fb81fe,high_complexity_rotor,0.994585,False
23204_ff1672a9,complex_assembly,8,19566_19d85d3b,high_complexity_rotor,0.994585,False
23204_ff1672a9,complex_assembly,9,21337_062b39fa,high_complexity_rotor,0.991749,False
23204_ff1672a9,complex_assembly,10,20636_ca9eb29a,high_complexity_rotor,0.991453,False
21529_93e51dd9,medium_rotor,1,23041_8d3ea25c,medium_rotor,1.0,True
21529_93e51dd9,medium_rotor,2,22040_6461a147,medium_rotor,1.0,True
21529_93e51dd9,medium_rotor,3,20141_b9376856,medium_rotor,0.999999,True
21529_93e51dd9,medium_rotor,4,23049_207a41f0,medium_rotor,0.999998,True
21529_93e51dd9,medium_rotor,5,23372_4cb88567,medium_rotor,0.999998,True
21529_93e51dd9,medium_rotor,6,22046_fe3bae6e,medium_rotor,0.999996,True
21529_93e51dd9,medium_rotor,7,22461_0ba0e480,medium_rotor,0.999977,True
21529_93e51dd9,medium_rotor,8,22092_897b0ffa,medium_rotor,0.999963,True
21529_93e51dd9,medium_rotor,9,23451_14c8d09e,medium_rotor,0.999963,True
21529_93e51dd9,medium_rotor,10,22612_28fe0ac2,medium_rotor,0.999963,True
20429_419c4cdd,simple_rotor,1,20551_ff28a959,simple_rotor,1.0,True
20429_419c4cdd,simple_rotor,2,20806_ca60b7ae,simple_rotor,1.0,True
20429_419c4cdd,simple_rotor,3,20429_9dd95c38,simple_rotor,1.0,True
20429_419c4cdd,simple_rotor,4,22154_24342da4,simple_rotor,1.0,True
20429_419c4cdd,simple_rotor,5,22129_48b47c52,simple_rotor,1.0,True
20429_419c4cdd,simple_rotor,6,21257_770fee9a,simple_rotor,1.0,True
20429_419c4cdd,simple_rotor,7,21665_2e14b6ff,simple_rotor,1.0,True
20429_419c4cdd,simple_rotor,8,20946_6573271d,simple_rotor,1.0,True
20429_419c4cdd,simple_rotor,9,22047_5a090f16,simple_rotor,1.0,True
20429_419c4cdd,simple_rotor,10,22140_9cda24cc,simple_rotor,1.0,True
20241_8c0d3f83,simple_rotor,1,20951_2918f2fa,simple_rotor,1.0,True
20241_8c0d3f83,simple_rotor,2,22135_2aa77ff2,simple_rotor,1.0,True
20241_8c0d3f83,simple_rotor,3,20241_ccb70dc8,simple_rotor,1.0,True
20241_8c0d3f83,simple_rotor,4,21776_fb0bfbc6,simple_rotor,1.0,True
20241_8c0d3f83,simple_rotor,5,21451_fea6f0d1,simple_rotor,1.0,True
20241_8c0d3f83,simple_rotor,6,21911_429c1a72,simple_rotor,0.997589,True
20241_8c0d3f83,simple_rotor,7,21994_357aac6f,simple_rotor,0.996026,True
20241_8c0d3f83,simple_rotor,8,22377_d490f505,simple_rotor,0.994606,True
20241_8c0d3f83,simple_rotor,9,20756_75f43564,simple_rotor,0.994606,True
20241_8c0d3f83,simple_rotor,10,20802_802b7d69,simple_rotor,0.994606,True
20440_27177360,medium_rotor,1,21858_f1409ea2,medium_rotor,0.95,True
20440_27177360,medium_rotor,2,21621_711e1918,medium_rotor,0.949949,True
20440_27177360,medium_rotor,3,23305_2662b29a,medium_rotor,0.949825,True
20440_27177360,medium_rotor,4,22017_6d3be48d,medium_rotor,0.949624,True
20440_27177360,medium_rotor,5,23374_57cca189,medium_rotor,0.949624,True
20440_27177360,medium_rotor,6,21424_9d516e3a,medium_rotor,0.949624,True
20440_27177360,medium_rotor,7,22630_b6010fff,medium_rotor,0.949554,True
20440_27177360,medium_rotor,8,21164_de08f61e,medium_rotor,0.949451,True
20440_27177360,medium_rotor,9,20431_0088a0dd,medium_rotor,0.949245,True
20440_27177360,medium_rotor,10,20421_38b63ca5,medium_rotor,0.9476,True
20554_abcb705e,medium_rotor,1,21275_c8049742,medium_rotor,1.0,True
20554_abcb705e,medium_rotor,2,22729_232da678,medium_rotor,1.0,True
20554_abcb705e,medium_rotor,3,22011_0832eefe,medium_rotor,1.0,True
20554_abcb705e,medium_rotor,4,22534_e899f645,medium_rotor,1.0,True
20554_abcb705e,medium_rotor,5,20349_a12428da,medium_rotor,0.999998,True
20554_abcb705e,medium_rotor,6,22440_014f1bac,medium_rotor,0.999986,True
20554_abcb705e,medium_rotor,7,22666_bdaa1303,medium_rotor,0.999985,True
20554_abcb705e,medium_rotor,8,23466_1cf60d09,medium_rotor,0.999963,True
20554_abcb705e,medium_rotor,9,23363_60e39812,medium_rotor,0.999955,True
20554_abcb705e,medium_rotor,10,22199_8ec9eeb2,medium_rotor,0.999951,True
22135_2aa77ff2,simple_rotor,1,20951_2918f2fa,simple_rotor,1.0,True
22135_2aa77ff2,simple_rotor,2,20241_8c0d3f83,simple_rotor,1.0,True
22135_2aa77ff2,simple_rotor,3,20241_ccb70dc8,simple_rotor,1.0,True
22135_2aa77ff2,simple_rotor,4,21776_fb0bfbc6,simple_rotor,1.0,True
22135_2aa77ff2,simple_rotor,5,21451_fea6f0d1,simple_rotor,1.0,True
22135_2aa77ff2,simple_rotor,6,21911_429c1a72,simple_rotor,0.997589,True
22135_2aa77ff2,simple_rotor,7,21994_357aac6f,simple_rotor,0.996026,True
22135_2aa77ff2,simple_rotor,8,22377_d490f505,simple_rotor,0.994606,True
22135_2aa77ff2,simple_rotor,9,20756_75f43564,simple_rotor,0.994606,True
22135_2aa77ff2,simple_rotor,10,20802_802b7d69,simple_rotor,0.994606,True
21204_96d26a7f,high_complexity_rotor,1,23309_76dcf100,high_complexity_rotor,1.0,True
21204_96d26a7f,high_complexity_rotor,2,20737_5249e274,high_complexity_rotor,0.999996,True
21204_96d26a7f,high_complexity_rotor,3,23467_9f431540,high_complexity_rotor,0.999981,True
21204_96d26a7f,high_complexity_rotor,4,21805_2ba39d00,high_complexity_rotor,0.999981,True
21204_96d26a7f,high_complexity_rotor,5,21511_d07c59c2,high_complexity_rotor,0.999918,True
21204_96d26a7f,high_complexity_rotor,6,23233_ac09e2e5,high_complexity_rotor,0.999879,True
21204_96d26a7f,high_complexity_rotor,7,22894_5f7c276d,high_complexity_rotor,0.999837,True
21204_96d26a7f,high_complexity_rotor,8,21709_4dd88551,high_complexity_rotor,0.999802,True
21204_96d26a7f,high_complexity_rotor,9,23258_87a2ba81,high_complexity_rotor,0.999788,True
21204_96d26a7f,high_complexity_rotor,10,21697_06656699,high_complexity_rotor,0.999676,True
22259_613f9d44,symmetric_rotor,1,21490_d07ff9f8,symmetric_rotor,0.999999,True
22259_613f9d44,symmetric_rotor,2,7780_6c885e81,symmetric_rotor,0.999982,True
22259_613f9d44,symmetric_rotor,3,23320_e0711ae9,symmetric_rotor,0.999978,True
22259_613f9d44,symmetric_rotor,4,23221_42f37ae3,symmetric_rotor,0.999918,True
22259_613f9d44,symmetric_rotor,5,20609_69f28932,symmetric_rotor,0.999918,True
22259_613f9d44,symmetric_rotor,6,22706_58a933f4,symmetric_rotor,0.999911,True
22259_613f9d44,symmetric_rotor,7,22399_97987ada,symmetric_rotor,0.999836,True
22259_613f9d44,symmetric_rotor,8,21386_e234c6b6,symmetric_rotor,0.999835,True
22259_613f9d44,symmetric_rotor,9,23127_38d73061,symmetric_rotor,0.999832,True
22259_613f9d44,symmetric_rotor,10,22678_ff42f120,symmetric_rotor,0.999832,True
20520_7e357152,medium_rotor,1,20389_c835706f,medium_rotor,1.0,True
20520_7e357152,medium_rotor,2,20229_d1ae2ae3,medium_rotor,0.95,True
20520_7e357152,medium_rotor,3,22710_77324fc2,medium_rotor,0.95,True
20520_7e357152,medium_rotor,4,23308_245d257c,medium_rotor,0.95,True
20520_7e357152,medium_rotor,5,23417_9a9e9937,medium_rotor,0.95,True
20520_7e357152,medium_rotor,6,23036_7f9d143f,medium_rotor,0.95,True
20520_7e357152,medium_rotor,7,20743_c8ea8159,medium_rotor,0.95,True
20520_7e357152,medium_rotor,8,23045_a8c4e4bc,medium_rotor,0.95,True
20520_7e357152,medium_rotor,9,23121_cbdf3ebc,medium_rotor,0.95,True
20520_7e357152,medium_rotor,10,23008_3d1bb7b2,medium_rotor,0.95,True
20802_802b7d69,simple_rotor,1,22377_d490f505,simple_rotor,1.0,True
20802_802b7d69,simple_rotor,2,20994_9c88b1ba,simple_rotor,1.0,True
20802_802b7d69,simple_rotor,3,20756_75f43564,simple_rotor,1.0,True
20802_802b7d69,simple_rotor,4,22374_aa5bb54d,simple_rotor,1.0,True
20802_802b7d69,simple_rotor,5,20332_0c2a24aa,simple_rotor,1.0,True
20802_802b7d69,simple_rotor,6,20803_473c87ac,simple_rotor,1.0,True
20802_802b7d69,simple_rotor,7,22053_de30641b,simple_rotor,0.999935,True
20802_802b7d69,simple_rotor,8,21994_357aac6f,simple_rotor,0.999891,True
20802_802b7d69,simple_rotor,9,23321_c9497b79,simple_rotor,0.999789,True
20802_802b7d69,simple_rotor,10,21015_10304cb9,simple_rotor,0.999789,True
20392_8b23d193,simple_rotor,1,22671_fdd1b1e6,simple_rotor,1.0,True
20392_8b23d193,simple_rotor,2,21865_c190b734,simple_rotor,1.0,True
20392_8b23d193,simple_rotor,3,23351_6104d55d,simple_rotor,1.0,True
20392_8b23d193,simple_rotor,4,22746_920025a0,simple_rotor,1.0,True
20392_8b23d193,simple_rotor,5,21243_3ec5d732,simple_rotor,1.0,True
20392_8b23d193,simple_rotor,6,20342_c140780b,simple_rotor,1.0,True
20392_8b23d193,simple_rotor,7,23387_c4aa9424,simple_rotor,1.0,True
20392_8b23d193,simple_rotor,8,21793_4ad5e2c0,simple_rotor,1.0,True
20392_8b23d193,simple_rotor,9,23163_7b143a6f,simple_rotor,1.0,True
20392_8b23d193,simple_rotor,10,23403_e539620b,simple_rotor,1.0,True
22178_976d2411,simple_rotor,1,22671_fdd1b1e6,simple_rotor,1.0,True
22178_976d2411,simple_rotor,2,21865_c190b734,simple_rotor,1.0,True
22178_976d2411,simple_rotor,3,23351_6104d55d,simple_rotor,1.0,True
22178_976d2411,simple_rotor,4,22746_920025a0,simple_rotor,1.0,True
22178_976d2411,simple_rotor,5,21243_3ec5d732,simple_rotor,1.0,True
22178_976d2411,simple_rotor,6,20342_c140780b,simple_rotor,1.0,True
22178_976d2411,simple_rotor,7,23387_c4aa9424,simple_rotor,1.0,True
22178_976d2411,simple_rotor,8,21793_4ad5e2c0,simple_rotor,1.0,True
22178_976d2411,simple_rotor,9,23163_7b143a6f,simple_rotor,1.0,True
22178_976d2411,simple_rotor,10,23403_e539620b,simple_rotor,1.0,True
22710_77324fc2,medium_rotor,1,23213_3df3cb34,medium_rotor,1.0,True
22710_77324fc2,medium_rotor,2,22383_e5f707a7,medium_rotor,1.0,True
22710_77324fc2,medium_rotor,3,22852_dc1dbed6,medium_rotor,1.0,True
22710_77324fc2,medium_rotor,4,20322_daa5c577,medium_rotor,1.0,True
22710_77324fc2,medium_rotor,5,22577_cd96733e,medium_rotor,1.0,True
22710_77324fc2,medium_rotor,6,21974_1997ebc3,medium_rotor,1.0,True
22710_77324fc2,medium_rotor,7,21594_428d32af,medium_rotor,1.0,True
22710_77324fc2,medium_rotor,8,23480_3f7a8d50,medium_rotor,1.0,True
22710_77324fc2,medium_rotor,9,21091_bbf490e7,medium_rotor,1.0,True
22710_77324fc2,medium_rotor,10,20322_5a8c6077,medium_rotor,1.0,True
20245_f1b25d43,high_complexity_rotor,1,23154_7c74d190,high_complexity_rotor,0.999886,True
20245_f1b25d43,high_complexity_rotor,2,21924_bbd9f7a9,high_complexity_rotor,0.999497,True
20245_f1b25d43,high_complexity_rotor,3,22428_c1ffa51a,high_complexity_rotor,0.997283,True
20245_f1b25d43,high_complexity_rotor,4,23378_8d6426ae,high_complexity_rotor,0.997074,True
20245_f1b25d43,high_complexity_rotor,5,21300_ec7da33e,high_complexity_rotor,0.996175,True
20245_f1b25d43,high_complexity_rotor,6,23310_7daded69,high_complexity_rotor,0.995938,True
20245_f1b25d43,high_complexity_rotor,7,23168_7fdf5427,high_complexity_rotor,0.995403,True
20245_f1b25d43,high_complexity_rotor,8,23217_7c6062e3,high_complexity_rotor,0.994706,True
20245_f1b25d43,high_complexity_rotor,9,20745_3e22ad07,high_complexity_rotor,0.994706,True
20245_f1b25d43,high_complexity_rotor,10,23377_690165aa,high_complexity_rotor,0.994542,True
22617_a286f13c,medium_rotor,1,23213_3df3cb34,medium_rotor,1.0,True
22617_a286f13c,medium_rotor,2,22383_e5f707a7,medium_rotor,1.0,True
22617_a286f13c,medium_rotor,3,22852_dc1dbed6,medium_rotor,1.0,True
22617_a286f13c,medium_rotor,4,20322_daa5c577,medium_rotor,1.0,True
22617_a286f13c,medium_rotor,5,22577_cd96733e,medium_rotor,1.0,True
22617_a286f13c,medium_rotor,6,21974_1997ebc3,medium_rotor,1.0,True
22617_a286f13c,medium_rotor,7,21594_428d32af,medium_rotor,1.0,True
22617_a286f13c,medium_rotor,8,23480_3f7a8d50,medium_rotor,1.0,True
22617_a286f13c,medium_rotor,9,21091_bbf490e7,medium_rotor,1.0,True
22617_a286f13c,medium_rotor,10,20322_5a8c6077,medium_rotor,1.0,True
23233_ac09e2e5,high_complexity_rotor,1,21709_4dd88551,high_complexity_rotor,0.999981,True
23233_ac09e2e5,high_complexity_rotor,2,23258_87a2ba81,high_complexity_rotor,0.999933,True
23233_ac09e2e5,high_complexity_rotor,3,21697_06656699,high_complexity_rotor,0.999927,True
23233_ac09e2e5,high_complexity_rotor,4,20279_aed6b3b3,high_complexity_rotor,0.999893,True
23233_ac09e2e5,high_complexity_rotor,5,21204_96d26a7f,high_complexity_rotor,0.999879,True
23233_ac09e2e5,high_complexity_rotor,6,23309_76dcf100,high_complexity_rotor,0.999879,True
23233_ac09e2e5,high_complexity_rotor,7,20737_5249e274,high_complexity_rotor,0.999848,True
23233_ac09e2e5,high_complexity_rotor,8,23467_9f431540,high_complexity_rotor,0.999774,True
23233_ac09e2e5,high_complexity_rotor,9,21805_2ba39d00,high_complexity_rotor,0.999774,True
23233_ac09e2e5,high_complexity_rotor,10,21511_d07c59c2,high_complexity_rotor,0.999611,True
21469_abec26c4,simple_rotor,1,20478_c02790cb,simple_rotor,1.0,True
21469_abec26c4,simple_rotor,2,22133_465d7a91,simple_rotor,1.0,True
21469_abec26c4,simple_rotor,3,22073_951645ae,simple_rotor,1.0,True
21469_abec26c4,simple_rotor,4,23265_07de6a0b,simple_rotor,1.0,True
21469_abec26c4,simple_rotor,5,20193_2da4f0a0,simple_rotor,1.0,True
21469_abec26c4,simple_rotor,6,21184_971559b6,simple_rotor,0.999863,True
21469_abec26c4,simple_rotor,7,20232_e5b060d9,simple_rotor,0.999806,True
21469_abec26c4,simple_rotor,8,21976_807c9b26,simple_rotor,0.99969,True
21469_abec26c4,simple_rotor,9,23342_7193a931,simple_rotor,0.999606,True
21469_abec26c4,simple_rotor,10,22270_c6999138,simple_rotor,0.999594,True
22413_901f5867,complex_assembly,1,23195_2629864e,complex_assembly,0.999999,True
22413_901f5867,complex_assembly,2,20701_6dcbc975,high_complexity_rotor,0.999797,False
22413_901f5867,complex_assembly,3,19051_26735260,high_complexity_rotor,0.999771,False
22413_901f5867,complex_assembly,4,22535_0ba01cc9,complex_assembly,0.999758,True
22413_901f5867,complex_assembly,5,20952_b8a54213,complex_assembly,0.999642,True
22413_901f5867,complex_assembly,6,22533_e7298b05,complex_assembly,0.999642,True
22413_901f5867,complex_assembly,7,21545_4384f96e,complex_assembly,0.999457,True
22413_901f5867,complex_assembly,8,21582_a3d32115,complex_assembly,0.999412,True
22413_901f5867,complex_assembly,9,22430_c6f08b03,complex_assembly,0.999406,True
22413_901f5867,complex_assembly,10,23235_f9ccb8b0,complex_assembly,0.999338,True
22061_b50b6b66,medium_rotor,1,20285_b64b1a7e,medium_rotor,1.0,True
22061_b50b6b66,medium_rotor,2,21695_1f33863f,medium_rotor,0.999994,True
22061_b50b6b66,medium_rotor,3,22218_2f85f6ae,medium_rotor,0.99998,True
22061_b50b6b66,medium_rotor,4,23323_075a079e,medium_rotor,0.999946,True
22061_b50b6b66,medium_rotor,5,21625_d5d4c9a7,medium_rotor,0.999934,True
22061_b50b6b66,medium_rotor,6,21185_ac5324ba,medium_rotor,0.999929,True
22061_b50b6b66,medium_rotor,7,21737_87d83240,medium_rotor,0.999594,True
22061_b50b6b66,medium_rotor,8,22224_1e749c32,medium_rotor,0.999257,True
22061_b50b6b66,medium_rotor,9,20504_c9e14c9d,medium_rotor,0.996461,True
22061_b50b6b66,medium_rotor,10,20421_83f66ddc,medium_rotor,0.995655,True
23475_b14d1dc8,medium_rotor,1,23213_3df3cb34,medium_rotor,1.0,True
23475_b14d1dc8,medium_rotor,2,22383_e5f707a7,medium_rotor,1.0,True
23475_b14d1dc8,medium_rotor,3,22852_dc1dbed6,medium_rotor,1.0,True
23475_b14d1dc8,medium_rotor,4,20322_daa5c577,medium_rotor,1.0,True
23475_b14d1dc8,medium_rotor,5,22577_cd96733e,medium_rotor,1.0,True
23475_b14d1dc8,medium_rotor,6,21974_1997ebc3,medium_rotor,1.0,True
23475_b14d1dc8,medium_rotor,7,21594_428d32af,medium_rotor,1.0,True
23475_b14d1dc8,medium_rotor,8,23480_3f7a8d50,medium_rotor,1.0,True
23475_b14d1dc8,medium_rotor,9,21091_bbf490e7,medium_rotor,1.0,True
23475_b14d1dc8,medium_rotor,10,20322_5a8c6077,medium_rotor,1.0,True
20787_ed64ff5e,complex_assembly,1,21244_d67bbabc,complex_assembly,0.999984,True
20787_ed64ff5e,complex_assembly,2,22581_406c16c4,complex_assembly,0.999983,True
20787_ed64ff5e,complex_assembly,3,20165_2b088be5,high_complexity_rotor,0.9999,False
20787_ed64ff5e,complex_assembly,4,22670_9353c710,complex_assembly,0.9999,True
20787_ed64ff5e,complex_assembly,5,22298_51433023,complex_assembly,0.999689,True
20787_ed64ff5e,complex_assembly,6,21236_b696e901,complex_assembly,0.999674,True
20787_ed64ff5e,complex_assembly,7,21986_67c5509a,complex_assembly,0.99967,True
20787_ed64ff5e,complex_assembly,8,21421_fb12b69b,complex_assembly,0.999606,True
20787_ed64ff5e,complex_assembly,9,23235_f9ccb8b0,complex_assembly,0.999473,True
20787_ed64ff5e,complex_assembly,10,23282_a1b17daa,complex_assembly,0.999411,True
20746_57a7b346,high_complexity_rotor,1,23495_6366269c,high_complexity_rotor,0.999951,True
20746_57a7b346,high_complexity_rotor,2,20765_99d0665e,high_complexity_rotor,0.998911,True
20746_57a7b346,high_complexity_rotor,3,20500_e88d8065,high_complexity_rotor,0.998911,True
20746_57a7b346,high_complexity_rotor,4,23002_4d53fb3f,high_complexity_rotor,0.998911,True
20746_57a7b346,high_complexity_rotor,5,21063_037107dc,high_complexity_rotor,0.998911,True
20746_57a7b346,high_complexity_rotor,6,23251_3eb3d2e6,high_complexity_rotor,0.998911,True
20746_57a7b346,high_complexity_rotor,7,22402_a62e84b4,high_complexity_rotor,0.998911,True
20746_57a7b346,high_complexity_rotor,8,21450_ea24ffcc,high_complexity_rotor,0.998911,True
20746_57a7b346,high_complexity_rotor,9,22405_20f11d58,high_complexity_rotor,0.998911,True
20746_57a7b346,high_complexity_rotor,10,22910_97f0cc18,high_complexity_rotor,0.998911,True
23219_40625e2c,simple_rotor,1,23244_34b5f55e,simple_rotor,0.999447,True
23219_40625e2c,simple_rotor,2,23210_f535bfd2,simple_rotor,0.998598,True
23219_40625e2c,simple_rotor,3,23236_d5867507,simple_rotor,0.998598,True
23219_40625e2c,simple_rotor,4,23218_02d26ab4,simple_rotor,0.99848,True
23219_40625e2c,simple_rotor,5,23209_1592b0a4,simple_rotor,0.997377,True
23219_40625e2c,simple_rotor,6,23211_3aac9c7e,simple_rotor,0.992926,True
23219_40625e2c,simple_rotor,7,22270_c6999138,simple_rotor,0.949989,True
23219_40625e2c,simple_rotor,8,22043_041e1b7c,simple_rotor,0.949989,True
23219_40625e2c,simple_rotor,9,20646_4cd14a72,simple_rotor,0.949977,True
23219_40625e2c,simple_rotor,10,21326_ab4d6c43,simple_rotor,0.949977,True
22311_553b3456,symmetric_rotor,1,22057_4947db57,symmetric_rotor,1.0,True
22311_553b3456,symmetric_rotor,2,20682_e208cc63,symmetric_rotor,1.0,True
22311_553b3456,symmetric_rotor,3,22762_dcbdd14d,symmetric_rotor,1.0,True
22311_553b3456,symmetric_rotor,4,22892_68138f24,symmetric_rotor,0.999999,True
22311_553b3456,symmetric_rotor,5,21961_1a090a8b,symmetric_rotor,0.999999,True
22311_553b3456,symmetric_rotor,6,22983_0ab3faaf,symmetric_rotor,0.999999,True
22311_553b3456,symmetric_rotor,7,22365_a4eb929c,symmetric_rotor,0.999999,True
22311_553b3456,symmetric_rotor,8,21248_0a862e3e,symmetric_rotor,0.999999,True
22311_553b3456,symmetric_rotor,9,20237_06b27bf5,symmetric_rotor,0.999999,True
22311_553b3456,symmetric_rotor,10,22155_ab18f2b6,symmetric_rotor,0.999999,True
22017_6d3be48d,medium_rotor,1,21424_9d516e3a,medium_rotor,1.0,True
22017_6d3be48d,medium_rotor,2,23305_2662b29a,medium_rotor,0.999962,True
22017_6d3be48d,medium_rotor,3,21621_711e1918,medium_rotor,0.999851,True
22017_6d3be48d,medium_rotor,4,21858_f1409ea2,medium_rotor,0.999624,True
22017_6d3be48d,medium_rotor,5,23028_2ca87745,medium_rotor,0.998828,True
22017_6d3be48d,medium_rotor,6,22082_39503fa6,medium_rotor,0.998454,True
22017_6d3be48d,medium_rotor,7,22630_b6010fff,medium_rotor,0.998361,True
22017_6d3be48d,medium_rotor,8,22035_101c7ab4,medium_rotor,0.998288,True
22017_6d3be48d,medium_rotor,9,20431_0088a0dd,medium_rotor,0.997804,True
22017_6d3be48d,medium_rotor,10,20163_3742f394,medium_rotor,0.997268,True
21091_bbf490e7,medium_rotor,1,23213_3df3cb34,medium_rotor,1.0,True
21091_bbf490e7,medium_rotor,2,22383_e5f707a7,medium_rotor,1.0,True
21091_bbf490e7,medium_rotor,3,22852_dc1dbed6,medium_rotor,1.0,True
21091_bbf490e7,medium_rotor,4,20322_daa5c577,medium_rotor,1.0,True
21091_bbf490e7,medium_rotor,5,22577_cd96733e,medium_rotor,1.0,True
21091_bbf490e7,medium_rotor,6,21974_1997ebc3,medium_rotor,1.0,True
21091_bbf490e7,medium_rotor,7,21594_428d32af,medium_rotor,1.0,True
21091_bbf490e7,medium_rotor,8,23480_3f7a8d50,medium_rotor,1.0,True
21091_bbf490e7,medium_rotor,9,20322_5a8c6077,medium_rotor,1.0,True
21091_bbf490e7,medium_rotor,10,23417_9a9e9937,medium_rotor,1.0,True
23480_3f7a8d50,medium_rotor,1,23213_3df3cb34,medium_rotor,1.0,True
23480_3f7a8d50,medium_rotor,2,22383_e5f707a7,medium_rotor,1.0,True
23480_3f7a8d50,medium_rotor,3,22852_dc1dbed6,medium_rotor,1.0,True
23480_3f7a8d50,medium_rotor,4,20322_daa5c577,medium_rotor,1.0,True
23480_3f7a8d50,medium_rotor,5,22577_cd96733e,medium_rotor,1.0,True
23480_3f7a8d50,medium_rotor,6,21974_1997ebc3,medium_rotor,1.0,True
23480_3f7a8d50,medium_rotor,7,21594_428d32af,medium_rotor,1.0,True
23480_3f7a8d50,medium_rotor,8,20322_5a8c6077,medium_rotor,1.0,True
23480_3f7a8d50,medium_rotor,9,21091_bbf490e7,medium_rotor,1.0,True
23480_3f7a8d50,medium_rotor,10,23417_9a9e9937,medium_rotor,1.0,True
20814_5a2be0fb,simple_rotor,1,20940_9777847c,simple_rotor,0.996422,True
20814_5a2be0fb,simple_rotor,2,19518_f220b68a,simple_rotor,0.994885,True
20814_5a2be0fb,simple_rotor,3,21422_b2a6bf27,simple_rotor,0.994606,True
20814_5a2be0fb,simple_rotor,4,23039_b3d04774,simple_rotor,0.986267,True
20814_5a2be0fb,simple_rotor,5,22981_93f268ae,simple_rotor,0.984104,True
20814_5a2be0fb,simple_rotor,6,23194_b675acc0,simple_rotor,0.983136,True
20814_5a2be0fb,simple_rotor,7,22377_d490f505,simple_rotor,0.95,True
20814_5a2be0fb,simple_rotor,8,22374_aa5bb54d,simple_rotor,0.95,True
20814_5a2be0fb,simple_rotor,9,20756_75f43564,simple_rotor,0.95,True
20814_5a2be0fb,simple_rotor,10,20994_9c88b1ba,simple_rotor,0.95,True
22654_4c426b0f,symmetric_rotor,1,22095_af226cbc,symmetric_rotor,0.999984,True
22654_4c426b0f,symmetric_rotor,2,23127_38d73061,symmetric_rotor,0.999919,True
22654_4c426b0f,symmetric_rotor,3,22638_37f9fe91,symmetric_rotor,0.999903,True
22654_4c426b0f,symmetric_rotor,4,22414_14ead4a3,symmetric_rotor,0.999838,True
22654_4c426b0f,symmetric_rotor,5,23468_a0bfb573,symmetric_rotor,0.999801,True
22654_4c426b0f,symmetric_rotor,6,23221_42f37ae3,symmetric_rotor,0.999773,True
22654_4c426b0f,symmetric_rotor,7,7780_6c885e81,symmetric_rotor,0.999685,True
22654_4c426b0f,symmetric_rotor,8,21836_5bc91e49,symmetric_rotor,0.999549,True
22654_4c426b0f,symmetric_rotor,9,22259_613f9d44,symmetric_rotor,0.999521,True
22654_4c426b0f,symmetric_rotor,10,21490_d07ff9f8,symmetric_rotor,0.99951,True
21594_428d32af,medium_rotor,1,23213_3df3cb34,medium_rotor,1.0,True
21594_428d32af,medium_rotor,2,22383_e5f707a7,medium_rotor,1.0,True
21594_428d32af,medium_rotor,3,22852_dc1dbed6,medium_rotor,1.0,True
21594_428d32af,medium_rotor,4,20322_daa5c577,medium_rotor,1.0,True
21594_428d32af,medium_rotor,5,22577_cd96733e,medium_rotor,1.0,True
21594_428d32af,medium_rotor,6,21974_1997ebc3,medium_rotor,1.0,True
21594_428d32af,medium_rotor,7,20322_5a8c6077,medium_rotor,1.0,True
21594_428d32af,medium_rotor,8,23480_3f7a8d50,medium_rotor,1.0,True
21594_428d32af,medium_rotor,9,21091_bbf490e7,medium_rotor,1.0,True
21594_428d32af,medium_rotor,10,23417_9a9e9937,medium_rotor,1.0,True
22270_c6999138,simple_rotor,1,22043_041e1b7c,simple_rotor,1.0,True
22270_c6999138,simple_rotor,2,21976_807c9b26,simple_rotor,0.999994,True
22270_c6999138,simple_rotor,3,20646_4cd14a72,simple_rotor,0.999934,True
22270_c6999138,simple_rotor,4,21326_ab4d6c43,simple_rotor,0.999934,True
22270_c6999138,simple_rotor,5,20647_cea2e07c,simple_rotor,0.999934,True
22270_c6999138,simple_rotor,6,21184_971559b6,simple_rotor,0.999929,True
22270_c6999138,simple_rotor,7,22180_ce7c3bd8,simple_rotor,0.999767,True
22270_c6999138,simple_rotor,8,20478_c02790cb,simple_rotor,0.999594,True
22270_c6999138,simple_rotor,9,22133_465d7a91,simple_rotor,0.999594,True
22270_c6999138,simple_rotor,10,22073_951645ae,simple_rotor,0.999594,True
21062_c4ed6d45,simple_rotor,1,22671_fdd1b1e6,simple_rotor,1.0,True
21062_c4ed6d45,simple_rotor,2,21865_c190b734,simple_rotor,1.0,True
21062_c4ed6d45,simple_rotor,3,23351_6104d55d,simple_rotor,1.0,True
21062_c4ed6d45,simple_rotor,4,22746_920025a0,simple_rotor,1.0,True
21062_c4ed6d45,simple_rotor,5,21243_3ec5d732,simple_rotor,1.0,True
21062_c4ed6d45,simple_rotor,6,20342_c140780b,simple_rotor,1.0,True
21062_c4ed6d45,simple_rotor,7,23387_c4aa9424,simple_rotor,1.0,True
21062_c4ed6d45,simple_rotor,8,21793_4ad5e2c0,simple_rotor,1.0,True
21062_c4ed6d45,simple_rotor,9,23163_7b143a6f,simple_rotor,1.0,True
21062_c4ed6d45,simple_rotor,10,23403_e539620b,simple_rotor,1.0,True
21816_3891a442,medium_rotor,1,22323_aa6edb8b,medium_rotor,0.99998,True
21816_3891a442,medium_rotor,2,22045_ead71aca,medium_rotor,0.99994,True
21816_3891a442,medium_rotor,3,20779_fc5a7c3d,medium_rotor,0.99994,True
21816_3891a442,medium_rotor,4,22072_5163223a,medium_rotor,0.999733,True
21816_3891a442,medium_rotor,5,20319_9f53cd7c,medium_rotor,0.999511,True
21816_3891a442,medium_rotor,6,23176_1bf2a2d5,medium_rotor,0.999375,True
21816_3891a442,medium_rotor,7,20182_71b9e491,medium_rotor,0.999137,True
21816_3891a442,medium_rotor,8,20215_e2eb3082,medium_rotor,0.999137,True
21816_3891a442,medium_rotor,9,21601_360ce1c7,medium_rotor,0.999137,True
21816_3891a442,medium_rotor,10,22919_3ee91d1a,medium_rotor,0.99896,True
21912_3f74887c,medium_rotor,1,21528_a5d5490f,medium_rotor,1.0,True
21912_3f74887c,medium_rotor,2,22126_e1cca10f,medium_rotor,1.0,True
21912_3f74887c,medium_rotor,3,21009_907a2a95,medium_rotor,1.0,True
21912_3f74887c,medium_rotor,4,22199_8ec9eeb2,medium_rotor,0.999999,True
21912_3f74887c,medium_rotor,5,22776_facf9bcf,medium_rotor,0.999999,True
21912_3f74887c,medium_rotor,6,23363_60e39812,medium_rotor,0.999999,True
21912_3f74887c,medium_rotor,7,23493_57512264,medium_rotor,0.999998,True
21912_3f74887c,medium_rotor,8,22002_315afcfc,medium_rotor,0.999998,True
21912_3f74887c,medium_rotor,9,23466_1cf60d09,medium_rotor,0.999997,True
21912_3f74887c,medium_rotor,10,22461_0ba0e480,medium_rotor,0.999991,True
22577_cd96733e,medium_rotor,1,23213_3df3cb34,medium_rotor,1.0,True
22577_cd96733e,medium_rotor,2,22383_e5f707a7,medium_rotor,1.0,True
22577_cd96733e,medium_rotor,3,22852_dc1dbed6,medium_rotor,1.0,True
22577_cd96733e,medium_rotor,4,20322_daa5c577,medium_rotor,1.0,True
22577_cd96733e,medium_rotor,5,21974_1997ebc3,medium_rotor,1.0,True
22577_cd96733e,medium_rotor,6,20322_5a8c6077,medium_rotor,1.0,True
22577_cd96733e,medium_rotor,7,21594_428d32af,medium_rotor,1.0,True
22577_cd96733e,medium_rotor,8,23480_3f7a8d50,medium_rotor,1.0,True
22577_cd96733e,medium_rotor,9,21091_bbf490e7,medium_rotor,1.0,True
22577_cd96733e,medium_rotor,10,23417_9a9e9937,medium_rotor,1.0,True
21590_7d092186,medium_rotor,1,22085_e039a7d3,medium_rotor,0.99999,True
21590_7d092186,medium_rotor,2,20278_d442e77d,medium_rotor,0.999281,True
21590_7d092186,medium_rotor,3,21202_e452c491,medium_rotor,0.998987,True
21590_7d092186,medium_rotor,4,23322_8f85d82d,medium_rotor,0.99892,True
21590_7d092186,medium_rotor,5,20281_a29f9a18,medium_rotor,0.998695,True
21590_7d092186,medium_rotor,6,23044_9a964a68,medium_rotor,0.99861,True
21590_7d092186,medium_rotor,7,23373_f5dac851,medium_rotor,0.998128,True
21590_7d092186,medium_rotor,8,22059_b7d76712,medium_rotor,0.998128,True
21590_7d092186,medium_rotor,9,21224_18ba4aba,medium_rotor,0.997694,True
21590_7d092186,medium_rotor,10,23451_14c8d09e,medium_rotor,0.997516,True
21647_6b6cca6f,complex_assembly,1,22717_08784417,complex_assembly,0.998043,True
21647_6b6cca6f,complex_assembly,2,23419_ea47995f,complex_assembly,0.996787,True
21647_6b6cca6f,complex_assembly,3,22028_776fbf0d,complex_assembly,0.996739,True
21647_6b6cca6f,complex_assembly,4,22306_c3dca308,complex_assembly,0.995614,True
21647_6b6cca6f,complex_assembly,5,22415_658c81dd,complex_assembly,0.994086,True
21647_6b6cca6f,complex_assembly,6,20546_87dbd755,complex_assembly,0.993932,True
21647_6b6cca6f,complex_assembly,7,22211_b1ee53f0,complex_assembly,0.993543,True
21647_6b6cca6f,complex_assembly,8,23273_8f301ce3,complex_assembly,0.992559,True
21647_6b6cca6f,complex_assembly,9,22065_0d414124,complex_assembly,0.991864,True
21647_6b6cca6f,complex_assembly,10,22652_dc7405ef,high_complexity_rotor,0.989028,False
20342_c140780b,simple_rotor,1,22671_fdd1b1e6,simple_rotor,1.0,True
20342_c140780b,simple_rotor,2,21865_c190b734,simple_rotor,1.0,True
20342_c140780b,simple_rotor,3,23351_6104d55d,simple_rotor,1.0,True
20342_c140780b,simple_rotor,4,22746_920025a0,simple_rotor,1.0,True
20342_c140780b,simple_rotor,5,22349_6f67a96e,simple_rotor,1.0,True
20342_c140780b,simple_rotor,6,21243_3ec5d732,simple_rotor,1.0,True
20342_c140780b,simple_rotor,7,23387_c4aa9424,simple_rotor,1.0,True
20342_c140780b,simple_rotor,8,21793_4ad5e2c0,simple_rotor,1.0,True
20342_c140780b,simple_rotor,9,23163_7b143a6f,simple_rotor,1.0,True
20342_c140780b,simple_rotor,10,23403_e539620b,simple_rotor,1.0,True
21982_bdafa78d,symmetric_rotor,1,22245_ca848576,symmetric_rotor,0.973763,True
21982_bdafa78d,symmetric_rotor,2,23468_a0bfb573,symmetric_rotor,0.97185,True
21982_bdafa78d,symmetric_rotor,3,22312_3f366a4a,symmetric_rotor,0.971475,True
21982_bdafa78d,symmetric_rotor,4,23170_6ea8ded5,symmetric_rotor,0.97114,True
21982_bdafa78d,symmetric_rotor,5,22761_ca309655,symmetric_rotor,0.970821,True
21982_bdafa78d,symmetric_rotor,6,21958_e48ddf4e,symmetric_rotor,0.970804,True
21982_bdafa78d,symmetric_rotor,7,22638_37f9fe91,symmetric_rotor,0.970033,True
21982_bdafa78d,symmetric_rotor,8,22141_5db99710,symmetric_rotor,0.969782,True
21982_bdafa78d,symmetric_rotor,9,22678_ff42f120,symmetric_rotor,0.969438,True
21982_bdafa78d,symmetric_rotor,10,21271_ec7f62b8,symmetric_rotor,0.969091,True
20232_e5b060d9,simple_rotor,1,23342_7193a931,simple_rotor,0.999965,True
20232_e5b060d9,simple_rotor,2,22073_951645ae,simple_rotor,0.999806,True
20232_e5b060d9,simple_rotor,3,22133_465d7a91,simple_rotor,0.999806,True
20232_e5b060d9,simple_rotor,4,21469_abec26c4,simple_rotor,0.999806,True
20232_e5b060d9,simple_rotor,5,20193_2da4f0a0,simple_rotor,0.999806,True
20232_e5b060d9,simple_rotor,6,23265_07de6a0b,simple_rotor,0.999806,True
20232_e5b060d9,simple_rotor,7,20478_c02790cb,simple_rotor,0.999806,True
20232_e5b060d9,simple_rotor,8,20495_e8e7e80c,simple_rotor,0.999576,True
20232_e5b060d9,simple_rotor,9,21184_971559b6,simple_rotor,0.999343,True
20232_e5b060d9,simple_rotor,10,21976_807c9b26,simple_rotor,0.999006,True
22852_dc1dbed6,medium_rotor,1,23213_3df3cb34,medium_rotor,1.0,True
22852_dc1dbed6,medium_rotor,2,22383_e5f707a7,medium_rotor,1.0,True
22852_dc1dbed6,medium_rotor,3,20322_daa5c577,medium_rotor,1.0,True
22852_dc1dbed6,medium_rotor,4,22577_cd96733e,medium_rotor,1.0,True
22852_dc1dbed6,medium_rotor,5,21974_1997ebc3,medium_rotor,1.0,True
22852_dc1dbed6,medium_rotor,6,20322_5a8c6077,medium_rotor,1.0,True
22852_dc1dbed6,medium_rotor,7,21594_428d32af,medium_rotor,1.0,True
22852_dc1dbed6,medium_rotor,8,23480_3f7a8d50,medium_rotor,1.0,True
22852_dc1dbed6,medium_rotor,9,21091_bbf490e7,medium_rotor,1.0,True
22852_dc1dbed6,medium_rotor,10,23417_9a9e9937,medium_rotor,1.0,True
22666_bdaa1303,medium_rotor,1,22440_014f1bac,medium_rotor,1.0,True
22666_bdaa1303,medium_rotor,2,23466_1cf60d09,medium_rotor,0.999995,True
22666_bdaa1303,medium_rotor,3,23363_60e39812,medium_rotor,0.999992,True
22666_bdaa1303,medium_rotor,4,22199_8ec9eeb2,medium_rotor,0.99999,True
22666_bdaa1303,medium_rotor,5,22126_e1cca10f,medium_rotor,0.999988,True
22666_bdaa1303,medium_rotor,6,20554_abcb705e,medium_rotor,0.999985,True
22666_bdaa1303,medium_rotor,7,22729_232da678,medium_rotor,0.999985,True
22666_bdaa1303,medium_rotor,8,21275_c8049742,medium_rotor,0.999985,True
22666_bdaa1303,medium_rotor,9,22011_0832eefe,medium_rotor,0.999985,True
22666_bdaa1303,medium_rotor,10,22534_e899f645,medium_rotor,0.999985,True
21977_ce9f4e71,high_complexity_rotor,1,21352_c1101acb,high_complexity_rotor,1.0,True
21977_ce9f4e71,high_complexity_rotor,2,21182_a480d230,high_complexity_rotor,0.999966,True
21977_ce9f4e71,high_complexity_rotor,3,22894_5f7c276d,high_complexity_rotor,0.999891,True
21977_ce9f4e71,high_complexity_rotor,4,20799_213bf924,high_complexity_rotor,0.999878,True
21977_ce9f4e71,high_complexity_rotor,5,22070_fd1b8e5e,high_complexity_rotor,0.999878,True
21977_ce9f4e71,high_complexity_rotor,6,21838_5bc448b4,high_complexity_rotor,0.999835,True
21977_ce9f4e71,high_complexity_rotor,7,21839_a8eb6d34,high_complexity_rotor,0.999832,True
21977_ce9f4e71,high_complexity_rotor,8,21081_72fa4ad1,high_complexity_rotor,0.999832,True
21977_ce9f4e71,high_complexity_rotor,9,21843_effbd24d,high_complexity_rotor,0.999832,True
21977_ce9f4e71,high_complexity_rotor,10,21511_d07c59c2,high_complexity_rotor,0.999827,True
22404_66db7dd7,complex_assembly,1,21244_24c3ce72,complex_assembly,0.999996,True
22404_66db7dd7,complex_assembly,2,23226_8d1b5098,complex_assembly,0.999976,True
22404_66db7dd7,complex_assembly,3,22056_79373464,complex_assembly,0.999891,True
22404_66db7dd7,complex_assembly,4,21352_d60bc953,complex_assembly,0.99948,True
22404_66db7dd7,complex_assembly,5,22430_c6f08b03,complex_assembly,0.999427,True
22404_66db7dd7,complex_assembly,6,22533_e7298b05,complex_assembly,0.999137,True
22404_66db7dd7,complex_assembly,7,20701_6dcbc975,high_complexity_rotor,0.998841,False
22404_66db7dd7,complex_assembly,8,21718_1551037b,complex_assembly,0.998653,True
22404_66db7dd7,complex_assembly,9,21580_b8b2571b,high_complexity_rotor,0.998264,False
22404_66db7dd7,complex_assembly,10,22413_901f5867,complex_assembly,0.997667,True
22374_aa5bb54d,simple_rotor,1,22377_d490f505,simple_rotor,1.0,True
22374_aa5bb54d,simple_rotor,2,20994_9c88b1ba,simple_rotor,1.0,True
22374_aa5bb54d,simple_rotor,3,20332_0c2a24aa,simple_rotor,1.0,True
22374_aa5bb54d,simple_rotor,4,20803_473c87ac,simple_rotor,1.0,True
22374_aa5bb54d,simple_rotor,5,20802_802b7d69,simple_rotor,1.0,True
22374_aa5bb54d,simple_rotor,6,20756_75f43564,simple_rotor,1.0,True
22374_aa5bb54d,simple_rotor,7,22053_de30641b,simple_rotor,0.999935,True
22374_aa5bb54d,simple_rotor,8,21994_357aac6f,simple_rotor,0.999891,True
22374_aa5bb54d,simple_rotor,9,23321_c9497b79,simple_rotor,0.999789,True
22374_aa5bb54d,simple_rotor,10,21015_10304cb9,simple_rotor,0.999789,True
22907_ff18dbd5,simple_rotor,1,21139_cd619b26,simple_rotor,1.0,True
22907_ff18dbd5,simple_rotor,2,23103_66470b7e,simple_rotor,1.0,True
22907_ff18dbd5,simple_rotor,3,23351_6104d55d,simple_rotor,1.0,True
22907_ff18dbd5,simple_rotor,4,22746_920025a0,simple_rotor,1.0,True
22907_ff18dbd5,simple_rotor,5,22349_6f67a96e,simple_rotor,1.0,True
22907_ff18dbd5,simple_rotor,6,21243_3ec5d732,simple_rotor,1.0,True
22907_ff18dbd5,simple_rotor,7,23387_c4aa9424,simple_rotor,1.0,True
22907_ff18dbd5,simple_rotor,8,21793_4ad5e2c0,simple_rotor,1.0,True
22907_ff18dbd5,simple_rotor,9,23163_7b143a6f,simple_rotor,1.0,True
22907_ff18dbd5,simple_rotor,10,23403_e539620b,simple_rotor,1.0,True
20801_0796e2ee,simple_rotor,1,21139_cd619b26,simple_rotor,1.0,True
20801_0796e2ee,simple_rotor,2,23103_66470b7e,simple_rotor,1.0,True
20801_0796e2ee,simple_rotor,3,23351_6104d55d,simple_rotor,1.0,True
20801_0796e2ee,simple_rotor,4,22746_920025a0,simple_rotor,1.0,True
20801_0796e2ee,simple_rotor,5,22349_6f67a96e,simple_rotor,1.0,True
20801_0796e2ee,simple_rotor,6,21243_3ec5d732,simple_rotor,1.0,True
20801_0796e2ee,simple_rotor,7,23387_c4aa9424,simple_rotor,1.0,True
20801_0796e2ee,simple_rotor,8,21793_4ad5e2c0,simple_rotor,1.0,True
20801_0796e2ee,simple_rotor,9,23163_7b143a6f,simple_rotor,1.0,True
20801_0796e2ee,simple_rotor,10,23403_e539620b,simple_rotor,1.0,True
22045_ead71aca,medium_rotor,1,20779_fc5a7c3d,medium_rotor,1.0,True
22045_ead71aca,medium_rotor,2,22323_aa6edb8b,medium_rotor,0.999989,True
22045_ead71aca,medium_rotor,3,21816_3891a442,medium_rotor,0.99994,True
22045_ead71aca,medium_rotor,4,22072_5163223a,medium_rotor,0.999926,True
22045_ead71aca,medium_rotor,5,20319_9f53cd7c,medium_rotor,0.999793,True
22045_ead71aca,medium_rotor,6,23176_1bf2a2d5,medium_rotor,0.999702,True
22045_ead71aca,medium_rotor,7,21601_360ce1c7,medium_rotor,0.999531,True
22045_ead71aca,medium_rotor,8,20182_71b9e491,medium_rotor,0.999531,True
22045_ead71aca,medium_rotor,9,20215_e2eb3082,medium_rotor,0.999531,True
22045_ead71aca,medium_rotor,10,22919_3ee91d1a,medium_rotor,0.999399,True
23339_87a4d11f,simple_rotor,1,21139_cd619b26,simple_rotor,1.0,True
23339_87a4d11f,simple_rotor,2,23103_66470b7e,simple_rotor,1.0,True
23339_87a4d11f,simple_rotor,3,23351_6104d55d,simple_rotor,1.0,True
23339_87a4d11f,simple_rotor,4,22746_920025a0,simple_rotor,1.0,True
23339_87a4d11f,simple_rotor,5,22349_6f67a96e,simple_rotor,1.0,True
23339_87a4d11f,simple_rotor,6,21243_3ec5d732,simple_rotor,1.0,True
23339_87a4d11f,simple_rotor,7,23387_c4aa9424,simple_rotor,1.0,True
23339_87a4d11f,simple_rotor,8,21793_4ad5e2c0,simple_rotor,1.0,True
23339_87a4d11f,simple_rotor,9,23163_7b143a6f,simple_rotor,1.0,True
23339_87a4d11f,simple_rotor,10,23403_e539620b,simple_rotor,1.0,True
22095_af226cbc,symmetric_rotor,1,22654_4c426b0f,symmetric_rotor,0.999984,True
22095_af226cbc,symmetric_rotor,2,23127_38d73061,symmetric_rotor,0.999927,True
22095_af226cbc,symmetric_rotor,3,22638_37f9fe91,symmetric_rotor,0.999848,True
22095_af226cbc,symmetric_rotor,4,22414_14ead4a3,symmetric_rotor,0.999822,True
22095_af226cbc,symmetric_rotor,5,23221_42f37ae3,symmetric_rotor,0.999821,True
22095_af226cbc,symmetric_rotor,6,23468_a0bfb573,symmetric_rotor,0.999737,True
22095_af226cbc,symmetric_rotor,7,7780_6c885e81,symmetric_rotor,0.999709,True
22095_af226cbc,symmetric_rotor,8,22259_613f9d44,symmetric_rotor,0.999545,True
22095_af226cbc,symmetric_rotor,9,21490_d07ff9f8,symmetric_rotor,0.999542,True
22095_af226cbc,symmetric_rotor,10,21836_5bc91e49,symmetric_rotor,0.999526,True
23442_28996649,simple_rotor,1,21139_cd619b26,simple_rotor,1.0,True
23442_28996649,simple_rotor,2,23103_66470b7e,simple_rotor,1.0,True
23442_28996649,simple_rotor,3,23351_6104d55d,simple_rotor,1.0,True
23442_28996649,simple_rotor,4,22746_920025a0,simple_rotor,1.0,True
23442_28996649,simple_rotor,5,22349_6f67a96e,simple_rotor,1.0,True
23442_28996649,simple_rotor,6,21243_3ec5d732,simple_rotor,1.0,True
23442_28996649,simple_rotor,7,23387_c4aa9424,simple_rotor,1.0,True
23442_28996649,simple_rotor,8,21793_4ad5e2c0,simple_rotor,1.0,True
23442_28996649,simple_rotor,9,23163_7b143a6f,simple_rotor,1.0,True
23442_28996649,simple_rotor,10,23403_e539620b,simple_rotor,1.0,True
23028_2ca87745,medium_rotor,1,22082_39503fa6,medium_rotor,0.999974,True
23028_2ca87745,medium_rotor,2,22035_101c7ab4,medium_rotor,0.999949,True
23028_2ca87745,medium_rotor,3,20163_3742f394,medium_rotor,0.999674,True
23028_2ca87745,medium_rotor,4,22017_6d3be48d,medium_rotor,0.998828,True
23028_2ca87745,medium_rotor,5,21424_9d516e3a,medium_rotor,0.998828,True
23028_2ca87745,medium_rotor,6,21008_a3fec63b,medium_rotor,0.998653,True
23028_2ca87745,medium_rotor,7,22021_520ec8c3,medium_rotor,0.998653,True
23028_2ca87745,medium_rotor,8,23305_2662b29a,medium_rotor,0.998369,True
23028_2ca87745,medium_rotor,9,21621_711e1918,medium_rotor,0.997843,True
23028_2ca87745,medium_rotor,10,21858_f1409ea2,medium_rotor,0.997127,True
21573_31a18ad0,simple_rotor,1,21139_cd619b26,simple_rotor,1.0,True
21573_31a18ad0,simple_rotor,2,23103_66470b7e,simple_rotor,1.0,True
21573_31a18ad0,simple_rotor,3,23351_6104d55d,simple_rotor,1.0,True
21573_31a18ad0,simple_rotor,4,22746_920025a0,simple_rotor,1.0,True
21573_31a18ad0,simple_rotor,5,22349_6f67a96e,simple_rotor,1.0,True
21573_31a18ad0,simple_rotor,6,21243_3ec5d732,simple_rotor,1.0,True
21573_31a18ad0,simple_rotor,7,23387_c4aa9424,simple_rotor,1.0,True
21573_31a18ad0,simple_rotor,8,21793_4ad5e2c0,simple_rotor,1.0,True
21573_31a18ad0,simple_rotor,9,23163_7b143a6f,simple_rotor,1.0,True
21573_31a18ad0,simple_rotor,10,23403_e539620b,simple_rotor,1.0,True
20592_573e41b2,medium_rotor,1,23213_3df3cb34,medium_rotor,1.0,True
20592_573e41b2,medium_rotor,2,21531_79015e13,medium_rotor,1.0,True
20592_573e41b2,medium_rotor,3,22852_dc1dbed6,medium_rotor,1.0,True
20592_573e41b2,medium_rotor,4,22577_cd96733e,medium_rotor,1.0,True
20592_573e41b2,medium_rotor,5,21974_1997ebc3,medium_rotor,1.0,True
20592_573e41b2,medium_rotor,6,20322_5a8c6077,medium_rotor,1.0,True
20592_573e41b2,medium_rotor,7,21594_428d32af,medium_rotor,1.0,True
20592_573e41b2,medium_rotor,8,23480_3f7a8d50,medium_rotor,1.0,True
20592_573e41b2,medium_rotor,9,21091_bbf490e7,medium_rotor,1.0,True
20592_573e41b2,medium_rotor,10,23417_9a9e9937,medium_rotor,1.0,True
22899_5b97e4f5,simple_rotor,1,21139_cd619b26,simple_rotor,1.0,True
22899_5b97e4f5,simple_rotor,2,23103_66470b7e,simple_rotor,1.0,True
22899_5b97e4f5,simple_rotor,3,23351_6104d55d,simple_rotor,1.0,True
22899_5b97e4f5,simple_rotor,4,22746_920025a0,simple_rotor,1.0,True
22899_5b97e4f5,simple_rotor,5,22349_6f67a96e,simple_rotor,1.0,True
22899_5b97e4f5,simple_rotor,6,21243_3ec5d732,simple_rotor,1.0,True
22899_5b97e4f5,simple_rotor,7,23387_c4aa9424,simple_rotor,1.0,True
22899_5b97e4f5,simple_rotor,8,21793_4ad5e2c0,simple_rotor,1.0,True
22899_5b97e4f5,simple_rotor,9,23163_7b143a6f,simple_rotor,1.0,True
22899_5b97e4f5,simple_rotor,10,23403_e539620b,simple_rotor,1.0,True
22062_2d6b3b72,medium_rotor,1,20421_83f66ddc,medium_rotor,0.999508,True
22062_2d6b3b72,medium_rotor,2,20504_c9e14c9d,medium_rotor,0.999182,True
22062_2d6b3b72,medium_rotor,3,21737_87d83240,medium_rotor,0.995383,True
22062_2d6b3b72,medium_rotor,4,21185_ac5324ba,medium_rotor,0.993657,True
22062_2d6b3b72,medium_rotor,5,23323_075a079e,medium_rotor,0.993486,True
22062_2d6b3b72,medium_rotor,6,22218_2f85f6ae,medium_rotor,0.993018,True
22062_2d6b3b72,medium_rotor,7,21695_1f33863f,medium_rotor,0.992686,True
22062_2d6b3b72,medium_rotor,8,22061_b50b6b66,medium_rotor,0.992247,True
22062_2d6b3b72,medium_rotor,9,20285_b64b1a7e,medium_rotor,0.992247,True
22062_2d6b3b72,medium_rotor,10,21625_d5d4c9a7,medium_rotor,0.990753,True
22040_6461a147,medium_rotor,1,23041_8d3ea25c,medium_rotor,1.0,True
22040_6461a147,medium_rotor,2,21529_93e51dd9,medium_rotor,1.0,True
22040_6461a147,medium_rotor,3,20141_b9376856,medium_rotor,0.999999,True
22040_6461a147,medium_rotor,4,23049_207a41f0,medium_rotor,0.999998,True
22040_6461a147,medium_rotor,5,23372_4cb88567,medium_rotor,0.999998,True
22040_6461a147,medium_rotor,6,22046_fe3bae6e,medium_rotor,0.999996,True
22040_6461a147,medium_rotor,7,22461_0ba0e480,medium_rotor,0.999977,True
22040_6461a147,medium_rotor,8,22092_897b0ffa,medium_rotor,0.999963,True
22040_6461a147,medium_rotor,9,23451_14c8d09e,medium_rotor,0.999963,True
22040_6461a147,medium_rotor,10,22612_28fe0ac2,medium_rotor,0.999963,True
20293_a1999339,high_complexity_rotor,1,21809_8bd6b10e,high_complexity_rotor,0.999981,True
20293_a1999339,high_complexity_rotor,2,21519_3e869afd,high_complexity_rotor,0.999977,True
20293_a1999339,high_complexity_rotor,3,21024_9be3d461,high_complexity_rotor,0.999934,True
20293_a1999339,high_complexity_rotor,4,21762_90d34d16,high_complexity_rotor,0.999667,True
20293_a1999339,high_complexity_rotor,5,21918_976c2754,high_complexity_rotor,0.999642,True
20293_a1999339,high_complexity_rotor,6,23123_f35404c4,complex_assembly,0.999411,False
20293_a1999339,high_complexity_rotor,7,23271_f833d903,complex_assembly,0.999351,False
20293_a1999339,high_complexity_rotor,8,21557_53eafe15,complex_assembly,0.999254,False
20293_a1999339,high_complexity_rotor,9,22491_a33562ad,complex_assembly,0.999201,False
20293_a1999339,high_complexity_rotor,10,22357_e2f7b060,complex_assembly,0.998973,False
22910_97f0cc18,high_complexity_rotor,1,23251_3eb3d2e6,high_complexity_rotor,1.0,True
22910_97f0cc18,high_complexity_rotor,2,22890_4ecfa491,high_complexity_rotor,1.0,True
22910_97f0cc18,high_complexity_rotor,3,22193_c8773ded,high_complexity_rotor,1.0,True
22910_97f0cc18,high_complexity_rotor,4,22900_09de4c7a,high_complexity_rotor,1.0,True
22910_97f0cc18,high_complexity_rotor,5,23083_fdb942ac,high_complexity_rotor,1.0,True
22910_97f0cc18,high_complexity_rotor,6,21450_ea24ffcc,high_complexity_rotor,1.0,True
22910_97f0cc18,high_complexity_rotor,7,21926_b4c7068b,high_complexity_rotor,1.0,True
22910_97f0cc18,high_complexity_rotor,8,23002_4d53fb3f,high_complexity_rotor,1.0,True
22910_97f0cc18,high_complexity_rotor,9,22528_f3370a64,high_complexity_rotor,1.0,True
22910_97f0cc18,high_complexity_rotor,10,22402_a62e84b4,high_complexity_rotor,1.0,True
20934_fe7fbd78,simple_rotor,1,21139_cd619b26,simple_rotor,1.0,True
20934_fe7fbd78,simple_rotor,2,23103_66470b7e,simple_rotor,1.0,True
20934_fe7fbd78,simple_rotor,3,23351_6104d55d,simple_rotor,1.0,True
20934_fe7fbd78,simple_rotor,4,22746_920025a0,simple_rotor,1.0,True
20934_fe7fbd78,simple_rotor,5,22349_6f67a96e,simple_rotor,1.0,True
20934_fe7fbd78,simple_rotor,6,21243_3ec5d732,simple_rotor,1.0,True
20934_fe7fbd78,simple_rotor,7,23387_c4aa9424,simple_rotor,1.0,True
20934_fe7fbd78,simple_rotor,8,21793_4ad5e2c0,simple_rotor,1.0,True
20934_fe7fbd78,simple_rotor,9,23163_7b143a6f,simple_rotor,1.0,True
20934_fe7fbd78,simple_rotor,10,23403_e539620b,simple_rotor,1.0,True
23379_636204a6,medium_rotor,1,23213_3df3cb34,medium_rotor,1.0,True
23379_636204a6,medium_rotor,2,21531_79015e13,medium_rotor,1.0,True
23379_636204a6,medium_rotor,3,22852_dc1dbed6,medium_rotor,1.0,True
23379_636204a6,medium_rotor,4,22577_cd96733e,medium_rotor,1.0,True
23379_636204a6,medium_rotor,5,21974_1997ebc3,medium_rotor,1.0,True
23379_636204a6,medium_rotor,6,20322_5a8c6077,medium_rotor,1.0,True
23379_636204a6,medium_rotor,7,21594_428d32af,medium_rotor,1.0,True
23379_636204a6,medium_rotor,8,23480_3f7a8d50,medium_rotor,1.0,True
23379_636204a6,medium_rotor,9,21091_bbf490e7,medium_rotor,1.0,True
23379_636204a6,medium_rotor,10,23417_9a9e9937,medium_rotor,1.0,True
20803_473c87ac,simple_rotor,1,22377_d490f505,simple_rotor,1.0,True
20803_473c87ac,simple_rotor,2,20802_802b7d69,simple_rotor,1.0,True
20803_473c87ac,simple_rotor,3,20332_0c2a24aa,simple_rotor,1.0,True
20803_473c87ac,simple_rotor,4,20756_75f43564,simple_rotor,1.0,True
20803_473c87ac,simple_rotor,5,22374_aa5bb54d,simple_rotor,1.0,True
20803_473c87ac,simple_rotor,6,20994_9c88b1ba,simple_rotor,1.0,True
20803_473c87ac,simple_rotor,7,22053_de30641b,simple_rotor,0.999935,True
20803_473c87ac,simple_rotor,8,21994_357aac6f,simple_rotor,0.999891,True
20803_473c87ac,simple_rotor,9,23321_c9497b79,simple_rotor,0.999789,True
20803_473c87ac,simple_rotor,10,21015_10304cb9,simple_rotor,0.999789,True
22323_aa6edb8b,medium_rotor,1,22045_ead71aca,medium_rotor,0.999989,True
22323_aa6edb8b,medium_rotor,2,20779_fc5a7c3d,medium_rotor,0.999989,True
22323_aa6edb8b,medium_rotor,3,21816_3891a442,medium_rotor,0.99998,True
22323_aa6edb8b,medium_rotor,4,22072_5163223a,medium_rotor,0.999859,True
22323_aa6edb8b,medium_rotor,5,20319_9f53cd7c,medium_rotor,0.999688,True
22323_aa6edb8b,medium_rotor,6,23176_1bf2a2d5,medium_rotor,0.999577,True
22323_aa6edb8b,medium_rotor,7,20182_71b9e491,medium_rotor,0.999379,True
22323_aa6edb8b,medium_rotor,8,21601_360ce1c7,medium_rotor,0.999379,True
22323_aa6edb8b,medium_rotor,9,20215_e2eb3082,medium_rotor,0.999379,True
22323_aa6edb8b,medium_rotor,10,22919_3ee91d1a,medium_rotor,0.999228,True
22242_4ceddc2b,complex_assembly,1,20182_71b9e491,medium_rotor,0.95,False
22242_4ceddc2b,complex_assembly,2,20215_e2eb3082,medium_rotor,0.95,False
22242_4ceddc2b,complex_assembly,3,21601_360ce1c7,medium_rotor,0.95,False
22242_4ceddc2b,complex_assembly,4,22919_3ee91d1a,medium_rotor,0.949992,False
22242_4ceddc2b,complex_assembly,5,22474_b10fea1a,medium_rotor,0.949985,False
22242_4ceddc2b,complex_assembly,6,23176_1bf2a2d5,medium_rotor,0.949981,False
22242_4ceddc2b,complex_assembly,7,19051_26735260,high_complexity_rotor,0.949974,False
22242_4ceddc2b,complex_assembly,8,22535_0ba01cc9,complex_assembly,0.94997,True
22242_4ceddc2b,complex_assembly,9,20319_9f53cd7c,medium_rotor,0.949947,False
22242_4ceddc2b,complex_assembly,10,19810_f77c5501,medium_rotor,0.949946,False
23271_f833d903,complex_assembly,1,23123_f35404c4,complex_assembly,0.999999,True
23271_f833d903,complex_assembly,2,22491_a33562ad,complex_assembly,0.999992,True
23271_f833d903,complex_assembly,3,21918_976c2754,high_complexity_rotor,0.999957,False
23271_f833d903,complex_assembly,4,22357_e2f7b060,complex_assembly,0.999957,True
23271_f833d903,complex_assembly,5,21762_90d34d16,high_complexity_rotor,0.999948,False
23271_f833d903,complex_assembly,6,23282_a1b17daa,complex_assembly,0.999938,True
23271_f833d903,complex_assembly,7,21421_fb12b69b,complex_assembly,0.999848,True
23271_f833d903,complex_assembly,8,21236_b696e901,complex_assembly,0.999801,True
23271_f833d903,complex_assembly,9,21024_9be3d461,high_complexity_rotor,0.999699,False
23271_f833d903,complex_assembly,10,21519_3e869afd,high_complexity_rotor,0.999571,False
23121_cbdf3ebc,medium_rotor,1,23213_3df3cb34,medium_rotor,1.0,True
23121_cbdf3ebc,medium_rotor,2,21531_79015e13,medium_rotor,1.0,True
23121_cbdf3ebc,medium_rotor,3,22852_dc1dbed6,medium_rotor,1.0,True
23121_cbdf3ebc,medium_rotor,4,22577_cd96733e,medium_rotor,1.0,True
23121_cbdf3ebc,medium_rotor,5,21974_1997ebc3,medium_rotor,1.0,True
23121_cbdf3ebc,medium_rotor,6,20322_5a8c6077,medium_rotor,1.0,True
23121_cbdf3ebc,medium_rotor,7,21594_428d32af,medium_rotor,1.0,True
23121_cbdf3ebc,medium_rotor,8,23480_3f7a8d50,medium_rotor,1.0,True
23121_cbdf3ebc,medium_rotor,9,21091_bbf490e7,medium_rotor,1.0,True
23121_cbdf3ebc,medium_rotor,10,23417_9a9e9937,medium_rotor,1.0,True
21519_3e869afd,high_complexity_rotor,1,21024_9be3d461,high_complexity_rotor,0.999989,True
21519_3e869afd,high_complexity_rotor,2,20293_a1999339,high_complexity_rotor,0.999977,True
21519_3e869afd,high_complexity_rotor,3,21809_8bd6b10e,high_complexity_rotor,0.999916,True
21519_3e869afd,high_complexity_rotor,4,21762_90d34d16,high_complexity_rotor,0.999818,True
21519_3e869afd,high_complexity_rotor,5,21918_976c2754,high_complexity_rotor,0.999799,True
21519_3e869afd,high_complexity_rotor,6,23123_f35404c4,complex_assembly,0.999619,False
21519_3e869afd,high_complexity_rotor,7,23271_f833d903,complex_assembly,0.999571,False
21519_3e869afd,high_complexity_rotor,8,22491_a33562ad,complex_assembly,0.999447,False
21519_3e869afd,high_complexity_rotor,9,22357_e2f7b060,complex_assembly,0.999255,False
21519_3e869afd,high_complexity_rotor,10,23282_a1b17daa,complex_assembly,0.999182,False
23008_3d1bb7b2,medium_rotor,1,23213_3df3cb34,medium_rotor,1.0,True
23008_3d1bb7b2,medium_rotor,2,21531_79015e13,medium_rotor,1.0,True
23008_3d1bb7b2,medium_rotor,3,22852_dc1dbed6,medium_rotor,1.0,True
23008_3d1bb7b2,medium_rotor,4,22577_cd96733e,medium_rotor,1.0,True
23008_3d1bb7b2,medium_rotor,5,21974_1997ebc3,medium_rotor,1.0,True
23008_3d1bb7b2,medium_rotor,6,20322_5a8c6077,medium_rotor,1.0,True
23008_3d1bb7b2,medium_rotor,7,21594_428d32af,medium_rotor,1.0,True
23008_3d1bb7b2,medium_rotor,8,23480_3f7a8d50,medium_rotor,1.0,True
23008_3d1bb7b2,medium_rotor,9,21091_bbf490e7,medium_rotor,1.0,True
23008_3d1bb7b2,medium_rotor,10,23417_9a9e9937,medium_rotor,1.0,True
20500_e88d8065,high_complexity_rotor,1,23251_3eb3d2e6,high_complexity_rotor,1.0,True
20500_e88d8065,high_complexity_rotor,2,21093_1bda9bbe,high_complexity_rotor,1.0,True
20500_e88d8065,high_complexity_rotor,3,22193_c8773ded,high_complexity_rotor,1.0,True
20500_e88d8065,high_complexity_rotor,4,22900_09de4c7a,high_complexity_rotor,1.0,True
20500_e88d8065,high_complexity_rotor,5,23083_fdb942ac,high_complexity_rotor,1.0,True
20500_e88d8065,high_complexity_rotor,6,21450_ea24ffcc,high_complexity_rotor,1.0,True
20500_e88d8065,high_complexity_rotor,7,21926_b4c7068b,high_complexity_rotor,1.0,True
20500_e88d8065,high_complexity_rotor,8,23002_4d53fb3f,high_complexity_rotor,1.0,True
20500_e88d8065,high_complexity_rotor,9,22528_f3370a64,high_complexity_rotor,1.0,True
20500_e88d8065,high_complexity_rotor,10,22402_a62e84b4,high_complexity_rotor,1.0,True
22155_ab18f2b6,symmetric_rotor,1,22892_68138f24,symmetric_rotor,1.0,True
22155_ab18f2b6,symmetric_rotor,2,22983_0ab3faaf,symmetric_rotor,1.0,True
22155_ab18f2b6,symmetric_rotor,3,21248_0a862e3e,symmetric_rotor,1.0,True
22155_ab18f2b6,symmetric_rotor,4,21961_1a090a8b,symmetric_rotor,1.0,True
22155_ab18f2b6,symmetric_rotor,5,22365_a4eb929c,symmetric_rotor,1.0,True
22155_ab18f2b6,symmetric_rotor,6,20237_06b27bf5,symmetric_rotor,1.0,True
22155_ab18f2b6,symmetric_rotor,7,23037_d0df320c,symmetric_rotor,0.999999,True
22155_ab18f2b6,symmetric_rotor,8,22057_4947db57,symmetric_rotor,0.999999,True
22155_ab18f2b6,symmetric_rotor,9,22762_dcbdd14d,symmetric_rotor,0.999999,True
22155_ab18f2b6,symmetric_rotor,10,22311_553b3456,symmetric_rotor,0.999999,True
20430_975b8dcf,high_complexity_rotor,1,22079_31335df2,complex_assembly,0.999996,False
20430_975b8dcf,high_complexity_rotor,2,20260_4a01a99d,high_complexity_rotor,0.999995,True
20430_975b8dcf,high_complexity_rotor,3,21708_e61bd657,complex_assembly,0.999942,False
20430_975b8dcf,high_complexity_rotor,4,21069_508a9947,complex_assembly,0.999887,False
20430_975b8dcf,high_complexity_rotor,5,21700_28d193ac,high_complexity_rotor,0.999839,True
20430_975b8dcf,high_complexity_rotor,6,21656_964b0c84,high_complexity_rotor,0.999665,True
20430_975b8dcf,high_complexity_rotor,7,21741_c6faf98e,complex_assembly,0.998052,False
20430_975b8dcf,high_complexity_rotor,8,23162_7e2f3d77,complex_assembly,0.998018,False
20430_975b8dcf,high_complexity_rotor,9,21859_35124f79,complex_assembly,0.997074,False
20430_975b8dcf,high_complexity_rotor,10,21351_675c66b1,complex_assembly,0.996936,False
20647_cea2e07c,simple_rotor,1,20646_4cd14a72,simple_rotor,1.0,True
20647_cea2e07c,simple_rotor,2,21326_ab4d6c43,simple_rotor,1.0,True
20647_cea2e07c,simple_rotor,3,22180_ce7c3bd8,simple_rotor,0.999949,True
20647_cea2e07c,simple_rotor,4,22043_041e1b7c,simple_rotor,0.999934,True
20647_cea2e07c,simple_rotor,5,22270_c6999138,simple_rotor,0.999934,True
20647_cea2e07c,simple_rotor,6,21976_807c9b26,simple_rotor,0.999886,True
20647_cea2e07c,simple_rotor,7,22131_6b4b60f8,simple_rotor,0.999849,True
20647_cea2e07c,simple_rotor,8,21184_971559b6,simple_rotor,0.999726,True
20647_cea2e07c,simple_rotor,9,20259_de1ab632,simple_rotor,0.999634,True
20647_cea2e07c,simple_rotor,10,21469_abec26c4,simple_rotor,0.999201,True
22894_5f7c276d,high_complexity_rotor,1,21511_d07c59c2,high_complexity_rotor,0.999973,True
22894_5f7c276d,high_complexity_rotor,2,23467_9f431540,high_complexity_rotor,0.999926,True
22894_5f7c276d,high_complexity_rotor,3,21805_2ba39d00,high_complexity_rotor,0.999926,True
22894_5f7c276d,high_complexity_rotor,4,21352_c1101acb,high_complexity_rotor,0.999891,True
22894_5f7c276d,high_complexity_rotor,5,21977_ce9f4e71,high_complexity_rotor,0.999891,True
22894_5f7c276d,high_complexity_rotor,6,21204_96d26a7f,high_complexity_rotor,0.999837,True
22894_5f7c276d,high_complexity_rotor,7,23309_76dcf100,high_complexity_rotor,0.999837,True
22894_5f7c276d,high_complexity_rotor,8,20737_5249e274,high_complexity_rotor,0.999833,True
22894_5f7c276d,high_complexity_rotor,9,21182_a480d230,high_complexity_rotor,0.999832,True
22894_5f7c276d,high_complexity_rotor,10,22360_42cd6a21,high_complexity_rotor,0.999772,True
23440_5956321f,simple_rotor,1,21139_cd619b26,simple_rotor,1.0,True
23440_5956321f,simple_rotor,2,23103_66470b7e,simple_rotor,1.0,True
23440_5956321f,simple_rotor,3,23351_6104d55d,simple_rotor,1.0,True
23440_5956321f,simple_rotor,4,22746_920025a0,simple_rotor,1.0,True
23440_5956321f,simple_rotor,5,22349_6f67a96e,simple_rotor,1.0,True
23440_5956321f,simple_rotor,6,21243_3ec5d732,simple_rotor,1.0,True
23440_5956321f,simple_rotor,7,23387_c4aa9424,simple_rotor,1.0,True
23440_5956321f,simple_rotor,8,21793_4ad5e2c0,simple_rotor,1.0,True
23440_5956321f,simple_rotor,9,23163_7b143a6f,simple_rotor,1.0,True
23440_5956321f,simple_rotor,10,23403_e539620b,simple_rotor,1.0,True
22508_6bb410af,simple_rotor,1,22367_b4a67e61,simple_rotor,1.0,True
22508_6bb410af,simple_rotor,2,20731_fbdc7731,simple_rotor,1.0,True
22508_6bb410af,simple_rotor,3,21862_ec534e16,simple_rotor,1.0,True
22508_6bb410af,simple_rotor,4,22136_a539c50b,simple_rotor,1.0,True
22508_6bb410af,simple_rotor,5,20822_5bb36119,simple_rotor,0.999999,True
22508_6bb410af,simple_rotor,6,20451_557fe5cd,simple_rotor,0.999999,True
22508_6bb410af,simple_rotor,7,22147_12995368,simple_rotor,0.999999,True
22508_6bb410af,simple_rotor,8,20451_84d8b290,simple_rotor,0.999999,True
22508_6bb410af,simple_rotor,9,20807_88c198d5,simple_rotor,0.999999,True
22508_6bb410af,simple_rotor,10,23103_43bde2a6,simple_rotor,0.999999,True
21549_18160a0a,medium_rotor,1,23213_3df3cb34,medium_rotor,1.0,True
21549_18160a0a,medium_rotor,2,21531_79015e13,medium_rotor,1.0,True
21549_18160a0a,medium_rotor,3,22852_dc1dbed6,medium_rotor,1.0,True
21549_18160a0a,medium_rotor,4,22577_cd96733e,medium_rotor,1.0,True
21549_18160a0a,medium_rotor,5,21974_1997ebc3,medium_rotor,1.0,True
21549_18160a0a,medium_rotor,6,20322_5a8c6077,medium_rotor,1.0,True
21549_18160a0a,medium_rotor,7,21594_428d32af,medium_rotor,1.0,True
21549_18160a0a,medium_rotor,8,23480_3f7a8d50,medium_rotor,1.0,True
21549_18160a0a,medium_rotor,9,21091_bbf490e7,medium_rotor,1.0,True
21549_18160a0a,medium_rotor,10,23417_9a9e9937,medium_rotor,1.0,True
21941_1a683ec2,complex_assembly,1,22242_4ceddc2b,complex_assembly,0.945461,True
21941_1a683ec2,complex_assembly,2,20440_27177360,medium_rotor,0.934339,False
21941_1a683ec2,complex_assembly,3,20176_a02bde39,medium_rotor,0.929757,False
21941_1a683ec2,complex_assembly,4,23226_8d1b5098,complex_assembly,0.899983,True
21941_1a683ec2,complex_assembly,5,22404_66db7dd7,complex_assembly,0.899918,True
21941_1a683ec2,complex_assembly,6,21244_24c3ce72,complex_assembly,0.899879,True
21941_1a683ec2,complex_assembly,7,21352_d60bc953,complex_assembly,0.89981,True
21941_1a683ec2,complex_assembly,8,21979_29f59427,high_complexity_rotor,0.899798,False
21941_1a683ec2,complex_assembly,9,21552_4e9c19b1,medium_rotor,0.899798,False
21941_1a683ec2,complex_assembly,10,21028_d4d30a2e,medium_rotor,0.89962,False
22761_ca309655,symmetric_rotor,1,21958_e48ddf4e,symmetric_rotor,0.999982,True
22761_ca309655,symmetric_rotor,2,23170_6ea8ded5,symmetric_rotor,0.999981,True
22761_ca309655,symmetric_rotor,3,22312_3f366a4a,symmetric_rotor,0.999978,True
22761_ca309655,symmetric_rotor,4,22141_5db99710,symmetric_rotor,0.999973,True
22761_ca309655,symmetric_rotor,5,22678_ff42f120,symmetric_rotor,0.999966,True
22761_ca309655,symmetric_rotor,6,22812_cf865ed1,symmetric_rotor,0.999964,True
22761_ca309655,symmetric_rotor,7,21271_ec7f62b8,symmetric_rotor,0.999957,True
22761_ca309655,symmetric_rotor,8,21386_e234c6b6,symmetric_rotor,0.999957,True
22761_ca309655,symmetric_rotor,9,20585_09b72895,symmetric_rotor,0.999951,True
22761_ca309655,symmetric_rotor,10,23259_d655fcc1,symmetric_rotor,0.999946,True
23221_42f37ae3,symmetric_rotor,1,7780_6c885e81,symmetric_rotor,0.999973,True
23221_42f37ae3,symmetric_rotor,2,23127_38d73061,symmetric_rotor,0.999957,True
23221_42f37ae3,symmetric_rotor,3,21490_d07ff9f8,symmetric_rotor,0.999923,True
23221_42f37ae3,symmetric_rotor,4,22259_613f9d44,symmetric_rotor,0.999918,True
23221_42f37ae3,symmetric_rotor,5,23320_e0711ae9,symmetric_rotor,0.999835,True
23221_42f37ae3,symmetric_rotor,6,22095_af226cbc,symmetric_rotor,0.999821,True
23221_42f37ae3,symmetric_rotor,7,23468_a0bfb573,symmetric_rotor,0.999805,True
23221_42f37ae3,symmetric_rotor,8,22654_4c426b0f,symmetric_rotor,0.999773,True
23221_42f37ae3,symmetric_rotor,9,20609_69f28932,symmetric_rotor,0.999709,True
23221_42f37ae3,symmetric_rotor,10,22706_58a933f4,symmetric_rotor,0.999708,True
22360_42cd6a21,high_complexity_rotor,1,22417_4a15d62e,high_complexity_rotor,0.999973,True
22360_42cd6a21,high_complexity_rotor,2,19596_fb9531a5,high_complexity_rotor,0.999933,True
22360_42cd6a21,high_complexity_rotor,3,20799_213bf924,high_complexity_rotor,0.999933,True
22360_42cd6a21,high_complexity_rotor,4,22070_fd1b8e5e,high_complexity_rotor,0.999933,True
22360_42cd6a21,high_complexity_rotor,5,21849_a5f563a6,high_complexity_rotor,0.999911,True
22360_42cd6a21,high_complexity_rotor,6,21182_a480d230,high_complexity_rotor,0.999901,True
22360_42cd6a21,high_complexity_rotor,7,22168_a84560a9,high_complexity_rotor,0.999863,True
22360_42cd6a21,high_complexity_rotor,8,23155_d7305c5f,high_complexity_rotor,0.999835,True
22360_42cd6a21,high_complexity_rotor,9,21174_861bd902,high_complexity_rotor,0.999832,True
22360_42cd6a21,high_complexity_rotor,10,22421_19401bdd,high_complexity_rotor,0.99982,True
21140_8d150c65,simple_rotor,1,21139_cd619b26,simple_rotor,1.0,True
21140_8d150c65,simple_rotor,2,23103_66470b7e,simple_rotor,1.0,True
21140_8d150c65,simple_rotor,3,23351_6104d55d,simple_rotor,1.0,True
21140_8d150c65,simple_rotor,4,22746_920025a0,simple_rotor,1.0,True
21140_8d150c65,simple_rotor,5,22349_6f67a96e,simple_rotor,1.0,True
21140_8d150c65,simple_rotor,6,21243_3ec5d732,simple_rotor,1.0,True
21140_8d150c65,simple_rotor,7,23387_c4aa9424,simple_rotor,1.0,True
21140_8d150c65,simple_rotor,8,21793_4ad5e2c0,simple_rotor,1.0,True
21140_8d150c65,simple_rotor,9,23163_7b143a6f,simple_rotor,1.0,True
21140_8d150c65,simple_rotor,10,23403_e539620b,simple_rotor,1.0,True
22232_cb53774e,medium_rotor,1,22266_078a1f68,medium_rotor,0.999994,True
22232_cb53774e,medium_rotor,2,20421_49bd1188,medium_rotor,0.999876,True
22232_cb53774e,medium_rotor,3,21539_cfe1f7fd,medium_rotor,0.949998,True
22232_cb53774e,medium_rotor,4,22778_7d85debd,medium_rotor,0.949995,True
22232_cb53774e,medium_rotor,5,19810_f77c5501,medium_rotor,0.949986,True
22232_cb53774e,medium_rotor,6,22474_b10fea1a,medium_rotor,0.949949,True
22232_cb53774e,medium_rotor,7,22228_1c82530b,medium_rotor,0.949943,True
22232_cb53774e,medium_rotor,8,22919_3ee91d1a,medium_rotor,0.949933,True
22232_cb53774e,medium_rotor,9,20182_71b9e491,medium_rotor,0.949878,True
22232_cb53774e,medium_rotor,10,21601_360ce1c7,medium_rotor,0.949878,True
23331_192866b6,medium_rotor,1,22832_731d3b9f,medium_rotor,0.999917,True
23331_192866b6,medium_rotor,2,22372_e91792a1,medium_rotor,0.999917,True
23331_192866b6,medium_rotor,3,22680_1f4026f6,medium_rotor,0.999917,True
23331_192866b6,medium_rotor,4,22987_37973191,medium_rotor,0.999703,True
23331_192866b6,medium_rotor,5,23368_648717d8,medium_rotor,0.998553,True
23331_192866b6,medium_rotor,6,22376_3ebc82a2,medium_rotor,0.997832,True
23331_192866b6,medium_rotor,7,21790_aaf9224a,medium_rotor,0.997575,True
23331_192866b6,medium_rotor,8,21503_34f299ca,medium_rotor,0.996367,True
23331_192866b6,medium_rotor,9,23413_6702ec7f,medium_rotor,0.993419,True
23331_192866b6,medium_rotor,10,21035_d308c5c4,medium_rotor,0.990325,True
23378_8d6426ae,high_complexity_rotor,1,22428_c1ffa51a,high_complexity_rotor,0.999996,True
23378_8d6426ae,high_complexity_rotor,2,21300_ec7da33e,high_complexity_rotor,0.999919,True
23378_8d6426ae,high_complexity_rotor,3,23168_7fdf5427,high_complexity_rotor,0.999789,True
23378_8d6426ae,high_complexity_rotor,4,20745_3e22ad07,high_complexity_rotor,0.999626,True
23378_8d6426ae,high_complexity_rotor,5,23217_7c6062e3,high_complexity_rotor,0.999626,True
23378_8d6426ae,high_complexity_rotor,6,23377_690165aa,high_complexity_rotor,0.999606,True
23378_8d6426ae,high_complexity_rotor,7,22278_12f1fb79,high_complexity_rotor,0.999365,True
23378_8d6426ae,high_complexity_rotor,8,21134_7aa7cd89,high_complexity_rotor,0.999226,True
23378_8d6426ae,high_complexity_rotor,9,23310_7daded69,high_complexity_rotor,0.999114,True
23378_8d6426ae,high_complexity_rotor,10,19596_fb9531a5,high_complexity_rotor,0.998948,True
23505_161e8ec5,medium_rotor,1,23213_3df3cb34,medium_rotor,1.0,True
23505_161e8ec5,medium_rotor,2,21531_79015e13,medium_rotor,1.0,True
23505_161e8ec5,medium_rotor,3,22852_dc1dbed6,medium_rotor,1.0,True
23505_161e8ec5,medium_rotor,4,22577_cd96733e,medium_rotor,1.0,True
23505_161e8ec5,medium_rotor,5,21974_1997ebc3,medium_rotor,1.0,True
23505_161e8ec5,medium_rotor,6,20322_5a8c6077,medium_rotor,1.0,True
23505_161e8ec5,medium_rotor,7,21594_428d32af,medium_rotor,1.0,True
23505_161e8ec5,medium_rotor,8,23480_3f7a8d50,medium_rotor,1.0,True
23505_161e8ec5,medium_rotor,9,21091_bbf490e7,medium_rotor,1.0,True
23505_161e8ec5,medium_rotor,10,23417_9a9e9937,medium_rotor,1.0,True
23239_ba13cf5e,simple_rotor,1,21139_cd619b26,simple_rotor,1.0,True
23239_ba13cf5e,simple_rotor,2,23103_66470b7e,simple_rotor,1.0,True
23239_ba13cf5e,simple_rotor,3,23351_6104d55d,simple_rotor,1.0,True
23239_ba13cf5e,simple_rotor,4,22746_920025a0,simple_rotor,1.0,True
23239_ba13cf5e,simple_rotor,5,22349_6f67a96e,simple_rotor,1.0,True
23239_ba13cf5e,simple_rotor,6,21243_3ec5d732,simple_rotor,1.0,True
23239_ba13cf5e,simple_rotor,7,23387_c4aa9424,simple_rotor,1.0,True
23239_ba13cf5e,simple_rotor,8,21793_4ad5e2c0,simple_rotor,1.0,True
23239_ba13cf5e,simple_rotor,9,23163_7b143a6f,simple_rotor,1.0,True
23239_ba13cf5e,simple_rotor,10,23403_e539620b,simple_rotor,1.0,True
23251_3eb3d2e6,high_complexity_rotor,1,23130_7417d5b3,high_complexity_rotor,1.0,True
23251_3eb3d2e6,high_complexity_rotor,2,22910_97f0cc18,high_complexity_rotor,1.0,True
23251_3eb3d2e6,high_complexity_rotor,3,22890_4ecfa491,high_complexity_rotor,1.0,True
23251_3eb3d2e6,high_complexity_rotor,4,20765_99d0665e,high_complexity_rotor,1.0,True
23251_3eb3d2e6,high_complexity_rotor,5,23048_8a1a5553,high_complexity_rotor,1.0,True
23251_3eb3d2e6,high_complexity_rotor,6,22405_20f11d58,high_complexity_rotor,1.0,True
23251_3eb3d2e6,high_complexity_rotor,7,21093_1bda9bbe,high_complexity_rotor,1.0,True
23251_3eb3d2e6,high_complexity_rotor,8,21063_037107dc,high_complexity_rotor,1.0,True
23251_3eb3d2e6,high_complexity_rotor,9,22402_a62e84b4,high_complexity_rotor,1.0,True
23251_3eb3d2e6,high_complexity_rotor,10,22528_f3370a64,high_complexity_rotor,1.0,True
21133_f9a1614e,symmetric_rotor,1,21831_54ca67d1,symmetric_rotor,1.0,True
21133_f9a1614e,symmetric_rotor,2,21840_6847d36c,symmetric_rotor,0.999999,True
21133_f9a1614e,symmetric_rotor,3,20419_8ce893b6,symmetric_rotor,0.999999,True
21133_f9a1614e,symmetric_rotor,4,21828_21ab2114,symmetric_rotor,0.999999,True
21133_f9a1614e,symmetric_rotor,5,20585_09b72895,symmetric_rotor,0.999991,True
21133_f9a1614e,symmetric_rotor,6,22812_cf865ed1,symmetric_rotor,0.999984,True
21133_f9a1614e,symmetric_rotor,7,21037_62248d34,symmetric_rotor,0.999982,True
21133_f9a1614e,symmetric_rotor,8,21478_8fbd4409,symmetric_rotor,0.999982,True
21133_f9a1614e,symmetric_rotor,9,20682_e208cc63,symmetric_rotor,0.999982,True
21133_f9a1614e,symmetric_rotor,10,22311_553b3456,symmetric_rotor,0.999982,True
22081_ab3124af,high_complexity_rotor,1,22827_f33929ec,high_complexity_rotor,0.999997,True
22081_ab3124af,high_complexity_rotor,2,20870_dedaef5b,high_complexity_rotor,0.999893,True
22081_ab3124af,high_complexity_rotor,3,21991_ab98f156,high_complexity_rotor,0.999642,True
22081_ab3124af,high_complexity_rotor,4,20246_40be7668,complex_assembly,0.999483,False
22081_ab3124af,high_complexity_rotor,5,20544_43691724,high_complexity_rotor,0.998852,True
22081_ab3124af,high_complexity_rotor,6,20746_57a7b346,high_complexity_rotor,0.995333,True
22081_ab3124af,high_complexity_rotor,7,23495_6366269c,high_complexity_rotor,0.994333,True
22081_ab3124af,high_complexity_rotor,8,20533_0a3e112b,high_complexity_rotor,0.991232,True
22081_ab3124af,high_complexity_rotor,9,21926_b4c7068b,high_complexity_rotor,0.989748,True
22081_ab3124af,high_complexity_rotor,10,22890_4ecfa491,high_complexity_rotor,0.989748,True
21275_c8049742,medium_rotor,1,22729_232da678,medium_rotor,1.0,True
21275_c8049742,medium_rotor,2,20554_abcb705e,medium_rotor,1.0,True
21275_c8049742,medium_rotor,3,22011_0832eefe,medium_rotor,1.0,True
21275_c8049742,medium_rotor,4,22534_e899f645,medium_rotor,1.0,True
21275_c8049742,medium_rotor,5,20349_a12428da,medium_rotor,0.999998,True
21275_c8049742,medium_rotor,6,22440_014f1bac,medium_rotor,0.999986,True
21275_c8049742,medium_rotor,7,22666_bdaa1303,medium_rotor,0.999985,True
21275_c8049742,medium_rotor,8,23466_1cf60d09,medium_rotor,0.999963,True
21275_c8049742,medium_rotor,9,23363_60e39812,medium_rotor,0.999955,True
21275_c8049742,medium_rotor,10,22199_8ec9eeb2,medium_rotor,0.999951,True
21961_1a090a8b,symmetric_rotor,1,22892_68138f24,symmetric_rotor,1.0,True
21961_1a090a8b,symmetric_rotor,2,22983_0ab3faaf,symmetric_rotor,1.0,True
21961_1a090a8b,symmetric_rotor,3,21248_0a862e3e,symmetric_rotor,1.0,True
21961_1a090a8b,symmetric_rotor,4,22365_a4eb929c,symmetric_rotor,1.0,True
21961_1a090a8b,symmetric_rotor,5,22155_ab18f2b6,symmetric_rotor,1.0,True
21961_1a090a8b,symmetric_rotor,6,20237_06b27bf5,symmetric_rotor,1.0,True
21961_1a090a8b,symmetric_rotor,7,23037_d0df320c,symmetric_rotor,0.999999,True
21961_1a090a8b,symmetric_rotor,8,22057_4947db57,symmetric_rotor,0.999999,True
21961_1a090a8b,symmetric_rotor,9,22762_dcbdd14d,symmetric_rotor,0.999999,True
21961_1a090a8b,symmetric_rotor,10,22311_553b3456,symmetric_rotor,0.999999,True
22056_79373464,complex_assembly,1,21244_24c3ce72,complex_assembly,0.999928,True
22056_79373464,complex_assembly,2,22404_66db7dd7,complex_assembly,0.999891,True
22056_79373464,complex_assembly,3,22430_c6f08b03,complex_assembly,0.999818,True
22056_79373464,complex_assembly,4,23226_8d1b5098,complex_assembly,0.999765,True
22056_79373464,complex_assembly,5,22533_e7298b05,complex_assembly,0.999642,True
22056_79373464,complex_assembly,6,20701_6dcbc975,high_complexity_rotor,0.999443,False
22056_79373464,complex_assembly,7,21352_d60bc953,complex_assembly,0.998894,True
22056_79373464,complex_assembly,8,22413_901f5867,complex_assembly,0.998567,True
22056_79373464,complex_assembly,9,23195_2629864e,complex_assembly,0.998474,True
22056_79373464,complex_assembly,10,21718_1551037b,complex_assembly,0.997777,True
22843_cb38a007,simple_rotor,1,21139_cd619b26,simple_rotor,1.0,True
22843_cb38a007,simple_rotor,2,23103_66470b7e,simple_rotor,1.0,True
22843_cb38a007,simple_rotor,3,23351_6104d55d,simple_rotor,1.0,True
22843_cb38a007,simple_rotor,4,22746_920025a0,simple_rotor,1.0,True
22843_cb38a007,simple_rotor,5,22349_6f67a96e,simple_rotor,1.0,True
22843_cb38a007,simple_rotor,6,21243_3ec5d732,simple_rotor,1.0,True
22843_cb38a007,simple_rotor,7,23387_c4aa9424,simple_rotor,1.0,True
22843_cb38a007,simple_rotor,8,21793_4ad5e2c0,simple_rotor,1.0,True
22843_cb38a007,simple_rotor,9,23163_7b143a6f,simple_rotor,1.0,True
22843_cb38a007,simple_rotor,10,23403_e539620b,simple_rotor,1.0,True
21121_1e9e7540,high_complexity_rotor,1,23329_6939d5d9,high_complexity_rotor,0.999999,True
21121_1e9e7540,high_complexity_rotor,2,20697_d3e106b4,high_complexity_rotor,0.999991,True
21121_1e9e7540,high_complexity_rotor,3,22168_a84560a9,high_complexity_rotor,0.999981,True
21121_1e9e7540,high_complexity_rotor,4,21845_dff8b3a1,high_complexity_rotor,0.999978,True
21121_1e9e7540,high_complexity_rotor,5,22421_19401bdd,high_complexity_rotor,0.999975,True
21121_1e9e7540,high_complexity_rotor,6,22419_dfeb5d33,high_complexity_rotor,0.999975,True
21121_1e9e7540,high_complexity_rotor,7,21081_72fa4ad1,high_complexity_rotor,0.999973,True
21121_1e9e7540,high_complexity_rotor,8,21843_effbd24d,high_complexity_rotor,0.999973,True
21121_1e9e7540,high_complexity_rotor,9,22893_eb8aa8ac,high_complexity_rotor,0.999964,True
21121_1e9e7540,high_complexity_rotor,10,22416_4cd31921,high_complexity_rotor,0.999964,True
21182_a480d230,high_complexity_rotor,1,20799_213bf924,high_complexity_rotor,0.999973,True
21182_a480d230,high_complexity_rotor,2,22070_fd1b8e5e,high_complexity_rotor,0.999973,True
21182_a480d230,high_complexity_rotor,3,21352_c1101acb,high_complexity_rotor,0.999966,True
21182_a480d230,high_complexity_rotor,4,21977_ce9f4e71,high_complexity_rotor,0.999966,True
21182_a480d230,high_complexity_rotor,5,22417_4a15d62e,high_complexity_rotor,0.999933,True
21182_a480d230,high_complexity_rotor,6,21845_dff8b3a1,high_complexity_rotor,0.999926,True
21182_a480d230,high_complexity_rotor,7,21081_72fa4ad1,high_complexity_rotor,0.999923,True
21182_a480d230,high_complexity_rotor,8,21843_effbd24d,high_complexity_rotor,0.999923,True
21182_a480d230,high_complexity_rotor,9,22168_a84560a9,high_complexity_rotor,0.999923,True
21182_a480d230,high_complexity_rotor,10,21838_5bc448b4,high_complexity_rotor,0.999902,True
22418_2722dfe8,medium_rotor,1,23213_3df3cb34,medium_rotor,1.0,True
22418_2722dfe8,medium_rotor,2,21531_79015e13,medium_rotor,1.0,True
22418_2722dfe8,medium_rotor,3,22852_dc1dbed6,medium_rotor,1.0,True
22418_2722dfe8,medium_rotor,4,22577_cd96733e,medium_rotor,1.0,True
22418_2722dfe8,medium_rotor,5,21974_1997ebc3,medium_rotor,1.0,True
22418_2722dfe8,medium_rotor,6,20322_5a8c6077,medium_rotor,1.0,True
22418_2722dfe8,medium_rotor,7,21594_428d32af,medium_rotor,1.0,True
22418_2722dfe8,medium_rotor,8,23480_3f7a8d50,medium_rotor,1.0,True
22418_2722dfe8,medium_rotor,9,21091_bbf490e7,medium_rotor,1.0,True
22418_2722dfe8,medium_rotor,10,23417_9a9e9937,medium_rotor,1.0,True
21357_9edfc0a0,simple_rotor,1,22014_5880c417,simple_rotor,1.0,True
21357_9edfc0a0,simple_rotor,2,20841_1620ae7d,simple_rotor,1.0,True
21357_9edfc0a0,simple_rotor,3,22862_f5406bb0,simple_rotor,1.0,True
21357_9edfc0a0,simple_rotor,4,23136_2b469508,simple_rotor,0.998503,True
21357_9edfc0a0,simple_rotor,5,21391_78fc6345,simple_rotor,0.994971,True
21357_9edfc0a0,simple_rotor,6,20436_41b730a3,simple_rotor,0.987901,True
21357_9edfc0a0,simple_rotor,7,21165_5cb2d287,simple_rotor,0.987901,True
21357_9edfc0a0,simple_rotor,8,22378_234fea2c,simple_rotor,0.987901,True
21357_9edfc0a0,simple_rotor,9,23215_08a54de0,simple_rotor,0.987901,True
21357_9edfc0a0,simple_rotor,10,22227_aca28ff2,simple_rotor,0.987901,True
21185_ac5324ba,medium_rotor,1,23323_075a079e,medium_rotor,0.999999,True
21185_ac5324ba,medium_rotor,2,22218_2f85f6ae,medium_rotor,0.999985,True
21185_ac5324ba,medium_rotor,3,21695_1f33863f,medium_rotor,0.999965,True
21185_ac5324ba,medium_rotor,4,20285_b64b1a7e,medium_rotor,0.999929,True
21185_ac5324ba,medium_rotor,5,22061_b50b6b66,medium_rotor,0.999929,True
21185_ac5324ba,medium_rotor,6,21737_87d83240,medium_rotor,0.999863,True
21185_ac5324ba,medium_rotor,7,21625_d5d4c9a7,medium_rotor,0.999726,True
21185_ac5324ba,medium_rotor,8,22224_1e749c32,medium_rotor,0.998727,True
21185_ac5324ba,medium_rotor,9,20504_c9e14c9d,medium_rotor,0.997392,True
21185_ac5324ba,medium_rotor,10,20421_83f66ddc,medium_rotor,0.996694,True
23156_7788f78a,high_complexity_rotor,1,23161_e7f63a9f,high_complexity_rotor,1.0,True
23156_7788f78a,high_complexity_rotor,2,21550_0b16151d,medium_rotor,0.95,False
23156_7788f78a,high_complexity_rotor,3,21496_f4025ad5,medium_rotor,0.95,False
23156_7788f78a,high_complexity_rotor,4,21390_4d1e2d9c,medium_rotor,0.95,False
23156_7788f78a,high_complexity_rotor,5,22448_1f21757a,medium_rotor,0.95,False
23156_7788f78a,high_complexity_rotor,6,22710_77324fc2,medium_rotor,0.95,False
23156_7788f78a,high_complexity_rotor,7,23174_8ef93daf,medium_rotor,0.95,False
23156_7788f78a,high_complexity_rotor,8,21377_19909a40,medium_rotor,0.95,False
23156_7788f78a,high_complexity_rotor,9,21281_6e562106,medium_rotor,0.95,False
23156_7788f78a,high_complexity_rotor,10,22617_a286f13c,medium_rotor,0.95,False
23162_7e2f3d77,complex_assembly,1,21351_675c66b1,complex_assembly,0.999883,True
23162_7e2f3d77,complex_assembly,2,21656_964b0c84,high_complexity_rotor,0.999313,False
23162_7e2f3d77,complex_assembly,3,21700_28d193ac,high_complexity_rotor,0.998987,False
23162_7e2f3d77,complex_assembly,4,21069_508a9947,complex_assembly,0.998851,True
23162_7e2f3d77,complex_assembly,5,23144_88ca00a5,complex_assembly,0.99872,True
23162_7e2f3d77,complex_assembly,6,22079_31335df2,complex_assembly,0.998202,True
23162_7e2f3d77,complex_assembly,7,20430_975b8dcf,high_complexity_rotor,0.998018,False
23162_7e2f3d77,complex_assembly,8,20260_4a01a99d,high_complexity_rotor,0.997804,False
23162_7e2f3d77,complex_assembly,9,21708_e61bd657,complex_assembly,0.997283,True
23162_7e2f3d77,complex_assembly,10,21580_b8b2571b,high_complexity_rotor,0.994629,False
21838_5bc448b4,high_complexity_rotor,1,21839_a8eb6d34,high_complexity_rotor,0.999999,True
21838_5bc448b4,high_complexity_rotor,2,20643_71ad3d26,high_complexity_rotor,0.999996,True
21838_5bc448b4,high_complexity_rotor,3,21843_effbd24d,high_complexity_rotor,0.999991,True
21838_5bc448b4,high_complexity_rotor,4,21081_72fa4ad1,high_complexity_rotor,0.999991,True
21838_5bc448b4,high_complexity_rotor,5,21845_dff8b3a1,high_complexity_rotor,0.999984,True
21838_5bc448b4,high_complexity_rotor,6,22893_eb8aa8ac,high_complexity_rotor,0.999982,True
21838_5bc448b4,high_complexity_rotor,7,22416_4cd31921,high_complexity_rotor,0.999982,True
21838_5bc448b4,high_complexity_rotor,8,22419_dfeb5d33,high_complexity_rotor,0.999981,True
21838_5bc448b4,high_complexity_rotor,9,23101_6aec02ee,high_complexity_rotor,0.999981,True
21838_5bc448b4,high_complexity_rotor,10,20620_8a5226b4,high_complexity_rotor,0.999981,True
20688_955aae0c,medium_rotor,1,20989_d1b8b0f8,medium_rotor,1.0,True
20688_955aae0c,medium_rotor,2,20899_a8d7c6d5,medium_rotor,1.0,True
20688_955aae0c,medium_rotor,3,22980_3cb3bcc8,medium_rotor,0.999998,True
20688_955aae0c,medium_rotor,4,20755_4b5e61bf,medium_rotor,0.999997,True
20688_955aae0c,medium_rotor,5,20892_b1f89c8d,medium_rotor,0.99996,True
20688_955aae0c,medium_rotor,6,23132_1847c4ef,medium_rotor,0.999945,True
20688_955aae0c,medium_rotor,7,22341_0f9c52ed,medium_rotor,0.999887,True
20688_955aae0c,medium_rotor,8,21626_b34008e6,medium_rotor,0.999827,True
20688_955aae0c,medium_rotor,9,21513_50fb4d62,medium_rotor,0.999827,True
20688_955aae0c,medium_rotor,10,21923_41fa6eda,medium_rotor,0.999804,True
20419_8ce893b6,symmetric_rotor,1,21840_6847d36c,symmetric_rotor,1.0,True
20419_8ce893b6,symmetric_rotor,2,21828_21ab2114,symmetric_rotor,1.0,True
20419_8ce893b6,symmetric_rotor,3,21133_f9a1614e,symmetric_rotor,0.999999,True
20419_8ce893b6,symmetric_rotor,4,21831_54ca67d1,symmetric_rotor,0.999999,True
20419_8ce893b6,symmetric_rotor,5,20585_09b72895,symmetric_rotor,0.999996,True
20419_8ce893b6,symmetric_rotor,6,22812_cf865ed1,symmetric_rotor,0.999991,True
20419_8ce893b6,symmetric_rotor,7,22049_4da0d894,symmetric_rotor,0.999982,True
20419_8ce893b6,symmetric_rotor,8,22155_ab18f2b6,symmetric_rotor,0.999982,True
20419_8ce893b6,symmetric_rotor,9,21961_1a090a8b,symmetric_rotor,0.999982,True
20419_8ce893b6,symmetric_rotor,10,22892_68138f24,symmetric_rotor,0.999982,True
23495_6366269c,high_complexity_rotor,1,20746_57a7b346,high_complexity_rotor,0.999951,True
23495_6366269c,high_complexity_rotor,2,21926_b4c7068b,high_complexity_rotor,0.999322,True
23495_6366269c,high_complexity_rotor,3,23130_7417d5b3,high_complexity_rotor,0.999322,True
23495_6366269c,high_complexity_rotor,4,21450_ea24ffcc,high_complexity_rotor,0.999322,True
23495_6366269c,high_complexity_rotor,5,20765_99d0665e,high_complexity_rotor,0.999322,True
23495_6366269c,high_complexity_rotor,6,23083_fdb942ac,high_complexity_rotor,0.999322,True
23495_6366269c,high_complexity_rotor,7,23251_3eb3d2e6,high_complexity_rotor,0.999322,True
23495_6366269c,high_complexity_rotor,8,22193_c8773ded,high_complexity_rotor,0.999322,True
23495_6366269c,high_complexity_rotor,9,22910_97f0cc18,high_complexity_rotor,0.999322,True
23495_6366269c,high_complexity_rotor,10,22528_f3370a64,high_complexity_rotor,0.999322,True
22334_677d00e0,medium_rotor,1,23026_e6f08109,medium_rotor,0.999971,True
22334_677d00e0,medium_rotor,2,21282_b2d83538,medium_rotor,0.999918,True
22334_677d00e0,medium_rotor,3,21592_c5e77a82,medium_rotor,0.999788,True
22334_677d00e0,medium_rotor,4,21989_a0b5037d,medium_rotor,0.999533,True
22334_677d00e0,medium_rotor,5,20858_15bdad00,medium_rotor,0.999311,True
22334_677d00e0,medium_rotor,6,20860_b8e9a191,medium_rotor,0.999102,True
22334_677d00e0,medium_rotor,7,23035_6087bb57,medium_rotor,0.998157,True
22334_677d00e0,medium_rotor,8,21358_a69a36f3,medium_rotor,0.998157,True
22334_677d00e0,medium_rotor,9,23434_6635ed57,medium_rotor,0.998157,True
22334_677d00e0,medium_rotor,10,23475_b14d1dc8,medium_rotor,0.998157,True
20643_71ad3d26,high_complexity_rotor,1,21839_a8eb6d34,high_complexity_rotor,0.999999,True
20643_71ad3d26,high_complexity_rotor,2,21838_5bc448b4,high_complexity_rotor,0.999996,True
20643_71ad3d26,high_complexity_rotor,3,22576_d05619d1,high_complexity_rotor,0.999982,True
20643_71ad3d26,high_complexity_rotor,4,20620_8a5226b4,high_complexity_rotor,0.999981,True
20643_71ad3d26,high_complexity_rotor,5,23101_6aec02ee,high_complexity_rotor,0.999981,True
20643_71ad3d26,high_complexity_rotor,6,22416_4cd31921,high_complexity_rotor,0.999978,True
20643_71ad3d26,high_complexity_rotor,7,22893_eb8aa8ac,high_complexity_rotor,0.999978,True
20643_71ad3d26,high_complexity_rotor,8,21081_72fa4ad1,high_complexity_rotor,0.999975,True
20643_71ad3d26,high_complexity_rotor,9,21843_effbd24d,high_complexity_rotor,0.999975,True
20643_71ad3d26,high_complexity_rotor,10,22419_dfeb5d33,high_complexity_rotor,0.999973,True
22839_113f2990,simple_rotor,1,21139_cd619b26,simple_rotor,1.0,True
22839_113f2990,simple_rotor,2,23103_66470b7e,simple_rotor,1.0,True
22839_113f2990,simple_rotor,3,23351_6104d55d,simple_rotor,1.0,True
22839_113f2990,simple_rotor,4,22746_920025a0,simple_rotor,1.0,True
22839_113f2990,simple_rotor,5,22349_6f67a96e,simple_rotor,1.0,True
22839_113f2990,simple_rotor,6,21243_3ec5d732,simple_rotor,1.0,True
22839_113f2990,simple_rotor,7,23387_c4aa9424,simple_rotor,1.0,True
22839_113f2990,simple_rotor,8,21793_4ad5e2c0,simple_rotor,1.0,True
22839_113f2990,simple_rotor,9,23163_7b143a6f,simple_rotor,1.0,True
22839_113f2990,simple_rotor,10,23403_e539620b,simple_rotor,1.0,True
20804_0dcacc66,simple_rotor,1,21139_cd619b26,simple_rotor,1.0,True
20804_0dcacc66,simple_rotor,2,23103_66470b7e,simple_rotor,1.0,True
20804_0dcacc66,simple_rotor,3,23351_6104d55d,simple_rotor,1.0,True
20804_0dcacc66,simple_rotor,4,22746_920025a0,simple_rotor,1.0,True
20804_0dcacc66,simple_rotor,5,22349_6f67a96e,simple_rotor,1.0,True
20804_0dcacc66,simple_rotor,6,21243_3ec5d732,simple_rotor,1.0,True
20804_0dcacc66,simple_rotor,7,23387_c4aa9424,simple_rotor,1.0,True
20804_0dcacc66,simple_rotor,8,21793_4ad5e2c0,simple_rotor,1.0,True
20804_0dcacc66,simple_rotor,9,23163_7b143a6f,simple_rotor,1.0,True
20804_0dcacc66,simple_rotor,10,23403_e539620b,simple_rotor,1.0,True
21353_4686c90c,simple_rotor,1,21139_cd619b26,simple_rotor,1.0,True
21353_4686c90c,simple_rotor,2,23103_66470b7e,simple_rotor,1.0,True
21353_4686c90c,simple_rotor,3,23351_6104d55d,simple_rotor,1.0,True
21353_4686c90c,simple_rotor,4,22746_920025a0,simple_rotor,1.0,True
21353_4686c90c,simple_rotor,5,22349_6f67a96e,simple_rotor,1.0,True
21353_4686c90c,simple_rotor,6,21243_3ec5d732,simple_rotor,1.0,True
21353_4686c90c,simple_rotor,7,23387_c4aa9424,simple_rotor,1.0,True
21353_4686c90c,simple_rotor,8,21793_4ad5e2c0,simple_rotor,1.0,True
21353_4686c90c,simple_rotor,9,23163_7b143a6f,simple_rotor,1.0,True
21353_4686c90c,simple_rotor,10,23403_e539620b,simple_rotor,1.0,True
23236_d5867507,simple_rotor,1,23210_f535bfd2,simple_rotor,1.0,True
23236_d5867507,simple_rotor,2,23218_02d26ab4,simple_rotor,0.999998,True
23236_d5867507,simple_rotor,3,23209_1592b0a4,simple_rotor,0.99981,True
23236_d5867507,simple_rotor,4,23244_34b5f55e,simple_rotor,0.999806,True
23236_d5867507,simple_rotor,5,23219_40625e2c,simple_rotor,0.998598,True
23236_d5867507,simple_rotor,6,23211_3aac9c7e,simple_rotor,0.997819,True
23236_d5867507,simple_rotor,7,20232_e5b060d9,simple_rotor,0.95,True
23236_d5867507,simple_rotor,8,23342_7193a931,simple_rotor,0.949965,True
23236_d5867507,simple_rotor,9,19518_f220b68a,simple_rotor,0.949806,True
23236_d5867507,simple_rotor,10,22073_951645ae,simple_rotor,0.949806,True
22070_fd1b8e5e,high_complexity_rotor,1,20799_213bf924,high_complexity_rotor,1.0,True
22070_fd1b8e5e,high_complexity_rotor,2,22417_4a15d62e,high_complexity_rotor,0.999984,True
22070_fd1b8e5e,high_complexity_rotor,3,22168_a84560a9,high_complexity_rotor,0.999981,True
22070_fd1b8e5e,high_complexity_rotor,4,21182_a480d230,high_complexity_rotor,0.999973,True
22070_fd1b8e5e,high_complexity_rotor,5,21849_a5f563a6,high_complexity_rotor,0.999973,True
22070_fd1b8e5e,high_complexity_rotor,6,21845_dff8b3a1,high_complexity_rotor,0.999966,True
22070_fd1b8e5e,high_complexity_rotor,7,21843_effbd24d,high_complexity_rotor,0.999957,True
22070_fd1b8e5e,high_complexity_rotor,8,21081_72fa4ad1,high_complexity_rotor,0.999957,True
22070_fd1b8e5e,high_complexity_rotor,9,22360_42cd6a21,high_complexity_rotor,0.999933,True
22070_fd1b8e5e,high_complexity_rotor,10,20697_d3e106b4,high_complexity_rotor,0.999926,True
20899_a8d7c6d5,medium_rotor,1,20989_d1b8b0f8,medium_rotor,1.0,True
20899_a8d7c6d5,medium_rotor,2,20688_955aae0c,medium_rotor,1.0,True
20899_a8d7c6d5,medium_rotor,3,22980_3cb3bcc8,medium_rotor,0.999999,True
20899_a8d7c6d5,medium_rotor,4,20755_4b5e61bf,medium_rotor,0.999995,True
20899_a8d7c6d5,medium_rotor,5,20892_b1f89c8d,medium_rotor,0.999953,True
20899_a8d7c6d5,medium_rotor,6,23132_1847c4ef,medium_rotor,0.999952,True
20899_a8d7c6d5,medium_rotor,7,22341_0f9c52ed,medium_rotor,0.999898,True
20899_a8d7c6d5,medium_rotor,8,21923_41fa6eda,medium_rotor,0.999818,True
20899_a8d7c6d5,medium_rotor,9,21626_b34008e6,medium_rotor,0.999813,True
20899_a8d7c6d5,medium_rotor,10,21513_50fb4d62,medium_rotor,0.999813,True
22415_658c81dd,complex_assembly,1,22717_08784417,complex_assembly,0.995297,True
22415_658c81dd,complex_assembly,2,21647_6b6cca6f,complex_assembly,0.994086,True
22415_658c81dd,complex_assembly,3,22306_c3dca308,complex_assembly,0.986299,True
22415_658c81dd,complex_assembly,4,23419_ea47995f,complex_assembly,0.985142,True
22415_658c81dd,complex_assembly,5,22211_b1ee53f0,complex_assembly,0.98333,True
22415_658c81dd,complex_assembly,6,23511_8651ac1f,high_complexity_rotor,0.983326,False
22415_658c81dd,complex_assembly,7,20546_87dbd755,complex_assembly,0.983219,True
22415_658c81dd,complex_assembly,8,22028_776fbf0d,complex_assembly,0.982708,True
22415_658c81dd,complex_assembly,9,23273_8f301ce3,complex_assembly,0.979447,True
22415_658c81dd,complex_assembly,10,22065_0d414124,complex_assembly,0.97865,True
20551_ff28a959,simple_rotor,1,20806_ca60b7ae,simple_rotor,1.0,True
20551_ff28a959,simple_rotor,2,20429_9dd95c38,simple_rotor,1.0,True
20551_ff28a959,simple_rotor,3,22154_24342da4,simple_rotor,1.0,True
20551_ff28a959,simple_rotor,4,22129_48b47c52,simple_rotor,1.0,True
20551_ff28a959,simple_rotor,5,21257_770fee9a,simple_rotor,1.0,True
20551_ff28a959,simple_rotor,6,20946_6573271d,simple_rotor,1.0,True
20551_ff28a959,simple_rotor,7,22047_5a090f16,simple_rotor,1.0,True
20551_ff28a959,simple_rotor,8,20429_419c4cdd,simple_rotor,1.0,True
20551_ff28a959,simple_rotor,9,21665_2e14b6ff,simple_rotor,1.0,True
20551_ff28a959,simple_rotor,10,22140_9cda24cc,simple_rotor,1.0,True
23434_6635ed57,medium_rotor,1,23213_3df3cb34,medium_rotor,1.0,True
23434_6635ed57,medium_rotor,2,21531_79015e13,medium_rotor,1.0,True
23434_6635ed57,medium_rotor,3,22852_dc1dbed6,medium_rotor,1.0,True
23434_6635ed57,medium_rotor,4,22577_cd96733e,medium_rotor,1.0,True
23434_6635ed57,medium_rotor,5,21974_1997ebc3,medium_rotor,1.0,True
23434_6635ed57,medium_rotor,6,20322_5a8c6077,medium_rotor,1.0,True
23434_6635ed57,medium_rotor,7,21594_428d32af,medium_rotor,1.0,True
23434_6635ed57,medium_rotor,8,23480_3f7a8d50,medium_rotor,1.0,True
23434_6635ed57,medium_rotor,9,21091_bbf490e7,medium_rotor,1.0,True
23434_6635ed57,medium_rotor,10,23417_9a9e9937,medium_rotor,1.0,True
23320_e0711ae9,symmetric_rotor,1,21490_d07ff9f8,symmetric_rotor,0.999981,True
23320_e0711ae9,symmetric_rotor,2,20609_69f28932,symmetric_rotor,0.999981,True
23320_e0711ae9,symmetric_rotor,3,22259_613f9d44,symmetric_rotor,0.999978,True
23320_e0711ae9,symmetric_rotor,4,22706_58a933f4,symmetric_rotor,0.999978,True
23320_e0711ae9,symmetric_rotor,5,22049_4da0d894,symmetric_rotor,0.999926,True
23320_e0711ae9,symmetric_rotor,6,7780_6c885e81,symmetric_rotor,0.999923,True
23320_e0711ae9,symmetric_rotor,7,21037_62248d34,symmetric_rotor,0.999923,True
23320_e0711ae9,symmetric_rotor,8,21478_8fbd4409,symmetric_rotor,0.999923,True
23320_e0711ae9,symmetric_rotor,9,22399_97987ada,symmetric_rotor,0.999923,True
23320_e0711ae9,symmetric_rotor,10,21386_e234c6b6,symmetric_rotor,0.999918,True
20892_b1f89c8d,medium_rotor,1,20755_4b5e61bf,medium_rotor,0.999979,True
20892_b1f89c8d,medium_rotor,2,20989_d1b8b0f8,medium_rotor,0.99996,True
20892_b1f89c8d,medium_rotor,3,20688_955aae0c,medium_rotor,0.99996,True
20892_b1f89c8d,medium_rotor,4,21626_b34008e6,medium_rotor,0.999953,True
20892_b1f89c8d,medium_rotor,5,21513_50fb4d62,medium_rotor,0.999953,True
20892_b1f89c8d,medium_rotor,6,20899_a8d7c6d5,medium_rotor,0.999953,True
20892_b1f89c8d,medium_rotor,7,22980_3cb3bcc8,medium_rotor,0.999938,True
20892_b1f89c8d,medium_rotor,8,20505_017d4cc4,medium_rotor,0.999902,True
20892_b1f89c8d,medium_rotor,9,23132_1847c4ef,medium_rotor,0.99981,True
20892_b1f89c8d,medium_rotor,10,22341_0f9c52ed,medium_rotor,0.999712,True
21761_fdb5f86d,simple_rotor,1,21139_cd619b26,simple_rotor,1.0,True
21761_fdb5f86d,simple_rotor,2,23103_66470b7e,simple_rotor,1.0,True
21761_fdb5f86d,simple_rotor,3,23351_6104d55d,simple_rotor,1.0,True
21761_fdb5f86d,simple_rotor,4,22746_920025a0,simple_rotor,1.0,True
21761_fdb5f86d,simple_rotor,5,22349_6f67a96e,simple_rotor,1.0,True
21761_fdb5f86d,simple_rotor,6,21243_3ec5d732,simple_rotor,1.0,True
21761_fdb5f86d,simple_rotor,7,23387_c4aa9424,simple_rotor,1.0,True
21761_fdb5f86d,simple_rotor,8,21793_4ad5e2c0,simple_rotor,1.0,True
21761_fdb5f86d,simple_rotor,9,23163_7b143a6f,simple_rotor,1.0,True
21761_fdb5f86d,simple_rotor,10,23403_e539620b,simple_rotor,1.0,True
22778_7d85debd,medium_rotor,1,21539_cfe1f7fd,medium_rotor,0.999999,True
22778_7d85debd,medium_rotor,2,22228_1c82530b,medium_rotor,0.999971,True
22778_7d85debd,medium_rotor,3,19810_f77c5501,medium_rotor,0.999965,True
22778_7d85debd,medium_rotor,4,21745_56cbe841,medium_rotor,0.99992,True
22778_7d85debd,medium_rotor,5,22474_b10fea1a,medium_rotor,0.999912,True
22778_7d85debd,medium_rotor,6,22919_3ee91d1a,medium_rotor,0.999892,True
22778_7d85debd,medium_rotor,7,20215_e2eb3082,medium_rotor,0.999825,True
22778_7d85debd,medium_rotor,8,21601_360ce1c7,medium_rotor,0.999825,True
22778_7d85debd,medium_rotor,9,20182_71b9e491,medium_rotor,0.999825,True
22778_7d85debd,medium_rotor,10,20505_017d4cc4,medium_rotor,0.999707,True
20958_94222947,simple_rotor,1,22732_cd2af0ac,simple_rotor,1.0,True
20958_94222947,simple_rotor,2,21634_e5e20375,simple_rotor,1.0,True
20958_94222947,simple_rotor,3,20385_f2d30908,simple_rotor,1.0,True
20958_94222947,simple_rotor,4,21119_4f5c95a6,simple_rotor,0.95,True
20958_94222947,simple_rotor,5,20479_77930584,simple_rotor,0.95,True
20958_94222947,simple_rotor,6,21611_1d3ff1b6,simple_rotor,0.95,True
20958_94222947,simple_rotor,7,20898_5f5b9bc7,simple_rotor,0.95,True
20958_94222947,simple_rotor,8,21274_2fb8c3f5,simple_rotor,0.95,True
20958_94222947,simple_rotor,9,21459_a9de5e5b,simple_rotor,0.95,True
20958_94222947,simple_rotor,10,20741_c337946f,simple_rotor,0.95,True
23006_92c5b990,simple_rotor,1,21139_cd619b26,simple_rotor,1.0,True
23006_92c5b990,simple_rotor,2,23103_66470b7e,simple_rotor,1.0,True
23006_92c5b990,simple_rotor,3,23351_6104d55d,simple_rotor,1.0,True
23006_92c5b990,simple_rotor,4,22746_920025a0,simple_rotor,1.0,True
23006_92c5b990,simple_rotor,5,22349_6f67a96e,simple_rotor,1.0,True
23006_92c5b990,simple_rotor,6,21243_3ec5d732,simple_rotor,1.0,True
23006_92c5b990,simple_rotor,7,23387_c4aa9424,simple_rotor,1.0,True
23006_92c5b990,simple_rotor,8,21793_4ad5e2c0,simple_rotor,1.0,True
23006_92c5b990,simple_rotor,9,23163_7b143a6f,simple_rotor,1.0,True
23006_92c5b990,simple_rotor,10,23403_e539620b,simple_rotor,1.0,True
20705_ac2a0325,simple_rotor,1,21139_cd619b26,simple_rotor,1.0,True
20705_ac2a0325,simple_rotor,2,23103_66470b7e,simple_rotor,1.0,True
20705_ac2a0325,simple_rotor,3,23351_6104d55d,simple_rotor,1.0,True
20705_ac2a0325,simple_rotor,4,22746_920025a0,simple_rotor,1.0,True
20705_ac2a0325,simple_rotor,5,22349_6f67a96e,simple_rotor,1.0,True
20705_ac2a0325,simple_rotor,6,21243_3ec5d732,simple_rotor,1.0,True
20705_ac2a0325,simple_rotor,7,23387_c4aa9424,simple_rotor,1.0,True
20705_ac2a0325,simple_rotor,8,21793_4ad5e2c0,simple_rotor,1.0,True
20705_ac2a0325,simple_rotor,9,23163_7b143a6f,simple_rotor,1.0,True
20705_ac2a0325,simple_rotor,10,23403_e539620b,simple_rotor,1.0,True
22919_3ee91d1a,medium_rotor,1,22474_b10fea1a,medium_rotor,0.999999,True
22919_3ee91d1a,medium_rotor,2,20215_e2eb3082,medium_rotor,0.999992,True
22919_3ee91d1a,medium_rotor,3,21601_360ce1c7,medium_rotor,0.999992,True
22919_3ee91d1a,medium_rotor,4,20182_71b9e491,medium_rotor,0.999992,True
22919_3ee91d1a,medium_rotor,5,19810_f77c5501,medium_rotor,0.99998,True
22919_3ee91d1a,medium_rotor,6,23176_1bf2a2d5,medium_rotor,0.999948,True
22919_3ee91d1a,medium_rotor,7,21539_cfe1f7fd,medium_rotor,0.999912,True
22919_3ee91d1a,medium_rotor,8,20319_9f53cd7c,medium_rotor,0.999897,True
22919_3ee91d1a,medium_rotor,9,22778_7d85debd,medium_rotor,0.999892,True
22919_3ee91d1a,medium_rotor,10,22228_1c82530b,medium_rotor,0.999752,True
23342_7193a931,simple_rotor,1,20232_e5b060d9,simple_rotor,0.999965,True
23342_7193a931,simple_rotor,2,20495_e8e7e80c,simple_rotor,0.999785,True
23342_7193a931,simple_rotor,3,22073_951645ae,simple_rotor,0.999606,True
23342_7193a931,simple_rotor,4,20478_c02790cb,simple_rotor,0.999606,True
23342_7193a931,simple_rotor,5,21469_abec26c4,simple_rotor,0.999606,True
23342_7193a931,simple_rotor,6,20193_2da4f0a0,simple_rotor,0.999606,True
23342_7193a931,simple_rotor,7,23265_07de6a0b,simple_rotor,0.999606,True
23342_7193a931,simple_rotor,8,22133_465d7a91,simple_rotor,0.999606,True
23342_7193a931,simple_rotor,9,22747_3f6faf4c,simple_rotor,0.999327,True
23342_7193a931,simple_rotor,10,21184_971559b6,simple_rotor,0.999004,True
21563_c72d37a2,medium_rotor,1,23213_3df3cb34,medium_rotor,1.0,True
21563_c72d37a2,medium_rotor,2,21531_79015e13,medium_rotor,1.0,True
21563_c72d37a2,medium_rotor,3,22852_dc1dbed6,medium_rotor,1.0,True
21563_c72d37a2,medium_rotor,4,22577_cd96733e,medium_rotor,1.0,True
21563_c72d37a2,medium_rotor,5,21974_1997ebc3,medium_rotor,1.0,True
21563_c72d37a2,medium_rotor,6,20322_5a8c6077,medium_rotor,1.0,True
21563_c72d37a2,medium_rotor,7,21594_428d32af,medium_rotor,1.0,True
21563_c72d37a2,medium_rotor,8,23480_3f7a8d50,medium_rotor,1.0,True
21563_c72d37a2,medium_rotor,9,21091_bbf490e7,medium_rotor,1.0,True
21563_c72d37a2,medium_rotor,10,23417_9a9e9937,medium_rotor,1.0,True
23214_0c411aa1,medium_rotor,1,23213_3df3cb34,medium_rotor,1.0,True
23214_0c411aa1,medium_rotor,2,21531_79015e13,medium_rotor,1.0,True
23214_0c411aa1,medium_rotor,3,22852_dc1dbed6,medium_rotor,1.0,True
23214_0c411aa1,medium_rotor,4,22577_cd96733e,medium_rotor,1.0,True
23214_0c411aa1,medium_rotor,5,21974_1997ebc3,medium_rotor,1.0,True
23214_0c411aa1,medium_rotor,6,20322_5a8c6077,medium_rotor,1.0,True
23214_0c411aa1,medium_rotor,7,21594_428d32af,medium_rotor,1.0,True
23214_0c411aa1,medium_rotor,8,23480_3f7a8d50,medium_rotor,1.0,True
23214_0c411aa1,medium_rotor,9,21091_bbf490e7,medium_rotor,1.0,True
23214_0c411aa1,medium_rotor,10,23417_9a9e9937,medium_rotor,1.0,True
21619_19435db0,simple_rotor,1,21139_cd619b26,simple_rotor,1.0,True
21619_19435db0,simple_rotor,2,23103_66470b7e,simple_rotor,1.0,True
21619_19435db0,simple_rotor,3,23351_6104d55d,simple_rotor,1.0,True
21619_19435db0,simple_rotor,4,22746_920025a0,simple_rotor,1.0,True
21619_19435db0,simple_rotor,5,22349_6f67a96e,simple_rotor,1.0,True
21619_19435db0,simple_rotor,6,21243_3ec5d732,simple_rotor,1.0,True
21619_19435db0,simple_rotor,7,23387_c4aa9424,simple_rotor,1.0,True
21619_19435db0,simple_rotor,8,21793_4ad5e2c0,simple_rotor,1.0,True
21619_19435db0,simple_rotor,9,23163_7b143a6f,simple_rotor,1.0,True
21619_19435db0,simple_rotor,10,23403_e539620b,simple_rotor,1.0,True
22900_09de4c7a,high_complexity_rotor,1,23130_7417d5b3,high_complexity_rotor,1.0,True
22900_09de4c7a,high_complexity_rotor,2,22528_f3370a64,high_complexity_rotor,1.0,True
22900_09de4c7a,high_complexity_rotor,3,22890_4ecfa491,high_complexity_rotor,1.0,True
22900_09de4c7a,high_complexity_rotor,4,20765_99d0665e,high_complexity_rotor,1.0,True
22900_09de4c7a,high_complexity_rotor,5,23048_8a1a5553,high_complexity_rotor,1.0,True
22900_09de4c7a,high_complexity_rotor,6,22405_20f11d58,high_complexity_rotor,1.0,True
22900_09de4c7a,high_complexity_rotor,7,21093_1bda9bbe,high_complexity_rotor,1.0,True
22900_09de4c7a,high_complexity_rotor,8,21063_037107dc,high_complexity_rotor,1.0,True
22900_09de4c7a,high_complexity_rotor,9,22402_a62e84b4,high_complexity_rotor,1.0,True
22900_09de4c7a,high_complexity_rotor,10,23251_3eb3d2e6,high_complexity_rotor,1.0,True
21570_9cb1d1c4,simple_rotor,1,20947_115d4058,simple_rotor,1.0,True
21570_9cb1d1c4,simple_rotor,2,23250_aa321310,simple_rotor,1.0,True
21570_9cb1d1c4,simple_rotor,3,20838_86c931be,simple_rotor,1.0,True
21570_9cb1d1c4,simple_rotor,4,20910_c64b5d1b,simple_rotor,1.0,True
21570_9cb1d1c4,simple_rotor,5,22261_6efe61e3,simple_rotor,1.0,True
21570_9cb1d1c4,simple_rotor,6,21495_ebbbd369,simple_rotor,0.95,True
21570_9cb1d1c4,simple_rotor,7,22498_b8bdb105,simple_rotor,0.95,True
21570_9cb1d1c4,simple_rotor,8,21616_c6c3347a,simple_rotor,0.95,True
21570_9cb1d1c4,simple_rotor,9,20672_0bc07cce,simple_rotor,0.95,True
21570_9cb1d1c4,simple_rotor,10,21274_2fb8c3f5,simple_rotor,0.95,True
21051_5d118b91,simple_rotor,1,21139_cd619b26,simple_rotor,1.0,True
21051_5d118b91,simple_rotor,2,23103_66470b7e,simple_rotor,1.0,True
21051_5d118b91,simple_rotor,3,23351_6104d55d,simple_rotor,1.0,True
21051_5d118b91,simple_rotor,4,22746_920025a0,simple_rotor,1.0,True
21051_5d118b91,simple_rotor,5,22349_6f67a96e,simple_rotor,1.0,True
21051_5d118b91,simple_rotor,6,21243_3ec5d732,simple_rotor,1.0,True
21051_5d118b91,simple_rotor,7,23387_c4aa9424,simple_rotor,1.0,True
21051_5d118b91,simple_rotor,8,21793_4ad5e2c0,simple_rotor,1.0,True
21051_5d118b91,simple_rotor,9,23163_7b143a6f,simple_rotor,1.0,True
21051_5d118b91,simple_rotor,10,23403_e539620b,simple_rotor,1.0,True
21614_5d6afa62,simple_rotor,1,21139_cd619b26,simple_rotor,1.0,True
21614_5d6afa62,simple_rotor,2,23103_66470b7e,simple_rotor,1.0,True
21614_5d6afa62,simple_rotor,3,23351_6104d55d,simple_rotor,1.0,True
21614_5d6afa62,simple_rotor,4,22746_920025a0,simple_rotor,1.0,True
21614_5d6afa62,simple_rotor,5,22349_6f67a96e,simple_rotor,1.0,True
21614_5d6afa62,simple_rotor,6,21243_3ec5d732,simple_rotor,1.0,True
21614_5d6afa62,simple_rotor,7,23387_c4aa9424,simple_rotor,1.0,True
21614_5d6afa62,simple_rotor,8,21793_4ad5e2c0,simple_rotor,1.0,True
21614_5d6afa62,simple_rotor,9,23163_7b143a6f,simple_rotor,1.0,True
21614_5d6afa62,simple_rotor,10,23403_e539620b,simple_rotor,1.0,True
21974_1997ebc3,medium_rotor,1,23213_3df3cb34,medium_rotor,1.0,True
21974_1997ebc3,medium_rotor,2,22383_e5f707a7,medium_rotor,1.0,True
21974_1997ebc3,medium_rotor,3,22852_dc1dbed6,medium_rotor,1.0,True
21974_1997ebc3,medium_rotor,4,20322_daa5c577,medium_rotor,1.0,True
21974_1997ebc3,medium_rotor,5,22577_cd96733e,medium_rotor,1.0,True
21974_1997ebc3,medium_rotor,6,20322_5a8c6077,medium_rotor,1.0,True
21974_1997ebc3,medium_rotor,7,21594_428d32af,medium_rotor,1.0,True
21974_1997ebc3,medium_rotor,8,23480_3f7a8d50,medium_rotor,1.0,True
21974_1997ebc3,medium_rotor,9,21091_bbf490e7,medium_rotor,1.0,True
21974_1997ebc3,medium_rotor,10,23417_9a9e9937,medium_rotor,1.0,True
22652_dc7405ef,high_complexity_rotor,1,22065_0d414124,complex_assembly,0.999717,False
22652_dc7405ef,high_complexity_rotor,2,20279_aed6b3b3,high_complexity_rotor,0.999705,True
22652_dc7405ef,high_complexity_rotor,3,21697_06656699,high_complexity_rotor,0.999699,True
22652_dc7405ef,high_complexity_rotor,4,20818_098cad7c,high_complexity_rotor,0.999644,True
22652_dc7405ef,high_complexity_rotor,5,23273_8f301ce3,complex_assembly,0.999556,False
22652_dc7405ef,high_complexity_rotor,6,21709_4dd88551,high_complexity_rotor,0.999537,True
22652_dc7405ef,high_complexity_rotor,7,23233_ac09e2e5,high_complexity_rotor,0.999346,True
22652_dc7405ef,high_complexity_rotor,8,22211_b1ee53f0,complex_assembly,0.999292,False
22652_dc7405ef,high_complexity_rotor,9,20546_87dbd755,complex_assembly,0.999249,False
22652_dc7405ef,high_complexity_rotor,10,23258_87a2ba81,high_complexity_rotor,0.999105,True
20341_6a1588fb,simple_rotor,1,21533_8837772a,simple_rotor,0.999892,True
20341_6a1588fb,simple_rotor,2,20671_33532794,simple_rotor,0.959236,True
20341_6a1588fb,simple_rotor,3,22377_d490f505,simple_rotor,0.95,True
20341_6a1588fb,simple_rotor,4,20994_9c88b1ba,simple_rotor,0.95,True
20341_6a1588fb,simple_rotor,5,22374_aa5bb54d,simple_rotor,0.95,True
20341_6a1588fb,simple_rotor,6,20756_75f43564,simple_rotor,0.95,True
20341_6a1588fb,simple_rotor,7,20802_802b7d69,simple_rotor,0.95,True
20341_6a1588fb,simple_rotor,8,20803_473c87ac,simple_rotor,0.95,True
20341_6a1588fb,simple_rotor,9,20814_5a2be0fb,simple_rotor,0.95,True
20341_6a1588fb,simple_rotor,10,20332_0c2a24aa,simple_rotor,0.95,True
21426_51651a10,simple_rotor,1,22671_fdd1b1e6,simple_rotor,1.0,True
21426_51651a10,simple_rotor,2,23103_66470b7e,simple_rotor,1.0,True
21426_51651a10,simple_rotor,3,23351_6104d55d,simple_rotor,1.0,True
21426_51651a10,simple_rotor,4,22746_920025a0,simple_rotor,1.0,True
21426_51651a10,simple_rotor,5,22349_6f67a96e,simple_rotor,1.0,True
21426_51651a10,simple_rotor,6,21243_3ec5d732,simple_rotor,1.0,True
21426_51651a10,simple_rotor,7,23387_c4aa9424,simple_rotor,1.0,True
21426_51651a10,simple_rotor,8,21793_4ad5e2c0,simple_rotor,1.0,True
21426_51651a10,simple_rotor,9,23163_7b143a6f,simple_rotor,1.0,True
21426_51651a10,simple_rotor,10,23403_e539620b,simple_rotor,1.0,True
22298_51433023,complex_assembly,1,21986_67c5509a,complex_assembly,1.0,True
22298_51433023,complex_assembly,2,23235_f9ccb8b0,complex_assembly,0.999972,True
22298_51433023,complex_assembly,3,21582_a3d32115,complex_assembly,0.999954,True
22298_51433023,complex_assembly,4,20165_2b088be5,high_complexity_rotor,0.999942,False
22298_51433023,complex_assembly,5,22670_9353c710,complex_assembly,0.999942,True
22298_51433023,complex_assembly,6,21545_4384f96e,complex_assembly,0.99994,True
22298_51433023,complex_assembly,7,20952_b8a54213,complex_assembly,0.999853,True
22298_51433023,complex_assembly,8,22581_406c16c4,complex_assembly,0.999818,True
22298_51433023,complex_assembly,9,22535_0ba01cc9,complex_assembly,0.99976,True
22298_51433023,complex_assembly,10,19051_26735260,high_complexity_rotor,0.999746,False
22491_a33562ad,complex_assembly,1,23271_f833d903,complex_assembly,0.999992,True
22491_a33562ad,complex_assembly,2,22357_e2f7b060,complex_assembly,0.999986,True
22491_a33562ad,complex_assembly,3,23123_f35404c4,complex_assembly,0.999984,True
22491_a33562ad,complex_assembly,4,23282_a1b17daa,complex_assembly,0.999974,True
22491_a33562ad,complex_assembly,5,21918_976c2754,high_complexity_rotor,0.999912,False
22491_a33562ad,complex_assembly,6,21421_fb12b69b,complex_assembly,0.99991,True
22491_a33562ad,complex_assembly,7,21762_90d34d16,high_complexity_rotor,0.999899,False
22491_a33562ad,complex_assembly,8,21236_b696e901,complex_assembly,0.999872,True
22491_a33562ad,complex_assembly,9,21024_9be3d461,high_complexity_rotor,0.999594,False
22491_a33562ad,complex_assembly,10,21519_3e869afd,high_complexity_rotor,0.999447,False
20421_0fd51709,high_complexity_rotor,1,20477_633cca4f,high_complexity_rotor,0.999999,True
20421_0fd51709,high_complexity_rotor,2,22027_11a2e852,high_complexity_rotor,0.999919,True
20421_0fd51709,high_complexity_rotor,3,21685_93737a7a,high_complexity_rotor,0.998491,True
20421_0fd51709,high_complexity_rotor,4,22416_4cd31921,high_complexity_rotor,0.95,True
20421_0fd51709,high_complexity_rotor,5,22893_eb8aa8ac,high_complexity_rotor,0.95,True
20421_0fd51709,high_complexity_rotor,6,22419_dfeb5d33,high_complexity_rotor,0.949999,True
20421_0fd51709,high_complexity_rotor,7,20620_8a5226b4,high_complexity_rotor,0.949999,True
20421_0fd51709,high_complexity_rotor,8,23101_6aec02ee,high_complexity_rotor,0.949999,True
20421_0fd51709,high_complexity_rotor,9,22576_d05619d1,high_complexity_rotor,0.949996,True
20421_0fd51709,high_complexity_rotor,10,21838_5bc448b4,high_complexity_rotor,0.949982,True
23136_2b469508,simple_rotor,1,21391_78fc6345,simple_rotor,0.99896,True
23136_2b469508,simple_rotor,2,22014_5880c417,simple_rotor,0.998503,True
23136_2b469508,simple_rotor,3,22862_f5406bb0,simple_rotor,0.998503,True
23136_2b469508,simple_rotor,4,21357_9edfc0a0,simple_rotor,0.998503,True
23136_2b469508,simple_rotor,5,20841_1620ae7d,simple_rotor,0.998503,True
23136_2b469508,simple_rotor,6,22378_234fea2c,simple_rotor,0.994901,True
23136_2b469508,simple_rotor,7,21165_5cb2d287,simple_rotor,0.994901,True
23136_2b469508,simple_rotor,8,20436_41b730a3,simple_rotor,0.994901,True
23136_2b469508,simple_rotor,9,23215_08a54de0,simple_rotor,0.994901,True
23136_2b469508,simple_rotor,10,20186_f66e4ad3,simple_rotor,0.994901,True
23168_7fdf5427,high_complexity_rotor,1,23217_7c6062e3,high_complexity_rotor,0.999975,True
23168_7fdf5427,high_complexity_rotor,2,20745_3e22ad07,high_complexity_rotor,0.999975,True
23168_7fdf5427,high_complexity_rotor,3,21300_ec7da33e,high_complexity_rotor,0.999965,True
23168_7fdf5427,high_complexity_rotor,4,23377_690165aa,high_complexity_rotor,0.999946,True
23168_7fdf5427,high_complexity_rotor,5,22278_12f1fb79,high_complexity_rotor,0.99988,True
23168_7fdf5427,high_complexity_rotor,6,23378_8d6426ae,high_complexity_rotor,0.999789,True
23168_7fdf5427,high_complexity_rotor,7,22428_c1ffa51a,high_complexity_rotor,0.99973,True
23168_7fdf5427,high_complexity_rotor,8,21174_861bd902,high_complexity_rotor,0.999563,True
23168_7fdf5427,high_complexity_rotor,9,19596_fb9531a5,high_complexity_rotor,0.999455,True
23168_7fdf5427,high_complexity_rotor,10,23155_d7305c5f,high_complexity_rotor,0.999429,True
20841_1620ae7d,simple_rotor,1,22014_5880c417,simple_rotor,1.0,True
20841_1620ae7d,simple_rotor,2,22862_f5406bb0,simple_rotor,1.0,True
20841_1620ae7d,simple_rotor,3,21357_9edfc0a0,simple_rotor,1.0,True
20841_1620ae7d,simple_rotor,4,23136_2b469508,simple_rotor,0.998503,True
20841_1620ae7d,simple_rotor,5,21391_78fc6345,simple_rotor,0.994971,True
20841_1620ae7d,simple_rotor,6,22378_234fea2c,simple_rotor,0.987901,True
20841_1620ae7d,simple_rotor,7,20436_41b730a3,simple_rotor,0.987901,True
20841_1620ae7d,simple_rotor,8,21165_5cb2d287,simple_rotor,0.987901,True
20841_1620ae7d,simple_rotor,9,23215_08a54de0,simple_rotor,0.987901,True
20841_1620ae7d,simple_rotor,10,22227_aca28ff2,simple_rotor,0.987901,True
20216_89b90993,simple_rotor,1,20822_5bb36119,simple_rotor,1.0,True
20216_89b90993,simple_rotor,2,20451_557fe5cd,simple_rotor,1.0,True
20216_89b90993,simple_rotor,3,22147_12995368,simple_rotor,1.0,True
20216_89b90993,simple_rotor,4,23103_43bde2a6,simple_rotor,1.0,True
20216_89b90993,simple_rotor,5,20807_88c198d5,simple_rotor,1.0,True
20216_89b90993,simple_rotor,6,20451_84d8b290,simple_rotor,1.0,True
20216_89b90993,simple_rotor,7,22508_6bb410af,simple_rotor,0.999999,True
20216_89b90993,simple_rotor,8,20731_fbdc7731,simple_rotor,0.999999,True
20216_89b90993,simple_rotor,9,22367_b4a67e61,simple_rotor,0.999999,True
20216_89b90993,simple_rotor,10,21862_ec534e16,simple_rotor,0.999999,True
20157_db99ab88,medium_rotor,1,21048_75cc125c,medium_rotor,0.998252,True
20157_db99ab88,medium_rotor,2,22078_1758e9fc,medium_rotor,0.997804,True
20157_db99ab88,medium_rotor,3,22062_2d6b3b72,medium_rotor,0.951983,True
20157_db99ab88,medium_rotor,4,20431_0088a0dd,medium_rotor,0.95,True
20157_db99ab88,medium_rotor,5,22630_b6010fff,medium_rotor,0.949959,True
20157_db99ab88,medium_rotor,6,21858_f1409ea2,medium_rotor,0.949245,True
20157_db99ab88,medium_rotor,7,20239_49b65a55,medium_rotor,0.949193,True
20157_db99ab88,medium_rotor,8,21621_711e1918,medium_rotor,0.948799,True
20157_db99ab88,medium_rotor,9,23305_2662b29a,medium_rotor,0.948343,True
20157_db99ab88,medium_rotor,10,21365_ab403591,medium_rotor,0.948252,True
21329_1bfecd1d,high_complexity_rotor,1,22331_152ee5c0,high_complexity_rotor,0.999981,True
21329_1bfecd1d,high_complexity_rotor,2,21839_a8eb6d34,high_complexity_rotor,0.95,True
21329_1bfecd1d,high_complexity_rotor,3,21838_5bc448b4,high_complexity_rotor,0.949999,True
21329_1bfecd1d,high_complexity_rotor,4,20643_71ad3d26,high_complexity_rotor,0.949999,True
21329_1bfecd1d,high_complexity_rotor,5,21843_effbd24d,high_complexity_rotor,0.949984,True
21329_1bfecd1d,high_complexity_rotor,6,21081_72fa4ad1,high_complexity_rotor,0.949984,True
21329_1bfecd1d,high_complexity_rotor,7,20620_8a5226b4,high_complexity_rotor,0.949982,True
21329_1bfecd1d,high_complexity_rotor,8,20477_633cca4f,high_complexity_rotor,0.949982,True
21329_1bfecd1d,high_complexity_rotor,9,23101_6aec02ee,high_complexity_rotor,0.949982,True
21329_1bfecd1d,high_complexity_rotor,10,22416_4cd31921,high_complexity_rotor,0.949981,True
23403_e539620b,simple_rotor,1,22671_fdd1b1e6,simple_rotor,1.0,True
23403_e539620b,simple_rotor,2,21865_c190b734,simple_rotor,1.0,True
23403_e539620b,simple_rotor,3,23351_6104d55d,simple_rotor,1.0,True
23403_e539620b,simple_rotor,4,22746_920025a0,simple_rotor,1.0,True
23403_e539620b,simple_rotor,5,22349_6f67a96e,simple_rotor,1.0,True
23403_e539620b,simple_rotor,6,21243_3ec5d732,simple_rotor,1.0,True
23403_e539620b,simple_rotor,7,23387_c4aa9424,simple_rotor,1.0,True
23403_e539620b,simple_rotor,8,21793_4ad5e2c0,simple_rotor,1.0,True
23403_e539620b,simple_rotor,9,23163_7b143a6f,simple_rotor,1.0,True
23403_e539620b,simple_rotor,10,20342_c140780b,simple_rotor,1.0,True
22074_c0265b0d,medium_rotor,1,23152_6f2706c9,medium_rotor,1.0,True
22074_c0265b0d,medium_rotor,2,23238_3c864758,medium_rotor,1.0,True
22074_c0265b0d,medium_rotor,3,23354_8182b4eb,medium_rotor,1.0,True
22074_c0265b0d,medium_rotor,4,21715_53df62c9,medium_rotor,1.0,True
22074_c0265b0d,medium_rotor,5,20414_a33bd0d7,medium_rotor,1.0,True
22074_c0265b0d,medium_rotor,6,23034_b38134ee,medium_rotor,1.0,True
22074_c0265b0d,medium_rotor,7,21884_cc2c39f9,medium_rotor,1.0,True
22074_c0265b0d,medium_rotor,8,21600_0027c6fc,medium_rotor,1.0,True
22074_c0265b0d,medium_rotor,9,20817_ef63b1a7,medium_rotor,1.0,True
22074_c0265b0d,medium_rotor,10,23366_cc0bc28e,medium_rotor,1.0,True
21281_6e562106,medium_rotor,1,23213_3df3cb34,medium_rotor,1.0,True
21281_6e562106,medium_rotor,2,22383_e5f707a7,medium_rotor,1.0,True
21281_6e562106,medium_rotor,3,22852_dc1dbed6,medium_rotor,1.0,True
21281_6e562106,medium_rotor,4,20322_daa5c577,medium_rotor,1.0,True
21281_6e562106,medium_rotor,5,22577_cd96733e,medium_rotor,1.0,True
21281_6e562106,medium_rotor,6,21974_1997ebc3,medium_rotor,1.0,True
21281_6e562106,medium_rotor,7,21594_428d32af,medium_rotor,1.0,True
21281_6e562106,medium_rotor,8,23480_3f7a8d50,medium_rotor,1.0,True
21281_6e562106,medium_rotor,9,21091_bbf490e7,medium_rotor,1.0,True
21281_6e562106,medium_rotor,10,20322_5a8c6077,medium_rotor,1.0,True
21793_4ad5e2c0,simple_rotor,1,22671_fdd1b1e6,simple_rotor,1.0,True
21793_4ad5e2c0,simple_rotor,2,21865_c190b734,simple_rotor,1.0,True
21793_4ad5e2c0,simple_rotor,3,23351_6104d55d,simple_rotor,1.0,True
21793_4ad5e2c0,simple_rotor,4,22746_920025a0,simple_rotor,1.0,True
21793_4ad5e2c0,simple_rotor,5,22349_6f67a96e,simple_rotor,1.0,True
21793_4ad5e2c0,simple_rotor,6,21243_3ec5d732,simple_rotor,1.0,True
21793_4ad5e2c0,simple_rotor,7,23387_c4aa9424,simple_rotor,1.0,True
21793_4ad5e2c0,simple_rotor,8,20342_c140780b,simple_rotor,1.0,True
21793_4ad5e2c0,simple_rotor,9,23163_7b143a6f,simple_rotor,1.0,True
21793_4ad5e2c0,simple_rotor,10,23403_e539620b,simple_rotor,1.0,True
20319_9f53cd7c,medium_rotor,1,23176_1bf2a2d5,medium_rotor,0.999992,True
20319_9f53cd7c,medium_rotor,2,22072_5163223a,medium_rotor,0.999967,True
20319_9f53cd7c,medium_rotor,3,20215_e2eb3082,medium_rotor,0.999947,True
20319_9f53cd7c,medium_rotor,4,21601_360ce1c7,medium_rotor,0.999947,True
20319_9f53cd7c,medium_rotor,5,20182_71b9e491,medium_rotor,0.999947,True
20319_9f53cd7c,medium_rotor,6,22919_3ee91d1a,medium_rotor,0.999897,True
20319_9f53cd7c,medium_rotor,7,22474_b10fea1a,medium_rotor,0.999876,True
20319_9f53cd7c,medium_rotor,8,22045_ead71aca,medium_rotor,0.999793,True
20319_9f53cd7c,medium_rotor,9,20779_fc5a7c3d,medium_rotor,0.999793,True
20319_9f53cd7c,medium_rotor,10,19810_f77c5501,medium_rotor,0.999786,True
23387_c4aa9424,simple_rotor,1,22671_fdd1b1e6,simple_rotor,1.0,True
23387_c4aa9424,simple_rotor,2,21865_c190b734,simple_rotor,1.0,True
23387_c4aa9424,simple_rotor,3,23351_6104d55d,simple_rotor,1.0,True
23387_c4aa9424,simple_rotor,4,22746_920025a0,simple_rotor,1.0,True
23387_c4aa9424,simple_rotor,5,22349_6f67a96e,simple_rotor,1.0,True
23387_c4aa9424,simple_rotor,6,21243_3ec5d732,simple_rotor,1.0,True
23387_c4aa9424,simple_rotor,7,20342_c140780b,simple_rotor,1.0,True
23387_c4aa9424,simple_rotor,8,21793_4ad5e2c0,simple_rotor,1.0,True
23387_c4aa9424,simple_rotor,9,23163_7b143a6f,simple_rotor,1.0,True
23387_c4aa9424,simple_rotor,10,23403_e539620b,simple_rotor,1.0,True
22892_68138f24,symmetric_rotor,1,21248_0a862e3e,symmetric_rotor,1.0,True
22892_68138f24,symmetric_rotor,2,21961_1a090a8b,symmetric_rotor,1.0,True
22892_68138f24,symmetric_rotor,3,20237_06b27bf5,symmetric_rotor,1.0,True
22892_68138f24,symmetric_rotor,4,22983_0ab3faaf,symmetric_rotor,1.0,True
22892_68138f24,symmetric_rotor,5,22365_a4eb929c,symmetric_rotor,1.0,True
22892_68138f24,symmetric_rotor,6,22155_ab18f2b6,symmetric_rotor,1.0,True
22892_68138f24,symmetric_rotor,7,23037_d0df320c,symmetric_rotor,0.999999,True
22892_68138f24,symmetric_rotor,8,22057_4947db57,symmetric_rotor,0.999999,True
22892_68138f24,symmetric_rotor,9,22311_553b3456,symmetric_rotor,0.999999,True
22892_68138f24,symmetric_rotor,10,22762_dcbdd14d,symmetric_rotor,0.999999,True
21300_ec7da33e,high_complexity_rotor,1,23168_7fdf5427,high_complexity_rotor,0.999965,True
21300_ec7da33e,high_complexity_rotor,2,23378_8d6426ae,high_complexity_rotor,0.999919,True
21300_ec7da33e,high_complexity_rotor,3,22428_c1ffa51a,high_complexity_rotor,0.999884,True
21300_ec7da33e,high_complexity_rotor,4,23217_7c6062e3,high_complexity_rotor,0.999881,True
21300_ec7da33e,high_complexity_rotor,5,20745_3e22ad07,high_complexity_rotor,0.999881,True
21300_ec7da33e,high_complexity_rotor,6,23377_690165aa,high_complexity_rotor,0.99984,True
21300_ec7da33e,high_complexity_rotor,7,22278_12f1fb79,high_complexity_rotor,0.999714,True
21300_ec7da33e,high_complexity_rotor,8,21174_861bd902,high_complexity_rotor,0.999279,True
21300_ec7da33e,high_complexity_rotor,9,21134_7aa7cd89,high_complexity_rotor,0.999247,True
21300_ec7da33e,high_complexity_rotor,10,19596_fb9531a5,high_complexity_rotor,0.99923,True
21805_2ba39d00,high_complexity_rotor,1,23467_9f431540,high_complexity_rotor,1.0,True
21805_2ba39d00,high_complexity_rotor,2,21204_96d26a7f,high_complexity_rotor,0.999981,True
21805_2ba39d00,high_complexity_rotor,3,23309_76dcf100,high_complexity_rotor,0.999981,True
21805_2ba39d00,high_complexity_rotor,4,20737_5249e274,high_complexity_rotor,0.999981,True
21805_2ba39d00,high_complexity_rotor,5,21511_d07c59c2,high_complexity_rotor,0.999978,True
21805_2ba39d00,high_complexity_rotor,6,22894_5f7c276d,high_complexity_rotor,0.999926,True
21805_2ba39d00,high_complexity_rotor,7,23233_ac09e2e5,high_complexity_rotor,0.999774,True
21805_2ba39d00,high_complexity_rotor,8,23258_87a2ba81,high_complexity_rotor,0.999705,True
21805_2ba39d00,high_complexity_rotor,9,21352_c1101acb,high_complexity_rotor,0.999684,True
21805_2ba39d00,high_complexity_rotor,10,21977_ce9f4e71,high_complexity_rotor,0.999684,True
22442_7d5c5d5f,high_complexity_rotor,1,20533_0a3e112b,high_complexity_rotor,0.999526,True
22442_7d5c5d5f,high_complexity_rotor,2,20622_38dd90d0,high_complexity_rotor,0.999209,True
22442_7d5c5d5f,high_complexity_rotor,3,20351_dc6e4e1e,complex_assembly,0.995392,False
22442_7d5c5d5f,high_complexity_rotor,4,22076_20e8a107,high_complexity_rotor,0.992956,True
22442_7d5c5d5f,high_complexity_rotor,5,23422_f214bd4d,complex_assembly,0.991714,False
22442_7d5c5d5f,high_complexity_rotor,6,20246_40be7668,complex_assembly,0.991412,False
22442_7d5c5d5f,high_complexity_rotor,7,21337_062b39fa,high_complexity_rotor,0.991167,True
22442_7d5c5d5f,high_complexity_rotor,8,21991_ab98f156,high_complexity_rotor,0.990694,True
22442_7d5c5d5f,high_complexity_rotor,9,20870_dedaef5b,high_complexity_rotor,0.98897,True
22442_7d5c5d5f,high_complexity_rotor,10,21153_a2fb81fe,high_complexity_rotor,0.987632,True
21009_907a2a95,medium_rotor,1,21912_3f74887c,medium_rotor,1.0,True
21009_907a2a95,medium_rotor,2,21528_a5d5490f,medium_rotor,1.0,True
21009_907a2a95,medium_rotor,3,22776_facf9bcf,medium_rotor,1.0,True
21009_907a2a95,medium_rotor,4,22126_e1cca10f,medium_rotor,0.999999,True
21009_907a2a95,medium_rotor,5,22002_315afcfc,medium_rotor,0.999999,True
21009_907a2a95,medium_rotor,6,23493_57512264,medium_rotor,0.999999,True
21009_907a2a95,medium_rotor,7,22199_8ec9eeb2,medium_rotor,0.999998,True
21009_907a2a95,medium_rotor,8,23363_60e39812,medium_rotor,0.999998,True
21009_907a2a95,medium_rotor,9,23466_1cf60d09,medium_rotor,0.999995,True
21009_907a2a95,medium_rotor,10,22461_0ba0e480,medium_rotor,0.999993,True
21806_616e985a,simple_rotor,1,22671_fdd1b1e6,simple_rotor,1.0,True
21806_616e985a,simple_rotor,2,21865_c190b734,simple_rotor,1.0,True
21806_616e985a,simple_rotor,3,23351_6104d55d,simple_rotor,1.0,True
21806_616e985a,simple_rotor,4,22746_920025a0,simple_rotor,1.0,True
21806_616e985a,simple_rotor,5,21243_3ec5d732,simple_rotor,1.0,True
21806_616e985a,simple_rotor,6,20342_c140780b,simple_rotor,1.0,True
21806_616e985a,simple_rotor,7,23387_c4aa9424,simple_rotor,1.0,True
21806_616e985a,simple_rotor,8,21793_4ad5e2c0,simple_rotor,1.0,True
21806_616e985a,simple_rotor,9,23163_7b143a6f,simple_rotor,1.0,True
21806_616e985a,simple_rotor,10,23403_e539620b,simple_rotor,1.0,True
21352_d60bc953,complex_assembly,1,21718_1551037b,complex_assembly,0.999807,True
21352_d60bc953,complex_assembly,2,23226_8d1b5098,complex_assembly,0.999678,True
21352_d60bc953,complex_assembly,3,21580_b8b2571b,high_complexity_rotor,0.999644,False
21352_d60bc953,complex_assembly,4,22404_66db7dd7,complex_assembly,0.99948,True
21352_d60bc953,complex_assembly,5,21244_24c3ce72,complex_assembly,0.999386,True
21352_d60bc953,complex_assembly,6,22056_79373464,complex_assembly,0.998894,True
21352_d60bc953,complex_assembly,7,22430_c6f08b03,complex_assembly,0.997816,True
21352_d60bc953,complex_assembly,8,22533_e7298b05,complex_assembly,0.997278,True
21352_d60bc953,complex_assembly,9,23144_88ca00a5,complex_assembly,0.99682,True
21352_d60bc953,complex_assembly,10,20701_6dcbc975,high_complexity_rotor,0.996769,False
22886_a6331748,symmetric_rotor,1,22216_4b032400,symmetric_rotor,1.0,True
22886_a6331748,symmetric_rotor,2,23102_211ad1db,symmetric_rotor,1.0,True
22886_a6331748,symmetric_rotor,3,22057_4947db57,symmetric_rotor,0.999999,True
22886_a6331748,symmetric_rotor,4,22311_553b3456,symmetric_rotor,0.999999,True
22886_a6331748,symmetric_rotor,5,22762_dcbdd14d,symmetric_rotor,0.999999,True
22886_a6331748,symmetric_rotor,6,20682_e208cc63,symmetric_rotor,0.999999,True
22886_a6331748,symmetric_rotor,7,22155_ab18f2b6,symmetric_rotor,0.999996,True
22886_a6331748,symmetric_rotor,8,20237_06b27bf5,symmetric_rotor,0.999996,True
22886_a6331748,symmetric_rotor,9,22365_a4eb929c,symmetric_rotor,0.999996,True
22886_a6331748,symmetric_rotor,10,21961_1a090a8b,symmetric_rotor,0.999996,True
22142_7891a26a,simple_rotor,1,22671_fdd1b1e6,simple_rotor,1.0,True
22142_7891a26a,simple_rotor,2,21865_c190b734,simple_rotor,1.0,True
22142_7891a26a,simple_rotor,3,23351_6104d55d,simple_rotor,1.0,True
22142_7891a26a,simple_rotor,4,22746_920025a0,simple_rotor,1.0,True
22142_7891a26a,simple_rotor,5,21243_3ec5d732,simple_rotor,1.0,True
22142_7891a26a,simple_rotor,6,20342_c140780b,simple_rotor,1.0,True
22142_7891a26a,simple_rotor,7,23387_c4aa9424,simple_rotor,1.0,True
22142_7891a26a,simple_rotor,8,21793_4ad5e2c0,simple_rotor,1.0,True
22142_7891a26a,simple_rotor,9,23163_7b143a6f,simple_rotor,1.0,True
22142_7891a26a,simple_rotor,10,23403_e539620b,simple_rotor,1.0,True
22331_152ee5c0,high_complexity_rotor,1,21329_1bfecd1d,high_complexity_rotor,0.999981,True
22331_152ee5c0,high_complexity_rotor,2,20643_71ad3d26,high_complexity_rotor,0.949982,True
22331_152ee5c0,high_complexity_rotor,3,21839_a8eb6d34,high_complexity_rotor,0.949981,True
22331_152ee5c0,high_complexity_rotor,4,21838_5bc448b4,high_complexity_rotor,0.949978,True
22331_152ee5c0,high_complexity_rotor,5,21551_c6c2d516,high_complexity_rotor,0.949973,True
22331_152ee5c0,high_complexity_rotor,6,21843_effbd24d,high_complexity_rotor,0.949957,True
22331_152ee5c0,high_complexity_rotor,7,21081_72fa4ad1,high_complexity_rotor,0.949957,True
22331_152ee5c0,high_complexity_rotor,8,21845_dff8b3a1,high_complexity_rotor,0.949946,True
22331_152ee5c0,high_complexity_rotor,9,21182_a480d230,high_complexity_rotor,0.949933,True
22331_152ee5c0,high_complexity_rotor,10,22576_d05619d1,high_complexity_rotor,0.949927,True
23128_cb135b1b,medium_rotor,1,23213_3df3cb34,medium_rotor,1.0,True
23128_cb135b1b,medium_rotor,2,22383_e5f707a7,medium_rotor,1.0,True
23128_cb135b1b,medium_rotor,3,22852_dc1dbed6,medium_rotor,1.0,True
23128_cb135b1b,medium_rotor,4,20322_daa5c577,medium_rotor,1.0,True
23128_cb135b1b,medium_rotor,5,22577_cd96733e,medium_rotor,1.0,True
23128_cb135b1b,medium_rotor,6,21974_1997ebc3,medium_rotor,1.0,True
23128_cb135b1b,medium_rotor,7,21594_428d32af,medium_rotor,1.0,True
23128_cb135b1b,medium_rotor,8,23480_3f7a8d50,medium_rotor,1.0,True
23128_cb135b1b,medium_rotor,9,21091_bbf490e7,medium_rotor,1.0,True
23128_cb135b1b,medium_rotor,10,20322_5a8c6077,medium_rotor,1.0,True
22653_58d6287d,simple_rotor,1,22671_fdd1b1e6,simple_rotor,1.0,True
22653_58d6287d,simple_rotor,2,21865_c190b734,simple_rotor,1.0,True
22653_58d6287d,simple_rotor,3,23351_6104d55d,simple_rotor,1.0,True
22653_58d6287d,simple_rotor,4,22746_920025a0,simple_rotor,1.0,True
22653_58d6287d,simple_rotor,5,21243_3ec5d732,simple_rotor,1.0,True
22653_58d6287d,simple_rotor,6,20342_c140780b,simple_rotor,1.0,True
22653_58d6287d,simple_rotor,7,23387_c4aa9424,simple_rotor,1.0,True
22653_58d6287d,simple_rotor,8,21793_4ad5e2c0,simple_rotor,1.0,True
22653_58d6287d,simple_rotor,9,23163_7b143a6f,simple_rotor,1.0,True
22653_58d6287d,simple_rotor,10,23403_e539620b,simple_rotor,1.0,True
23368_648717d8,medium_rotor,1,22987_37973191,medium_rotor,0.999568,True
23368_648717d8,medium_rotor,2,23331_192866b6,medium_rotor,0.998553,True
23368_648717d8,medium_rotor,3,23413_6702ec7f,medium_rotor,0.99814,True
23368_648717d8,medium_rotor,4,22680_1f4026f6,medium_rotor,0.997777,True
23368_648717d8,medium_rotor,5,22832_731d3b9f,medium_rotor,0.997777,True
23368_648717d8,medium_rotor,6,22372_e91792a1,medium_rotor,0.997777,True
23368_648717d8,medium_rotor,7,21035_d308c5c4,medium_rotor,0.996352,True
23368_648717d8,medium_rotor,8,22376_3ebc82a2,medium_rotor,0.992852,True
23368_648717d8,medium_rotor,9,21790_aaf9224a,medium_rotor,0.99239,True
23368_648717d8,medium_rotor,10,21503_34f299ca,medium_rotor,0.990348,True
23501_6c48b3c1,medium_rotor,1,21429_6d2d3974,medium_rotor,0.999988,True
23501_6c48b3c1,medium_rotor,2,21092_32622a83,medium_rotor,0.999713,True
23501_6c48b3c1,medium_rotor,3,20858_15bdad00,medium_rotor,0.999081,True
23501_6c48b3c1,medium_rotor,4,21592_c5e77a82,medium_rotor,0.998234,True
23501_6c48b3c1,medium_rotor,5,21282_b2d83538,medium_rotor,0.997742,True
23501_6c48b3c1,medium_rotor,6,22334_677d00e0,medium_rotor,0.996801,True
23501_6c48b3c1,medium_rotor,7,23026_e6f08109,medium_rotor,0.996168,True
23501_6c48b3c1,medium_rotor,8,20628_e0551f7c,medium_rotor,0.995656,True
23501_6c48b3c1,medium_rotor,9,21837_b67d788c,medium_rotor,0.994167,True
23501_6c48b3c1,medium_rotor,10,21989_a0b5037d,medium_rotor,0.993894,True
21024_9be3d461,high_complexity_rotor,1,21519_3e869afd,high_complexity_rotor,0.999989,True
21024_9be3d461,high_complexity_rotor,2,20293_a1999339,high_complexity_rotor,0.999934,True
21024_9be3d461,high_complexity_rotor,3,21762_90d34d16,high_complexity_rotor,0.999898,True
21024_9be3d461,high_complexity_rotor,4,21918_976c2754,high_complexity_rotor,0.999884,True
21024_9be3d461,high_complexity_rotor,5,21809_8bd6b10e,high_complexity_rotor,0.999843,True
21024_9be3d461,high_complexity_rotor,6,23123_f35404c4,complex_assembly,0.99974,False
21024_9be3d461,high_complexity_rotor,7,23271_f833d903,complex_assembly,0.999699,False
21024_9be3d461,high_complexity_rotor,8,22491_a33562ad,complex_assembly,0.999594,False
21024_9be3d461,high_complexity_rotor,9,22357_e2f7b060,complex_assembly,0.999428,False
21024_9be3d461,high_complexity_rotor,10,23282_a1b17daa,complex_assembly,0.999364,False
19566_19d85d3b,high_complexity_rotor,1,21153_a2fb81fe,high_complexity_rotor,1.0,True
19566_19d85d3b,high_complexity_rotor,2,21337_062b39fa,high_complexity_rotor,0.999701,True
19566_19d85d3b,high_complexity_rotor,3,23422_f214bd4d,complex_assembly,0.99959,False
19566_19d85d3b,high_complexity_rotor,4,22076_20e8a107,high_complexity_rotor,0.999251,True
19566_19d85d3b,high_complexity_rotor,5,20351_dc6e4e1e,complex_assembly,0.998114,False
19566_19d85d3b,high_complexity_rotor,6,7778_3a9748b3,complex_assembly,0.997927,False
19566_19d85d3b,high_complexity_rotor,7,23204_ff1672a9,complex_assembly,0.994585,False
19566_19d85d3b,high_complexity_rotor,8,20622_38dd90d0,high_complexity_rotor,0.993084,True
19566_19d85d3b,high_complexity_rotor,9,23376_9b48819a,high_complexity_rotor,0.992822,True
19566_19d85d3b,high_complexity_rotor,10,22442_7d5c5d5f,high_complexity_rotor,0.987632,True
22134_5e72e871,medium_rotor,1,23213_3df3cb34,medium_rotor,1.0,True
22134_5e72e871,medium_rotor,2,22383_e5f707a7,medium_rotor,1.0,True
22134_5e72e871,medium_rotor,3,22852_dc1dbed6,medium_rotor,1.0,True
22134_5e72e871,medium_rotor,4,20322_daa5c577,medium_rotor,1.0,True
22134_5e72e871,medium_rotor,5,22577_cd96733e,medium_rotor,1.0,True
22134_5e72e871,medium_rotor,6,21974_1997ebc3,medium_rotor,1.0,True
22134_5e72e871,medium_rotor,7,21594_428d32af,medium_rotor,1.0,True
22134_5e72e871,medium_rotor,8,23480_3f7a8d50,medium_rotor,1.0,True
22134_5e72e871,medium_rotor,9,21091_bbf490e7,medium_rotor,1.0,True
22134_5e72e871,medium_rotor,10,20322_5a8c6077,medium_rotor,1.0,True
22706_58a933f4,symmetric_rotor,1,20609_69f28932,symmetric_rotor,0.999999,True
22706_58a933f4,symmetric_rotor,2,21478_8fbd4409,symmetric_rotor,0.999982,True
22706_58a933f4,symmetric_rotor,3,21037_62248d34,symmetric_rotor,0.999982,True
22706_58a933f4,symmetric_rotor,4,22049_4da0d894,symmetric_rotor,0.999981,True
22706_58a933f4,symmetric_rotor,5,23320_e0711ae9,symmetric_rotor,0.999978,True
22706_58a933f4,symmetric_rotor,6,22399_97987ada,symmetric_rotor,0.999966,True
22706_58a933f4,symmetric_rotor,7,21386_e234c6b6,symmetric_rotor,0.999957,True
22706_58a933f4,symmetric_rotor,8,22678_ff42f120,symmetric_rotor,0.999946,True
22706_58a933f4,symmetric_rotor,9,21133_f9a1614e,symmetric_rotor,0.999927,True
22706_58a933f4,symmetric_rotor,10,21831_54ca67d1,symmetric_rotor,0.999927,True
20823_f144e996,medium_rotor,1,23213_3df3cb34,medium_rotor,1.0,True
20823_f144e996,medium_rotor,2,22383_e5f707a7,medium_rotor,1.0,True
20823_f144e996,medium_rotor,3,22852_dc1dbed6,medium_rotor,1.0,True
20823_f144e996,medium_rotor,4,20322_daa5c577,medium_rotor,1.0,True
20823_f144e996,medium_rotor,5,22577_cd96733e,medium_rotor,1.0,True
20823_f144e996,medium_rotor,6,21974_1997ebc3,medium_rotor,1.0,True
20823_f144e996,medium_rotor,7,21594_428d32af,medium_rotor,1.0,True
20823_f144e996,medium_rotor,8,23480_3f7a8d50,medium_rotor,1.0,True
20823_f144e996,medium_rotor,9,21091_bbf490e7,medium_rotor,1.0,True
20823_f144e996,medium_rotor,10,20322_5a8c6077,medium_rotor,1.0,True
23406_1d36b046,simple_rotor,1,22671_fdd1b1e6,simple_rotor,1.0,True
23406_1d36b046,simple_rotor,2,21865_c190b734,simple_rotor,1.0,True
23406_1d36b046,simple_rotor,3,23351_6104d55d,simple_rotor,1.0,True
23406_1d36b046,simple_rotor,4,22746_920025a0,simple_rotor,1.0,True
23406_1d36b046,simple_rotor,5,21243_3ec5d732,simple_rotor,1.0,True
23406_1d36b046,simple_rotor,6,20342_c140780b,simple_rotor,1.0,True
23406_1d36b046,simple_rotor,7,23387_c4aa9424,simple_rotor,1.0,True
23406_1d36b046,simple_rotor,8,21793_4ad5e2c0,simple_rotor,1.0,True
23406_1d36b046,simple_rotor,9,23163_7b143a6f,simple_rotor,1.0,True
23406_1d36b046,simple_rotor,10,23403_e539620b,simple_rotor,1.0,True
22717_08784417,complex_assembly,1,21647_6b6cca6f,complex_assembly,0.998043,True
22717_08784417,complex_assembly,2,22306_c3dca308,complex_assembly,0.997622,True
22717_08784417,complex_assembly,3,23419_ea47995f,complex_assembly,0.996622,True
22717_08784417,complex_assembly,4,22211_b1ee53f0,complex_assembly,0.996313,True
22717_08784417,complex_assembly,5,20546_87dbd755,complex_assembly,0.996257,True
22717_08784417,complex_assembly,6,22415_658c81dd,complex_assembly,0.995297,True
22717_08784417,complex_assembly,7,23273_8f301ce3,complex_assembly,0.994311,True
22717_08784417,complex_assembly,8,22065_0d414124,complex_assembly,0.993918,True
22717_08784417,complex_assembly,9,20818_098cad7c,high_complexity_rotor,0.993628,False
22717_08784417,complex_assembly,10,22652_dc7405ef,high_complexity_rotor,0.992403,False
23414_f7d4a688,medium_rotor,1,20676_9715ec9c,medium_rotor,1.0,True
23414_f7d4a688,medium_rotor,2,21091_bbf490e7,medium_rotor,0.95,True
23414_f7d4a688,medium_rotor,3,20322_5a8c6077,medium_rotor,0.95,True
23414_f7d4a688,medium_rotor,4,20511_e1b972aa,medium_rotor,0.95,True
23414_f7d4a688,medium_rotor,5,22586_ff3651b2,medium_rotor,0.95,True
23414_f7d4a688,medium_rotor,6,23252_ef165bed,medium_rotor,0.95,True
23414_f7d4a688,medium_rotor,7,23035_6087bb57,medium_rotor,0.95,True
23414_f7d4a688,medium_rotor,8,22852_dc1dbed6,medium_rotor,0.95,True
23414_f7d4a688,medium_rotor,9,23313_210c6783,medium_rotor,0.95,True
23414_f7d4a688,medium_rotor,10,22577_cd96733e,medium_rotor,0.95,True
21692_777db9e2,symmetric_rotor,1,22659_0e686e14,symmetric_rotor,1.0,True
21692_777db9e2,symmetric_rotor,2,22434_2ad62ed6,symmetric_rotor,1.0,True
21692_777db9e2,symmetric_rotor,3,23259_d655fcc1,symmetric_rotor,0.999999,True
21692_777db9e2,symmetric_rotor,4,23178_eb4b4280,symmetric_rotor,0.999999,True
21692_777db9e2,symmetric_rotor,5,21497_9833a679,symmetric_rotor,0.999999,True
21692_777db9e2,symmetric_rotor,6,23037_d0df320c,symmetric_rotor,0.999999,True
21692_777db9e2,symmetric_rotor,7,21271_ec7f62b8,symmetric_rotor,0.999996,True
21692_777db9e2,symmetric_rotor,8,21961_1a090a8b,symmetric_rotor,0.999996,True
21692_777db9e2,symmetric_rotor,9,22983_0ab3faaf,symmetric_rotor,0.999996,True
21692_777db9e2,symmetric_rotor,10,21248_0a862e3e,symmetric_rotor,0.999996,True
20792_d2ea0500,symmetric_rotor,1,23438_b1ef78f4,symmetric_rotor,0.948169,True
20792_d2ea0500,symmetric_rotor,2,21186_d1698d8c,symmetric_rotor,0.947812,True
20792_d2ea0500,symmetric_rotor,3,22080_594bcb66,symmetric_rotor,0.947699,True
20792_d2ea0500,symmetric_rotor,4,20990_0a226634,symmetric_rotor,0.947603,True
20792_d2ea0500,symmetric_rotor,5,21990_7bb6efcf,simple_rotor,0.899833,False
20792_d2ea0500,symmetric_rotor,6,22245_ca848576,symmetric_rotor,0.899168,True
20792_d2ea0500,symmetric_rotor,7,22312_3f366a4a,symmetric_rotor,0.898717,True
20792_d2ea0500,symmetric_rotor,8,23170_6ea8ded5,symmetric_rotor,0.898645,True
20792_d2ea0500,symmetric_rotor,9,22304_33009be6,simple_rotor,0.898645,False
20792_d2ea0500,symmetric_rotor,10,21958_e48ddf4e,symmetric_rotor,0.898571,True
20926_4c0f33f6,symmetric_rotor,1,21176_b5c72bfb,symmetric_rotor,0.999319,True
20926_4c0f33f6,symmetric_rotor,2,20970_d20c6c35,symmetric_rotor,0.999071,True
20926_4c0f33f6,symmetric_rotor,3,20682_e208cc63,symmetric_rotor,0.95,True
20926_4c0f33f6,symmetric_rotor,4,22762_dcbdd14d,symmetric_rotor,0.95,True
20926_4c0f33f6,symmetric_rotor,5,22057_4947db57,symmetric_rotor,0.95,True
20926_4c0f33f6,symmetric_rotor,6,22311_553b3456,symmetric_rotor,0.95,True
20926_4c0f33f6,symmetric_rotor,7,21961_1a090a8b,symmetric_rotor,0.949999,True
20926_4c0f33f6,symmetric_rotor,8,22892_68138f24,symmetric_rotor,0.949999,True
20926_4c0f33f6,symmetric_rotor,9,21248_0a862e3e,symmetric_rotor,0.949999,True
20926_4c0f33f6,symmetric_rotor,10,22365_a4eb929c,symmetric_rotor,0.949999,True
21248_0a862e3e,symmetric_rotor,1,21961_1a090a8b,symmetric_rotor,1.0,True
21248_0a862e3e,symmetric_rotor,2,22983_0ab3faaf,symmetric_rotor,1.0,True
21248_0a862e3e,symmetric_rotor,3,20237_06b27bf5,symmetric_rotor,1.0,True
21248_0a862e3e,symmetric_rotor,4,22155_ab18f2b6,symmetric_rotor,1.0,True
21248_0a862e3e,symmetric_rotor,5,22365_a4eb929c,symmetric_rotor,1.0,True
21248_0a862e3e,symmetric_rotor,6,22892_68138f24,symmetric_rotor,1.0,True
21248_0a862e3e,symmetric_rotor,7,23037_d0df320c,symmetric_rotor,0.999999,True
21248_0a862e3e,symmetric_rotor,8,22762_dcbdd14d,symmetric_rotor,0.999999,True
21248_0a862e3e,symmetric_rotor,9,20682_e208cc63,symmetric_rotor,0.999999,True
21248_0a862e3e,symmetric_rotor,10,22057_4947db57,symmetric_rotor,0.999999,True
22365_a4eb929c,symmetric_rotor,1,21961_1a090a8b,symmetric_rotor,1.0,True
22365_a4eb929c,symmetric_rotor,2,22983_0ab3faaf,symmetric_rotor,1.0,True
22365_a4eb929c,symmetric_rotor,3,20237_06b27bf5,symmetric_rotor,1.0,True
22365_a4eb929c,symmetric_rotor,4,22155_ab18f2b6,symmetric_rotor,1.0,True
22365_a4eb929c,symmetric_rotor,5,21248_0a862e3e,symmetric_rotor,1.0,True
22365_a4eb929c,symmetric_rotor,6,22892_68138f24,symmetric_rotor,1.0,True
22365_a4eb929c,symmetric_rotor,7,23037_d0df320c,symmetric_rotor,0.999999,True
22365_a4eb929c,symmetric_rotor,8,22762_dcbdd14d,symmetric_rotor,0.999999,True
22365_a4eb929c,symmetric_rotor,9,20682_e208cc63,symmetric_rotor,0.999999,True
22365_a4eb929c,symmetric_rotor,10,22057_4947db57,symmetric_rotor,0.999999,True
22257_6fb4c50c,simple_rotor,1,22671_fdd1b1e6,simple_rotor,1.0,True
22257_6fb4c50c,simple_rotor,2,21865_c190b734,simple_rotor,1.0,True
22257_6fb4c50c,simple_rotor,3,23351_6104d55d,simple_rotor,1.0,True
22257_6fb4c50c,simple_rotor,4,22746_920025a0,simple_rotor,1.0,True
22257_6fb4c50c,simple_rotor,5,21243_3ec5d732,simple_rotor,1.0,True
22257_6fb4c50c,simple_rotor,6,20342_c140780b,simple_rotor,1.0,True
22257_6fb4c50c,simple_rotor,7,23387_c4aa9424,simple_rotor,1.0,True
22257_6fb4c50c,simple_rotor,8,21793_4ad5e2c0,simple_rotor,1.0,True
22257_6fb4c50c,simple_rotor,9,23163_7b143a6f,simple_rotor,1.0,True
22257_6fb4c50c,simple_rotor,10,23403_e539620b,simple_rotor,1.0,True
20674_2fb6cabd,simple_rotor,1,22671_fdd1b1e6,simple_rotor,1.0,True
20674_2fb6cabd,simple_rotor,2,21865_c190b734,simple_rotor,1.0,True
20674_2fb6cabd,simple_rotor,3,23351_6104d55d,simple_rotor,1.0,True
20674_2fb6cabd,simple_rotor,4,22746_920025a0,simple_rotor,1.0,True
20674_2fb6cabd,simple_rotor,5,21243_3ec5d732,simple_rotor,1.0,True
20674_2fb6cabd,simple_rotor,6,20342_c140780b,simple_rotor,1.0,True
20674_2fb6cabd,simple_rotor,7,23387_c4aa9424,simple_rotor,1.0,True
20674_2fb6cabd,simple_rotor,8,21793_4ad5e2c0,simple_rotor,1.0,True
20674_2fb6cabd,simple_rotor,9,23163_7b143a6f,simple_rotor,1.0,True
20674_2fb6cabd,simple_rotor,10,23403_e539620b,simple_rotor,1.0,True
22028_776fbf0d,complex_assembly,1,21647_6b6cca6f,complex_assembly,0.996739,True
22028_776fbf0d,complex_assembly,2,23419_ea47995f,complex_assembly,0.995726,True
22028_776fbf0d,complex_assembly,3,22306_c3dca308,complex_assembly,0.992123,True
22028_776fbf0d,complex_assembly,4,23273_8f301ce3,complex_assembly,0.99131,True
22028_776fbf0d,complex_assembly,5,20546_87dbd755,complex_assembly,0.99105,True
22028_776fbf0d,complex_assembly,6,22717_08784417,complex_assembly,0.990964,True
22028_776fbf0d,complex_assembly,7,22065_0d414124,complex_assembly,0.990515,True
22028_776fbf0d,complex_assembly,8,22211_b1ee53f0,complex_assembly,0.990151,True
22028_776fbf0d,complex_assembly,9,22652_dc7405ef,high_complexity_rotor,0.98697,False
22028_776fbf0d,complex_assembly,10,21722_68aeba65,complex_assembly,0.986705,True
23036_7f9d143f,medium_rotor,1,23213_3df3cb34,medium_rotor,1.0,True
23036_7f9d143f,medium_rotor,2,23409_e27e3b8b,medium_rotor,1.0,True
23036_7f9d143f,medium_rotor,3,22852_dc1dbed6,medium_rotor,1.0,True
23036_7f9d143f,medium_rotor,4,20322_daa5c577,medium_rotor,1.0,True
23036_7f9d143f,medium_rotor,5,22577_cd96733e,medium_rotor,1.0,True
23036_7f9d143f,medium_rotor,6,21974_1997ebc3,medium_rotor,1.0,True
23036_7f9d143f,medium_rotor,7,21594_428d32af,medium_rotor,1.0,True
23036_7f9d143f,medium_rotor,8,23480_3f7a8d50,medium_rotor,1.0,True
23036_7f9d143f,medium_rotor,9,21091_bbf490e7,medium_rotor,1.0,True
23036_7f9d143f,medium_rotor,10,20322_5a8c6077,medium_rotor,1.0,True
20743_c8ea8159,medium_rotor,1,23213_3df3cb34,medium_rotor,1.0,True
20743_c8ea8159,medium_rotor,2,23409_e27e3b8b,medium_rotor,1.0,True
20743_c8ea8159,medium_rotor,3,22852_dc1dbed6,medium_rotor,1.0,True
20743_c8ea8159,medium_rotor,4,20322_daa5c577,medium_rotor,1.0,True
20743_c8ea8159,medium_rotor,5,22577_cd96733e,medium_rotor,1.0,True
20743_c8ea8159,medium_rotor,6,21974_1997ebc3,medium_rotor,1.0,True
20743_c8ea8159,medium_rotor,7,21594_428d32af,medium_rotor,1.0,True
20743_c8ea8159,medium_rotor,8,23480_3f7a8d50,medium_rotor,1.0,True
20743_c8ea8159,medium_rotor,9,21091_bbf490e7,medium_rotor,1.0,True
20743_c8ea8159,medium_rotor,10,20322_5a8c6077,medium_rotor,1.0,True
22668_9c30f6c0,simple_rotor,1,22671_fdd1b1e6,simple_rotor,1.0,True
22668_9c30f6c0,simple_rotor,2,21865_c190b734,simple_rotor,1.0,True
22668_9c30f6c0,simple_rotor,3,23351_6104d55d,simple_rotor,1.0,True
22668_9c30f6c0,simple_rotor,4,22746_920025a0,simple_rotor,1.0,True
22668_9c30f6c0,simple_rotor,5,21243_3ec5d732,simple_rotor,1.0,True
22668_9c30f6c0,simple_rotor,6,20342_c140780b,simple_rotor,1.0,True
22668_9c30f6c0,simple_rotor,7,23387_c4aa9424,simple_rotor,1.0,True
22668_9c30f6c0,simple_rotor,8,21793_4ad5e2c0,simple_rotor,1.0,True
22668_9c30f6c0,simple_rotor,9,23163_7b143a6f,simple_rotor,1.0,True
22668_9c30f6c0,simple_rotor,10,23403_e539620b,simple_rotor,1.0,True
22266_078a1f68,medium_rotor,1,22232_cb53774e,medium_rotor,0.999994,True
22266_078a1f68,medium_rotor,2,20421_49bd1188,medium_rotor,0.999816,True
22266_078a1f68,medium_rotor,3,19810_f77c5501,medium_rotor,0.949998,True
22266_078a1f68,medium_rotor,4,21164_de08f61e,medium_rotor,0.94999,True
22266_078a1f68,medium_rotor,5,21539_cfe1f7fd,medium_rotor,0.949987,True
22266_078a1f68,medium_rotor,6,22778_7d85debd,medium_rotor,0.949979,True
22266_078a1f68,medium_rotor,7,22474_b10fea1a,medium_rotor,0.949978,True
22266_078a1f68,medium_rotor,8,22919_3ee91d1a,medium_rotor,0.949967,True
22266_078a1f68,medium_rotor,9,20182_71b9e491,medium_rotor,0.949926,True
22266_078a1f68,medium_rotor,10,20215_e2eb3082,medium_rotor,0.949926,True
21882_795be793,simple_rotor,1,22671_fdd1b1e6,simple_rotor,1.0,True
21882_795be793,simple_rotor,2,21865_c190b734,simple_rotor,1.0,True
21882_795be793,simple_rotor,3,23351_6104d55d,simple_rotor,1.0,True
21882_795be793,simple_rotor,4,22746_920025a0,simple_rotor,1.0,True
21882_795be793,simple_rotor,5,21243_3ec5d732,simple_rotor,1.0,True
21882_795be793,simple_rotor,6,20342_c140780b,simple_rotor,1.0,True
21882_795be793,simple_rotor,7,23387_c4aa9424,simple_rotor,1.0,True
21882_795be793,simple_rotor,8,21793_4ad5e2c0,simple_rotor,1.0,True
21882_795be793,simple_rotor,9,23163_7b143a6f,simple_rotor,1.0,True
21882_795be793,simple_rotor,10,23403_e539620b,simple_rotor,1.0,True
21601_360ce1c7,medium_rotor,1,20215_e2eb3082,medium_rotor,1.0,True
21601_360ce1c7,medium_rotor,2,20182_71b9e491,medium_rotor,1.0,True
21601_360ce1c7,medium_rotor,3,22919_3ee91d1a,medium_rotor,0.999992,True
21601_360ce1c7,medium_rotor,4,22474_b10fea1a,medium_rotor,0.999985,True
21601_360ce1c7,medium_rotor,5,23176_1bf2a2d5,medium_rotor,0.999981,True
21601_360ce1c7,medium_rotor,6,20319_9f53cd7c,medium_rotor,0.999947,True
21601_360ce1c7,medium_rotor,7,19810_f77c5501,medium_rotor,0.999946,True
21601_360ce1c7,medium_rotor,8,21539_cfe1f7fd,medium_rotor,0.99985,True
21601_360ce1c7,medium_rotor,9,22072_5163223a,medium_rotor,0.99983,True
21601_360ce1c7,medium_rotor,10,22778_7d85debd,medium_rotor,0.999825,True
23102_211ad1db,symmetric_rotor,1,22886_a6331748,symmetric_rotor,1.0,True
23102_211ad1db,symmetric_rotor,2,22216_4b032400,symmetric_rotor,1.0,True
23102_211ad1db,symmetric_rotor,3,22057_4947db57,symmetric_rotor,0.999999,True
23102_211ad1db,symmetric_rotor,4,22311_553b3456,symmetric_rotor,0.999999,True
23102_211ad1db,symmetric_rotor,5,22762_dcbdd14d,symmetric_rotor,0.999999,True
23102_211ad1db,symmetric_rotor,6,20682_e208cc63,symmetric_rotor,0.999999,True
23102_211ad1db,symmetric_rotor,7,22155_ab18f2b6,symmetric_rotor,0.999996,True
23102_211ad1db,symmetric_rotor,8,20237_06b27bf5,symmetric_rotor,0.999996,True
23102_211ad1db,symmetric_rotor,9,22365_a4eb929c,symmetric_rotor,0.999996,True
23102_211ad1db,symmetric_rotor,10,21248_0a862e3e,symmetric_rotor,0.999996,True
21092_32622a83,medium_rotor,1,23501_6c48b3c1,medium_rotor,0.999713,True
21092_32622a83,medium_rotor,2,21429_6d2d3974,medium_rotor,0.999582,True
21092_32622a83,medium_rotor,3,20858_15bdad00,medium_rotor,0.997767,True
21092_32622a83,medium_rotor,4,20628_e0551f7c,medium_rotor,0.997601,True
21092_32622a83,medium_rotor,5,21592_c5e77a82,medium_rotor,0.996524,True
21092_32622a83,medium_rotor,6,21837_b67d788c,medium_rotor,0.996465,True
21092_32622a83,medium_rotor,7,21282_b2d83538,medium_rotor,0.995846,True
21092_32622a83,medium_rotor,8,22334_677d00e0,medium_rotor,0.994601,True
21092_32622a83,medium_rotor,9,23026_e6f08109,medium_rotor,0.993787,True
21092_32622a83,medium_rotor,10,21989_a0b5037d,medium_rotor,0.990966,True
23039_b3d04774,simple_rotor,1,22981_93f268ae,simple_rotor,0.99992,True
23039_b3d04774,simple_rotor,2,23194_b675acc0,simple_rotor,0.999838,True
23039_b3d04774,simple_rotor,3,19518_f220b68a,simple_rotor,0.997903,True
23039_b3d04774,simple_rotor,4,20940_9777847c,simple_rotor,0.996694,True
23039_b3d04774,simple_rotor,5,20814_5a2be0fb,simple_rotor,0.986267,True
23039_b3d04774,simple_rotor,6,21422_b2a6bf27,simple_rotor,0.963855,True
23039_b3d04774,simple_rotor,7,22747_3f6faf4c,simple_rotor,0.95,True
23039_b3d04774,simple_rotor,8,20495_e8e7e80c,simple_rotor,0.949873,True
23039_b3d04774,simple_rotor,9,23211_3aac9c7e,simple_rotor,0.94978,True
23039_b3d04774,simple_rotor,10,23209_1592b0a4,simple_rotor,0.949672,True
23132_1847c4ef,medium_rotor,1,22341_0f9c52ed,medium_rotor,0.99999,True
23132_1847c4ef,medium_rotor,2,22980_3cb3bcc8,medium_rotor,0.999965,True
23132_1847c4ef,medium_rotor,3,21923_41fa6eda,medium_rotor,0.999957,True
23132_1847c4ef,medium_rotor,4,20899_a8d7c6d5,medium_rotor,0.999952,True
23132_1847c4ef,medium_rotor,5,20989_d1b8b0f8,medium_rotor,0.999945,True
23132_1847c4ef,medium_rotor,6,20688_955aae0c,medium_rotor,0.999945,True
23132_1847c4ef,medium_rotor,7,20755_4b5e61bf,medium_rotor,0.999915,True
23132_1847c4ef,medium_rotor,8,20349_a12428da,medium_rotor,0.999842,True
23132_1847c4ef,medium_rotor,9,20892_b1f89c8d,medium_rotor,0.99981,True
23132_1847c4ef,medium_rotor,10,22729_232da678,medium_rotor,0.999806,True
19810_f77c5501,medium_rotor,1,22474_b10fea1a,medium_rotor,0.999988,True
19810_f77c5501,medium_rotor,2,22919_3ee91d1a,medium_rotor,0.99998,True
19810_f77c5501,medium_rotor,3,21539_cfe1f7fd,medium_rotor,0.999976,True
19810_f77c5501,medium_rotor,4,22778_7d85debd,medium_rotor,0.999965,True
19810_f77c5501,medium_rotor,5,20182_71b9e491,medium_rotor,0.999946,True
19810_f77c5501,medium_rotor,6,20215_e2eb3082,medium_rotor,0.999946,True
19810_f77c5501,medium_rotor,7,21601_360ce1c7,medium_rotor,0.999946,True
19810_f77c5501,medium_rotor,8,22228_1c82530b,medium_rotor,0.999873,True
19810_f77c5501,medium_rotor,9,23176_1bf2a2d5,medium_rotor,0.999863,True
19810_f77c5501,medium_rotor,10,20319_9f53cd7c,medium_rotor,0.999786,True
20385_f2d30908,simple_rotor,1,22732_cd2af0ac,simple_rotor,1.0,True
20385_f2d30908,simple_rotor,2,20958_94222947,simple_rotor,1.0,True
20385_f2d30908,simple_rotor,3,21634_e5e20375,simple_rotor,1.0,True
20385_f2d30908,simple_rotor,4,21119_4f5c95a6,simple_rotor,0.95,True
20385_f2d30908,simple_rotor,5,22589_2c8f7c0b,simple_rotor,0.95,True
20385_f2d30908,simple_rotor,6,20898_5f5b9bc7,simple_rotor,0.95,True
20385_f2d30908,simple_rotor,7,21274_2fb8c3f5,simple_rotor,0.95,True
20385_f2d30908,simple_rotor,8,21459_a9de5e5b,simple_rotor,0.95,True
20385_f2d30908,simple_rotor,9,20741_c337946f,simple_rotor,0.95,True
20385_f2d30908,simple_rotor,10,23199_75dc1efd,simple_rotor,0.95,True
22727_c514268a,medium_rotor,1,23213_3df3cb34,medium_rotor,0.95,True
22727_c514268a,medium_rotor,2,20387_0d507234,medium_rotor,0.95,True
22727_c514268a,medium_rotor,3,21566_ff590631,medium_rotor,0.95,True
22727_c514268a,medium_rotor,4,23505_161e8ec5,medium_rotor,0.95,True
22727_c514268a,medium_rotor,5,21549_18160a0a,medium_rotor,0.95,True
22727_c514268a,medium_rotor,6,22448_1f21757a,medium_rotor,0.95,True
22727_c514268a,medium_rotor,7,23174_8ef93daf,medium_rotor,0.95,True
22727_c514268a,medium_rotor,8,21377_19909a40,medium_rotor,0.95,True
22727_c514268a,medium_rotor,9,23502_5a80f907,medium_rotor,0.95,True
22727_c514268a,medium_rotor,10,23008_3d1bb7b2,medium_rotor,0.95,True
22278_12f1fb79,high_complexity_rotor,1,23217_7c6062e3,high_complexity_rotor,0.999964,True
22278_12f1fb79,high_complexity_rotor,2,20745_3e22ad07,high_complexity_rotor,0.999964,True
22278_12f1fb79,high_complexity_rotor,3,23377_690165aa,high_complexity_rotor,0.999957,True
22278_12f1fb79,high_complexity_rotor,4,21174_861bd902,high_complexity_rotor,0.999901,True
22278_12f1fb79,high_complexity_rotor,5,23168_7fdf5427,high_complexity_rotor,0.99988,True
22278_12f1fb79,high_complexity_rotor,6,23155_d7305c5f,high_complexity_rotor,0.999832,True
22278_12f1fb79,high_complexity_rotor,7,22421_19401bdd,high_complexity_rotor,0.999746,True
22278_12f1fb79,high_complexity_rotor,8,21849_a5f563a6,high_complexity_rotor,0.999728,True
22278_12f1fb79,high_complexity_rotor,9,21300_ec7da33e,high_complexity_rotor,0.999714,True
22278_12f1fb79,high_complexity_rotor,10,22417_4a15d62e,high_complexity_rotor,0.999704,True
21599_80057f94,simple_rotor,1,23158_c7e753c2,simple_rotor,0.99993,True
21599_80057f94,simple_rotor,2,20469_b6211bfd,simple_rotor,0.978264,True
21599_80057f94,simple_rotor,3,23199_75dc1efd,simple_rotor,0.978264,True
21599_80057f94,simple_rotor,4,20406_dacb0300,simple_rotor,0.978264,True
21599_80057f94,simple_rotor,5,21274_2fb8c3f5,simple_rotor,0.978264,True
21599_80057f94,simple_rotor,6,20898_5f5b9bc7,simple_rotor,0.978264,True
21599_80057f94,simple_rotor,7,21611_1d3ff1b6,simple_rotor,0.978264,True
21599_80057f94,simple_rotor,8,20468_1c33550a,simple_rotor,0.978264,True
21599_80057f94,simple_rotor,9,20908_10574fbf,simple_rotor,0.978264,True
21599_80057f94,simple_rotor,10,20934_fe7fbd78,simple_rotor,0.978264,True
23226_8d1b5098,complex_assembly,1,22404_66db7dd7,complex_assembly,0.999976,True
23226_8d1b5098,complex_assembly,2,21244_24c3ce72,complex_assembly,0.999953,True
23226_8d1b5098,complex_assembly,3,22056_79373464,complex_assembly,0.999765,True
23226_8d1b5098,complex_assembly,4,21352_d60bc953,complex_assembly,0.999678,True
23226_8d1b5098,complex_assembly,5,22430_c6f08b03,complex_assembly,0.99917,True
23226_8d1b5098,complex_assembly,6,21718_1551037b,complex_assembly,0.998986,True
23226_8d1b5098,complex_assembly,7,22533_e7298b05,complex_assembly,0.998827,True
23226_8d1b5098,complex_assembly,8,21580_b8b2571b,high_complexity_rotor,0.998646,False
23226_8d1b5098,complex_assembly,9,20701_6dcbc975,high_complexity_rotor,0.998486,False
23226_8d1b5098,complex_assembly,10,22413_901f5867,complex_assembly,0.997174,True
21292_f94bd96b,medium_rotor,1,20789_1809f41f,medium_rotor,0.993622,True
21292_f94bd96b,medium_rotor,2,21028_d4d30a2e,medium_rotor,0.975651,True
21292_f94bd96b,medium_rotor,3,21202_e452c491,medium_rotor,0.949999,True
21292_f94bd96b,medium_rotor,4,23322_8f85d82d,medium_rotor,0.949997,True
21292_f94bd96b,medium_rotor,5,20278_d442e77d,medium_rotor,0.949982,True
21292_f94bd96b,medium_rotor,6,23318_65e3a7c9,medium_rotor,0.949974,True
21292_f94bd96b,medium_rotor,7,20281_a29f9a18,medium_rotor,0.949974,True
21292_f94bd96b,medium_rotor,8,23044_9a964a68,medium_rotor,0.949961,True
21292_f94bd96b,medium_rotor,9,22059_b7d76712,medium_rotor,0.949849,True
21292_f94bd96b,medium_rotor,10,23373_f5dac851,medium_rotor,0.949849,True
23502_5a80f907,medium_rotor,1,23213_3df3cb34,medium_rotor,1.0,True
23502_5a80f907,medium_rotor,2,23409_e27e3b8b,medium_rotor,1.0,True
23502_5a80f907,medium_rotor,3,22852_dc1dbed6,medium_rotor,1.0,True
23502_5a80f907,medium_rotor,4,20322_daa5c577,medium_rotor,1.0,True
23502_5a80f907,medium_rotor,5,22577_cd96733e,medium_rotor,1.0,True
23502_5a80f907,medium_rotor,6,21974_1997ebc3,medium_rotor,1.0,True
23502_5a80f907,medium_rotor,7,21594_428d32af,medium_rotor,1.0,True
23502_5a80f907,medium_rotor,8,23480_3f7a8d50,medium_rotor,1.0,True
23502_5a80f907,medium_rotor,9,21091_bbf490e7,medium_rotor,1.0,True
23502_5a80f907,medium_rotor,10,20322_5a8c6077,medium_rotor,1.0,True
23144_88ca00a5,complex_assembly,1,21351_675c66b1,complex_assembly,0.999378,True
23144_88ca00a5,complex_assembly,2,23162_7e2f3d77,complex_assembly,0.99872,True
23144_88ca00a5,complex_assembly,3,21580_b8b2571b,high_complexity_rotor,0.998591,False
23144_88ca00a5,complex_assembly,4,21718_1551037b,complex_assembly,0.998194,True
23144_88ca00a5,complex_assembly,5,21352_d60bc953,complex_assembly,0.99682,True
23144_88ca00a5,complex_assembly,6,21656_964b0c84,high_complexity_rotor,0.996159,False
23144_88ca00a5,complex_assembly,7,21700_28d193ac,high_complexity_rotor,0.995433,False
23144_88ca00a5,complex_assembly,8,21069_508a9947,complex_assembly,0.995149,True
23144_88ca00a5,complex_assembly,9,23226_8d1b5098,complex_assembly,0.994478,True
23144_88ca00a5,complex_assembly,10,22079_31335df2,complex_assembly,0.993893,True
23048_8a1a5553,high_complexity_rotor,1,23130_7417d5b3,high_complexity_rotor,1.0,True
23048_8a1a5553,high_complexity_rotor,2,23002_4d53fb3f,high_complexity_rotor,1.0,True
23048_8a1a5553,high_complexity_rotor,3,22890_4ecfa491,high_complexity_rotor,1.0,True
23048_8a1a5553,high_complexity_rotor,4,22405_20f11d58,high_complexity_rotor,1.0,True
23048_8a1a5553,high_complexity_rotor,5,21063_037107dc,high_complexity_rotor,1.0,True
23048_8a1a5553,high_complexity_rotor,6,22402_a62e84b4,high_complexity_rotor,1.0,True
23048_8a1a5553,high_complexity_rotor,7,21093_1bda9bbe,high_complexity_rotor,1.0,True
23048_8a1a5553,high_complexity_rotor,8,23251_3eb3d2e6,high_complexity_rotor,1.0,True
23048_8a1a5553,high_complexity_rotor,9,22528_f3370a64,high_complexity_rotor,1.0,True
23048_8a1a5553,high_complexity_rotor,10,20765_99d0665e,high_complexity_rotor,1.0,True
20278_d442e77d,medium_rotor,1,21202_e452c491,medium_rotor,0.999975,True
20278_d442e77d,medium_rotor,2,23322_8f85d82d,medium_rotor,0.999963,True
20278_d442e77d,medium_rotor,3,20281_a29f9a18,medium_rotor,0.999913,True
20278_d442e77d,medium_rotor,4,23044_9a964a68,medium_rotor,0.999891,True
20278_d442e77d,medium_rotor,5,23373_f5dac851,medium_rotor,0.999729,True
20278_d442e77d,medium_rotor,6,22059_b7d76712,medium_rotor,0.999729,True
20278_d442e77d,medium_rotor,7,21224_18ba4aba,medium_rotor,0.99955,True
20278_d442e77d,medium_rotor,8,22092_897b0ffa,medium_rotor,0.99947,True
20278_d442e77d,medium_rotor,9,22612_28fe0ac2,medium_rotor,0.99947,True
20278_d442e77d,medium_rotor,10,23451_14c8d09e,medium_rotor,0.99947,True
21202_e452c491,medium_rotor,1,23322_8f85d82d,medium_rotor,0.999999,True
21202_e452c491,medium_rotor,2,20281_a29f9a18,medium_rotor,0.999981,True
21202_e452c491,medium_rotor,3,20278_d442e77d,medium_rotor,0.999975,True
21202_e452c491,medium_rotor,4,23044_9a964a68,medium_rotor,0.99997,True
21202_e452c491,medium_rotor,5,23373_f5dac851,medium_rotor,0.999869,True
21202_e452c491,medium_rotor,6,22059_b7d76712,medium_rotor,0.999869,True
21202_e452c491,medium_rotor,7,21224_18ba4aba,medium_rotor,0.999738,True
21202_e452c491,medium_rotor,8,22092_897b0ffa,medium_rotor,0.999675,True
21202_e452c491,medium_rotor,9,22612_28fe0ac2,medium_rotor,0.999675,True
21202_e452c491,medium_rotor,10,23451_14c8d09e,medium_rotor,0.999675,True
23026_e6f08109,medium_rotor,1,22334_677d00e0,medium_rotor,0.999971,True
23026_e6f08109,medium_rotor,2,21282_b2d83538,medium_rotor,0.999793,True
23026_e6f08109,medium_rotor,3,21989_a0b5037d,medium_rotor,0.999736,True
23026_e6f08109,medium_rotor,4,21592_c5e77a82,medium_rotor,0.999604,True
23026_e6f08109,medium_rotor,5,20860_b8e9a191,medium_rotor,0.999394,True
23026_e6f08109,medium_rotor,6,20858_15bdad00,medium_rotor,0.999001,True
23026_e6f08109,medium_rotor,7,23121_cbdf3ebc,medium_rotor,0.998588,True
23026_e6f08109,medium_rotor,8,21856_f84d9348,medium_rotor,0.998588,True
23026_e6f08109,medium_rotor,9,20788_d25efea2,medium_rotor,0.998588,True
23026_e6f08109,medium_rotor,10,23475_b14d1dc8,medium_rotor,0.998588,True
20822_5bb36119,simple_rotor,1,20216_89b90993,simple_rotor,1.0,True
20822_5bb36119,simple_rotor,2,20807_88c198d5,simple_rotor,1.0,True
20822_5bb36119,simple_rotor,3,20451_557fe5cd,simple_rotor,1.0,True
20822_5bb36119,simple_rotor,4,23103_43bde2a6,simple_rotor,1.0,True
20822_5bb36119,simple_rotor,5,22147_12995368,simple_rotor,1.0,True
20822_5bb36119,simple_rotor,6,20451_84d8b290,simple_rotor,1.0,True
20822_5bb36119,simple_rotor,7,20731_fbdc7731,simple_rotor,0.999999,True
20822_5bb36119,simple_rotor,8,21862_ec534e16,simple_rotor,0.999999,True
20822_5bb36119,simple_rotor,9,22136_a539c50b,simple_rotor,0.999999,True
20822_5bb36119,simple_rotor,10,22508_6bb410af,simple_rotor,0.999999,True
22405_20f11d58,high_complexity_rotor,1,23130_7417d5b3,high_complexity_rotor,1.0,True
22405_20f11d58,high_complexity_rotor,2,23002_4d53fb3f,high_complexity_rotor,1.0,True
22405_20f11d58,high_complexity_rotor,3,22890_4ecfa491,high_complexity_rotor,1.0,True
22405_20f11d58,high_complexity_rotor,4,20765_99d0665e,high_complexity_rotor,1.0,True
22405_20f11d58,high_complexity_rotor,5,21063_037107dc,high_complexity_rotor,1.0,True
22405_20f11d58,high_complexity_rotor,6,22402_a62e84b4,high_complexity_rotor,1.0,True
22405_20f11d58,high_complexity_rotor,7,21093_1bda9bbe,high_complexity_rotor,1.0,True
22405_20f11d58,high_complexity_rotor,8,23251_3eb3d2e6,high_complexity_rotor,1.0,True
22405_20f11d58,high_complexity_rotor,9,22528_f3370a64,high_complexity_rotor,1.0,True
22405_20f11d58,high_complexity_rotor,10,23048_8a1a5553,high_complexity_rotor,1.0,True
20188_98b86c0f,simple_rotor,1,20340_86125547,simple_rotor,0.994885,True
20188_98b86c0f,simple_rotor,2,22073_951645ae,simple_rotor,0.95,True
20188_98b86c0f,simple_rotor,3,20478_c02790cb,simple_rotor,0.95,True
20188_98b86c0f,simple_rotor,4,20193_2da4f0a0,simple_rotor,0.95,True
20188_98b86c0f,simple_rotor,5,23244_34b5f55e,simple_rotor,0.95,True
20188_98b86c0f,simple_rotor,6,21469_abec26c4,simple_rotor,0.95,True
20188_98b86c0f,simple_rotor,7,22133_465d7a91,simple_rotor,0.95,True
20188_98b86c0f,simple_rotor,8,19518_f220b68a,simple_rotor,0.95,True
20188_98b86c0f,simple_rotor,9,23265_07de6a0b,simple_rotor,0.95,True
20188_98b86c0f,simple_rotor,10,20940_9777847c,simple_rotor,0.949863,True
20349_a12428da,medium_rotor,1,21275_c8049742,medium_rotor,0.999998,True
20349_a12428da,medium_rotor,2,22729_232da678,medium_rotor,0.999998,True
20349_a12428da,medium_rotor,3,20554_abcb705e,medium_rotor,0.999998,True
20349_a12428da,medium_rotor,4,22011_0832eefe,medium_rotor,0.999998,True
20349_a12428da,medium_rotor,5,22534_e899f645,medium_rotor,0.999998,True
20349_a12428da,medium_rotor,6,22440_014f1bac,medium_rotor,0.999974,True
20349_a12428da,medium_rotor,7,22666_bdaa1303,medium_rotor,0.999973,True
20349_a12428da,medium_rotor,8,21923_41fa6eda,medium_rotor,0.999964,True
20349_a12428da,medium_rotor,9,23466_1cf60d09,medium_rotor,0.999945,True
20349_a12428da,medium_rotor,10,23363_60e39812,medium_rotor,0.999936,True
21244_24c3ce72,complex_assembly,1,22404_66db7dd7,complex_assembly,0.999996,True
21244_24c3ce72,complex_assembly,2,23226_8d1b5098,complex_assembly,0.999953,True
21244_24c3ce72,complex_assembly,3,22056_79373464,complex_assembly,0.999928,True
21244_24c3ce72,complex_assembly,4,22430_c6f08b03,complex_assembly,0.999518,True
21244_24c3ce72,complex_assembly,5,21352_d60bc953,complex_assembly,0.999386,True
21244_24c3ce72,complex_assembly,6,22533_e7298b05,complex_assembly,0.999249,True
21244_24c3ce72,complex_assembly,7,20701_6dcbc975,high_complexity_rotor,0.998971,False
21244_24c3ce72,complex_assembly,8,21718_1551037b,complex_assembly,0.998504,True
21244_24c3ce72,complex_assembly,9,21580_b8b2571b,high_complexity_rotor,0.998095,False
21244_24c3ce72,complex_assembly,10,22413_901f5867,complex_assembly,0.997854,True
21274_2fb8c3f5,simple_rotor,1,22671_fdd1b1e6,simple_rotor,1.0,True
21274_2fb8c3f5,simple_rotor,2,21865_c190b734,simple_rotor,1.0,True
21274_2fb8c3f5,simple_rotor,3,23351_6104d55d,simple_rotor,1.0,True
21274_2fb8c3f5,simple_rotor,4,22746_920025a0,simple_rotor,1.0,True
21274_2fb8c3f5,simple_rotor,5,21243_3ec5d732,simple_rotor,1.0,True
21274_2fb8c3f5,simple_rotor,6,20342_c140780b,simple_rotor,1.0,True
21274_2fb8c3f5,simple_rotor,7,23387_c4aa9424,simple_rotor,1.0,True
21274_2fb8c3f5,simple_rotor,8,21793_4ad5e2c0,simple_rotor,1.0,True
21274_2fb8c3f5,simple_rotor,9,23163_7b143a6f,simple_rotor,1.0,True
21274_2fb8c3f5,simple_rotor,10,23403_e539620b,simple_rotor,1.0,True
20898_5f5b9bc7,simple_rotor,1,22671_fdd1b1e6,simple_rotor,1.0,True
20898_5f5b9bc7,simple_rotor,2,21865_c190b734,simple_rotor,1.0,True
20898_5f5b9bc7,simple_rotor,3,23351_6104d55d,simple_rotor,1.0,True
20898_5f5b9bc7,simple_rotor,4,22746_920025a0,simple_rotor,1.0,True
20898_5f5b9bc7,simple_rotor,5,21243_3ec5d732,simple_rotor,1.0,True
20898_5f5b9bc7,simple_rotor,6,20342_c140780b,simple_rotor,1.0,True
20898_5f5b9bc7,simple_rotor,7,23387_c4aa9424,simple_rotor,1.0,True
20898_5f5b9bc7,simple_rotor,8,21793_4ad5e2c0,simple_rotor,1.0,True
20898_5f5b9bc7,simple_rotor,9,23163_7b143a6f,simple_rotor,1.0,True
20898_5f5b9bc7,simple_rotor,10,23403_e539620b,simple_rotor,1.0,True
22440_014f1bac,medium_rotor,1,22666_bdaa1303,medium_rotor,1.0,True
22440_014f1bac,medium_rotor,2,23466_1cf60d09,medium_rotor,0.999995,True
22440_014f1bac,medium_rotor,3,23363_60e39812,medium_rotor,0.999992,True
22440_014f1bac,medium_rotor,4,22199_8ec9eeb2,medium_rotor,0.99999,True
22440_014f1bac,medium_rotor,5,22126_e1cca10f,medium_rotor,0.999987,True
22440_014f1bac,medium_rotor,6,20554_abcb705e,medium_rotor,0.999986,True
22440_014f1bac,medium_rotor,7,22729_232da678,medium_rotor,0.999986,True
22440_014f1bac,medium_rotor,8,21275_c8049742,medium_rotor,0.999986,True
22440_014f1bac,medium_rotor,9,22011_0832eefe,medium_rotor,0.999986,True
22440_014f1bac,medium_rotor,10,22534_e899f645,medium_rotor,0.999986,True
22199_8ec9eeb2,medium_rotor,1,23363_60e39812,medium_rotor,1.0,True
22199_8ec9eeb2,medium_rotor,2,22126_e1cca10f,medium_rotor,1.0,True
22199_8ec9eeb2,medium_rotor,3,21912_3f74887c,medium_rotor,0.999999,True
22199_8ec9eeb2,medium_rotor,4,21528_a5d5490f,medium_rotor,0.999999,True
22199_8ec9eeb2,medium_rotor,5,23466_1cf60d09,medium_rotor,0.999999,True
22199_8ec9eeb2,medium_rotor,6,21009_907a2a95,medium_rotor,0.999998,True
22199_8ec9eeb2,medium_rotor,7,22776_facf9bcf,medium_rotor,0.999997,True
22199_8ec9eeb2,medium_rotor,8,22002_315afcfc,medium_rotor,0.999994,True
22199_8ec9eeb2,medium_rotor,9,23493_57512264,medium_rotor,0.999994,True
22199_8ec9eeb2,medium_rotor,10,22666_bdaa1303,medium_rotor,0.99999,True
22729_232da678,medium_rotor,1,21275_c8049742,medium_rotor,1.0,True
22729_232da678,medium_rotor,2,20554_abcb705e,medium_rotor,1.0,True
22729_232da678,medium_rotor,3,22011_0832eefe,medium_rotor,1.0,True
22729_232da678,medium_rotor,4,22534_e899f645,medium_rotor,1.0,True
22729_232da678,medium_rotor,5,20349_a12428da,medium_rotor,0.999998,True
22729_232da678,medium_rotor,6,22440_014f1bac,medium_rotor,0.999986,True
22729_232da678,medium_rotor,7,22666_bdaa1303,medium_rotor,0.999985,True
22729_232da678,medium_rotor,8,23466_1cf60d09,medium_rotor,0.999963,True
22729_232da678,medium_rotor,9,23363_60e39812,medium_rotor,0.999955,True
22729_232da678,medium_rotor,10,22199_8ec9eeb2,medium_rotor,0.999951,True
20636_ca9eb29a,high_complexity_rotor,1,21859_35124f79,complex_assembly,0.999803,False
20636_ca9eb29a,high_complexity_rotor,2,21741_c6faf98e,complex_assembly,0.999423,False
20636_ca9eb29a,high_complexity_rotor,3,22492_047b125b,complex_assembly,0.999354,False
20636_ca9eb29a,high_complexity_rotor,4,22483_f4e4b62a,complex_assembly,0.998455,False
20636_ca9eb29a,high_complexity_rotor,5,21425_d0d47a2a,high_complexity_rotor,0.997853,True
20636_ca9eb29a,high_complexity_rotor,6,20668_b2f2633e,high_complexity_rotor,0.997853,True
20636_ca9eb29a,high_complexity_rotor,7,21708_e61bd657,complex_assembly,0.996337,False
20636_ca9eb29a,high_complexity_rotor,8,20260_4a01a99d,high_complexity_rotor,0.995671,True
20636_ca9eb29a,high_complexity_rotor,9,20430_975b8dcf,high_complexity_rotor,0.995358,True
20636_ca9eb29a,high_complexity_rotor,10,22079_31335df2,complex_assembly,0.995066,False
21611_1d3ff1b6,simple_rotor,1,22671_fdd1b1e6,simple_rotor,1.0,True
21611_1d3ff1b6,simple_rotor,2,21865_c190b734,simple_rotor,1.0,True
21611_1d3ff1b6,simple_rotor,3,23351_6104d55d,simple_rotor,1.0,True
21611_1d3ff1b6,simple_rotor,4,22746_920025a0,simple_rotor,1.0,True
21611_1d3ff1b6,simple_rotor,5,21243_3ec5d732,simple_rotor,1.0,True
21611_1d3ff1b6,simple_rotor,6,20342_c140780b,simple_rotor,1.0,True
21611_1d3ff1b6,simple_rotor,7,23387_c4aa9424,simple_rotor,1.0,True
21611_1d3ff1b6,simple_rotor,8,21793_4ad5e2c0,simple_rotor,1.0,True
21611_1d3ff1b6,simple_rotor,9,23163_7b143a6f,simple_rotor,1.0,True
21611_1d3ff1b6,simple_rotor,10,23403_e539620b,simple_rotor,1.0,True
22125_e3a4cad4,complex_assembly,1,21492_8bd34fc1,complex_assembly,0.997997,True
22125_e3a4cad4,complex_assembly,2,21722_68aeba65,complex_assembly,0.993752,True
22125_e3a4cad4,complex_assembly,3,22028_776fbf0d,complex_assembly,0.964698,True
22125_e3a4cad4,complex_assembly,4,21647_6b6cca6f,complex_assembly,0.963721,True
22125_e3a4cad4,complex_assembly,5,22415_658c81dd,complex_assembly,0.96343,True
22125_e3a4cad4,complex_assembly,6,22717_08784417,complex_assembly,0.948798,True
22125_e3a4cad4,complex_assembly,7,23419_ea47995f,complex_assembly,0.942327,True
22125_e3a4cad4,complex_assembly,8,22306_c3dca308,complex_assembly,0.934942,True
22125_e3a4cad4,complex_assembly,9,20546_87dbd755,complex_assembly,0.929429,True
22125_e3a4cad4,complex_assembly,10,22211_b1ee53f0,complex_assembly,0.927814,True
21979_29f59427,high_complexity_rotor,1,20287_072b5bf6,high_complexity_rotor,0.955025,True
21979_29f59427,high_complexity_rotor,2,21352_d60bc953,complex_assembly,0.95,False
21979_29f59427,high_complexity_rotor,3,21718_1551037b,complex_assembly,0.949819,False
21979_29f59427,high_complexity_rotor,4,23226_8d1b5098,complex_assembly,0.949662,False
21979_29f59427,high_complexity_rotor,5,21580_b8b2571b,high_complexity_rotor,0.949661,True
21979_29f59427,high_complexity_rotor,6,22404_66db7dd7,complex_assembly,0.949459,False
21979_29f59427,high_complexity_rotor,7,21244_24c3ce72,complex_assembly,0.949363,False
21979_29f59427,high_complexity_rotor,8,22056_79373464,complex_assembly,0.948864,False
21979_29f59427,high_complexity_rotor,9,22430_c6f08b03,complex_assembly,0.947773,False
21979_29f59427,high_complexity_rotor,10,22533_e7298b05,complex_assembly,0.94723,False
21048_75cc125c,medium_rotor,1,20157_db99ab88,medium_rotor,0.998252,True
21048_75cc125c,medium_rotor,2,22078_1758e9fc,medium_rotor,0.992149,True
21048_75cc125c,medium_rotor,3,21365_ab403591,medium_rotor,0.95,True
21048_75cc125c,medium_rotor,4,20239_49b65a55,medium_rotor,0.94982,True
21048_75cc125c,medium_rotor,5,22067_624b28e3,simple_rotor,0.948615,False
21048_75cc125c,medium_rotor,6,22214_b098105d,simple_rotor,0.948615,False
21048_75cc125c,medium_rotor,7,20431_0088a0dd,medium_rotor,0.948252,True
21048_75cc125c,medium_rotor,8,22630_b6010fff,medium_rotor,0.947679,True
21048_75cc125c,medium_rotor,9,21503_34f299ca,medium_rotor,0.94763,True
21048_75cc125c,medium_rotor,10,21790_aaf9224a,medium_rotor,0.946434,True
21831_54ca67d1,symmetric_rotor,1,21133_f9a1614e,symmetric_rotor,1.0,True
21831_54ca67d1,symmetric_rotor,2,20419_8ce893b6,symmetric_rotor,0.999999,True
21831_54ca67d1,symmetric_rotor,3,21840_6847d36c,symmetric_rotor,0.999999,True
21831_54ca67d1,symmetric_rotor,4,21828_21ab2114,symmetric_rotor,0.999999,True
21831_54ca67d1,symmetric_rotor,5,20585_09b72895,symmetric_rotor,0.999991,True
21831_54ca67d1,symmetric_rotor,6,22812_cf865ed1,symmetric_rotor,0.999984,True
21831_54ca67d1,symmetric_rotor,7,21037_62248d34,symmetric_rotor,0.999982,True
21831_54ca67d1,symmetric_rotor,8,21478_8fbd4409,symmetric_rotor,0.999982,True
21831_54ca67d1,symmetric_rotor,9,22762_dcbdd14d,symmetric_rotor,0.999982,True
21831_54ca67d1,symmetric_rotor,10,22311_553b3456,symmetric_rotor,0.999982,True
22586_ff3651b2,medium_rotor,1,23213_3df3cb34,medium_rotor,1.0,True
22586_ff3651b2,medium_rotor,2,23409_e27e3b8b,medium_rotor,1.0,True
22586_ff3651b2,medium_rotor,3,22852_dc1dbed6,medium_rotor,1.0,True
22586_ff3651b2,medium_rotor,4,20322_daa5c577,medium_rotor,1.0,True
22586_ff3651b2,medium_rotor,5,22577_cd96733e,medium_rotor,1.0,True
22586_ff3651b2,medium_rotor,6,21974_1997ebc3,medium_rotor,1.0,True
22586_ff3651b2,medium_rotor,7,21594_428d32af,medium_rotor,1.0,True
22586_ff3651b2,medium_rotor,8,23480_3f7a8d50,medium_rotor,1.0,True
22586_ff3651b2,medium_rotor,9,21091_bbf490e7,medium_rotor,1.0,True
22586_ff3651b2,medium_rotor,10,20322_5a8c6077,medium_rotor,1.0,True
21422_b2a6bf27,simple_rotor,1,20814_5a2be0fb,simple_rotor,0.994606,True
21422_b2a6bf27,simple_rotor,2,20940_9777847c,simple_rotor,0.98229,True
21422_b2a6bf27,simple_rotor,3,19518_f220b68a,simple_rotor,0.979055,True
21422_b2a6bf27,simple_rotor,4,23039_b3d04774,simple_rotor,0.963855,True
21422_b2a6bf27,simple_rotor,5,22981_93f268ae,simple_rotor,0.960421,True
21422_b2a6bf27,simple_rotor,6,23194_b675acc0,simple_rotor,0.958912,True
21422_b2a6bf27,simple_rotor,7,21451_fea6f0d1,simple_rotor,0.95,True
21422_b2a6bf27,simple_rotor,8,22135_2aa77ff2,simple_rotor,0.95,True
21422_b2a6bf27,simple_rotor,9,20241_8c0d3f83,simple_rotor,0.95,True
21422_b2a6bf27,simple_rotor,10,20241_ccb70dc8,simple_rotor,0.95,True
23259_d655fcc1,symmetric_rotor,1,23178_eb4b4280,symmetric_rotor,1.0,True
23259_d655fcc1,symmetric_rotor,2,21497_9833a679,symmetric_rotor,1.0,True
23259_d655fcc1,symmetric_rotor,3,21271_ec7f62b8,symmetric_rotor,0.999999,True
23259_d655fcc1,symmetric_rotor,4,22659_0e686e14,symmetric_rotor,0.999999,True
23259_d655fcc1,symmetric_rotor,5,21692_777db9e2,symmetric_rotor,0.999999,True
23259_d655fcc1,symmetric_rotor,6,22434_2ad62ed6,symmetric_rotor,0.999999,True
23259_d655fcc1,symmetric_rotor,7,23037_d0df320c,symmetric_rotor,0.999996,True
23259_d655fcc1,symmetric_rotor,8,22141_5db99710,symmetric_rotor,0.999991,True
23259_d655fcc1,symmetric_rotor,9,22365_a4eb929c,symmetric_rotor,0.999991,True
23259_d655fcc1,symmetric_rotor,10,20237_06b27bf5,symmetric_rotor,0.999991,True
21497_9833a679,symmetric_rotor,1,23178_eb4b4280,symmetric_rotor,1.0,True
21497_9833a679,symmetric_rotor,2,23259_d655fcc1,symmetric_rotor,1.0,True
21497_9833a679,symmetric_rotor,3,21271_ec7f62b8,symmetric_rotor,0.999999,True
21497_9833a679,symmetric_rotor,4,22659_0e686e14,symmetric_rotor,0.999999,True
21497_9833a679,symmetric_rotor,5,21692_777db9e2,symmetric_rotor,0.999999,True
21497_9833a679,symmetric_rotor,6,22434_2ad62ed6,symmetric_rotor,0.999999,True
21497_9833a679,symmetric_rotor,7,23037_d0df320c,symmetric_rotor,0.999996,True
21497_9833a679,symmetric_rotor,8,22141_5db99710,symmetric_rotor,0.999991,True
21497_9833a679,symmetric_rotor,9,22365_a4eb929c,symmetric_rotor,0.999991,True
21497_9833a679,symmetric_rotor,10,20237_06b27bf5,symmetric_rotor,0.999991,True
22245_ca848576,symmetric_rotor,1,22312_3f366a4a,symmetric_rotor,0.999951,True
22245_ca848576,symmetric_rotor,2,23170_6ea8ded5,symmetric_rotor,0.999936,True
22245_ca848576,symmetric_rotor,3,21958_e48ddf4e,symmetric_rotor,0.999919,True
22245_ca848576,symmetric_rotor,4,22761_ca309655,symmetric_rotor,0.999901,True
22245_ca848576,symmetric_rotor,5,22141_5db99710,symmetric_rotor,0.999857,True
22245_ca848576,symmetric_rotor,6,21271_ec7f62b8,symmetric_rotor,0.999805,True
22245_ca848576,symmetric_rotor,7,21497_9833a679,symmetric_rotor,0.999776,True
22245_ca848576,symmetric_rotor,8,23178_eb4b4280,symmetric_rotor,0.999776,True
22245_ca848576,symmetric_rotor,9,23259_d655fcc1,symmetric_rotor,0.999776,True
22245_ca848576,symmetric_rotor,10,22678_ff42f120,symmetric_rotor,0.999759,True
21848_0fff9631,simple_rotor,1,22671_fdd1b1e6,simple_rotor,1.0,True
21848_0fff9631,simple_rotor,2,21865_c190b734,simple_rotor,1.0,True
21848_0fff9631,simple_rotor,3,23351_6104d55d,simple_rotor,1.0,True
21848_0fff9631,simple_rotor,4,22746_920025a0,simple_rotor,1.0,True
21848_0fff9631,simple_rotor,5,21243_3ec5d732,simple_rotor,1.0,True
21848_0fff9631,simple_rotor,6,20342_c140780b,simple_rotor,1.0,True
21848_0fff9631,simple_rotor,7,23387_c4aa9424,simple_rotor,1.0,True
21848_0fff9631,simple_rotor,8,21793_4ad5e2c0,simple_rotor,1.0,True
21848_0fff9631,simple_rotor,9,23163_7b143a6f,simple_rotor,1.0,True
21848_0fff9631,simple_rotor,10,23403_e539620b,simple_rotor,1.0,True
20731_fbdc7731,simple_rotor,1,22367_b4a67e61,simple_rotor,1.0,True
20731_fbdc7731,simple_rotor,2,22136_a539c50b,simple_rotor,1.0,True
20731_fbdc7731,simple_rotor,3,22508_6bb410af,simple_rotor,1.0,True
20731_fbdc7731,simple_rotor,4,21862_ec534e16,simple_rotor,1.0,True
20731_fbdc7731,simple_rotor,5,20807_88c198d5,simple_rotor,0.999999,True
20731_fbdc7731,simple_rotor,6,20451_84d8b290,simple_rotor,0.999999,True
20731_fbdc7731,simple_rotor,7,23103_43bde2a6,simple_rotor,0.999999,True
20731_fbdc7731,simple_rotor,8,20822_5bb36119,simple_rotor,0.999999,True
20731_fbdc7731,simple_rotor,9,20451_557fe5cd,simple_rotor,0.999999,True
20731_fbdc7731,simple_rotor,10,20216_89b90993,simple_rotor,0.999999,True
21015_10304cb9,simple_rotor,1,23321_c9497b79,simple_rotor,1.0,True
21015_10304cb9,simple_rotor,2,22053_de30641b,simple_rotor,0.999958,True
21015_10304cb9,simple_rotor,3,20259_de1ab632,simple_rotor,0.999907,True
21015_10304cb9,simple_rotor,4,22374_aa5bb54d,simple_rotor,0.999789,True
21015_10304cb9,simple_rotor,5,20332_0c2a24aa,simple_rotor,0.999789,True
21015_10304cb9,simple_rotor,6,22377_d490f505,simple_rotor,0.999789,True
21015_10304cb9,simple_rotor,7,20803_473c87ac,simple_rotor,0.999789,True
21015_10304cb9,simple_rotor,8,20802_802b7d69,simple_rotor,0.999789,True
21015_10304cb9,simple_rotor,9,20994_9c88b1ba,simple_rotor,0.999789,True
21015_10304cb9,simple_rotor,10,20756_75f43564,simple_rotor,0.999789,True
23210_f535bfd2,simple_rotor,1,23236_d5867507,simple_rotor,1.0,True
23210_f535bfd2,simple_rotor,2,23218_02d26ab4,simple_rotor,0.999998,True
23210_f535bfd2,simple_rotor,3,23209_1592b0a4,simple_rotor,0.99981,True
23210_f535bfd2,simple_rotor,4,23244_34b5f55e,simple_rotor,0.999806,True
23210_f535bfd2,simple_rotor,5,23219_40625e2c,simple_rotor,0.998598,True
23210_f535bfd2,simple_rotor,6,23211_3aac9c7e,simple_rotor,0.997819,True
23210_f535bfd2,simple_rotor,7,20232_e5b060d9,simple_rotor,0.95,True
23210_f535bfd2,simple_rotor,8,23342_7193a931,simple_rotor,0.949965,True
23210_f535bfd2,simple_rotor,9,19518_f220b68a,simple_rotor,0.949806,True
23210_f535bfd2,simple_rotor,10,20193_2da4f0a0,simple_rotor,0.949806,True
22784_bcace961,medium_rotor,1,21989_a0b5037d,medium_rotor,0.2,True
22784_bcace961,medium_rotor,2,23363_60e39812,medium_rotor,0.2,True
22784_bcace961,medium_rotor,3,23409_e27e3b8b,medium_rotor,0.2,True
22784_bcace961,medium_rotor,4,20554_abcb705e,medium_rotor,0.2,True
22784_bcace961,medium_rotor,5,20229_d1ae2ae3,medium_rotor,0.2,True
22784_bcace961,medium_rotor,6,20755_4b5e61bf,medium_rotor,0.2,True
22784_bcace961,medium_rotor,7,20899_a8d7c6d5,medium_rotor,0.2,True
22784_bcace961,medium_rotor,8,22059_b7d76712,medium_rotor,0.2,True
22784_bcace961,medium_rotor,9,21529_93e51dd9,medium_rotor,0.2,True
22784_bcace961,medium_rotor,10,20858_15bdad00,medium_rotor,0.2,True
22630_b6010fff,medium_rotor,1,20431_0088a0dd,medium_rotor,0.999959,True
22630_b6010fff,medium_rotor,2,21858_f1409ea2,medium_rotor,0.999554,True
22630_b6010fff,medium_rotor,3,21621_711e1918,medium_rotor,0.9992,True
22630_b6010fff,medium_rotor,4,23305_2662b29a,medium_rotor,0.998821,True
22630_b6010fff,medium_rotor,5,20239_49b65a55,medium_rotor,0.99879,True
22630_b6010fff,medium_rotor,6,22017_6d3be48d,medium_rotor,0.998361,True
22630_b6010fff,medium_rotor,7,21424_9d516e3a,medium_rotor,0.998361,True
22630_b6010fff,medium_rotor,8,21365_ab403591,medium_rotor,0.997679,True
22630_b6010fff,medium_rotor,9,23028_2ca87745,medium_rotor,0.994422,True
22630_b6010fff,medium_rotor,10,22082_39503fa6,medium_rotor,0.993637,True
20755_4b5e61bf,medium_rotor,1,20989_d1b8b0f8,medium_rotor,0.999997,True
20755_4b5e61bf,medium_rotor,2,20688_955aae0c,medium_rotor,0.999997,True
20755_4b5e61bf,medium_rotor,3,20899_a8d7c6d5,medium_rotor,0.999995,True
20755_4b5e61bf,medium_rotor,4,22980_3cb3bcc8,medium_rotor,0.999989,True
20755_4b5e61bf,medium_rotor,5,20892_b1f89c8d,medium_rotor,0.999979,True
20755_4b5e61bf,medium_rotor,6,23132_1847c4ef,medium_rotor,0.999915,True
20755_4b5e61bf,medium_rotor,7,21626_b34008e6,medium_rotor,0.99987,True
20755_4b5e61bf,medium_rotor,8,21513_50fb4d62,medium_rotor,0.99987,True
20755_4b5e61bf,medium_rotor,9,22341_0f9c52ed,medium_rotor,0.999846,True
20755_4b5e61bf,medium_rotor,10,20505_017d4cc4,medium_rotor,0.99979,True
23002_4d53fb3f,high_complexity_rotor,1,23130_7417d5b3,high_complexity_rotor,1.0,True
23002_4d53fb3f,high_complexity_rotor,2,22910_97f0cc18,high_complexity_rotor,1.0,True
23002_4d53fb3f,high_complexity_rotor,3,22890_4ecfa491,high_complexity_rotor,1.0,True
23002_4d53fb3f,high_complexity_rotor,4,20765_99d0665e,high_complexity_rotor,1.0,True
23002_4d53fb3f,high_complexity_rotor,5,22405_20f11d58,high_complexity_rotor,1.0,True
23002_4d53fb3f,high_complexity_rotor,6,21063_037107dc,high_complexity_rotor,1.0,True
23002_4d53fb3f,high_complexity_rotor,7,21093_1bda9bbe,high_complexity_rotor,1.0,True
23002_4d53fb3f,high_complexity_rotor,8,22402_a62e84b4,high_complexity_rotor,1.0,True
23002_4d53fb3f,high_complexity_rotor,9,23251_3eb3d2e6,high_complexity_rotor,1.0,True
23002_4d53fb3f,high_complexity_rotor,10,23048_8a1a5553,high_complexity_rotor,1.0,True
20291_42287610,simple_rotor,1,22671_fdd1b1e6,simple_rotor,1.0,True
20291_42287610,simple_rotor,2,21865_c190b734,simple_rotor,1.0,True
20291_42287610,simple_rotor,3,23351_6104d55d,simple_rotor,1.0,True
20291_42287610,simple_rotor,4,22746_920025a0,simple_rotor,1.0,True
20291_42287610,simple_rotor,5,21243_3ec5d732,simple_rotor,1.0,True
20291_42287610,simple_rotor,6,20342_c140780b,simple_rotor,1.0,True
20291_42287610,simple_rotor,7,23387_c4aa9424,simple_rotor,1.0,True
20291_42287610,simple_rotor,8,21793_4ad5e2c0,simple_rotor,1.0,True
20291_42287610,simple_rotor,9,23163_7b143a6f,simple_rotor,1.0,True
20291_42287610,simple_rotor,10,23403_e539620b,simple_rotor,1.0,True
23245_ccd099b6,medium_rotor,1,20421_83f66ddc,medium_rotor,0.949953,True
23245_ccd099b6,medium_rotor,2,23211_3aac9c7e,simple_rotor,0.949937,False
23245_ccd099b6,medium_rotor,3,20504_c9e14c9d,medium_rotor,0.949823,True
23245_ccd099b6,medium_rotor,4,22062_2d6b3b72,medium_rotor,0.949766,True
23245_ccd099b6,medium_rotor,5,23209_1592b0a4,simple_rotor,0.949376,False
23245_ccd099b6,medium_rotor,6,23218_02d26ab4,simple_rotor,0.948616,False
23245_ccd099b6,medium_rotor,7,23236_d5867507,simple_rotor,0.948499,False
23245_ccd099b6,medium_rotor,8,23210_f535bfd2,simple_rotor,0.948499,False
23245_ccd099b6,medium_rotor,9,21737_87d83240,medium_rotor,0.947227,True
23245_ccd099b6,medium_rotor,10,23244_34b5f55e,simple_rotor,0.947227,False
21580_b8b2571b,high_complexity_rotor,1,21718_1551037b,complex_assembly,0.999975,False
21580_b8b2571b,high_complexity_rotor,2,21352_d60bc953,complex_assembly,0.999644,False
21580_b8b2571b,high_complexity_rotor,3,23226_8d1b5098,complex_assembly,0.998646,False
21580_b8b2571b,high_complexity_rotor,4,23144_88ca00a5,complex_assembly,0.998591,False
21580_b8b2571b,high_complexity_rotor,5,22404_66db7dd7,complex_assembly,0.998264,False
21580_b8b2571b,high_complexity_rotor,6,21244_24c3ce72,complex_assembly,0.998095,False
21580_b8b2571b,high_complexity_rotor,7,22056_79373464,complex_assembly,0.997284,False
21580_b8b2571b,high_complexity_rotor,8,21351_675c66b1,complex_assembly,0.996098,False
21580_b8b2571b,high_complexity_rotor,9,22430_c6f08b03,complex_assembly,0.995698,False
21580_b8b2571b,high_complexity_rotor,10,22533_e7298b05,complex_assembly,0.994956,False
21365_ab403591,medium_rotor,1,20239_49b65a55,medium_rotor,0.99982,True
21365_ab403591,medium_rotor,2,20431_0088a0dd,medium_rotor,0.998252,True
21365_ab403591,medium_rotor,3,22630_b6010fff,medium_rotor,0.997679,True
21365_ab403591,medium_rotor,4,21503_34f299ca,medium_rotor,0.99763,True
21365_ab403591,medium_rotor,5,21790_aaf9224a,medium_rotor,0.996434,True
21365_ab403591,medium_rotor,6,22376_3ebc82a2,medium_rotor,0.996106,True
21365_ab403591,medium_rotor,7,21858_f1409ea2,medium_rotor,0.995202,True
21365_ab403591,medium_rotor,8,21621_711e1918,medium_rotor,0.99416,True
21365_ab403591,medium_rotor,9,23305_2662b29a,medium_rotor,0.993198,True
21365_ab403591,medium_rotor,10,22017_6d3be48d,medium_rotor,0.992149,True
22014_5880c417,simple_rotor,1,21357_9edfc0a0,simple_rotor,1.0,True
22014_5880c417,simple_rotor,2,20841_1620ae7d,simple_rotor,1.0,True
22014_5880c417,simple_rotor,3,22862_f5406bb0,simple_rotor,1.0,True
22014_5880c417,simple_rotor,4,23136_2b469508,simple_rotor,0.998503,True
22014_5880c417,simple_rotor,5,21391_78fc6345,simple_rotor,0.994971,True
22014_5880c417,simple_rotor,6,20186_f66e4ad3,simple_rotor,0.987901,True
22014_5880c417,simple_rotor,7,23215_08a54de0,simple_rotor,0.987901,True
22014_5880c417,simple_rotor,8,21165_5cb2d287,simple_rotor,0.987901,True
22014_5880c417,simple_rotor,9,22227_aca28ff2,simple_rotor,0.987901,True
22014_5880c417,simple_rotor,10,20436_41b730a3,simple_rotor,0.987901,True
21630_316322ff,simple_rotor,1,22671_fdd1b1e6,simple_rotor,1.0,True
21630_316322ff,simple_rotor,2,21865_c190b734,simple_rotor,1.0,True
21630_316322ff,simple_rotor,3,23351_6104d55d,simple_rotor,1.0,True
21630_316322ff,simple_rotor,4,22746_920025a0,simple_rotor,1.0,True
21630_316322ff,simple_rotor,5,21243_3ec5d732,simple_rotor,1.0,True
21630_316322ff,simple_rotor,6,20342_c140780b,simple_rotor,1.0,True
21630_316322ff,simple_rotor,7,23387_c4aa9424,simple_rotor,1.0,True
21630_316322ff,simple_rotor,8,21793_4ad5e2c0,simple_rotor,1.0,True
21630_316322ff,simple_rotor,9,23163_7b143a6f,simple_rotor,1.0,True
21630_316322ff,simple_rotor,10,23403_e539620b,simple_rotor,1.0,True
22349_6f67a96e,simple_rotor,1,22671_fdd1b1e6,simple_rotor,1.0,True
22349_6f67a96e,simple_rotor,2,21865_c190b734,simple_rotor,1.0,True
22349_6f67a96e,simple_rotor,3,23351_6104d55d,simple_rotor,1.0,True
22349_6f67a96e,simple_rotor,4,22746_920025a0,simple_rotor,1.0,True
22349_6f67a96e,simple_rotor,5,21243_3ec5d732,simple_rotor,1.0,True
22349_6f67a96e,simple_rotor,6,20342_c140780b,simple_rotor,1.0,True
22349_6f67a96e,simple_rotor,7,23387_c4aa9424,simple_rotor,1.0,True
22349_6f67a96e,simple_rotor,8,21793_4ad5e2c0,simple_rotor,1.0,True
22349_6f67a96e,simple_rotor,9,23163_7b143a6f,simple_rotor,1.0,True
22349_6f67a96e,simple_rotor,10,23403_e539620b,simple_rotor,1.0,True
21316_69ed56f5,complex_assembly,1,23511_8651ac1f,high_complexity_rotor,0.926963,False
21316_69ed56f5,complex_assembly,2,22415_658c81dd,complex_assembly,0.890323,True
21316_69ed56f5,complex_assembly,3,22717_08784417,complex_assembly,0.847912,True
21316_69ed56f5,complex_assembly,4,22125_e3a4cad4,complex_assembly,0.846661,True
21316_69ed56f5,complex_assembly,5,20245_f1b25d43,high_complexity_rotor,0.83938,False
21316_69ed56f5,complex_assembly,6,21647_6b6cca6f,complex_assembly,0.836424,True
21316_69ed56f5,complex_assembly,7,23154_7c74d190,high_complexity_rotor,0.831654,False
21316_69ed56f5,complex_assembly,8,21924_bbd9f7a9,high_complexity_rotor,0.829071,False
21316_69ed56f5,complex_assembly,9,21492_8bd34fc1,complex_assembly,0.822835,True
21316_69ed56f5,complex_assembly,10,21722_68aeba65,complex_assembly,0.814853,True
20281_a29f9a18,medium_rotor,1,23044_9a964a68,medium_rotor,0.999999,True
20281_a29f9a18,medium_rotor,2,23322_8f85d82d,medium_rotor,0.999989,True
20281_a29f9a18,medium_rotor,3,21202_e452c491,medium_rotor,0.999981,True
20281_a29f9a18,medium_rotor,4,23373_f5dac851,medium_rotor,0.999949,True
20281_a29f9a18,medium_rotor,5,22059_b7d76712,medium_rotor,0.999949,True
20281_a29f9a18,medium_rotor,6,20278_d442e77d,medium_rotor,0.999913,True
20281_a29f9a18,medium_rotor,7,21224_18ba4aba,medium_rotor,0.999858,True
20281_a29f9a18,medium_rotor,8,23451_14c8d09e,medium_rotor,0.999812,True
20281_a29f9a18,medium_rotor,9,22612_28fe0ac2,medium_rotor,0.999812,True
20281_a29f9a18,medium_rotor,10,22092_897b0ffa,medium_rotor,0.999812,True
21243_3ec5d732,simple_rotor,1,22671_fdd1b1e6,simple_rotor,1.0,True
21243_3ec5d732,simple_rotor,2,21865_c190b734,simple_rotor,1.0,True
21243_3ec5d732,simple_rotor,3,23351_6104d55d,simple_rotor,1.0,True
21243_3ec5d732,simple_rotor,4,22746_920025a0,simple_rotor,1.0,True
21243_3ec5d732,simple_rotor,5,22178_976d2411,simple_rotor,1.0,True
21243_3ec5d732,simple_rotor,6,20342_c140780b,simple_rotor,1.0,True
21243_3ec5d732,simple_rotor,7,23387_c4aa9424,simple_rotor,1.0,True
21243_3ec5d732,simple_rotor,8,21793_4ad5e2c0,simple_rotor,1.0,True
21243_3ec5d732,simple_rotor,9,23163_7b143a6f,simple_rotor,1.0,True
21243_3ec5d732,simple_rotor,10,23403_e539620b,simple_rotor,1.0,True
21545_4384f96e,complex_assembly,1,21582_a3d32115,complex_assembly,0.999999,True
21545_4384f96e,complex_assembly,2,23235_f9ccb8b0,complex_assembly,0.999994,True
21545_4384f96e,complex_assembly,3,20952_b8a54213,complex_assembly,0.999981,True
21545_4384f96e,complex_assembly,4,21986_67c5509a,complex_assembly,0.999948,True
21545_4384f96e,complex_assembly,5,22535_0ba01cc9,complex_assembly,0.99994,True
21545_4384f96e,complex_assembly,6,22298_51433023,complex_assembly,0.99994,True
21545_4384f96e,complex_assembly,7,19051_26735260,high_complexity_rotor,0.999933,False
21545_4384f96e,complex_assembly,8,20165_2b088be5,high_complexity_rotor,0.999764,False
21545_4384f96e,complex_assembly,9,22670_9353c710,complex_assembly,0.999764,True
21545_4384f96e,complex_assembly,10,22581_406c16c4,complex_assembly,0.999549,True
23258_87a2ba81,high_complexity_rotor,1,23233_ac09e2e5,high_complexity_rotor,0.999933,True
23258_87a2ba81,high_complexity_rotor,2,21709_4dd88551,high_complexity_rotor,0.999864,True
23258_87a2ba81,high_complexity_rotor,3,20279_aed6b3b3,high_complexity_rotor,0.999837,True
23258_87a2ba81,high_complexity_rotor,4,21204_96d26a7f,high_complexity_rotor,0.999788,True
23258_87a2ba81,high_complexity_rotor,5,23309_76dcf100,high_complexity_rotor,0.999788,True
23258_87a2ba81,high_complexity_rotor,6,21697_06656699,high_complexity_rotor,0.999774,True
23258_87a2ba81,high_complexity_rotor,7,20675_66ac9773,high_complexity_rotor,0.999773,True
23258_87a2ba81,high_complexity_rotor,8,20737_5249e274,high_complexity_rotor,0.999729,True
23258_87a2ba81,high_complexity_rotor,9,21805_2ba39d00,high_complexity_rotor,0.999705,True
23258_87a2ba81,high_complexity_rotor,10,23467_9f431540,high_complexity_rotor,0.999705,True
21839_a8eb6d34,high_complexity_rotor,1,21838_5bc448b4,high_complexity_rotor,0.999999,True
21839_a8eb6d34,high_complexity_rotor,2,20643_71ad3d26,high_complexity_rotor,0.999999,True
21839_a8eb6d34,high_complexity_rotor,3,21843_effbd24d,high_complexity_rotor,0.999984,True
21839_a8eb6d34,high_complexity_rotor,4,21081_72fa4ad1,high_complexity_rotor,0.999984,True
21839_a8eb6d34,high_complexity_rotor,5,23101_6aec02ee,high_complexity_rotor,0.999982,True
21839_a8eb6d34,high_complexity_rotor,6,20620_8a5226b4,high_complexity_rotor,0.999982,True
21839_a8eb6d34,high_complexity_rotor,7,22893_eb8aa8ac,high_complexity_rotor,0.999981,True
21839_a8eb6d34,high_complexity_rotor,8,22416_4cd31921,high_complexity_rotor,0.999981,True
21839_a8eb6d34,high_complexity_rotor,9,22576_d05619d1,high_complexity_rotor,0.999981,True
21839_a8eb6d34,high_complexity_rotor,10,22419_dfeb5d33,high_complexity_rotor,0.999978,True
23123_f35404c4,complex_assembly,1,23271_f833d903,complex_assembly,0.999999,True
23123_f35404c4,complex_assembly,2,22491_a33562ad,complex_assembly,0.999984,True
23123_f35404c4,complex_assembly,3,21918_976c2754,high_complexity_rotor,0.999971,False
23123_f35404c4,complex_assembly,4,21762_90d34d16,high_complexity_rotor,0.999964,False
23123_f35404c4,complex_assembly,5,22357_e2f7b060,complex_assembly,0.999939,True
23123_f35404c4,complex_assembly,6,23282_a1b17daa,complex_assembly,0.999917,True
23123_f35404c4,complex_assembly,7,21421_fb12b69b,complex_assembly,0.999817,True
23123_f35404c4,complex_assembly,8,21236_b696e901,complex_assembly,0.999766,True
23123_f35404c4,complex_assembly,9,21024_9be3d461,high_complexity_rotor,0.99974,False
23123_f35404c4,complex_assembly,10,21519_3e869afd,high_complexity_rotor,0.999619,False
21425_d0d47a2a,high_complexity_rotor,1,20668_b2f2633e,high_complexity_rotor,1.0,True
21425_d0d47a2a,high_complexity_rotor,2,22483_f4e4b62a,complex_assembly,0.999951,False
21425_d0d47a2a,high_complexity_rotor,3,22492_047b125b,complex_assembly,0.999562,False
21425_d0d47a2a,high_complexity_rotor,4,23376_9b48819a,high_complexity_rotor,0.998773,True
21425_d0d47a2a,high_complexity_rotor,5,23204_ff1672a9,complex_assembly,0.997867,False
21425_d0d47a2a,high_complexity_rotor,6,20636_ca9eb29a,high_complexity_rotor,0.997853,True
21425_d0d47a2a,high_complexity_rotor,7,21859_35124f79,complex_assembly,0.996356,False
21425_d0d47a2a,high_complexity_rotor,8,21741_c6faf98e,complex_assembly,0.995055,False
21425_d0d47a2a,high_complexity_rotor,9,7778_3a9748b3,complex_assembly,0.99449,False
21425_d0d47a2a,high_complexity_rotor,10,21708_e61bd657,complex_assembly,0.988602,False
22419_dfeb5d33,high_complexity_rotor,1,22416_4cd31921,high_complexity_rotor,0.999999,True
22419_dfeb5d33,high_complexity_rotor,2,22893_eb8aa8ac,high_complexity_rotor,0.999999,True
22419_dfeb5d33,high_complexity_rotor,3,20620_8a5226b4,high_complexity_rotor,0.999996,True
22419_dfeb5d33,high_complexity_rotor,4,23101_6aec02ee,high_complexity_rotor,0.999996,True
22419_dfeb5d33,high_complexity_rotor,5,22576_d05619d1,high_complexity_rotor,0.999991,True
22419_dfeb5d33,high_complexity_rotor,6,21838_5bc448b4,high_complexity_rotor,0.999981,True
22419_dfeb5d33,high_complexity_rotor,7,21843_effbd24d,high_complexity_rotor,0.999978,True
22419_dfeb5d33,high_complexity_rotor,8,21081_72fa4ad1,high_complexity_rotor,0.999978,True
22419_dfeb5d33,high_complexity_rotor,9,21839_a8eb6d34,high_complexity_rotor,0.999978,True
22419_dfeb5d33,high_complexity_rotor,10,21121_1e9e7540,high_complexity_rotor,0.999975,True
21986_67c5509a,complex_assembly,1,22298_51433023,complex_assembly,1.0,True
21986_67c5509a,complex_assembly,2,23235_f9ccb8b0,complex_assembly,0.999977,True
21986_67c5509a,complex_assembly,3,21582_a3d32115,complex_assembly,0.999961,True
21986_67c5509a,complex_assembly,4,21545_4384f96e,complex_assembly,0.999948,True
21986_67c5509a,complex_assembly,5,22670_9353c710,complex_assembly,0.999934,True
21986_67c5509a,complex_assembly,6,20165_2b088be5,high_complexity_rotor,0.999934,False
21986_67c5509a,complex_assembly,7,20952_b8a54213,complex_assembly,0.999865,True
21986_67c5509a,complex_assembly,8,22581_406c16c4,complex_assembly,0.999803,True
21986_67c5509a,complex_assembly,9,22535_0ba01cc9,complex_assembly,0.999776,True
21986_67c5509a,complex_assembly,10,19051_26735260,high_complexity_rotor,0.999763,False
21035_d308c5c4,medium_rotor,1,23413_6702ec7f,medium_rotor,0.999701,True
21035_d308c5c4,medium_rotor,2,20722_90d46353,medium_rotor,0.996982,True
21035_d308c5c4,medium_rotor,3,23368_648717d8,medium_rotor,0.996352,True
21035_d308c5c4,medium_rotor,4,21719_d60b8a4a,medium_rotor,0.994222,True
21035_d308c5c4,medium_rotor,5,22987_37973191,medium_rotor,0.993413,True
21035_d308c5c4,medium_rotor,6,23331_192866b6,medium_rotor,0.990325,True
21035_d308c5c4,medium_rotor,7,22832_731d3b9f,medium_rotor,0.988454,True
21035_d308c5c4,medium_rotor,8,22372_e91792a1,medium_rotor,0.988454,True
21035_d308c5c4,medium_rotor,9,22680_1f4026f6,medium_rotor,0.988454,True
21035_d308c5c4,medium_rotor,10,21837_b67d788c,medium_rotor,0.981846,True
21859_35124f79,complex_assembly,1,21741_c6faf98e,complex_assembly,0.999901,True
21859_35124f79,complex_assembly,2,20636_ca9eb29a,high_complexity_rotor,0.999803,False
21859_35124f79,complex_assembly,3,22492_047b125b,complex_assembly,0.998443,True
21859_35124f79,complex_assembly,4,21708_e61bd657,complex_assembly,0.997839,True
21859_35124f79,complex_assembly,5,20260_4a01a99d,high_complexity_rotor,0.997321,False
21859_35124f79,complex_assembly,6,22483_f4e4b62a,complex_assembly,0.997155,True
21859_35124f79,complex_assembly,7,20430_975b8dcf,high_complexity_rotor,0.997074,False
21859_35124f79,complex_assembly,8,22079_31335df2,complex_assembly,0.996841,True
21859_35124f79,complex_assembly,9,21425_d0d47a2a,high_complexity_rotor,0.996356,False
21859_35124f79,complex_assembly,10,20668_b2f2633e,high_complexity_rotor,0.996356,False
22421_19401bdd,high_complexity_rotor,1,20697_d3e106b4,high_complexity_rotor,0.999996,True
22421_19401bdd,high_complexity_rotor,2,23155_d7305c5f,high_complexity_rotor,0.999991,True
22421_19401bdd,high_complexity_rotor,3,23329_6939d5d9,high_complexity_rotor,0.999984,True
22421_19401bdd,high_complexity_rotor,4,21849_a5f563a6,high_complexity_rotor,0.999982,True
22421_19401bdd,high_complexity_rotor,5,21121_1e9e7540,high_complexity_rotor,0.999975,True
22421_19401bdd,high_complexity_rotor,6,22168_a84560a9,high_complexity_rotor,0.999966,True
22421_19401bdd,high_complexity_rotor,7,21174_861bd902,high_complexity_rotor,0.999964,True
22421_19401bdd,high_complexity_rotor,8,21845_dff8b3a1,high_complexity_rotor,0.999933,True
22421_19401bdd,high_complexity_rotor,9,22417_4a15d62e,high_complexity_rotor,0.999926,True
22421_19401bdd,high_complexity_rotor,10,21081_72fa4ad1,high_complexity_rotor,0.999918,True
22787_49022c32,complex_assembly,1,21557_53eafe15,complex_assembly,0.998986,True
22787_49022c32,complex_assembly,2,21809_8bd6b10e,high_complexity_rotor,0.997003,False
22787_49022c32,complex_assembly,3,20293_a1999339,high_complexity_rotor,0.996503,False
22787_49022c32,complex_assembly,4,21519_3e869afd,high_complexity_rotor,0.99592,False
22787_49022c32,complex_assembly,5,21024_9be3d461,high_complexity_rotor,0.995477,False
22787_49022c32,complex_assembly,6,21762_90d34d16,high_complexity_rotor,0.994018,False
22787_49022c32,complex_assembly,7,21918_976c2754,high_complexity_rotor,0.993914,False
22787_49022c32,complex_assembly,8,23123_f35404c4,complex_assembly,0.993051,True
22787_49022c32,complex_assembly,9,23271_f833d903,complex_assembly,0.992849,True
22787_49022c32,complex_assembly,10,22491_a33562ad,complex_assembly,0.992368,True
23103_66470b7e,simple_rotor,1,22671_fdd1b1e6,simple_rotor,1.0,True
23103_66470b7e,simple_rotor,2,21865_c190b734,simple_rotor,1.0,True
23103_66470b7e,simple_rotor,3,23351_6104d55d,simple_rotor,1.0,True
23103_66470b7e,simple_rotor,4,22746_920025a0,simple_rotor,1.0,True
23103_66470b7e,simple_rotor,5,21243_3ec5d732,simple_rotor,1.0,True
23103_66470b7e,simple_rotor,6,20342_c140780b,simple_rotor,1.0,True
23103_66470b7e,simple_rotor,7,23387_c4aa9424,simple_rotor,1.0,True
23103_66470b7e,simple_rotor,8,21793_4ad5e2c0,simple_rotor,1.0,True
23103_66470b7e,simple_rotor,9,23163_7b143a6f,simple_rotor,1.0,True
23103_66470b7e,simple_rotor,10,23403_e539620b,simple_rotor,1.0,True
20505_017d4cc4,medium_rotor,1,21626_b34008e6,medium_rotor,0.99999,True
20505_017d4cc4,medium_rotor,2,21513_50fb4d62,medium_rotor,0.99999,True
20505_017d4cc4,medium_rotor,3,21745_56cbe841,medium_rotor,0.999933,True
20505_017d4cc4,medium_rotor,4,20892_b1f89c8d,medium_rotor,0.999902,True
20505_017d4cc4,medium_rotor,5,22228_1c82530b,medium_rotor,0.999861,True
20505_017d4cc4,medium_rotor,6,20755_4b5e61bf,medium_rotor,0.99979,True
20505_017d4cc4,medium_rotor,7,20989_d1b8b0f8,medium_rotor,0.999736,True
20505_017d4cc4,medium_rotor,8,20688_955aae0c,medium_rotor,0.999736,True
20505_017d4cc4,medium_rotor,9,20899_a8d7c6d5,medium_rotor,0.999719,True
20505_017d4cc4,medium_rotor,10,22778_7d85debd,medium_rotor,0.999707,True
23044_9a964a68,medium_rotor,1,20281_a29f9a18,medium_rotor,0.999999,True
23044_9a964a68,medium_rotor,2,23322_8f85d82d,medium_rotor,0.999981,True
23044_9a964a68,medium_rotor,3,21202_e452c491,medium_rotor,0.99997,True
23044_9a964a68,medium_rotor,4,23373_f5dac851,medium_rotor,0.999964,True
23044_9a964a68,medium_rotor,5,22059_b7d76712,medium_rotor,0.999964,True
23044_9a964a68,medium_rotor,6,20278_d442e77d,medium_rotor,0.999891,True
23044_9a964a68,medium_rotor,7,21224_18ba4aba,medium_rotor,0.999885,True
23044_9a964a68,medium_rotor,8,23451_14c8d09e,medium_rotor,0.999842,True
23044_9a964a68,medium_rotor,9,22612_28fe0ac2,medium_rotor,0.999842,True
23044_9a964a68,medium_rotor,10,22092_897b0ffa,medium_rotor,0.999842,True
20682_e208cc63,symmetric_rotor,1,22311_553b3456,symmetric_rotor,1.0,True
20682_e208cc63,symmetric_rotor,2,22762_dcbdd14d,symmetric_rotor,1.0,True
20682_e208cc63,symmetric_rotor,3,22057_4947db57,symmetric_rotor,1.0,True
20682_e208cc63,symmetric_rotor,4,20237_06b27bf5,symmetric_rotor,0.999999,True
20682_e208cc63,symmetric_rotor,5,22892_68138f24,symmetric_rotor,0.999999,True
20682_e208cc63,symmetric_rotor,6,22155_ab18f2b6,symmetric_rotor,0.999999,True
20682_e208cc63,symmetric_rotor,7,22983_0ab3faaf,symmetric_rotor,0.999999,True
20682_e208cc63,symmetric_rotor,8,21961_1a090a8b,symmetric_rotor,0.999999,True
20682_e208cc63,symmetric_rotor,9,22365_a4eb929c,symmetric_rotor,0.999999,True
20682_e208cc63,symmetric_rotor,10,21248_0a862e3e,symmetric_rotor,0.999999,True
21976_807c9b26,simple_rotor,1,22043_041e1b7c,simple_rotor,0.999994,True
21976_807c9b26,simple_rotor,2,22270_c6999138,simple_rotor,0.999994,True
21976_807c9b26,simple_rotor,3,21184_971559b6,simple_rotor,0.999965,True
21976_807c9b26,simple_rotor,4,20646_4cd14a72,simple_rotor,0.999886,True
21976_807c9b26,simple_rotor,5,20647_cea2e07c,simple_rotor,0.999886,True
21976_807c9b26,simple_rotor,6,21326_ab4d6c43,simple_rotor,0.999886,True
21976_807c9b26,simple_rotor,7,23265_07de6a0b,simple_rotor,0.99969,True
21976_807c9b26,simple_rotor,8,22133_465d7a91,simple_rotor,0.99969,True
21976_807c9b26,simple_rotor,9,20193_2da4f0a0,simple_rotor,0.99969,True
21976_807c9b26,simple_rotor,10,22073_951645ae,simple_rotor,0.99969,True
21865_c190b734,simple_rotor,1,22671_fdd1b1e6,simple_rotor,1.0,True
21865_c190b734,simple_rotor,2,23103_66470b7e,simple_rotor,1.0,True
21865_c190b734,simple_rotor,3,23351_6104d55d,simple_rotor,1.0,True
21865_c190b734,simple_rotor,4,22746_920025a0,simple_rotor,1.0,True
21865_c190b734,simple_rotor,5,21243_3ec5d732,simple_rotor,1.0,True
21865_c190b734,simple_rotor,6,20342_c140780b,simple_rotor,1.0,True
21865_c190b734,simple_rotor,7,23387_c4aa9424,simple_rotor,1.0,True
21865_c190b734,simple_rotor,8,21793_4ad5e2c0,simple_rotor,1.0,True
21865_c190b734,simple_rotor,9,23163_7b143a6f,simple_rotor,1.0,True
21865_c190b734,simple_rotor,10,23403_e539620b,simple_rotor,1.0,True
20426_79358492,simple_rotor,1,22907_ff18dbd5,simple_rotor,0.2,True
20426_79358492,simple_rotor,2,22058_71feafda,simple_rotor,0.2,True
20426_79358492,simple_rotor,3,20672_0bc07cce,simple_rotor,0.2,True
20426_79358492,simple_rotor,4,21616_c6c3347a,simple_rotor,0.2,True
20426_79358492,simple_rotor,5,23439_18900af2,simple_rotor,0.2,True
20426_79358492,simple_rotor,6,23435_e1c96b4d,simple_rotor,0.2,True
20426_79358492,simple_rotor,7,20467_f1fcc009,simple_rotor,0.2,True
20426_79358492,simple_rotor,8,20259_de1ab632,simple_rotor,0.2,True
20426_79358492,simple_rotor,9,22053_de30641b,simple_rotor,0.2,True
20426_79358492,simple_rotor,10,21761_fdb5f86d,simple_rotor,0.2,True
22076_20e8a107,high_complexity_rotor,1,23422_f214bd4d,complex_assembly,0.999949,False
22076_20e8a107,high_complexity_rotor,2,21337_062b39fa,high_complexity_rotor,0.999898,True
22076_20e8a107,high_complexity_rotor,3,20351_dc6e4e1e,complex_assembly,0.999742,False
22076_20e8a107,high_complexity_rotor,4,19566_19d85d3b,high_complexity_rotor,0.999251,True
22076_20e8a107,high_complexity_rotor,5,21153_a2fb81fe,high_complexity_rotor,0.999251,True
22076_20e8a107,high_complexity_rotor,6,20622_38dd90d0,high_complexity_rotor,0.996882,True
22076_20e8a107,high_complexity_rotor,7,7778_3a9748b3,complex_assembly,0.99469,False
22076_20e8a107,high_complexity_rotor,8,22442_7d5c5d5f,high_complexity_rotor,0.992956,True
22076_20e8a107,high_complexity_rotor,9,23204_ff1672a9,complex_assembly,0.989822,False
22076_20e8a107,high_complexity_rotor,10,20533_0a3e112b,high_complexity_rotor,0.98884,True
23217_7c6062e3,high_complexity_rotor,1,20745_3e22ad07,high_complexity_rotor,1.0,True
23217_7c6062e3,high_complexity_rotor,2,23377_690165aa,high_complexity_rotor,0.999981,True
23217_7c6062e3,high_complexity_rotor,3,23168_7fdf5427,high_complexity_rotor,0.999975,True
23217_7c6062e3,high_complexity_rotor,4,22278_12f1fb79,high_complexity_rotor,0.999964,True
23217_7c6062e3,high_complexity_rotor,5,21300_ec7da33e,high_complexity_rotor,0.999881,True
23217_7c6062e3,high_complexity_rotor,6,21174_861bd902,high_complexity_rotor,0.999746,True
23217_7c6062e3,high_complexity_rotor,7,23155_d7305c5f,high_complexity_rotor,0.999642,True
23217_7c6062e3,high_complexity_rotor,8,23378_8d6426ae,high_complexity_rotor,0.999626,True
23217_7c6062e3,high_complexity_rotor,9,19596_fb9531a5,high_complexity_rotor,0.999589,True
23217_7c6062e3,high_complexity_rotor,10,22428_c1ffa51a,high_complexity_rotor,0.999548,True
23408_e5fd25ba,simple_rotor,1,21139_cd619b26,simple_rotor,1.0,True
23408_e5fd25ba,simple_rotor,2,23103_66470b7e,simple_rotor,1.0,True
23408_e5fd25ba,simple_rotor,3,23351_6104d55d,simple_rotor,1.0,True
23408_e5fd25ba,simple_rotor,4,22746_920025a0,simple_rotor,1.0,True
23408_e5fd25ba,simple_rotor,5,21243_3ec5d732,simple_rotor,1.0,True
23408_e5fd25ba,simple_rotor,6,20342_c140780b,simple_rotor,1.0,True
23408_e5fd25ba,simple_rotor,7,23387_c4aa9424,simple_rotor,1.0,True
23408_e5fd25ba,simple_rotor,8,21793_4ad5e2c0,simple_rotor,1.0,True
23408_e5fd25ba,simple_rotor,9,23163_7b143a6f,simple_rotor,1.0,True
23408_e5fd25ba,simple_rotor,10,23403_e539620b,simple_rotor,1.0,True
22443_fa24c6f9,medium_rotor,1,23213_3df3cb34,medium_rotor,1.0,True
22443_fa24c6f9,medium_rotor,2,23409_e27e3b8b,medium_rotor,1.0,True
22443_fa24c6f9,medium_rotor,3,22852_dc1dbed6,medium_rotor,1.0,True
22443_fa24c6f9,medium_rotor,4,20322_daa5c577,medium_rotor,1.0,True
22443_fa24c6f9,medium_rotor,5,22577_cd96733e,medium_rotor,1.0,True
22443_fa24c6f9,medium_rotor,6,21974_1997ebc3,medium_rotor,1.0,True
22443_fa24c6f9,medium_rotor,7,21594_428d32af,medium_rotor,1.0,True
22443_fa24c6f9,medium_rotor,8,23480_3f7a8d50,medium_rotor,1.0,True
22443_fa24c6f9,medium_rotor,9,21091_bbf490e7,medium_rotor,1.0,True
22443_fa24c6f9,medium_rotor,10,20322_5a8c6077,medium_rotor,1.0,True
21706_adfb2ece,medium_rotor,1,23213_3df3cb34,medium_rotor,1.0,True
21706_adfb2ece,medium_rotor,2,23409_e27e3b8b,medium_rotor,1.0,True
21706_adfb2ece,medium_rotor,3,22852_dc1dbed6,medium_rotor,1.0,True
21706_adfb2ece,medium_rotor,4,20322_daa5c577,medium_rotor,1.0,True
21706_adfb2ece,medium_rotor,5,22577_cd96733e,medium_rotor,1.0,True
21706_adfb2ece,medium_rotor,6,21974_1997ebc3,medium_rotor,1.0,True
21706_adfb2ece,medium_rotor,7,21594_428d32af,medium_rotor,1.0,True
21706_adfb2ece,medium_rotor,8,23480_3f7a8d50,medium_rotor,1.0,True
21706_adfb2ece,medium_rotor,9,21091_bbf490e7,medium_rotor,1.0,True
21706_adfb2ece,medium_rotor,10,20322_5a8c6077,medium_rotor,1.0,True
23265_07de6a0b,simple_rotor,1,21469_abec26c4,simple_rotor,1.0,True
23265_07de6a0b,simple_rotor,2,22133_465d7a91,simple_rotor,1.0,True
23265_07de6a0b,simple_rotor,3,20193_2da4f0a0,simple_rotor,1.0,True
23265_07de6a0b,simple_rotor,4,22073_951645ae,simple_rotor,1.0,True
23265_07de6a0b,simple_rotor,5,20478_c02790cb,simple_rotor,1.0,True
23265_07de6a0b,simple_rotor,6,21184_971559b6,simple_rotor,0.999863,True
23265_07de6a0b,simple_rotor,7,20232_e5b060d9,simple_rotor,0.999806,True
23265_07de6a0b,simple_rotor,8,21976_807c9b26,simple_rotor,0.99969,True
23265_07de6a0b,simple_rotor,9,23342_7193a931,simple_rotor,0.999606,True
23265_07de6a0b,simple_rotor,10,22270_c6999138,simple_rotor,0.999594,True
21745_56cbe841,medium_rotor,1,22228_1c82530b,medium_rotor,0.999987,True
21745_56cbe841,medium_rotor,2,20505_017d4cc4,medium_rotor,0.999933,True
21745_56cbe841,medium_rotor,3,22778_7d85debd,medium_rotor,0.99992,True
21745_56cbe841,medium_rotor,4,21539_cfe1f7fd,medium_rotor,0.999902,True
21745_56cbe841,medium_rotor,5,21626_b34008e6,medium_rotor,0.999873,True
21745_56cbe841,medium_rotor,6,21513_50fb4d62,medium_rotor,0.999873,True
21745_56cbe841,medium_rotor,7,19810_f77c5501,medium_rotor,0.99978,True
21745_56cbe841,medium_rotor,8,20892_b1f89c8d,medium_rotor,0.999672,True
21745_56cbe841,medium_rotor,9,22474_b10fea1a,medium_rotor,0.999665,True
21745_56cbe841,medium_rotor,10,22919_3ee91d1a,medium_rotor,0.999627,True
20466_4b3e5186,simple_rotor,1,22907_ff18dbd5,simple_rotor,0.2,True
20466_4b3e5186,simple_rotor,2,22058_71feafda,simple_rotor,0.2,True
20466_4b3e5186,simple_rotor,3,20672_0bc07cce,simple_rotor,0.2,True
20466_4b3e5186,simple_rotor,4,21616_c6c3347a,simple_rotor,0.2,True
20466_4b3e5186,simple_rotor,5,23439_18900af2,simple_rotor,0.2,True
20466_4b3e5186,simple_rotor,6,23435_e1c96b4d,simple_rotor,0.2,True
20466_4b3e5186,simple_rotor,7,20467_f1fcc009,simple_rotor,0.2,True
20466_4b3e5186,simple_rotor,8,20259_de1ab632,simple_rotor,0.2,True
20466_4b3e5186,simple_rotor,9,22053_de30641b,simple_rotor,0.2,True
20466_4b3e5186,simple_rotor,10,21761_fdb5f86d,simple_rotor,0.2,True
21695_1f33863f,medium_rotor,1,22218_2f85f6ae,medium_rotor,0.999996,True
21695_1f33863f,medium_rotor,2,20285_b64b1a7e,medium_rotor,0.999994,True
21695_1f33863f,medium_rotor,3,22061_b50b6b66,medium_rotor,0.999994,True
21695_1f33863f,medium_rotor,4,23323_075a079e,medium_rotor,0.999977,True
21695_1f33863f,medium_rotor,5,21185_ac5324ba,medium_rotor,0.999965,True
21695_1f33863f,medium_rotor,6,21625_d5d4c9a7,medium_rotor,0.999886,True
21695_1f33863f,medium_rotor,7,21737_87d83240,medium_rotor,0.99969,True
21695_1f33863f,medium_rotor,8,22224_1e749c32,medium_rotor,0.999113,True
21695_1f33863f,medium_rotor,9,20504_c9e14c9d,medium_rotor,0.996755,True
21695_1f33863f,medium_rotor,10,20421_83f66ddc,medium_rotor,0.995983,True
19518_f220b68a,simple_rotor,1,20940_9777847c,simple_rotor,0.999863,True
19518_f220b68a,simple_rotor,2,23039_b3d04774,simple_rotor,0.997903,True
19518_f220b68a,simple_rotor,3,22981_93f268ae,simple_rotor,0.997006,True
19518_f220b68a,simple_rotor,4,23194_b675acc0,simple_rotor,0.996576,True
19518_f220b68a,simple_rotor,5,20814_5a2be0fb,simple_rotor,0.994885,True
19518_f220b68a,simple_rotor,6,21422_b2a6bf27,simple_rotor,0.979055,True
19518_f220b68a,simple_rotor,7,21469_abec26c4,simple_rotor,0.95,True
19518_f220b68a,simple_rotor,8,20193_2da4f0a0,simple_rotor,0.95,True
19518_f220b68a,simple_rotor,9,22133_465d7a91,simple_rotor,0.95,True
19518_f220b68a,simple_rotor,10,20478_c02790cb,simple_rotor,0.95,True
22313_3a8b93dc,medium_rotor,1,23213_3df3cb34,medium_rotor,1.0,True
22313_3a8b93dc,medium_rotor,2,23409_e27e3b8b,medium_rotor,1.0,True
22313_3a8b93dc,medium_rotor,3,22852_dc1dbed6,medium_rotor,1.0,True
22313_3a8b93dc,medium_rotor,4,20322_daa5c577,medium_rotor,1.0,True
22313_3a8b93dc,medium_rotor,5,22577_cd96733e,medium_rotor,1.0,True
22313_3a8b93dc,medium_rotor,6,21974_1997ebc3,medium_rotor,1.0,True
22313_3a8b93dc,medium_rotor,7,21594_428d32af,medium_rotor,1.0,True
22313_3a8b93dc,medium_rotor,8,23480_3f7a8d50,medium_rotor,1.0,True
22313_3a8b93dc,medium_rotor,9,21091_bbf490e7,medium_rotor,1.0,True
22313_3a8b93dc,medium_rotor,10,20322_5a8c6077,medium_rotor,1.0,True
22251_88fd728c,medium_rotor,1,23213_3df3cb34,medium_rotor,1.0,True
22251_88fd728c,medium_rotor,2,23409_e27e3b8b,medium_rotor,1.0,True
22251_88fd728c,medium_rotor,3,22852_dc1dbed6,medium_rotor,1.0,True
22251_88fd728c,medium_rotor,4,20322_daa5c577,medium_rotor,1.0,True
22251_88fd728c,medium_rotor,5,22577_cd96733e,medium_rotor,1.0,True
22251_88fd728c,medium_rotor,6,21974_1997ebc3,medium_rotor,1.0,True
22251_88fd728c,medium_rotor,7,21594_428d32af,medium_rotor,1.0,True
22251_88fd728c,medium_rotor,8,23480_3f7a8d50,medium_rotor,1.0,True
22251_88fd728c,medium_rotor,9,21091_bbf490e7,medium_rotor,1.0,True
22251_88fd728c,medium_rotor,10,20322_5a8c6077,medium_rotor,1.0,True
21613_d57e983a,simple_rotor,1,21139_cd619b26,simple_rotor,1.0,True
21613_d57e983a,simple_rotor,2,23103_66470b7e,simple_rotor,1.0,True
21613_d57e983a,simple_rotor,3,23351_6104d55d,simple_rotor,1.0,True
21613_d57e983a,simple_rotor,4,22746_920025a0,simple_rotor,1.0,True
21613_d57e983a,simple_rotor,5,21243_3ec5d732,simple_rotor,1.0,True
21613_d57e983a,simple_rotor,6,20342_c140780b,simple_rotor,1.0,True
21613_d57e983a,simple_rotor,7,23387_c4aa9424,simple_rotor,1.0,True
21613_d57e983a,simple_rotor,8,21793_4ad5e2c0,simple_rotor,1.0,True
21613_d57e983a,simple_rotor,9,23163_7b143a6f,simple_rotor,1.0,True
21613_d57e983a,simple_rotor,10,23403_e539620b,simple_rotor,1.0,True
22067_624b28e3,simple_rotor,1,22214_b098105d,simple_rotor,1.0,True
22067_624b28e3,simple_rotor,2,21357_9edfc0a0,simple_rotor,0.984201,True
22067_624b28e3,simple_rotor,3,22862_f5406bb0,simple_rotor,0.984201,True
22067_624b28e3,simple_rotor,4,20841_1620ae7d,simple_rotor,0.984201,True
22067_624b28e3,simple_rotor,5,22014_5880c417,simple_rotor,0.984201,True
22067_624b28e3,simple_rotor,6,23136_2b469508,simple_rotor,0.973061,True
22067_624b28e3,simple_rotor,7,21391_78fc6345,simple_rotor,0.961561,True
22067_624b28e3,simple_rotor,8,21048_75cc125c,medium_rotor,0.948615,False
22067_624b28e3,simple_rotor,9,20186_f66e4ad3,simple_rotor,0.94493,True
22067_624b28e3,simple_rotor,10,22378_234fea2c,simple_rotor,0.94493,True
21005_9feee615,high_complexity_rotor,1,21809_8bd6b10e,high_complexity_rotor,0.949992,True
21005_9feee615,high_complexity_rotor,2,20293_a1999339,high_complexity_rotor,0.949949,True
21005_9feee615,high_complexity_rotor,3,21519_3e869afd,high_complexity_rotor,0.949858,True
21005_9feee615,high_complexity_rotor,4,21024_9be3d461,high_complexity_rotor,0.949767,True
21005_9feee615,high_complexity_rotor,5,21557_53eafe15,complex_assembly,0.949594,False
21005_9feee615,high_complexity_rotor,6,21762_90d34d16,high_complexity_rotor,0.949356,True
21005_9feee615,high_complexity_rotor,7,21918_976c2754,high_complexity_rotor,0.949321,True
21005_9feee615,high_complexity_rotor,8,20287_072b5bf6,high_complexity_rotor,0.949213,True
21005_9feee615,high_complexity_rotor,9,23123_f35404c4,complex_assembly,0.949013,False
21005_9feee615,high_complexity_rotor,10,23271_f833d903,complex_assembly,0.948936,False
23250_aa321310,simple_rotor,1,20910_c64b5d1b,simple_rotor,1.0,True
23250_aa321310,simple_rotor,2,22261_6efe61e3,simple_rotor,1.0,True
23250_aa321310,simple_rotor,3,21570_9cb1d1c4,simple_rotor,1.0,True
23250_aa321310,simple_rotor,4,20838_86c931be,simple_rotor,1.0,True
23250_aa321310,simple_rotor,5,20947_115d4058,simple_rotor,1.0,True
23250_aa321310,simple_rotor,6,20220_3de82b2a,simple_rotor,0.95,True
23250_aa321310,simple_rotor,7,22749_346e10ae,simple_rotor,0.95,True
23250_aa321310,simple_rotor,8,23408_e5fd25ba,simple_rotor,0.95,True
23250_aa321310,simple_rotor,9,22746_920025a0,simple_rotor,0.95,True
23250_aa321310,simple_rotor,10,23164_659c91ef,simple_rotor,0.95,True
23155_d7305c5f,high_complexity_rotor,1,21174_861bd902,high_complexity_rotor,0.999991,True
23155_d7305c5f,high_complexity_rotor,2,22421_19401bdd,high_complexity_rotor,0.999991,True
23155_d7305c5f,high_complexity_rotor,3,20697_d3e106b4,high_complexity_rotor,0.999975,True
23155_d7305c5f,high_complexity_rotor,4,21849_a5f563a6,high_complexity_rotor,0.999973,True
23155_d7305c5f,high_complexity_rotor,5,23329_6939d5d9,high_complexity_rotor,0.999951,True
23155_d7305c5f,high_complexity_rotor,6,21121_1e9e7540,high_complexity_rotor,0.999936,True
23155_d7305c5f,high_complexity_rotor,7,22168_a84560a9,high_complexity_rotor,0.999933,True
23155_d7305c5f,high_complexity_rotor,8,22417_4a15d62e,high_complexity_rotor,0.999923,True
23155_d7305c5f,high_complexity_rotor,9,20799_213bf924,high_complexity_rotor,0.999891,True
23155_d7305c5f,high_complexity_rotor,10,22070_fd1b8e5e,high_complexity_rotor,0.999891,True
22749_346e10ae,simple_rotor,1,21139_cd619b26,simple_rotor,1.0,True
22749_346e10ae,simple_rotor,2,23103_66470b7e,simple_rotor,1.0,True
22749_346e10ae,simple_rotor,3,23351_6104d55d,simple_rotor,1.0,True
22749_346e10ae,simple_rotor,4,22746_920025a0,simple_rotor,1.0,True
22749_346e10ae,simple_rotor,5,21243_3ec5d732,simple_rotor,1.0,True
22749_346e10ae,simple_rotor,6,20342_c140780b,simple_rotor,1.0,True
22749_346e10ae,simple_rotor,7,23387_c4aa9424,simple_rotor,1.0,True
22749_346e10ae,simple_rotor,8,21793_4ad5e2c0,simple_rotor,1.0,True
22749_346e10ae,simple_rotor,9,23163_7b143a6f,simple_rotor,1.0,True
22749_346e10ae,simple_rotor,10,23403_e539620b,simple_rotor,1.0,True
20818_098cad7c,high_complexity_rotor,1,20279_aed6b3b3,high_complexity_rotor,0.999737,True
20818_098cad7c,high_complexity_rotor,2,20959_d4905d19,high_complexity_rotor,0.999649,True
20818_098cad7c,high_complexity_rotor,3,22652_dc7405ef,high_complexity_rotor,0.999644,True
20818_098cad7c,high_complexity_rotor,4,21697_06656699,high_complexity_rotor,0.999496,True
20818_098cad7c,high_complexity_rotor,5,21709_4dd88551,high_complexity_rotor,0.999407,True
20818_098cad7c,high_complexity_rotor,6,23258_87a2ba81,high_complexity_rotor,0.999387,True
20818_098cad7c,high_complexity_rotor,7,22211_b1ee53f0,complex_assembly,0.99935,False
20818_098cad7c,high_complexity_rotor,8,23233_ac09e2e5,high_complexity_rotor,0.999322,True
20818_098cad7c,high_complexity_rotor,9,20546_87dbd755,complex_assembly,0.999135,False
20818_098cad7c,high_complexity_rotor,10,22065_0d414124,complex_assembly,0.999109,False
7780_6c885e81,symmetric_rotor,1,22259_613f9d44,symmetric_rotor,0.999982,True
7780_6c885e81,symmetric_rotor,2,21490_d07ff9f8,symmetric_rotor,0.999981,True
7780_6c885e81,symmetric_rotor,3,23221_42f37ae3,symmetric_rotor,0.999973,True
7780_6c885e81,symmetric_rotor,4,23127_38d73061,symmetric_rotor,0.999923,True
7780_6c885e81,symmetric_rotor,5,23320_e0711ae9,symmetric_rotor,0.999923,True
7780_6c885e81,symmetric_rotor,6,23468_a0bfb573,symmetric_rotor,0.999862,True
7780_6c885e81,symmetric_rotor,7,20609_69f28932,symmetric_rotor,0.999827,True
7780_6c885e81,symmetric_rotor,8,22706_58a933f4,symmetric_rotor,0.99982,True
7780_6c885e81,symmetric_rotor,9,22095_af226cbc,symmetric_rotor,0.999709,True
7780_6c885e81,symmetric_rotor,10,22399_97987ada,symmetric_rotor,0.999708,True
21581_8f948e0b,simple_rotor,1,21139_cd619b26,simple_rotor,1.0,True
21581_8f948e0b,simple_rotor,2,23103_66470b7e,simple_rotor,1.0,True
21581_8f948e0b,simple_rotor,3,23351_6104d55d,simple_rotor,1.0,True
21581_8f948e0b,simple_rotor,4,22746_920025a0,simple_rotor,1.0,True
21581_8f948e0b,simple_rotor,5,21243_3ec5d732,simple_rotor,1.0,True
21581_8f948e0b,simple_rotor,6,20342_c140780b,simple_rotor,1.0,True
21581_8f948e0b,simple_rotor,7,23387_c4aa9424,simple_rotor,1.0,True
21581_8f948e0b,simple_rotor,8,21793_4ad5e2c0,simple_rotor,1.0,True
21581_8f948e0b,simple_rotor,9,23163_7b143a6f,simple_rotor,1.0,True
21581_8f948e0b,simple_rotor,10,23403_e539620b,simple_rotor,1.0,True
20186_f66e4ad3,simple_rotor,1,20436_41b730a3,simple_rotor,1.0,True
20186_f66e4ad3,simple_rotor,2,22378_234fea2c,simple_rotor,1.0,True
20186_f66e4ad3,simple_rotor,3,23215_08a54de0,simple_rotor,1.0,True
20186_f66e4ad3,simple_rotor,4,22227_aca28ff2,simple_rotor,1.0,True
20186_f66e4ad3,simple_rotor,5,21165_5cb2d287,simple_rotor,1.0,True
20186_f66e4ad3,simple_rotor,6,21588_0c48dc5f,simple_rotor,0.999041,True
20186_f66e4ad3,simple_rotor,7,21391_78fc6345,simple_rotor,0.998465,True
20186_f66e4ad3,simple_rotor,8,23341_d5ead6d2,simple_rotor,0.998271,True
20186_f66e4ad3,simple_rotor,9,22837_7644c972,simple_rotor,0.996005,True
20186_f66e4ad3,simple_rotor,10,23136_2b469508,simple_rotor,0.994901,True
23322_8f85d82d,medium_rotor,1,21202_e452c491,medium_rotor,0.999999,True
23322_8f85d82d,medium_rotor,2,20281_a29f9a18,medium_rotor,0.999989,True
23322_8f85d82d,medium_rotor,3,23044_9a964a68,medium_rotor,0.999981,True
23322_8f85d82d,medium_rotor,4,20278_d442e77d,medium_rotor,0.999963,True
23322_8f85d82d,medium_rotor,5,23373_f5dac851,medium_rotor,0.999892,True
23322_8f85d82d,medium_rotor,6,22059_b7d76712,medium_rotor,0.999892,True
23322_8f85d82d,medium_rotor,7,21224_18ba4aba,medium_rotor,0.99977,True
23322_8f85d82d,medium_rotor,8,23451_14c8d09e,medium_rotor,0.999712,True
23322_8f85d82d,medium_rotor,9,22612_28fe0ac2,medium_rotor,0.999712,True
23322_8f85d82d,medium_rotor,10,22092_897b0ffa,medium_rotor,0.999712,True
23235_f9ccb8b0,complex_assembly,1,21582_a3d32115,complex_assembly,0.999998,True
23235_f9ccb8b0,complex_assembly,2,21545_4384f96e,complex_assembly,0.999994,True
23235_f9ccb8b0,complex_assembly,3,21986_67c5509a,complex_assembly,0.999977,True
23235_f9ccb8b0,complex_assembly,4,22298_51433023,complex_assembly,0.999972,True
23235_f9ccb8b0,complex_assembly,5,20952_b8a54213,complex_assembly,0.999954,True
23235_f9ccb8b0,complex_assembly,6,22535_0ba01cc9,complex_assembly,0.999896,True
23235_f9ccb8b0,complex_assembly,7,19051_26735260,high_complexity_rotor,0.999888,False
23235_f9ccb8b0,complex_assembly,8,22670_9353c710,complex_assembly,0.999833,True
23235_f9ccb8b0,complex_assembly,9,20165_2b088be5,high_complexity_rotor,0.999833,False
23235_f9ccb8b0,complex_assembly,10,22581_406c16c4,complex_assembly,0.999646,True
21528_a5d5490f,medium_rotor,1,21912_3f74887c,medium_rotor,1.0,True
21528_a5d5490f,medium_rotor,2,22126_e1cca10f,medium_rotor,1.0,True
21528_a5d5490f,medium_rotor,3,21009_907a2a95,medium_rotor,1.0,True
21528_a5d5490f,medium_rotor,4,22199_8ec9eeb2,medium_rotor,0.999999,True
21528_a5d5490f,medium_rotor,5,22776_facf9bcf,medium_rotor,0.999999,True
21528_a5d5490f,medium_rotor,6,23363_60e39812,medium_rotor,0.999999,True
21528_a5d5490f,medium_rotor,7,23493_57512264,medium_rotor,0.999998,True
21528_a5d5490f,medium_rotor,8,22002_315afcfc,medium_rotor,0.999998,True
21528_a5d5490f,medium_rotor,9,23466_1cf60d09,medium_rotor,0.999997,True
21528_a5d5490f,medium_rotor,10,22461_0ba0e480,medium_rotor,0.999991,True
23466_1cf60d09,medium_rotor,1,23363_60e39812,medium_rotor,1.0,True
23466_1cf60d09,medium_rotor,2,22199_8ec9eeb2,medium_rotor,0.999999,True
23466_1cf60d09,medium_rotor,3,22126_e1cca10f,medium_rotor,0.999998,True
23466_1cf60d09,medium_rotor,4,21528_a5d5490f,medium_rotor,0.999997,True
23466_1cf60d09,medium_rotor,5,21912_3f74887c,medium_rotor,0.999997,True
23466_1cf60d09,medium_rotor,6,21009_907a2a95,medium_rotor,0.999995,True
23466_1cf60d09,medium_rotor,7,22666_bdaa1303,medium_rotor,0.999995,True
23466_1cf60d09,medium_rotor,8,22440_014f1bac,medium_rotor,0.999995,True
23466_1cf60d09,medium_rotor,9,22776_facf9bcf,medium_rotor,0.999993,True
23466_1cf60d09,medium_rotor,10,23493_57512264,medium_rotor,0.999989,True
21467_67965037,symmetric_rotor,1,22050_e8702dd4,symmetric_rotor,0.999982,True
21467_67965037,symmetric_rotor,2,21603_98a15295,symmetric_rotor,0.999923,True
21467_67965037,symmetric_rotor,3,22561_067b78ae,symmetric_rotor,0.999707,True
21467_67965037,symmetric_rotor,4,20225_4ce6d59b,symmetric_rotor,0.999544,True
21467_67965037,symmetric_rotor,5,21490_d07ff9f8,symmetric_rotor,0.95,True
21467_67965037,symmetric_rotor,6,22259_613f9d44,symmetric_rotor,0.949999,True
21467_67965037,symmetric_rotor,7,7780_6c885e81,symmetric_rotor,0.949981,True
21467_67965037,symmetric_rotor,8,23320_e0711ae9,symmetric_rotor,0.949981,True
21467_67965037,symmetric_rotor,9,21176_b5c72bfb,symmetric_rotor,0.949978,True
21467_67965037,symmetric_rotor,10,23221_42f37ae3,symmetric_rotor,0.949923,True
20165_2b088be5,high_complexity_rotor,1,22670_9353c710,complex_assembly,1.0,False
20165_2b088be5,high_complexity_rotor,2,22581_406c16c4,complex_assembly,0.999965,False
20165_2b088be5,high_complexity_rotor,3,22298_51433023,complex_assembly,0.999942,False
20165_2b088be5,high_complexity_rotor,4,21986_67c5509a,complex_assembly,0.999934,False
20165_2b088be5,high_complexity_rotor,5,20787_ed64ff5e,complex_assembly,0.9999,False
20165_2b088be5,high_complexity_rotor,6,23235_f9ccb8b0,complex_assembly,0.999833,False
20165_2b088be5,high_complexity_rotor,7,21244_d67bbabc,complex_assembly,0.999802,False
20165_2b088be5,high_complexity_rotor,8,21582_a3d32115,complex_assembly,0.999792,False
20165_2b088be5,high_complexity_rotor,9,21545_4384f96e,complex_assembly,0.999764,False
20165_2b088be5,high_complexity_rotor,10,20952_b8a54213,complex_assembly,0.99961,False
22581_406c16c4,complex_assembly,1,20787_ed64ff5e,complex_assembly,0.999983,True
22581_406c16c4,complex_assembly,2,20165_2b088be5,high_complexity_rotor,0.999965,False
22581_406c16c4,complex_assembly,3,22670_9353c710,complex_assembly,0.999965,True
22581_406c16c4,complex_assembly,4,21244_d67bbabc,complex_assembly,0.999933,True
22581_406c16c4,complex_assembly,5,22298_51433023,complex_assembly,0.999818,True
22581_406c16c4,complex_assembly,6,21986_67c5509a,complex_assembly,0.999803,True
22581_406c16c4,complex_assembly,7,23235_f9ccb8b0,complex_assembly,0.999646,True
22581_406c16c4,complex_assembly,8,21582_a3d32115,complex_assembly,0.999588,True
22581_406c16c4,complex_assembly,9,21545_4384f96e,complex_assembly,0.999549,True
22581_406c16c4,complex_assembly,10,21236_b696e901,complex_assembly,0.999508,True
21781_5985da6d,simple_rotor,1,21139_cd619b26,simple_rotor,1.0,True
21781_5985da6d,simple_rotor,2,23103_66470b7e,simple_rotor,1.0,True
21781_5985da6d,simple_rotor,3,23351_6104d55d,simple_rotor,1.0,True
21781_5985da6d,simple_rotor,4,22746_920025a0,simple_rotor,1.0,True
21781_5985da6d,simple_rotor,5,21243_3ec5d732,simple_rotor,1.0,True
21781_5985da6d,simple_rotor,6,20342_c140780b,simple_rotor,1.0,True
21781_5985da6d,simple_rotor,7,23387_c4aa9424,simple_rotor,1.0,True
21781_5985da6d,simple_rotor,8,21793_4ad5e2c0,simple_rotor,1.0,True
21781_5985da6d,simple_rotor,9,23163_7b143a6f,simple_rotor,1.0,True
21781_5985da6d,simple_rotor,10,23403_e539620b,simple_rotor,1.0,True
21267_35a558cc,simple_rotor,1,21139_cd619b26,simple_rotor,1.0,True
21267_35a558cc,simple_rotor,2,23103_66470b7e,simple_rotor,1.0,True
21267_35a558cc,simple_rotor,3,23351_6104d55d,simple_rotor,1.0,True
21267_35a558cc,simple_rotor,4,22746_920025a0,simple_rotor,1.0,True
21267_35a558cc,simple_rotor,5,21243_3ec5d732,simple_rotor,1.0,True
21267_35a558cc,simple_rotor,6,20342_c140780b,simple_rotor,1.0,True
21267_35a558cc,simple_rotor,7,23387_c4aa9424,simple_rotor,1.0,True
21267_35a558cc,simple_rotor,8,21793_4ad5e2c0,simple_rotor,1.0,True
21267_35a558cc,simple_rotor,9,23163_7b143a6f,simple_rotor,1.0,True
21267_35a558cc,simple_rotor,10,23403_e539620b,simple_rotor,1.0,True
21849_a5f563a6,high_complexity_rotor,1,22168_a84560a9,high_complexity_rotor,0.999984,True
21849_a5f563a6,high_complexity_rotor,2,22421_19401bdd,high_complexity_rotor,0.999982,True
21849_a5f563a6,high_complexity_rotor,3,22417_4a15d62e,high_complexity_rotor,0.999981,True
21849_a5f563a6,high_complexity_rotor,4,20697_d3e106b4,high_complexity_rotor,0.999978,True
21849_a5f563a6,high_complexity_rotor,5,23155_d7305c5f,high_complexity_rotor,0.999973,True
21849_a5f563a6,high_complexity_rotor,6,20799_213bf924,high_complexity_rotor,0.999973,True
21849_a5f563a6,high_complexity_rotor,7,22070_fd1b8e5e,high_complexity_rotor,0.999973,True
21849_a5f563a6,high_complexity_rotor,8,23329_6939d5d9,high_complexity_rotor,0.999966,True
21849_a5f563a6,high_complexity_rotor,9,21121_1e9e7540,high_complexity_rotor,0.999957,True
21849_a5f563a6,high_complexity_rotor,10,21845_dff8b3a1,high_complexity_rotor,0.999951,True
20722_90d46353,medium_rotor,1,21719_d60b8a4a,medium_rotor,0.999555,True
20722_90d46353,medium_rotor,2,21035_d308c5c4,medium_rotor,0.996982,True
20722_90d46353,medium_rotor,3,23413_6702ec7f,medium_rotor,0.994787,True
20722_90d46353,medium_rotor,4,21837_b67d788c,medium_rotor,0.993603,True
20722_90d46353,medium_rotor,5,20628_e0551f7c,medium_rotor,0.99182,True
20722_90d46353,medium_rotor,6,23368_648717d8,medium_rotor,0.986725,True
20722_90d46353,medium_rotor,7,22987_37973191,medium_rotor,0.981529,True
20722_90d46353,medium_rotor,8,21092_32622a83,medium_rotor,0.980615,True
20722_90d46353,medium_rotor,9,23331_192866b6,medium_rotor,0.976578,True
20722_90d46353,medium_rotor,10,23501_6c48b3c1,medium_rotor,0.975646,True
23213_3df3cb34,medium_rotor,1,21974_1997ebc3,medium_rotor,1.0,True
23213_3df3cb34,medium_rotor,2,20797_78b83489,medium_rotor,1.0,True
23213_3df3cb34,medium_rotor,3,20849_9821b6fe,medium_rotor,1.0,True
23213_3df3cb34,medium_rotor,4,21594_428d32af,medium_rotor,1.0,True
23213_3df3cb34,medium_rotor,5,23480_3f7a8d50,medium_rotor,1.0,True
23213_3df3cb34,medium_rotor,6,21091_bbf490e7,medium_rotor,1.0,True
23213_3df3cb34,medium_rotor,7,22586_ff3651b2,medium_rotor,1.0,True
23213_3df3cb34,medium_rotor,8,23417_9a9e9937,medium_rotor,1.0,True
23213_3df3cb34,medium_rotor,9,23313_210c6783,medium_rotor,1.0,True
23213_3df3cb34,medium_rotor,10,20408_b4fda9eb,medium_rotor,1.0,True
22073_951645ae,simple_rotor,1,20478_c02790cb,simple_rotor,1.0,True
22073_951645ae,simple_rotor,2,23265_07de6a0b,simple_rotor,1.0,True
22073_951645ae,simple_rotor,3,22133_465d7a91,simple_rotor,1.0,True
22073_951645ae,simple_rotor,4,20193_2da4f0a0,simple_rotor,1.0,True
22073_951645ae,simple_rotor,5,21469_abec26c4,simple_rotor,1.0,True
22073_951645ae,simple_rotor,6,21184_971559b6,simple_rotor,0.999863,True
22073_951645ae,simple_rotor,7,20232_e5b060d9,simple_rotor,0.999806,True
22073_951645ae,simple_rotor,8,21976_807c9b26,simple_rotor,0.99969,True
22073_951645ae,simple_rotor,9,23342_7193a931,simple_rotor,0.999606,True
22073_951645ae,simple_rotor,10,22270_c6999138,simple_rotor,0.999594,True
22341_0f9c52ed,medium_rotor,1,23132_1847c4ef,medium_rotor,0.99999,True
22341_0f9c52ed,medium_rotor,2,21923_41fa6eda,medium_rotor,0.999989,True
22341_0f9c52ed,medium_rotor,3,22980_3cb3bcc8,medium_rotor,0.999917,True
22341_0f9c52ed,medium_rotor,4,20349_a12428da,medium_rotor,0.999912,True
22341_0f9c52ed,medium_rotor,5,20899_a8d7c6d5,medium_rotor,0.999898,True
22341_0f9c52ed,medium_rotor,6,20989_d1b8b0f8,medium_rotor,0.999887,True
22341_0f9c52ed,medium_rotor,7,20688_955aae0c,medium_rotor,0.999887,True
22341_0f9c52ed,medium_rotor,8,20554_abcb705e,medium_rotor,0.999885,True
22341_0f9c52ed,medium_rotor,9,22011_0832eefe,medium_rotor,0.999885,True
22341_0f9c52ed,medium_rotor,10,22534_e899f645,medium_rotor,0.999885,True
22075_12b129d5,simple_rotor,1,21139_cd619b26,simple_rotor,1.0,True
22075_12b129d5,simple_rotor,2,23103_66470b7e,simple_rotor,1.0,True
22075_12b129d5,simple_rotor,3,23351_6104d55d,simple_rotor,1.0,True
22075_12b129d5,simple_rotor,4,22746_920025a0,simple_rotor,1.0,True
22075_12b129d5,simple_rotor,5,21243_3ec5d732,simple_rotor,1.0,True
22075_12b129d5,simple_rotor,6,20342_c140780b,simple_rotor,1.0,True
22075_12b129d5,simple_rotor,7,23387_c4aa9424,simple_rotor,1.0,True
22075_12b129d5,simple_rotor,8,21793_4ad5e2c0,simple_rotor,1.0,True
22075_12b129d5,simple_rotor,9,23163_7b143a6f,simple_rotor,1.0,True
22075_12b129d5,simple_rotor,10,23403_e539620b,simple_rotor,1.0,True
22762_dcbdd14d,symmetric_rotor,1,22311_553b3456,symmetric_rotor,1.0,True
22762_dcbdd14d,symmetric_rotor,2,20682_e208cc63,symmetric_rotor,1.0,True
22762_dcbdd14d,symmetric_rotor,3,22057_4947db57,symmetric_rotor,1.0,True
22762_dcbdd14d,symmetric_rotor,4,20237_06b27bf5,symmetric_rotor,0.999999,True
22762_dcbdd14d,symmetric_rotor,5,22892_68138f24,symmetric_rotor,0.999999,True
22762_dcbdd14d,symmetric_rotor,6,22155_ab18f2b6,symmetric_rotor,0.999999,True
22762_dcbdd14d,symmetric_rotor,7,22983_0ab3faaf,symmetric_rotor,0.999999,True
22762_dcbdd14d,symmetric_rotor,8,21961_1a090a8b,symmetric_rotor,0.999999,True
22762_dcbdd14d,symmetric_rotor,9,22365_a4eb929c,symmetric_rotor,0.999999,True
22762_dcbdd14d,symmetric_rotor,10,21248_0a862e3e,symmetric_rotor,0.999999,True
21722_68aeba65,complex_assembly,1,21492_8bd34fc1,complex_assembly,0.998589,True
21722_68aeba65,complex_assembly,2,22125_e3a4cad4,complex_assembly,0.993752,True
21722_68aeba65,complex_assembly,3,22028_776fbf0d,complex_assembly,0.986705,True
21722_68aeba65,complex_assembly,4,21647_6b6cca6f,complex_assembly,0.982118,True
21722_68aeba65,complex_assembly,5,22415_658c81dd,complex_assembly,0.97308,True
21722_68aeba65,complex_assembly,6,23419_ea47995f,complex_assembly,0.96942,True
21722_68aeba65,complex_assembly,7,22717_08784417,complex_assembly,0.969056,True
21722_68aeba65,complex_assembly,8,22306_c3dca308,complex_assembly,0.96244,True
21722_68aeba65,complex_assembly,9,20546_87dbd755,complex_assembly,0.958867,True
21722_68aeba65,complex_assembly,10,23273_8f301ce3,complex_assembly,0.957961,True
22133_465d7a91,simple_rotor,1,20478_c02790cb,simple_rotor,1.0,True
22133_465d7a91,simple_rotor,2,23265_07de6a0b,simple_rotor,1.0,True
22133_465d7a91,simple_rotor,3,22073_951645ae,simple_rotor,1.0,True
22133_465d7a91,simple_rotor,4,20193_2da4f0a0,simple_rotor,1.0,True
22133_465d7a91,simple_rotor,5,21469_abec26c4,simple_rotor,1.0,True
22133_465d7a91,simple_rotor,6,21184_971559b6,simple_rotor,0.999863,True
22133_465d7a91,simple_rotor,7,20232_e5b060d9,simple_rotor,0.999806,True
22133_465d7a91,simple_rotor,8,21976_807c9b26,simple_rotor,0.99969,True
22133_465d7a91,simple_rotor,9,23342_7193a931,simple_rotor,0.999606,True
22133_465d7a91,simple_rotor,10,22270_c6999138,simple_rotor,0.999594,True
21592_c5e77a82,medium_rotor,1,21282_b2d83538,medium_rotor,0.99997,True
21592_c5e77a82,medium_rotor,2,20858_15bdad00,medium_rotor,0.999863,True
21592_c5e77a82,medium_rotor,3,22334_677d00e0,medium_rotor,0.999788,True
21592_c5e77a82,medium_rotor,4,23026_e6f08109,medium_rotor,0.999604,True
21592_c5e77a82,medium_rotor,5,21989_a0b5037d,medium_rotor,0.998693,True
21592_c5e77a82,medium_rotor,6,21429_6d2d3974,medium_rotor,0.998516,True
21592_c5e77a82,medium_rotor,7,23501_6c48b3c1,medium_rotor,0.998234,True
21592_c5e77a82,medium_rotor,8,20860_b8e9a191,medium_rotor,0.998018,True
21592_c5e77a82,medium_rotor,9,22710_77324fc2,medium_rotor,0.996698,True
21592_c5e77a82,medium_rotor,10,21358_a69a36f3,medium_rotor,0.996698,True
21511_d07c59c2,high_complexity_rotor,1,21805_2ba39d00,high_complexity_rotor,0.999978,True
21511_d07c59c2,high_complexity_rotor,2,23467_9f431540,high_complexity_rotor,0.999978,True
21511_d07c59c2,high_complexity_rotor,3,22894_5f7c276d,high_complexity_rotor,0.999973,True
21511_d07c59c2,high_complexity_rotor,4,20737_5249e274,high_complexity_rotor,0.999926,True
21511_d07c59c2,high_complexity_rotor,5,21204_96d26a7f,high_complexity_rotor,0.999918,True
21511_d07c59c2,high_complexity_rotor,6,23309_76dcf100,high_complexity_rotor,0.999918,True
21511_d07c59c2,high_complexity_rotor,7,21352_c1101acb,high_complexity_rotor,0.999827,True
21511_d07c59c2,high_complexity_rotor,8,21977_ce9f4e71,high_complexity_rotor,0.999827,True
21511_d07c59c2,high_complexity_rotor,9,21182_a480d230,high_complexity_rotor,0.999708,True
21511_d07c59c2,high_complexity_rotor,10,23233_ac09e2e5,high_complexity_rotor,0.999611,True
21994_357aac6f,simple_rotor,1,20994_9c88b1ba,simple_rotor,0.999891,True
21994_357aac6f,simple_rotor,2,20756_75f43564,simple_rotor,0.999891,True
21994_357aac6f,simple_rotor,3,20802_802b7d69,simple_rotor,0.999891,True
21994_357aac6f,simple_rotor,4,22377_d490f505,simple_rotor,0.999891,True
21994_357aac6f,simple_rotor,5,20332_0c2a24aa,simple_rotor,0.999891,True
21994_357aac6f,simple_rotor,6,20803_473c87ac,simple_rotor,0.999891,True
21994_357aac6f,simple_rotor,7,22374_aa5bb54d,simple_rotor,0.999891,True
21994_357aac6f,simple_rotor,8,21911_429c1a72,simple_rotor,0.999805,True
21994_357aac6f,simple_rotor,9,22053_de30641b,simple_rotor,0.999658,True
21994_357aac6f,simple_rotor,10,21015_10304cb9,simple_rotor,0.999378,True
20671_33532794,simple_rotor,1,21533_8837772a,simple_rotor,0.963272,True
20671_33532794,simple_rotor,2,20341_6a1588fb,simple_rotor,0.959236,True
20671_33532794,simple_rotor,3,22378_234fea2c,simple_rotor,0.95,True
20671_33532794,simple_rotor,4,20186_f66e4ad3,simple_rotor,0.95,True
20671_33532794,simple_rotor,5,23215_08a54de0,simple_rotor,0.95,True
20671_33532794,simple_rotor,6,21165_5cb2d287,simple_rotor,0.95,True
20671_33532794,simple_rotor,7,22227_aca28ff2,simple_rotor,0.95,True
20671_33532794,simple_rotor,8,20436_41b730a3,simple_rotor,0.95,True
20671_33532794,simple_rotor,9,21588_0c48dc5f,simple_rotor,0.949041,True
20671_33532794,simple_rotor,10,21391_78fc6345,simple_rotor,0.948465,True
20697_d3e106b4,high_complexity_rotor,1,22421_19401bdd,high_complexity_rotor,0.999996,True
20697_d3e106b4,high_complexity_rotor,2,23329_6939d5d9,high_complexity_rotor,0.999996,True
20697_d3e106b4,high_complexity_rotor,3,21121_1e9e7540,high_complexity_rotor,0.999991,True
20697_d3e106b4,high_complexity_rotor,4,21849_a5f563a6,high_complexity_rotor,0.999978,True
20697_d3e106b4,high_complexity_rotor,5,22168_a84560a9,high_complexity_rotor,0.999978,True
20697_d3e106b4,high_complexity_rotor,6,23155_d7305c5f,high_complexity_rotor,0.999975,True
20697_d3e106b4,high_complexity_rotor,7,21845_dff8b3a1,high_complexity_rotor,0.999957,True
20697_d3e106b4,high_complexity_rotor,8,21843_effbd24d,high_complexity_rotor,0.999946,True
20697_d3e106b4,high_complexity_rotor,9,21081_72fa4ad1,high_complexity_rotor,0.999946,True
20697_d3e106b4,high_complexity_rotor,10,21174_861bd902,high_complexity_rotor,0.999936,True
20241_ccb70dc8,simple_rotor,1,20951_2918f2fa,simple_rotor,1.0,True
20241_ccb70dc8,simple_rotor,2,21776_fb0bfbc6,simple_rotor,1.0,True
20241_ccb70dc8,simple_rotor,3,22135_2aa77ff2,simple_rotor,1.0,True
20241_ccb70dc8,simple_rotor,4,21451_fea6f0d1,simple_rotor,1.0,True
20241_ccb70dc8,simple_rotor,5,20241_8c0d3f83,simple_rotor,1.0,True
20241_ccb70dc8,simple_rotor,6,21911_429c1a72,simple_rotor,0.997589,True
20241_ccb70dc8,simple_rotor,7,21994_357aac6f,simple_rotor,0.996026,True
20241_ccb70dc8,simple_rotor,8,20994_9c88b1ba,simple_rotor,0.994606,True
20241_ccb70dc8,simple_rotor,9,20803_473c87ac,simple_rotor,0.994606,True
20241_ccb70dc8,simple_rotor,10,22374_aa5bb54d,simple_rotor,0.994606,True
21557_53eafe15,complex_assembly,1,21809_8bd6b10e,high_complexity_rotor,0.999475,False
21557_53eafe15,complex_assembly,2,20293_a1999339,high_complexity_rotor,0.999254,False
21557_53eafe15,complex_assembly,3,22787_49022c32,complex_assembly,0.998986,True
21557_53eafe15,complex_assembly,4,21519_3e869afd,high_complexity_rotor,0.998973,False
21557_53eafe15,complex_assembly,5,21024_9be3d461,high_complexity_rotor,0.998744,False
21557_53eafe15,complex_assembly,6,21762_90d34d16,high_complexity_rotor,0.997926,False
21557_53eafe15,complex_assembly,7,21918_976c2754,high_complexity_rotor,0.997865,False
21557_53eafe15,complex_assembly,8,23123_f35404c4,complex_assembly,0.997341,True
21557_53eafe15,complex_assembly,9,23271_f833d903,complex_assembly,0.997216,True
21557_53eafe15,complex_assembly,10,22491_a33562ad,complex_assembly,0.996912,True
7778_3a9748b3,complex_assembly,1,23204_ff1672a9,complex_assembly,0.999211,True
7778_3a9748b3,complex_assembly,2,23376_9b48819a,high_complexity_rotor,0.998461,False
7778_3a9748b3,complex_assembly,3,19566_19d85d3b,high_complexity_rotor,0.997927,False
7778_3a9748b3,complex_assembly,4,21153_a2fb81fe,high_complexity_rotor,0.997927,False
7778_3a9748b3,complex_assembly,5,21337_062b39fa,high_complexity_rotor,0.996056,False
7778_3a9748b3,complex_assembly,6,23422_f214bd4d,complex_assembly,0.995675,True
7778_3a9748b3,complex_assembly,7,22076_20e8a107,high_complexity_rotor,0.99469,False
7778_3a9748b3,complex_assembly,8,20668_b2f2633e,high_complexity_rotor,0.99449,False
7778_3a9748b3,complex_assembly,9,21425_d0d47a2a,high_complexity_rotor,0.99449,False
7778_3a9748b3,complex_assembly,10,22483_f4e4b62a,complex_assembly,0.993398,True
20488_589ac9c0,simple_rotor,1,23184_731e5af0,simple_rotor,1.0,True
20488_589ac9c0,simple_rotor,2,23006_92c5b990,simple_rotor,1.0,True
20488_589ac9c0,simple_rotor,3,23351_6104d55d,simple_rotor,1.0,True
20488_589ac9c0,simple_rotor,4,22746_920025a0,simple_rotor,1.0,True
20488_589ac9c0,simple_rotor,5,22349_6f67a96e,simple_rotor,1.0,True
20488_589ac9c0,simple_rotor,6,20342_c140780b,simple_rotor,1.0,True
20488_589ac9c0,simple_rotor,7,21243_3ec5d732,simple_rotor,1.0,True
20488_589ac9c0,simple_rotor,8,23387_c4aa9424,simple_rotor,1.0,True
20488_589ac9c0,simple_rotor,9,21793_4ad5e2c0,simple_rotor,1.0,True
20488_589ac9c0,simple_rotor,10,23163_7b143a6f,simple_rotor,1.0,True
23374_57cca189,medium_rotor,1,21028_d4d30a2e,medium_rotor,0.984313,True
23374_57cca189,medium_rotor,2,20789_1809f41f,medium_rotor,0.95955,True
23374_57cca189,medium_rotor,3,22017_6d3be48d,medium_rotor,0.95,True
23374_57cca189,medium_rotor,4,21424_9d516e3a,medium_rotor,0.95,True
23374_57cca189,medium_rotor,5,23305_2662b29a,medium_rotor,0.949962,True
23374_57cca189,medium_rotor,6,21621_711e1918,medium_rotor,0.949851,True
23374_57cca189,medium_rotor,7,21858_f1409ea2,medium_rotor,0.949624,True
23374_57cca189,medium_rotor,8,20440_27177360,medium_rotor,0.949624,True
23374_57cca189,medium_rotor,9,23028_2ca87745,medium_rotor,0.948828,True
23374_57cca189,medium_rotor,10,22082_39503fa6,medium_rotor,0.948454,True
22129_48b47c52,simple_rotor,1,20551_ff28a959,simple_rotor,1.0,True
22129_48b47c52,simple_rotor,2,21665_2e14b6ff,simple_rotor,1.0,True
22129_48b47c52,simple_rotor,3,20806_ca60b7ae,simple_rotor,1.0,True
22129_48b47c52,simple_rotor,4,21257_770fee9a,simple_rotor,1.0,True
22129_48b47c52,simple_rotor,5,20429_9dd95c38,simple_rotor,1.0,True
22129_48b47c52,simple_rotor,6,22154_24342da4,simple_rotor,1.0,True
22129_48b47c52,simple_rotor,7,20946_6573271d,simple_rotor,1.0,True
22129_48b47c52,simple_rotor,8,22047_5a090f16,simple_rotor,1.0,True
22129_48b47c52,simple_rotor,9,22140_9cda24cc,simple_rotor,1.0,True
22129_48b47c52,simple_rotor,10,20429_419c4cdd,simple_rotor,1.0,True
20176_a02bde39,medium_rotor,1,22199_8ec9eeb2,medium_rotor,0.95,True
20176_a02bde39,medium_rotor,2,22126_e1cca10f,medium_rotor,0.95,True
20176_a02bde39,medium_rotor,3,23363_60e39812,medium_rotor,0.95,True
20176_a02bde39,medium_rotor,4,21528_a5d5490f,medium_rotor,0.95,True
20176_a02bde39,medium_rotor,5,21912_3f74887c,medium_rotor,0.95,True
20176_a02bde39,medium_rotor,6,21009_907a2a95,medium_rotor,0.949999,True
20176_a02bde39,medium_rotor,7,23466_1cf60d09,medium_rotor,0.949999,True
20176_a02bde39,medium_rotor,8,22776_facf9bcf,medium_rotor,0.949998,True
20176_a02bde39,medium_rotor,9,22002_315afcfc,medium_rotor,0.949995,True
20176_a02bde39,medium_rotor,10,23493_57512264,medium_rotor,0.949995,True
19596_fb9531a5,high_complexity_rotor,1,22360_42cd6a21,high_complexity_rotor,0.999933,True
19596_fb9531a5,high_complexity_rotor,2,22417_4a15d62e,high_complexity_rotor,0.999828,True
19596_fb9531a5,high_complexity_rotor,3,20675_66ac9773,high_complexity_rotor,0.999788,True
19596_fb9531a5,high_complexity_rotor,4,21134_7aa7cd89,high_complexity_rotor,0.999785,True
19596_fb9531a5,high_complexity_rotor,5,23377_690165aa,high_complexity_rotor,0.999737,True
19596_fb9531a5,high_complexity_rotor,6,20799_213bf924,high_complexity_rotor,0.999733,True
19596_fb9531a5,high_complexity_rotor,7,22070_fd1b8e5e,high_complexity_rotor,0.999733,True
19596_fb9531a5,high_complexity_rotor,8,21849_a5f563a6,high_complexity_rotor,0.999716,True
19596_fb9531a5,high_complexity_rotor,9,22894_5f7c276d,high_complexity_rotor,0.999704,True
19596_fb9531a5,high_complexity_rotor,10,21182_a480d230,high_complexity_rotor,0.999695,True
20438_5f344b00,simple_rotor,1,21810_718ae2fe,simple_rotor,1.0,True
20438_5f344b00,simple_rotor,2,22508_6bb410af,simple_rotor,0.999991,True
20438_5f344b00,simple_rotor,3,20731_fbdc7731,simple_rotor,0.999991,True
20438_5f344b00,simple_rotor,4,21862_ec534e16,simple_rotor,0.999991,True
20438_5f344b00,simple_rotor,5,22136_a539c50b,simple_rotor,0.999991,True
20438_5f344b00,simple_rotor,6,22367_b4a67e61,simple_rotor,0.999991,True
20438_5f344b00,simple_rotor,7,22241_535ad84b,simple_rotor,0.999984,True
20438_5f344b00,simple_rotor,8,22147_12995368,simple_rotor,0.999984,True
20438_5f344b00,simple_rotor,9,20451_84d8b290,simple_rotor,0.999984,True
20438_5f344b00,simple_rotor,10,20807_88c198d5,simple_rotor,0.999984,True
23419_ea47995f,complex_assembly,1,22306_c3dca308,complex_assembly,0.999379,True
23419_ea47995f,complex_assembly,2,20546_87dbd755,complex_assembly,0.999141,True
23419_ea47995f,complex_assembly,3,23273_8f301ce3,complex_assembly,0.999024,True
23419_ea47995f,complex_assembly,4,22211_b1ee53f0,complex_assembly,0.998848,True
23419_ea47995f,complex_assembly,5,22065_0d414124,complex_assembly,0.998741,True
23419_ea47995f,complex_assembly,6,22652_dc7405ef,high_complexity_rotor,0.99732,False
23419_ea47995f,complex_assembly,7,21647_6b6cca6f,complex_assembly,0.996787,True
23419_ea47995f,complex_assembly,8,22717_08784417,complex_assembly,0.996622,True
23419_ea47995f,complex_assembly,9,20818_098cad7c,high_complexity_rotor,0.996579,False
23419_ea47995f,complex_assembly,10,22028_776fbf0d,complex_assembly,0.995726,True
22035_101c7ab4,medium_rotor,1,22082_39503fa6,medium_rotor,0.999996,True
22035_101c7ab4,medium_rotor,2,23028_2ca87745,medium_rotor,0.999949,True
22035_101c7ab4,medium_rotor,3,20163_3742f394,medium_rotor,0.999881,True
22035_101c7ab4,medium_rotor,4,21008_a3fec63b,medium_rotor,0.999126,True
22035_101c7ab4,medium_rotor,5,22021_520ec8c3,medium_rotor,0.999126,True
22035_101c7ab4,medium_rotor,6,22017_6d3be48d,medium_rotor,0.998288,True
22035_101c7ab4,medium_rotor,7,21424_9d516e3a,medium_rotor,0.998288,True
22035_101c7ab4,medium_rotor,8,23305_2662b29a,medium_rotor,0.997742,True
22035_101c7ab4,medium_rotor,9,21552_4e9c19b1,medium_rotor,0.997465,True
22035_101c7ab4,medium_rotor,10,21621_711e1918,medium_rotor,0.997129,True
20989_a261efa3,simple_rotor,1,20989_885bd9b9,simple_rotor,1.0,True
20989_a261efa3,simple_rotor,2,21825_ce32b0a0,simple_rotor,0.999999,True
20989_a261efa3,simple_rotor,3,22047_5a090f16,simple_rotor,0.999982,True
20989_a261efa3,simple_rotor,4,20946_6573271d,simple_rotor,0.999982,True
20989_a261efa3,simple_rotor,5,20429_419c4cdd,simple_rotor,0.999982,True
20989_a261efa3,simple_rotor,6,21257_770fee9a,simple_rotor,0.999982,True
20989_a261efa3,simple_rotor,7,21665_2e14b6ff,simple_rotor,0.999982,True
20989_a261efa3,simple_rotor,8,22154_24342da4,simple_rotor,0.999982,True
20989_a261efa3,simple_rotor,9,20551_ff28a959,simple_rotor,0.999982,True
20989_a261efa3,simple_rotor,10,22129_48b47c52,simple_rotor,0.999982,True
23127_38d73061,symmetric_rotor,1,23221_42f37ae3,symmetric_rotor,0.999957,True
23127_38d73061,symmetric_rotor,2,22095_af226cbc,symmetric_rotor,0.999927,True
23127_38d73061,symmetric_rotor,3,7780_6c885e81,symmetric_rotor,0.999923,True
23127_38d73061,symmetric_rotor,4,22654_4c426b0f,symmetric_rotor,0.999919,True
23127_38d73061,symmetric_rotor,5,23468_a0bfb573,symmetric_rotor,0.999901,True
23127_38d73061,symmetric_rotor,6,22259_613f9d44,symmetric_rotor,0.999832,True
23127_38d73061,symmetric_rotor,7,21490_d07ff9f8,symmetric_rotor,0.999827,True
23127_38d73061,symmetric_rotor,8,23320_e0711ae9,symmetric_rotor,0.999693,True
23127_38d73061,symmetric_rotor,9,22638_37f9fe91,symmetric_rotor,0.999648,True
23127_38d73061,symmetric_rotor,10,22414_14ead4a3,symmetric_rotor,0.999539,True
23354_8182b4eb,medium_rotor,1,23366_cc0bc28e,medium_rotor,1.0,True
23354_8182b4eb,medium_rotor,2,21600_0027c6fc,medium_rotor,1.0,True
23354_8182b4eb,medium_rotor,3,21884_cc2c39f9,medium_rotor,1.0,True
23354_8182b4eb,medium_rotor,4,23152_6f2706c9,medium_rotor,1.0,True
23354_8182b4eb,medium_rotor,5,22074_c0265b0d,medium_rotor,1.0,True
23354_8182b4eb,medium_rotor,6,20414_a33bd0d7,medium_rotor,1.0,True
23354_8182b4eb,medium_rotor,7,20817_ef63b1a7,medium_rotor,1.0,True
23354_8182b4eb,medium_rotor,8,21715_53df62c9,medium_rotor,1.0,True
23354_8182b4eb,medium_rotor,9,23034_b38134ee,medium_rotor,1.0,True
23354_8182b4eb,medium_rotor,10,23238_3c864758,medium_rotor,1.0,True
21685_93737a7a,high_complexity_rotor,1,22027_11a2e852,high_complexity_rotor,0.999108,True
21685_93737a7a,high_complexity_rotor,2,20421_0fd51709,high_complexity_rotor,0.998491,True
21685_93737a7a,high_complexity_rotor,3,20477_633cca4f,high_complexity_rotor,0.998413,True
21685_93737a7a,high_complexity_rotor,4,23168_7fdf5427,high_complexity_rotor,0.949999,True
21685_93737a7a,high_complexity_rotor,5,20991_6795af4f,high_complexity_rotor,0.949991,True
21685_93737a7a,high_complexity_rotor,6,21300_ec7da33e,high_complexity_rotor,0.949975,True
21685_93737a7a,high_complexity_rotor,7,23217_7c6062e3,high_complexity_rotor,0.949964,True
21685_93737a7a,high_complexity_rotor,8,20745_3e22ad07,high_complexity_rotor,0.949964,True
21685_93737a7a,high_complexity_rotor,9,23377_690165aa,high_complexity_rotor,0.949933,True
21685_93737a7a,high_complexity_rotor,10,22278_12f1fb79,high_complexity_rotor,0.949858,True
21989_a0b5037d,medium_rotor,1,20860_b8e9a191,medium_rotor,0.99993,True
21989_a0b5037d,medium_rotor,2,23026_e6f08109,medium_rotor,0.999736,True
21989_a0b5037d,medium_rotor,3,22066_308cdcfe,medium_rotor,0.999545,True
21989_a0b5037d,medium_rotor,4,21563_c72d37a2,medium_rotor,0.999545,True
21989_a0b5037d,medium_rotor,5,22418_2722dfe8,medium_rotor,0.999545,True
21989_a0b5037d,medium_rotor,6,21358_a69a36f3,medium_rotor,0.999545,True
21989_a0b5037d,medium_rotor,7,20788_d25efea2,medium_rotor,0.999545,True
21989_a0b5037d,medium_rotor,8,23475_b14d1dc8,medium_rotor,0.999545,True
21989_a0b5037d,medium_rotor,9,22617_a286f13c,medium_rotor,0.999545,True
21989_a0b5037d,medium_rotor,10,23434_6635ed57,medium_rotor,0.999545,True
22027_11a2e852,high_complexity_rotor,1,20421_0fd51709,high_complexity_rotor,0.999919,True
22027_11a2e852,high_complexity_rotor,2,20477_633cca4f,high_complexity_rotor,0.999901,True
22027_11a2e852,high_complexity_rotor,3,21685_93737a7a,high_complexity_rotor,0.999108,True
22027_11a2e852,high_complexity_rotor,4,20697_d3e106b4,high_complexity_rotor,0.95,True
22027_11a2e852,high_complexity_rotor,5,22421_19401bdd,high_complexity_rotor,0.949996,True
22027_11a2e852,high_complexity_rotor,6,23329_6939d5d9,high_complexity_rotor,0.949996,True
22027_11a2e852,high_complexity_rotor,7,21121_1e9e7540,high_complexity_rotor,0.949991,True
22027_11a2e852,high_complexity_rotor,8,21849_a5f563a6,high_complexity_rotor,0.949978,True
22027_11a2e852,high_complexity_rotor,9,22168_a84560a9,high_complexity_rotor,0.949978,True
22027_11a2e852,high_complexity_rotor,10,23155_d7305c5f,high_complexity_rotor,0.949975,True
21184_971559b6,simple_rotor,1,21976_807c9b26,simple_rotor,0.999965,True
21184_971559b6,simple_rotor,2,22043_041e1b7c,simple_rotor,0.999929,True
21184_971559b6,simple_rotor,3,22270_c6999138,simple_rotor,0.999929,True
21184_971559b6,simple_rotor,4,20478_c02790cb,simple_rotor,0.999863,True
21184_971559b6,simple_rotor,5,23265_07de6a0b,simple_rotor,0.999863,True
21184_971559b6,simple_rotor,6,20193_2da4f0a0,simple_rotor,0.999863,True
21184_971559b6,simple_rotor,7,21469_abec26c4,simple_rotor,0.999863,True
21184_971559b6,simple_rotor,8,22073_951645ae,simple_rotor,0.999863,True
21184_971559b6,simple_rotor,9,22133_465d7a91,simple_rotor,0.999863,True
21184_971559b6,simple_rotor,10,20647_cea2e07c,simple_rotor,0.999726,True
20547_ec8cfd0d,simple_rotor,1,23184_731e5af0,simple_rotor,1.0,True
20547_ec8cfd0d,simple_rotor,2,23006_92c5b990,simple_rotor,1.0,True
20547_ec8cfd0d,simple_rotor,3,23351_6104d55d,simple_rotor,1.0,True
20547_ec8cfd0d,simple_rotor,4,22746_920025a0,simple_rotor,1.0,True
20547_ec8cfd0d,simple_rotor,5,22349_6f67a96e,simple_rotor,1.0,True
20547_ec8cfd0d,simple_rotor,6,20342_c140780b,simple_rotor,1.0,True
20547_ec8cfd0d,simple_rotor,7,21243_3ec5d732,simple_rotor,1.0,True
20547_ec8cfd0d,simple_rotor,8,23387_c4aa9424,simple_rotor,1.0,True
20547_ec8cfd0d,simple_rotor,9,21793_4ad5e2c0,simple_rotor,1.0,True
20547_ec8cfd0d,simple_rotor,10,23163_7b143a6f,simple_rotor,1.0,True
20479_77930584,simple_rotor,1,23184_731e5af0,simple_rotor,1.0,True
20479_77930584,simple_rotor,2,23006_92c5b990,simple_rotor,1.0,True
20479_77930584,simple_rotor,3,23351_6104d55d,simple_rotor,1.0,True
20479_77930584,simple_rotor,4,22746_920025a0,simple_rotor,1.0,True
20479_77930584,simple_rotor,5,22349_6f67a96e,simple_rotor,1.0,True
20479_77930584,simple_rotor,6,20342_c140780b,simple_rotor,1.0,True
20479_77930584,simple_rotor,7,21243_3ec5d732,simple_rotor,1.0,True
20479_77930584,simple_rotor,8,23387_c4aa9424,simple_rotor,1.0,True
20479_77930584,simple_rotor,9,21793_4ad5e2c0,simple_rotor,1.0,True
20479_77930584,simple_rotor,10,23163_7b143a6f,simple_rotor,1.0,True
22589_2c8f7c0b,simple_rotor,1,23184_731e5af0,simple_rotor,1.0,True
22589_2c8f7c0b,simple_rotor,2,23006_92c5b990,simple_rotor,1.0,True
22589_2c8f7c0b,simple_rotor,3,23351_6104d55d,simple_rotor,1.0,True
22589_2c8f7c0b,simple_rotor,4,22746_920025a0,simple_rotor,1.0,True
22589_2c8f7c0b,simple_rotor,5,22349_6f67a96e,simple_rotor,1.0,True
22589_2c8f7c0b,simple_rotor,6,20342_c140780b,simple_rotor,1.0,True
22589_2c8f7c0b,simple_rotor,7,21243_3ec5d732,simple_rotor,1.0,True
22589_2c8f7c0b,simple_rotor,8,23387_c4aa9424,simple_rotor,1.0,True
22589_2c8f7c0b,simple_rotor,9,21793_4ad5e2c0,simple_rotor,1.0,True
22589_2c8f7c0b,simple_rotor,10,23163_7b143a6f,simple_rotor,1.0,True
20741_c337946f,simple_rotor,1,23184_731e5af0,simple_rotor,1.0,True
20741_c337946f,simple_rotor,2,23006_92c5b990,simple_rotor,1.0,True
20741_c337946f,simple_rotor,3,23351_6104d55d,simple_rotor,1.0,True
20741_c337946f,simple_rotor,4,22746_920025a0,simple_rotor,1.0,True
20741_c337946f,simple_rotor,5,22349_6f67a96e,simple_rotor,1.0,True
20741_c337946f,simple_rotor,6,20342_c140780b,simple_rotor,1.0,True
20741_c337946f,simple_rotor,7,21243_3ec5d732,simple_rotor,1.0,True
20741_c337946f,simple_rotor,8,23387_c4aa9424,simple_rotor,1.0,True
20741_c337946f,simple_rotor,9,21793_4ad5e2c0,simple_rotor,1.0,True
20741_c337946f,simple_rotor,10,23163_7b143a6f,simple_rotor,1.0,True
20237_06b27bf5,symmetric_rotor,1,22155_ab18f2b6,symmetric_rotor,1.0,True
20237_06b27bf5,symmetric_rotor,2,21961_1a090a8b,symmetric_rotor,1.0,True
20237_06b27bf5,symmetric_rotor,3,22983_0ab3faaf,symmetric_rotor,1.0,True
20237_06b27bf5,symmetric_rotor,4,22892_68138f24,symmetric_rotor,1.0,True
20237_06b27bf5,symmetric_rotor,5,21248_0a862e3e,symmetric_rotor,1.0,True
20237_06b27bf5,symmetric_rotor,6,22365_a4eb929c,symmetric_rotor,1.0,True
20237_06b27bf5,symmetric_rotor,7,23037_d0df320c,symmetric_rotor,0.999999,True
20237_06b27bf5,symmetric_rotor,8,22311_553b3456,symmetric_rotor,0.999999,True
20237_06b27bf5,symmetric_rotor,9,22762_dcbdd14d,symmetric_rotor,0.999999,True
20237_06b27bf5,symmetric_rotor,10,20682_e208cc63,symmetric_rotor,0.999999,True
20431_0088a0dd,medium_rotor,1,22630_b6010fff,medium_rotor,0.999959,True
20431_0088a0dd,medium_rotor,2,21858_f1409ea2,medium_rotor,0.999245,True
20431_0088a0dd,medium_rotor,3,20239_49b65a55,medium_rotor,0.999193,True
20431_0088a0dd,medium_rotor,4,21621_711e1918,medium_rotor,0.998799,True
20431_0088a0dd,medium_rotor,5,23305_2662b29a,medium_rotor,0.998343,True
20431_0088a0dd,medium_rotor,6,21365_ab403591,medium_rotor,0.998252,True
20431_0088a0dd,medium_rotor,7,22017_6d3be48d,medium_rotor,0.997804,True
20431_0088a0dd,medium_rotor,8,21424_9d516e3a,medium_rotor,0.997804,True
20431_0088a0dd,medium_rotor,9,23028_2ca87745,medium_rotor,0.993431,True
20431_0088a0dd,medium_rotor,10,22082_39503fa6,medium_rotor,0.992581,True
22417_4a15d62e,high_complexity_rotor,1,20799_213bf924,high_complexity_rotor,0.999984,True
22417_4a15d62e,high_complexity_rotor,2,22070_fd1b8e5e,high_complexity_rotor,0.999984,True
22417_4a15d62e,high_complexity_rotor,3,21849_a5f563a6,high_complexity_rotor,0.999981,True
22417_4a15d62e,high_complexity_rotor,4,22360_42cd6a21,high_complexity_rotor,0.999973,True
22417_4a15d62e,high_complexity_rotor,5,22168_a84560a9,high_complexity_rotor,0.999957,True
22417_4a15d62e,high_complexity_rotor,6,21182_a480d230,high_complexity_rotor,0.999933,True
22417_4a15d62e,high_complexity_rotor,7,22421_19401bdd,high_complexity_rotor,0.999926,True
22417_4a15d62e,high_complexity_rotor,8,23155_d7305c5f,high_complexity_rotor,0.999923,True
22417_4a15d62e,high_complexity_rotor,9,21845_dff8b3a1,high_complexity_rotor,0.999918,True
22417_4a15d62e,high_complexity_rotor,10,20697_d3e106b4,high_complexity_rotor,0.999918,True
20672_0bc07cce,simple_rotor,1,23184_731e5af0,simple_rotor,1.0,True
20672_0bc07cce,simple_rotor,2,23006_92c5b990,simple_rotor,1.0,True
20672_0bc07cce,simple_rotor,3,23351_6104d55d,simple_rotor,1.0,True
20672_0bc07cce,simple_rotor,4,22746_920025a0,simple_rotor,1.0,True
20672_0bc07cce,simple_rotor,5,22349_6f67a96e,simple_rotor,1.0,True
20672_0bc07cce,simple_rotor,6,20342_c140780b,simple_rotor,1.0,True
20672_0bc07cce,simple_rotor,7,21243_3ec5d732,simple_rotor,1.0,True
20672_0bc07cce,simple_rotor,8,23387_c4aa9424,simple_rotor,1.0,True
20672_0bc07cce,simple_rotor,9,21793_4ad5e2c0,simple_rotor,1.0,True
20672_0bc07cce,simple_rotor,10,23163_7b143a6f,simple_rotor,1.0,True
21616_c6c3347a,simple_rotor,1,23184_731e5af0,simple_rotor,1.0,True
21616_c6c3347a,simple_rotor,2,23006_92c5b990,simple_rotor,1.0,True
21616_c6c3347a,simple_rotor,3,23351_6104d55d,simple_rotor,1.0,True
21616_c6c3347a,simple_rotor,4,22746_920025a0,simple_rotor,1.0,True
21616_c6c3347a,simple_rotor,5,22349_6f67a96e,simple_rotor,1.0,True
21616_c6c3347a,simple_rotor,6,20342_c140780b,simple_rotor,1.0,True
21616_c6c3347a,simple_rotor,7,21243_3ec5d732,simple_rotor,1.0,True
21616_c6c3347a,simple_rotor,8,23387_c4aa9424,simple_rotor,1.0,True
21616_c6c3347a,simple_rotor,9,21793_4ad5e2c0,simple_rotor,1.0,True
21616_c6c3347a,simple_rotor,10,23163_7b143a6f,simple_rotor,1.0,True
22576_d05619d1,high_complexity_rotor,1,23101_6aec02ee,high_complexity_rotor,0.999999,True
22576_d05619d1,high_complexity_rotor,2,20620_8a5226b4,high_complexity_rotor,0.999999,True
22576_d05619d1,high_complexity_rotor,3,22416_4cd31921,high_complexity_rotor,0.999996,True
22576_d05619d1,high_complexity_rotor,4,22893_eb8aa8ac,high_complexity_rotor,0.999996,True
22576_d05619d1,high_complexity_rotor,5,22419_dfeb5d33,high_complexity_rotor,0.999991,True
22576_d05619d1,high_complexity_rotor,6,20643_71ad3d26,high_complexity_rotor,0.999982,True
22576_d05619d1,high_complexity_rotor,7,21839_a8eb6d34,high_complexity_rotor,0.999981,True
22576_d05619d1,high_complexity_rotor,8,21838_5bc448b4,high_complexity_rotor,0.999978,True
22576_d05619d1,high_complexity_rotor,9,21081_72fa4ad1,high_complexity_rotor,0.999957,True
22576_d05619d1,high_complexity_rotor,10,21843_effbd24d,high_complexity_rotor,0.999957,True
20946_6573271d,simple_rotor,1,20551_ff28a959,simple_rotor,1.0,True
20946_6573271d,simple_rotor,2,21665_2e14b6ff,simple_rotor,1.0,True
20946_6573271d,simple_rotor,3,20806_ca60b7ae,simple_rotor,1.0,True
20946_6573271d,simple_rotor,4,22129_48b47c52,simple_rotor,1.0,True
20946_6573271d,simple_rotor,5,20429_9dd95c38,simple_rotor,1.0,True
20946_6573271d,simple_rotor,6,21257_770fee9a,simple_rotor,1.0,True
20946_6573271d,simple_rotor,7,22154_24342da4,simple_rotor,1.0,True
20946_6573271d,simple_rotor,8,22047_5a090f16,simple_rotor,1.0,True
20946_6573271d,simple_rotor,9,22140_9cda24cc,simple_rotor,1.0,True
20946_6573271d,simple_rotor,10,20429_419c4cdd,simple_rotor,1.0,True
22483_f4e4b62a,complex_assembly,1,20668_b2f2633e,high_complexity_rotor,0.999951,False
22483_f4e4b62a,complex_assembly,2,21425_d0d47a2a,high_complexity_rotor,0.999951,False
22483_f4e4b62a,complex_assembly,3,22492_047b125b,complex_assembly,0.999807,True
22483_f4e4b62a,complex_assembly,4,20636_ca9eb29a,high_complexity_rotor,0.998455,False
22483_f4e4b62a,complex_assembly,5,23376_9b48819a,high_complexity_rotor,0.998231,False
22483_f4e4b62a,complex_assembly,6,23204_ff1672a9,complex_assembly,0.997169,True
22483_f4e4b62a,complex_assembly,7,21859_35124f79,complex_assembly,0.997155,True
22483_f4e4b62a,complex_assembly,8,21741_c6faf98e,complex_assembly,0.995994,True
22483_f4e4b62a,complex_assembly,9,7778_3a9748b3,complex_assembly,0.993398,True
22483_f4e4b62a,complex_assembly,10,21708_e61bd657,complex_assembly,0.990049,True
20467_f1fcc009,simple_rotor,1,23184_731e5af0,simple_rotor,1.0,True
20467_f1fcc009,simple_rotor,2,23006_92c5b990,simple_rotor,1.0,True
20467_f1fcc009,simple_rotor,3,23351_6104d55d,simple_rotor,1.0,True
20467_f1fcc009,simple_rotor,4,22746_920025a0,simple_rotor,1.0,True
20467_f1fcc009,simple_rotor,5,22349_6f67a96e,simple_rotor,1.0,True
20467_f1fcc009,simple_rotor,6,20342_c140780b,simple_rotor,1.0,True
20467_f1fcc009,simple_rotor,7,21243_3ec5d732,simple_rotor,1.0,True
20467_f1fcc009,simple_rotor,8,23387_c4aa9424,simple_rotor,1.0,True
20467_f1fcc009,simple_rotor,9,21793_4ad5e2c0,simple_rotor,1.0,True
20467_f1fcc009,simple_rotor,10,23163_7b143a6f,simple_rotor,1.0,True
20279_aed6b3b3,high_complexity_rotor,1,21697_06656699,high_complexity_rotor,0.999952,True
20279_aed6b3b3,high_complexity_rotor,2,21709_4dd88551,high_complexity_rotor,0.999934,True
20279_aed6b3b3,high_complexity_rotor,3,23233_ac09e2e5,high_complexity_rotor,0.999893,True
20279_aed6b3b3,high_complexity_rotor,4,23258_87a2ba81,high_complexity_rotor,0.999837,True
20279_aed6b3b3,high_complexity_rotor,5,20818_098cad7c,high_complexity_rotor,0.999737,True
20279_aed6b3b3,high_complexity_rotor,6,22652_dc7405ef,high_complexity_rotor,0.999705,True
20279_aed6b3b3,high_complexity_rotor,7,21204_96d26a7f,high_complexity_rotor,0.999545,True
20279_aed6b3b3,high_complexity_rotor,8,23309_76dcf100,high_complexity_rotor,0.999545,True
20279_aed6b3b3,high_complexity_rotor,9,20737_5249e274,high_complexity_rotor,0.99949,True
20279_aed6b3b3,high_complexity_rotor,10,20959_d4905d19,high_complexity_rotor,0.999451,True
22058_71feafda,simple_rotor,1,23184_731e5af0,simple_rotor,1.0,True
22058_71feafda,simple_rotor,2,23006_92c5b990,simple_rotor,1.0,True
22058_71feafda,simple_rotor,3,23351_6104d55d,simple_rotor,1.0,True
22058_71feafda,simple_rotor,4,22746_920025a0,simple_rotor,1.0,True
22058_71feafda,simple_rotor,5,22349_6f67a96e,simple_rotor,1.0,True
22058_71feafda,simple_rotor,6,20342_c140780b,simple_rotor,1.0,True
22058_71feafda,simple_rotor,7,21243_3ec5d732,simple_rotor,1.0,True
22058_71feafda,simple_rotor,8,23387_c4aa9424,simple_rotor,1.0,True
22058_71feafda,simple_rotor,9,21793_4ad5e2c0,simple_rotor,1.0,True
22058_71feafda,simple_rotor,10,23163_7b143a6f,simple_rotor,1.0,True
23413_6702ec7f,medium_rotor,1,21035_d308c5c4,medium_rotor,0.999701,True
23413_6702ec7f,medium_rotor,2,23368_648717d8,medium_rotor,0.99814,True
23413_6702ec7f,medium_rotor,3,22987_37973191,medium_rotor,0.995916,True
23413_6702ec7f,medium_rotor,4,20722_90d46353,medium_rotor,0.994787,True
23413_6702ec7f,medium_rotor,5,23331_192866b6,medium_rotor,0.993419,True
23413_6702ec7f,medium_rotor,6,22372_e91792a1,medium_rotor,0.99186,True
23413_6702ec7f,medium_rotor,7,22680_1f4026f6,medium_rotor,0.99186,True
23413_6702ec7f,medium_rotor,8,22832_731d3b9f,medium_rotor,0.99186,True
23413_6702ec7f,medium_rotor,9,21719_d60b8a4a,medium_rotor,0.991303,True
23413_6702ec7f,medium_rotor,10,22376_3ebc82a2,medium_rotor,0.983736,True
21093_1bda9bbe,high_complexity_rotor,1,22900_09de4c7a,high_complexity_rotor,1.0,True
21093_1bda9bbe,high_complexity_rotor,2,23002_4d53fb3f,high_complexity_rotor,1.0,True
21093_1bda9bbe,high_complexity_rotor,3,20765_99d0665e,high_complexity_rotor,1.0,True
21093_1bda9bbe,high_complexity_rotor,4,22890_4ecfa491,high_complexity_rotor,1.0,True
21093_1bda9bbe,high_complexity_rotor,5,22405_20f11d58,high_complexity_rotor,1.0,True
21093_1bda9bbe,high_complexity_rotor,6,21063_037107dc,high_complexity_rotor,1.0,True
21093_1bda9bbe,high_complexity_rotor,7,22402_a62e84b4,high_complexity_rotor,1.0,True
21093_1bda9bbe,high_complexity_rotor,8,23251_3eb3d2e6,high_complexity_rotor,1.0,True
21093_1bda9bbe,high_complexity_rotor,9,22528_f3370a64,high_complexity_rotor,1.0,True
21093_1bda9bbe,high_complexity_rotor,10,23048_8a1a5553,high_complexity_rotor,1.0,True
20544_43691724,high_complexity_rotor,1,22827_f33929ec,high_complexity_rotor,0.998974,True
20544_43691724,high_complexity_rotor,2,22081_ab3124af,high_complexity_rotor,0.998852,True
20544_43691724,high_complexity_rotor,3,20746_57a7b346,high_complexity_rotor,0.998812,True
20544_43691724,high_complexity_rotor,4,23495_6366269c,high_complexity_rotor,0.998283,True
20544_43691724,high_complexity_rotor,5,20870_dedaef5b,high_complexity_rotor,0.998044,True
20544_43691724,high_complexity_rotor,6,21991_ab98f156,high_complexity_rotor,0.997212,True
20544_43691724,high_complexity_rotor,7,20246_40be7668,complex_assembly,0.996795,False
20544_43691724,high_complexity_rotor,8,23002_4d53fb3f,high_complexity_rotor,0.995451,True
20544_43691724,high_complexity_rotor,9,22402_a62e84b4,high_complexity_rotor,0.995451,True
20544_43691724,high_complexity_rotor,10,22900_09de4c7a,high_complexity_rotor,0.995451,True
22764_b884dce6,high_complexity_rotor,1,21063_037107dc,high_complexity_rotor,0.95,True
22764_b884dce6,high_complexity_rotor,2,20500_e88d8065,high_complexity_rotor,0.95,True
22764_b884dce6,high_complexity_rotor,3,22890_4ecfa491,high_complexity_rotor,0.95,True
22764_b884dce6,high_complexity_rotor,4,22900_09de4c7a,high_complexity_rotor,0.95,True
22764_b884dce6,high_complexity_rotor,5,23048_8a1a5553,high_complexity_rotor,0.95,True
22764_b884dce6,high_complexity_rotor,6,22405_20f11d58,high_complexity_rotor,0.95,True
22764_b884dce6,high_complexity_rotor,7,22402_a62e84b4,high_complexity_rotor,0.95,True
22764_b884dce6,high_complexity_rotor,8,23083_fdb942ac,high_complexity_rotor,0.95,True
22764_b884dce6,high_complexity_rotor,9,21093_1bda9bbe,high_complexity_rotor,0.95,True
22764_b884dce6,high_complexity_rotor,10,23002_4d53fb3f,high_complexity_rotor,0.95,True
21069_508a9947,complex_assembly,1,21700_28d193ac,high_complexity_rotor,0.999996,False
21069_508a9947,complex_assembly,2,21656_964b0c84,high_complexity_rotor,0.999941,False
21069_508a9947,complex_assembly,3,22079_31335df2,complex_assembly,0.999927,True
21069_508a9947,complex_assembly,4,20430_975b8dcf,high_complexity_rotor,0.999887,False
21069_508a9947,complex_assembly,5,20260_4a01a99d,high_complexity_rotor,0.999832,False
21069_508a9947,complex_assembly,6,21708_e61bd657,complex_assembly,0.999667,True
21069_508a9947,complex_assembly,7,23162_7e2f3d77,complex_assembly,0.998851,True
21069_508a9947,complex_assembly,8,21351_675c66b1,complex_assembly,0.997999,True
21069_508a9947,complex_assembly,9,21741_c6faf98e,complex_assembly,0.997001,True
21069_508a9947,complex_assembly,10,21859_35124f79,complex_assembly,0.995812,True
20959_d4905d19,high_complexity_rotor,1,23310_7daded69,high_complexity_rotor,0.999739,True
20959_d4905d19,high_complexity_rotor,2,20818_098cad7c,high_complexity_rotor,0.999649,True
20959_d4905d19,high_complexity_rotor,3,23258_87a2ba81,high_complexity_rotor,0.999549,True
20959_d4905d19,high_complexity_rotor,4,20675_66ac9773,high_complexity_rotor,0.999546,True
20959_d4905d19,high_complexity_rotor,5,21134_7aa7cd89,high_complexity_rotor,0.999487,True
20959_d4905d19,high_complexity_rotor,6,20279_aed6b3b3,high_complexity_rotor,0.999451,True
20959_d4905d19,high_complexity_rotor,7,23233_ac09e2e5,high_complexity_rotor,0.999228,True
20959_d4905d19,high_complexity_rotor,8,21709_4dd88551,high_complexity_rotor,0.999153,True
20959_d4905d19,high_complexity_rotor,9,21697_06656699,high_complexity_rotor,0.999099,True
20959_d4905d19,high_complexity_rotor,10,22652_dc7405ef,high_complexity_rotor,0.998737,True
20421_83f66ddc,medium_rotor,1,20504_c9e14c9d,medium_rotor,0.999959,True
20421_83f66ddc,medium_rotor,2,22062_2d6b3b72,medium_rotor,0.999508,True
20421_83f66ddc,medium_rotor,3,21737_87d83240,medium_rotor,0.997903,True
20421_83f66ddc,medium_rotor,4,21185_ac5324ba,medium_rotor,0.996694,True
20421_83f66ddc,medium_rotor,5,23323_075a079e,medium_rotor,0.99657,True
20421_83f66ddc,medium_rotor,6,22218_2f85f6ae,medium_rotor,0.996228,True
20421_83f66ddc,medium_rotor,7,21695_1f33863f,medium_rotor,0.995983,True
20421_83f66ddc,medium_rotor,8,20285_b64b1a7e,medium_rotor,0.995655,True
20421_83f66ddc,medium_rotor,9,22061_b50b6b66,medium_rotor,0.995655,True
20421_83f66ddc,medium_rotor,10,21625_d5d4c9a7,medium_rotor,0.994519,True
22472_f65d3470,simple_rotor,1,23184_731e5af0,simple_rotor,1.0,True
22472_f65d3470,simple_rotor,2,23006_92c5b990,simple_rotor,1.0,True
22472_f65d3470,simple_rotor,3,23351_6104d55d,simple_rotor,1.0,True
22472_f65d3470,simple_rotor,4,22746_920025a0,simple_rotor,1.0,True
22472_f65d3470,simple_rotor,5,22349_6f67a96e,simple_rotor,1.0,True
22472_f65d3470,simple_rotor,6,20342_c140780b,simple_rotor,1.0,True
22472_f65d3470,simple_rotor,7,21243_3ec5d732,simple_rotor,1.0,True
22472_f65d3470,simple_rotor,8,23387_c4aa9424,simple_rotor,1.0,True
22472_f65d3470,simple_rotor,9,21793_4ad5e2c0,simple_rotor,1.0,True
22472_f65d3470,simple_rotor,10,23163_7b143a6f,simple_rotor,1.0,True
20260_4a01a99d,high_complexity_rotor,1,20430_975b8dcf,high_complexity_rotor,0.999995,True
20260_4a01a99d,high_complexity_rotor,2,22079_31335df2,complex_assembly,0.99998,False
20260_4a01a99d,high_complexity_rotor,3,21708_e61bd657,complex_assembly,0.999972,False
20260_4a01a99d,high_complexity_rotor,4,21069_508a9947,complex_assembly,0.999832,False
20260_4a01a99d,high_complexity_rotor,5,21700_28d193ac,high_complexity_rotor,0.999774,True
20260_4a01a99d,high_complexity_rotor,6,21656_964b0c84,high_complexity_rotor,0.999574,True
20260_4a01a99d,high_complexity_rotor,7,21741_c6faf98e,complex_assembly,0.998252,False
20260_4a01a99d,high_complexity_rotor,8,23162_7e2f3d77,complex_assembly,0.997804,False
20260_4a01a99d,high_complexity_rotor,9,21859_35124f79,complex_assembly,0.997321,False
20260_4a01a99d,high_complexity_rotor,10,21351_675c66b1,complex_assembly,0.996673,False
23309_76dcf100,high_complexity_rotor,1,21204_96d26a7f,high_complexity_rotor,1.0,True
23309_76dcf100,high_complexity_rotor,2,20737_5249e274,high_complexity_rotor,0.999996,True
23309_76dcf100,high_complexity_rotor,3,21805_2ba39d00,high_complexity_rotor,0.999981,True
23309_76dcf100,high_complexity_rotor,4,23467_9f431540,high_complexity_rotor,0.999981,True
23309_76dcf100,high_complexity_rotor,5,21511_d07c59c2,high_complexity_rotor,0.999918,True
23309_76dcf100,high_complexity_rotor,6,23233_ac09e2e5,high_complexity_rotor,0.999879,True
23309_76dcf100,high_complexity_rotor,7,22894_5f7c276d,high_complexity_rotor,0.999837,True
23309_76dcf100,high_complexity_rotor,8,21709_4dd88551,high_complexity_rotor,0.999802,True
23309_76dcf100,high_complexity_rotor,9,23258_87a2ba81,high_complexity_rotor,0.999788,True
23309_76dcf100,high_complexity_rotor,10,21697_06656699,high_complexity_rotor,0.999676,True
21790_aaf9224a,medium_rotor,1,22376_3ebc82a2,medium_rotor,0.999993,True
21790_aaf9224a,medium_rotor,2,21503_34f299ca,medium_rotor,0.999878,True
21790_aaf9224a,medium_rotor,3,22372_e91792a1,medium_rotor,0.998389,True
21790_aaf9224a,medium_rotor,4,22680_1f4026f6,medium_rotor,0.998389,True
21790_aaf9224a,medium_rotor,5,22832_731d3b9f,medium_rotor,0.998389,True
21790_aaf9224a,medium_rotor,6,23331_192866b6,medium_rotor,0.997575,True
21790_aaf9224a,medium_rotor,7,21365_ab403591,medium_rotor,0.996434,True
21790_aaf9224a,medium_rotor,8,22987_37973191,medium_rotor,0.995581,True
21790_aaf9224a,medium_rotor,9,20239_49b65a55,medium_rotor,0.994657,True
21790_aaf9224a,medium_rotor,10,23368_648717d8,medium_rotor,0.99239,True
23152_6f2706c9,medium_rotor,1,20817_ef63b1a7,medium_rotor,1.0,True
23152_6f2706c9,medium_rotor,2,20815_b3d9e6c9,medium_rotor,1.0,True
23152_6f2706c9,medium_rotor,3,23366_cc0bc28e,medium_rotor,1.0,True
23152_6f2706c9,medium_rotor,4,21715_53df62c9,medium_rotor,1.0,True
23152_6f2706c9,medium_rotor,5,21884_cc2c39f9,medium_rotor,1.0,True
23152_6f2706c9,medium_rotor,6,20414_a33bd0d7,medium_rotor,1.0,True
23152_6f2706c9,medium_rotor,7,22074_c0265b0d,medium_rotor,1.0,True
23152_6f2706c9,medium_rotor,8,23354_8182b4eb,medium_rotor,1.0,True
23152_6f2706c9,medium_rotor,9,21600_0027c6fc,medium_rotor,1.0,True
23152_6f2706c9,medium_rotor,10,23238_3c864758,medium_rotor,1.0,True
21257_770fee9a,simple_rotor,1,20551_ff28a959,simple_rotor,1.0,True
21257_770fee9a,simple_rotor,2,21665_2e14b6ff,simple_rotor,1.0,True
21257_770fee9a,simple_rotor,3,20806_ca60b7ae,simple_rotor,1.0,True
21257_770fee9a,simple_rotor,4,22129_48b47c52,simple_rotor,1.0,True
21257_770fee9a,simple_rotor,5,20429_9dd95c38,simple_rotor,1.0,True
21257_770fee9a,simple_rotor,6,20946_6573271d,simple_rotor,1.0,True
21257_770fee9a,simple_rotor,7,22154_24342da4,simple_rotor,1.0,True
21257_770fee9a,simple_rotor,8,22047_5a090f16,simple_rotor,1.0,True
21257_770fee9a,simple_rotor,9,22140_9cda24cc,simple_rotor,1.0,True
21257_770fee9a,simple_rotor,10,20429_419c4cdd,simple_rotor,1.0,True
22306_c3dca308,complex_assembly,1,20546_87dbd755,complex_assembly,0.999836,True
22306_c3dca308,complex_assembly,2,22211_b1ee53f0,complex_assembly,0.999798,True
22306_c3dca308,complex_assembly,3,23419_ea47995f,complex_assembly,0.999379,True
22306_c3dca308,complex_assembly,4,23273_8f301ce3,complex_assembly,0.999281,True
22306_c3dca308,complex_assembly,5,22065_0d414124,complex_assembly,0.999144,True
22306_c3dca308,complex_assembly,6,20818_098cad7c,high_complexity_rotor,0.998468,False
22306_c3dca308,complex_assembly,7,22652_dc7405ef,high_complexity_rotor,0.998392,False
22306_c3dca308,complex_assembly,8,22717_08784417,complex_assembly,0.997622,True
22306_c3dca308,complex_assembly,9,20279_aed6b3b3,high_complexity_rotor,0.997275,False
22306_c3dca308,complex_assembly,10,20959_d4905d19,high_complexity_rotor,0.997013,False
20628_e0551f7c,medium_rotor,1,21837_b67d788c,medium_rotor,0.99989,True
20628_e0551f7c,medium_rotor,2,21092_32622a83,medium_rotor,0.997601,True
20628_e0551f7c,medium_rotor,3,23501_6c48b3c1,medium_rotor,0.995656,True
20628_e0551f7c,medium_rotor,4,21719_d60b8a4a,medium_rotor,0.995186,True
20628_e0551f7c,medium_rotor,5,21429_6d2d3974,medium_rotor,0.995184,True
20628_e0551f7c,medium_rotor,6,20722_90d46353,medium_rotor,0.99182,True
20628_e0551f7c,medium_rotor,7,20858_15bdad00,medium_rotor,0.990752,True
20628_e0551f7c,medium_rotor,8,21592_c5e77a82,medium_rotor,0.988372,True
20628_e0551f7c,medium_rotor,9,21282_b2d83538,medium_rotor,0.98716,True
20628_e0551f7c,medium_rotor,10,22334_677d00e0,medium_rotor,0.985038,True
20838_86c931be,simple_rotor,1,23250_aa321310,simple_rotor,1.0,True
20838_86c931be,simple_rotor,2,22261_6efe61e3,simple_rotor,1.0,True
20838_86c931be,simple_rotor,3,20947_115d4058,simple_rotor,1.0,True
20838_86c931be,simple_rotor,4,21570_9cb1d1c4,simple_rotor,1.0,True
20838_86c931be,simple_rotor,5,20910_c64b5d1b,simple_rotor,1.0,True
20838_86c931be,simple_rotor,6,21267_35a558cc,simple_rotor,0.95,True
20838_86c931be,simple_rotor,7,21781_5985da6d,simple_rotor,0.95,True
20838_86c931be,simple_rotor,8,23435_e1c96b4d,simple_rotor,0.95,True
20838_86c931be,simple_rotor,9,21581_8f948e0b,simple_rotor,0.95,True
20838_86c931be,simple_rotor,10,22749_346e10ae,simple_rotor,0.95,True
22154_24342da4,simple_rotor,1,20551_ff28a959,simple_rotor,1.0,True
22154_24342da4,simple_rotor,2,21665_2e14b6ff,simple_rotor,1.0,True
22154_24342da4,simple_rotor,3,20806_ca60b7ae,simple_rotor,1.0,True
22154_24342da4,simple_rotor,4,22129_48b47c52,simple_rotor,1.0,True
22154_24342da4,simple_rotor,5,20429_9dd95c38,simple_rotor,1.0,True
22154_24342da4,simple_rotor,6,20946_6573271d,simple_rotor,1.0,True
22154_24342da4,simple_rotor,7,21257_770fee9a,simple_rotor,1.0,True
22154_24342da4,simple_rotor,8,22047_5a090f16,simple_rotor,1.0,True
22154_24342da4,simple_rotor,9,22140_9cda24cc,simple_rotor,1.0,True
22154_24342da4,simple_rotor,10,20429_419c4cdd,simple_rotor,1.0,True
22980_3cb3bcc8,medium_rotor,1,20899_a8d7c6d5,medium_rotor,0.999999,True
22980_3cb3bcc8,medium_rotor,2,20989_d1b8b0f8,medium_rotor,0.999998,True
22980_3cb3bcc8,medium_rotor,3,20688_955aae0c,medium_rotor,0.999998,True
22980_3cb3bcc8,medium_rotor,4,20755_4b5e61bf,medium_rotor,0.999989,True
22980_3cb3bcc8,medium_rotor,5,23132_1847c4ef,medium_rotor,0.999965,True
22980_3cb3bcc8,medium_rotor,6,20892_b1f89c8d,medium_rotor,0.999938,True
22980_3cb3bcc8,medium_rotor,7,22341_0f9c52ed,medium_rotor,0.999917,True
22980_3cb3bcc8,medium_rotor,8,21923_41fa6eda,medium_rotor,0.999844,True
22980_3cb3bcc8,medium_rotor,9,21626_b34008e6,medium_rotor,0.999785,True
22980_3cb3bcc8,medium_rotor,10,21513_50fb4d62,medium_rotor,0.999785,True
20478_c02790cb,simple_rotor,1,23265_07de6a0b,simple_rotor,1.0,True
20478_c02790cb,simple_rotor,2,21469_abec26c4,simple_rotor,1.0,True
20478_c02790cb,simple_rotor,3,20193_2da4f0a0,simple_rotor,1.0,True
20478_c02790cb,simple_rotor,4,22133_465d7a91,simple_rotor,1.0,True
20478_c02790cb,simple_rotor,5,22073_951645ae,simple_rotor,1.0,True
20478_c02790cb,simple_rotor,6,21184_971559b6,simple_rotor,0.999863,True
20478_c02790cb,simple_rotor,7,20232_e5b060d9,simple_rotor,0.999806,True
20478_c02790cb,simple_rotor,8,21976_807c9b26,simple_rotor,0.99969,True
20478_c02790cb,simple_rotor,9,23342_7193a931,simple_rotor,0.999606,True
20478_c02790cb,simple_rotor,10,22270_c6999138,simple_rotor,0.999594,True
20477_633cca4f,high_complexity_rotor,1,20421_0fd51709,high_complexity_rotor,0.999999,True
20477_633cca4f,high_complexity_rotor,2,22027_11a2e852,high_complexity_rotor,0.999901,True
20477_633cca4f,high_complexity_rotor,3,21685_93737a7a,high_complexity_rotor,0.998413,True
20477_633cca4f,high_complexity_rotor,4,23101_6aec02ee,high_complexity_rotor,0.95,True
20477_633cca4f,high_complexity_rotor,5,20620_8a5226b4,high_complexity_rotor,0.95,True
20477_633cca4f,high_complexity_rotor,6,22893_eb8aa8ac,high_complexity_rotor,0.949999,True
20477_633cca4f,high_complexity_rotor,7,22416_4cd31921,high_complexity_rotor,0.949999,True
20477_633cca4f,high_complexity_rotor,8,22576_d05619d1,high_complexity_rotor,0.949999,True
20477_633cca4f,high_complexity_rotor,9,22419_dfeb5d33,high_complexity_rotor,0.949996,True
20477_633cca4f,high_complexity_rotor,10,21839_a8eb6d34,high_complexity_rotor,0.949982,True
20225_4ce6d59b,symmetric_rotor,1,22561_067b78ae,symmetric_rotor,0.999981,True
20225_4ce6d59b,symmetric_rotor,2,21603_98a15295,symmetric_rotor,0.999832,True
20225_4ce6d59b,symmetric_rotor,3,22050_e8702dd4,symmetric_rotor,0.999708,True
20225_4ce6d59b,symmetric_rotor,4,21467_67965037,symmetric_rotor,0.999544,True
20225_4ce6d59b,symmetric_rotor,5,21692_777db9e2,symmetric_rotor,0.95,True
20225_4ce6d59b,symmetric_rotor,6,22434_2ad62ed6,symmetric_rotor,0.95,True
20225_4ce6d59b,symmetric_rotor,7,22659_0e686e14,symmetric_rotor,0.95,True
20225_4ce6d59b,symmetric_rotor,8,23178_eb4b4280,symmetric_rotor,0.949999,True
20225_4ce6d59b,symmetric_rotor,9,23259_d655fcc1,symmetric_rotor,0.949999,True
20225_4ce6d59b,symmetric_rotor,10,21497_9833a679,symmetric_rotor,0.949999,True
20797_78b83489,medium_rotor,1,23213_3df3cb34,medium_rotor,1.0,True
20797_78b83489,medium_rotor,2,23409_e27e3b8b,medium_rotor,1.0,True
20797_78b83489,medium_rotor,3,22852_dc1dbed6,medium_rotor,1.0,True
20797_78b83489,medium_rotor,4,20322_daa5c577,medium_rotor,1.0,True
20797_78b83489,medium_rotor,5,22577_cd96733e,medium_rotor,1.0,True
20797_78b83489,medium_rotor,6,21974_1997ebc3,medium_rotor,1.0,True
20797_78b83489,medium_rotor,7,21594_428d32af,medium_rotor,1.0,True
20797_78b83489,medium_rotor,8,23480_3f7a8d50,medium_rotor,1.0,True
20797_78b83489,medium_rotor,9,21091_bbf490e7,medium_rotor,1.0,True
20797_78b83489,medium_rotor,10,20322_5a8c6077,medium_rotor,1.0,True
23376_9b48819a,high_complexity_rotor,1,23204_ff1672a9,complex_assembly,0.999876,False
23376_9b48819a,high_complexity_rotor,2,21425_d0d47a2a,high_complexity_rotor,0.998773,True
23376_9b48819a,high_complexity_rotor,3,20668_b2f2633e,high_complexity_rotor,0.998773,True
23376_9b48819a,high_complexity_rotor,4,7778_3a9748b3,complex_assembly,0.998461,False
23376_9b48819a,high_complexity_rotor,5,22483_f4e4b62a,complex_assembly,0.998231,False
23376_9b48819a,high_complexity_rotor,6,22492_047b125b,complex_assembly,0.99687,False
23376_9b48819a,high_complexity_rotor,7,20636_ca9eb29a,high_complexity_rotor,0.993387,True
23376_9b48819a,high_complexity_rotor,8,19566_19d85d3b,high_complexity_rotor,0.992822,True
23376_9b48819a,high_complexity_rotor,9,21153_a2fb81fe,high_complexity_rotor,0.992822,True
23376_9b48819a,high_complexity_rotor,10,21859_35124f79,complex_assembly,0.990911,False
22534_e899f645,medium_rotor,1,22011_0832eefe,medium_rotor,1.0,True
22534_e899f645,medium_rotor,2,20554_abcb705e,medium_rotor,1.0,True
22534_e899f645,medium_rotor,3,21275_c8049742,medium_rotor,1.0,True
22534_e899f645,medium_rotor,4,22729_232da678,medium_rotor,1.0,True
22534_e899f645,medium_rotor,5,20349_a12428da,medium_rotor,0.999998,True
22534_e899f645,medium_rotor,6,22440_014f1bac,medium_rotor,0.999986,True
22534_e899f645,medium_rotor,7,22666_bdaa1303,medium_rotor,0.999985,True
22534_e899f645,medium_rotor,8,23466_1cf60d09,medium_rotor,0.999963,True
22534_e899f645,medium_rotor,9,23363_60e39812,medium_rotor,0.999955,True
22534_e899f645,medium_rotor,10,22199_8ec9eeb2,medium_rotor,0.999951,True
22079_31335df2,complex_assembly,1,20430_975b8dcf,high_complexity_rotor,0.999996,False
22079_31335df2,complex_assembly,2,20260_4a01a99d,high_complexity_rotor,0.99998,False
22079_31335df2,complex_assembly,3,21069_508a9947,complex_assembly,0.999927,True
22079_31335df2,complex_assembly,4,21708_e61bd657,complex_assembly,0.999905,True
22079_31335df2,complex_assembly,5,21700_28d193ac,high_complexity_rotor,0.999888,False
22079_31335df2,complex_assembly,6,21656_964b0c84,high_complexity_rotor,0.999738,False
22079_31335df2,complex_assembly,7,23162_7e2f3d77,complex_assembly,0.998202,True
22079_31335df2,complex_assembly,8,21741_c6faf98e,complex_assembly,0.997861,True
22079_31335df2,complex_assembly,9,21351_675c66b1,complex_assembly,0.997166,True
22079_31335df2,complex_assembly,10,21859_35124f79,complex_assembly,0.996841,True
22414_14ead4a3,symmetric_rotor,1,22638_37f9fe91,symmetric_rotor,0.999957,True
22414_14ead4a3,symmetric_rotor,2,21836_5bc91e49,symmetric_rotor,0.999927,True
22414_14ead4a3,symmetric_rotor,3,22654_4c426b0f,symmetric_rotor,0.999838,True
22414_14ead4a3,symmetric_rotor,4,22095_af226cbc,symmetric_rotor,0.999822,True
22414_14ead4a3,symmetric_rotor,5,23127_38d73061,symmetric_rotor,0.999539,True
22414_14ead4a3,symmetric_rotor,6,20502_58b65de9,symmetric_rotor,0.999506,True
22414_14ead4a3,symmetric_rotor,7,23468_a0bfb573,symmetric_rotor,0.999313,True
22414_14ead4a3,symmetric_rotor,8,23221_42f37ae3,symmetric_rotor,0.999286,True
22414_14ead4a3,symmetric_rotor,9,7780_6c885e81,symmetric_rotor,0.999089,True
22414_14ead4a3,symmetric_rotor,10,22259_613f9d44,symmetric_rotor,0.998816,True
23313_210c6783,medium_rotor,1,23213_3df3cb34,medium_rotor,1.0,True
23313_210c6783,medium_rotor,2,23409_e27e3b8b,medium_rotor,1.0,True
23313_210c6783,medium_rotor,3,22852_dc1dbed6,medium_rotor,1.0,True
23313_210c6783,medium_rotor,4,20322_daa5c577,medium_rotor,1.0,True
23313_210c6783,medium_rotor,5,22577_cd96733e,medium_rotor,1.0,True
23313_210c6783,medium_rotor,6,21974_1997ebc3,medium_rotor,1.0,True
23313_210c6783,medium_rotor,7,21594_428d32af,medium_rotor,1.0,True
23313_210c6783,medium_rotor,8,23480_3f7a8d50,medium_rotor,1.0,True
23313_210c6783,medium_rotor,9,21091_bbf490e7,medium_rotor,1.0,True
23313_210c6783,medium_rotor,10,20322_5a8c6077,medium_rotor,1.0,True
21600_0027c6fc,medium_rotor,1,20414_a33bd0d7,medium_rotor,1.0,True
21600_0027c6fc,medium_rotor,2,20815_b3d9e6c9,medium_rotor,1.0,True
21600_0027c6fc,medium_rotor,3,21715_53df62c9,medium_rotor,1.0,True
21600_0027c6fc,medium_rotor,4,20817_ef63b1a7,medium_rotor,1.0,True
21600_0027c6fc,medium_rotor,5,23366_cc0bc28e,medium_rotor,1.0,True
21600_0027c6fc,medium_rotor,6,22074_c0265b0d,medium_rotor,1.0,True
21600_0027c6fc,medium_rotor,7,23354_8182b4eb,medium_rotor,1.0,True
21600_0027c6fc,medium_rotor,8,21884_cc2c39f9,medium_rotor,1.0,True
21600_0027c6fc,medium_rotor,9,23152_6f2706c9,medium_rotor,1.0,True
21600_0027c6fc,medium_rotor,10,23238_3c864758,medium_rotor,1.0,True
21081_72fa4ad1,high_complexity_rotor,1,21843_effbd24d,high_complexity_rotor,1.0,True
21081_72fa4ad1,high_complexity_rotor,2,21845_dff8b3a1,high_complexity_rotor,0.999999,True
21081_72fa4ad1,high_complexity_rotor,3,21838_5bc448b4,high_complexity_rotor,0.999991,True
21081_72fa4ad1,high_complexity_rotor,4,22168_a84560a9,high_complexity_rotor,0.999984,True
21081_72fa4ad1,high_complexity_rotor,5,21839_a8eb6d34,high_complexity_rotor,0.999984,True
21081_72fa4ad1,high_complexity_rotor,6,22419_dfeb5d33,high_complexity_rotor,0.999978,True
21081_72fa4ad1,high_complexity_rotor,7,20643_71ad3d26,high_complexity_rotor,0.999975,True
21081_72fa4ad1,high_complexity_rotor,8,21121_1e9e7540,high_complexity_rotor,0.999973,True
21081_72fa4ad1,high_complexity_rotor,9,22416_4cd31921,high_complexity_rotor,0.999973,True
21081_72fa4ad1,high_complexity_rotor,10,22893_eb8aa8ac,high_complexity_rotor,0.999973,True
21423_196855d1,simple_rotor,1,23184_731e5af0,simple_rotor,1.0,True
21423_196855d1,simple_rotor,2,23006_92c5b990,simple_rotor,1.0,True
21423_196855d1,simple_rotor,3,23351_6104d55d,simple_rotor,1.0,True
21423_196855d1,simple_rotor,4,22746_920025a0,simple_rotor,1.0,True
21423_196855d1,simple_rotor,5,22349_6f67a96e,simple_rotor,1.0,True
21423_196855d1,simple_rotor,6,20342_c140780b,simple_rotor,1.0,True
21423_196855d1,simple_rotor,7,21243_3ec5d732,simple_rotor,1.0,True
21423_196855d1,simple_rotor,8,23387_c4aa9424,simple_rotor,1.0,True
21423_196855d1,simple_rotor,9,21793_4ad5e2c0,simple_rotor,1.0,True
21423_196855d1,simple_rotor,10,23163_7b143a6f,simple_rotor,1.0,True
22670_9353c710,complex_assembly,1,20165_2b088be5,high_complexity_rotor,1.0,False
22670_9353c710,complex_assembly,2,22581_406c16c4,complex_assembly,0.999965,True
22670_9353c710,complex_assembly,3,22298_51433023,complex_assembly,0.999942,True
22670_9353c710,complex_assembly,4,21986_67c5509a,complex_assembly,0.999934,True
22670_9353c710,complex_assembly,5,20787_ed64ff5e,complex_assembly,0.9999,True
22670_9353c710,complex_assembly,6,23235_f9ccb8b0,complex_assembly,0.999833,True
22670_9353c710,complex_assembly,7,21244_d67bbabc,complex_assembly,0.999802,True
22670_9353c710,complex_assembly,8,21582_a3d32115,complex_assembly,0.999792,True
22670_9353c710,complex_assembly,9,21545_4384f96e,complex_assembly,0.999764,True
22670_9353c710,complex_assembly,10,20952_b8a54213,complex_assembly,0.99961,True
20421_38b63ca5,medium_rotor,1,21164_de08f61e,medium_rotor,0.999347,True
20421_38b63ca5,medium_rotor,2,20239_49b65a55,medium_rotor,0.949952,True
20421_38b63ca5,medium_rotor,3,21365_ab403591,medium_rotor,0.949588,True
20421_38b63ca5,medium_rotor,4,20431_0088a0dd,medium_rotor,0.949537,True
20421_38b63ca5,medium_rotor,5,22630_b6010fff,medium_rotor,0.949222,True
20421_38b63ca5,medium_rotor,6,21858_f1409ea2,medium_rotor,0.9476,True
20421_38b63ca5,medium_rotor,7,20440_27177360,medium_rotor,0.9476,True
20421_38b63ca5,medium_rotor,8,21621_711e1918,medium_rotor,0.946848,True
20421_38b63ca5,medium_rotor,9,23305_2662b29a,medium_rotor,0.946131,True
20421_38b63ca5,medium_rotor,10,22017_6d3be48d,medium_rotor,0.945329,True
21718_1551037b,complex_assembly,1,21580_b8b2571b,high_complexity_rotor,0.999975,False
21718_1551037b,complex_assembly,2,21352_d60bc953,complex_assembly,0.999807,True
21718_1551037b,complex_assembly,3,23226_8d1b5098,complex_assembly,0.998986,True
21718_1551037b,complex_assembly,4,22404_66db7dd7,complex_assembly,0.998653,True
21718_1551037b,complex_assembly,5,21244_24c3ce72,complex_assembly,0.998504,True
21718_1551037b,complex_assembly,6,23144_88ca00a5,complex_assembly,0.998194,True
21718_1551037b,complex_assembly,7,22056_79373464,complex_assembly,0.997777,True
21718_1551037b,complex_assembly,8,22430_c6f08b03,complex_assembly,0.996324,True
21718_1551037b,complex_assembly,9,22533_e7298b05,complex_assembly,0.995636,True
21718_1551037b,complex_assembly,10,21351_675c66b1,complex_assembly,0.995454,True
20585_09b72895,symmetric_rotor,1,22812_cf865ed1,symmetric_rotor,0.999999,True
20585_09b72895,symmetric_rotor,2,21840_6847d36c,symmetric_rotor,0.999996,True
20585_09b72895,symmetric_rotor,3,20419_8ce893b6,symmetric_rotor,0.999996,True
20585_09b72895,symmetric_rotor,4,21828_21ab2114,symmetric_rotor,0.999996,True
20585_09b72895,symmetric_rotor,5,21831_54ca67d1,symmetric_rotor,0.999991,True
20585_09b72895,symmetric_rotor,6,21133_f9a1614e,symmetric_rotor,0.999991,True
20585_09b72895,symmetric_rotor,7,22659_0e686e14,symmetric_rotor,0.999982,True
20585_09b72895,symmetric_rotor,8,22434_2ad62ed6,symmetric_rotor,0.999982,True
20585_09b72895,symmetric_rotor,9,21692_777db9e2,symmetric_rotor,0.999982,True
20585_09b72895,symmetric_rotor,10,22399_97987ada,symmetric_rotor,0.999981,True
21828_21ab2114,symmetric_rotor,1,21840_6847d36c,symmetric_rotor,1.0,True
21828_21ab2114,symmetric_rotor,2,20419_8ce893b6,symmetric_rotor,1.0,True
21828_21ab2114,symmetric_rotor,3,21831_54ca67d1,symmetric_rotor,0.999999,True
21828_21ab2114,symmetric_rotor,4,21133_f9a1614e,symmetric_rotor,0.999999,True
21828_21ab2114,symmetric_rotor,5,20585_09b72895,symmetric_rotor,0.999996,True
21828_21ab2114,symmetric_rotor,6,22812_cf865ed1,symmetric_rotor,0.999991,True
21828_21ab2114,symmetric_rotor,7,22049_4da0d894,symmetric_rotor,0.999982,True
21828_21ab2114,symmetric_rotor,8,21248_0a862e3e,symmetric_rotor,0.999982,True
21828_21ab2114,symmetric_rotor,9,22155_ab18f2b6,symmetric_rotor,0.999982,True
21828_21ab2114,symmetric_rotor,10,21961_1a090a8b,symmetric_rotor,0.999982,True
20511_e1b972aa,medium_rotor,1,23213_3df3cb34,medium_rotor,1.0,True
20511_e1b972aa,medium_rotor,2,23409_e27e3b8b,medium_rotor,1.0,True
20511_e1b972aa,medium_rotor,3,22852_dc1dbed6,medium_rotor,1.0,True
20511_e1b972aa,medium_rotor,4,20322_daa5c577,medium_rotor,1.0,True
20511_e1b972aa,medium_rotor,5,22577_cd96733e,medium_rotor,1.0,True
20511_e1b972aa,medium_rotor,6,21974_1997ebc3,medium_rotor,1.0,True
20511_e1b972aa,medium_rotor,7,21594_428d32af,medium_rotor,1.0,True
20511_e1b972aa,medium_rotor,8,23480_3f7a8d50,medium_rotor,1.0,True
20511_e1b972aa,medium_rotor,9,21091_bbf490e7,medium_rotor,1.0,True
20511_e1b972aa,medium_rotor,10,20322_5a8c6077,medium_rotor,1.0,True
22671_fdd1b1e6,simple_rotor,1,23184_731e5af0,simple_rotor,1.0,True
22671_fdd1b1e6,simple_rotor,2,23006_92c5b990,simple_rotor,1.0,True
22671_fdd1b1e6,simple_rotor,3,23351_6104d55d,simple_rotor,1.0,True
22671_fdd1b1e6,simple_rotor,4,22746_920025a0,simple_rotor,1.0,True
22671_fdd1b1e6,simple_rotor,5,22349_6f67a96e,simple_rotor,1.0,True
22671_fdd1b1e6,simple_rotor,6,20342_c140780b,simple_rotor,1.0,True
22671_fdd1b1e6,simple_rotor,7,21243_3ec5d732,simple_rotor,1.0,True
22671_fdd1b1e6,simple_rotor,8,23387_c4aa9424,simple_rotor,1.0,True
22671_fdd1b1e6,simple_rotor,9,21793_4ad5e2c0,simple_rotor,1.0,True
22671_fdd1b1e6,simple_rotor,10,23163_7b143a6f,simple_rotor,1.0,True
21139_cd619b26,simple_rotor,1,23184_731e5af0,simple_rotor,1.0,True
21139_cd619b26,simple_rotor,2,23006_92c5b990,simple_rotor,1.0,True
21139_cd619b26,simple_rotor,3,23351_6104d55d,simple_rotor,1.0,True
21139_cd619b26,simple_rotor,4,22746_920025a0,simple_rotor,1.0,True
21139_cd619b26,simple_rotor,5,22349_6f67a96e,simple_rotor,1.0,True
21139_cd619b26,simple_rotor,6,20342_c140780b,simple_rotor,1.0,True
21139_cd619b26,simple_rotor,7,21243_3ec5d732,simple_rotor,1.0,True
21139_cd619b26,simple_rotor,8,23387_c4aa9424,simple_rotor,1.0,True
21139_cd619b26,simple_rotor,9,21793_4ad5e2c0,simple_rotor,1.0,True
21139_cd619b26,simple_rotor,10,23163_7b143a6f,simple_rotor,1.0,True
23184_731e5af0,simple_rotor,1,22843_ff77027f,simple_rotor,1.0,True
23184_731e5af0,simple_rotor,2,23387_c4aa9424,simple_rotor,1.0,True
23184_731e5af0,simple_rotor,3,23163_7b143a6f,simple_rotor,1.0,True
23184_731e5af0,simple_rotor,4,23403_e539620b,simple_rotor,1.0,True
23184_731e5af0,simple_rotor,5,20908_10574fbf,simple_rotor,1.0,True
23184_731e5af0,simple_rotor,6,22178_976d2411,simple_rotor,1.0,True
23184_731e5af0,simple_rotor,7,21610_5dcf1187,simple_rotor,1.0,True
23184_731e5af0,simple_rotor,8,20376_eefa9511,simple_rotor,1.0,True
23184_731e5af0,simple_rotor,9,20392_8b23d193,simple_rotor,1.0,True
23184_731e5af0,simple_rotor,10,22825_f4c18d65,simple_rotor,1.0,True
20990_0a226634,symmetric_rotor,1,22080_594bcb66,symmetric_rotor,0.999999,True
20990_0a226634,symmetric_rotor,2,23438_b1ef78f4,symmetric_rotor,0.999946,True
20990_0a226634,symmetric_rotor,3,20989_885bd9b9,simple_rotor,0.95,False
20990_0a226634,symmetric_rotor,4,20989_a261efa3,simple_rotor,0.95,False
20990_0a226634,symmetric_rotor,5,21831_54ca67d1,symmetric_rotor,0.949999,True
20990_0a226634,symmetric_rotor,6,21825_ce32b0a0,simple_rotor,0.949999,False
20990_0a226634,symmetric_rotor,7,21133_f9a1614e,symmetric_rotor,0.949999,True
20990_0a226634,symmetric_rotor,8,21828_21ab2114,symmetric_rotor,0.949996,True
20990_0a226634,symmetric_rotor,9,21840_6847d36c,symmetric_rotor,0.949996,True
20990_0a226634,symmetric_rotor,10,20419_8ce893b6,symmetric_rotor,0.949996,True
20586_cbec2689,simple_rotor,1,21785_d595ced5,simple_rotor,1.0,True
20586_cbec2689,simple_rotor,2,22498_b8bdb105,simple_rotor,1.0,True
20586_cbec2689,simple_rotor,3,21613_d57e983a,simple_rotor,0.95,True
20586_cbec2689,simple_rotor,4,21865_c190b734,simple_rotor,0.95,True
20586_cbec2689,simple_rotor,5,23408_e5fd25ba,simple_rotor,0.95,True
20586_cbec2689,simple_rotor,6,22746_920025a0,simple_rotor,0.95,True
20586_cbec2689,simple_rotor,7,23164_659c91ef,simple_rotor,0.95,True
20586_cbec2689,simple_rotor,8,21615_f2ecc6e8,simple_rotor,0.95,True
20586_cbec2689,simple_rotor,9,23351_6104d55d,simple_rotor,0.95,True
20586_cbec2689,simple_rotor,10,20392_8b23d193,simple_rotor,0.95,True
20182_71b9e491,medium_rotor,1,20215_e2eb3082,medium_rotor,1.0,True
20182_71b9e491,medium_rotor,2,21601_360ce1c7,medium_rotor,1.0,True
20182_71b9e491,medium_rotor,3,22919_3ee91d1a,medium_rotor,0.999992,True
20182_71b9e491,medium_rotor,4,22474_b10fea1a,medium_rotor,0.999985,True
20182_71b9e491,medium_rotor,5,23176_1bf2a2d5,medium_rotor,0.999981,True
20182_71b9e491,medium_rotor,6,20319_9f53cd7c,medium_rotor,0.999947,True
20182_71b9e491,medium_rotor,7,19810_f77c5501,medium_rotor,0.999946,True
20182_71b9e491,medium_rotor,8,21539_cfe1f7fd,medium_rotor,0.99985,True
20182_71b9e491,medium_rotor,9,22072_5163223a,medium_rotor,0.99983,True
20182_71b9e491,medium_rotor,10,22778_7d85debd,medium_rotor,0.999825,True
22981_93f268ae,simple_rotor,1,23194_b675acc0,simple_rotor,0.999986,True
22981_93f268ae,simple_rotor,2,23039_b3d04774,simple_rotor,0.99992,True
22981_93f268ae,simple_rotor,3,19518_f220b68a,simple_rotor,0.997006,True
22981_93f268ae,simple_rotor,4,20940_9777847c,simple_rotor,0.995589,True
22981_93f268ae,simple_rotor,5,20814_5a2be0fb,simple_rotor,0.984104,True
22981_93f268ae,simple_rotor,6,21422_b2a6bf27,simple_rotor,0.960421,True
22981_93f268ae,simple_rotor,7,23211_3aac9c7e,simple_rotor,0.949965,True
22981_93f268ae,simple_rotor,8,22747_3f6faf4c,simple_rotor,0.94992,True
22981_93f268ae,simple_rotor,9,22837_7644c972,simple_rotor,0.949825,True
22981_93f268ae,simple_rotor,10,20495_e8e7e80c,simple_rotor,0.949592,True
20989_d1b8b0f8,medium_rotor,1,20688_955aae0c,medium_rotor,1.0,True
20989_d1b8b0f8,medium_rotor,2,20899_a8d7c6d5,medium_rotor,1.0,True
20989_d1b8b0f8,medium_rotor,3,22980_3cb3bcc8,medium_rotor,0.999998,True
20989_d1b8b0f8,medium_rotor,4,20755_4b5e61bf,medium_rotor,0.999997,True
20989_d1b8b0f8,medium_rotor,5,20892_b1f89c8d,medium_rotor,0.99996,True
20989_d1b8b0f8,medium_rotor,6,23132_1847c4ef,medium_rotor,0.999945,True
20989_d1b8b0f8,medium_rotor,7,22341_0f9c52ed,medium_rotor,0.999887,True
20989_d1b8b0f8,medium_rotor,8,21626_b34008e6,medium_rotor,0.999827,True
20989_d1b8b0f8,medium_rotor,9,21513_50fb4d62,medium_rotor,0.999827,True
20989_d1b8b0f8,medium_rotor,10,21923_41fa6eda,medium_rotor,0.999804,True
20451_557fe5cd,simple_rotor,1,23103_43bde2a6,simple_rotor,1.0,True
20451_557fe5cd,simple_rotor,2,22147_12995368,simple_rotor,1.0,True
20451_557fe5cd,simple_rotor,3,20451_84d8b290,simple_rotor,1.0,True
20451_557fe5cd,simple_rotor,4,20216_89b90993,simple_rotor,1.0,True
20451_557fe5cd,simple_rotor,5,20822_5bb36119,simple_rotor,1.0,True
20451_557fe5cd,simple_rotor,6,20807_88c198d5,simple_rotor,1.0,True
20451_557fe5cd,simple_rotor,7,20731_fbdc7731,simple_rotor,0.999999,True
20451_557fe5cd,simple_rotor,8,21862_ec534e16,simple_rotor,0.999999,True
20451_557fe5cd,simple_rotor,9,22136_a539c50b,simple_rotor,0.999999,True
20451_557fe5cd,simple_rotor,10,22367_b4a67e61,simple_rotor,0.999999,True
22825_f4c18d65,simple_rotor,1,23184_731e5af0,simple_rotor,1.0,True
22825_f4c18d65,simple_rotor,2,23006_92c5b990,simple_rotor,1.0,True
22825_f4c18d65,simple_rotor,3,23351_6104d55d,simple_rotor,1.0,True
22825_f4c18d65,simple_rotor,4,22746_920025a0,simple_rotor,1.0,True
22825_f4c18d65,simple_rotor,5,22349_6f67a96e,simple_rotor,1.0,True
22825_f4c18d65,simple_rotor,6,20342_c140780b,simple_rotor,1.0,True
22825_f4c18d65,simple_rotor,7,21243_3ec5d732,simple_rotor,1.0,True
22825_f4c18d65,simple_rotor,8,23387_c4aa9424,simple_rotor,1.0,True
22825_f4c18d65,simple_rotor,9,21793_4ad5e2c0,simple_rotor,1.0,True
22825_f4c18d65,simple_rotor,10,23163_7b143a6f,simple_rotor,1.0,True
20533_0a3e112b,high_complexity_rotor,1,22442_7d5c5d5f,high_complexity_rotor,0.999526,True
20533_0a3e112b,high_complexity_rotor,2,20622_38dd90d0,high_complexity_rotor,0.997511,True
20533_0a3e112b,high_complexity_rotor,3,20246_40be7668,complex_assembly,0.994967,False
20533_0a3e112b,high_complexity_rotor,4,21991_ab98f156,high_complexity_rotor,0.994413,True
20533_0a3e112b,high_complexity_rotor,5,20870_dedaef5b,high_complexity_rotor,0.993059,True
20533_0a3e112b,high_complexity_rotor,6,20351_dc6e4e1e,complex_assembly,0.99197,False
20533_0a3e112b,high_complexity_rotor,7,22081_ab3124af,high_complexity_rotor,0.991232,True
20533_0a3e112b,high_complexity_rotor,8,22827_f33929ec,high_complexity_rotor,0.990884,True
20533_0a3e112b,high_complexity_rotor,9,22076_20e8a107,high_complexity_rotor,0.98884,True
20533_0a3e112b,high_complexity_rotor,10,23422_f214bd4d,complex_assembly,0.987292,False
22196_e5bf8c9d,medium_rotor,1,22196_0deb2e34,medium_rotor,1.0,True
22196_e5bf8c9d,medium_rotor,2,22197_94c66357,medium_rotor,1.0,True
22196_e5bf8c9d,medium_rotor,3,22197_66c5655e,medium_rotor,1.0,True
22196_e5bf8c9d,medium_rotor,4,23318_65e3a7c9,medium_rotor,0.998746,True
22196_e5bf8c9d,medium_rotor,5,21275_c8049742,medium_rotor,0.95,True
22196_e5bf8c9d,medium_rotor,6,22534_e899f645,medium_rotor,0.95,True
22196_e5bf8c9d,medium_rotor,7,22011_0832eefe,medium_rotor,0.95,True
22196_e5bf8c9d,medium_rotor,8,20554_abcb705e,medium_rotor,0.95,True
22196_e5bf8c9d,medium_rotor,9,22729_232da678,medium_rotor,0.95,True
22196_e5bf8c9d,medium_rotor,10,20349_a12428da,medium_rotor,0.949998,True
21165_5cb2d287,simple_rotor,1,20436_41b730a3,simple_rotor,1.0,True
21165_5cb2d287,simple_rotor,2,22378_234fea2c,simple_rotor,1.0,True
21165_5cb2d287,simple_rotor,3,23215_08a54de0,simple_rotor,1.0,True
21165_5cb2d287,simple_rotor,4,22227_aca28ff2,simple_rotor,1.0,True
21165_5cb2d287,simple_rotor,5,20186_f66e4ad3,simple_rotor,1.0,True
21165_5cb2d287,simple_rotor,6,21588_0c48dc5f,simple_rotor,0.999041,True
21165_5cb2d287,simple_rotor,7,21391_78fc6345,simple_rotor,0.998465,True
21165_5cb2d287,simple_rotor,8,23341_d5ead6d2,simple_rotor,0.998271,True
21165_5cb2d287,simple_rotor,9,22837_7644c972,simple_rotor,0.996005,True
21165_5cb2d287,simple_rotor,10,23136_2b469508,simple_rotor,0.994901,True
23101_6aec02ee,high_complexity_rotor,1,20620_8a5226b4,high_complexity_rotor,1.0,True
23101_6aec02ee,high_complexity_rotor,2,22416_4cd31921,high_complexity_rotor,0.999999,True
23101_6aec02ee,high_complexity_rotor,3,22893_eb8aa8ac,high_complexity_rotor,0.999999,True
23101_6aec02ee,high_complexity_rotor,4,22576_d05619d1,high_complexity_rotor,0.999999,True
23101_6aec02ee,high_complexity_rotor,5,22419_dfeb5d33,high_complexity_rotor,0.999996,True
23101_6aec02ee,high_complexity_rotor,6,21839_a8eb6d34,high_complexity_rotor,0.999982,True
23101_6aec02ee,high_complexity_rotor,7,21838_5bc448b4,high_complexity_rotor,0.999981,True
23101_6aec02ee,high_complexity_rotor,8,20643_71ad3d26,high_complexity_rotor,0.999981,True
23101_6aec02ee,high_complexity_rotor,9,21081_72fa4ad1,high_complexity_rotor,0.999966,True
23101_6aec02ee,high_complexity_rotor,10,21843_effbd24d,high_complexity_rotor,0.999966,True
20817_ef63b1a7,medium_rotor,1,21600_0027c6fc,medium_rotor,1.0,True
20817_ef63b1a7,medium_rotor,2,22074_c0265b0d,medium_rotor,1.0,True
20817_ef63b1a7,medium_rotor,3,20414_a33bd0d7,medium_rotor,1.0,True
20817_ef63b1a7,medium_rotor,4,21715_53df62c9,medium_rotor,1.0,True
20817_ef63b1a7,medium_rotor,5,23034_b38134ee,medium_rotor,1.0,True
20817_ef63b1a7,medium_rotor,6,23238_3c864758,medium_rotor,1.0,True
20817_ef63b1a7,medium_rotor,7,23152_6f2706c9,medium_rotor,1.0,True
20817_ef63b1a7,medium_rotor,8,21884_cc2c39f9,medium_rotor,1.0,True
20817_ef63b1a7,medium_rotor,9,23366_cc0bc28e,medium_rotor,1.0,True
20817_ef63b1a7,medium_rotor,10,20815_b3d9e6c9,medium_rotor,1.0,True
22141_5db99710,symmetric_rotor,1,21271_ec7f62b8,symmetric_rotor,0.999996,True
22141_5db99710,symmetric_rotor,2,21958_e48ddf4e,symmetric_rotor,0.999991,True
22141_5db99710,symmetric_rotor,3,21497_9833a679,symmetric_rotor,0.999991,True
22141_5db99710,symmetric_rotor,4,23178_eb4b4280,symmetric_rotor,0.999991,True
22141_5db99710,symmetric_rotor,5,23259_d655fcc1,symmetric_rotor,0.999991,True
22141_5db99710,symmetric_rotor,6,23170_6ea8ded5,symmetric_rotor,0.999984,True
22141_5db99710,symmetric_rotor,7,22659_0e686e14,symmetric_rotor,0.999984,True
22141_5db99710,symmetric_rotor,8,22434_2ad62ed6,symmetric_rotor,0.999984,True
22141_5db99710,symmetric_rotor,9,21692_777db9e2,symmetric_rotor,0.999984,True
22141_5db99710,symmetric_rotor,10,22312_3f366a4a,symmetric_rotor,0.999975,True
20860_b8e9a191,medium_rotor,1,21989_a0b5037d,medium_rotor,0.99993,True
20860_b8e9a191,medium_rotor,2,21358_a69a36f3,medium_rotor,0.999832,True
20860_b8e9a191,medium_rotor,3,23252_ef165bed,medium_rotor,0.999832,True
20860_b8e9a191,medium_rotor,4,21549_18160a0a,medium_rotor,0.999832,True
20860_b8e9a191,medium_rotor,5,23120_f7c9092f,medium_rotor,0.999832,True
20860_b8e9a191,medium_rotor,6,23128_cb135b1b,medium_rotor,0.999832,True
20860_b8e9a191,medium_rotor,7,21856_f84d9348,medium_rotor,0.999832,True
20860_b8e9a191,medium_rotor,8,22383_e5f707a7,medium_rotor,0.999832,True
20860_b8e9a191,medium_rotor,9,21531_79015e13,medium_rotor,0.999832,True
20860_b8e9a191,medium_rotor,10,20322_daa5c577,medium_rotor,0.999832,True
21610_5dcf1187,simple_rotor,1,23184_731e5af0,simple_rotor,1.0,True
21610_5dcf1187,simple_rotor,2,23006_92c5b990,simple_rotor,1.0,True
21610_5dcf1187,simple_rotor,3,23351_6104d55d,simple_rotor,1.0,True
21610_5dcf1187,simple_rotor,4,22746_920025a0,simple_rotor,1.0,True
21610_5dcf1187,simple_rotor,5,22349_6f67a96e,simple_rotor,1.0,True
21610_5dcf1187,simple_rotor,6,20342_c140780b,simple_rotor,1.0,True
21610_5dcf1187,simple_rotor,7,21243_3ec5d732,simple_rotor,1.0,True
21610_5dcf1187,simple_rotor,8,23387_c4aa9424,simple_rotor,1.0,True
21610_5dcf1187,simple_rotor,9,21793_4ad5e2c0,simple_rotor,1.0,True
21610_5dcf1187,simple_rotor,10,23163_7b143a6f,simple_rotor,1.0,True
20285_b64b1a7e,medium_rotor,1,22061_b50b6b66,medium_rotor,1.0,True
20285_b64b1a7e,medium_rotor,2,21695_1f33863f,medium_rotor,0.999994,True
20285_b64b1a7e,medium_rotor,3,22218_2f85f6ae,medium_rotor,0.99998,True
20285_b64b1a7e,medium_rotor,4,23323_075a079e,medium_rotor,0.999946,True
20285_b64b1a7e,medium_rotor,5,21625_d5d4c9a7,medium_rotor,0.999934,True
20285_b64b1a7e,medium_rotor,6,21185_ac5324ba,medium_rotor,0.999929,True
20285_b64b1a7e,medium_rotor,7,21737_87d83240,medium_rotor,0.999594,True
20285_b64b1a7e,medium_rotor,8,22224_1e749c32,medium_rotor,0.999257,True
20285_b64b1a7e,medium_rotor,9,20504_c9e14c9d,medium_rotor,0.996461,True
20285_b64b1a7e,medium_rotor,10,20421_83f66ddc,medium_rotor,0.995655,True
21741_c6faf98e,complex_assembly,1,21859_35124f79,complex_assembly,0.999901,True
21741_c6faf98e,complex_assembly,2,20636_ca9eb29a,high_complexity_rotor,0.999423,False
21741_c6faf98e,complex_assembly,3,21708_e61bd657,complex_assembly,0.998665,True
21741_c6faf98e,complex_assembly,4,20260_4a01a99d,high_complexity_rotor,0.998252,False
21741_c6faf98e,complex_assembly,5,20430_975b8dcf,high_complexity_rotor,0.998052,False
21741_c6faf98e,complex_assembly,6,22079_31335df2,complex_assembly,0.997861,True
21741_c6faf98e,complex_assembly,7,22492_047b125b,complex_assembly,0.997559,True
21741_c6faf98e,complex_assembly,8,21069_508a9947,complex_assembly,0.997001,True
21741_c6faf98e,complex_assembly,9,21700_28d193ac,high_complexity_rotor,0.99677,False
21741_c6faf98e,complex_assembly,10,21656_964b0c84,high_complexity_rotor,0.996101,False
21377_19909a40,medium_rotor,1,23213_3df3cb34,medium_rotor,1.0,True
21377_19909a40,medium_rotor,2,23409_e27e3b8b,medium_rotor,1.0,True
21377_19909a40,medium_rotor,3,22852_dc1dbed6,medium_rotor,1.0,True
21377_19909a40,medium_rotor,4,20322_daa5c577,medium_rotor,1.0,True
21377_19909a40,medium_rotor,5,22577_cd96733e,medium_rotor,1.0,True
21377_19909a40,medium_rotor,6,21974_1997ebc3,medium_rotor,1.0,True
21377_19909a40,medium_rotor,7,21594_428d32af,medium_rotor,1.0,True
21377_19909a40,medium_rotor,8,23480_3f7a8d50,medium_rotor,1.0,True
21377_19909a40,medium_rotor,9,21091_bbf490e7,medium_rotor,1.0,True
21377_19909a40,medium_rotor,10,20322_5a8c6077,medium_rotor,1.0,True
23174_8ef93daf,medium_rotor,1,23213_3df3cb34,medium_rotor,1.0,True
23174_8ef93daf,medium_rotor,2,23409_e27e3b8b,medium_rotor,1.0,True
23174_8ef93daf,medium_rotor,3,22852_dc1dbed6,medium_rotor,1.0,True
23174_8ef93daf,medium_rotor,4,20322_daa5c577,medium_rotor,1.0,True
23174_8ef93daf,medium_rotor,5,22577_cd96733e,medium_rotor,1.0,True
23174_8ef93daf,medium_rotor,6,21974_1997ebc3,medium_rotor,1.0,True
23174_8ef93daf,medium_rotor,7,21594_428d32af,medium_rotor,1.0,True
23174_8ef93daf,medium_rotor,8,23480_3f7a8d50,medium_rotor,1.0,True
23174_8ef93daf,medium_rotor,9,21091_bbf490e7,medium_rotor,1.0,True
23174_8ef93daf,medium_rotor,10,20322_5a8c6077,medium_rotor,1.0,True
22448_1f21757a,medium_rotor,1,23213_3df3cb34,medium_rotor,1.0,True
22448_1f21757a,medium_rotor,2,23409_e27e3b8b,medium_rotor,1.0,True
22448_1f21757a,medium_rotor,3,22852_dc1dbed6,medium_rotor,1.0,True
22448_1f21757a,medium_rotor,4,20322_daa5c577,medium_rotor,1.0,True
22448_1f21757a,medium_rotor,5,22577_cd96733e,medium_rotor,1.0,True
22448_1f21757a,medium_rotor,6,21974_1997ebc3,medium_rotor,1.0,True
22448_1f21757a,medium_rotor,7,21594_428d32af,medium_rotor,1.0,True
22448_1f21757a,medium_rotor,8,23480_3f7a8d50,medium_rotor,1.0,True
22448_1f21757a,medium_rotor,9,21091_bbf490e7,medium_rotor,1.0,True
22448_1f21757a,medium_rotor,10,20322_5a8c6077,medium_rotor,1.0,True
21621_711e1918,medium_rotor,1,23305_2662b29a,medium_rotor,0.999963,True
21621_711e1918,medium_rotor,2,21858_f1409ea2,medium_rotor,0.999949,True
21621_711e1918,medium_rotor,3,21424_9d516e3a,medium_rotor,0.999851,True
21621_711e1918,medium_rotor,4,22017_6d3be48d,medium_rotor,0.999851,True
21621_711e1918,medium_rotor,5,22630_b6010fff,medium_rotor,0.9992,True
21621_711e1918,medium_rotor,6,20431_0088a0dd,medium_rotor,0.998799,True
21621_711e1918,medium_rotor,7,23028_2ca87745,medium_rotor,0.997843,True
21621_711e1918,medium_rotor,8,22082_39503fa6,medium_rotor,0.997345,True
21621_711e1918,medium_rotor,9,22035_101c7ab4,medium_rotor,0.997129,True
21621_711e1918,medium_rotor,10,20239_49b65a55,medium_rotor,0.996026,True
22261_6efe61e3,simple_rotor,1,20910_c64b5d1b,simple_rotor,1.0,True
22261_6efe61e3,simple_rotor,2,20947_115d4058,simple_rotor,1.0,True
22261_6efe61e3,simple_rotor,3,20838_86c931be,simple_rotor,1.0,True
22261_6efe61e3,simple_rotor,4,21570_9cb1d1c4,simple_rotor,1.0,True
22261_6efe61e3,simple_rotor,5,23250_aa321310,simple_rotor,1.0,True
22261_6efe61e3,simple_rotor,6,21615_f2ecc6e8,simple_rotor,0.95,True
22261_6efe61e3,simple_rotor,7,23103_66470b7e,simple_rotor,0.95,True
22261_6efe61e3,simple_rotor,8,21865_c190b734,simple_rotor,0.95,True
22261_6efe61e3,simple_rotor,9,23408_e5fd25ba,simple_rotor,0.95,True
22261_6efe61e3,simple_rotor,10,22746_920025a0,simple_rotor,0.95,True
20495_e8e7e80c,simple_rotor,1,22747_3f6faf4c,simple_rotor,0.999873,True
20495_e8e7e80c,simple_rotor,2,23342_7193a931,simple_rotor,0.999785,True
20495_e8e7e80c,simple_rotor,3,20232_e5b060d9,simple_rotor,0.999576,True
20495_e8e7e80c,simple_rotor,4,22837_7644c972,simple_rotor,0.998881,True
20495_e8e7e80c,simple_rotor,5,22073_951645ae,simple_rotor,0.998809,True
20495_e8e7e80c,simple_rotor,6,20193_2da4f0a0,simple_rotor,0.998809,True
20495_e8e7e80c,simple_rotor,7,22133_465d7a91,simple_rotor,0.998809,True
20495_e8e7e80c,simple_rotor,8,23265_07de6a0b,simple_rotor,0.998809,True
20495_e8e7e80c,simple_rotor,9,20478_c02790cb,simple_rotor,0.998809,True
20495_e8e7e80c,simple_rotor,10,21469_abec26c4,simple_rotor,0.998809,True
23282_a1b17daa,complex_assembly,1,22357_e2f7b060,complex_assembly,0.999998,True
23282_a1b17daa,complex_assembly,2,21421_fb12b69b,complex_assembly,0.99998,True
23282_a1b17daa,complex_assembly,3,22491_a33562ad,complex_assembly,0.999974,True
23282_a1b17daa,complex_assembly,4,21236_b696e901,complex_assembly,0.999961,True
23282_a1b17daa,complex_assembly,5,23271_f833d903,complex_assembly,0.999938,True
23282_a1b17daa,complex_assembly,6,23123_f35404c4,complex_assembly,0.999917,True
23282_a1b17daa,complex_assembly,7,21918_976c2754,high_complexity_rotor,0.999791,False
23282_a1b17daa,complex_assembly,8,21762_90d34d16,high_complexity_rotor,0.999771,False
23282_a1b17daa,complex_assembly,9,21244_d67bbabc,complex_assembly,0.999591,True
23282_a1b17daa,complex_assembly,10,20787_ed64ff5e,complex_assembly,0.999411,True
22078_1758e9fc,medium_rotor,1,20157_db99ab88,medium_rotor,0.997804,True
22078_1758e9fc,medium_rotor,2,21048_75cc125c,medium_rotor,0.992149,True
22078_1758e9fc,medium_rotor,3,22062_2d6b3b72,medium_rotor,0.970131,True
22078_1758e9fc,medium_rotor,4,20421_83f66ddc,medium_rotor,0.962064,True
22078_1758e9fc,medium_rotor,5,20504_c9e14c9d,medium_rotor,0.95955,True
22078_1758e9fc,medium_rotor,6,22017_6d3be48d,medium_rotor,0.95,True
22078_1758e9fc,medium_rotor,7,20841_1620ae7d,simple_rotor,0.95,False
22078_1758e9fc,medium_rotor,8,22014_5880c417,simple_rotor,0.95,False
22078_1758e9fc,medium_rotor,9,21424_9d516e3a,medium_rotor,0.95,True
22078_1758e9fc,medium_rotor,10,21357_9edfc0a0,simple_rotor,0.95,False
21744_5ae4d9d5,high_complexity_rotor,1,21739_57582b8f,high_complexity_rotor,1.0,True
21744_5ae4d9d5,high_complexity_rotor,2,21093_1bda9bbe,high_complexity_rotor,0.95,True
21744_5ae4d9d5,high_complexity_rotor,3,22402_a62e84b4,high_complexity_rotor,0.95,True
21744_5ae4d9d5,high_complexity_rotor,4,21063_037107dc,high_complexity_rotor,0.95,True
21744_5ae4d9d5,high_complexity_rotor,5,22528_f3370a64,high_complexity_rotor,0.95,True
21744_5ae4d9d5,high_complexity_rotor,6,22910_97f0cc18,high_complexity_rotor,0.95,True
21744_5ae4d9d5,high_complexity_rotor,7,22764_b884dce6,high_complexity_rotor,0.95,True
21744_5ae4d9d5,high_complexity_rotor,8,22405_20f11d58,high_complexity_rotor,0.95,True
21744_5ae4d9d5,high_complexity_rotor,9,23048_8a1a5553,high_complexity_rotor,0.95,True
21744_5ae4d9d5,high_complexity_rotor,10,22890_4ecfa491,high_complexity_rotor,0.95,True
22812_cf865ed1,symmetric_rotor,1,20585_09b72895,symmetric_rotor,0.999999,True
22812_cf865ed1,symmetric_rotor,2,20419_8ce893b6,symmetric_rotor,0.999991,True
22812_cf865ed1,symmetric_rotor,3,21840_6847d36c,symmetric_rotor,0.999991,True
22812_cf865ed1,symmetric_rotor,4,21828_21ab2114,symmetric_rotor,0.999991,True
22812_cf865ed1,symmetric_rotor,5,21133_f9a1614e,symmetric_rotor,0.999984,True
22812_cf865ed1,symmetric_rotor,6,21831_54ca67d1,symmetric_rotor,0.999984,True
22812_cf865ed1,symmetric_rotor,7,22399_97987ada,symmetric_rotor,0.999982,True
22812_cf865ed1,symmetric_rotor,8,21497_9833a679,symmetric_rotor,0.999982,True
22812_cf865ed1,symmetric_rotor,9,23259_d655fcc1,symmetric_rotor,0.999982,True
22812_cf865ed1,symmetric_rotor,10,23178_eb4b4280,symmetric_rotor,0.999982,True
21566_ff590631,medium_rotor,1,23213_3df3cb34,medium_rotor,1.0,True
21566_ff590631,medium_rotor,2,23409_e27e3b8b,medium_rotor,1.0,True
21566_ff590631,medium_rotor,3,22852_dc1dbed6,medium_rotor,1.0,True
21566_ff590631,medium_rotor,4,20322_daa5c577,medium_rotor,1.0,True
21566_ff590631,medium_rotor,5,22577_cd96733e,medium_rotor,1.0,True
21566_ff590631,medium_rotor,6,21974_1997ebc3,medium_rotor,1.0,True
21566_ff590631,medium_rotor,7,21594_428d32af,medium_rotor,1.0,True
21566_ff590631,medium_rotor,8,23480_3f7a8d50,medium_rotor,1.0,True
21566_ff590631,medium_rotor,9,21091_bbf490e7,medium_rotor,1.0,True
21566_ff590631,medium_rotor,10,20322_5a8c6077,medium_rotor,1.0,True
21337_062b39fa,high_complexity_rotor,1,23422_f214bd4d,complex_assembly,0.999991,False
21337_062b39fa,high_complexity_rotor,2,22076_20e8a107,high_complexity_rotor,0.999898,True
21337_062b39fa,high_complexity_rotor,3,21153_a2fb81fe,high_complexity_rotor,0.999701,True
21337_062b39fa,high_complexity_rotor,4,19566_19d85d3b,high_complexity_rotor,0.999701,True
21337_062b39fa,high_complexity_rotor,5,20351_dc6e4e1e,complex_assembly,0.999316,False
21337_062b39fa,high_complexity_rotor,6,7778_3a9748b3,complex_assembly,0.996056,False
21337_062b39fa,high_complexity_rotor,7,20622_38dd90d0,high_complexity_rotor,0.995656,True
21337_062b39fa,high_complexity_rotor,8,23204_ff1672a9,complex_assembly,0.991749,False
21337_062b39fa,high_complexity_rotor,9,22442_7d5c5d5f,high_complexity_rotor,0.991167,True
21337_062b39fa,high_complexity_rotor,10,23376_9b48819a,high_complexity_rotor,0.989604,True
23467_9f431540,high_complexity_rotor,1,21805_2ba39d00,high_complexity_rotor,1.0,True
23467_9f431540,high_complexity_rotor,2,21204_96d26a7f,high_complexity_rotor,0.999981,True
23467_9f431540,high_complexity_rotor,3,23309_76dcf100,high_complexity_rotor,0.999981,True
23467_9f431540,high_complexity_rotor,4,20737_5249e274,high_complexity_rotor,0.999981,True
23467_9f431540,high_complexity_rotor,5,21511_d07c59c2,high_complexity_rotor,0.999978,True
23467_9f431540,high_complexity_rotor,6,22894_5f7c276d,high_complexity_rotor,0.999926,True
23467_9f431540,high_complexity_rotor,7,23233_ac09e2e5,high_complexity_rotor,0.999774,True
23467_9f431540,high_complexity_rotor,8,23258_87a2ba81,high_complexity_rotor,0.999705,True
23467_9f431540,high_complexity_rotor,9,21352_c1101acb,high_complexity_rotor,0.999684,True
23467_9f431540,high_complexity_rotor,10,21977_ce9f4e71,high_complexity_rotor,0.999684,True
22434_2ad62ed6,symmetric_rotor,1,22659_0e686e14,symmetric_rotor,1.0,True
22434_2ad62ed6,symmetric_rotor,2,21692_777db9e2,symmetric_rotor,1.0,True
22434_2ad62ed6,symmetric_rotor,3,21497_9833a679,symmetric_rotor,0.999999,True
22434_2ad62ed6,symmetric_rotor,4,23178_eb4b4280,symmetric_rotor,0.999999,True
22434_2ad62ed6,symmetric_rotor,5,23259_d655fcc1,symmetric_rotor,0.999999,True
22434_2ad62ed6,symmetric_rotor,6,23037_d0df320c,symmetric_rotor,0.999999,True
22434_2ad62ed6,symmetric_rotor,7,21271_ec7f62b8,symmetric_rotor,0.999996,True
22434_2ad62ed6,symmetric_rotor,8,20237_06b27bf5,symmetric_rotor,0.999996,True
22434_2ad62ed6,symmetric_rotor,9,22365_a4eb929c,symmetric_rotor,0.999996,True
22434_2ad62ed6,symmetric_rotor,10,21248_0a862e3e,symmetric_rotor,0.999996,True
22236_db209dff,simple_rotor,1,20384_767d849a,simple_rotor,1.0,True
22236_db209dff,simple_rotor,2,21448_5646a1b6,simple_rotor,0.999991,True
22236_db209dff,simple_rotor,3,21825_ce32b0a0,simple_rotor,0.999982,True
22236_db209dff,simple_rotor,4,22283_36ba29c9,simple_rotor,0.999981,True
22236_db209dff,simple_rotor,5,21564_fa5b2db7,simple_rotor,0.999981,True
22236_db209dff,simple_rotor,6,20989_a261efa3,simple_rotor,0.999981,True
22236_db209dff,simple_rotor,7,20989_885bd9b9,simple_rotor,0.999981,True
22236_db209dff,simple_rotor,8,21384_b9774b93,simple_rotor,0.999978,True
22236_db209dff,simple_rotor,9,20216_89b90993,simple_rotor,0.999927,True
22236_db209dff,simple_rotor,10,20451_557fe5cd,simple_rotor,0.999927,True
20951_2918f2fa,simple_rotor,1,20241_ccb70dc8,simple_rotor,1.0,True
20951_2918f2fa,simple_rotor,2,21451_fea6f0d1,simple_rotor,1.0,True
20951_2918f2fa,simple_rotor,3,21776_fb0bfbc6,simple_rotor,1.0,True
20951_2918f2fa,simple_rotor,4,20241_8c0d3f83,simple_rotor,1.0,True
20951_2918f2fa,simple_rotor,5,22135_2aa77ff2,simple_rotor,1.0,True
20951_2918f2fa,simple_rotor,6,21911_429c1a72,simple_rotor,0.997589,True
20951_2918f2fa,simple_rotor,7,21994_357aac6f,simple_rotor,0.996026,True
20951_2918f2fa,simple_rotor,8,22374_aa5bb54d,simple_rotor,0.994606,True
20951_2918f2fa,simple_rotor,9,20332_0c2a24aa,simple_rotor,0.994606,True
20951_2918f2fa,simple_rotor,10,20756_75f43564,simple_rotor,0.994606,True
21186_d1698d8c,symmetric_rotor,1,22983_0ab3faaf,symmetric_rotor,0.95,True
21186_d1698d8c,symmetric_rotor,2,22892_68138f24,symmetric_rotor,0.95,True
21186_d1698d8c,symmetric_rotor,3,22365_a4eb929c,symmetric_rotor,0.95,True
21186_d1698d8c,symmetric_rotor,4,22155_ab18f2b6,symmetric_rotor,0.95,True
21186_d1698d8c,symmetric_rotor,5,20237_06b27bf5,symmetric_rotor,0.95,True
21186_d1698d8c,symmetric_rotor,6,21248_0a862e3e,symmetric_rotor,0.95,True
21186_d1698d8c,symmetric_rotor,7,21961_1a090a8b,symmetric_rotor,0.95,True
21186_d1698d8c,symmetric_rotor,8,23037_d0df320c,symmetric_rotor,0.949999,True
21186_d1698d8c,symmetric_rotor,9,22057_4947db57,symmetric_rotor,0.949999,True
21186_d1698d8c,symmetric_rotor,10,20926_4c0f33f6,symmetric_rotor,0.949999,True
20609_69f28932,symmetric_rotor,1,22706_58a933f4,symmetric_rotor,0.999999,True
20609_69f28932,symmetric_rotor,2,22049_4da0d894,symmetric_rotor,0.999982,True
20609_69f28932,symmetric_rotor,3,23320_e0711ae9,symmetric_rotor,0.999981,True
20609_69f28932,symmetric_rotor,4,21478_8fbd4409,symmetric_rotor,0.999981,True
20609_69f28932,symmetric_rotor,5,21037_62248d34,symmetric_rotor,0.999981,True
20609_69f28932,symmetric_rotor,6,22399_97987ada,symmetric_rotor,0.999973,True
20609_69f28932,symmetric_rotor,7,21386_e234c6b6,symmetric_rotor,0.999966,True
20609_69f28932,symmetric_rotor,8,22678_ff42f120,symmetric_rotor,0.999957,True
20609_69f28932,symmetric_rotor,9,20419_8ce893b6,symmetric_rotor,0.999927,True
20609_69f28932,symmetric_rotor,10,21840_6847d36c,symmetric_rotor,0.999927,True
22064_e1ba20dd,simple_rotor,1,23184_731e5af0,simple_rotor,1.0,True
22064_e1ba20dd,simple_rotor,2,23006_92c5b990,simple_rotor,1.0,True
22064_e1ba20dd,simple_rotor,3,23351_6104d55d,simple_rotor,1.0,True
22064_e1ba20dd,simple_rotor,4,22746_920025a0,simple_rotor,1.0,True
22064_e1ba20dd,simple_rotor,5,21243_3ec5d732,simple_rotor,1.0,True
22064_e1ba20dd,simple_rotor,6,20342_c140780b,simple_rotor,1.0,True
22064_e1ba20dd,simple_rotor,7,23387_c4aa9424,simple_rotor,1.0,True
22064_e1ba20dd,simple_rotor,8,21793_4ad5e2c0,simple_rotor,1.0,True
22064_e1ba20dd,simple_rotor,9,23163_7b143a6f,simple_rotor,1.0,True
22064_e1ba20dd,simple_rotor,10,23403_e539620b,simple_rotor,1.0,True
21008_a3fec63b,medium_rotor,1,22021_520ec8c3,medium_rotor,1.0,True
21008_a3fec63b,medium_rotor,2,20163_3742f394,medium_rotor,0.999652,True
21008_a3fec63b,medium_rotor,3,21552_4e9c19b1,medium_rotor,0.999568,True
21008_a3fec63b,medium_rotor,4,22035_101c7ab4,medium_rotor,0.999126,True
21008_a3fec63b,medium_rotor,5,22082_39503fa6,medium_rotor,0.999,True
21008_a3fec63b,medium_rotor,6,23028_2ca87745,medium_rotor,0.998653,True
21008_a3fec63b,medium_rotor,7,22017_6d3be48d,medium_rotor,0.994971,True
21008_a3fec63b,medium_rotor,8,21424_9d516e3a,medium_rotor,0.994971,True
21008_a3fec63b,medium_rotor,9,21816_3891a442,medium_rotor,0.994671,True
21008_a3fec63b,medium_rotor,10,23305_2662b29a,medium_rotor,0.994063,True
21739_57582b8f,high_complexity_rotor,1,21744_5ae4d9d5,high_complexity_rotor,1.0,True
21739_57582b8f,high_complexity_rotor,2,21093_1bda9bbe,high_complexity_rotor,0.95,True
21739_57582b8f,high_complexity_rotor,3,22402_a62e84b4,high_complexity_rotor,0.95,True
21739_57582b8f,high_complexity_rotor,4,21063_037107dc,high_complexity_rotor,0.95,True
21739_57582b8f,high_complexity_rotor,5,22528_f3370a64,high_complexity_rotor,0.95,True
21739_57582b8f,high_complexity_rotor,6,22910_97f0cc18,high_complexity_rotor,0.95,True
21739_57582b8f,high_complexity_rotor,7,22764_b884dce6,high_complexity_rotor,0.95,True
21739_57582b8f,high_complexity_rotor,8,22405_20f11d58,high_complexity_rotor,0.95,True
21739_57582b8f,high_complexity_rotor,9,23048_8a1a5553,high_complexity_rotor,0.95,True
21739_57582b8f,high_complexity_rotor,10,22890_4ecfa491,high_complexity_rotor,0.95,True
21990_7bb6efcf,simple_rotor,1,22304_33009be6,simple_rotor,0.999429,True
21990_7bb6efcf,simple_rotor,2,22241_535ad84b,simple_rotor,0.999277,True
21990_7bb6efcf,simple_rotor,3,21810_718ae2fe,simple_rotor,0.999046,True
21990_7bb6efcf,simple_rotor,4,20438_5f344b00,simple_rotor,0.999046,True
21990_7bb6efcf,simple_rotor,5,21448_5646a1b6,simple_rotor,0.998911,True
21990_7bb6efcf,simple_rotor,6,21862_ec534e16,simple_rotor,0.998853,True
21990_7bb6efcf,simple_rotor,7,22367_b4a67e61,simple_rotor,0.998853,True
21990_7bb6efcf,simple_rotor,8,22508_6bb410af,simple_rotor,0.998853,True
21990_7bb6efcf,simple_rotor,9,20731_fbdc7731,simple_rotor,0.998853,True
21990_7bb6efcf,simple_rotor,10,22136_a539c50b,simple_rotor,0.998853,True
22357_e2f7b060,complex_assembly,1,23282_a1b17daa,complex_assembly,0.999998,True
22357_e2f7b060,complex_assembly,2,22491_a33562ad,complex_assembly,0.999986,True
22357_e2f7b060,complex_assembly,3,21421_fb12b69b,complex_assembly,0.999967,True
22357_e2f7b060,complex_assembly,4,23271_f833d903,complex_assembly,0.999957,True
22357_e2f7b060,complex_assembly,5,21236_b696e901,complex_assembly,0.999943,True
22357_e2f7b060,complex_assembly,6,23123_f35404c4,complex_assembly,0.999939,True
22357_e2f7b060,complex_assembly,7,21918_976c2754,high_complexity_rotor,0.999827,False
22357_e2f7b060,complex_assembly,8,21762_90d34d16,high_complexity_rotor,0.999809,False
22357_e2f7b060,complex_assembly,9,21244_d67bbabc,complex_assembly,0.999536,True
22357_e2f7b060,complex_assembly,10,21024_9be3d461,high_complexity_rotor,0.999428,False
23021_047d1f8a,simple_rotor,1,23184_731e5af0,simple_rotor,1.0,True
23021_047d1f8a,simple_rotor,2,23006_92c5b990,simple_rotor,1.0,True
23021_047d1f8a,simple_rotor,3,23351_6104d55d,simple_rotor,1.0,True
23021_047d1f8a,simple_rotor,4,22746_920025a0,simple_rotor,1.0,True
23021_047d1f8a,simple_rotor,5,21243_3ec5d732,simple_rotor,1.0,True
23021_047d1f8a,simple_rotor,6,20342_c140780b,simple_rotor,1.0,True
23021_047d1f8a,simple_rotor,7,23387_c4aa9424,simple_rotor,1.0,True
23021_047d1f8a,simple_rotor,8,21793_4ad5e2c0,simple_rotor,1.0,True
23021_047d1f8a,simple_rotor,9,23163_7b143a6f,simple_rotor,1.0,True
23021_047d1f8a,simple_rotor,10,23403_e539620b,simple_rotor,1.0,True
20812_462bd352,simple_rotor,1,23184_731e5af0,simple_rotor,1.0,True
20812_462bd352,simple_rotor,2,23006_92c5b990,simple_rotor,1.0,True
20812_462bd352,simple_rotor,3,23351_6104d55d,simple_rotor,1.0,True
20812_462bd352,simple_rotor,4,22746_920025a0,simple_rotor,1.0,True
20812_462bd352,simple_rotor,5,21243_3ec5d732,simple_rotor,1.0,True
20812_462bd352,simple_rotor,6,20342_c140780b,simple_rotor,1.0,True
20812_462bd352,simple_rotor,7,23387_c4aa9424,simple_rotor,1.0,True
20812_462bd352,simple_rotor,8,21793_4ad5e2c0,simple_rotor,1.0,True
20812_462bd352,simple_rotor,9,23163_7b143a6f,simple_rotor,1.0,True
20812_462bd352,simple_rotor,10,23403_e539620b,simple_rotor,1.0,True
21119_4f5c95a6,simple_rotor,1,23184_731e5af0,simple_rotor,1.0,True
21119_4f5c95a6,simple_rotor,2,23006_92c5b990,simple_rotor,1.0,True
21119_4f5c95a6,simple_rotor,3,23351_6104d55d,simple_rotor,1.0,True
21119_4f5c95a6,simple_rotor,4,22746_920025a0,simple_rotor,1.0,True
21119_4f5c95a6,simple_rotor,5,21243_3ec5d732,simple_rotor,1.0,True
21119_4f5c95a6,simple_rotor,6,20342_c140780b,simple_rotor,1.0,True
21119_4f5c95a6,simple_rotor,7,23387_c4aa9424,simple_rotor,1.0,True
21119_4f5c95a6,simple_rotor,8,21793_4ad5e2c0,simple_rotor,1.0,True
21119_4f5c95a6,simple_rotor,9,23163_7b143a6f,simple_rotor,1.0,True
21119_4f5c95a6,simple_rotor,10,23403_e539620b,simple_rotor,1.0,True
21174_861bd902,high_complexity_rotor,1,23155_d7305c5f,high_complexity_rotor,0.999991,True
21174_861bd902,high_complexity_rotor,2,22421_19401bdd,high_complexity_rotor,0.999964,True
21174_861bd902,high_complexity_rotor,3,21849_a5f563a6,high_complexity_rotor,0.999946,True
21174_861bd902,high_complexity_rotor,4,20697_d3e106b4,high_complexity_rotor,0.999936,True
21174_861bd902,high_complexity_rotor,5,22417_4a15d62e,high_complexity_rotor,0.999902,True
21174_861bd902,high_complexity_rotor,6,22278_12f1fb79,high_complexity_rotor,0.999901,True
21174_861bd902,high_complexity_rotor,7,23329_6939d5d9,high_complexity_rotor,0.999901,True
21174_861bd902,high_complexity_rotor,8,22168_a84560a9,high_complexity_rotor,0.999882,True
21174_861bd902,high_complexity_rotor,9,21121_1e9e7540,high_complexity_rotor,0.99988,True
21174_861bd902,high_complexity_rotor,10,20799_213bf924,high_complexity_rotor,0.999846,True
22057_4947db57,symmetric_rotor,1,20682_e208cc63,symmetric_rotor,1.0,True
22057_4947db57,symmetric_rotor,2,22311_553b3456,symmetric_rotor,1.0,True
22057_4947db57,symmetric_rotor,3,22762_dcbdd14d,symmetric_rotor,1.0,True
22057_4947db57,symmetric_rotor,4,22983_0ab3faaf,symmetric_rotor,0.999999,True
22057_4947db57,symmetric_rotor,5,20237_06b27bf5,symmetric_rotor,0.999999,True
22057_4947db57,symmetric_rotor,6,22365_a4eb929c,symmetric_rotor,0.999999,True
22057_4947db57,symmetric_rotor,7,21248_0a862e3e,symmetric_rotor,0.999999,True
22057_4947db57,symmetric_rotor,8,22155_ab18f2b6,symmetric_rotor,0.999999,True
22057_4947db57,symmetric_rotor,9,22892_68138f24,symmetric_rotor,0.999999,True
22057_4947db57,symmetric_rotor,10,21961_1a090a8b,symmetric_rotor,0.999999,True
20858_15bdad00,medium_rotor,1,21592_c5e77a82,medium_rotor,0.999863,True
20858_15bdad00,medium_rotor,2,21282_b2d83538,medium_rotor,0.999704,True
20858_15bdad00,medium_rotor,3,22334_677d00e0,medium_rotor,0.999311,True
20858_15bdad00,medium_rotor,4,21429_6d2d3974,medium_rotor,0.999281,True
20858_15bdad00,medium_rotor,5,23501_6c48b3c1,medium_rotor,0.999081,True
20858_15bdad00,medium_rotor,6,23026_e6f08109,medium_rotor,0.999001,True
20858_15bdad00,medium_rotor,7,21092_32622a83,medium_rotor,0.997767,True
20858_15bdad00,medium_rotor,8,21989_a0b5037d,medium_rotor,0.99771,True
20858_15bdad00,medium_rotor,9,20860_b8e9a191,medium_rotor,0.99684,True
20858_15bdad00,medium_rotor,10,22134_5e72e871,medium_rotor,0.995217,True
20384_767d849a,simple_rotor,1,22236_db209dff,simple_rotor,1.0,True
20384_767d849a,simple_rotor,2,21448_5646a1b6,simple_rotor,0.999991,True
20384_767d849a,simple_rotor,3,21825_ce32b0a0,simple_rotor,0.999982,True
20384_767d849a,simple_rotor,4,22283_36ba29c9,simple_rotor,0.999981,True
20384_767d849a,simple_rotor,5,21564_fa5b2db7,simple_rotor,0.999981,True
20384_767d849a,simple_rotor,6,20989_a261efa3,simple_rotor,0.999981,True
20384_767d849a,simple_rotor,7,20989_885bd9b9,simple_rotor,0.999981,True
20384_767d849a,simple_rotor,8,21384_b9774b93,simple_rotor,0.999978,True
20384_767d849a,simple_rotor,9,20451_84d8b290,simple_rotor,0.999927,True
20384_767d849a,simple_rotor,10,20216_89b90993,simple_rotor,0.999927,True
22059_b7d76712,medium_rotor,1,23373_f5dac851,medium_rotor,1.0,True
22059_b7d76712,medium_rotor,2,21224_18ba4aba,medium_rotor,0.999977,True
22059_b7d76712,medium_rotor,3,23044_9a964a68,medium_rotor,0.999964,True
22059_b7d76712,medium_rotor,4,22092_897b0ffa,medium_rotor,0.999957,True
22059_b7d76712,medium_rotor,5,22612_28fe0ac2,medium_rotor,0.999957,True
22059_b7d76712,medium_rotor,6,23451_14c8d09e,medium_rotor,0.999957,True
22059_b7d76712,medium_rotor,7,20281_a29f9a18,medium_rotor,0.999949,True
22059_b7d76712,medium_rotor,8,23322_8f85d82d,medium_rotor,0.999892,True
22059_b7d76712,medium_rotor,9,22046_fe3bae6e,medium_rotor,0.999886,True
22059_b7d76712,medium_rotor,10,21202_e452c491,medium_rotor,0.999869,True
22197_94c66357,medium_rotor,1,22196_e5bf8c9d,medium_rotor,1.0,True
22197_94c66357,medium_rotor,2,22197_66c5655e,medium_rotor,1.0,True
22197_94c66357,medium_rotor,3,22196_0deb2e34,medium_rotor,1.0,True
22197_94c66357,medium_rotor,4,23318_65e3a7c9,medium_rotor,0.998746,True
22197_94c66357,medium_rotor,5,20554_abcb705e,medium_rotor,0.95,True
22197_94c66357,medium_rotor,6,21275_c8049742,medium_rotor,0.95,True
22197_94c66357,medium_rotor,7,22011_0832eefe,medium_rotor,0.95,True
22197_94c66357,medium_rotor,8,22729_232da678,medium_rotor,0.95,True
22197_94c66357,medium_rotor,9,22534_e899f645,medium_rotor,0.95,True
22197_94c66357,medium_rotor,10,20349_a12428da,medium_rotor,0.949998,True
22080_594bcb66,symmetric_rotor,1,20990_0a226634,symmetric_rotor,0.999999,True
22080_594bcb66,symmetric_rotor,2,23438_b1ef78f4,symmetric_rotor,0.999957,True
22080_594bcb66,symmetric_rotor,3,21825_ce32b0a0,simple_rotor,0.95,False
22080_594bcb66,symmetric_rotor,4,21831_54ca67d1,symmetric_rotor,0.95,True
22080_594bcb66,symmetric_rotor,5,21133_f9a1614e,symmetric_rotor,0.95,True
22080_594bcb66,symmetric_rotor,6,21840_6847d36c,symmetric_rotor,0.949999,True
22080_594bcb66,symmetric_rotor,7,21828_21ab2114,symmetric_rotor,0.949999,True
22080_594bcb66,symmetric_rotor,8,20419_8ce893b6,symmetric_rotor,0.949999,True
22080_594bcb66,symmetric_rotor,9,20989_885bd9b9,simple_rotor,0.949999,False
22080_594bcb66,symmetric_rotor,10,20989_a261efa3,simple_rotor,0.949999,False
21450_ea24ffcc,high_complexity_rotor,1,22900_09de4c7a,high_complexity_rotor,1.0,True
21450_ea24ffcc,high_complexity_rotor,2,22910_97f0cc18,high_complexity_rotor,1.0,True
21450_ea24ffcc,high_complexity_rotor,3,22890_4ecfa491,high_complexity_rotor,1.0,True
21450_ea24ffcc,high_complexity_rotor,4,23048_8a1a5553,high_complexity_rotor,1.0,True
21450_ea24ffcc,high_complexity_rotor,5,22405_20f11d58,high_complexity_rotor,1.0,True
21450_ea24ffcc,high_complexity_rotor,6,21063_037107dc,high_complexity_rotor,1.0,True
21450_ea24ffcc,high_complexity_rotor,7,21093_1bda9bbe,high_complexity_rotor,1.0,True
21450_ea24ffcc,high_complexity_rotor,8,22402_a62e84b4,high_complexity_rotor,1.0,True
21450_ea24ffcc,high_complexity_rotor,9,23251_3eb3d2e6,high_complexity_rotor,1.0,True
21450_ea24ffcc,high_complexity_rotor,10,20765_99d0665e,high_complexity_rotor,1.0,True
20799_213bf924,high_complexity_rotor,1,22070_fd1b8e5e,high_complexity_rotor,1.0,True
20799_213bf924,high_complexity_rotor,2,22417_4a15d62e,high_complexity_rotor,0.999984,True
20799_213bf924,high_complexity_rotor,3,22168_a84560a9,high_complexity_rotor,0.999981,True
20799_213bf924,high_complexity_rotor,4,21182_a480d230,high_complexity_rotor,0.999973,True
20799_213bf924,high_complexity_rotor,5,21849_a5f563a6,high_complexity_rotor,0.999973,True
20799_213bf924,high_complexity_rotor,6,21845_dff8b3a1,high_complexity_rotor,0.999966,True
20799_213bf924,high_complexity_rotor,7,21843_effbd24d,high_complexity_rotor,0.999957,True
20799_213bf924,high_complexity_rotor,8,21081_72fa4ad1,high_complexity_rotor,0.999957,True
20799_213bf924,high_complexity_rotor,9,22360_42cd6a21,high_complexity_rotor,0.999933,True
20799_213bf924,high_complexity_rotor,10,20697_d3e106b4,high_complexity_rotor,0.999926,True
20504_c9e14c9d,medium_rotor,1,20421_83f66ddc,medium_rotor,0.999959,True
20504_c9e14c9d,medium_rotor,2,22062_2d6b3b72,medium_rotor,0.999182,True
20504_c9e14c9d,medium_rotor,3,21737_87d83240,medium_rotor,0.998451,True
20504_c9e14c9d,medium_rotor,4,21185_ac5324ba,medium_rotor,0.997392,True
20504_c9e14c9d,medium_rotor,5,23323_075a079e,medium_rotor,0.997281,True
20504_c9e14c9d,medium_rotor,6,22218_2f85f6ae,medium_rotor,0.996975,True
20504_c9e14c9d,medium_rotor,7,21695_1f33863f,medium_rotor,0.996755,True
20504_c9e14c9d,medium_rotor,8,22061_b50b6b66,medium_rotor,0.996461,True
20504_c9e14c9d,medium_rotor,9,20285_b64b1a7e,medium_rotor,0.996461,True
20504_c9e14c9d,medium_rotor,10,21625_d5d4c9a7,medium_rotor,0.995428,True
21533_8837772a,simple_rotor,1,20341_6a1588fb,simple_rotor,0.999892,True
21533_8837772a,simple_rotor,2,20671_33532794,simple_rotor,0.963272,True
21533_8837772a,simple_rotor,3,22053_de30641b,simple_rotor,0.949995,True
21533_8837772a,simple_rotor,4,21015_10304cb9,simple_rotor,0.949983,True
21533_8837772a,simple_rotor,5,23321_c9497b79,simple_rotor,0.949983,True
21533_8837772a,simple_rotor,6,20814_5a2be0fb,simple_rotor,0.949892,True
21533_8837772a,simple_rotor,7,20802_802b7d69,simple_rotor,0.949892,True
21533_8837772a,simple_rotor,8,20332_0c2a24aa,simple_rotor,0.949892,True
21533_8837772a,simple_rotor,9,22377_d490f505,simple_rotor,0.949892,True
21533_8837772a,simple_rotor,10,20340_86125547,simple_rotor,0.949892,True
20436_41b730a3,simple_rotor,1,23215_08a54de0,simple_rotor,1.0,True
20436_41b730a3,simple_rotor,2,20186_f66e4ad3,simple_rotor,1.0,True
20436_41b730a3,simple_rotor,3,22378_234fea2c,simple_rotor,1.0,True
20436_41b730a3,simple_rotor,4,21165_5cb2d287,simple_rotor,1.0,True
20436_41b730a3,simple_rotor,5,22227_aca28ff2,simple_rotor,1.0,True
20436_41b730a3,simple_rotor,6,21588_0c48dc5f,simple_rotor,0.999041,True
20436_41b730a3,simple_rotor,7,21391_78fc6345,simple_rotor,0.998465,True
20436_41b730a3,simple_rotor,8,23341_d5ead6d2,simple_rotor,0.998271,True
20436_41b730a3,simple_rotor,9,22837_7644c972,simple_rotor,0.996005,True
20436_41b730a3,simple_rotor,10,23136_2b469508,simple_rotor,0.994901,True
20229_d1ae2ae3,medium_rotor,1,23213_3df3cb34,medium_rotor,1.0,True
20229_d1ae2ae3,medium_rotor,2,22383_e5f707a7,medium_rotor,1.0,True
20229_d1ae2ae3,medium_rotor,3,22852_dc1dbed6,medium_rotor,1.0,True
20229_d1ae2ae3,medium_rotor,4,20322_daa5c577,medium_rotor,1.0,True
20229_d1ae2ae3,medium_rotor,5,22577_cd96733e,medium_rotor,1.0,True
20229_d1ae2ae3,medium_rotor,6,21974_1997ebc3,medium_rotor,1.0,True
20229_d1ae2ae3,medium_rotor,7,21594_428d32af,medium_rotor,1.0,True
20229_d1ae2ae3,medium_rotor,8,23480_3f7a8d50,medium_rotor,1.0,True
20229_d1ae2ae3,medium_rotor,9,21091_bbf490e7,medium_rotor,1.0,True
20229_d1ae2ae3,medium_rotor,10,20322_5a8c6077,medium_rotor,1.0,True
21244_d67bbabc,complex_assembly,1,20787_ed64ff5e,complex_assembly,0.999984,True
21244_d67bbabc,complex_assembly,2,22581_406c16c4,complex_assembly,0.999933,True
21244_d67bbabc,complex_assembly,3,21236_b696e901,complex_assembly,0.999804,True
21244_d67bbabc,complex_assembly,4,20165_2b088be5,high_complexity_rotor,0.999802,False
21244_d67bbabc,complex_assembly,5,22670_9353c710,complex_assembly,0.999802,True
21244_d67bbabc,complex_assembly,6,21421_fb12b69b,complex_assembly,0.99975,True
21244_d67bbabc,complex_assembly,7,23282_a1b17daa,complex_assembly,0.999591,True
21244_d67bbabc,complex_assembly,8,22357_e2f7b060,complex_assembly,0.999536,True
21244_d67bbabc,complex_assembly,9,22298_51433023,complex_assembly,0.999531,True
21244_d67bbabc,complex_assembly,10,21986_67c5509a,complex_assembly,0.999507,True
23318_65e3a7c9,medium_rotor,1,22196_e5bf8c9d,medium_rotor,0.998746,True
23318_65e3a7c9,medium_rotor,2,22197_66c5655e,medium_rotor,0.998746,True
23318_65e3a7c9,medium_rotor,3,22196_0deb2e34,medium_rotor,0.998746,True
23318_65e3a7c9,medium_rotor,4,22197_94c66357,medium_rotor,0.998746,True
23318_65e3a7c9,medium_rotor,5,20281_a29f9a18,medium_rotor,0.95,True
23318_65e3a7c9,medium_rotor,6,23044_9a964a68,medium_rotor,0.949999,True
23318_65e3a7c9,medium_rotor,7,23322_8f85d82d,medium_rotor,0.949989,True
23318_65e3a7c9,medium_rotor,8,21202_e452c491,medium_rotor,0.949981,True
23318_65e3a7c9,medium_rotor,9,21292_f94bd96b,medium_rotor,0.949974,True
23318_65e3a7c9,medium_rotor,10,23373_f5dac851,medium_rotor,0.949949,True
22893_eb8aa8ac,high_complexity_rotor,1,22416_4cd31921,high_complexity_rotor,1.0,True
22893_eb8aa8ac,high_complexity_rotor,2,22419_dfeb5d33,high_complexity_rotor,0.999999,True
22893_eb8aa8ac,high_complexity_rotor,3,23101_6aec02ee,high_complexity_rotor,0.999999,True
22893_eb8aa8ac,high_complexity_rotor,4,20620_8a5226b4,high_complexity_rotor,0.999999,True
22893_eb8aa8ac,high_complexity_rotor,5,22576_d05619d1,high_complexity_rotor,0.999996,True
22893_eb8aa8ac,high_complexity_rotor,6,21838_5bc448b4,high_complexity_rotor,0.999982,True
22893_eb8aa8ac,high_complexity_rotor,7,21839_a8eb6d34,high_complexity_rotor,0.999981,True
22893_eb8aa8ac,high_complexity_rotor,8,20643_71ad3d26,high_complexity_rotor,0.999978,True
22893_eb8aa8ac,high_complexity_rotor,9,21081_72fa4ad1,high_complexity_rotor,0.999973,True
22893_eb8aa8ac,high_complexity_rotor,10,21843_effbd24d,high_complexity_rotor,0.999973,True
23409_e27e3b8b,medium_rotor,1,23213_3df3cb34,medium_rotor,1.0,True
23409_e27e3b8b,medium_rotor,2,22383_e5f707a7,medium_rotor,1.0,True
23409_e27e3b8b,medium_rotor,3,22852_dc1dbed6,medium_rotor,1.0,True
23409_e27e3b8b,medium_rotor,4,20322_daa5c577,medium_rotor,1.0,True
23409_e27e3b8b,medium_rotor,5,22577_cd96733e,medium_rotor,1.0,True
23409_e27e3b8b,medium_rotor,6,21974_1997ebc3,medium_rotor,1.0,True
23409_e27e3b8b,medium_rotor,7,21594_428d32af,medium_rotor,1.0,True
23409_e27e3b8b,medium_rotor,8,23480_3f7a8d50,medium_rotor,1.0,True
23409_e27e3b8b,medium_rotor,9,21091_bbf490e7,medium_rotor,1.0,True
23409_e27e3b8b,medium_rotor,10,20322_5a8c6077,medium_rotor,1.0,True
22066_308cdcfe,medium_rotor,1,23213_3df3cb34,medium_rotor,1.0,True
22066_308cdcfe,medium_rotor,2,22383_e5f707a7,medium_rotor,1.0,True
22066_308cdcfe,medium_rotor,3,22852_dc1dbed6,medium_rotor,1.0,True
22066_308cdcfe,medium_rotor,4,20322_daa5c577,medium_rotor,1.0,True
22066_308cdcfe,medium_rotor,5,22577_cd96733e,medium_rotor,1.0,True
22066_308cdcfe,medium_rotor,6,21974_1997ebc3,medium_rotor,1.0,True
22066_308cdcfe,medium_rotor,7,21594_428d32af,medium_rotor,1.0,True
22066_308cdcfe,medium_rotor,8,23480_3f7a8d50,medium_rotor,1.0,True
22066_308cdcfe,medium_rotor,9,21091_bbf490e7,medium_rotor,1.0,True
22066_308cdcfe,medium_rotor,10,20322_5a8c6077,medium_rotor,1.0,True
23363_60e39812,medium_rotor,1,22199_8ec9eeb2,medium_rotor,1.0,True
23363_60e39812,medium_rotor,2,23466_1cf60d09,medium_rotor,1.0,True
23363_60e39812,medium_rotor,3,22126_e1cca10f,medium_rotor,1.0,True
23363_60e39812,medium_rotor,4,21528_a5d5490f,medium_rotor,0.999999,True
23363_60e39812,medium_rotor,5,21912_3f74887c,medium_rotor,0.999999,True
23363_60e39812,medium_rotor,6,21009_907a2a95,medium_rotor,0.999998,True
23363_60e39812,medium_rotor,7,22776_facf9bcf,medium_rotor,0.999996,True
23363_60e39812,medium_rotor,8,22002_315afcfc,medium_rotor,0.999993,True
23363_60e39812,medium_rotor,9,23493_57512264,medium_rotor,0.999993,True
23363_60e39812,medium_rotor,10,22666_bdaa1303,medium_rotor,0.999992,True
20737_5249e274,high_complexity_rotor,1,23309_76dcf100,high_complexity_rotor,0.999996,True
20737_5249e274,high_complexity_rotor,2,21204_96d26a7f,high_complexity_rotor,0.999996,True
20737_5249e274,high_complexity_rotor,3,23467_9f431540,high_complexity_rotor,0.999981,True
20737_5249e274,high_complexity_rotor,4,21805_2ba39d00,high_complexity_rotor,0.999981,True
20737_5249e274,high_complexity_rotor,5,21511_d07c59c2,high_complexity_rotor,0.999926,True
20737_5249e274,high_complexity_rotor,6,23233_ac09e2e5,high_complexity_rotor,0.999848,True
20737_5249e274,high_complexity_rotor,7,22894_5f7c276d,high_complexity_rotor,0.999833,True
20737_5249e274,high_complexity_rotor,8,21709_4dd88551,high_complexity_rotor,0.999774,True
20737_5249e274,high_complexity_rotor,9,23258_87a2ba81,high_complexity_rotor,0.999729,True
20737_5249e274,high_complexity_rotor,10,21697_06656699,high_complexity_rotor,0.999648,True
23329_6939d5d9,high_complexity_rotor,1,21121_1e9e7540,high_complexity_rotor,0.999999,True
23329_6939d5d9,high_complexity_rotor,2,20697_d3e106b4,high_complexity_rotor,0.999996,True
23329_6939d5d9,high_complexity_rotor,3,22421_19401bdd,high_complexity_rotor,0.999984,True
23329_6939d5d9,high_complexity_rotor,4,22168_a84560a9,high_complexity_rotor,0.999982,True
23329_6939d5d9,high_complexity_rotor,5,21845_dff8b3a1,high_complexity_rotor,0.999973,True
23329_6939d5d9,high_complexity_rotor,6,21849_a5f563a6,high_complexity_rotor,0.999966,True
23329_6939d5d9,high_complexity_rotor,7,21843_effbd24d,high_complexity_rotor,0.999966,True
23329_6939d5d9,high_complexity_rotor,8,21081_72fa4ad1,high_complexity_rotor,0.999966,True
23329_6939d5d9,high_complexity_rotor,9,22419_dfeb5d33,high_complexity_rotor,0.999964,True
23329_6939d5d9,high_complexity_rotor,10,23155_d7305c5f,high_complexity_rotor,0.999951,True
21884_cc2c39f9,medium_rotor,1,20817_ef63b1a7,medium_rotor,1.0,True
21884_cc2c39f9,medium_rotor,2,20815_b3d9e6c9,medium_rotor,1.0,True
21884_cc2c39f9,medium_rotor,3,23152_6f2706c9,medium_rotor,1.0,True
21884_cc2c39f9,medium_rotor,4,23366_cc0bc28e,medium_rotor,1.0,True
21884_cc2c39f9,medium_rotor,5,21715_53df62c9,medium_rotor,1.0,True
21884_cc2c39f9,medium_rotor,6,21600_0027c6fc,medium_rotor,1.0,True
21884_cc2c39f9,medium_rotor,7,22074_c0265b0d,medium_rotor,1.0,True
21884_cc2c39f9,medium_rotor,8,23354_8182b4eb,medium_rotor,1.0,True
21884_cc2c39f9,medium_rotor,9,20414_a33bd0d7,medium_rotor,1.0,True
21884_cc2c39f9,medium_rotor,10,23238_3c864758,medium_rotor,1.0,True
20231_f54462bb,simple_rotor,1,23184_731e5af0,simple_rotor,1.0,True
20231_f54462bb,simple_rotor,2,23006_92c5b990,simple_rotor,1.0,True
20231_f54462bb,simple_rotor,3,23351_6104d55d,simple_rotor,1.0,True
20231_f54462bb,simple_rotor,4,22746_920025a0,simple_rotor,1.0,True
20231_f54462bb,simple_rotor,5,21243_3ec5d732,simple_rotor,1.0,True
20231_f54462bb,simple_rotor,6,20342_c140780b,simple_rotor,1.0,True
20231_f54462bb,simple_rotor,7,23387_c4aa9424,simple_rotor,1.0,True
20231_f54462bb,simple_rotor,8,21793_4ad5e2c0,simple_rotor,1.0,True
20231_f54462bb,simple_rotor,9,23163_7b143a6f,simple_rotor,1.0,True
20231_f54462bb,simple_rotor,10,23403_e539620b,simple_rotor,1.0,True
20322_5a8c6077,medium_rotor,1,23213_3df3cb34,medium_rotor,1.0,True
20322_5a8c6077,medium_rotor,2,22383_e5f707a7,medium_rotor,1.0,True
20322_5a8c6077,medium_rotor,3,22852_dc1dbed6,medium_rotor,1.0,True
20322_5a8c6077,medium_rotor,4,20322_daa5c577,medium_rotor,1.0,True
20322_5a8c6077,medium_rotor,5,22577_cd96733e,medium_rotor,1.0,True
20322_5a8c6077,medium_rotor,6,21974_1997ebc3,medium_rotor,1.0,True
20322_5a8c6077,medium_rotor,7,21594_428d32af,medium_rotor,1.0,True
20322_5a8c6077,medium_rotor,8,23480_3f7a8d50,medium_rotor,1.0,True
20322_5a8c6077,medium_rotor,9,21091_bbf490e7,medium_rotor,1.0,True
20322_5a8c6077,medium_rotor,10,23417_9a9e9937,medium_rotor,1.0,True
22528_f3370a64,high_complexity_rotor,1,22900_09de4c7a,high_complexity_rotor,1.0,True
22528_f3370a64,high_complexity_rotor,2,23002_4d53fb3f,high_complexity_rotor,1.0,True
22528_f3370a64,high_complexity_rotor,3,22890_4ecfa491,high_complexity_rotor,1.0,True
22528_f3370a64,high_complexity_rotor,4,23048_8a1a5553,high_complexity_rotor,1.0,True
22528_f3370a64,high_complexity_rotor,5,22405_20f11d58,high_complexity_rotor,1.0,True
22528_f3370a64,high_complexity_rotor,6,21063_037107dc,high_complexity_rotor,1.0,True
22528_f3370a64,high_complexity_rotor,7,21093_1bda9bbe,high_complexity_rotor,1.0,True
22528_f3370a64,high_complexity_rotor,8,22402_a62e84b4,high_complexity_rotor,1.0,True
22528_f3370a64,high_complexity_rotor,9,23251_3eb3d2e6,high_complexity_rotor,1.0,True
22528_f3370a64,high_complexity_rotor,10,20765_99d0665e,high_complexity_rotor,1.0,True
22168_a84560a9,high_complexity_rotor,1,21845_dff8b3a1,high_complexity_rotor,0.999991,True
22168_a84560a9,high_complexity_rotor,2,21849_a5f563a6,high_complexity_rotor,0.999984,True
22168_a84560a9,high_complexity_rotor,3,21843_effbd24d,high_complexity_rotor,0.999984,True
22168_a84560a9,high_complexity_rotor,4,21081_72fa4ad1,high_complexity_rotor,0.999984,True
22168_a84560a9,high_complexity_rotor,5,23329_6939d5d9,high_complexity_rotor,0.999982,True
22168_a84560a9,high_complexity_rotor,6,20799_213bf924,high_complexity_rotor,0.999981,True
22168_a84560a9,high_complexity_rotor,7,22070_fd1b8e5e,high_complexity_rotor,0.999981,True
22168_a84560a9,high_complexity_rotor,8,21121_1e9e7540,high_complexity_rotor,0.999981,True
22168_a84560a9,high_complexity_rotor,9,20697_d3e106b4,high_complexity_rotor,0.999978,True
22168_a84560a9,high_complexity_rotor,10,22421_19401bdd,high_complexity_rotor,0.999966,True
21513_50fb4d62,medium_rotor,1,21626_b34008e6,medium_rotor,1.0,True
21513_50fb4d62,medium_rotor,2,20505_017d4cc4,medium_rotor,0.99999,True
21513_50fb4d62,medium_rotor,3,20892_b1f89c8d,medium_rotor,0.999953,True
21513_50fb4d62,medium_rotor,4,21745_56cbe841,medium_rotor,0.999873,True
21513_50fb4d62,medium_rotor,5,20755_4b5e61bf,medium_rotor,0.99987,True
21513_50fb4d62,medium_rotor,6,20989_d1b8b0f8,medium_rotor,0.999827,True
21513_50fb4d62,medium_rotor,7,20688_955aae0c,medium_rotor,0.999827,True
21513_50fb4d62,medium_rotor,8,20899_a8d7c6d5,medium_rotor,0.999813,True
21513_50fb4d62,medium_rotor,9,22980_3cb3bcc8,medium_rotor,0.999785,True
21513_50fb4d62,medium_rotor,10,22228_1c82530b,medium_rotor,0.999779,True
22043_041e1b7c,simple_rotor,1,22270_c6999138,simple_rotor,1.0,True
22043_041e1b7c,simple_rotor,2,21976_807c9b26,simple_rotor,0.999994,True
22043_041e1b7c,simple_rotor,3,21326_ab4d6c43,simple_rotor,0.999934,True
22043_041e1b7c,simple_rotor,4,20647_cea2e07c,simple_rotor,0.999934,True
22043_041e1b7c,simple_rotor,5,20646_4cd14a72,simple_rotor,0.999934,True
22043_041e1b7c,simple_rotor,6,21184_971559b6,simple_rotor,0.999929,True
22043_041e1b7c,simple_rotor,7,22180_ce7c3bd8,simple_rotor,0.999767,True
22043_041e1b7c,simple_rotor,8,20193_2da4f0a0,simple_rotor,0.999594,True
22043_041e1b7c,simple_rotor,9,20478_c02790cb,simple_rotor,0.999594,True
22043_041e1b7c,simple_rotor,10,23265_07de6a0b,simple_rotor,0.999594,True
21224_18ba4aba,medium_rotor,1,22612_28fe0ac2,medium_rotor,0.999997,True
21224_18ba4aba,medium_rotor,2,23451_14c8d09e,medium_rotor,0.999997,True
21224_18ba4aba,medium_rotor,3,22092_897b0ffa,medium_rotor,0.999997,True
21224_18ba4aba,medium_rotor,4,22059_b7d76712,medium_rotor,0.999977,True
21224_18ba4aba,medium_rotor,5,23373_f5dac851,medium_rotor,0.999977,True
21224_18ba4aba,medium_rotor,6,22046_fe3bae6e,medium_rotor,0.999965,True
21224_18ba4aba,medium_rotor,7,20141_b9376856,medium_rotor,0.999952,True
21224_18ba4aba,medium_rotor,8,23041_8d3ea25c,medium_rotor,0.999938,True
21224_18ba4aba,medium_rotor,9,22040_6461a147,medium_rotor,0.999938,True
21224_18ba4aba,medium_rotor,10,21529_93e51dd9,medium_rotor,0.999938,True
20246_40be7668,complex_assembly,1,21991_ab98f156,high_complexity_rotor,0.999985,False
20246_40be7668,complex_assembly,2,20870_dedaef5b,high_complexity_rotor,0.999846,False
20246_40be7668,complex_assembly,3,22081_ab3124af,high_complexity_rotor,0.999483,False
20246_40be7668,complex_assembly,4,22827_f33929ec,high_complexity_rotor,0.999395,False
20246_40be7668,complex_assembly,5,20544_43691724,high_complexity_rotor,0.996795,False
20246_40be7668,complex_assembly,6,20533_0a3e112b,high_complexity_rotor,0.994967,False
20246_40be7668,complex_assembly,7,20746_57a7b346,high_complexity_rotor,0.991716,False
20246_40be7668,complex_assembly,8,22442_7d5c5d5f,high_complexity_rotor,0.991412,False
20246_40be7668,complex_assembly,9,23495_6366269c,high_complexity_rotor,0.990402,False
20246_40be7668,complex_assembly,10,20622_38dd90d0,high_complexity_rotor,0.985431,False
22837_7644c972,simple_rotor,1,23341_d5ead6d2,simple_rotor,0.999531,True
22837_7644c972,simple_rotor,2,22747_3f6faf4c,simple_rotor,0.999508,True
22837_7644c972,simple_rotor,3,21588_0c48dc5f,simple_rotor,0.998959,True
22837_7644c972,simple_rotor,4,20495_e8e7e80c,simple_rotor,0.998881,True
22837_7644c972,simple_rotor,5,23342_7193a931,simple_rotor,0.997685,True
22837_7644c972,simple_rotor,6,20232_e5b060d9,simple_rotor,0.99708,True
22837_7644c972,simple_rotor,7,20436_41b730a3,simple_rotor,0.996005,True
22837_7644c972,simple_rotor,8,21165_5cb2d287,simple_rotor,0.996005,True
22837_7644c972,simple_rotor,9,23215_08a54de0,simple_rotor,0.996005,True
22837_7644c972,simple_rotor,10,20186_f66e4ad3,simple_rotor,0.996005,True
22843_ff77027f,simple_rotor,1,23184_731e5af0,simple_rotor,1.0,True
22843_ff77027f,simple_rotor,2,21793_4ad5e2c0,simple_rotor,1.0,True
22843_ff77027f,simple_rotor,3,23163_7b143a6f,simple_rotor,1.0,True
22843_ff77027f,simple_rotor,4,23403_e539620b,simple_rotor,1.0,True
22843_ff77027f,simple_rotor,5,20908_10574fbf,simple_rotor,1.0,True
22843_ff77027f,simple_rotor,6,22178_976d2411,simple_rotor,1.0,True
22843_ff77027f,simple_rotor,7,21610_5dcf1187,simple_rotor,1.0,True
22843_ff77027f,simple_rotor,8,20376_eefa9511,simple_rotor,1.0,True
22843_ff77027f,simple_rotor,9,20392_8b23d193,simple_rotor,1.0,True
22843_ff77027f,simple_rotor,10,22825_f4c18d65,simple_rotor,1.0,True
23244_34b5f55e,simple_rotor,1,23236_d5867507,simple_rotor,0.999806,True
23244_34b5f55e,simple_rotor,2,23210_f535bfd2,simple_rotor,0.999806,True
23244_34b5f55e,simple_rotor,3,23218_02d26ab4,simple_rotor,0.999761,True
23244_34b5f55e,simple_rotor,4,23219_40625e2c,simple_rotor,0.999447,True
23244_34b5f55e,simple_rotor,5,23209_1592b0a4,simple_rotor,0.999233,True
23244_34b5f55e,simple_rotor,6,23211_3aac9c7e,simple_rotor,0.996325,True
23244_34b5f55e,simple_rotor,7,22073_951645ae,simple_rotor,0.95,True
23244_34b5f55e,simple_rotor,8,19518_f220b68a,simple_rotor,0.95,True
23244_34b5f55e,simple_rotor,9,21469_abec26c4,simple_rotor,0.95,True
23244_34b5f55e,simple_rotor,10,22133_465d7a91,simple_rotor,0.95,True
21840_6847d36c,symmetric_rotor,1,20419_8ce893b6,symmetric_rotor,1.0,True
21840_6847d36c,symmetric_rotor,2,21828_21ab2114,symmetric_rotor,1.0,True
21840_6847d36c,symmetric_rotor,3,21831_54ca67d1,symmetric_rotor,0.999999,True
21840_6847d36c,symmetric_rotor,4,21133_f9a1614e,symmetric_rotor,0.999999,True
21840_6847d36c,symmetric_rotor,5,20585_09b72895,symmetric_rotor,0.999996,True
21840_6847d36c,symmetric_rotor,6,22812_cf865ed1,symmetric_rotor,0.999991,True
21840_6847d36c,symmetric_rotor,7,22049_4da0d894,symmetric_rotor,0.999982,True
21840_6847d36c,symmetric_rotor,8,21248_0a862e3e,symmetric_rotor,0.999982,True
21840_6847d36c,symmetric_rotor,9,22155_ab18f2b6,symmetric_rotor,0.999982,True
21840_6847d36c,symmetric_rotor,10,21961_1a090a8b,symmetric_rotor,0.999982,True
21282_b2d83538,medium_rotor,1,21592_c5e77a82,medium_rotor,0.99997,True
21282_b2d83538,medium_rotor,2,22334_677d00e0,medium_rotor,0.999918,True
21282_b2d83538,medium_rotor,3,23026_e6f08109,medium_rotor,0.999793,True
21282_b2d83538,medium_rotor,4,20858_15bdad00,medium_rotor,0.999704,True
21282_b2d83538,medium_rotor,5,21989_a0b5037d,medium_rotor,0.99906,True
21282_b2d83538,medium_rotor,6,20860_b8e9a191,medium_rotor,0.998478,True
21282_b2d83538,medium_rotor,7,21429_6d2d3974,medium_rotor,0.998062,True
21282_b2d83538,medium_rotor,8,23501_6c48b3c1,medium_rotor,0.997742,True
21282_b2d83538,medium_rotor,9,22383_e5f707a7,medium_rotor,0.997299,True
21282_b2d83538,medium_rotor,10,22617_a286f13c,medium_rotor,0.997299,True
23176_1bf2a2d5,medium_rotor,1,20319_9f53cd7c,medium_rotor,0.999992,True
23176_1bf2a2d5,medium_rotor,2,20182_71b9e491,medium_rotor,0.999981,True
23176_1bf2a2d5,medium_rotor,3,21601_360ce1c7,medium_rotor,0.999981,True
23176_1bf2a2d5,medium_rotor,4,20215_e2eb3082,medium_rotor,0.999981,True
23176_1bf2a2d5,medium_rotor,5,22919_3ee91d1a,medium_rotor,0.999948,True
23176_1bf2a2d5,medium_rotor,6,22474_b10fea1a,medium_rotor,0.999932,True
23176_1bf2a2d5,medium_rotor,7,22072_5163223a,medium_rotor,0.999925,True
23176_1bf2a2d5,medium_rotor,8,19810_f77c5501,medium_rotor,0.999863,True
23176_1bf2a2d5,medium_rotor,9,21539_cfe1f7fd,medium_rotor,0.999723,True
23176_1bf2a2d5,medium_rotor,10,20779_fc5a7c3d,medium_rotor,0.999702,True
23341_d5ead6d2,simple_rotor,1,21588_0c48dc5f,simple_rotor,0.999887,True
23341_d5ead6d2,simple_rotor,2,22837_7644c972,simple_rotor,0.999531,True
23341_d5ead6d2,simple_rotor,3,22378_234fea2c,simple_rotor,0.998271,True
23341_d5ead6d2,simple_rotor,4,22227_aca28ff2,simple_rotor,0.998271,True
23341_d5ead6d2,simple_rotor,5,20436_41b730a3,simple_rotor,0.998271,True
23341_d5ead6d2,simple_rotor,6,21165_5cb2d287,simple_rotor,0.998271,True
23341_d5ead6d2,simple_rotor,7,20186_f66e4ad3,simple_rotor,0.998271,True
23341_d5ead6d2,simple_rotor,8,23215_08a54de0,simple_rotor,0.998271,True
23341_d5ead6d2,simple_rotor,9,22747_3f6faf4c,simple_rotor,0.99808,True
23341_d5ead6d2,simple_rotor,10,20495_e8e7e80c,simple_rotor,0.996965,True
21503_34f299ca,medium_rotor,1,21790_aaf9224a,medium_rotor,0.999878,True
21503_34f299ca,medium_rotor,2,22376_3ebc82a2,medium_rotor,0.999811,True
21503_34f299ca,medium_rotor,3,21365_ab403591,medium_rotor,0.99763,True
21503_34f299ca,medium_rotor,4,22832_731d3b9f,medium_rotor,0.997382,True
21503_34f299ca,medium_rotor,5,22372_e91792a1,medium_rotor,0.997382,True
21503_34f299ca,medium_rotor,6,22680_1f4026f6,medium_rotor,0.997382,True
21503_34f299ca,medium_rotor,7,23331_192866b6,medium_rotor,0.996367,True
21503_34f299ca,medium_rotor,8,20239_49b65a55,medium_rotor,0.996147,True
21503_34f299ca,medium_rotor,9,22987_37973191,medium_rotor,0.993994,True
21503_34f299ca,medium_rotor,10,20431_0088a0dd,medium_rotor,0.991822,True
20322_daa5c577,medium_rotor,1,23213_3df3cb34,medium_rotor,1.0,True
20322_daa5c577,medium_rotor,2,22383_e5f707a7,medium_rotor,1.0,True
20322_daa5c577,medium_rotor,3,22852_dc1dbed6,medium_rotor,1.0,True
20322_daa5c577,medium_rotor,4,22577_cd96733e,medium_rotor,1.0,True
20322_daa5c577,medium_rotor,5,21974_1997ebc3,medium_rotor,1.0,True
20322_daa5c577,medium_rotor,6,21594_428d32af,medium_rotor,1.0,True
20322_daa5c577,medium_rotor,7,23480_3f7a8d50,medium_rotor,1.0,True
20322_daa5c577,medium_rotor,8,21091_bbf490e7,medium_rotor,1.0,True
20322_daa5c577,medium_rotor,9,20322_5a8c6077,medium_rotor,1.0,True
20322_daa5c577,medium_rotor,10,23417_9a9e9937,medium_rotor,1.0,True
21531_79015e13,medium_rotor,1,23213_3df3cb34,medium_rotor,1.0,True
21531_79015e13,medium_rotor,2,22383_e5f707a7,medium_rotor,1.0,True
21531_79015e13,medium_rotor,3,22852_dc1dbed6,medium_rotor,1.0,True
21531_79015e13,medium_rotor,4,22577_cd96733e,medium_rotor,1.0,True
21531_79015e13,medium_rotor,5,21974_1997ebc3,medium_rotor,1.0,True
21531_79015e13,medium_rotor,6,21594_428d32af,medium_rotor,1.0,True
21531_79015e13,medium_rotor,7,23480_3f7a8d50,medium_rotor,1.0,True
21531_79015e13,medium_rotor,8,21091_bbf490e7,medium_rotor,1.0,True
21531_79015e13,medium_rotor,9,20322_5a8c6077,medium_rotor,1.0,True
21531_79015e13,medium_rotor,10,23417_9a9e9937,medium_rotor,1.0,True
22383_e5f707a7,medium_rotor,1,23213_3df3cb34,medium_rotor,1.0,True
22383_e5f707a7,medium_rotor,2,21531_79015e13,medium_rotor,1.0,True
22383_e5f707a7,medium_rotor,3,22852_dc1dbed6,medium_rotor,1.0,True
22383_e5f707a7,medium_rotor,4,22577_cd96733e,medium_rotor,1.0,True
22383_e5f707a7,medium_rotor,5,21974_1997ebc3,medium_rotor,1.0,True
22383_e5f707a7,medium_rotor,6,21594_428d32af,medium_rotor,1.0,True
22383_e5f707a7,medium_rotor,7,23480_3f7a8d50,medium_rotor,1.0,True
22383_e5f707a7,medium_rotor,8,21091_bbf490e7,medium_rotor,1.0,True
22383_e5f707a7,medium_rotor,9,20322_5a8c6077,medium_rotor,1.0,True
22383_e5f707a7,medium_rotor,10,23417_9a9e9937,medium_rotor,1.0,True
20779_fc5a7c3d,medium_rotor,1,22045_ead71aca,medium_rotor,1.0,True
20779_fc5a7c3d,medium_rotor,2,22323_aa6edb8b,medium_rotor,0.999989,True
20779_fc5a7c3d,medium_rotor,3,21816_3891a442,medium_rotor,0.99994,True
20779_fc5a7c3d,medium_rotor,4,22072_5163223a,medium_rotor,0.999926,True
20779_fc5a7c3d,medium_rotor,5,20319_9f53cd7c,medium_rotor,0.999793,True
20779_fc5a7c3d,medium_rotor,6,23176_1bf2a2d5,medium_rotor,0.999702,True
20779_fc5a7c3d,medium_rotor,7,20215_e2eb3082,medium_rotor,0.999531,True
20779_fc5a7c3d,medium_rotor,8,21601_360ce1c7,medium_rotor,0.999531,True
20779_fc5a7c3d,medium_rotor,9,20182_71b9e491,medium_rotor,0.999531,True
20779_fc5a7c3d,medium_rotor,10,22919_3ee91d1a,medium_rotor,0.999399,True
20910_c64b5d1b,simple_rotor,1,23250_aa321310,simple_rotor,1.0,True
20910_c64b5d1b,simple_rotor,2,20947_115d4058,simple_rotor,1.0,True
20910_c64b5d1b,simple_rotor,3,20838_86c931be,simple_rotor,1.0,True
20910_c64b5d1b,simple_rotor,4,22261_6efe61e3,simple_rotor,1.0,True
20910_c64b5d1b,simple_rotor,5,21570_9cb1d1c4,simple_rotor,1.0,True
20910_c64b5d1b,simple_rotor,6,23351_6104d55d,simple_rotor,0.95,True
20910_c64b5d1b,simple_rotor,7,21865_c190b734,simple_rotor,0.95,True
20910_c64b5d1b,simple_rotor,8,23408_e5fd25ba,simple_rotor,0.95,True
20910_c64b5d1b,simple_rotor,9,22746_920025a0,simple_rotor,0.95,True
20910_c64b5d1b,simple_rotor,10,23164_659c91ef,simple_rotor,0.95,True
21453_679a343c,simple_rotor,1,20801_0796e2ee,simple_rotor,0.2,True
21453_679a343c,simple_rotor,2,22058_71feafda,simple_rotor,0.2,True
21453_679a343c,simple_rotor,3,20672_0bc07cce,simple_rotor,0.2,True
21453_679a343c,simple_rotor,4,21616_c6c3347a,simple_rotor,0.2,True
21453_679a343c,simple_rotor,5,23439_18900af2,simple_rotor,0.2,True
21453_679a343c,simple_rotor,6,23435_e1c96b4d,simple_rotor,0.2,True
21453_679a343c,simple_rotor,7,23006_92c5b990,simple_rotor,0.2,True
21453_679a343c,simple_rotor,8,20259_de1ab632,simple_rotor,0.2,True
21453_679a343c,simple_rotor,9,22053_de30641b,simple_rotor,0.2,True
21453_679a343c,simple_rotor,10,20467_f1fcc009,simple_rotor,0.2,True
23158_c7e753c2,simple_rotor,1,21599_80057f94,simple_rotor,0.99993,True
23158_c7e753c2,simple_rotor,2,20934_fe7fbd78,simple_rotor,0.97575,True
23158_c7e753c2,simple_rotor,3,20342_c140780b,simple_rotor,0.97575,True
23158_c7e753c2,simple_rotor,4,21062_c4ed6d45,simple_rotor,0.97575,True
23158_c7e753c2,simple_rotor,5,23387_c4aa9424,simple_rotor,0.97575,True
23158_c7e753c2,simple_rotor,6,21243_3ec5d732,simple_rotor,0.97575,True
23158_c7e753c2,simple_rotor,7,21495_ebbbd369,simple_rotor,0.97575,True
23158_c7e753c2,simple_rotor,8,21793_4ad5e2c0,simple_rotor,0.97575,True
23158_c7e753c2,simple_rotor,9,23103_66470b7e,simple_rotor,0.97575,True
23158_c7e753c2,simple_rotor,10,20220_3de82b2a,simple_rotor,0.97575,True
21856_f84d9348,medium_rotor,1,23213_3df3cb34,medium_rotor,1.0,True
21856_f84d9348,medium_rotor,2,21531_79015e13,medium_rotor,1.0,True
21856_f84d9348,medium_rotor,3,22852_dc1dbed6,medium_rotor,1.0,True
21856_f84d9348,medium_rotor,4,22577_cd96733e,medium_rotor,1.0,True
21856_f84d9348,medium_rotor,5,21974_1997ebc3,medium_rotor,1.0,True
21856_f84d9348,medium_rotor,6,21594_428d32af,medium_rotor,1.0,True
21856_f84d9348,medium_rotor,7,23480_3f7a8d50,medium_rotor,1.0,True
21856_f84d9348,medium_rotor,8,21091_bbf490e7,medium_rotor,1.0,True
21856_f84d9348,medium_rotor,9,20322_5a8c6077,medium_rotor,1.0,True
21856_f84d9348,medium_rotor,10,23417_9a9e9937,medium_rotor,1.0,True
20469_b6211bfd,simple_rotor,1,23184_731e5af0,simple_rotor,1.0,True
20469_b6211bfd,simple_rotor,2,23006_92c5b990,simple_rotor,1.0,True
20469_b6211bfd,simple_rotor,3,23351_6104d55d,simple_rotor,1.0,True
20469_b6211bfd,simple_rotor,4,22746_920025a0,simple_rotor,1.0,True
20469_b6211bfd,simple_rotor,5,21243_3ec5d732,simple_rotor,1.0,True
20469_b6211bfd,simple_rotor,6,20342_c140780b,simple_rotor,1.0,True
20469_b6211bfd,simple_rotor,7,23387_c4aa9424,simple_rotor,1.0,True
20469_b6211bfd,simple_rotor,8,21793_4ad5e2c0,simple_rotor,1.0,True
20469_b6211bfd,simple_rotor,9,23163_7b143a6f,simple_rotor,1.0,True
20469_b6211bfd,simple_rotor,10,23403_e539620b,simple_rotor,1.0,True
22126_e1cca10f,medium_rotor,1,22199_8ec9eeb2,medium_rotor,1.0,True
22126_e1cca10f,medium_rotor,2,21912_3f74887c,medium_rotor,1.0,True
22126_e1cca10f,medium_rotor,3,21528_a5d5490f,medium_rotor,1.0,True
22126_e1cca10f,medium_rotor,4,23363_60e39812,medium_rotor,1.0,True
22126_e1cca10f,medium_rotor,5,21009_907a2a95,medium_rotor,0.999999,True
22126_e1cca10f,medium_rotor,6,23466_1cf60d09,medium_rotor,0.999998,True
22126_e1cca10f,medium_rotor,7,22776_facf9bcf,medium_rotor,0.999998,True
22126_e1cca10f,medium_rotor,8,22002_315afcfc,medium_rotor,0.999996,True
22126_e1cca10f,medium_rotor,9,23493_57512264,medium_rotor,0.999996,True
22126_e1cca10f,medium_rotor,10,22461_0ba0e480,medium_rotor,0.999988,True
20908_10574fbf,simple_rotor,1,23184_731e5af0,simple_rotor,1.0,True
20908_10574fbf,simple_rotor,2,23006_92c5b990,simple_rotor,1.0,True
20908_10574fbf,simple_rotor,3,23351_6104d55d,simple_rotor,1.0,True
20908_10574fbf,simple_rotor,4,22746_920025a0,simple_rotor,1.0,True
20908_10574fbf,simple_rotor,5,21243_3ec5d732,simple_rotor,1.0,True
20908_10574fbf,simple_rotor,6,20342_c140780b,simple_rotor,1.0,True
20908_10574fbf,simple_rotor,7,23387_c4aa9424,simple_rotor,1.0,True
20908_10574fbf,simple_rotor,8,21793_4ad5e2c0,simple_rotor,1.0,True
20908_10574fbf,simple_rotor,9,23163_7b143a6f,simple_rotor,1.0,True
20908_10574fbf,simple_rotor,10,23403_e539620b,simple_rotor,1.0,True
23096_7da0f913,simple_rotor,1,20671_33532794,simple_rotor,0.2,True
23096_7da0f913,simple_rotor,2,21533_8837772a,simple_rotor,0.2,True
23096_7da0f913,simple_rotor,3,20341_6a1588fb,simple_rotor,0.2,True
23096_7da0f913,simple_rotor,4,20385_f2d30908,simple_rotor,0.2,True
23096_7da0f913,simple_rotor,5,20958_94222947,simple_rotor,0.2,True
23096_7da0f913,simple_rotor,6,22732_cd2af0ac,simple_rotor,0.2,True
23096_7da0f913,simple_rotor,7,21634_e5e20375,simple_rotor,0.2,True
23096_7da0f913,simple_rotor,8,20406_dacb0300,simple_rotor,0.15,True
23096_7da0f913,simple_rotor,9,22053_de30641b,simple_rotor,0.15,True
23096_7da0f913,simple_rotor,10,23199_75dc1efd,simple_rotor,0.15,True
22072_5163223a,medium_rotor,1,20319_9f53cd7c,medium_rotor,0.999967,True
22072_5163223a,medium_rotor,2,22045_ead71aca,medium_rotor,0.999926,True
22072_5163223a,medium_rotor,3,20779_fc5a7c3d,medium_rotor,0.999926,True
22072_5163223a,medium_rotor,4,23176_1bf2a2d5,medium_rotor,0.999925,True
22072_5163223a,medium_rotor,5,22323_aa6edb8b,medium_rotor,0.999859,True
22072_5163223a,medium_rotor,6,20182_71b9e491,medium_rotor,0.99983,True
22072_5163223a,medium_rotor,7,21601_360ce1c7,medium_rotor,0.99983,True
22072_5163223a,medium_rotor,8,20215_e2eb3082,medium_rotor,0.99983,True
22072_5163223a,medium_rotor,9,22919_3ee91d1a,medium_rotor,0.999747,True
22072_5163223a,medium_rotor,10,21816_3891a442,medium_rotor,0.999733,True
23120_f7c9092f,medium_rotor,1,23213_3df3cb34,medium_rotor,1.0,True
23120_f7c9092f,medium_rotor,2,21531_79015e13,medium_rotor,1.0,True
23120_f7c9092f,medium_rotor,3,22852_dc1dbed6,medium_rotor,1.0,True
23120_f7c9092f,medium_rotor,4,22577_cd96733e,medium_rotor,1.0,True
23120_f7c9092f,medium_rotor,5,21974_1997ebc3,medium_rotor,1.0,True
23120_f7c9092f,medium_rotor,6,21594_428d32af,medium_rotor,1.0,True
23120_f7c9092f,medium_rotor,7,23480_3f7a8d50,medium_rotor,1.0,True
23120_f7c9092f,medium_rotor,8,21091_bbf490e7,medium_rotor,1.0,True
23120_f7c9092f,medium_rotor,9,20322_5a8c6077,medium_rotor,1.0,True
23120_f7c9092f,medium_rotor,10,23417_9a9e9937,medium_rotor,1.0,True
23438_b1ef78f4,symmetric_rotor,1,22080_594bcb66,symmetric_rotor,0.999957,True
23438_b1ef78f4,symmetric_rotor,2,20990_0a226634,symmetric_rotor,0.999946,True
23438_b1ef78f4,symmetric_rotor,3,21271_ec7f62b8,symmetric_rotor,0.95,True
23438_b1ef78f4,symmetric_rotor,4,23178_eb4b4280,symmetric_rotor,0.949999,True
23438_b1ef78f4,symmetric_rotor,5,20438_5f344b00,simple_rotor,0.949999,False
23438_b1ef78f4,symmetric_rotor,6,23259_d655fcc1,symmetric_rotor,0.949999,True
23438_b1ef78f4,symmetric_rotor,7,21497_9833a679,symmetric_rotor,0.949999,True
23438_b1ef78f4,symmetric_rotor,8,21810_718ae2fe,simple_rotor,0.949999,False
23438_b1ef78f4,symmetric_rotor,9,22141_5db99710,symmetric_rotor,0.949996,True
23438_b1ef78f4,symmetric_rotor,10,21692_777db9e2,symmetric_rotor,0.949996,True
22678_ff42f120,symmetric_rotor,1,21386_e234c6b6,symmetric_rotor,0.999999,True
22678_ff42f120,symmetric_rotor,2,22399_97987ada,symmetric_rotor,0.999996,True
22678_ff42f120,symmetric_rotor,3,22812_cf865ed1,symmetric_rotor,0.999978,True
22678_ff42f120,symmetric_rotor,4,22049_4da0d894,symmetric_rotor,0.999975,True
22678_ff42f120,symmetric_rotor,5,20585_09b72895,symmetric_rotor,0.999973,True
22678_ff42f120,symmetric_rotor,6,22761_ca309655,symmetric_rotor,0.999966,True
22678_ff42f120,symmetric_rotor,7,21478_8fbd4409,symmetric_rotor,0.999964,True
22678_ff42f120,symmetric_rotor,8,21037_62248d34,symmetric_rotor,0.999964,True
22678_ff42f120,symmetric_rotor,9,20609_69f28932,symmetric_rotor,0.999957,True
22678_ff42f120,symmetric_rotor,10,21828_21ab2114,symmetric_rotor,0.999957,True
23194_b675acc0,simple_rotor,1,22981_93f268ae,simple_rotor,0.999986,True
23194_b675acc0,simple_rotor,2,23039_b3d04774,simple_rotor,0.999838,True
23194_b675acc0,simple_rotor,3,19518_f220b68a,simple_rotor,0.996576,True
23194_b675acc0,simple_rotor,4,20940_9777847c,simple_rotor,0.99507,True
23194_b675acc0,simple_rotor,5,20814_5a2be0fb,simple_rotor,0.983136,True
23194_b675acc0,simple_rotor,6,21422_b2a6bf27,simple_rotor,0.958912,True
23194_b675acc0,simple_rotor,7,23211_3aac9c7e,simple_rotor,0.949996,True
23194_b675acc0,simple_rotor,8,22837_7644c972,simple_rotor,0.949911,True
23194_b675acc0,simple_rotor,9,22747_3f6faf4c,simple_rotor,0.949838,True
23194_b675acc0,simple_rotor,10,20495_e8e7e80c,simple_rotor,0.949423,True
20406_dacb0300,simple_rotor,1,23184_731e5af0,simple_rotor,1.0,True
20406_dacb0300,simple_rotor,2,23006_92c5b990,simple_rotor,1.0,True
20406_dacb0300,simple_rotor,3,23351_6104d55d,simple_rotor,1.0,True
20406_dacb0300,simple_rotor,4,22746_920025a0,simple_rotor,1.0,True
20406_dacb0300,simple_rotor,5,21243_3ec5d732,simple_rotor,1.0,True
20406_dacb0300,simple_rotor,6,20342_c140780b,simple_rotor,1.0,True
20406_dacb0300,simple_rotor,7,23387_c4aa9424,simple_rotor,1.0,True
20406_dacb0300,simple_rotor,8,21793_4ad5e2c0,simple_rotor,1.0,True
20406_dacb0300,simple_rotor,9,23163_7b143a6f,simple_rotor,1.0,True
20406_dacb0300,simple_rotor,10,23403_e539620b,simple_rotor,1.0,True
22228_1c82530b,medium_rotor,1,21745_56cbe841,medium_rotor,0.999987,True
22228_1c82530b,medium_rotor,2,22778_7d85debd,medium_rotor,0.999971,True
22228_1c82530b,medium_rotor,3,21539_cfe1f7fd,medium_rotor,0.99996,True
22228_1c82530b,medium_rotor,4,19810_f77c5501,medium_rotor,0.999873,True
22228_1c82530b,medium_rotor,5,20505_017d4cc4,medium_rotor,0.999861,True
22228_1c82530b,medium_rotor,6,22474_b10fea1a,medium_rotor,0.999783,True
22228_1c82530b,medium_rotor,7,21626_b34008e6,medium_rotor,0.999779,True
22228_1c82530b,medium_rotor,8,21513_50fb4d62,medium_rotor,0.999779,True
22228_1c82530b,medium_rotor,9,22919_3ee91d1a,medium_rotor,0.999752,True
22228_1c82530b,medium_rotor,10,20182_71b9e491,medium_rotor,0.999654,True
23199_75dc1efd,simple_rotor,1,23184_731e5af0,simple_rotor,1.0,True
23199_75dc1efd,simple_rotor,2,23006_92c5b990,simple_rotor,1.0,True
23199_75dc1efd,simple_rotor,3,23351_6104d55d,simple_rotor,1.0,True
23199_75dc1efd,simple_rotor,4,22746_920025a0,simple_rotor,1.0,True
23199_75dc1efd,simple_rotor,5,21243_3ec5d732,simple_rotor,1.0,True
23199_75dc1efd,simple_rotor,6,20342_c140780b,simple_rotor,1.0,True
23199_75dc1efd,simple_rotor,7,23387_c4aa9424,simple_rotor,1.0,True
23199_75dc1efd,simple_rotor,8,21793_4ad5e2c0,simple_rotor,1.0,True
23199_75dc1efd,simple_rotor,9,23163_7b143a6f,simple_rotor,1.0,True
23199_75dc1efd,simple_rotor,10,23403_e539620b,simple_rotor,1.0,True
23310_7daded69,high_complexity_rotor,1,20959_d4905d19,high_complexity_rotor,0.999739,True
23310_7daded69,high_complexity_rotor,2,21134_7aa7cd89,high_complexity_rotor,0.99961,True
23310_7daded69,high_complexity_rotor,3,20675_66ac9773,high_complexity_rotor,0.999462,True
23310_7daded69,high_complexity_rotor,4,23378_8d6426ae,high_complexity_rotor,0.999114,True
23310_7daded69,high_complexity_rotor,5,22428_c1ffa51a,high_complexity_rotor,0.99911,True
23310_7daded69,high_complexity_rotor,6,23258_87a2ba81,high_complexity_rotor,0.998981,True
23310_7daded69,high_complexity_rotor,7,19596_fb9531a5,high_complexity_rotor,0.998826,True
23310_7daded69,high_complexity_rotor,8,20818_098cad7c,high_complexity_rotor,0.998798,True
23310_7daded69,high_complexity_rotor,9,21300_ec7da33e,high_complexity_rotor,0.998779,True
23310_7daded69,high_complexity_rotor,10,23377_690165aa,high_complexity_rotor,0.998721,True
21923_41fa6eda,medium_rotor,1,22341_0f9c52ed,medium_rotor,0.999989,True
21923_41fa6eda,medium_rotor,2,20349_a12428da,medium_rotor,0.999964,True
21923_41fa6eda,medium_rotor,3,23132_1847c4ef,medium_rotor,0.999957,True
21923_41fa6eda,medium_rotor,4,20554_abcb705e,medium_rotor,0.999946,True
21923_41fa6eda,medium_rotor,5,21275_c8049742,medium_rotor,0.999946,True
21923_41fa6eda,medium_rotor,6,22534_e899f645,medium_rotor,0.999946,True
21923_41fa6eda,medium_rotor,7,22011_0832eefe,medium_rotor,0.999946,True
21923_41fa6eda,medium_rotor,8,22729_232da678,medium_rotor,0.999946,True
21923_41fa6eda,medium_rotor,9,22440_014f1bac,medium_rotor,0.999876,True
21923_41fa6eda,medium_rotor,10,22666_bdaa1303,medium_rotor,0.999874,True
20788_d25efea2,medium_rotor,1,23213_3df3cb34,medium_rotor,1.0,True
20788_d25efea2,medium_rotor,2,21531_79015e13,medium_rotor,1.0,True
20788_d25efea2,medium_rotor,3,22852_dc1dbed6,medium_rotor,1.0,True
20788_d25efea2,medium_rotor,4,22577_cd96733e,medium_rotor,1.0,True
20788_d25efea2,medium_rotor,5,21974_1997ebc3,medium_rotor,1.0,True
20788_d25efea2,medium_rotor,6,21594_428d32af,medium_rotor,1.0,True
20788_d25efea2,medium_rotor,7,23480_3f7a8d50,medium_rotor,1.0,True
20788_d25efea2,medium_rotor,8,21091_bbf490e7,medium_rotor,1.0,True
20788_d25efea2,medium_rotor,9,20322_5a8c6077,medium_rotor,1.0,True
20788_d25efea2,medium_rotor,10,23417_9a9e9937,medium_rotor,1.0,True
20340_86125547,simple_rotor,1,20188_98b86c0f,simple_rotor,0.994885,True
20340_86125547,simple_rotor,2,22377_d490f505,simple_rotor,0.95,True
20340_86125547,simple_rotor,3,20994_9c88b1ba,simple_rotor,0.95,True
20340_86125547,simple_rotor,4,22374_aa5bb54d,simple_rotor,0.95,True
20340_86125547,simple_rotor,5,20814_5a2be0fb,simple_rotor,0.95,True
20340_86125547,simple_rotor,6,20332_0c2a24aa,simple_rotor,0.95,True
20340_86125547,simple_rotor,7,20341_6a1588fb,simple_rotor,0.95,True
20340_86125547,simple_rotor,8,20803_473c87ac,simple_rotor,0.95,True
20340_86125547,simple_rotor,9,20756_75f43564,simple_rotor,0.95,True
20340_86125547,simple_rotor,10,20802_802b7d69,simple_rotor,0.95,True
21958_e48ddf4e,symmetric_rotor,1,23170_6ea8ded5,symmetric_rotor,0.999999,True
21958_e48ddf4e,symmetric_rotor,2,22312_3f366a4a,symmetric_rotor,0.999996,True
21958_e48ddf4e,symmetric_rotor,3,22141_5db99710,symmetric_rotor,0.999991,True
21958_e48ddf4e,symmetric_rotor,4,22761_ca309655,symmetric_rotor,0.999982,True
21958_e48ddf4e,symmetric_rotor,5,21271_ec7f62b8,symmetric_rotor,0.999975,True
21958_e48ddf4e,symmetric_rotor,6,23259_d655fcc1,symmetric_rotor,0.999964,True
21958_e48ddf4e,symmetric_rotor,7,21497_9833a679,symmetric_rotor,0.999964,True
21958_e48ddf4e,symmetric_rotor,8,23178_eb4b4280,symmetric_rotor,0.999964,True
21958_e48ddf4e,symmetric_rotor,9,21692_777db9e2,symmetric_rotor,0.999951,True
21958_e48ddf4e,symmetric_rotor,10,22659_0e686e14,symmetric_rotor,0.999951,True
16550_e88d6986,simple_rotor,1,23184_731e5af0,simple_rotor,1.0,True
16550_e88d6986,simple_rotor,2,23006_92c5b990,simple_rotor,1.0,True
16550_e88d6986,simple_rotor,3,23351_6104d55d,simple_rotor,1.0,True
16550_e88d6986,simple_rotor,4,22746_920025a0,simple_rotor,1.0,True
16550_e88d6986,simple_rotor,5,21243_3ec5d732,simple_rotor,1.0,True
16550_e88d6986,simple_rotor,6,20342_c140780b,simple_rotor,1.0,True
16550_e88d6986,simple_rotor,7,23387_c4aa9424,simple_rotor,1.0,True
16550_e88d6986,simple_rotor,8,21793_4ad5e2c0,simple_rotor,1.0,True
16550_e88d6986,simple_rotor,9,23163_7b143a6f,simple_rotor,1.0,True
16550_e88d6986,simple_rotor,10,23403_e539620b,simple_rotor,1.0,True
21358_a69a36f3,medium_rotor,1,23213_3df3cb34,medium_rotor,1.0,True
21358_a69a36f3,medium_rotor,2,21531_79015e13,medium_rotor,1.0,True
21358_a69a36f3,medium_rotor,3,22852_dc1dbed6,medium_rotor,1.0,True
21358_a69a36f3,medium_rotor,4,22577_cd96733e,medium_rotor,1.0,True
21358_a69a36f3,medium_rotor,5,21974_1997ebc3,medium_rotor,1.0,True
21358_a69a36f3,medium_rotor,6,21594_428d32af,medium_rotor,1.0,True
21358_a69a36f3,medium_rotor,7,23480_3f7a8d50,medium_rotor,1.0,True
21358_a69a36f3,medium_rotor,8,21091_bbf490e7,medium_rotor,1.0,True
21358_a69a36f3,medium_rotor,9,20322_5a8c6077,medium_rotor,1.0,True
21358_a69a36f3,medium_rotor,10,23417_9a9e9937,medium_rotor,1.0,True
20701_6dcbc975,high_complexity_rotor,1,22533_e7298b05,complex_assembly,0.999978,False
20701_6dcbc975,high_complexity_rotor,2,22430_c6f08b03,complex_assembly,0.999898,False
20701_6dcbc975,high_complexity_rotor,3,22413_901f5867,complex_assembly,0.999797,False
20701_6dcbc975,high_complexity_rotor,4,23195_2629864e,complex_assembly,0.999761,False
20701_6dcbc975,high_complexity_rotor,5,22056_79373464,complex_assembly,0.999443,False
20701_6dcbc975,high_complexity_rotor,6,19051_26735260,high_complexity_rotor,0.999137,True
20701_6dcbc975,high_complexity_rotor,7,22535_0ba01cc9,complex_assembly,0.999111,False
20701_6dcbc975,high_complexity_rotor,8,21244_24c3ce72,complex_assembly,0.998971,False
20701_6dcbc975,high_complexity_rotor,9,20952_b8a54213,complex_assembly,0.9989,False
20701_6dcbc975,high_complexity_rotor,10,22404_66db7dd7,complex_assembly,0.998841,False
21924_bbd9f7a9,high_complexity_rotor,1,23154_7c74d190,high_complexity_rotor,0.999778,True
21924_bbd9f7a9,high_complexity_rotor,2,20245_f1b25d43,high_complexity_rotor,0.999497,True
21924_bbd9f7a9,high_complexity_rotor,3,22428_c1ffa51a,high_complexity_rotor,0.998809,True
21924_bbd9f7a9,high_complexity_rotor,4,23378_8d6426ae,high_complexity_rotor,0.998673,True
21924_bbd9f7a9,high_complexity_rotor,5,23310_7daded69,high_complexity_rotor,0.998291,True
21924_bbd9f7a9,high_complexity_rotor,6,21300_ec7da33e,high_complexity_rotor,0.997958,True
21924_bbd9f7a9,high_complexity_rotor,7,23168_7fdf5427,high_complexity_rotor,0.997407,True
21924_bbd9f7a9,high_complexity_rotor,8,21134_7aa7cd89,high_complexity_rotor,0.996996,True
21924_bbd9f7a9,high_complexity_rotor,9,23217_7c6062e3,high_complexity_rotor,0.996892,True
21924_bbd9f7a9,high_complexity_rotor,10,20745_3e22ad07,high_complexity_rotor,0.996892,True
20451_84d8b290,simple_rotor,1,23103_43bde2a6,simple_rotor,1.0,True
20451_84d8b290,simple_rotor,2,22147_12995368,simple_rotor,1.0,True
20451_84d8b290,simple_rotor,3,20216_89b90993,simple_rotor,1.0,True
20451_84d8b290,simple_rotor,4,20822_5bb36119,simple_rotor,1.0,True
20451_84d8b290,simple_rotor,5,20451_557fe5cd,simple_rotor,1.0,True
20451_84d8b290,simple_rotor,6,20807_88c198d5,simple_rotor,1.0,True
20451_84d8b290,simple_rotor,7,20731_fbdc7731,simple_rotor,0.999999,True
20451_84d8b290,simple_rotor,8,22136_a539c50b,simple_rotor,0.999999,True
20451_84d8b290,simple_rotor,9,21862_ec534e16,simple_rotor,0.999999,True
20451_84d8b290,simple_rotor,10,22367_b4a67e61,simple_rotor,0.999999,True
22085_e039a7d3,medium_rotor,1,21590_7d092186,medium_rotor,0.99999,True
22085_e039a7d3,medium_rotor,2,20278_d442e77d,medium_rotor,0.999101,True
22085_e039a7d3,medium_rotor,3,21202_e452c491,medium_rotor,0.998776,True
22085_e039a7d3,medium_rotor,4,23322_8f85d82d,medium_rotor,0.998701,True
22085_e039a7d3,medium_rotor,5,20281_a29f9a18,medium_rotor,0.998456,True
22085_e039a7d3,medium_rotor,6,23044_9a964a68,medium_rotor,0.998364,True
22085_e039a7d3,medium_rotor,7,22059_b7d76712,medium_rotor,0.997844,True
22085_e039a7d3,medium_rotor,8,23373_f5dac851,medium_rotor,0.997844,True
22085_e039a7d3,medium_rotor,9,21224_18ba4aba,medium_rotor,0.99738,True
22085_e039a7d3,medium_rotor,10,22092_897b0ffa,medium_rotor,0.997191,True
22983_0ab3faaf,symmetric_rotor,1,22365_a4eb929c,symmetric_rotor,1.0,True
22983_0ab3faaf,symmetric_rotor,2,21248_0a862e3e,symmetric_rotor,1.0,True
22983_0ab3faaf,symmetric_rotor,3,22155_ab18f2b6,symmetric_rotor,1.0,True
22983_0ab3faaf,symmetric_rotor,4,21961_1a090a8b,symmetric_rotor,1.0,True
22983_0ab3faaf,symmetric_rotor,5,20237_06b27bf5,symmetric_rotor,1.0,True
22983_0ab3faaf,symmetric_rotor,6,22892_68138f24,symmetric_rotor,1.0,True
22983_0ab3faaf,symmetric_rotor,7,23037_d0df320c,symmetric_rotor,0.999999,True
22983_0ab3faaf,symmetric_rotor,8,22057_4947db57,symmetric_rotor,0.999999,True
22983_0ab3faaf,symmetric_rotor,9,22311_553b3456,symmetric_rotor,0.999999,True
22983_0ab3faaf,symmetric_rotor,10,20682_e208cc63,symmetric_rotor,0.999999,True
20947_115d4058,simple_rotor,1,20910_c64b5d1b,simple_rotor,1.0,True
20947_115d4058,simple_rotor,2,20838_86c931be,simple_rotor,1.0,True
20947_115d4058,simple_rotor,3,22261_6efe61e3,simple_rotor,1.0,True
20947_115d4058,simple_rotor,4,21570_9cb1d1c4,simple_rotor,1.0,True
20947_115d4058,simple_rotor,5,23250_aa321310,simple_rotor,1.0,True
20947_115d4058,simple_rotor,6,21615_f2ecc6e8,simple_rotor,0.95,True
20947_115d4058,simple_rotor,7,21634_e5e20375,simple_rotor,0.95,True
20947_115d4058,simple_rotor,8,23103_66470b7e,simple_rotor,0.95,True
20947_115d4058,simple_rotor,9,21865_c190b734,simple_rotor,0.95,True
20947_115d4058,simple_rotor,10,23408_e5fd25ba,simple_rotor,0.95,True
23045_a8c4e4bc,medium_rotor,1,23213_3df3cb34,medium_rotor,1.0,True
23045_a8c4e4bc,medium_rotor,2,21531_79015e13,medium_rotor,1.0,True
23045_a8c4e4bc,medium_rotor,3,22852_dc1dbed6,medium_rotor,1.0,True
23045_a8c4e4bc,medium_rotor,4,22577_cd96733e,medium_rotor,1.0,True
23045_a8c4e4bc,medium_rotor,5,21974_1997ebc3,medium_rotor,1.0,True
23045_a8c4e4bc,medium_rotor,6,21594_428d32af,medium_rotor,1.0,True
23045_a8c4e4bc,medium_rotor,7,23480_3f7a8d50,medium_rotor,1.0,True
23045_a8c4e4bc,medium_rotor,8,21091_bbf490e7,medium_rotor,1.0,True
23045_a8c4e4bc,medium_rotor,9,20322_5a8c6077,medium_rotor,1.0,True
23045_a8c4e4bc,medium_rotor,10,23417_9a9e9937,medium_rotor,1.0,True
20259_de1ab632,simple_rotor,1,22131_6b4b60f8,simple_rotor,0.999953,True
20259_de1ab632,simple_rotor,2,23321_c9497b79,simple_rotor,0.999907,True
20259_de1ab632,simple_rotor,3,21015_10304cb9,simple_rotor,0.999907,True
20259_de1ab632,simple_rotor,4,22180_ce7c3bd8,simple_rotor,0.999857,True
20259_de1ab632,simple_rotor,5,22053_de30641b,simple_rotor,0.999742,True
20259_de1ab632,simple_rotor,6,20646_4cd14a72,simple_rotor,0.999634,True
20259_de1ab632,simple_rotor,7,20647_cea2e07c,simple_rotor,0.999634,True
20259_de1ab632,simple_rotor,8,21326_ab4d6c43,simple_rotor,0.999634,True
20259_de1ab632,simple_rotor,9,22374_aa5bb54d,simple_rotor,0.999417,True
20259_de1ab632,simple_rotor,10,20803_473c87ac,simple_rotor,0.999417,True
22367_b4a67e61,simple_rotor,1,20731_fbdc7731,simple_rotor,1.0,True
22367_b4a67e61,simple_rotor,2,22508_6bb410af,simple_rotor,1.0,True
22367_b4a67e61,simple_rotor,3,22136_a539c50b,simple_rotor,1.0,True
22367_b4a67e61,simple_rotor,4,21862_ec534e16,simple_rotor,1.0,True
22367_b4a67e61,simple_rotor,5,20451_84d8b290,simple_rotor,0.999999,True
22367_b4a67e61,simple_rotor,6,20822_5bb36119,simple_rotor,0.999999,True
22367_b4a67e61,simple_rotor,7,22147_12995368,simple_rotor,0.999999,True
22367_b4a67e61,simple_rotor,8,20216_89b90993,simple_rotor,0.999999,True
22367_b4a67e61,simple_rotor,9,20451_557fe5cd,simple_rotor,0.999999,True
22367_b4a67e61,simple_rotor,10,20807_88c198d5,simple_rotor,0.999999,True
20849_9821b6fe,medium_rotor,1,23213_3df3cb34,medium_rotor,1.0,True
20849_9821b6fe,medium_rotor,2,21531_79015e13,medium_rotor,1.0,True
20849_9821b6fe,medium_rotor,3,22852_dc1dbed6,medium_rotor,1.0,True
20849_9821b6fe,medium_rotor,4,22577_cd96733e,medium_rotor,1.0,True
20849_9821b6fe,medium_rotor,5,21974_1997ebc3,medium_rotor,1.0,True
20849_9821b6fe,medium_rotor,6,21594_428d32af,medium_rotor,1.0,True
20849_9821b6fe,medium_rotor,7,23480_3f7a8d50,medium_rotor,1.0,True
20849_9821b6fe,medium_rotor,8,21091_bbf490e7,medium_rotor,1.0,True
20849_9821b6fe,medium_rotor,9,20322_5a8c6077,medium_rotor,1.0,True
20849_9821b6fe,medium_rotor,10,23417_9a9e9937,medium_rotor,1.0,True
22469_9d87f800,medium_rotor,1,23213_3df3cb34,medium_rotor,1.0,True
22469_9d87f800,medium_rotor,2,21531_79015e13,medium_rotor,1.0,True
22469_9d87f800,medium_rotor,3,22852_dc1dbed6,medium_rotor,1.0,True
22469_9d87f800,medium_rotor,4,22577_cd96733e,medium_rotor,1.0,True
22469_9d87f800,medium_rotor,5,21974_1997ebc3,medium_rotor,1.0,True
22469_9d87f800,medium_rotor,6,21594_428d32af,medium_rotor,1.0,True
22469_9d87f800,medium_rotor,7,23480_3f7a8d50,medium_rotor,1.0,True
22469_9d87f800,medium_rotor,8,21091_bbf490e7,medium_rotor,1.0,True
22469_9d87f800,medium_rotor,9,20322_5a8c6077,medium_rotor,1.0,True
22469_9d87f800,medium_rotor,10,23417_9a9e9937,medium_rotor,1.0,True
23435_e1c96b4d,simple_rotor,1,23184_731e5af0,simple_rotor,1.0,True
23435_e1c96b4d,simple_rotor,2,23006_92c5b990,simple_rotor,1.0,True
23435_e1c96b4d,simple_rotor,3,23351_6104d55d,simple_rotor,1.0,True
23435_e1c96b4d,simple_rotor,4,22746_920025a0,simple_rotor,1.0,True
23435_e1c96b4d,simple_rotor,5,21243_3ec5d732,simple_rotor,1.0,True
23435_e1c96b4d,simple_rotor,6,20342_c140780b,simple_rotor,1.0,True
23435_e1c96b4d,simple_rotor,7,23387_c4aa9424,simple_rotor,1.0,True
23435_e1c96b4d,simple_rotor,8,21793_4ad5e2c0,simple_rotor,1.0,True
23435_e1c96b4d,simple_rotor,9,23163_7b143a6f,simple_rotor,1.0,True
23435_e1c96b4d,simple_rotor,10,23403_e539620b,simple_rotor,1.0,True
23043_c0827516,medium_rotor,1,23213_3df3cb34,medium_rotor,1.0,True
23043_c0827516,medium_rotor,2,21531_79015e13,medium_rotor,1.0,True
23043_c0827516,medium_rotor,3,22852_dc1dbed6,medium_rotor,1.0,True
23043_c0827516,medium_rotor,4,22577_cd96733e,medium_rotor,1.0,True
23043_c0827516,medium_rotor,5,21974_1997ebc3,medium_rotor,1.0,True
23043_c0827516,medium_rotor,6,21594_428d32af,medium_rotor,1.0,True
23043_c0827516,medium_rotor,7,23480_3f7a8d50,medium_rotor,1.0,True
23043_c0827516,medium_rotor,8,21091_bbf490e7,medium_rotor,1.0,True
23043_c0827516,medium_rotor,9,20322_5a8c6077,medium_rotor,1.0,True
23043_c0827516,medium_rotor,10,23417_9a9e9937,medium_rotor,1.0,True
23154_7c74d190,high_complexity_rotor,1,20245_f1b25d43,high_complexity_rotor,0.999886,True
23154_7c74d190,high_complexity_rotor,2,21924_bbd9f7a9,high_complexity_rotor,0.999778,True
23154_7c74d190,high_complexity_rotor,3,22428_c1ffa51a,high_complexity_rotor,0.998279,True
23154_7c74d190,high_complexity_rotor,4,23378_8d6426ae,high_complexity_rotor,0.998112,True
23154_7c74d190,high_complexity_rotor,5,21300_ec7da33e,high_complexity_rotor,0.997381,True
23154_7c74d190,high_complexity_rotor,6,23310_7daded69,high_complexity_rotor,0.996975,True
23154_7c74d190,high_complexity_rotor,7,23168_7fdf5427,high_complexity_rotor,0.996737,True
23154_7c74d190,high_complexity_rotor,8,23217_7c6062e3,high_complexity_rotor,0.996145,True
23154_7c74d190,high_complexity_rotor,9,20745_3e22ad07,high_complexity_rotor,0.996145,True
23154_7c74d190,high_complexity_rotor,10,23377_690165aa,high_complexity_rotor,0.996002,True
20387_0d507234,medium_rotor,1,23213_3df3cb34,medium_rotor,1.0,True
20387_0d507234,medium_rotor,2,21531_79015e13,medium_rotor,1.0,True
20387_0d507234,medium_rotor,3,22852_dc1dbed6,medium_rotor,1.0,True
20387_0d507234,medium_rotor,4,22577_cd96733e,medium_rotor,1.0,True
20387_0d507234,medium_rotor,5,21974_1997ebc3,medium_rotor,1.0,True
20387_0d507234,medium_rotor,6,21594_428d32af,medium_rotor,1.0,True
20387_0d507234,medium_rotor,7,23480_3f7a8d50,medium_rotor,1.0,True
20387_0d507234,medium_rotor,8,21091_bbf490e7,medium_rotor,1.0,True
20387_0d507234,medium_rotor,9,20322_5a8c6077,medium_rotor,1.0,True
20387_0d507234,medium_rotor,10,23417_9a9e9937,medium_rotor,1.0,True
22862_f5406bb0,simple_rotor,1,21357_9edfc0a0,simple_rotor,1.0,True
22862_f5406bb0,simple_rotor,2,22014_5880c417,simple_rotor,1.0,True
22862_f5406bb0,simple_rotor,3,20841_1620ae7d,simple_rotor,1.0,True
22862_f5406bb0,simple_rotor,4,23136_2b469508,simple_rotor,0.998503,True
22862_f5406bb0,simple_rotor,5,21391_78fc6345,simple_rotor,0.994971,True
22862_f5406bb0,simple_rotor,6,20186_f66e4ad3,simple_rotor,0.987901,True
22862_f5406bb0,simple_rotor,7,22378_234fea2c,simple_rotor,0.987901,True
22862_f5406bb0,simple_rotor,8,21165_5cb2d287,simple_rotor,0.987901,True
22862_f5406bb0,simple_rotor,9,23215_08a54de0,simple_rotor,0.987901,True
22862_f5406bb0,simple_rotor,10,20436_41b730a3,simple_rotor,0.987901,True
22890_4ecfa491,high_complexity_rotor,1,22402_a62e84b4,high_complexity_rotor,1.0,True
22890_4ecfa491,high_complexity_rotor,2,21093_1bda9bbe,high_complexity_rotor,1.0,True
22890_4ecfa491,high_complexity_rotor,3,21926_b4c7068b,high_complexity_rotor,1.0,True
22890_4ecfa491,high_complexity_rotor,4,23251_3eb3d2e6,high_complexity_rotor,1.0,True
22890_4ecfa491,high_complexity_rotor,5,23002_4d53fb3f,high_complexity_rotor,1.0,True
22890_4ecfa491,high_complexity_rotor,6,23130_7417d5b3,high_complexity_rotor,1.0,True
22890_4ecfa491,high_complexity_rotor,7,22193_c8773ded,high_complexity_rotor,1.0,True
22890_4ecfa491,high_complexity_rotor,8,23083_fdb942ac,high_complexity_rotor,1.0,True
22890_4ecfa491,high_complexity_rotor,9,23048_8a1a5553,high_complexity_rotor,1.0,True
22890_4ecfa491,high_complexity_rotor,10,20500_e88d8065,high_complexity_rotor,1.0,True
21625_d5d4c9a7,medium_rotor,1,20285_b64b1a7e,medium_rotor,0.999934,True
21625_d5d4c9a7,medium_rotor,2,22061_b50b6b66,medium_rotor,0.999934,True
21625_d5d4c9a7,medium_rotor,3,21695_1f33863f,medium_rotor,0.999886,True
21625_d5d4c9a7,medium_rotor,4,22218_2f85f6ae,medium_rotor,0.99984,True
21625_d5d4c9a7,medium_rotor,5,23323_075a079e,medium_rotor,0.99976,True
21625_d5d4c9a7,medium_rotor,6,21185_ac5324ba,medium_rotor,0.999726,True
21625_d5d4c9a7,medium_rotor,7,22224_1e749c32,medium_rotor,0.999634,True
21625_d5d4c9a7,medium_rotor,8,21737_87d83240,medium_rotor,0.999201,True
21625_d5d4c9a7,medium_rotor,9,20504_c9e14c9d,medium_rotor,0.995428,True
21625_d5d4c9a7,medium_rotor,10,20421_83f66ddc,medium_rotor,0.994519,True
22216_4b032400,symmetric_rotor,1,23102_211ad1db,symmetric_rotor,1.0,True
22216_4b032400,symmetric_rotor,2,22886_a6331748,symmetric_rotor,1.0,True
22216_4b032400,symmetric_rotor,3,22057_4947db57,symmetric_rotor,0.999999,True
22216_4b032400,symmetric_rotor,4,22311_553b3456,symmetric_rotor,0.999999,True
22216_4b032400,symmetric_rotor,5,22762_dcbdd14d,symmetric_rotor,0.999999,True
22216_4b032400,symmetric_rotor,6,20682_e208cc63,symmetric_rotor,0.999999,True
22216_4b032400,symmetric_rotor,7,20237_06b27bf5,symmetric_rotor,0.999996,True
22216_4b032400,symmetric_rotor,8,22365_a4eb929c,symmetric_rotor,0.999996,True
22216_4b032400,symmetric_rotor,9,21248_0a862e3e,symmetric_rotor,0.999996,True
22216_4b032400,symmetric_rotor,10,22892_68138f24,symmetric_rotor,0.999996,True
21564_fa5b2db7,simple_rotor,1,22283_36ba29c9,simple_rotor,1.0,True
21564_fa5b2db7,simple_rotor,2,21384_b9774b93,simple_rotor,0.999999,True
21564_fa5b2db7,simple_rotor,3,20384_767d849a,simple_rotor,0.999981,True
21564_fa5b2db7,simple_rotor,4,22236_db209dff,simple_rotor,0.999981,True
21564_fa5b2db7,simple_rotor,5,21448_5646a1b6,simple_rotor,0.999978,True
21564_fa5b2db7,simple_rotor,6,21825_ce32b0a0,simple_rotor,0.999926,True
21564_fa5b2db7,simple_rotor,7,20989_885bd9b9,simple_rotor,0.999923,True
21564_fa5b2db7,simple_rotor,8,20989_a261efa3,simple_rotor,0.999923,True
21564_fa5b2db7,simple_rotor,9,22508_6bb410af,simple_rotor,0.999836,True
21564_fa5b2db7,simple_rotor,10,21862_ec534e16,simple_rotor,0.999836,True
21918_976c2754,high_complexity_rotor,1,21762_90d34d16,high_complexity_rotor,1.0,True
21918_976c2754,high_complexity_rotor,2,23123_f35404c4,complex_assembly,0.999971,False
21918_976c2754,high_complexity_rotor,3,23271_f833d903,complex_assembly,0.999957,False
21918_976c2754,high_complexity_rotor,4,22491_a33562ad,complex_assembly,0.999912,False
21918_976c2754,high_complexity_rotor,5,21024_9be3d461,high_complexity_rotor,0.999884,True
21918_976c2754,high_complexity_rotor,6,22357_e2f7b060,complex_assembly,0.999827,False
21918_976c2754,high_complexity_rotor,7,21519_3e869afd,high_complexity_rotor,0.999799,True
21918_976c2754,high_complexity_rotor,8,23282_a1b17daa,complex_assembly,0.999791,False
21918_976c2754,high_complexity_rotor,9,21421_fb12b69b,complex_assembly,0.999644,False
21918_976c2754,high_complexity_rotor,10,20293_a1999339,high_complexity_rotor,0.999642,True
21615_f2ecc6e8,simple_rotor,1,23184_731e5af0,simple_rotor,1.0,True
21615_f2ecc6e8,simple_rotor,2,23006_92c5b990,simple_rotor,1.0,True
21615_f2ecc6e8,simple_rotor,3,23351_6104d55d,simple_rotor,1.0,True
21615_f2ecc6e8,simple_rotor,4,22746_920025a0,simple_rotor,1.0,True
21615_f2ecc6e8,simple_rotor,5,21243_3ec5d732,simple_rotor,1.0,True
21615_f2ecc6e8,simple_rotor,6,20342_c140780b,simple_rotor,1.0,True
21615_f2ecc6e8,simple_rotor,7,23387_c4aa9424,simple_rotor,1.0,True
21615_f2ecc6e8,simple_rotor,8,21793_4ad5e2c0,simple_rotor,1.0,True
21615_f2ecc6e8,simple_rotor,9,23163_7b143a6f,simple_rotor,1.0,True
21615_f2ecc6e8,simple_rotor,10,23403_e539620b,simple_rotor,1.0,True
23164_659c91ef,simple_rotor,1,23184_731e5af0,simple_rotor,1.0,True
23164_659c91ef,simple_rotor,2,23006_92c5b990,simple_rotor,1.0,True
23164_659c91ef,simple_rotor,3,23351_6104d55d,simple_rotor,1.0,True
23164_659c91ef,simple_rotor,4,22746_920025a0,simple_rotor,1.0,True
23164_659c91ef,simple_rotor,5,21243_3ec5d732,simple_rotor,1.0,True
23164_659c91ef,simple_rotor,6,20342_c140780b,simple_rotor,1.0,True
23164_659c91ef,simple_rotor,7,23387_c4aa9424,simple_rotor,1.0,True
23164_659c91ef,simple_rotor,8,21793_4ad5e2c0,simple_rotor,1.0,True
23164_659c91ef,simple_rotor,9,23163_7b143a6f,simple_rotor,1.0,True
23164_659c91ef,simple_rotor,10,23403_e539620b,simple_rotor,1.0,True
21271_ec7f62b8,symmetric_rotor,1,21497_9833a679,symmetric_rotor,0.999999,True
21271_ec7f62b8,symmetric_rotor,2,23259_d655fcc1,symmetric_rotor,0.999999,True
21271_ec7f62b8,symmetric_rotor,3,23178_eb4b4280,symmetric_rotor,0.999999,True
21271_ec7f62b8,symmetric_rotor,4,22141_5db99710,symmetric_rotor,0.999996,True
21271_ec7f62b8,symmetric_rotor,5,22659_0e686e14,symmetric_rotor,0.999996,True
21271_ec7f62b8,symmetric_rotor,6,22434_2ad62ed6,symmetric_rotor,0.999996,True
21271_ec7f62b8,symmetric_rotor,7,21692_777db9e2,symmetric_rotor,0.999996,True
21271_ec7f62b8,symmetric_rotor,8,23037_d0df320c,symmetric_rotor,0.999991,True
21271_ec7f62b8,symmetric_rotor,9,22365_a4eb929c,symmetric_rotor,0.999984,True
21271_ec7f62b8,symmetric_rotor,10,21961_1a090a8b,symmetric_rotor,0.999984,True
22746_920025a0,simple_rotor,1,23184_731e5af0,simple_rotor,1.0,True
22746_920025a0,simple_rotor,2,23006_92c5b990,simple_rotor,1.0,True
22746_920025a0,simple_rotor,3,22349_6f67a96e,simple_rotor,1.0,True
22746_920025a0,simple_rotor,4,23351_6104d55d,simple_rotor,1.0,True
22746_920025a0,simple_rotor,5,21243_3ec5d732,simple_rotor,1.0,True
22746_920025a0,simple_rotor,6,20342_c140780b,simple_rotor,1.0,True
22746_920025a0,simple_rotor,7,23387_c4aa9424,simple_rotor,1.0,True
22746_920025a0,simple_rotor,8,21793_4ad5e2c0,simple_rotor,1.0,True
22746_920025a0,simple_rotor,9,23163_7b143a6f,simple_rotor,1.0,True
22746_920025a0,simple_rotor,10,23403_e539620b,simple_rotor,1.0,True
20429_9dd95c38,simple_rotor,1,20551_ff28a959,simple_rotor,1.0,True
20429_9dd95c38,simple_rotor,2,20806_ca60b7ae,simple_rotor,1.0,True
20429_9dd95c38,simple_rotor,3,22129_48b47c52,simple_rotor,1.0,True
20429_9dd95c38,simple_rotor,4,20946_6573271d,simple_rotor,1.0,True
20429_9dd95c38,simple_rotor,5,21257_770fee9a,simple_rotor,1.0,True
20429_9dd95c38,simple_rotor,6,22154_24342da4,simple_rotor,1.0,True
20429_9dd95c38,simple_rotor,7,22047_5a090f16,simple_rotor,1.0,True
20429_9dd95c38,simple_rotor,8,22140_9cda24cc,simple_rotor,1.0,True
20429_9dd95c38,simple_rotor,9,20429_419c4cdd,simple_rotor,1.0,True
20429_9dd95c38,simple_rotor,10,21665_2e14b6ff,simple_rotor,1.0,True
20806_ca60b7ae,simple_rotor,1,20551_ff28a959,simple_rotor,1.0,True
20806_ca60b7ae,simple_rotor,2,20429_9dd95c38,simple_rotor,1.0,True
20806_ca60b7ae,simple_rotor,3,22129_48b47c52,simple_rotor,1.0,True
20806_ca60b7ae,simple_rotor,4,20946_6573271d,simple_rotor,1.0,True
20806_ca60b7ae,simple_rotor,5,21257_770fee9a,simple_rotor,1.0,True
20806_ca60b7ae,simple_rotor,6,22154_24342da4,simple_rotor,1.0,True
20806_ca60b7ae,simple_rotor,7,22047_5a090f16,simple_rotor,1.0,True
20806_ca60b7ae,simple_rotor,8,22140_9cda24cc,simple_rotor,1.0,True
20806_ca60b7ae,simple_rotor,9,20429_419c4cdd,simple_rotor,1.0,True
20806_ca60b7ae,simple_rotor,10,21665_2e14b6ff,simple_rotor,1.0,True
23178_eb4b4280,symmetric_rotor,1,21497_9833a679,symmetric_rotor,1.0,True
23178_eb4b4280,symmetric_rotor,2,23259_d655fcc1,symmetric_rotor,1.0,True
23178_eb4b4280,symmetric_rotor,3,21271_ec7f62b8,symmetric_rotor,0.999999,True
23178_eb4b4280,symmetric_rotor,4,22434_2ad62ed6,symmetric_rotor,0.999999,True
23178_eb4b4280,symmetric_rotor,5,21692_777db9e2,symmetric_rotor,0.999999,True
23178_eb4b4280,symmetric_rotor,6,22659_0e686e14,symmetric_rotor,0.999999,True
23178_eb4b4280,symmetric_rotor,7,23037_d0df320c,symmetric_rotor,0.999996,True
23178_eb4b4280,symmetric_rotor,8,22141_5db99710,symmetric_rotor,0.999991,True
23178_eb4b4280,symmetric_rotor,9,22892_68138f24,symmetric_rotor,0.999991,True
23178_eb4b4280,symmetric_rotor,10,22155_ab18f2b6,symmetric_rotor,0.999991,True
21478_8fbd4409,symmetric_rotor,1,21037_62248d34,symmetric_rotor,1.0,True
21478_8fbd4409,symmetric_rotor,2,22049_4da0d894,symmetric_rotor,0.999999,True
21478_8fbd4409,symmetric_rotor,3,22399_97987ada,symmetric_rotor,0.999984,True
21478_8fbd4409,symmetric_rotor,4,22706_58a933f4,symmetric_rotor,0.999982,True
21478_8fbd4409,symmetric_rotor,5,21831_54ca67d1,symmetric_rotor,0.999982,True
21478_8fbd4409,symmetric_rotor,6,21133_f9a1614e,symmetric_rotor,0.999982,True
21478_8fbd4409,symmetric_rotor,7,20609_69f28932,symmetric_rotor,0.999981,True
21478_8fbd4409,symmetric_rotor,8,20419_8ce893b6,symmetric_rotor,0.999981,True
21478_8fbd4409,symmetric_rotor,9,21828_21ab2114,symmetric_rotor,0.999981,True
21478_8fbd4409,symmetric_rotor,10,21840_6847d36c,symmetric_rotor,0.999981,True
23511_8651ac1f,high_complexity_rotor,1,22415_658c81dd,complex_assembly,0.983326,False
23511_8651ac1f,high_complexity_rotor,2,20245_f1b25d43,high_complexity_rotor,0.981672,True
23511_8651ac1f,high_complexity_rotor,3,23154_7c74d190,high_complexity_rotor,0.978903,True
23511_8651ac1f,high_complexity_rotor,4,21924_bbd9f7a9,high_complexity_rotor,0.977894,True
23511_8651ac1f,high_complexity_rotor,5,22717_08784417,complex_assembly,0.975786,False
23511_8651ac1f,high_complexity_rotor,6,23310_7daded69,high_complexity_rotor,0.967842,True
23511_8651ac1f,high_complexity_rotor,7,22428_c1ffa51a,high_complexity_rotor,0.966554,True
23511_8651ac1f,high_complexity_rotor,8,23378_8d6426ae,high_complexity_rotor,0.965859,True
23511_8651ac1f,high_complexity_rotor,9,20959_d4905d19,high_complexity_rotor,0.964587,True
23511_8651ac1f,high_complexity_rotor,10,21647_6b6cca6f,complex_assembly,0.96372,False
22372_e91792a1,medium_rotor,1,22832_731d3b9f,medium_rotor,1.0,True
22372_e91792a1,medium_rotor,2,22680_1f4026f6,medium_rotor,1.0,True
22372_e91792a1,medium_rotor,3,23331_192866b6,medium_rotor,0.999917,True
22372_e91792a1,medium_rotor,4,22987_37973191,medium_rotor,0.999305,True
22372_e91792a1,medium_rotor,5,22376_3ebc82a2,medium_rotor,0.998598,True
22372_e91792a1,medium_rotor,6,21790_aaf9224a,medium_rotor,0.998389,True
22372_e91792a1,medium_rotor,7,23368_648717d8,medium_rotor,0.997777,True
22372_e91792a1,medium_rotor,8,21503_34f299ca,medium_rotor,0.997382,True
22372_e91792a1,medium_rotor,9,23413_6702ec7f,medium_rotor,0.99186,True
22372_e91792a1,medium_rotor,10,21365_ab403591,medium_rotor,0.990045,True
21634_e5e20375,simple_rotor,1,20958_94222947,simple_rotor,1.0,True
21634_e5e20375,simple_rotor,2,20385_f2d30908,simple_rotor,1.0,True
21634_e5e20375,simple_rotor,3,22732_cd2af0ac,simple_rotor,1.0,True
21634_e5e20375,simple_rotor,4,21581_8f948e0b,simple_rotor,0.95,True
21634_e5e20375,simple_rotor,5,22746_920025a0,simple_rotor,0.95,True
21634_e5e20375,simple_rotor,6,23351_6104d55d,simple_rotor,0.95,True
21634_e5e20375,simple_rotor,7,23164_659c91ef,simple_rotor,0.95,True
21634_e5e20375,simple_rotor,8,21615_f2ecc6e8,simple_rotor,0.95,True
21634_e5e20375,simple_rotor,9,21613_d57e983a,simple_rotor,0.95,True
21634_e5e20375,simple_rotor,10,23250_aa321310,simple_rotor,0.95,True
22430_c6f08b03,complex_assembly,1,22533_e7298b05,complex_assembly,0.99997,True
22430_c6f08b03,complex_assembly,2,20701_6dcbc975,high_complexity_rotor,0.999898,False
22430_c6f08b03,complex_assembly,3,22056_79373464,complex_assembly,0.999818,True
22430_c6f08b03,complex_assembly,4,21244_24c3ce72,complex_assembly,0.999518,True
22430_c6f08b03,complex_assembly,5,22404_66db7dd7,complex_assembly,0.999427,True
22430_c6f08b03,complex_assembly,6,22413_901f5867,complex_assembly,0.999406,True
22430_c6f08b03,complex_assembly,7,23195_2629864e,complex_assembly,0.999346,True
22430_c6f08b03,complex_assembly,8,23226_8d1b5098,complex_assembly,0.99917,True
22430_c6f08b03,complex_assembly,9,19051_26735260,high_complexity_rotor,0.99844,False
22430_c6f08b03,complex_assembly,10,22535_0ba01cc9,complex_assembly,0.998407,True
22461_0ba0e480,medium_rotor,1,22002_315afcfc,medium_rotor,0.999998,True
22461_0ba0e480,medium_rotor,2,23493_57512264,medium_rotor,0.999998,True
22461_0ba0e480,medium_rotor,3,22776_facf9bcf,medium_rotor,0.999996,True
22461_0ba0e480,medium_rotor,4,21009_907a2a95,medium_rotor,0.999993,True
22461_0ba0e480,medium_rotor,5,21912_3f74887c,medium_rotor,0.999991,True
22461_0ba0e480,medium_rotor,6,21528_a5d5490f,medium_rotor,0.999991,True
22461_0ba0e480,medium_rotor,7,23049_207a41f0,medium_rotor,0.999989,True
22461_0ba0e480,medium_rotor,8,23372_4cb88567,medium_rotor,0.999989,True
22461_0ba0e480,medium_rotor,9,22126_e1cca10f,medium_rotor,0.999988,True
22461_0ba0e480,medium_rotor,10,22199_8ec9eeb2,medium_rotor,0.999986,True
23305_2662b29a,medium_rotor,1,21621_711e1918,medium_rotor,0.999963,True
23305_2662b29a,medium_rotor,2,22017_6d3be48d,medium_rotor,0.999962,True
23305_2662b29a,medium_rotor,3,21424_9d516e3a,medium_rotor,0.999962,True
23305_2662b29a,medium_rotor,4,21858_f1409ea2,medium_rotor,0.999825,True
23305_2662b29a,medium_rotor,5,22630_b6010fff,medium_rotor,0.998821,True
23305_2662b29a,medium_rotor,6,23028_2ca87745,medium_rotor,0.998369,True
23305_2662b29a,medium_rotor,7,20431_0088a0dd,medium_rotor,0.998343,True
23305_2662b29a,medium_rotor,8,22082_39503fa6,medium_rotor,0.997932,True
23305_2662b29a,medium_rotor,9,22035_101c7ab4,medium_rotor,0.997742,True
23305_2662b29a,medium_rotor,10,20163_3742f394,medium_rotor,0.996588,True
23163_7b143a6f,simple_rotor,1,23184_731e5af0,simple_rotor,1.0,True
23163_7b143a6f,simple_rotor,2,23006_92c5b990,simple_rotor,1.0,True
23163_7b143a6f,simple_rotor,3,22349_6f67a96e,simple_rotor,1.0,True
23163_7b143a6f,simple_rotor,4,22746_920025a0,simple_rotor,1.0,True
23163_7b143a6f,simple_rotor,5,23351_6104d55d,simple_rotor,1.0,True
23163_7b143a6f,simple_rotor,6,21243_3ec5d732,simple_rotor,1.0,True
23163_7b143a6f,simple_rotor,7,20342_c140780b,simple_rotor,1.0,True
23163_7b143a6f,simple_rotor,8,23387_c4aa9424,simple_rotor,1.0,True
23163_7b143a6f,simple_rotor,9,21793_4ad5e2c0,simple_rotor,1.0,True
23163_7b143a6f,simple_rotor,10,23403_e539620b,simple_rotor,1.0,True
20970_d20c6c35,symmetric_rotor,1,21176_b5c72bfb,symmetric_rotor,0.999981,True
20970_d20c6c35,symmetric_rotor,2,20926_4c0f33f6,symmetric_rotor,0.999071,True
20970_d20c6c35,symmetric_rotor,3,23127_38d73061,symmetric_rotor,0.949982,True
20970_d20c6c35,symmetric_rotor,4,7780_6c885e81,symmetric_rotor,0.949978,True
20970_d20c6c35,symmetric_rotor,5,23221_42f37ae3,symmetric_rotor,0.949975,True
20970_d20c6c35,symmetric_rotor,6,22259_613f9d44,symmetric_rotor,0.949923,True
20970_d20c6c35,symmetric_rotor,7,23468_a0bfb573,symmetric_rotor,0.94992,True
20970_d20c6c35,symmetric_rotor,8,21490_d07ff9f8,symmetric_rotor,0.949918,True
20970_d20c6c35,symmetric_rotor,9,21467_67965037,symmetric_rotor,0.949918,True
20970_d20c6c35,symmetric_rotor,10,22095_af226cbc,symmetric_rotor,0.949836,True
23218_02d26ab4,simple_rotor,1,23236_d5867507,simple_rotor,0.999998,True
23218_02d26ab4,simple_rotor,2,23210_f535bfd2,simple_rotor,0.999998,True
23218_02d26ab4,simple_rotor,3,23209_1592b0a4,simple_rotor,0.99985,True
23218_02d26ab4,simple_rotor,4,23244_34b5f55e,simple_rotor,0.999761,True
23218_02d26ab4,simple_rotor,5,23219_40625e2c,simple_rotor,0.99848,True
23218_02d26ab4,simple_rotor,6,23211_3aac9c7e,simple_rotor,0.99796,True
23218_02d26ab4,simple_rotor,7,20232_e5b060d9,simple_rotor,0.949998,True
23218_02d26ab4,simple_rotor,8,23342_7193a931,simple_rotor,0.949981,True
23218_02d26ab4,simple_rotor,9,19518_f220b68a,simple_rotor,0.949761,True
23218_02d26ab4,simple_rotor,10,21469_abec26c4,simple_rotor,0.949761,True
22987_37973191,medium_rotor,1,23331_192866b6,medium_rotor,0.999703,True
22987_37973191,medium_rotor,2,23368_648717d8,medium_rotor,0.999568,True
22987_37973191,medium_rotor,3,22832_731d3b9f,medium_rotor,0.999305,True
22987_37973191,medium_rotor,4,22680_1f4026f6,medium_rotor,0.999305,True
22987_37973191,medium_rotor,5,22372_e91792a1,medium_rotor,0.999305,True
22987_37973191,medium_rotor,6,22376_3ebc82a2,medium_rotor,0.995931,True
22987_37973191,medium_rotor,7,23413_6702ec7f,medium_rotor,0.995916,True
22987_37973191,medium_rotor,8,21790_aaf9224a,medium_rotor,0.995581,True
22987_37973191,medium_rotor,9,21503_34f299ca,medium_rotor,0.993994,True
22987_37973191,medium_rotor,10,21035_d308c5c4,medium_rotor,0.993413,True
22147_12995368,simple_rotor,1,23103_43bde2a6,simple_rotor,1.0,True
22147_12995368,simple_rotor,2,20451_557fe5cd,simple_rotor,1.0,True
22147_12995368,simple_rotor,3,20451_84d8b290,simple_rotor,1.0,True
22147_12995368,simple_rotor,4,20216_89b90993,simple_rotor,1.0,True
22147_12995368,simple_rotor,5,20822_5bb36119,simple_rotor,1.0,True
22147_12995368,simple_rotor,6,20807_88c198d5,simple_rotor,1.0,True
22147_12995368,simple_rotor,7,20731_fbdc7731,simple_rotor,0.999999,True
22147_12995368,simple_rotor,8,21862_ec534e16,simple_rotor,0.999999,True
22147_12995368,simple_rotor,9,22136_a539c50b,simple_rotor,0.999999,True
22147_12995368,simple_rotor,10,22367_b4a67e61,simple_rotor,0.999999,True
21552_4e9c19b1,medium_rotor,1,22021_520ec8c3,medium_rotor,0.999568,True
21552_4e9c19b1,medium_rotor,2,21008_a3fec63b,medium_rotor,0.999568,True
21552_4e9c19b1,medium_rotor,3,20163_3742f394,medium_rotor,0.998443,True
21552_4e9c19b1,medium_rotor,4,22035_101c7ab4,medium_rotor,0.997465,True
21552_4e9c19b1,medium_rotor,5,21816_3891a442,medium_rotor,0.997272,True
21552_4e9c19b1,medium_rotor,6,22082_39503fa6,medium_rotor,0.997254,True
21552_4e9c19b1,medium_rotor,7,22323_aa6edb8b,medium_rotor,0.996788,True
21552_4e9c19b1,medium_rotor,8,23028_2ca87745,medium_rotor,0.996695,True
21552_4e9c19b1,medium_rotor,9,22045_ead71aca,medium_rotor,0.996405,True
21552_4e9c19b1,medium_rotor,10,20779_fc5a7c3d,medium_rotor,0.996405,True
21582_a3d32115,complex_assembly,1,21545_4384f96e,complex_assembly,0.999999,True
21582_a3d32115,complex_assembly,2,23235_f9ccb8b0,complex_assembly,0.999998,True
21582_a3d32115,complex_assembly,3,20952_b8a54213,complex_assembly,0.999971,True
21582_a3d32115,complex_assembly,4,21986_67c5509a,complex_assembly,0.999961,True
21582_a3d32115,complex_assembly,5,22298_51433023,complex_assembly,0.999954,True
21582_a3d32115,complex_assembly,6,22535_0ba01cc9,complex_assembly,0.999924,True
21582_a3d32115,complex_assembly,7,19051_26735260,high_complexity_rotor,0.999917,False
21582_a3d32115,complex_assembly,8,20165_2b088be5,high_complexity_rotor,0.999792,False
21582_a3d32115,complex_assembly,9,22670_9353c710,complex_assembly,0.999792,True
21582_a3d32115,complex_assembly,10,22581_406c16c4,complex_assembly,0.999588,True
21911_429c1a72,simple_rotor,1,21994_357aac6f,simple_rotor,0.999805,True
21911_429c1a72,simple_rotor,2,20332_0c2a24aa,simple_rotor,0.999406,True
21911_429c1a72,simple_rotor,3,20756_75f43564,simple_rotor,0.999406,True
21911_429c1a72,simple_rotor,4,20994_9c88b1ba,simple_rotor,0.999406,True
21911_429c1a72,simple_rotor,5,20802_802b7d69,simple_rotor,0.999406,True
21911_429c1a72,simple_rotor,6,22377_d490f505,simple_rotor,0.999406,True
21911_429c1a72,simple_rotor,7,20803_473c87ac,simple_rotor,0.999406,True
21911_429c1a72,simple_rotor,8,22374_aa5bb54d,simple_rotor,0.999406,True
21911_429c1a72,simple_rotor,9,22053_de30641b,simple_rotor,0.998947,True
21911_429c1a72,simple_rotor,10,21015_10304cb9,simple_rotor,0.998488,True
20657_913a7675,medium_rotor,1,23213_3df3cb34,medium_rotor,1.0,True
20657_913a7675,medium_rotor,2,21531_79015e13,medium_rotor,1.0,True
20657_913a7675,medium_rotor,3,22852_dc1dbed6,medium_rotor,1.0,True
20657_913a7675,medium_rotor,4,22577_cd96733e,medium_rotor,1.0,True
20657_913a7675,medium_rotor,5,21974_1997ebc3,medium_rotor,1.0,True
20657_913a7675,medium_rotor,6,21594_428d32af,medium_rotor,1.0,True
20657_913a7675,medium_rotor,7,23480_3f7a8d50,medium_rotor,1.0,True
20657_913a7675,medium_rotor,8,21091_bbf490e7,medium_rotor,1.0,True
20657_913a7675,medium_rotor,9,20322_5a8c6077,medium_rotor,1.0,True
20657_913a7675,medium_rotor,10,23417_9a9e9937,medium_rotor,1.0,True
21926_b4c7068b,high_complexity_rotor,1,22402_a62e84b4,high_complexity_rotor,1.0,True
21926_b4c7068b,high_complexity_rotor,2,21093_1bda9bbe,high_complexity_rotor,1.0,True
21926_b4c7068b,high_complexity_rotor,3,23251_3eb3d2e6,high_complexity_rotor,1.0,True
21926_b4c7068b,high_complexity_rotor,4,23002_4d53fb3f,high_complexity_rotor,1.0,True
21926_b4c7068b,high_complexity_rotor,5,23130_7417d5b3,high_complexity_rotor,1.0,True
21926_b4c7068b,high_complexity_rotor,6,23083_fdb942ac,high_complexity_rotor,1.0,True
21926_b4c7068b,high_complexity_rotor,7,22193_c8773ded,high_complexity_rotor,1.0,True
21926_b4c7068b,high_complexity_rotor,8,23048_8a1a5553,high_complexity_rotor,1.0,True
21926_b4c7068b,high_complexity_rotor,9,20500_e88d8065,high_complexity_rotor,1.0,True
21926_b4c7068b,high_complexity_rotor,10,21063_037107dc,high_complexity_rotor,1.0,True
22732_cd2af0ac,simple_rotor,1,20958_94222947,simple_rotor,1.0,True
22732_cd2af0ac,simple_rotor,2,21634_e5e20375,simple_rotor,1.0,True
22732_cd2af0ac,simple_rotor,3,20385_f2d30908,simple_rotor,1.0,True
22732_cd2af0ac,simple_rotor,4,21119_4f5c95a6,simple_rotor,0.95,True
22732_cd2af0ac,simple_rotor,5,22589_2c8f7c0b,simple_rotor,0.95,True
22732_cd2af0ac,simple_rotor,6,21611_1d3ff1b6,simple_rotor,0.95,True
22732_cd2af0ac,simple_rotor,7,20898_5f5b9bc7,simple_rotor,0.95,True
22732_cd2af0ac,simple_rotor,8,21274_2fb8c3f5,simple_rotor,0.95,True
22732_cd2af0ac,simple_rotor,9,21459_a9de5e5b,simple_rotor,0.95,True
22732_cd2af0ac,simple_rotor,10,23199_75dc1efd,simple_rotor,0.95,True
21049_f644930a,medium_rotor,1,23213_3df3cb34,medium_rotor,1.0,True
21049_f644930a,medium_rotor,2,21531_79015e13,medium_rotor,1.0,True
21049_f644930a,medium_rotor,3,22852_dc1dbed6,medium_rotor,1.0,True
21049_f644930a,medium_rotor,4,22577_cd96733e,medium_rotor,1.0,True
21049_f644930a,medium_rotor,5,21974_1997ebc3,medium_rotor,1.0,True
21049_f644930a,medium_rotor,6,21594_428d32af,medium_rotor,1.0,True
21049_f644930a,medium_rotor,7,23480_3f7a8d50,medium_rotor,1.0,True
21049_f644930a,medium_rotor,8,21091_bbf490e7,medium_rotor,1.0,True
21049_f644930a,medium_rotor,9,20322_5a8c6077,medium_rotor,1.0,True
21049_f644930a,medium_rotor,10,23417_9a9e9937,medium_rotor,1.0,True
22345_bc482c26,medium_rotor,1,23213_3df3cb34,medium_rotor,1.0,True
22345_bc482c26,medium_rotor,2,21531_79015e13,medium_rotor,1.0,True
22345_bc482c26,medium_rotor,3,22852_dc1dbed6,medium_rotor,1.0,True
22345_bc482c26,medium_rotor,4,22577_cd96733e,medium_rotor,1.0,True
22345_bc482c26,medium_rotor,5,21974_1997ebc3,medium_rotor,1.0,True
22345_bc482c26,medium_rotor,6,21594_428d32af,medium_rotor,1.0,True
22345_bc482c26,medium_rotor,7,23480_3f7a8d50,medium_rotor,1.0,True
22345_bc482c26,medium_rotor,8,21091_bbf490e7,medium_rotor,1.0,True
22345_bc482c26,medium_rotor,9,20322_5a8c6077,medium_rotor,1.0,True
22345_bc482c26,medium_rotor,10,23417_9a9e9937,medium_rotor,1.0,True
21697_06656699,high_complexity_rotor,1,21709_4dd88551,high_complexity_rotor,0.999982,True
21697_06656699,high_complexity_rotor,2,20279_aed6b3b3,high_complexity_rotor,0.999952,True
21697_06656699,high_complexity_rotor,3,23233_ac09e2e5,high_complexity_rotor,0.999927,True
21697_06656699,high_complexity_rotor,4,23258_87a2ba81,high_complexity_rotor,0.999774,True
21697_06656699,high_complexity_rotor,5,22652_dc7405ef,high_complexity_rotor,0.999699,True
21697_06656699,high_complexity_rotor,6,23309_76dcf100,high_complexity_rotor,0.999676,True
21697_06656699,high_complexity_rotor,7,21204_96d26a7f,high_complexity_rotor,0.999676,True
21697_06656699,high_complexity_rotor,8,20737_5249e274,high_complexity_rotor,0.999648,True
21697_06656699,high_complexity_rotor,9,23467_9f431540,high_complexity_rotor,0.9995,True
21697_06656699,high_complexity_rotor,10,21805_2ba39d00,high_complexity_rotor,0.9995,True
20412_42170125,simple_rotor,1,20801_0796e2ee,simple_rotor,0.2,True
20412_42170125,simple_rotor,2,22378_234fea2c,simple_rotor,0.2,True
20412_42170125,simple_rotor,3,21616_c6c3347a,simple_rotor,0.2,True
20412_42170125,simple_rotor,4,23439_18900af2,simple_rotor,0.2,True
20412_42170125,simple_rotor,5,23006_92c5b990,simple_rotor,0.2,True
20412_42170125,simple_rotor,6,23435_e1c96b4d,simple_rotor,0.2,True
20412_42170125,simple_rotor,7,22053_de30641b,simple_rotor,0.2,True
20412_42170125,simple_rotor,8,20259_de1ab632,simple_rotor,0.2,True
20412_42170125,simple_rotor,9,22891_b8c84495,simple_rotor,0.2,True
20412_42170125,simple_rotor,10,20467_f1fcc009,simple_rotor,0.2,True
21845_dff8b3a1,high_complexity_rotor,1,21081_72fa4ad1,high_complexity_rotor,0.999999,True
21845_dff8b3a1,high_complexity_rotor,2,21843_effbd24d,high_complexity_rotor,0.999999,True
21845_dff8b3a1,high_complexity_rotor,3,22168_a84560a9,high_complexity_rotor,0.999991,True
21845_dff8b3a1,high_complexity_rotor,4,21838_5bc448b4,high_complexity_rotor,0.999984,True
21845_dff8b3a1,high_complexity_rotor,5,21121_1e9e7540,high_complexity_rotor,0.999978,True
21845_dff8b3a1,high_complexity_rotor,6,21839_a8eb6d34,high_complexity_rotor,0.999975,True
21845_dff8b3a1,high_complexity_rotor,7,23329_6939d5d9,high_complexity_rotor,0.999973,True
21845_dff8b3a1,high_complexity_rotor,8,22419_dfeb5d33,high_complexity_rotor,0.999973,True
21845_dff8b3a1,high_complexity_rotor,9,20799_213bf924,high_complexity_rotor,0.999966,True
21845_dff8b3a1,high_complexity_rotor,10,22070_fd1b8e5e,high_complexity_rotor,0.999966,True
23083_fdb942ac,high_complexity_rotor,1,22402_a62e84b4,high_complexity_rotor,1.0,True
23083_fdb942ac,high_complexity_rotor,2,21093_1bda9bbe,high_complexity_rotor,1.0,True
23083_fdb942ac,high_complexity_rotor,3,21926_b4c7068b,high_complexity_rotor,1.0,True
23083_fdb942ac,high_complexity_rotor,4,23251_3eb3d2e6,high_complexity_rotor,1.0,True
23083_fdb942ac,high_complexity_rotor,5,23002_4d53fb3f,high_complexity_rotor,1.0,True
23083_fdb942ac,high_complexity_rotor,6,23130_7417d5b3,high_complexity_rotor,1.0,True
23083_fdb942ac,high_complexity_rotor,7,22193_c8773ded,high_complexity_rotor,1.0,True
23083_fdb942ac,high_complexity_rotor,8,23048_8a1a5553,high_complexity_rotor,1.0,True
23083_fdb942ac,high_complexity_rotor,9,20500_e88d8065,high_complexity_rotor,1.0,True
23083_fdb942ac,high_complexity_rotor,10,21063_037107dc,high_complexity_rotor,1.0,True
22050_e8702dd4,symmetric_rotor,1,21467_67965037,symmetric_rotor,0.999982,True
22050_e8702dd4,symmetric_rotor,2,21603_98a15295,symmetric_rotor,0.999978,True
22050_e8702dd4,symmetric_rotor,3,22561_067b78ae,symmetric_rotor,0.999835,True
22050_e8702dd4,symmetric_rotor,4,20225_4ce6d59b,symmetric_rotor,0.999708,True
22050_e8702dd4,symmetric_rotor,5,23320_e0711ae9,symmetric_rotor,0.949999,True
22050_e8702dd4,symmetric_rotor,6,21490_d07ff9f8,symmetric_rotor,0.949982,True
22050_e8702dd4,symmetric_rotor,7,22259_613f9d44,symmetric_rotor,0.949981,True
22050_e8702dd4,symmetric_rotor,8,20609_69f28932,symmetric_rotor,0.949978,True
22050_e8702dd4,symmetric_rotor,9,22706_58a933f4,symmetric_rotor,0.949973,True
22050_e8702dd4,symmetric_rotor,10,7780_6c885e81,symmetric_rotor,0.949926,True
21495_ebbbd369,simple_rotor,1,21459_a9de5e5b,simple_rotor,1.0,True
21495_ebbbd369,simple_rotor,2,23006_92c5b990,simple_rotor,1.0,True
21495_ebbbd369,simple_rotor,3,22349_6f67a96e,simple_rotor,1.0,True
21495_ebbbd369,simple_rotor,4,22746_920025a0,simple_rotor,1.0,True
21495_ebbbd369,simple_rotor,5,23351_6104d55d,simple_rotor,1.0,True
21495_ebbbd369,simple_rotor,6,21243_3ec5d732,simple_rotor,1.0,True
21495_ebbbd369,simple_rotor,7,20342_c140780b,simple_rotor,1.0,True
21495_ebbbd369,simple_rotor,8,23387_c4aa9424,simple_rotor,1.0,True
21495_ebbbd369,simple_rotor,9,21793_4ad5e2c0,simple_rotor,1.0,True
21495_ebbbd369,simple_rotor,10,23163_7b143a6f,simple_rotor,1.0,True
22140_9cda24cc,simple_rotor,1,20551_ff28a959,simple_rotor,1.0,True
22140_9cda24cc,simple_rotor,2,21665_2e14b6ff,simple_rotor,1.0,True
22140_9cda24cc,simple_rotor,3,20806_ca60b7ae,simple_rotor,1.0,True
22140_9cda24cc,simple_rotor,4,22129_48b47c52,simple_rotor,1.0,True
22140_9cda24cc,simple_rotor,5,20429_9dd95c38,simple_rotor,1.0,True
22140_9cda24cc,simple_rotor,6,20946_6573271d,simple_rotor,1.0,True
22140_9cda24cc,simple_rotor,7,21257_770fee9a,simple_rotor,1.0,True
22140_9cda24cc,simple_rotor,8,22154_24342da4,simple_rotor,1.0,True
22140_9cda24cc,simple_rotor,9,22047_5a090f16,simple_rotor,1.0,True
22140_9cda24cc,simple_rotor,10,20429_419c4cdd,simple_rotor,1.0,True
23035_6087bb57,medium_rotor,1,23213_3df3cb34,medium_rotor,1.0,True
23035_6087bb57,medium_rotor,2,21531_79015e13,medium_rotor,1.0,True
23035_6087bb57,medium_rotor,3,22852_dc1dbed6,medium_rotor,1.0,True
23035_6087bb57,medium_rotor,4,22577_cd96733e,medium_rotor,1.0,True
23035_6087bb57,medium_rotor,5,21974_1997ebc3,medium_rotor,1.0,True
23035_6087bb57,medium_rotor,6,21594_428d32af,medium_rotor,1.0,True
23035_6087bb57,medium_rotor,7,23480_3f7a8d50,medium_rotor,1.0,True
23035_6087bb57,medium_rotor,8,21091_bbf490e7,medium_rotor,1.0,True
23035_6087bb57,medium_rotor,9,20322_5a8c6077,medium_rotor,1.0,True
23035_6087bb57,medium_rotor,10,23417_9a9e9937,medium_rotor,1.0,True
21836_5bc91e49,symmetric_rotor,1,22414_14ead4a3,symmetric_rotor,0.999927,True
21836_5bc91e49,symmetric_rotor,2,22638_37f9fe91,symmetric_rotor,0.999822,True
21836_5bc91e49,symmetric_rotor,3,20502_58b65de9,symmetric_rotor,0.999805,True
21836_5bc91e49,symmetric_rotor,4,22654_4c426b0f,symmetric_rotor,0.999549,True
21836_5bc91e49,symmetric_rotor,5,22095_af226cbc,symmetric_rotor,0.999526,True
21836_5bc91e49,symmetric_rotor,6,23127_38d73061,symmetric_rotor,0.999101,True
21836_5bc91e49,symmetric_rotor,7,23468_a0bfb573,symmetric_rotor,0.99882,True
21836_5bc91e49,symmetric_rotor,8,23221_42f37ae3,symmetric_rotor,0.998765,True
21836_5bc91e49,symmetric_rotor,9,7780_6c885e81,symmetric_rotor,0.998502,True
21836_5bc91e49,symmetric_rotor,10,22259_613f9d44,symmetric_rotor,0.998158,True
21539_cfe1f7fd,medium_rotor,1,22778_7d85debd,medium_rotor,0.999999,True
21539_cfe1f7fd,medium_rotor,2,19810_f77c5501,medium_rotor,0.999976,True
21539_cfe1f7fd,medium_rotor,3,22228_1c82530b,medium_rotor,0.99996,True
21539_cfe1f7fd,medium_rotor,4,22474_b10fea1a,medium_rotor,0.99993,True
21539_cfe1f7fd,medium_rotor,5,22919_3ee91d1a,medium_rotor,0.999912,True
21539_cfe1f7fd,medium_rotor,6,21745_56cbe841,medium_rotor,0.999902,True
21539_cfe1f7fd,medium_rotor,7,20182_71b9e491,medium_rotor,0.99985,True
21539_cfe1f7fd,medium_rotor,8,20215_e2eb3082,medium_rotor,0.99985,True
21539_cfe1f7fd,medium_rotor,9,21601_360ce1c7,medium_rotor,0.99985,True
21539_cfe1f7fd,medium_rotor,10,23176_1bf2a2d5,medium_rotor,0.999723,True
21626_b34008e6,medium_rotor,1,21513_50fb4d62,medium_rotor,1.0,True
21626_b34008e6,medium_rotor,2,20505_017d4cc4,medium_rotor,0.99999,True
21626_b34008e6,medium_rotor,3,20892_b1f89c8d,medium_rotor,0.999953,True
21626_b34008e6,medium_rotor,4,21745_56cbe841,medium_rotor,0.999873,True
21626_b34008e6,medium_rotor,5,20755_4b5e61bf,medium_rotor,0.99987,True
21626_b34008e6,medium_rotor,6,20989_d1b8b0f8,medium_rotor,0.999827,True
21626_b34008e6,medium_rotor,7,20688_955aae0c,medium_rotor,0.999827,True
21626_b34008e6,medium_rotor,8,20899_a8d7c6d5,medium_rotor,0.999813,True
21626_b34008e6,medium_rotor,9,22980_3cb3bcc8,medium_rotor,0.999785,True
21626_b34008e6,medium_rotor,10,22228_1c82530b,medium_rotor,0.999779,True
21862_ec534e16,simple_rotor,1,20731_fbdc7731,simple_rotor,1.0,True
21862_ec534e16,simple_rotor,2,22367_b4a67e61,simple_rotor,1.0,True
21862_ec534e16,simple_rotor,3,22136_a539c50b,simple_rotor,1.0,True
21862_ec534e16,simple_rotor,4,22508_6bb410af,simple_rotor,1.0,True
21862_ec534e16,simple_rotor,5,23103_43bde2a6,simple_rotor,0.999999,True
21862_ec534e16,simple_rotor,6,20451_84d8b290,simple_rotor,0.999999,True
21862_ec534e16,simple_rotor,7,20807_88c198d5,simple_rotor,0.999999,True
21862_ec534e16,simple_rotor,8,20822_5bb36119,simple_rotor,0.999999,True
21862_ec534e16,simple_rotor,9,20451_557fe5cd,simple_rotor,0.999999,True
21862_ec534e16,simple_rotor,10,20216_89b90993,simple_rotor,0.999999,True
21451_fea6f0d1,simple_rotor,1,20951_2918f2fa,simple_rotor,1.0,True
21451_fea6f0d1,simple_rotor,2,20241_ccb70dc8,simple_rotor,1.0,True
21451_fea6f0d1,simple_rotor,3,21776_fb0bfbc6,simple_rotor,1.0,True
21451_fea6f0d1,simple_rotor,4,20241_8c0d3f83,simple_rotor,1.0,True
21451_fea6f0d1,simple_rotor,5,22135_2aa77ff2,simple_rotor,1.0,True
21451_fea6f0d1,simple_rotor,6,21911_429c1a72,simple_rotor,0.997589,True
21451_fea6f0d1,simple_rotor,7,21994_357aac6f,simple_rotor,0.996026,True
21451_fea6f0d1,simple_rotor,8,20994_9c88b1ba,simple_rotor,0.994606,True
21451_fea6f0d1,simple_rotor,9,20332_0c2a24aa,simple_rotor,0.994606,True
21451_fea6f0d1,simple_rotor,10,20803_473c87ac,simple_rotor,0.994606,True
20431_27e7f151,medium_rotor,1,21719_d60b8a4a,medium_rotor,0.949675,True
20431_27e7f151,medium_rotor,2,20722_90d46353,medium_rotor,0.94847,True
20431_27e7f151,medium_rotor,3,21837_b67d788c,medium_rotor,0.948326,True
20431_27e7f151,medium_rotor,4,20628_e0551f7c,medium_rotor,0.947359,True
20431_27e7f151,medium_rotor,5,21035_d308c5c4,medium_rotor,0.941167,True
20431_27e7f151,medium_rotor,6,21092_32622a83,medium_rotor,0.939942,True
20431_27e7f151,medium_rotor,7,23413_6702ec7f,medium_rotor,0.937632,True
20431_27e7f151,medium_rotor,8,23501_6c48b3c1,medium_rotor,0.93627,True
20431_27e7f151,medium_rotor,9,21429_6d2d3974,medium_rotor,0.935442,True
20431_27e7f151,medium_rotor,10,20858_15bdad00,medium_rotor,0.928294,True
23493_57512264,medium_rotor,1,22002_315afcfc,medium_rotor,1.0,True
23493_57512264,medium_rotor,2,22776_facf9bcf,medium_rotor,1.0,True
23493_57512264,medium_rotor,3,21009_907a2a95,medium_rotor,0.999999,True
23493_57512264,medium_rotor,4,22461_0ba0e480,medium_rotor,0.999998,True
23493_57512264,medium_rotor,5,21528_a5d5490f,medium_rotor,0.999998,True
23493_57512264,medium_rotor,6,21912_3f74887c,medium_rotor,0.999998,True
23493_57512264,medium_rotor,7,22126_e1cca10f,medium_rotor,0.999996,True
23493_57512264,medium_rotor,8,22199_8ec9eeb2,medium_rotor,0.999994,True
23493_57512264,medium_rotor,9,23363_60e39812,medium_rotor,0.999993,True
23493_57512264,medium_rotor,10,23466_1cf60d09,medium_rotor,0.999989,True
23170_6ea8ded5,symmetric_rotor,1,22312_3f366a4a,symmetric_rotor,0.999999,True
23170_6ea8ded5,symmetric_rotor,2,21958_e48ddf4e,symmetric_rotor,0.999999,True
23170_6ea8ded5,symmetric_rotor,3,22141_5db99710,symmetric_rotor,0.999984,True
23170_6ea8ded5,symmetric_rotor,4,22761_ca309655,symmetric_rotor,0.999981,True
23170_6ea8ded5,symmetric_rotor,5,21271_ec7f62b8,symmetric_rotor,0.999964,True
23170_6ea8ded5,symmetric_rotor,6,23178_eb4b4280,symmetric_rotor,0.999951,True
23170_6ea8ded5,symmetric_rotor,7,21497_9833a679,symmetric_rotor,0.999951,True
23170_6ea8ded5,symmetric_rotor,8,23259_d655fcc1,symmetric_rotor,0.999951,True
23170_6ea8ded5,symmetric_rotor,9,22245_ca848576,symmetric_rotor,0.999936,True
23170_6ea8ded5,symmetric_rotor,10,21692_777db9e2,symmetric_rotor,0.999936,True
22747_3f6faf4c,simple_rotor,1,20495_e8e7e80c,simple_rotor,0.999873,True
22747_3f6faf4c,simple_rotor,2,22837_7644c972,simple_rotor,0.999508,True
22747_3f6faf4c,simple_rotor,3,23342_7193a931,simple_rotor,0.999327,True
22747_3f6faf4c,simple_rotor,4,20232_e5b060d9,simple_rotor,0.998984,True
22747_3f6faf4c,simple_rotor,5,23341_d5ead6d2,simple_rotor,0.99808,True
22747_3f6faf4c,simple_rotor,6,22133_465d7a91,simple_rotor,0.997903,True
22747_3f6faf4c,simple_rotor,7,23265_07de6a0b,simple_rotor,0.997903,True
22747_3f6faf4c,simple_rotor,8,20193_2da4f0a0,simple_rotor,0.997903,True
22747_3f6faf4c,simple_rotor,9,21469_abec26c4,simple_rotor,0.997903,True
22747_3f6faf4c,simple_rotor,10,22073_951645ae,simple_rotor,0.997903,True
20925_dc64a33a,medium_rotor,1,21989_a0b5037d,medium_rotor,0.2,True
20925_dc64a33a,medium_rotor,2,21563_c72d37a2,medium_rotor,0.2,True
20925_dc64a33a,medium_rotor,3,22066_308cdcfe,medium_rotor,0.2,True
20925_dc64a33a,medium_rotor,4,23409_e27e3b8b,medium_rotor,0.2,True
20925_dc64a33a,medium_rotor,5,20229_d1ae2ae3,medium_rotor,0.2,True
20925_dc64a33a,medium_rotor,6,20899_a8d7c6d5,medium_rotor,0.2,True
20925_dc64a33a,medium_rotor,7,21529_93e51dd9,medium_rotor,0.2,True
20925_dc64a33a,medium_rotor,8,22059_b7d76712,medium_rotor,0.2,True
20925_dc64a33a,medium_rotor,9,20858_15bdad00,medium_rotor,0.2,True
20925_dc64a33a,medium_rotor,10,23434_6635ed57,medium_rotor,0.2,True
21603_98a15295,symmetric_rotor,1,22050_e8702dd4,symmetric_rotor,0.999978,True
21603_98a15295,symmetric_rotor,2,22561_067b78ae,symmetric_rotor,0.999926,True
21603_98a15295,symmetric_rotor,3,21467_67965037,symmetric_rotor,0.999923,True
21603_98a15295,symmetric_rotor,4,20225_4ce6d59b,symmetric_rotor,0.999832,True
21603_98a15295,symmetric_rotor,5,20609_69f28932,symmetric_rotor,0.95,True
21603_98a15295,symmetric_rotor,6,22706_58a933f4,symmetric_rotor,0.949999,True
21603_98a15295,symmetric_rotor,7,22049_4da0d894,symmetric_rotor,0.949982,True
21603_98a15295,symmetric_rotor,8,23320_e0711ae9,symmetric_rotor,0.949981,True
21603_98a15295,symmetric_rotor,9,21478_8fbd4409,symmetric_rotor,0.949981,True
21603_98a15295,symmetric_rotor,10,21037_62248d34,symmetric_rotor,0.949981,True
23417_9a9e9937,medium_rotor,1,23213_3df3cb34,medium_rotor,1.0,True
23417_9a9e9937,medium_rotor,2,22383_e5f707a7,medium_rotor,1.0,True
23417_9a9e9937,medium_rotor,3,20322_daa5c577,medium_rotor,1.0,True
23417_9a9e9937,medium_rotor,4,22852_dc1dbed6,medium_rotor,1.0,True
23417_9a9e9937,medium_rotor,5,21974_1997ebc3,medium_rotor,1.0,True
23417_9a9e9937,medium_rotor,6,22577_cd96733e,medium_rotor,1.0,True
23417_9a9e9937,medium_rotor,7,21594_428d32af,medium_rotor,1.0,True
23417_9a9e9937,medium_rotor,8,23480_3f7a8d50,medium_rotor,1.0,True
23417_9a9e9937,medium_rotor,9,21091_bbf490e7,medium_rotor,1.0,True
23417_9a9e9937,medium_rotor,10,20322_5a8c6077,medium_rotor,1.0,True
21797_69df08d5,high_complexity_rotor,1,21551_c6c2d516,high_complexity_rotor,0.995662,True
21797_69df08d5,high_complexity_rotor,2,22652_dc7405ef,high_complexity_rotor,0.949981,True
21797_69df08d5,high_complexity_rotor,3,22065_0d414124,complex_assembly,0.949841,False
21797_69df08d5,high_complexity_rotor,4,23273_8f301ce3,complex_assembly,0.949718,False
21797_69df08d5,high_complexity_rotor,5,20818_098cad7c,high_complexity_rotor,0.949587,True
21797_69df08d5,high_complexity_rotor,6,20279_aed6b3b3,high_complexity_rotor,0.94955,True
21797_69df08d5,high_complexity_rotor,7,21697_06656699,high_complexity_rotor,0.94953,True
21797_69df08d5,high_complexity_rotor,8,22211_b1ee53f0,complex_assembly,0.949455,False
21797_69df08d5,high_complexity_rotor,9,20546_87dbd755,complex_assembly,0.949441,False
21797_69df08d5,high_complexity_rotor,10,21709_4dd88551,high_complexity_rotor,0.949333,True
21991_ab98f156,high_complexity_rotor,1,20246_40be7668,complex_assembly,0.999985,False
21991_ab98f156,high_complexity_rotor,2,20870_dedaef5b,high_complexity_rotor,0.999926,True
21991_ab98f156,high_complexity_rotor,3,22081_ab3124af,high_complexity_rotor,0.999642,True
21991_ab98f156,high_complexity_rotor,4,22827_f33929ec,high_complexity_rotor,0.999568,True
21991_ab98f156,high_complexity_rotor,5,20544_43691724,high_complexity_rotor,0.997212,True
21991_ab98f156,high_complexity_rotor,6,20533_0a3e112b,high_complexity_rotor,0.994413,True
21991_ab98f156,high_complexity_rotor,7,20746_57a7b346,high_complexity_rotor,0.992394,True
21991_ab98f156,high_complexity_rotor,8,23495_6366269c,high_complexity_rotor,0.991132,True
21991_ab98f156,high_complexity_rotor,9,22442_7d5c5d5f,high_complexity_rotor,0.990694,True
21991_ab98f156,high_complexity_rotor,10,21063_037107dc,high_complexity_rotor,0.985573,True
23034_b38134ee,medium_rotor,1,21884_cc2c39f9,medium_rotor,1.0,True
23034_b38134ee,medium_rotor,2,20414_a33bd0d7,medium_rotor,1.0,True
23034_b38134ee,medium_rotor,3,20817_ef63b1a7,medium_rotor,1.0,True
23034_b38134ee,medium_rotor,4,21600_0027c6fc,medium_rotor,1.0,True
23034_b38134ee,medium_rotor,5,21715_53df62c9,medium_rotor,1.0,True
23034_b38134ee,medium_rotor,6,23238_3c864758,medium_rotor,1.0,True
23034_b38134ee,medium_rotor,7,23152_6f2706c9,medium_rotor,1.0,True
23034_b38134ee,medium_rotor,8,23366_cc0bc28e,medium_rotor,1.0,True
23034_b38134ee,medium_rotor,9,22074_c0265b0d,medium_rotor,1.0,True
23034_b38134ee,medium_rotor,10,20815_b3d9e6c9,medium_rotor,1.0,True
21612_e2981dae,simple_rotor,1,21459_a9de5e5b,simple_rotor,1.0,True
21612_e2981dae,simple_rotor,2,23006_92c5b990,simple_rotor,1.0,True
21612_e2981dae,simple_rotor,3,22349_6f67a96e,simple_rotor,1.0,True
21612_e2981dae,simple_rotor,4,22746_920025a0,simple_rotor,1.0,True
21612_e2981dae,simple_rotor,5,23351_6104d55d,simple_rotor,1.0,True
21612_e2981dae,simple_rotor,6,21243_3ec5d732,simple_rotor,1.0,True
21612_e2981dae,simple_rotor,7,20342_c140780b,simple_rotor,1.0,True
21612_e2981dae,simple_rotor,8,23387_c4aa9424,simple_rotor,1.0,True
21612_e2981dae,simple_rotor,9,21793_4ad5e2c0,simple_rotor,1.0,True
21612_e2981dae,simple_rotor,10,23163_7b143a6f,simple_rotor,1.0,True
21785_d595ced5,simple_rotor,1,22498_b8bdb105,simple_rotor,1.0,True
21785_d595ced5,simple_rotor,2,20586_cbec2689,simple_rotor,1.0,True
21785_d595ced5,simple_rotor,3,21119_4f5c95a6,simple_rotor,0.95,True
21785_d595ced5,simple_rotor,4,21630_316322ff,simple_rotor,0.95,True
21785_d595ced5,simple_rotor,5,20838_86c931be,simple_rotor,0.95,True
21785_d595ced5,simple_rotor,6,22178_976d2411,simple_rotor,0.95,True
21785_d595ced5,simple_rotor,7,21848_0fff9631,simple_rotor,0.95,True
21785_d595ced5,simple_rotor,8,20392_8b23d193,simple_rotor,0.95,True
21785_d595ced5,simple_rotor,9,21047_60d69af3,simple_rotor,0.95,True
21785_d595ced5,simple_rotor,10,20291_42287610,simple_rotor,0.95,True
21175_85118898,simple_rotor,1,21459_a9de5e5b,simple_rotor,1.0,True
21175_85118898,simple_rotor,2,23006_92c5b990,simple_rotor,1.0,True
21175_85118898,simple_rotor,3,22349_6f67a96e,simple_rotor,1.0,True
21175_85118898,simple_rotor,4,22746_920025a0,simple_rotor,1.0,True
21175_85118898,simple_rotor,5,23351_6104d55d,simple_rotor,1.0,True
21175_85118898,simple_rotor,6,21243_3ec5d732,simple_rotor,1.0,True
21175_85118898,simple_rotor,7,20342_c140780b,simple_rotor,1.0,True
21175_85118898,simple_rotor,8,23387_c4aa9424,simple_rotor,1.0,True
21175_85118898,simple_rotor,9,21793_4ad5e2c0,simple_rotor,1.0,True
21175_85118898,simple_rotor,10,23163_7b143a6f,simple_rotor,1.0,True
20163_3742f394,medium_rotor,1,22035_101c7ab4,medium_rotor,0.999881,True
20163_3742f394,medium_rotor,2,22082_39503fa6,medium_rotor,0.999832,True
20163_3742f394,medium_rotor,3,23028_2ca87745,medium_rotor,0.999674,True
20163_3742f394,medium_rotor,4,22021_520ec8c3,medium_rotor,0.999652,True
20163_3742f394,medium_rotor,5,21008_a3fec63b,medium_rotor,0.999652,True
20163_3742f394,medium_rotor,6,21552_4e9c19b1,medium_rotor,0.998443,True
20163_3742f394,medium_rotor,7,22017_6d3be48d,medium_rotor,0.997268,True
20163_3742f394,medium_rotor,8,21424_9d516e3a,medium_rotor,0.997268,True
20163_3742f394,medium_rotor,9,23305_2662b29a,medium_rotor,0.996588,True
20163_3742f394,medium_rotor,10,21621_711e1918,medium_rotor,0.995844,True
22002_315afcfc,medium_rotor,1,23493_57512264,medium_rotor,1.0,True
22002_315afcfc,medium_rotor,2,22776_facf9bcf,medium_rotor,1.0,True
22002_315afcfc,medium_rotor,3,21009_907a2a95,medium_rotor,0.999999,True
22002_315afcfc,medium_rotor,4,22461_0ba0e480,medium_rotor,0.999998,True
22002_315afcfc,medium_rotor,5,21528_a5d5490f,medium_rotor,0.999998,True
22002_315afcfc,medium_rotor,6,21912_3f74887c,medium_rotor,0.999998,True
22002_315afcfc,medium_rotor,7,22126_e1cca10f,medium_rotor,0.999996,True
22002_315afcfc,medium_rotor,8,22199_8ec9eeb2,medium_rotor,0.999994,True
22002_315afcfc,medium_rotor,9,23363_60e39812,medium_rotor,0.999993,True
22002_315afcfc,medium_rotor,10,23466_1cf60d09,medium_rotor,0.999989,True
22162_439af02a,medium_rotor,1,21989_a0b5037d,medium_rotor,0.2,True
22162_439af02a,medium_rotor,2,21563_c72d37a2,medium_rotor,0.2,True
22162_439af02a,medium_rotor,3,22066_308cdcfe,medium_rotor,0.2,True
22162_439af02a,medium_rotor,4,23409_e27e3b8b,medium_rotor,0.2,True
22162_439af02a,medium_rotor,5,20229_d1ae2ae3,medium_rotor,0.2,True
22162_439af02a,medium_rotor,6,20899_a8d7c6d5,medium_rotor,0.2,True
22162_439af02a,medium_rotor,7,21529_93e51dd9,medium_rotor,0.2,True
22162_439af02a,medium_rotor,8,22059_b7d76712,medium_rotor,0.2,True
22162_439af02a,medium_rotor,9,20858_15bdad00,medium_rotor,0.2,True
22162_439af02a,medium_rotor,10,23434_6635ed57,medium_rotor,0.2,True
21656_964b0c84,high_complexity_rotor,1,21700_28d193ac,high_complexity_rotor,0.999969,True
21656_964b0c84,high_complexity_rotor,2,21069_508a9947,complex_assembly,0.999941,False
21656_964b0c84,high_complexity_rotor,3,22079_31335df2,complex_assembly,0.999738,False
21656_964b0c84,high_complexity_rotor,4,20430_975b8dcf,high_complexity_rotor,0.999665,True
21656_964b0c84,high_complexity_rotor,5,20260_4a01a99d,high_complexity_rotor,0.999574,True
21656_964b0c84,high_complexity_rotor,6,21708_e61bd657,complex_assembly,0.999328,False
21656_964b0c84,high_complexity_rotor,7,23162_7e2f3d77,complex_assembly,0.999313,False
21656_964b0c84,high_complexity_rotor,8,21351_675c66b1,complex_assembly,0.998628,False
21656_964b0c84,high_complexity_rotor,9,23144_88ca00a5,complex_assembly,0.996159,False
21656_964b0c84,high_complexity_rotor,10,21741_c6faf98e,complex_assembly,0.996101,False
23369_447545f6,simple_rotor,1,21459_a9de5e5b,simple_rotor,1.0,True
23369_447545f6,simple_rotor,2,23164_659c91ef,simple_rotor,1.0,True
23369_447545f6,simple_rotor,3,22746_920025a0,simple_rotor,1.0,True
23369_447545f6,simple_rotor,4,23351_6104d55d,simple_rotor,1.0,True
23369_447545f6,simple_rotor,5,21243_3ec5d732,simple_rotor,1.0,True
23369_447545f6,simple_rotor,6,20342_c140780b,simple_rotor,1.0,True
23369_447545f6,simple_rotor,7,23387_c4aa9424,simple_rotor,1.0,True
23369_447545f6,simple_rotor,8,21793_4ad5e2c0,simple_rotor,1.0,True
23369_447545f6,simple_rotor,9,23163_7b143a6f,simple_rotor,1.0,True
23369_447545f6,simple_rotor,10,23403_e539620b,simple_rotor,1.0,True
20141_b9376856,medium_rotor,1,23041_8d3ea25c,medium_rotor,0.999999,True
20141_b9376856,medium_rotor,2,21529_93e51dd9,medium_rotor,0.999999,True
20141_b9376856,medium_rotor,3,22040_6461a147,medium_rotor,0.999999,True
20141_b9376856,medium_rotor,4,22046_fe3bae6e,medium_rotor,0.999999,True
20141_b9376856,medium_rotor,5,23049_207a41f0,medium_rotor,0.999994,True
20141_b9376856,medium_rotor,6,23372_4cb88567,medium_rotor,0.999994,True
20141_b9376856,medium_rotor,7,22092_897b0ffa,medium_rotor,0.999974,True
20141_b9376856,medium_rotor,8,22612_28fe0ac2,medium_rotor,0.999974,True
20141_b9376856,medium_rotor,9,23451_14c8d09e,medium_rotor,0.999974,True
20141_b9376856,medium_rotor,10,22461_0ba0e480,medium_rotor,0.999967,True
23103_43bde2a6,simple_rotor,1,20807_88c198d5,simple_rotor,1.0,True
23103_43bde2a6,simple_rotor,2,22147_12995368,simple_rotor,1.0,True
23103_43bde2a6,simple_rotor,3,20451_557fe5cd,simple_rotor,1.0,True
23103_43bde2a6,simple_rotor,4,20822_5bb36119,simple_rotor,1.0,True
23103_43bde2a6,simple_rotor,5,20216_89b90993,simple_rotor,1.0,True
23103_43bde2a6,simple_rotor,6,20451_84d8b290,simple_rotor,1.0,True
23103_43bde2a6,simple_rotor,7,22136_a539c50b,simple_rotor,0.999999,True
23103_43bde2a6,simple_rotor,8,22508_6bb410af,simple_rotor,0.999999,True
23103_43bde2a6,simple_rotor,9,22367_b4a67e61,simple_rotor,0.999999,True
23103_43bde2a6,simple_rotor,10,20731_fbdc7731,simple_rotor,0.999999,True
21384_b9774b93,simple_rotor,1,21564_fa5b2db7,simple_rotor,0.999999,True
21384_b9774b93,simple_rotor,2,22283_36ba29c9,simple_rotor,0.999999,True
21384_b9774b93,simple_rotor,3,21448_5646a1b6,simple_rotor,0.999981,True
21384_b9774b93,simple_rotor,4,20384_767d849a,simple_rotor,0.999978,True
21384_b9774b93,simple_rotor,5,22236_db209dff,simple_rotor,0.999978,True
21384_b9774b93,simple_rotor,6,21825_ce32b0a0,simple_rotor,0.999923,True
21384_b9774b93,simple_rotor,7,20989_a261efa3,simple_rotor,0.999918,True
21384_b9774b93,simple_rotor,8,20989_885bd9b9,simple_rotor,0.999918,True
21384_b9774b93,simple_rotor,9,22367_b4a67e61,simple_rotor,0.999835,True
21384_b9774b93,simple_rotor,10,20731_fbdc7731,simple_rotor,0.999835,True
20239_49b65a55,medium_rotor,1,21365_ab403591,medium_rotor,0.99982,True
20239_49b65a55,medium_rotor,2,20431_0088a0dd,medium_rotor,0.999193,True
20239_49b65a55,medium_rotor,3,22630_b6010fff,medium_rotor,0.99879,True
20239_49b65a55,medium_rotor,4,21858_f1409ea2,medium_rotor,0.996878,True
20239_49b65a55,medium_rotor,5,21503_34f299ca,medium_rotor,0.996147,True
20239_49b65a55,medium_rotor,6,21621_711e1918,medium_rotor,0.996026,True
20239_49b65a55,medium_rotor,7,23305_2662b29a,medium_rotor,0.995226,True
20239_49b65a55,medium_rotor,8,21790_aaf9224a,medium_rotor,0.994657,True
20239_49b65a55,medium_rotor,9,22017_6d3be48d,medium_rotor,0.99434,True
20239_49b65a55,medium_rotor,10,21424_9d516e3a,medium_rotor,0.99434,True
21424_9d516e3a,medium_rotor,1,22017_6d3be48d,medium_rotor,1.0,True
21424_9d516e3a,medium_rotor,2,23305_2662b29a,medium_rotor,0.999962,True
21424_9d516e3a,medium_rotor,3,21621_711e1918,medium_rotor,0.999851,True
21424_9d516e3a,medium_rotor,4,21858_f1409ea2,medium_rotor,0.999624,True
21424_9d516e3a,medium_rotor,5,23028_2ca87745,medium_rotor,0.998828,True
21424_9d516e3a,medium_rotor,6,22082_39503fa6,medium_rotor,0.998454,True
21424_9d516e3a,medium_rotor,7,22630_b6010fff,medium_rotor,0.998361,True
21424_9d516e3a,medium_rotor,8,22035_101c7ab4,medium_rotor,0.998288,True
21424_9d516e3a,medium_rotor,9,20431_0088a0dd,medium_rotor,0.997804,True
21424_9d516e3a,medium_rotor,10,20163_3742f394,medium_rotor,0.997268,True
21551_c6c2d516,high_complexity_rotor,1,21797_69df08d5,high_complexity_rotor,0.995662,True
21551_c6c2d516,high_complexity_rotor,2,21182_a480d230,high_complexity_rotor,0.949984,True
21551_c6c2d516,high_complexity_rotor,3,21977_ce9f4e71,high_complexity_rotor,0.949982,True
21551_c6c2d516,high_complexity_rotor,4,21352_c1101acb,high_complexity_rotor,0.949982,True
21551_c6c2d516,high_complexity_rotor,5,22331_152ee5c0,high_complexity_rotor,0.949973,True
21551_c6c2d516,high_complexity_rotor,6,22070_fd1b8e5e,high_complexity_rotor,0.949933,True
21551_c6c2d516,high_complexity_rotor,7,20799_213bf924,high_complexity_rotor,0.949933,True
21551_c6c2d516,high_complexity_rotor,8,21838_5bc448b4,high_complexity_rotor,0.949926,True
21551_c6c2d516,high_complexity_rotor,9,21329_1bfecd1d,high_complexity_rotor,0.949923,True
21551_c6c2d516,high_complexity_rotor,10,21839_a8eb6d34,high_complexity_rotor,0.949923,True
20940_9777847c,simple_rotor,1,19518_f220b68a,simple_rotor,0.999863,True
20940_9777847c,simple_rotor,2,23039_b3d04774,simple_rotor,0.996694,True
20940_9777847c,simple_rotor,3,20814_5a2be0fb,simple_rotor,0.996422,True
20940_9777847c,simple_rotor,4,22981_93f268ae,simple_rotor,0.995589,True
20940_9777847c,simple_rotor,5,23194_b675acc0,simple_rotor,0.99507,True
20940_9777847c,simple_rotor,6,21422_b2a6bf27,simple_rotor,0.98229,True
20940_9777847c,simple_rotor,7,21184_971559b6,simple_rotor,0.95,True
20940_9777847c,simple_rotor,8,21976_807c9b26,simple_rotor,0.949965,True
20940_9777847c,simple_rotor,9,22270_c6999138,simple_rotor,0.949929,True
20940_9777847c,simple_rotor,10,22043_041e1b7c,simple_rotor,0.949929,True
23451_14c8d09e,medium_rotor,1,22612_28fe0ac2,medium_rotor,1.0,True
23451_14c8d09e,medium_rotor,2,22092_897b0ffa,medium_rotor,1.0,True
23451_14c8d09e,medium_rotor,3,21224_18ba4aba,medium_rotor,0.999997,True
23451_14c8d09e,medium_rotor,4,22046_fe3bae6e,medium_rotor,0.999983,True
23451_14c8d09e,medium_rotor,5,20141_b9376856,medium_rotor,0.999974,True
23451_14c8d09e,medium_rotor,6,21529_93e51dd9,medium_rotor,0.999963,True
23451_14c8d09e,medium_rotor,7,23041_8d3ea25c,medium_rotor,0.999963,True
23451_14c8d09e,medium_rotor,8,22040_6461a147,medium_rotor,0.999963,True
23451_14c8d09e,medium_rotor,9,23373_f5dac851,medium_rotor,0.999957,True
23451_14c8d09e,medium_rotor,10,22059_b7d76712,medium_rotor,0.999957,True
21037_62248d34,symmetric_rotor,1,21478_8fbd4409,symmetric_rotor,1.0,True
21037_62248d34,symmetric_rotor,2,22049_4da0d894,symmetric_rotor,0.999999,True
21037_62248d34,symmetric_rotor,3,22399_97987ada,symmetric_rotor,0.999984,True
21037_62248d34,symmetric_rotor,4,22706_58a933f4,symmetric_rotor,0.999982,True
21037_62248d34,symmetric_rotor,5,21133_f9a1614e,symmetric_rotor,0.999982,True
21037_62248d34,symmetric_rotor,6,21831_54ca67d1,symmetric_rotor,0.999982,True
21037_62248d34,symmetric_rotor,7,20609_69f28932,symmetric_rotor,0.999981,True
21037_62248d34,symmetric_rotor,8,21840_6847d36c,symmetric_rotor,0.999981,True
21037_62248d34,symmetric_rotor,9,20419_8ce893b6,symmetric_rotor,0.999981,True
21037_62248d34,symmetric_rotor,10,21828_21ab2114,symmetric_rotor,0.999981,True
21817_945cd3c9,medium_rotor,1,23213_3df3cb34,medium_rotor,1.0,True
21817_945cd3c9,medium_rotor,2,22383_e5f707a7,medium_rotor,1.0,True
21817_945cd3c9,medium_rotor,3,20322_daa5c577,medium_rotor,1.0,True
21817_945cd3c9,medium_rotor,4,22852_dc1dbed6,medium_rotor,1.0,True
21817_945cd3c9,medium_rotor,5,21974_1997ebc3,medium_rotor,1.0,True
21817_945cd3c9,medium_rotor,6,22577_cd96733e,medium_rotor,1.0,True
21817_945cd3c9,medium_rotor,7,21594_428d32af,medium_rotor,1.0,True
21817_945cd3c9,medium_rotor,8,23480_3f7a8d50,medium_rotor,1.0,True
21817_945cd3c9,medium_rotor,9,21091_bbf490e7,medium_rotor,1.0,True
21817_945cd3c9,medium_rotor,10,23417_9a9e9937,medium_rotor,1.0,True
23283_fadf3820,medium_rotor,1,23213_3df3cb34,medium_rotor,1.0,True
23283_fadf3820,medium_rotor,2,22383_e5f707a7,medium_rotor,1.0,True
23283_fadf3820,medium_rotor,3,20322_daa5c577,medium_rotor,1.0,True
23283_fadf3820,medium_rotor,4,22852_dc1dbed6,medium_rotor,1.0,True
23283_fadf3820,medium_rotor,5,21974_1997ebc3,medium_rotor,1.0,True
23283_fadf3820,medium_rotor,6,22577_cd96733e,medium_rotor,1.0,True
23283_fadf3820,medium_rotor,7,21594_428d32af,medium_rotor,1.0,True
23283_fadf3820,medium_rotor,8,23480_3f7a8d50,medium_rotor,1.0,True
23283_fadf3820,medium_rotor,9,21091_bbf490e7,medium_rotor,1.0,True
23283_fadf3820,medium_rotor,10,23417_9a9e9937,medium_rotor,1.0,True
23323_075a079e,medium_rotor,1,21185_ac5324ba,medium_rotor,0.999999,True
23323_075a079e,medium_rotor,2,22218_2f85f6ae,medium_rotor,0.999992,True
23323_075a079e,medium_rotor,3,21695_1f33863f,medium_rotor,0.999977,True
23323_075a079e,medium_rotor,4,20285_b64b1a7e,medium_rotor,0.999946,True
23323_075a079e,medium_rotor,5,22061_b50b6b66,medium_rotor,0.999946,True
23323_075a079e,medium_rotor,6,21737_87d83240,medium_rotor,0.999837,True
23323_075a079e,medium_rotor,7,21625_d5d4c9a7,medium_rotor,0.99976,True
23323_075a079e,medium_rotor,8,22224_1e749c32,medium_rotor,0.998802,True
23323_075a079e,medium_rotor,9,20504_c9e14c9d,medium_rotor,0.997281,True
23323_075a079e,medium_rotor,10,20421_83f66ddc,medium_rotor,0.99657,True
23172_4ab01e83,medium_rotor,1,23213_3df3cb34,medium_rotor,1.0,True
23172_4ab01e83,medium_rotor,2,22383_e5f707a7,medium_rotor,1.0,True
23172_4ab01e83,medium_rotor,3,20322_daa5c577,medium_rotor,1.0,True
23172_4ab01e83,medium_rotor,4,22852_dc1dbed6,medium_rotor,1.0,True
23172_4ab01e83,medium_rotor,5,21974_1997ebc3,medium_rotor,1.0,True
23172_4ab01e83,medium_rotor,6,22577_cd96733e,medium_rotor,1.0,True
23172_4ab01e83,medium_rotor,7,21594_428d32af,medium_rotor,1.0,True
23172_4ab01e83,medium_rotor,8,23480_3f7a8d50,medium_rotor,1.0,True
23172_4ab01e83,medium_rotor,9,21091_bbf490e7,medium_rotor,1.0,True
23172_4ab01e83,medium_rotor,10,23417_9a9e9937,medium_rotor,1.0,True
21762_90d34d16,high_complexity_rotor,1,21918_976c2754,high_complexity_rotor,1.0,True
21762_90d34d16,high_complexity_rotor,2,23123_f35404c4,complex_assembly,0.999964,False
21762_90d34d16,high_complexity_rotor,3,23271_f833d903,complex_assembly,0.999948,False
21762_90d34d16,high_complexity_rotor,4,22491_a33562ad,complex_assembly,0.999899,False
21762_90d34d16,high_complexity_rotor,5,21024_9be3d461,high_complexity_rotor,0.999898,True
21762_90d34d16,high_complexity_rotor,6,21519_3e869afd,high_complexity_rotor,0.999818,True
21762_90d34d16,high_complexity_rotor,7,22357_e2f7b060,complex_assembly,0.999809,False
21762_90d34d16,high_complexity_rotor,8,23282_a1b17daa,complex_assembly,0.999771,False
21762_90d34d16,high_complexity_rotor,9,20293_a1999339,high_complexity_rotor,0.999667,True
21762_90d34d16,high_complexity_rotor,10,21421_fb12b69b,complex_assembly,0.999618,False
22612_28fe0ac2,medium_rotor,1,23451_14c8d09e,medium_rotor,1.0,True
22612_28fe0ac2,medium_rotor,2,22092_897b0ffa,medium_rotor,1.0,True
22612_28fe0ac2,medium_rotor,3,21224_18ba4aba,medium_rotor,0.999997,True
22612_28fe0ac2,medium_rotor,4,22046_fe3bae6e,medium_rotor,0.999983,True
22612_28fe0ac2,medium_rotor,5,20141_b9376856,medium_rotor,0.999974,True
22612_28fe0ac2,medium_rotor,6,21529_93e51dd9,medium_rotor,0.999963,True
22612_28fe0ac2,medium_rotor,7,22040_6461a147,medium_rotor,0.999963,True
22612_28fe0ac2,medium_rotor,8,23041_8d3ea25c,medium_rotor,0.999963,True
22612_28fe0ac2,medium_rotor,9,22059_b7d76712,medium_rotor,0.999957,True
22612_28fe0ac2,medium_rotor,10,23373_f5dac851,medium_rotor,0.999957,True
22535_0ba01cc9,complex_assembly,1,19051_26735260,high_complexity_rotor,1.0,False
22535_0ba01cc9,complex_assembly,2,20952_b8a54213,complex_assembly,0.999989,True
22535_0ba01cc9,complex_assembly,3,21545_4384f96e,complex_assembly,0.99994,True
22535_0ba01cc9,complex_assembly,4,21582_a3d32115,complex_assembly,0.999924,True
22535_0ba01cc9,complex_assembly,5,23235_f9ccb8b0,complex_assembly,0.999896,True
22535_0ba01cc9,complex_assembly,6,23195_2629864e,complex_assembly,0.999794,True
22535_0ba01cc9,complex_assembly,7,21986_67c5509a,complex_assembly,0.999776,True
22535_0ba01cc9,complex_assembly,8,22298_51433023,complex_assembly,0.99976,True
22535_0ba01cc9,complex_assembly,9,22413_901f5867,complex_assembly,0.999758,True
22535_0ba01cc9,complex_assembly,10,20165_2b088be5,high_complexity_rotor,0.999466,False
21715_53df62c9,medium_rotor,1,21884_cc2c39f9,medium_rotor,1.0,True
21715_53df62c9,medium_rotor,2,22074_c0265b0d,medium_rotor,1.0,True
21715_53df62c9,medium_rotor,3,20817_ef63b1a7,medium_rotor,1.0,True
21715_53df62c9,medium_rotor,4,21600_0027c6fc,medium_rotor,1.0,True
21715_53df62c9,medium_rotor,5,23034_b38134ee,medium_rotor,1.0,True
21715_53df62c9,medium_rotor,6,23238_3c864758,medium_rotor,1.0,True
21715_53df62c9,medium_rotor,7,23152_6f2706c9,medium_rotor,1.0,True
21715_53df62c9,medium_rotor,8,23366_cc0bc28e,medium_rotor,1.0,True
21715_53df62c9,medium_rotor,9,20815_b3d9e6c9,medium_rotor,1.0,True
21715_53df62c9,medium_rotor,10,23354_8182b4eb,medium_rotor,1.0,True
22283_36ba29c9,simple_rotor,1,21564_fa5b2db7,simple_rotor,1.0,True
22283_36ba29c9,simple_rotor,2,21384_b9774b93,simple_rotor,0.999999,True
22283_36ba29c9,simple_rotor,3,20384_767d849a,simple_rotor,0.999981,True
22283_36ba29c9,simple_rotor,4,22236_db209dff,simple_rotor,0.999981,True
22283_36ba29c9,simple_rotor,5,21448_5646a1b6,simple_rotor,0.999978,True
22283_36ba29c9,simple_rotor,6,21825_ce32b0a0,simple_rotor,0.999926,True
22283_36ba29c9,simple_rotor,7,20989_a261efa3,simple_rotor,0.999923,True
22283_36ba29c9,simple_rotor,8,20989_885bd9b9,simple_rotor,0.999923,True
22283_36ba29c9,simple_rotor,9,22367_b4a67e61,simple_rotor,0.999836,True
22283_36ba29c9,simple_rotor,10,21862_ec534e16,simple_rotor,0.999836,True
20620_8a5226b4,high_complexity_rotor,1,23101_6aec02ee,high_complexity_rotor,1.0,True
20620_8a5226b4,high_complexity_rotor,2,22416_4cd31921,high_complexity_rotor,0.999999,True
20620_8a5226b4,high_complexity_rotor,3,22893_eb8aa8ac,high_complexity_rotor,0.999999,True
20620_8a5226b4,high_complexity_rotor,4,22576_d05619d1,high_complexity_rotor,0.999999,True
20620_8a5226b4,high_complexity_rotor,5,22419_dfeb5d33,high_complexity_rotor,0.999996,True
20620_8a5226b4,high_complexity_rotor,6,21839_a8eb6d34,high_complexity_rotor,0.999982,True
20620_8a5226b4,high_complexity_rotor,7,21838_5bc448b4,high_complexity_rotor,0.999981,True
20620_8a5226b4,high_complexity_rotor,8,20643_71ad3d26,high_complexity_rotor,0.999981,True
20620_8a5226b4,high_complexity_rotor,9,21081_72fa4ad1,high_complexity_rotor,0.999966,True
20620_8a5226b4,high_complexity_rotor,10,21843_effbd24d,high_complexity_rotor,0.999966,True
20329_414757bb,medium_rotor,1,23213_3df3cb34,medium_rotor,1.0,True
20329_414757bb,medium_rotor,2,22383_e5f707a7,medium_rotor,1.0,True
20329_414757bb,medium_rotor,3,20322_daa5c577,medium_rotor,1.0,True
20329_414757bb,medium_rotor,4,22852_dc1dbed6,medium_rotor,1.0,True
20329_414757bb,medium_rotor,5,21974_1997ebc3,medium_rotor,1.0,True
20329_414757bb,medium_rotor,6,22577_cd96733e,medium_rotor,1.0,True
20329_414757bb,medium_rotor,7,21594_428d32af,medium_rotor,1.0,True
20329_414757bb,medium_rotor,8,23480_3f7a8d50,medium_rotor,1.0,True
20329_414757bb,medium_rotor,9,21091_bbf490e7,medium_rotor,1.0,True
20329_414757bb,medium_rotor,10,23417_9a9e9937,medium_rotor,1.0,True
22377_d490f505,simple_rotor,1,20756_75f43564,simple_rotor,1.0,True
22377_d490f505,simple_rotor,2,20994_9c88b1ba,simple_rotor,1.0,True
22377_d490f505,simple_rotor,3,20332_0c2a24aa,simple_rotor,1.0,True
22377_d490f505,simple_rotor,4,22374_aa5bb54d,simple_rotor,1.0,True
22377_d490f505,simple_rotor,5,20803_473c87ac,simple_rotor,1.0,True
22377_d490f505,simple_rotor,6,20802_802b7d69,simple_rotor,1.0,True
22377_d490f505,simple_rotor,7,22053_de30641b,simple_rotor,0.999935,True
22377_d490f505,simple_rotor,8,21994_357aac6f,simple_rotor,0.999891,True
22377_d490f505,simple_rotor,9,21015_10304cb9,simple_rotor,0.999789,True
22377_d490f505,simple_rotor,10,23321_c9497b79,simple_rotor,0.999789,True
22492_047b125b,complex_assembly,1,22483_f4e4b62a,complex_assembly,0.999807,True
22492_047b125b,complex_assembly,2,21425_d0d47a2a,high_complexity_rotor,0.999562,False
22492_047b125b,complex_assembly,3,20668_b2f2633e,high_complexity_rotor,0.999562,False
22492_047b125b,complex_assembly,4,20636_ca9eb29a,high_complexity_rotor,0.999354,False
22492_047b125b,complex_assembly,5,21859_35124f79,complex_assembly,0.998443,True
22492_047b125b,complex_assembly,6,21741_c6faf98e,complex_assembly,0.997559,True
22492_047b125b,complex_assembly,7,23376_9b48819a,high_complexity_rotor,0.99687,False
22492_047b125b,complex_assembly,8,23204_ff1672a9,complex_assembly,0.995499,True
22492_047b125b,complex_assembly,9,21708_e61bd657,complex_assembly,0.992622,True
22492_047b125b,complex_assembly,10,20260_4a01a99d,high_complexity_rotor,0.991691,False
22402_a62e84b4,high_complexity_rotor,1,22405_20f11d58,high_complexity_rotor,1.0,True
22402_a62e84b4,high_complexity_rotor,2,20500_e88d8065,high_complexity_rotor,1.0,True
22402_a62e84b4,high_complexity_rotor,3,21063_037107dc,high_complexity_rotor,1.0,True
22402_a62e84b4,high_complexity_rotor,4,23048_8a1a5553,high_complexity_rotor,1.0,True
22402_a62e84b4,high_complexity_rotor,5,22193_c8773ded,high_complexity_rotor,1.0,True
22402_a62e84b4,high_complexity_rotor,6,23083_fdb942ac,high_complexity_rotor,1.0,True
22402_a62e84b4,high_complexity_rotor,7,23130_7417d5b3,high_complexity_rotor,1.0,True
22402_a62e84b4,high_complexity_rotor,8,23251_3eb3d2e6,high_complexity_rotor,1.0,True
22402_a62e84b4,high_complexity_rotor,9,23002_4d53fb3f,high_complexity_rotor,1.0,True
22402_a62e84b4,high_complexity_rotor,10,22528_f3370a64,high_complexity_rotor,1.0,True
20287_072b5bf6,high_complexity_rotor,1,21979_29f59427,high_complexity_rotor,0.955025,True
20287_072b5bf6,high_complexity_rotor,2,21557_53eafe15,complex_assembly,0.949938,False
20287_072b5bf6,high_complexity_rotor,3,22787_49022c32,complex_assembly,0.949426,False
20287_072b5bf6,high_complexity_rotor,4,21005_9feee615,high_complexity_rotor,0.949213,True
20287_072b5bf6,high_complexity_rotor,5,21809_8bd6b10e,high_complexity_rotor,0.949051,True
20287_072b5bf6,high_complexity_rotor,6,20293_a1999339,high_complexity_rotor,0.948761,True
20287_072b5bf6,high_complexity_rotor,7,21519_3e869afd,high_complexity_rotor,0.948405,True
20287_072b5bf6,high_complexity_rotor,8,21024_9be3d461,high_complexity_rotor,0.948123,True
20287_072b5bf6,high_complexity_rotor,9,21762_90d34d16,high_complexity_rotor,0.947146,True
20287_072b5bf6,high_complexity_rotor,10,21918_976c2754,high_complexity_rotor,0.947074,True
20810_f6674f2d,simple_rotor,1,21459_a9de5e5b,simple_rotor,1.0,True
20810_f6674f2d,simple_rotor,2,23164_659c91ef,simple_rotor,1.0,True
20810_f6674f2d,simple_rotor,3,22746_920025a0,simple_rotor,1.0,True
20810_f6674f2d,simple_rotor,4,23351_6104d55d,simple_rotor,1.0,True
20810_f6674f2d,simple_rotor,5,21243_3ec5d732,simple_rotor,1.0,True
20810_f6674f2d,simple_rotor,6,20342_c140780b,simple_rotor,1.0,True
20810_f6674f2d,simple_rotor,7,23387_c4aa9424,simple_rotor,1.0,True
20810_f6674f2d,simple_rotor,8,21793_4ad5e2c0,simple_rotor,1.0,True
20810_f6674f2d,simple_rotor,9,23163_7b143a6f,simple_rotor,1.0,True
20810_f6674f2d,simple_rotor,10,23403_e539620b,simple_rotor,1.0,True
22049_4da0d894,symmetric_rotor,1,21037_62248d34,symmetric_rotor,0.999999,True
22049_4da0d894,symmetric_rotor,2,21478_8fbd4409,symmetric_rotor,0.999999,True
22049_4da0d894,symmetric_rotor,3,22399_97987ada,symmetric_rotor,0.999991,True
22049_4da0d894,symmetric_rotor,4,21386_e234c6b6,symmetric_rotor,0.999984,True
22049_4da0d894,symmetric_rotor,5,20609_69f28932,symmetric_rotor,0.999982,True
22049_4da0d894,symmetric_rotor,6,21840_6847d36c,symmetric_rotor,0.999982,True
22049_4da0d894,symmetric_rotor,7,20419_8ce893b6,symmetric_rotor,0.999982,True
22049_4da0d894,symmetric_rotor,8,21828_21ab2114,symmetric_rotor,0.999982,True
22049_4da0d894,symmetric_rotor,9,22706_58a933f4,symmetric_rotor,0.999981,True
22049_4da0d894,symmetric_rotor,10,21831_54ca67d1,symmetric_rotor,0.999981,True
20758_cdccf572,simple_rotor,1,21384_b9774b93,simple_rotor,0.99932,True
20758_cdccf572,simple_rotor,2,22283_36ba29c9,simple_rotor,0.999309,True
20758_cdccf572,simple_rotor,3,21564_fa5b2db7,simple_rotor,0.999309,True
20758_cdccf572,simple_rotor,4,21448_5646a1b6,simple_rotor,0.999092,True
20758_cdccf572,simple_rotor,5,20384_767d849a,simple_rotor,0.99906,True
20758_cdccf572,simple_rotor,6,22236_db209dff,simple_rotor,0.99906,True
20758_cdccf572,simple_rotor,7,21825_ce32b0a0,simple_rotor,0.998786,True
20758_cdccf572,simple_rotor,8,20989_a261efa3,simple_rotor,0.998771,True
20758_cdccf572,simple_rotor,9,20989_885bd9b9,simple_rotor,0.998771,True
20758_cdccf572,simple_rotor,10,22241_535ad84b,simple_rotor,0.998524,True
22681_124bf3a9,medium_rotor,1,21719_d60b8a4a,medium_rotor,0.95,True
22681_124bf3a9,medium_rotor,2,20722_90d46353,medium_rotor,0.949555,True
22681_124bf3a9,medium_rotor,3,21837_b67d788c,medium_rotor,0.946529,True
22681_124bf3a9,medium_rotor,4,23238_3c864758,medium_rotor,0.945466,True
22681_124bf3a9,medium_rotor,5,23354_8182b4eb,medium_rotor,0.945466,True
22681_124bf3a9,medium_rotor,6,23034_b38134ee,medium_rotor,0.945466,True
22681_124bf3a9,medium_rotor,7,20817_ef63b1a7,medium_rotor,0.945466,True
22681_124bf3a9,medium_rotor,8,21884_cc2c39f9,medium_rotor,0.945466,True
22681_124bf3a9,medium_rotor,9,22074_c0265b0d,medium_rotor,0.945466,True
22681_124bf3a9,medium_rotor,10,21600_0027c6fc,medium_rotor,0.945466,True
21690_5d1f3475,simple_rotor,1,21459_a9de5e5b,simple_rotor,1.0,True
21690_5d1f3475,simple_rotor,2,23164_659c91ef,simple_rotor,1.0,True
21690_5d1f3475,simple_rotor,3,22746_920025a0,simple_rotor,1.0,True
21690_5d1f3475,simple_rotor,4,23351_6104d55d,simple_rotor,1.0,True
21690_5d1f3475,simple_rotor,5,21243_3ec5d732,simple_rotor,1.0,True
21690_5d1f3475,simple_rotor,6,20342_c140780b,simple_rotor,1.0,True
21690_5d1f3475,simple_rotor,7,23387_c4aa9424,simple_rotor,1.0,True
21690_5d1f3475,simple_rotor,8,21793_4ad5e2c0,simple_rotor,1.0,True
21690_5d1f3475,simple_rotor,9,23163_7b143a6f,simple_rotor,1.0,True
21690_5d1f3475,simple_rotor,10,23403_e539620b,simple_rotor,1.0,True
20546_87dbd755,complex_assembly,1,22211_b1ee53f0,complex_assembly,0.999974,True
20546_87dbd755,complex_assembly,2,22306_c3dca308,complex_assembly,0.999836,True
20546_87dbd755,complex_assembly,3,23273_8f301ce3,complex_assembly,0.999752,True
20546_87dbd755,complex_assembly,4,22065_0d414124,complex_assembly,0.999703,True
20546_87dbd755,complex_assembly,5,22652_dc7405ef,high_complexity_rotor,0.999249,False
20546_87dbd755,complex_assembly,6,23419_ea47995f,complex_assembly,0.999141,True
20546_87dbd755,complex_assembly,7,20818_098cad7c,high_complexity_rotor,0.999135,False
20546_87dbd755,complex_assembly,8,20279_aed6b3b3,high_complexity_rotor,0.998352,False
20546_87dbd755,complex_assembly,9,21697_06656699,high_complexity_rotor,0.9981,False
20546_87dbd755,complex_assembly,10,20959_d4905d19,high_complexity_rotor,0.997803,False
22092_897b0ffa,medium_rotor,1,23451_14c8d09e,medium_rotor,1.0,True
22092_897b0ffa,medium_rotor,2,22612_28fe0ac2,medium_rotor,1.0,True
22092_897b0ffa,medium_rotor,3,21224_18ba4aba,medium_rotor,0.999997,True
22092_897b0ffa,medium_rotor,4,22046_fe3bae6e,medium_rotor,0.999983,True
22092_897b0ffa,medium_rotor,5,20141_b9376856,medium_rotor,0.999974,True
22092_897b0ffa,medium_rotor,6,21529_93e51dd9,medium_rotor,0.999963,True
22092_897b0ffa,medium_rotor,7,22040_6461a147,medium_rotor,0.999963,True
22092_897b0ffa,medium_rotor,8,23041_8d3ea25c,medium_rotor,0.999963,True
22092_897b0ffa,medium_rotor,9,22059_b7d76712,medium_rotor,0.999957,True
22092_897b0ffa,medium_rotor,10,23373_f5dac851,medium_rotor,0.999957,True
20991_6795af4f,high_complexity_rotor,1,21300_ec7da33e,high_complexity_rotor,0.949996,True
20991_6795af4f,high_complexity_rotor,2,21685_93737a7a,high_complexity_rotor,0.949991,True
20991_6795af4f,high_complexity_rotor,3,23168_7fdf5427,high_complexity_rotor,0.949984,True
20991_6795af4f,high_complexity_rotor,4,23217_7c6062e3,high_complexity_rotor,0.94992,True
20991_6795af4f,high_complexity_rotor,5,20745_3e22ad07,high_complexity_rotor,0.94992,True
20991_6795af4f,high_complexity_rotor,6,23378_8d6426ae,high_complexity_rotor,0.949884,True
20991_6795af4f,high_complexity_rotor,7,23377_690165aa,high_complexity_rotor,0.949883,True
20991_6795af4f,high_complexity_rotor,8,22428_c1ffa51a,high_complexity_rotor,0.94984,True
20991_6795af4f,high_complexity_rotor,9,22278_12f1fb79,high_complexity_rotor,0.949778,True
20991_6795af4f,high_complexity_rotor,10,21174_861bd902,high_complexity_rotor,0.949381,True
23049_207a41f0,medium_rotor,1,23372_4cb88567,medium_rotor,1.0,True
23049_207a41f0,medium_rotor,2,21529_93e51dd9,medium_rotor,0.999998,True
23049_207a41f0,medium_rotor,3,22040_6461a147,medium_rotor,0.999998,True
23049_207a41f0,medium_rotor,4,23041_8d3ea25c,medium_rotor,0.999998,True
23049_207a41f0,medium_rotor,5,20141_b9376856,medium_rotor,0.999994,True
23049_207a41f0,medium_rotor,6,22461_0ba0e480,medium_rotor,0.999989,True
23049_207a41f0,medium_rotor,7,22046_fe3bae6e,medium_rotor,0.999987,True
23049_207a41f0,medium_rotor,8,22002_315afcfc,medium_rotor,0.999978,True
23049_207a41f0,medium_rotor,9,23493_57512264,medium_rotor,0.999978,True
23049_207a41f0,medium_rotor,10,22776_facf9bcf,medium_rotor,0.999972,True
22533_e7298b05,complex_assembly,1,20701_6dcbc975,high_complexity_rotor,0.999978,False
22533_e7298b05,complex_assembly,2,22430_c6f08b03,complex_assembly,0.99997,True
22533_e7298b05,complex_assembly,3,22413_901f5867,complex_assembly,0.999642,True
22533_e7298b05,complex_assembly,4,22056_79373464,complex_assembly,0.999642,True
22533_e7298b05,complex_assembly,5,23195_2629864e,complex_assembly,0.999594,True
22533_e7298b05,complex_assembly,6,21244_24c3ce72,complex_assembly,0.999249,True
22533_e7298b05,complex_assembly,7,22404_66db7dd7,complex_assembly,0.999137,True
22533_e7298b05,complex_assembly,8,19051_26735260,high_complexity_rotor,0.99884,False
22533_e7298b05,complex_assembly,9,23226_8d1b5098,complex_assembly,0.998827,True
22533_e7298b05,complex_assembly,10,22535_0ba01cc9,complex_assembly,0.998811,True
22638_37f9fe91,symmetric_rotor,1,22414_14ead4a3,symmetric_rotor,0.999957,True
22638_37f9fe91,symmetric_rotor,2,22654_4c426b0f,symmetric_rotor,0.999903,True
22638_37f9fe91,symmetric_rotor,3,22095_af226cbc,symmetric_rotor,0.999848,True
22638_37f9fe91,symmetric_rotor,4,21836_5bc91e49,symmetric_rotor,0.999822,True
22638_37f9fe91,symmetric_rotor,5,23127_38d73061,symmetric_rotor,0.999648,True
22638_37f9fe91,symmetric_rotor,6,23468_a0bfb573,symmetric_rotor,0.999547,True
22638_37f9fe91,symmetric_rotor,7,23221_42f37ae3,symmetric_rotor,0.999381,True
22638_37f9fe91,symmetric_rotor,8,20502_58b65de9,symmetric_rotor,0.999353,True
22638_37f9fe91,symmetric_rotor,9,7780_6c885e81,symmetric_rotor,0.999249,True
22638_37f9fe91,symmetric_rotor,10,22259_613f9d44,symmetric_rotor,0.999013,True
21617_ddd3657b,simple_rotor,1,21459_a9de5e5b,simple_rotor,1.0,True
21617_ddd3657b,simple_rotor,2,23164_659c91ef,simple_rotor,1.0,True
21617_ddd3657b,simple_rotor,3,22746_920025a0,simple_rotor,1.0,True
21617_ddd3657b,simple_rotor,4,23351_6104d55d,simple_rotor,1.0,True
21617_ddd3657b,simple_rotor,5,21243_3ec5d732,simple_rotor,1.0,True
21617_ddd3657b,simple_rotor,6,20342_c140780b,simple_rotor,1.0,True
21617_ddd3657b,simple_rotor,7,23387_c4aa9424,simple_rotor,1.0,True
21617_ddd3657b,simple_rotor,8,21793_4ad5e2c0,simple_rotor,1.0,True
21617_ddd3657b,simple_rotor,9,23163_7b143a6f,simple_rotor,1.0,True
21617_ddd3657b,simple_rotor,10,23403_e539620b,simple_rotor,1.0,True
21858_f1409ea2,medium_rotor,1,21621_711e1918,medium_rotor,0.999949,True
21858_f1409ea2,medium_rotor,2,23305_2662b29a,medium_rotor,0.999825,True
21858_f1409ea2,medium_rotor,3,22017_6d3be48d,medium_rotor,0.999624,True
21858_f1409ea2,medium_rotor,4,21424_9d516e3a,medium_rotor,0.999624,True
21858_f1409ea2,medium_rotor,5,22630_b6010fff,medium_rotor,0.999554,True
21858_f1409ea2,medium_rotor,6,20431_0088a0dd,medium_rotor,0.999245,True
21858_f1409ea2,medium_rotor,7,23028_2ca87745,medium_rotor,0.997127,True
21858_f1409ea2,medium_rotor,8,20239_49b65a55,medium_rotor,0.996878,True
21858_f1409ea2,medium_rotor,9,22082_39503fa6,medium_rotor,0.996555,True
21858_f1409ea2,medium_rotor,10,22035_101c7ab4,medium_rotor,0.996311,True
21028_d4d30a2e,medium_rotor,1,20789_1809f41f,medium_rotor,0.994151,True
21028_d4d30a2e,medium_rotor,2,23374_57cca189,medium_rotor,0.984313,True
21028_d4d30a2e,medium_rotor,3,21292_f94bd96b,medium_rotor,0.975651,True
21028_d4d30a2e,medium_rotor,4,21816_3891a442,medium_rotor,0.949657,True
21028_d4d30a2e,medium_rotor,5,22323_aa6edb8b,medium_rotor,0.949472,True
21028_d4d30a2e,medium_rotor,6,22045_ead71aca,medium_rotor,0.94931,True
21028_d4d30a2e,medium_rotor,7,20779_fc5a7c3d,medium_rotor,0.94931,True
21028_d4d30a2e,medium_rotor,8,21552_4e9c19b1,medium_rotor,0.948864,True
21028_d4d30a2e,medium_rotor,9,22072_5163223a,medium_rotor,0.948785,True
21028_d4d30a2e,medium_rotor,10,20319_9f53cd7c,medium_rotor,0.948349,True
21541_abc67be6,medium_rotor,1,23213_3df3cb34,medium_rotor,1.0,True
21541_abc67be6,medium_rotor,2,22383_e5f707a7,medium_rotor,1.0,True
21541_abc67be6,medium_rotor,3,20322_daa5c577,medium_rotor,1.0,True
21541_abc67be6,medium_rotor,4,22852_dc1dbed6,medium_rotor,1.0,True
21541_abc67be6,medium_rotor,5,21974_1997ebc3,medium_rotor,1.0,True
21541_abc67be6,medium_rotor,6,22577_cd96733e,medium_rotor,1.0,True
21541_abc67be6,medium_rotor,7,21594_428d32af,medium_rotor,1.0,True
21541_abc67be6,medium_rotor,8,23480_3f7a8d50,medium_rotor,1.0,True
21541_abc67be6,medium_rotor,9,21091_bbf490e7,medium_rotor,1.0,True
21541_abc67be6,medium_rotor,10,23417_9a9e9937,medium_rotor,1.0,True
22826_199df203,medium_rotor,1,23213_3df3cb34,medium_rotor,1.0,True
22826_199df203,medium_rotor,2,22383_e5f707a7,medium_rotor,1.0,True
22826_199df203,medium_rotor,3,20322_daa5c577,medium_rotor,1.0,True
22826_199df203,medium_rotor,4,22852_dc1dbed6,medium_rotor,1.0,True
22826_199df203,medium_rotor,5,21974_1997ebc3,medium_rotor,1.0,True
22826_199df203,medium_rotor,6,22577_cd96733e,medium_rotor,1.0,True
22826_199df203,medium_rotor,7,21594_428d32af,medium_rotor,1.0,True
22826_199df203,medium_rotor,8,23480_3f7a8d50,medium_rotor,1.0,True
22826_199df203,medium_rotor,9,21091_bbf490e7,medium_rotor,1.0,True
22826_199df203,medium_rotor,10,23417_9a9e9937,medium_rotor,1.0,True
22227_aca28ff2,simple_rotor,1,22378_234fea2c,simple_rotor,1.0,True
22227_aca28ff2,simple_rotor,2,20186_f66e4ad3,simple_rotor,1.0,True
22227_aca28ff2,simple_rotor,3,20436_41b730a3,simple_rotor,1.0,True
22227_aca28ff2,simple_rotor,4,23215_08a54de0,simple_rotor,1.0,True
22227_aca28ff2,simple_rotor,5,21165_5cb2d287,simple_rotor,1.0,True
22227_aca28ff2,simple_rotor,6,21588_0c48dc5f,simple_rotor,0.999041,True
22227_aca28ff2,simple_rotor,7,21391_78fc6345,simple_rotor,0.998465,True
22227_aca28ff2,simple_rotor,8,23341_d5ead6d2,simple_rotor,0.998271,True
22227_aca28ff2,simple_rotor,9,22837_7644c972,simple_rotor,0.996005,True
22227_aca28ff2,simple_rotor,10,23136_2b469508,simple_rotor,0.994901,True
22902_83870421,simple_rotor,1,21459_a9de5e5b,simple_rotor,1.0,True
22902_83870421,simple_rotor,2,23164_659c91ef,simple_rotor,1.0,True
22902_83870421,simple_rotor,3,22746_920025a0,simple_rotor,1.0,True
22902_83870421,simple_rotor,4,23351_6104d55d,simple_rotor,1.0,True
22902_83870421,simple_rotor,5,21243_3ec5d732,simple_rotor,1.0,True
22902_83870421,simple_rotor,6,20342_c140780b,simple_rotor,1.0,True
22902_83870421,simple_rotor,7,23387_c4aa9424,simple_rotor,1.0,True
22902_83870421,simple_rotor,8,21793_4ad5e2c0,simple_rotor,1.0,True
22902_83870421,simple_rotor,9,23163_7b143a6f,simple_rotor,1.0,True
22902_83870421,simple_rotor,10,23403_e539620b,simple_rotor,1.0,True
21665_2e14b6ff,simple_rotor,1,20551_ff28a959,simple_rotor,1.0,True
21665_2e14b6ff,simple_rotor,2,20806_ca60b7ae,simple_rotor,1.0,True
21665_2e14b6ff,simple_rotor,3,20429_9dd95c38,simple_rotor,1.0,True
21665_2e14b6ff,simple_rotor,4,22154_24342da4,simple_rotor,1.0,True
21665_2e14b6ff,simple_rotor,5,22129_48b47c52,simple_rotor,1.0,True
21665_2e14b6ff,simple_rotor,6,21257_770fee9a,simple_rotor,1.0,True
21665_2e14b6ff,simple_rotor,7,20429_419c4cdd,simple_rotor,1.0,True
21665_2e14b6ff,simple_rotor,8,20946_6573271d,simple_rotor,1.0,True
21665_2e14b6ff,simple_rotor,9,22047_5a090f16,simple_rotor,1.0,True
21665_2e14b6ff,simple_rotor,10,22140_9cda24cc,simple_rotor,1.0,True
20813_726b2714,simple_rotor,1,21459_a9de5e5b,simple_rotor,1.0,True
20813_726b2714,simple_rotor,2,23164_659c91ef,simple_rotor,1.0,True
20813_726b2714,simple_rotor,3,22746_920025a0,simple_rotor,1.0,True
20813_726b2714,simple_rotor,4,23351_6104d55d,simple_rotor,1.0,True
20813_726b2714,simple_rotor,5,21243_3ec5d732,simple_rotor,1.0,True
20813_726b2714,simple_rotor,6,20342_c140780b,simple_rotor,1.0,True
20813_726b2714,simple_rotor,7,23387_c4aa9424,simple_rotor,1.0,True
20813_726b2714,simple_rotor,8,21793_4ad5e2c0,simple_rotor,1.0,True
20813_726b2714,simple_rotor,9,23163_7b143a6f,simple_rotor,1.0,True
20813_726b2714,simple_rotor,10,23403_e539620b,simple_rotor,1.0,True
20429_4c909f3f,simple_rotor,1,20801_0796e2ee,simple_rotor,0.2,True
20429_4c909f3f,simple_rotor,2,22378_234fea2c,simple_rotor,0.2,True
20429_4c909f3f,simple_rotor,3,21616_c6c3347a,simple_rotor,0.2,True
20429_4c909f3f,simple_rotor,4,23439_18900af2,simple_rotor,0.2,True
20429_4c909f3f,simple_rotor,5,23006_92c5b990,simple_rotor,0.2,True
20429_4c909f3f,simple_rotor,6,23435_e1c96b4d,simple_rotor,0.2,True
20429_4c909f3f,simple_rotor,7,22053_de30641b,simple_rotor,0.2,True
20429_4c909f3f,simple_rotor,8,20259_de1ab632,simple_rotor,0.2,True
20429_4c909f3f,simple_rotor,9,22891_b8c84495,simple_rotor,0.2,True
20429_4c909f3f,simple_rotor,10,20467_f1fcc009,simple_rotor,0.2,True
23373_f5dac851,medium_rotor,1,22059_b7d76712,medium_rotor,1.0,True
23373_f5dac851,medium_rotor,2,21224_18ba4aba,medium_rotor,0.999977,True
23373_f5dac851,medium_rotor,3,23044_9a964a68,medium_rotor,0.999964,True
23373_f5dac851,medium_rotor,4,23451_14c8d09e,medium_rotor,0.999957,True
23373_f5dac851,medium_rotor,5,22612_28fe0ac2,medium_rotor,0.999957,True
23373_f5dac851,medium_rotor,6,22092_897b0ffa,medium_rotor,0.999957,True
23373_f5dac851,medium_rotor,7,20281_a29f9a18,medium_rotor,0.999949,True
23373_f5dac851,medium_rotor,8,23322_8f85d82d,medium_rotor,0.999892,True
23373_f5dac851,medium_rotor,9,22046_fe3bae6e,medium_rotor,0.999886,True
23373_f5dac851,medium_rotor,10,21202_e452c491,medium_rotor,0.999869,True
21794_4d137e7d,medium_rotor,1,23213_3df3cb34,medium_rotor,1.0,True
21794_4d137e7d,medium_rotor,2,22383_e5f707a7,medium_rotor,1.0,True
21794_4d137e7d,medium_rotor,3,20322_daa5c577,medium_rotor,1.0,True
21794_4d137e7d,medium_rotor,4,22852_dc1dbed6,medium_rotor,1.0,True
21794_4d137e7d,medium_rotor,5,21974_1997ebc3,medium_rotor,1.0,True
21794_4d137e7d,medium_rotor,6,22577_cd96733e,medium_rotor,1.0,True
21794_4d137e7d,medium_rotor,7,21594_428d32af,medium_rotor,1.0,True
21794_4d137e7d,medium_rotor,8,23480_3f7a8d50,medium_rotor,1.0,True
21794_4d137e7d,medium_rotor,9,21091_bbf490e7,medium_rotor,1.0,True
21794_4d137e7d,medium_rotor,10,23417_9a9e9937,medium_rotor,1.0,True
22065_0d414124,complex_assembly,1,23273_8f301ce3,complex_assembly,0.999982,True
22065_0d414124,complex_assembly,2,22652_dc7405ef,high_complexity_rotor,0.999717,False
22065_0d414124,complex_assembly,3,20546_87dbd755,complex_assembly,0.999703,True
22065_0d414124,complex_assembly,4,22211_b1ee53f0,complex_assembly,0.999612,True
22065_0d414124,complex_assembly,5,22306_c3dca308,complex_assembly,0.999144,True
22065_0d414124,complex_assembly,6,20818_098cad7c,high_complexity_rotor,0.999109,False
22065_0d414124,complex_assembly,7,20279_aed6b3b3,high_complexity_rotor,0.998859,False
22065_0d414124,complex_assembly,8,21697_06656699,high_complexity_rotor,0.99884,False
22065_0d414124,complex_assembly,9,23419_ea47995f,complex_assembly,0.998741,True
22065_0d414124,complex_assembly,10,21709_4dd88551,high_complexity_rotor,0.998536,False
22224_1e749c32,medium_rotor,1,21625_d5d4c9a7,medium_rotor,0.999634,True
22224_1e749c32,medium_rotor,2,20285_b64b1a7e,medium_rotor,0.999257,True
22224_1e749c32,medium_rotor,3,22061_b50b6b66,medium_rotor,0.999257,True
22224_1e749c32,medium_rotor,4,21695_1f33863f,medium_rotor,0.999113,True
22224_1e749c32,medium_rotor,5,22218_2f85f6ae,medium_rotor,0.998992,True
22224_1e749c32,medium_rotor,6,23323_075a079e,medium_rotor,0.998802,True
22224_1e749c32,medium_rotor,7,21185_ac5324ba,medium_rotor,0.998727,True
22224_1e749c32,medium_rotor,8,21737_87d83240,medium_rotor,0.997754,True
22224_1e749c32,medium_rotor,9,20504_c9e14c9d,medium_rotor,0.992483,True
22224_1e749c32,medium_rotor,10,20421_83f66ddc,medium_rotor,0.99133,True
22047_5a090f16,simple_rotor,1,22140_9cda24cc,simple_rotor,1.0,True
22047_5a090f16,simple_rotor,2,20946_6573271d,simple_rotor,1.0,True
22047_5a090f16,simple_rotor,3,22154_24342da4,simple_rotor,1.0,True
22047_5a090f16,simple_rotor,4,22129_48b47c52,simple_rotor,1.0,True
22047_5a090f16,simple_rotor,5,21257_770fee9a,simple_rotor,1.0,True
22047_5a090f16,simple_rotor,6,21665_2e14b6ff,simple_rotor,1.0,True
22047_5a090f16,simple_rotor,7,20429_419c4cdd,simple_rotor,1.0,True
22047_5a090f16,simple_rotor,8,20551_ff28a959,simple_rotor,1.0,True
22047_5a090f16,simple_rotor,9,20429_9dd95c38,simple_rotor,1.0,True
22047_5a090f16,simple_rotor,10,20806_ca60b7ae,simple_rotor,1.0,True
20952_b8a54213,complex_assembly,1,22535_0ba01cc9,complex_assembly,0.999989,True
20952_b8a54213,complex_assembly,2,19051_26735260,high_complexity_rotor,0.999986,False
20952_b8a54213,complex_assembly,3,21545_4384f96e,complex_assembly,0.999981,True
20952_b8a54213,complex_assembly,4,21582_a3d32115,complex_assembly,0.999971,True
20952_b8a54213,complex_assembly,5,23235_f9ccb8b0,complex_assembly,0.999954,True
20952_b8a54213,complex_assembly,6,21986_67c5509a,complex_assembly,0.999865,True
20952_b8a54213,complex_assembly,7,22298_51433023,complex_assembly,0.999853,True
20952_b8a54213,complex_assembly,8,23195_2629864e,complex_assembly,0.999687,True
20952_b8a54213,complex_assembly,9,22413_901f5867,complex_assembly,0.999642,True
20952_b8a54213,complex_assembly,10,20165_2b088be5,high_complexity_rotor,0.99961,False
21490_d07ff9f8,symmetric_rotor,1,22259_613f9d44,symmetric_rotor,0.999999,True
21490_d07ff9f8,symmetric_rotor,2,7780_6c885e81,symmetric_rotor,0.999981,True
21490_d07ff9f8,symmetric_rotor,3,23320_e0711ae9,symmetric_rotor,0.999981,True
21490_d07ff9f8,symmetric_rotor,4,23221_42f37ae3,symmetric_rotor,0.999923,True
21490_d07ff9f8,symmetric_rotor,5,20609_69f28932,symmetric_rotor,0.999923,True
21490_d07ff9f8,symmetric_rotor,6,22706_58a933f4,symmetric_rotor,0.999918,True
21490_d07ff9f8,symmetric_rotor,7,22399_97987ada,symmetric_rotor,0.999835,True
21490_d07ff9f8,symmetric_rotor,8,22049_4da0d894,symmetric_rotor,0.999832,True
21490_d07ff9f8,symmetric_rotor,9,21386_e234c6b6,symmetric_rotor,0.999832,True
21490_d07ff9f8,symmetric_rotor,10,23127_38d73061,symmetric_rotor,0.999827,True
23041_8d3ea25c,medium_rotor,1,22040_6461a147,medium_rotor,1.0,True
23041_8d3ea25c,medium_rotor,2,21529_93e51dd9,medium_rotor,1.0,True
23041_8d3ea25c,medium_rotor,3,20141_b9376856,medium_rotor,0.999999,True
23041_8d3ea25c,medium_rotor,4,23372_4cb88567,medium_rotor,0.999998,True
23041_8d3ea25c,medium_rotor,5,23049_207a41f0,medium_rotor,0.999998,True
23041_8d3ea25c,medium_rotor,6,22046_fe3bae6e,medium_rotor,0.999996,True
23041_8d3ea25c,medium_rotor,7,22461_0ba0e480,medium_rotor,0.999977,True
23041_8d3ea25c,medium_rotor,8,22612_28fe0ac2,medium_rotor,0.999963,True
23041_8d3ea25c,medium_rotor,9,23451_14c8d09e,medium_rotor,0.999963,True
23041_8d3ea25c,medium_rotor,10,22092_897b0ffa,medium_rotor,0.999963,True
22241_535ad84b,simple_rotor,1,22304_33009be6,simple_rotor,0.999991,True
22241_535ad84b,simple_rotor,2,21810_718ae2fe,simple_rotor,0.999984,True
22241_535ad84b,simple_rotor,3,20438_5f344b00,simple_rotor,0.999984,True
22241_535ad84b,simple_rotor,4,21862_ec534e16,simple_rotor,0.999951,True
22241_535ad84b,simple_rotor,5,22136_a539c50b,simple_rotor,0.999951,True
22241_535ad84b,simple_rotor,6,20731_fbdc7731,simple_rotor,0.999951,True
22241_535ad84b,simple_rotor,7,22367_b4a67e61,simple_rotor,0.999951,True
22241_535ad84b,simple_rotor,8,22508_6bb410af,simple_rotor,0.999951,True
22241_535ad84b,simple_rotor,9,23103_43bde2a6,simple_rotor,0.999936,True
22241_535ad84b,simple_rotor,10,20822_5bb36119,simple_rotor,0.999936,True
23022_86e6a8a0,simple_rotor,1,21459_a9de5e5b,simple_rotor,1.0,True
23022_86e6a8a0,simple_rotor,2,23164_659c91ef,simple_rotor,1.0,True
23022_86e6a8a0,simple_rotor,3,22746_920025a0,simple_rotor,1.0,True
23022_86e6a8a0,simple_rotor,4,23351_6104d55d,simple_rotor,1.0,True
23022_86e6a8a0,simple_rotor,5,21243_3ec5d732,simple_rotor,1.0,True
23022_86e6a8a0,simple_rotor,6,20342_c140780b,simple_rotor,1.0,True
23022_86e6a8a0,simple_rotor,7,23387_c4aa9424,simple_rotor,1.0,True
23022_86e6a8a0,simple_rotor,8,21793_4ad5e2c0,simple_rotor,1.0,True
23022_86e6a8a0,simple_rotor,9,23163_7b143a6f,simple_rotor,1.0,True
23022_86e6a8a0,simple_rotor,10,23403_e539620b,simple_rotor,1.0,True
23053_139f2009,high_complexity_rotor,1,22405_20f11d58,high_complexity_rotor,1.0,True
23053_139f2009,high_complexity_rotor,2,22528_f3370a64,high_complexity_rotor,1.0,True
23053_139f2009,high_complexity_rotor,3,23130_7417d5b3,high_complexity_rotor,1.0,True
23053_139f2009,high_complexity_rotor,4,22193_c8773ded,high_complexity_rotor,1.0,True
23053_139f2009,high_complexity_rotor,5,21450_ea24ffcc,high_complexity_rotor,1.0,True
23053_139f2009,high_complexity_rotor,6,21926_b4c7068b,high_complexity_rotor,1.0,True
23053_139f2009,high_complexity_rotor,7,21063_037107dc,high_complexity_rotor,1.0,True
23053_139f2009,high_complexity_rotor,8,20500_e88d8065,high_complexity_rotor,1.0,True
23053_139f2009,high_complexity_rotor,9,22402_a62e84b4,high_complexity_rotor,1.0,True
23053_139f2009,high_complexity_rotor,10,23002_4d53fb3f,high_complexity_rotor,1.0,True
23037_d0df320c,symmetric_rotor,1,22659_0e686e14,symmetric_rotor,0.999999,True
23037_d0df320c,symmetric_rotor,2,22434_2ad62ed6,symmetric_rotor,0.999999,True
23037_d0df320c,symmetric_rotor,3,21692_777db9e2,symmetric_rotor,0.999999,True
23037_d0df320c,symmetric_rotor,4,20237_06b27bf5,symmetric_rotor,0.999999,True
23037_d0df320c,symmetric_rotor,5,22155_ab18f2b6,symmetric_rotor,0.999999,True
23037_d0df320c,symmetric_rotor,6,21961_1a090a8b,symmetric_rotor,0.999999,True
23037_d0df320c,symmetric_rotor,7,22892_68138f24,symmetric_rotor,0.999999,True
23037_d0df320c,symmetric_rotor,8,21248_0a862e3e,symmetric_rotor,0.999999,True
23037_d0df320c,symmetric_rotor,9,22983_0ab3faaf,symmetric_rotor,0.999999,True
23037_d0df320c,symmetric_rotor,10,22365_a4eb929c,symmetric_rotor,0.999999,True
22416_4cd31921,high_complexity_rotor,1,22893_eb8aa8ac,high_complexity_rotor,1.0,True
22416_4cd31921,high_complexity_rotor,2,22419_dfeb5d33,high_complexity_rotor,0.999999,True
22416_4cd31921,high_complexity_rotor,3,20620_8a5226b4,high_complexity_rotor,0.999999,True
22416_4cd31921,high_complexity_rotor,4,23101_6aec02ee,high_complexity_rotor,0.999999,True
22416_4cd31921,high_complexity_rotor,5,22576_d05619d1,high_complexity_rotor,0.999996,True
22416_4cd31921,high_complexity_rotor,6,21838_5bc448b4,high_complexity_rotor,0.999982,True
22416_4cd31921,high_complexity_rotor,7,21839_a8eb6d34,high_complexity_rotor,0.999981,True
22416_4cd31921,high_complexity_rotor,8,20643_71ad3d26,high_complexity_rotor,0.999978,True
22416_4cd31921,high_complexity_rotor,9,21843_effbd24d,high_complexity_rotor,0.999973,True
22416_4cd31921,high_complexity_rotor,10,21081_72fa4ad1,high_complexity_rotor,0.999973,True
21391_78fc6345,simple_rotor,1,23136_2b469508,simple_rotor,0.99896,True
21391_78fc6345,simple_rotor,2,21165_5cb2d287,simple_rotor,0.998465,True
21391_78fc6345,simple_rotor,3,22378_234fea2c,simple_rotor,0.998465,True
21391_78fc6345,simple_rotor,4,22227_aca28ff2,simple_rotor,0.998465,True
21391_78fc6345,simple_rotor,5,23215_08a54de0,simple_rotor,0.998465,True
21391_78fc6345,simple_rotor,6,20436_41b730a3,simple_rotor,0.998465,True
21391_78fc6345,simple_rotor,7,20186_f66e4ad3,simple_rotor,0.998465,True
21391_78fc6345,simple_rotor,8,21588_0c48dc5f,simple_rotor,0.995083,True
21391_78fc6345,simple_rotor,9,22862_f5406bb0,simple_rotor,0.994971,True
21391_78fc6345,simple_rotor,10,20841_1620ae7d,simple_rotor,0.994971,True
21134_7aa7cd89,high_complexity_rotor,1,20675_66ac9773,high_complexity_rotor,0.999957,True
21134_7aa7cd89,high_complexity_rotor,2,19596_fb9531a5,high_complexity_rotor,0.999785,True
21134_7aa7cd89,high_complexity_rotor,3,23310_7daded69,high_complexity_rotor,0.99961,True
21134_7aa7cd89,high_complexity_rotor,4,23258_87a2ba81,high_complexity_rotor,0.999542,True
21134_7aa7cd89,high_complexity_rotor,5,23377_690165aa,high_complexity_rotor,0.999542,True
21134_7aa7cd89,high_complexity_rotor,6,20959_d4905d19,high_complexity_rotor,0.999487,True
21134_7aa7cd89,high_complexity_rotor,7,22360_42cd6a21,high_complexity_rotor,0.999479,True
21134_7aa7cd89,high_complexity_rotor,8,20745_3e22ad07,high_complexity_rotor,0.999345,True
21134_7aa7cd89,high_complexity_rotor,9,23217_7c6062e3,high_complexity_rotor,0.999345,True
21134_7aa7cd89,high_complexity_rotor,10,23168_7fdf5427,high_complexity_rotor,0.99933,True
21700_28d193ac,high_complexity_rotor,1,21069_508a9947,complex_assembly,0.999996,False
21700_28d193ac,high_complexity_rotor,2,21656_964b0c84,high_complexity_rotor,0.999969,True
21700_28d193ac,high_complexity_rotor,3,22079_31335df2,complex_assembly,0.999888,False
21700_28d193ac,high_complexity_rotor,4,20430_975b8dcf,high_complexity_rotor,0.999839,True
21700_28d193ac,high_complexity_rotor,5,20260_4a01a99d,high_complexity_rotor,0.999774,True
21700_28d193ac,high_complexity_rotor,6,21708_e61bd657,complex_assembly,0.999587,False
21700_28d193ac,high_complexity_rotor,7,23162_7e2f3d77,complex_assembly,0.998987,False
21700_28d193ac,high_complexity_rotor,8,21351_675c66b1,complex_assembly,0.99818,False
21700_28d193ac,high_complexity_rotor,9,21741_c6faf98e,complex_assembly,0.99677,False
21700_28d193ac,high_complexity_rotor,10,21859_35124f79,complex_assembly,0.99554,False
