query_assembly,query_family,rank,retrieved_assembly,retrieved_family,similarity,correct
21448_5646a1b6,simple_rotor,1,22399_97987ada,symmetric_rotor,0.999999,False
21448_5646a1b6,simple_rotor,2,21386_e234c6b6,symmetric_rotor,0.999995,False
21448_5646a1b6,simple_rotor,3,22049_4da0d894,symmetric_rotor,0.999995,False
21448_5646a1b6,simple_rotor,4,22678_ff42f120,symmetric_rotor,0.999989,False
21448_5646a1b6,simple_rotor,5,21478_8fbd4409,symmetric_rotor,0.999989,False
21448_5646a1b6,simple_rotor,6,21037_62248d34,symmetric_rotor,0.999989,False
21448_5646a1b6,simple_rotor,7,20384_767d849a,simple_rotor,0.999989,True
21448_5646a1b6,simple_rotor,8,22236_db209dff,simple_rotor,0.999989,True
21448_5646a1b6,simple_rotor,9,22331_152ee5c0,high_complexity_rotor,0.99998,False
21448_5646a1b6,simple_rotor,10,20585_09b72895,symmetric_rotor,0.999977,False
22312_3f366a4a,symmetric_rotor,1,22421_19401bdd,high_complexity_rotor,1.0,False
22312_3f366a4a,symmetric_rotor,2,22304_33009be6,simple_rotor,0.999999,False
22312_3f366a4a,symmetric_rotor,3,23170_6ea8ded5,symmetric_rotor,0.999999,True
22312_3f366a4a,symmetric_rotor,4,22027_11a2e852,high_complexity_rotor,0.999995,False
22312_3f366a4a,symmetric_rotor,5,20697_d3e106b4,high_complexity_rotor,0.999995,False
22312_3f366a4a,symmetric_rotor,6,21958_e48ddf4e,symmetric_rotor,0.999995,True
22312_3f366a4a,symmetric_rotor,7,23155_d7305c5f,high_complexity_rotor,0.999989,False
22312_3f366a4a,symmetric_rotor,8,22241_535ad84b,simple_rotor,0.99998,False
22312_3f366a4a,symmetric_rotor,9,23329_6939d5d9,high_complexity_rotor,0.99998,False
22312_3f366a4a,symmetric_rotor,10,21849_a5f563a6,high_complexity_rotor,0.999977,False
20756_75f43564,simple_rotor,1,22377_d490f505,simple_rotor,1.0,True
20756_75f43564,simple_rotor,2,20802_802b7d69,simple_rotor,1.0,True
20756_75f43564,simple_rotor,3,20332_0c2a24aa,simple_rotor,1.0,True
20756_75f43564,simple_rotor,4,20340_86125547,simple_rotor,1.0,True
20756_75f43564,simple_rotor,5,20803_473c87ac,simple_rotor,1.0,True
20756_75f43564,simple_rotor,6,21590_7d092186,medium_rotor,1.0,False
20756_75f43564,simple_rotor,7,20994_9c88b1ba,simple_rotor,1.0,True
20756_75f43564,simple_rotor,8,20341_6a1588fb,simple_rotor,1.0,True
20756_75f43564,simple_rotor,9,22374_aa5bb54d,simple_rotor,1.0,True
20756_75f43564,simple_rotor,10,20814_5a2be0fb,simple_rotor,1.0,True
21708_e61bd657,complex_assembly,1,20431_0088a0dd,medium_rotor,0.999965,False
21708_e61bd657,complex_assembly,2,20260_4a01a99d,high_complexity_rotor,0.999965,False
21708_e61bd657,complex_assembly,3,20157_db99ab88,medium_rotor,0.999965,False
21708_e61bd657,complex_assembly,4,20430_975b8dcf,high_complexity_rotor,0.999928,False
21708_e61bd657,complex_assembly,5,21164_de08f61e,medium_rotor,0.999891,False
21708_e61bd657,complex_assembly,6,22079_31335df2,complex_assembly,0.999882,True
21708_e61bd657,complex_assembly,7,22630_b6010fff,medium_rotor,0.99983,False
21708_e61bd657,complex_assembly,8,20421_38b63ca5,medium_rotor,0.999671,False
21708_e61bd657,complex_assembly,9,21069_508a9947,complex_assembly,0.999584,True
21708_e61bd657,complex_assembly,10,21700_28d193ac,high_complexity_rotor,0.999484,False
23311_ad36a9ec,simple_rotor,1,20672_0bc07cce,simple_rotor,1.0,True
23311_ad36a9ec,simple_rotor,2,22843_ff77027f,simple_rotor,1.0,True
23311_ad36a9ec,simple_rotor,3,23502_5a80f907,medium_rotor,1.0,False
23311_ad36a9ec,simple_rotor,4,23048_8a1a5553,high_complexity_rotor,1.0,False
23311_ad36a9ec,simple_rotor,5,22528_f3370a64,high_complexity_rotor,1.0,False
23311_ad36a9ec,simple_rotor,6,20322_5a8c6077,medium_rotor,1.0,False
23311_ad36a9ec,simple_rotor,7,20231_f54462bb,simple_rotor,1.0,True
23311_ad36a9ec,simple_rotor,8,21884_cc2c39f9,medium_rotor,1.0,False
23311_ad36a9ec,simple_rotor,9,22405_20f11d58,high_complexity_rotor,1.0,False
23311_ad36a9ec,simple_rotor,10,21274_2fb8c3f5,simple_rotor,1.0,True
22680_1f4026f6,medium_rotor,1,22832_731d3b9f,medium_rotor,1.0,True
22680_1f4026f6,medium_rotor,2,22372_e91792a1,medium_rotor,1.0,True
22680_1f4026f6,medium_rotor,3,23376_9b48819a,high_complexity_rotor,0.999962,False
22680_1f4026f6,medium_rotor,4,23331_192866b6,medium_rotor,0.999896,True
22680_1f4026f6,medium_rotor,5,23204_ff1672a9,complex_assembly,0.999653,False
22680_1f4026f6,medium_rotor,6,22987_37973191,medium_rotor,0.999131,True
22680_1f4026f6,medium_rotor,7,20668_b2f2633e,high_complexity_rotor,0.998911,False
22680_1f4026f6,medium_rotor,8,21425_d0d47a2a,high_complexity_rotor,0.998911,False
22680_1f4026f6,medium_rotor,9,22483_f4e4b62a,complex_assembly,0.99833,False
22680_1f4026f6,medium_rotor,10,22376_3ebc82a2,medium_rotor,0.998247,True
21265_7329c813,simple_rotor,1,20672_0bc07cce,simple_rotor,1.0,True
21265_7329c813,simple_rotor,2,22843_ff77027f,simple_rotor,1.0,True
21265_7329c813,simple_rotor,3,23502_5a80f907,medium_rotor,1.0,False
21265_7329c813,simple_rotor,4,23048_8a1a5553,high_complexity_rotor,1.0,False
21265_7329c813,simple_rotor,5,22528_f3370a64,high_complexity_rotor,1.0,False
21265_7329c813,simple_rotor,6,20322_5a8c6077,medium_rotor,1.0,False
21265_7329c813,simple_rotor,7,20231_f54462bb,simple_rotor,1.0,True
21265_7329c813,simple_rotor,8,21884_cc2c39f9,medium_rotor,1.0,False
21265_7329c813,simple_rotor,9,22405_20f11d58,high_complexity_rotor,1.0,False
21265_7329c813,simple_rotor,10,21274_2fb8c3f5,simple_rotor,1.0,True
22832_731d3b9f,medium_rotor,1,22680_1f4026f6,medium_rotor,1.0,True
22832_731d3b9f,medium_rotor,2,22372_e91792a1,medium_rotor,1.0,True
22832_731d3b9f,medium_rotor,3,23376_9b48819a,high_complexity_rotor,0.999962,False
22832_731d3b9f,medium_rotor,4,23331_192866b6,medium_rotor,0.999896,True
22832_731d3b9f,medium_rotor,5,23204_ff1672a9,complex_assembly,0.999653,False
22832_731d3b9f,medium_rotor,6,22987_37973191,medium_rotor,0.999131,True
22832_731d3b9f,medium_rotor,7,20668_b2f2633e,high_complexity_rotor,0.998911,False
22832_731d3b9f,medium_rotor,8,21425_d0d47a2a,high_complexity_rotor,0.998911,False
22832_731d3b9f,medium_rotor,9,22483_f4e4b62a,complex_assembly,0.99833,False
22832_731d3b9f,medium_rotor,10,22376_3ebc82a2,medium_rotor,0.998247,True
23476_705b76d1,medium_rotor,1,20672_0bc07cce,simple_rotor,1.0,False
23476_705b76d1,medium_rotor,2,22843_ff77027f,simple_rotor,1.0,False
23476_705b76d1,medium_rotor,3,23502_5a80f907,medium_rotor,1.0,True
23476_705b76d1,medium_rotor,4,23048_8a1a5553,high_complexity_rotor,1.0,False
23476_705b76d1,medium_rotor,5,22528_f3370a64,high_complexity_rotor,1.0,False
23476_705b76d1,medium_rotor,6,20322_5a8c6077,medium_rotor,1.0,True
23476_705b76d1,medium_rotor,7,20231_f54462bb,simple_rotor,1.0,False
23476_705b76d1,medium_rotor,8,21884_cc2c39f9,medium_rotor,1.0,True
23476_705b76d1,medium_rotor,9,22405_20f11d58,high_complexity_rotor,1.0,False
23476_705b76d1,medium_rotor,10,21274_2fb8c3f5,simple_rotor,1.0,False
22131_6b4b60f8,simple_rotor,1,21292_f94bd96b,medium_rotor,1.0,False
22131_6b4b60f8,simple_rotor,2,21202_e452c491,medium_rotor,0.999999,False
22131_6b4b60f8,simple_rotor,3,23322_8f85d82d,medium_rotor,0.999996,False
22131_6b4b60f8,simple_rotor,4,20278_d442e77d,medium_rotor,0.999978,False
22131_6b4b60f8,simple_rotor,5,21005_9feee615,high_complexity_rotor,0.999967,False
22131_6b4b60f8,simple_rotor,6,23318_65e3a7c9,medium_rotor,0.999967,False
22131_6b4b60f8,simple_rotor,7,20281_a29f9a18,medium_rotor,0.999967,False
22131_6b4b60f8,simple_rotor,8,22180_ce7c3bd8,simple_rotor,0.999967,True
22131_6b4b60f8,simple_rotor,9,23044_9a964a68,medium_rotor,0.999951,False
22131_6b4b60f8,simple_rotor,10,20259_de1ab632,simple_rotor,0.999941,True
20994_9c88b1ba,simple_rotor,1,22377_d490f505,simple_rotor,1.0,True
20994_9c88b1ba,simple_rotor,2,22374_aa5bb54d,simple_rotor,1.0,True
20994_9c88b1ba,simple_rotor,3,20756_75f43564,simple_rotor,1.0,True
20994_9c88b1ba,simple_rotor,4,20802_802b7d69,simple_rotor,1.0,True
20994_9c88b1ba,simple_rotor,5,20332_0c2a24aa,simple_rotor,1.0,True
20994_9c88b1ba,simple_rotor,6,21590_7d092186,medium_rotor,1.0,False
20994_9c88b1ba,simple_rotor,7,20340_86125547,simple_rotor,1.0,True
20994_9c88b1ba,simple_rotor,8,20803_473c87ac,simple_rotor,1.0,True
20994_9c88b1ba,simple_rotor,9,20341_6a1588fb,simple_rotor,1.0,True
20994_9c88b1ba,simple_rotor,10,20814_5a2be0fb,simple_rotor,1.0,True
22026_62afa265,simple_rotor,1,21248_0a862e3e,symmetric_rotor,1.0,False
22026_62afa265,simple_rotor,2,22983_0ab3faaf,symmetric_rotor,1.0,False
22026_62afa265,simple_rotor,3,21186_d1698d8c,symmetric_rotor,1.0,False
22026_62afa265,simple_rotor,4,21862_ec534e16,simple_rotor,1.0,True
22026_62afa265,simple_rotor,5,22508_6bb410af,simple_rotor,1.0,True
22026_62afa265,simple_rotor,6,22155_ab18f2b6,symmetric_rotor,1.0,False
22026_62afa265,simple_rotor,7,20421_0fd51709,high_complexity_rotor,1.0,False
22026_62afa265,simple_rotor,8,22893_eb8aa8ac,high_complexity_rotor,1.0,False
22026_62afa265,simple_rotor,9,22892_68138f24,symmetric_rotor,1.0,False
22026_62afa265,simple_rotor,10,22136_a539c50b,simple_rotor,1.0,True
22021_520ec8c3,medium_rotor,1,21008_a3fec63b,medium_rotor,1.0,True
22021_520ec8c3,medium_rotor,2,21391_78fc6345,simple_rotor,1.0,False
22021_520ec8c3,medium_rotor,3,21580_b8b2571b,high_complexity_rotor,0.999993,False
22021_520ec8c3,medium_rotor,4,21718_1551037b,complex_assembly,0.999933,False
22021_520ec8c3,medium_rotor,5,20163_3742f394,medium_rotor,0.999565,True
22021_520ec8c3,medium_rotor,6,21552_4e9c19b1,medium_rotor,0.99946,True
22021_520ec8c3,medium_rotor,7,21979_29f59427,high_complexity_rotor,0.99946,False
22021_520ec8c3,medium_rotor,8,21352_d60bc953,complex_assembly,0.999436,False
22021_520ec8c3,medium_rotor,9,22035_101c7ab4,medium_rotor,0.998907,True
22021_520ec8c3,medium_rotor,10,22082_39503fa6,medium_rotor,0.998751,True
20351_dc6e4e1e,complex_assembly,1,22076_20e8a107,high_complexity_rotor,0.999677,False
20351_dc6e4e1e,complex_assembly,2,23422_f214bd4d,complex_assembly,0.999328,True
20351_dc6e4e1e,complex_assembly,3,21337_062b39fa,high_complexity_rotor,0.999145,False
20351_dc6e4e1e,complex_assembly,4,21035_d308c5c4,medium_rotor,0.999145,False
20351_dc6e4e1e,complex_assembly,5,20722_90d46353,medium_rotor,0.998963,False
20351_dc6e4e1e,complex_assembly,6,20622_38dd90d0,high_complexity_rotor,0.998022,False
20351_dc6e4e1e,complex_assembly,7,19566_19d85d3b,high_complexity_rotor,0.997642,False
20351_dc6e4e1e,complex_assembly,8,21153_a2fb81fe,high_complexity_rotor,0.997642,False
20351_dc6e4e1e,complex_assembly,9,23413_6702ec7f,medium_rotor,0.997642,False
20351_dc6e4e1e,complex_assembly,10,21719_d60b8a4a,medium_rotor,0.996889,False
22218_2f85f6ae,medium_rotor,1,21529_93e51dd9,medium_rotor,1.0,True
22218_2f85f6ae,medium_rotor,2,22040_6461a147,medium_rotor,1.0,True
22218_2f85f6ae,medium_rotor,3,23041_8d3ea25c,medium_rotor,1.0,True
22218_2f85f6ae,medium_rotor,4,20141_b9376856,medium_rotor,0.999999,True
22218_2f85f6ae,medium_rotor,5,23049_207a41f0,medium_rotor,0.999997,True
22218_2f85f6ae,medium_rotor,6,23372_4cb88567,medium_rotor,0.999997,True
22218_2f85f6ae,medium_rotor,7,21695_1f33863f,medium_rotor,0.999995,True
22218_2f85f6ae,medium_rotor,8,21976_807c9b26,simple_rotor,0.999995,False
22218_2f85f6ae,medium_rotor,9,22046_fe3bae6e,medium_rotor,0.999995,True
22218_2f85f6ae,medium_rotor,10,23323_075a079e,medium_rotor,0.99999,True
21810_718ae2fe,simple_rotor,1,23178_eb4b4280,symmetric_rotor,1.0,False
21810_718ae2fe,simple_rotor,2,23259_d655fcc1,symmetric_rotor,1.0,False
21810_718ae2fe,simple_rotor,3,21497_9833a679,symmetric_rotor,1.0,False
21810_718ae2fe,simple_rotor,4,20438_5f344b00,simple_rotor,1.0,True
21810_718ae2fe,simple_rotor,5,21271_ec7f62b8,symmetric_rotor,0.999999,False
21810_718ae2fe,simple_rotor,6,23438_b1ef78f4,symmetric_rotor,0.999999,False
21810_718ae2fe,simple_rotor,7,22434_2ad62ed6,symmetric_rotor,0.999999,False
21810_718ae2fe,simple_rotor,8,21692_777db9e2,symmetric_rotor,0.999999,False
21810_718ae2fe,simple_rotor,9,22659_0e686e14,symmetric_rotor,0.999999,False
21810_718ae2fe,simple_rotor,10,20225_4ce6d59b,symmetric_rotor,0.999999,False
20215_e2eb3082,medium_rotor,1,21601_360ce1c7,medium_rotor,1.0,True
20215_e2eb3082,medium_rotor,2,20182_71b9e491,medium_rotor,1.0,True
20215_e2eb3082,medium_rotor,3,22837_7644c972,simple_rotor,1.0,False
20215_e2eb3082,medium_rotor,4,22062_2d6b3b72,medium_rotor,1.0,True
20215_e2eb3082,medium_rotor,5,22242_4ceddc2b,complex_assembly,1.0,False
20215_e2eb3082,medium_rotor,6,22919_3ee91d1a,medium_rotor,0.99999,True
20215_e2eb3082,medium_rotor,7,22474_b10fea1a,medium_rotor,0.999981,True
20215_e2eb3082,medium_rotor,8,23176_1bf2a2d5,medium_rotor,0.999976,True
20215_e2eb3082,medium_rotor,9,19051_26735260,high_complexity_rotor,0.999968,False
20215_e2eb3082,medium_rotor,10,22535_0ba01cc9,complex_assembly,0.999962,False
22561_067b78ae,symmetric_rotor,1,20585_09b72895,symmetric_rotor,0.999999,True
22561_067b78ae,symmetric_rotor,2,21838_5bc448b4,high_complexity_rotor,0.999999,False
22561_067b78ae,symmetric_rotor,3,21840_6847d36c,symmetric_rotor,0.999999,True
22561_067b78ae,symmetric_rotor,4,20419_8ce893b6,symmetric_rotor,0.999999,True
22561_067b78ae,symmetric_rotor,5,21828_21ab2114,symmetric_rotor,0.999999,True
22561_067b78ae,symmetric_rotor,6,21081_72fa4ad1,high_complexity_rotor,0.999995,False
22561_067b78ae,symmetric_rotor,7,21843_effbd24d,high_complexity_rotor,0.999995,False
22561_067b78ae,symmetric_rotor,8,22812_cf865ed1,symmetric_rotor,0.999995,True
22561_067b78ae,symmetric_rotor,9,21329_1bfecd1d,high_complexity_rotor,0.999995,False
22561_067b78ae,symmetric_rotor,10,21831_54ca67d1,symmetric_rotor,0.999995,True
21421_fb12b69b,complex_assembly,1,22341_0f9c52ed,medium_rotor,0.999998,False
21421_fb12b69b,complex_assembly,2,21236_b696e901,complex_assembly,0.999996,True
21421_fb12b69b,complex_assembly,3,21923_41fa6eda,medium_rotor,0.999994,False
21421_fb12b69b,complex_assembly,4,23210_f535bfd2,simple_rotor,0.999976,False
21421_fb12b69b,complex_assembly,5,23236_d5867507,simple_rotor,0.999976,False
21421_fb12b69b,complex_assembly,6,23132_1847c4ef,medium_rotor,0.999976,False
21421_fb12b69b,complex_assembly,7,20232_e5b060d9,simple_rotor,0.999976,False
21421_fb12b69b,complex_assembly,8,23282_a1b17daa,complex_assembly,0.999975,True
21421_fb12b69b,complex_assembly,9,22357_e2f7b060,complex_assembly,0.999959,True
21421_fb12b69b,complex_assembly,10,23218_02d26ab4,simple_rotor,0.999956,False
22082_39503fa6,medium_rotor,1,23136_2b469508,simple_rotor,0.999999,False
22082_39503fa6,medium_rotor,2,22035_101c7ab4,medium_rotor,0.999995,True
22082_39503fa6,medium_rotor,3,23144_88ca00a5,complex_assembly,0.999984,False
22082_39503fa6,medium_rotor,4,23028_2ca87745,medium_rotor,0.999968,True
22082_39503fa6,medium_rotor,5,20163_3742f394,medium_rotor,0.99979,True
22082_39503fa6,medium_rotor,6,21351_675c66b1,complex_assembly,0.998985,False
22082_39503fa6,medium_rotor,7,21008_a3fec63b,medium_rotor,0.998751,True
22082_39503fa6,medium_rotor,8,22021_520ec8c3,medium_rotor,0.998751,True
22082_39503fa6,medium_rotor,9,21391_78fc6345,simple_rotor,0.998751,False
22082_39503fa6,medium_rotor,10,21580_b8b2571b,high_complexity_rotor,0.998556,False
23308_245d257c,medium_rotor,1,20672_0bc07cce,simple_rotor,1.0,False
23308_245d257c,medium_rotor,2,22843_ff77027f,simple_rotor,1.0,False
23308_245d257c,medium_rotor,3,23502_5a80f907,medium_rotor,1.0,True
23308_245d257c,medium_rotor,4,23048_8a1a5553,high_complexity_rotor,1.0,False
23308_245d257c,medium_rotor,5,22528_f3370a64,high_complexity_rotor,1.0,False
23308_245d257c,medium_rotor,6,20322_5a8c6077,medium_rotor,1.0,True
23308_245d257c,medium_rotor,7,20231_f54462bb,simple_rotor,1.0,False
23308_245d257c,medium_rotor,8,21884_cc2c39f9,medium_rotor,1.0,True
23308_245d257c,medium_rotor,9,22405_20f11d58,high_complexity_rotor,1.0,False
23308_245d257c,medium_rotor,10,21274_2fb8c3f5,simple_rotor,1.0,False
22844_9b75b8e0,simple_rotor,1,20672_0bc07cce,simple_rotor,1.0,True
22844_9b75b8e0,simple_rotor,2,22843_ff77027f,simple_rotor,1.0,True
22844_9b75b8e0,simple_rotor,3,23502_5a80f907,medium_rotor,1.0,False
22844_9b75b8e0,simple_rotor,4,23048_8a1a5553,high_complexity_rotor,1.0,False
22844_9b75b8e0,simple_rotor,5,22528_f3370a64,high_complexity_rotor,1.0,False
22844_9b75b8e0,simple_rotor,6,20322_5a8c6077,medium_rotor,1.0,False
22844_9b75b8e0,simple_rotor,7,20231_f54462bb,simple_rotor,1.0,True
22844_9b75b8e0,simple_rotor,8,21884_cc2c39f9,medium_rotor,1.0,False
22844_9b75b8e0,simple_rotor,9,22405_20f11d58,high_complexity_rotor,1.0,False
22844_9b75b8e0,simple_rotor,10,21274_2fb8c3f5,simple_rotor,1.0,True
20408_b4fda9eb,medium_rotor,1,20672_0bc07cce,simple_rotor,1.0,False
20408_b4fda9eb,medium_rotor,2,22843_ff77027f,simple_rotor,1.0,False
20408_b4fda9eb,medium_rotor,3,23502_5a80f907,medium_rotor,1.0,True
20408_b4fda9eb,medium_rotor,4,23048_8a1a5553,high_complexity_rotor,1.0,False
20408_b4fda9eb,medium_rotor,5,22528_f3370a64,high_complexity_rotor,1.0,False
20408_b4fda9eb,medium_rotor,6,20322_5a8c6077,medium_rotor,1.0,True
20408_b4fda9eb,medium_rotor,7,20231_f54462bb,simple_rotor,1.0,False
20408_b4fda9eb,medium_rotor,8,21884_cc2c39f9,medium_rotor,1.0,True
20408_b4fda9eb,medium_rotor,9,22405_20f11d58,high_complexity_rotor,1.0,False
20408_b4fda9eb,medium_rotor,10,21274_2fb8c3f5,simple_rotor,1.0,False
21326_ab4d6c43,simple_rotor,1,20293_a1999339,high_complexity_rotor,1.0,False
21326_ab4d6c43,simple_rotor,2,23373_f5dac851,medium_rotor,1.0,False
21326_ab4d6c43,simple_rotor,3,22059_b7d76712,medium_rotor,1.0,False
21326_ab4d6c43,simple_rotor,4,20646_4cd14a72,simple_rotor,1.0,True
21326_ab4d6c43,simple_rotor,5,20647_cea2e07c,simple_rotor,1.0,True
21326_ab4d6c43,simple_rotor,6,21625_d5d4c9a7,medium_rotor,1.0,False
21326_ab4d6c43,simple_rotor,7,21809_8bd6b10e,high_complexity_rotor,0.999976,False
21326_ab4d6c43,simple_rotor,8,23219_40625e2c,simple_rotor,0.999972,True
21326_ab4d6c43,simple_rotor,9,21519_3e869afd,high_complexity_rotor,0.999972,False
21326_ab4d6c43,simple_rotor,10,21224_18ba4aba,medium_rotor,0.999972,False
22211_b1ee53f0,complex_assembly,1,20546_87dbd755,complex_assembly,0.999967,True
22211_b1ee53f0,complex_assembly,2,22306_c3dca308,complex_assembly,0.999748,True
22211_b1ee53f0,complex_assembly,3,23273_8f301ce3,complex_assembly,0.999539,True
22211_b1ee53f0,complex_assembly,4,22065_0d414124,complex_assembly,0.999515,True
22211_b1ee53f0,complex_assembly,5,21797_69df08d5,high_complexity_rotor,0.999319,False
22211_b1ee53f0,complex_assembly,6,20818_098cad7c,high_complexity_rotor,0.999187,False
22211_b1ee53f0,complex_assembly,7,20502_58b65de9,symmetric_rotor,0.999162,False
22211_b1ee53f0,complex_assembly,8,22652_dc7405ef,high_complexity_rotor,0.999115,False
22211_b1ee53f0,complex_assembly,9,23419_ea47995f,complex_assembly,0.99856,True
22211_b1ee53f0,complex_assembly,10,20279_aed6b3b3,high_complexity_rotor,0.998194,False
23211_3aac9c7e,simple_rotor,1,19810_f77c5501,medium_rotor,1.0,False
23211_3aac9c7e,simple_rotor,2,22266_078a1f68,medium_rotor,0.999998,False
23211_3aac9c7e,simple_rotor,3,20952_b8a54213,complex_assembly,0.999997,False
23211_3aac9c7e,simple_rotor,4,22535_0ba01cc9,complex_assembly,0.999996,False
23211_3aac9c7e,simple_rotor,5,23194_b675acc0,simple_rotor,0.999994,True
23211_3aac9c7e,simple_rotor,6,19051_26735260,high_complexity_rotor,0.999994,False
23211_3aac9c7e,simple_rotor,7,22474_b10fea1a,medium_rotor,0.999985,False
23211_3aac9c7e,simple_rotor,8,22232_cb53774e,medium_rotor,0.999983,False
23211_3aac9c7e,simple_rotor,9,22919_3ee91d1a,medium_rotor,0.999975,False
23211_3aac9c7e,simple_rotor,10,21539_cfe1f7fd,medium_rotor,0.99997,False
20676_9715ec9c,medium_rotor,1,20672_0bc07cce,simple_rotor,1.0,False
20676_9715ec9c,medium_rotor,2,22843_ff77027f,simple_rotor,1.0,False
20676_9715ec9c,medium_rotor,3,23502_5a80f907,medium_rotor,1.0,True
20676_9715ec9c,medium_rotor,4,23048_8a1a5553,high_complexity_rotor,1.0,False
20676_9715ec9c,medium_rotor,5,22528_f3370a64,high_complexity_rotor,1.0,False
20676_9715ec9c,medium_rotor,6,20322_5a8c6077,medium_rotor,1.0,True
20676_9715ec9c,medium_rotor,7,20231_f54462bb,simple_rotor,1.0,False
20676_9715ec9c,medium_rotor,8,21884_cc2c39f9,medium_rotor,1.0,True
20676_9715ec9c,medium_rotor,9,22405_20f11d58,high_complexity_rotor,1.0,False
20676_9715ec9c,medium_rotor,10,21274_2fb8c3f5,simple_rotor,1.0,False
20220_3de82b2a,simple_rotor,1,20672_0bc07cce,simple_rotor,1.0,True
20220_3de82b2a,simple_rotor,2,22843_ff77027f,simple_rotor,1.0,True
20220_3de82b2a,simple_rotor,3,23502_5a80f907,medium_rotor,1.0,False
20220_3de82b2a,simple_rotor,4,23048_8a1a5553,high_complexity_rotor,1.0,False
20220_3de82b2a,simple_rotor,5,22528_f3370a64,high_complexity_rotor,1.0,False
20220_3de82b2a,simple_rotor,6,20322_5a8c6077,medium_rotor,1.0,False
20220_3de82b2a,simple_rotor,7,20231_f54462bb,simple_rotor,1.0,True
20220_3de82b2a,simple_rotor,8,21884_cc2c39f9,medium_rotor,1.0,False
20220_3de82b2a,simple_rotor,9,22405_20f11d58,high_complexity_rotor,1.0,False
20220_3de82b2a,simple_rotor,10,21274_2fb8c3f5,simple_rotor,1.0,True
22776_facf9bcf,medium_rotor,1,21009_907a2a95,medium_rotor,1.0,True
22776_facf9bcf,medium_rotor,2,22002_315afcfc,medium_rotor,1.0,True
22776_facf9bcf,medium_rotor,3,21918_976c2754,high_complexity_rotor,1.0,False
22776_facf9bcf,medium_rotor,4,23493_57512264,medium_rotor,1.0,True
22776_facf9bcf,medium_rotor,5,21528_a5d5490f,medium_rotor,0.999999,True
22776_facf9bcf,medium_rotor,6,21912_3f74887c,medium_rotor,0.999999,True
22776_facf9bcf,medium_rotor,7,21762_90d34d16,high_complexity_rotor,0.999998,False
22776_facf9bcf,medium_rotor,8,22126_e1cca10f,medium_rotor,0.999998,True
22776_facf9bcf,medium_rotor,9,20176_a02bde39,medium_rotor,0.999997,True
22776_facf9bcf,medium_rotor,10,22199_8ec9eeb2,medium_rotor,0.999996,True
21837_b67d788c,medium_rotor,1,20628_e0551f7c,medium_rotor,0.999863,True
21837_b67d788c,medium_rotor,2,20533_0a3e112b,high_complexity_rotor,0.999542,False
21837_b67d788c,medium_rotor,3,23158_c7e753c2,simple_rotor,0.999509,False
21837_b67d788c,medium_rotor,4,21599_80057f94,simple_rotor,0.999008,False
21837_b67d788c,medium_rotor,5,22442_7d5c5d5f,high_complexity_rotor,0.997908,False
21837_b67d788c,medium_rotor,6,20431_27e7f151,medium_rotor,0.997908,True
21837_b67d788c,medium_rotor,7,20246_40be7668,complex_assembly,0.996644,False
21837_b67d788c,medium_rotor,8,21991_ab98f156,high_complexity_rotor,0.996132,False
21837_b67d788c,medium_rotor,9,21719_d60b8a4a,medium_rotor,0.995661,True
21837_b67d788c,medium_rotor,10,22681_124bf3a9,medium_rotor,0.995661,True
20668_b2f2633e,high_complexity_rotor,1,21425_d0d47a2a,high_complexity_rotor,1.0,True
20668_b2f2633e,high_complexity_rotor,2,22483_f4e4b62a,complex_assembly,0.999938,False
20668_b2f2633e,high_complexity_rotor,3,22376_3ebc82a2,medium_rotor,0.999921,False
20668_b2f2633e,high_complexity_rotor,4,21790_aaf9224a,medium_rotor,0.999859,False
20668_b2f2633e,high_complexity_rotor,5,22492_047b125b,complex_assembly,0.999452,False
20668_b2f2633e,high_complexity_rotor,6,21503_34f299ca,medium_rotor,0.999414,False
20668_b2f2633e,high_complexity_rotor,7,22832_731d3b9f,medium_rotor,0.998911,False
20668_b2f2633e,high_complexity_rotor,8,22680_1f4026f6,medium_rotor,0.998911,False
20668_b2f2633e,high_complexity_rotor,9,22372_e91792a1,medium_rotor,0.998911,False
20668_b2f2633e,high_complexity_rotor,10,22214_b098105d,simple_rotor,0.998628,False
21459_a9de5e5b,simple_rotor,1,20672_0bc07cce,simple_rotor,1.0,True
21459_a9de5e5b,simple_rotor,2,22843_ff77027f,simple_rotor,1.0,True
21459_a9de5e5b,simple_rotor,3,23502_5a80f907,medium_rotor,1.0,False
21459_a9de5e5b,simple_rotor,4,23048_8a1a5553,high_complexity_rotor,1.0,False
21459_a9de5e5b,simple_rotor,5,22528_f3370a64,high_complexity_rotor,1.0,False
21459_a9de5e5b,simple_rotor,6,20322_5a8c6077,medium_rotor,1.0,False
21459_a9de5e5b,simple_rotor,7,20231_f54462bb,simple_rotor,1.0,True
21459_a9de5e5b,simple_rotor,8,21884_cc2c39f9,medium_rotor,1.0,False
21459_a9de5e5b,simple_rotor,9,22405_20f11d58,high_complexity_rotor,1.0,False
21459_a9de5e5b,simple_rotor,10,21274_2fb8c3f5,simple_rotor,1.0,True
21386_e234c6b6,symmetric_rotor,1,22678_ff42f120,symmetric_rotor,0.999999,True
21386_e234c6b6,symmetric_rotor,2,22399_97987ada,symmetric_rotor,0.999999,True
21386_e234c6b6,symmetric_rotor,3,21448_5646a1b6,simple_rotor,0.999995,False
21386_e234c6b6,symmetric_rotor,4,22070_fd1b8e5e,high_complexity_rotor,0.99998,False
21386_e234c6b6,symmetric_rotor,5,20799_213bf924,high_complexity_rotor,0.99998,False
21386_e234c6b6,symmetric_rotor,6,22049_4da0d894,symmetric_rotor,0.99998,True
21386_e234c6b6,symmetric_rotor,7,21845_dff8b3a1,high_complexity_rotor,0.999977,False
21386_e234c6b6,symmetric_rotor,8,21182_a480d230,high_complexity_rotor,0.999976,False
21386_e234c6b6,symmetric_rotor,9,21081_72fa4ad1,high_complexity_rotor,0.999976,False
21386_e234c6b6,symmetric_rotor,10,22812_cf865ed1,symmetric_rotor,0.999976,True
22474_b10fea1a,medium_rotor,1,22919_3ee91d1a,medium_rotor,0.999999,True
22474_b10fea1a,medium_rotor,2,19051_26735260,high_complexity_rotor,0.999998,False
22474_b10fea1a,medium_rotor,3,22535_0ba01cc9,complex_assembly,0.999997,False
22474_b10fea1a,medium_rotor,4,23211_3aac9c7e,simple_rotor,0.999985,False
22474_b10fea1a,medium_rotor,5,19810_f77c5501,medium_rotor,0.999985,True
22474_b10fea1a,medium_rotor,6,20182_71b9e491,medium_rotor,0.999981,True
22474_b10fea1a,medium_rotor,7,20215_e2eb3082,medium_rotor,0.999981,True
22474_b10fea1a,medium_rotor,8,22837_7644c972,simple_rotor,0.999981,False
22474_b10fea1a,medium_rotor,9,21601_360ce1c7,medium_rotor,0.999981,True
22474_b10fea1a,medium_rotor,10,22062_2d6b3b72,medium_rotor,0.999981,True
19051_26735260,high_complexity_rotor,1,22535_0ba01cc9,complex_assembly,1.0,False
19051_26735260,high_complexity_rotor,2,22474_b10fea1a,medium_rotor,0.999998,False
19051_26735260,high_complexity_rotor,3,22919_3ee91d1a,medium_rotor,0.999994,False
19051_26735260,high_complexity_rotor,4,19810_f77c5501,medium_rotor,0.999994,False
19051_26735260,high_complexity_rotor,5,23211_3aac9c7e,simple_rotor,0.999994,False
19051_26735260,high_complexity_rotor,6,22266_078a1f68,medium_rotor,0.999984,False
19051_26735260,high_complexity_rotor,7,20952_b8a54213,complex_assembly,0.999982,False
19051_26735260,high_complexity_rotor,8,23194_b675acc0,simple_rotor,0.999976,False
19051_26735260,high_complexity_rotor,9,20182_71b9e491,medium_rotor,0.999968,False
19051_26735260,high_complexity_rotor,10,21601_360ce1c7,medium_rotor,0.999968,False
20332_0c2a24aa,simple_rotor,1,22377_d490f505,simple_rotor,1.0,True
20332_0c2a24aa,simple_rotor,2,20340_86125547,simple_rotor,1.0,True
20332_0c2a24aa,simple_rotor,3,22374_aa5bb54d,simple_rotor,1.0,True
20332_0c2a24aa,simple_rotor,4,21590_7d092186,medium_rotor,1.0,False
20332_0c2a24aa,simple_rotor,5,20756_75f43564,simple_rotor,1.0,True
20332_0c2a24aa,simple_rotor,6,20802_802b7d69,simple_rotor,1.0,True
20332_0c2a24aa,simple_rotor,7,20341_6a1588fb,simple_rotor,1.0,True
20332_0c2a24aa,simple_rotor,8,20803_473c87ac,simple_rotor,1.0,True
20332_0c2a24aa,simple_rotor,9,20994_9c88b1ba,simple_rotor,1.0,True
20332_0c2a24aa,simple_rotor,10,20814_5a2be0fb,simple_rotor,1.0,True
20807_88c198d5,simple_rotor,1,20682_e208cc63,symmetric_rotor,1.0,False
20807_88c198d5,simple_rotor,2,20477_633cca4f,high_complexity_rotor,1.0,False
20807_88c198d5,simple_rotor,3,22311_553b3456,symmetric_rotor,1.0,False
20807_88c198d5,simple_rotor,4,22057_4947db57,symmetric_rotor,1.0,False
20807_88c198d5,simple_rotor,5,22762_dcbdd14d,symmetric_rotor,1.0,False
20807_88c198d5,simple_rotor,6,23103_43bde2a6,simple_rotor,1.0,True
20807_88c198d5,simple_rotor,7,23101_6aec02ee,high_complexity_rotor,1.0,False
20807_88c198d5,simple_rotor,8,20451_557fe5cd,simple_rotor,1.0,True
20807_88c198d5,simple_rotor,9,20451_84d8b290,simple_rotor,1.0,True
20807_88c198d5,simple_rotor,10,20216_89b90993,simple_rotor,1.0,True
21825_ce32b0a0,simple_rotor,1,21839_a8eb6d34,high_complexity_rotor,1.0,False
21825_ce32b0a0,simple_rotor,2,21133_f9a1614e,symmetric_rotor,1.0,False
21825_ce32b0a0,simple_rotor,3,21831_54ca67d1,symmetric_rotor,1.0,False
21825_ce32b0a0,simple_rotor,4,22080_594bcb66,symmetric_rotor,1.0,False
21825_ce32b0a0,simple_rotor,5,21329_1bfecd1d,high_complexity_rotor,1.0,False
21825_ce32b0a0,simple_rotor,6,20419_8ce893b6,symmetric_rotor,0.999999,False
21825_ce32b0a0,simple_rotor,7,21828_21ab2114,symmetric_rotor,0.999999,False
21825_ce32b0a0,simple_rotor,8,21840_6847d36c,symmetric_rotor,0.999999,False
21825_ce32b0a0,simple_rotor,9,21838_5bc448b4,high_complexity_rotor,0.999999,False
21825_ce32b0a0,simple_rotor,10,20989_a261efa3,simple_rotor,0.999999,True
23366_cc0bc28e,medium_rotor,1,20672_0bc07cce,simple_rotor,1.0,False
23366_cc0bc28e,medium_rotor,2,22843_ff77027f,simple_rotor,1.0,False
23366_cc0bc28e,medium_rotor,3,23502_5a80f907,medium_rotor,1.0,True
23366_cc0bc28e,medium_rotor,4,23048_8a1a5553,high_complexity_rotor,1.0,False
23366_cc0bc28e,medium_rotor,5,22528_f3370a64,high_complexity_rotor,1.0,False
23366_cc0bc28e,medium_rotor,6,20322_5a8c6077,medium_rotor,1.0,True
23366_cc0bc28e,medium_rotor,7,20231_f54462bb,simple_rotor,1.0,False
23366_cc0bc28e,medium_rotor,8,21884_cc2c39f9,medium_rotor,1.0,True
23366_cc0bc28e,medium_rotor,9,22405_20f11d58,high_complexity_rotor,1.0,False
23366_cc0bc28e,medium_rotor,10,21274_2fb8c3f5,simple_rotor,1.0,False
22136_a539c50b,simple_rotor,1,21248_0a862e3e,symmetric_rotor,1.0,False
22136_a539c50b,simple_rotor,2,22365_a4eb929c,symmetric_rotor,1.0,False
22136_a539c50b,simple_rotor,3,21186_d1698d8c,symmetric_rotor,1.0,False
22136_a539c50b,simple_rotor,4,21862_ec534e16,simple_rotor,1.0,True
22136_a539c50b,simple_rotor,5,22508_6bb410af,simple_rotor,1.0,True
22136_a539c50b,simple_rotor,6,22155_ab18f2b6,symmetric_rotor,1.0,False
22136_a539c50b,simple_rotor,7,20421_0fd51709,high_complexity_rotor,1.0,False
22136_a539c50b,simple_rotor,8,22893_eb8aa8ac,high_complexity_rotor,1.0,False
22136_a539c50b,simple_rotor,9,22892_68138f24,symmetric_rotor,1.0,False
22136_a539c50b,simple_rotor,10,22983_0ab3faaf,symmetric_rotor,1.0,False
20414_a33bd0d7,medium_rotor,1,20672_0bc07cce,simple_rotor,1.0,False
20414_a33bd0d7,medium_rotor,2,22843_ff77027f,simple_rotor,1.0,False
20414_a33bd0d7,medium_rotor,3,23502_5a80f907,medium_rotor,1.0,True
20414_a33bd0d7,medium_rotor,4,23048_8a1a5553,high_complexity_rotor,1.0,False
20414_a33bd0d7,medium_rotor,5,22528_f3370a64,high_complexity_rotor,1.0,False
20414_a33bd0d7,medium_rotor,6,20322_5a8c6077,medium_rotor,1.0,True
20414_a33bd0d7,medium_rotor,7,20231_f54462bb,simple_rotor,1.0,False
20414_a33bd0d7,medium_rotor,8,21884_cc2c39f9,medium_rotor,1.0,True
20414_a33bd0d7,medium_rotor,9,22405_20f11d58,high_complexity_rotor,1.0,False
20414_a33bd0d7,medium_rotor,10,21274_2fb8c3f5,simple_rotor,1.0,False
22196_0deb2e34,medium_rotor,1,22534_e899f645,medium_rotor,1.0,True
22196_0deb2e34,medium_rotor,2,22729_232da678,medium_rotor,1.0,True
22196_0deb2e34,medium_rotor,3,22197_94c66357,medium_rotor,1.0,True
22196_0deb2e34,medium_rotor,4,19518_f220b68a,simple_rotor,1.0,False
22196_0deb2e34,medium_rotor,5,22073_951645ae,simple_rotor,1.0,False
22196_0deb2e34,medium_rotor,6,20193_2da4f0a0,simple_rotor,1.0,False
22196_0deb2e34,medium_rotor,7,23265_07de6a0b,simple_rotor,1.0,False
22196_0deb2e34,medium_rotor,8,22133_465d7a91,simple_rotor,1.0,False
22196_0deb2e34,medium_rotor,9,22011_0832eefe,medium_rotor,1.0,True
22196_0deb2e34,medium_rotor,10,21275_c8049742,medium_rotor,1.0,True
23273_8f301ce3,complex_assembly,1,22065_0d414124,complex_assembly,0.999977,True
23273_8f301ce3,complex_assembly,2,20546_87dbd755,complex_assembly,0.99969,True
23273_8f301ce3,complex_assembly,3,21797_69df08d5,high_complexity_rotor,0.999647,False
23273_8f301ce3,complex_assembly,4,20502_58b65de9,symmetric_rotor,0.999629,False
23273_8f301ce3,complex_assembly,5,22211_b1ee53f0,complex_assembly,0.999539,True
23273_8f301ce3,complex_assembly,6,22652_dc7405ef,high_complexity_rotor,0.999445,False
23273_8f301ce3,complex_assembly,7,22306_c3dca308,complex_assembly,0.999101,True
23273_8f301ce3,complex_assembly,8,21836_5bc91e49,symmetric_rotor,0.998797,False
23273_8f301ce3,complex_assembly,9,23419_ea47995f,complex_assembly,0.99878,True
23273_8f301ce3,complex_assembly,10,20818_098cad7c,high_complexity_rotor,0.998638,False
21063_037107dc,high_complexity_rotor,1,20672_0bc07cce,simple_rotor,1.0,False
21063_037107dc,high_complexity_rotor,2,22843_ff77027f,simple_rotor,1.0,False
21063_037107dc,high_complexity_rotor,3,23502_5a80f907,medium_rotor,1.0,False
21063_037107dc,high_complexity_rotor,4,23048_8a1a5553,high_complexity_rotor,1.0,True
21063_037107dc,high_complexity_rotor,5,22528_f3370a64,high_complexity_rotor,1.0,True
21063_037107dc,high_complexity_rotor,6,20322_5a8c6077,medium_rotor,1.0,False
21063_037107dc,high_complexity_rotor,7,20231_f54462bb,simple_rotor,1.0,False
21063_037107dc,high_complexity_rotor,8,21884_cc2c39f9,medium_rotor,1.0,False
21063_037107dc,high_complexity_rotor,9,22405_20f11d58,high_complexity_rotor,1.0,True
21063_037107dc,high_complexity_rotor,10,21274_2fb8c3f5,simple_rotor,1.0,False
23351_6104d55d,simple_rotor,1,20672_0bc07cce,simple_rotor,1.0,True
23351_6104d55d,simple_rotor,2,22843_ff77027f,simple_rotor,1.0,True
23351_6104d55d,simple_rotor,3,23502_5a80f907,medium_rotor,1.0,False
23351_6104d55d,simple_rotor,4,23048_8a1a5553,high_complexity_rotor,1.0,False
23351_6104d55d,simple_rotor,5,22528_f3370a64,high_complexity_rotor,1.0,False
23351_6104d55d,simple_rotor,6,20322_5a8c6077,medium_rotor,1.0,False
23351_6104d55d,simple_rotor,7,20231_f54462bb,simple_rotor,1.0,True
23351_6104d55d,simple_rotor,8,21884_cc2c39f9,medium_rotor,1.0,False
23351_6104d55d,simple_rotor,9,22405_20f11d58,high_complexity_rotor,1.0,False
23351_6104d55d,simple_rotor,10,21274_2fb8c3f5,simple_rotor,1.0,True
21236_b696e901,complex_assembly,1,22341_0f9c52ed,medium_rotor,1.0,False
21236_b696e901,complex_assembly,2,21421_fb12b69b,complex_assembly,0.999996,True
21236_b696e901,complex_assembly,3,23132_1847c4ef,medium_rotor,0.999991,False
21236_b696e901,complex_assembly,4,23210_f535bfd2,simple_rotor,0.999991,False
21236_b696e901,complex_assembly,5,23236_d5867507,simple_rotor,0.999991,False
21236_b696e901,complex_assembly,6,20232_e5b060d9,simple_rotor,0.999991,False
21236_b696e901,complex_assembly,7,21923_41fa6eda,medium_rotor,0.99998,False
21236_b696e901,complex_assembly,8,23218_02d26ab4,simple_rotor,0.999978,False
21236_b696e901,complex_assembly,9,23282_a1b17daa,complex_assembly,0.999952,True
21236_b696e901,complex_assembly,10,22357_e2f7b060,complex_assembly,0.999929,True
23321_c9497b79,simple_rotor,1,21015_10304cb9,simple_rotor,1.0,True
23321_c9497b79,simple_rotor,2,21557_53eafe15,complex_assembly,0.999997,False
23321_c9497b79,simple_rotor,3,21533_8837772a,simple_rotor,0.999979,True
23321_c9497b79,simple_rotor,4,22053_de30641b,simple_rotor,0.999948,True
23321_c9497b79,simple_rotor,5,20287_072b5bf6,high_complexity_rotor,0.999948,False
23321_c9497b79,simple_rotor,6,20259_de1ab632,simple_rotor,0.999884,True
23321_c9497b79,simple_rotor,7,22224_1e749c32,medium_rotor,0.999884,False
23321_c9497b79,simple_rotor,8,20278_d442e77d,medium_rotor,0.999811,False
23321_c9497b79,simple_rotor,9,22377_d490f505,simple_rotor,0.999736,True
23321_c9497b79,simple_rotor,10,20803_473c87ac,simple_rotor,0.999736,True
21351_675c66b1,complex_assembly,1,22017_6d3be48d,medium_rotor,0.999853,False
21351_675c66b1,complex_assembly,2,20841_1620ae7d,simple_rotor,0.999853,False
21351_675c66b1,complex_assembly,3,22078_1758e9fc,medium_rotor,0.999853,False
21351_675c66b1,complex_assembly,4,22862_f5406bb0,simple_rotor,0.999853,False
21351_675c66b1,complex_assembly,5,21424_9d516e3a,medium_rotor,0.999853,False
21351_675c66b1,complex_assembly,6,23374_57cca189,medium_rotor,0.999853,False
21351_675c66b1,complex_assembly,7,23162_7e2f3d77,complex_assembly,0.999853,True
21351_675c66b1,complex_assembly,8,22014_5880c417,simple_rotor,0.999853,False
21351_675c66b1,complex_assembly,9,21357_9edfc0a0,simple_rotor,0.999853,False
21351_675c66b1,complex_assembly,10,23305_2662b29a,medium_rotor,0.999639,False
20675_66ac9773,high_complexity_rotor,1,21134_7aa7cd89,high_complexity_rotor,0.999946,True
20675_66ac9773,high_complexity_rotor,2,19596_fb9531a5,high_complexity_rotor,0.999735,True
20675_66ac9773,high_complexity_rotor,3,23468_a0bfb573,symmetric_rotor,0.999722,False
20675_66ac9773,high_complexity_rotor,4,23258_87a2ba81,high_complexity_rotor,0.999717,True
20675_66ac9773,high_complexity_rotor,5,20959_d4905d19,high_complexity_rotor,0.999433,True
20675_66ac9773,high_complexity_rotor,6,22360_42cd6a21,high_complexity_rotor,0.999394,True
20675_66ac9773,high_complexity_rotor,7,22894_5f7c276d,high_complexity_rotor,0.999378,True
20675_66ac9773,high_complexity_rotor,8,23233_ac09e2e5,high_complexity_rotor,0.999359,True
20675_66ac9773,high_complexity_rotor,9,23310_7daded69,high_complexity_rotor,0.999328,True
20675_66ac9773,high_complexity_rotor,10,21805_2ba39d00,high_complexity_rotor,0.999322,True
23238_3c864758,medium_rotor,1,20672_0bc07cce,simple_rotor,1.0,False
23238_3c864758,medium_rotor,2,22843_ff77027f,simple_rotor,1.0,False
23238_3c864758,medium_rotor,3,23502_5a80f907,medium_rotor,1.0,True
23238_3c864758,medium_rotor,4,23048_8a1a5553,high_complexity_rotor,1.0,False
23238_3c864758,medium_rotor,5,22528_f3370a64,high_complexity_rotor,1.0,False
23238_3c864758,medium_rotor,6,20322_5a8c6077,medium_rotor,1.0,True
23238_3c864758,medium_rotor,7,20231_f54462bb,simple_rotor,1.0,False
23238_3c864758,medium_rotor,8,21884_cc2c39f9,medium_rotor,1.0,True
23238_3c864758,medium_rotor,9,22405_20f11d58,high_complexity_rotor,1.0,False
23238_3c864758,medium_rotor,10,21274_2fb8c3f5,simple_rotor,1.0,False
20193_2da4f0a0,simple_rotor,1,22534_e899f645,medium_rotor,1.0,False
20193_2da4f0a0,simple_rotor,2,22729_232da678,medium_rotor,1.0,False
20193_2da4f0a0,simple_rotor,3,22197_94c66357,medium_rotor,1.0,False
20193_2da4f0a0,simple_rotor,4,19518_f220b68a,simple_rotor,1.0,True
20193_2da4f0a0,simple_rotor,5,23265_07de6a0b,simple_rotor,1.0,True
20193_2da4f0a0,simple_rotor,6,22073_951645ae,simple_rotor,1.0,True
20193_2da4f0a0,simple_rotor,7,22133_465d7a91,simple_rotor,1.0,True
20193_2da4f0a0,simple_rotor,8,22196_0deb2e34,medium_rotor,1.0,False
20193_2da4f0a0,simple_rotor,9,22011_0832eefe,medium_rotor,1.0,False
20193_2da4f0a0,simple_rotor,10,21275_c8049742,medium_rotor,1.0,False
23473_1dfa6e40,medium_rotor,1,20672_0bc07cce,simple_rotor,1.0,False
23473_1dfa6e40,medium_rotor,2,22843_ff77027f,simple_rotor,1.0,False
23473_1dfa6e40,medium_rotor,3,23502_5a80f907,medium_rotor,1.0,True
23473_1dfa6e40,medium_rotor,4,23048_8a1a5553,high_complexity_rotor,1.0,False
23473_1dfa6e40,medium_rotor,5,22528_f3370a64,high_complexity_rotor,1.0,False
23473_1dfa6e40,medium_rotor,6,20322_5a8c6077,medium_rotor,1.0,True
23473_1dfa6e40,medium_rotor,7,20231_f54462bb,simple_rotor,1.0,False
23473_1dfa6e40,medium_rotor,8,21884_cc2c39f9,medium_rotor,1.0,True
23473_1dfa6e40,medium_rotor,9,22405_20f11d58,high_complexity_rotor,1.0,False
23473_1dfa6e40,medium_rotor,10,21274_2fb8c3f5,simple_rotor,1.0,False
21709_4dd88551,high_complexity_rotor,1,22638_37f9fe91,symmetric_rotor,1.0,False
21709_4dd88551,high_complexity_rotor,2,21697_06656699,high_complexity_rotor,0.999978,True
21709_4dd88551,high_complexity_rotor,3,23233_ac09e2e5,high_complexity_rotor,0.999976,True
21709_4dd88551,high_complexity_rotor,4,22414_14ead4a3,symmetric_rotor,0.999947,False
21709_4dd88551,high_complexity_rotor,5,20279_aed6b3b3,high_complexity_rotor,0.999917,True
21709_4dd88551,high_complexity_rotor,6,22654_4c426b0f,symmetric_rotor,0.999879,False
21709_4dd88551,high_complexity_rotor,7,23258_87a2ba81,high_complexity_rotor,0.99983,True
21709_4dd88551,high_complexity_rotor,8,22095_af226cbc,symmetric_rotor,0.99981,False
21709_4dd88551,high_complexity_rotor,9,21836_5bc91e49,symmetric_rotor,0.999778,False
21709_4dd88551,high_complexity_rotor,10,23309_76dcf100,high_complexity_rotor,0.999752,True
20646_4cd14a72,simple_rotor,1,21625_d5d4c9a7,medium_rotor,1.0,False
20646_4cd14a72,simple_rotor,2,22059_b7d76712,medium_rotor,1.0,False
20646_4cd14a72,simple_rotor,3,21326_ab4d6c43,simple_rotor,1.0,True
20646_4cd14a72,simple_rotor,4,20647_cea2e07c,simple_rotor,1.0,True
20646_4cd14a72,simple_rotor,5,20293_a1999339,high_complexity_rotor,1.0,False
20646_4cd14a72,simple_rotor,6,23373_f5dac851,medium_rotor,1.0,False
20646_4cd14a72,simple_rotor,7,21809_8bd6b10e,high_complexity_rotor,0.999976,False
20646_4cd14a72,simple_rotor,8,21224_18ba4aba,medium_rotor,0.999972,False
20646_4cd14a72,simple_rotor,9,21519_3e869afd,high_complexity_rotor,0.999972,False
20646_4cd14a72,simple_rotor,10,23219_40625e2c,simple_rotor,0.999972,True
21588_0c48dc5f,simple_rotor,1,22430_c6f08b03,complex_assembly,0.999994,False
21588_0c48dc5f,simple_rotor,2,21816_3891a442,medium_rotor,0.99999,False
21588_0c48dc5f,simple_rotor,3,22533_e7298b05,complex_assembly,0.999987,False
21588_0c48dc5f,simple_rotor,4,22323_aa6edb8b,medium_rotor,0.999933,False
21588_0c48dc5f,simple_rotor,5,20701_6dcbc975,high_complexity_rotor,0.999921,False
21588_0c48dc5f,simple_rotor,6,23341_d5ead6d2,simple_rotor,0.999859,True
21588_0c48dc5f,simple_rotor,7,20779_fc5a7c3d,medium_rotor,0.999859,False
21588_0c48dc5f,simple_rotor,8,22045_ead71aca,medium_rotor,0.999859,False
21588_0c48dc5f,simple_rotor,9,21028_d4d30a2e,medium_rotor,0.999694,False
21588_0c48dc5f,simple_rotor,10,22056_79373464,complex_assembly,0.999694,False
23377_690165aa,high_complexity_rotor,1,20745_3e22ad07,high_complexity_rotor,0.999976,True
23377_690165aa,high_complexity_rotor,2,23217_7c6062e3,high_complexity_rotor,0.999976,True
23377_690165aa,high_complexity_rotor,3,21990_7bb6efcf,simple_rotor,0.999972,False
23377_690165aa,high_complexity_rotor,4,22278_12f1fb79,high_complexity_rotor,0.999946,True
23377_690165aa,high_complexity_rotor,5,23168_7fdf5427,high_complexity_rotor,0.999933,True
23377_690165aa,high_complexity_rotor,6,21685_93737a7a,high_complexity_rotor,0.999917,True
23377_690165aa,high_complexity_rotor,7,20991_6795af4f,high_complexity_rotor,0.999854,True
23377_690165aa,high_complexity_rotor,8,21300_ec7da33e,high_complexity_rotor,0.9998,True
23377_690165aa,high_complexity_rotor,9,22245_ca848576,symmetric_rotor,0.999734,False
23377_690165aa,high_complexity_rotor,10,20792_d2ea0500,symmetric_rotor,0.9997,False
23468_a0bfb573,symmetric_rotor,1,22894_5f7c276d,high_complexity_rotor,0.999917,False
23468_a0bfb573,symmetric_rotor,2,20970_d20c6c35,symmetric_rotor,0.9999,True
23468_a0bfb573,symmetric_rotor,3,21805_2ba39d00,high_complexity_rotor,0.999898,False
23468_a0bfb573,symmetric_rotor,4,23467_9f431540,high_complexity_rotor,0.999898,False
23468_a0bfb573,symmetric_rotor,5,23127_38d73061,symmetric_rotor,0.999877,True
23468_a0bfb573,symmetric_rotor,6,21511_d07c59c2,high_complexity_rotor,0.999876,False
23468_a0bfb573,symmetric_rotor,7,21176_b5c72bfb,symmetric_rotor,0.999853,True
23468_a0bfb573,symmetric_rotor,8,23309_76dcf100,high_complexity_rotor,0.999848,False
23468_a0bfb573,symmetric_rotor,9,21204_96d26a7f,high_complexity_rotor,0.999848,False
23468_a0bfb573,symmetric_rotor,10,20758_cdccf572,simple_rotor,0.99983,False
20468_1c33550a,simple_rotor,1,20672_0bc07cce,simple_rotor,1.0,True
20468_1c33550a,simple_rotor,2,22843_ff77027f,simple_rotor,1.0,True
20468_1c33550a,simple_rotor,3,22727_c514268a,medium_rotor,1.0,False
20468_1c33550a,simple_rotor,4,23502_5a80f907,medium_rotor,1.0,False
20468_1c33550a,simple_rotor,5,23048_8a1a5553,high_complexity_rotor,1.0,False
20468_1c33550a,simple_rotor,6,22528_f3370a64,high_complexity_rotor,1.0,False
20468_1c33550a,simple_rotor,7,20322_5a8c6077,medium_rotor,1.0,False
20468_1c33550a,simple_rotor,8,20231_f54462bb,simple_rotor,1.0,True
20468_1c33550a,simple_rotor,9,21884_cc2c39f9,medium_rotor,1.0,False
20468_1c33550a,simple_rotor,10,22405_20f11d58,high_complexity_rotor,1.0,False
21176_b5c72bfb,symmetric_rotor,1,7780_6c885e81,symmetric_rotor,0.999999,True
21176_b5c72bfb,symmetric_rotor,2,22894_5f7c276d,high_complexity_rotor,0.999989,False
21176_b5c72bfb,symmetric_rotor,3,21511_d07c59c2,high_complexity_rotor,0.999977,False
21176_b5c72bfb,symmetric_rotor,4,20970_d20c6c35,symmetric_rotor,0.999976,True
21176_b5c72bfb,symmetric_rotor,5,22259_613f9d44,symmetric_rotor,0.999976,True
21176_b5c72bfb,symmetric_rotor,6,21490_d07ff9f8,symmetric_rotor,0.999972,True
21176_b5c72bfb,symmetric_rotor,7,21467_67965037,symmetric_rotor,0.999972,True
21176_b5c72bfb,symmetric_rotor,8,23221_42f37ae3,symmetric_rotor,0.999957,True
21176_b5c72bfb,symmetric_rotor,9,23127_38d73061,symmetric_rotor,0.999908,True
21176_b5c72bfb,symmetric_rotor,10,23467_9f431540,high_complexity_rotor,0.999904,False
23252_ef165bed,medium_rotor,1,20672_0bc07cce,simple_rotor,1.0,False
23252_ef165bed,medium_rotor,2,22843_ff77027f,simple_rotor,1.0,False
23252_ef165bed,medium_rotor,3,22727_c514268a,medium_rotor,1.0,True
23252_ef165bed,medium_rotor,4,23502_5a80f907,medium_rotor,1.0,True
23252_ef165bed,medium_rotor,5,23048_8a1a5553,high_complexity_rotor,1.0,False
23252_ef165bed,medium_rotor,6,22528_f3370a64,high_complexity_rotor,1.0,False
23252_ef165bed,medium_rotor,7,20322_5a8c6077,medium_rotor,1.0,True
23252_ef165bed,medium_rotor,8,20231_f54462bb,simple_rotor,1.0,False
23252_ef165bed,medium_rotor,9,21884_cc2c39f9,medium_rotor,1.0,True
23252_ef165bed,medium_rotor,10,22405_20f11d58,high_complexity_rotor,1.0,False
21164_de08f61e,medium_rotor,1,22079_31335df2,complex_assembly,1.0,False
21164_de08f61e,medium_rotor,2,20430_975b8dcf,high_complexity_rotor,0.999996,False
21164_de08f61e,medium_rotor,3,22630_b6010fff,medium_rotor,0.999993,True
21164_de08f61e,medium_rotor,4,20431_0088a0dd,medium_rotor,0.99998,True
21164_de08f61e,medium_rotor,5,20260_4a01a99d,high_complexity_rotor,0.99998,False
21164_de08f61e,medium_rotor,6,20157_db99ab88,medium_rotor,0.99998,True
21164_de08f61e,medium_rotor,7,21069_508a9947,complex_assembly,0.999901,False
21164_de08f61e,medium_rotor,8,21708_e61bd657,complex_assembly,0.999891,False
21164_de08f61e,medium_rotor,9,21700_28d193ac,high_complexity_rotor,0.999849,False
21164_de08f61e,medium_rotor,10,21656_964b0c84,high_complexity_rotor,0.999655,False
20789_1809f41f,medium_rotor,1,20504_c9e14c9d,medium_rotor,1.0,True
20789_1809f41f,medium_rotor,2,20165_2b088be5,high_complexity_rotor,1.0,False
20789_1809f41f,medium_rotor,3,22670_9353c710,complex_assembly,1.0,False
20789_1809f41f,medium_rotor,4,20505_017d4cc4,medium_rotor,0.999996,True
20789_1809f41f,medium_rotor,5,21513_50fb4d62,medium_rotor,0.999971,True
20789_1809f41f,medium_rotor,6,20495_e8e7e80c,simple_rotor,0.999971,False
20789_1809f41f,medium_rotor,7,21626_b34008e6,medium_rotor,0.999971,True
20789_1809f41f,medium_rotor,8,22581_406c16c4,complex_assembly,0.999957,False
20789_1809f41f,medium_rotor,9,22747_3f6faf4c,simple_rotor,0.999948,False
20789_1809f41f,medium_rotor,10,20421_49bd1188,medium_rotor,0.999948,True
22197_66c5655e,medium_rotor,1,22534_e899f645,medium_rotor,1.0,True
22197_66c5655e,medium_rotor,2,21469_abec26c4,simple_rotor,1.0,False
22197_66c5655e,medium_rotor,3,22197_94c66357,medium_rotor,1.0,True
22197_66c5655e,medium_rotor,4,19518_f220b68a,simple_rotor,1.0,False
22197_66c5655e,medium_rotor,5,23265_07de6a0b,simple_rotor,1.0,False
22197_66c5655e,medium_rotor,6,22073_951645ae,simple_rotor,1.0,False
22197_66c5655e,medium_rotor,7,20193_2da4f0a0,simple_rotor,1.0,False
22197_66c5655e,medium_rotor,8,22133_465d7a91,simple_rotor,1.0,False
22197_66c5655e,medium_rotor,9,22196_0deb2e34,medium_rotor,1.0,True
22197_66c5655e,medium_rotor,10,22011_0832eefe,medium_rotor,1.0,True
21352_c1101acb,high_complexity_rotor,1,23320_e0711ae9,symmetric_rotor,1.0,False
21352_c1101acb,high_complexity_rotor,2,21977_ce9f4e71,high_complexity_rotor,1.0,True
21352_c1101acb,high_complexity_rotor,3,22050_e8702dd4,symmetric_rotor,0.999999,False
21352_c1101acb,high_complexity_rotor,4,21551_c6c2d516,high_complexity_rotor,0.999977,True
21352_c1101acb,high_complexity_rotor,5,21384_b9774b93,simple_rotor,0.999977,False
21352_c1101acb,high_complexity_rotor,6,21490_d07ff9f8,symmetric_rotor,0.999976,False
21352_c1101acb,high_complexity_rotor,7,21467_67965037,symmetric_rotor,0.999976,False
21352_c1101acb,high_complexity_rotor,8,20609_69f28932,symmetric_rotor,0.999976,False
21352_c1101acb,high_complexity_rotor,9,22283_36ba29c9,simple_rotor,0.999976,False
21352_c1101acb,high_complexity_rotor,10,21603_98a15295,symmetric_rotor,0.999976,False
22376_3ebc82a2,medium_rotor,1,22483_f4e4b62a,complex_assembly,0.999999,False
22376_3ebc82a2,medium_rotor,2,21790_aaf9224a,medium_rotor,0.999991,True
22376_3ebc82a2,medium_rotor,3,20668_b2f2633e,high_complexity_rotor,0.999921,False
22376_3ebc82a2,medium_rotor,4,21425_d0d47a2a,high_complexity_rotor,0.999921,False
22376_3ebc82a2,medium_rotor,5,22492_047b125b,complex_assembly,0.999789,False
22376_3ebc82a2,medium_rotor,6,21503_34f299ca,medium_rotor,0.999764,True
22376_3ebc82a2,medium_rotor,7,22214_b098105d,simple_rotor,0.999206,False
22376_3ebc82a2,medium_rotor,8,22067_624b28e3,simple_rotor,0.999206,False
22376_3ebc82a2,medium_rotor,9,22832_731d3b9f,medium_rotor,0.998247,True
22376_3ebc82a2,medium_rotor,10,22372_e91792a1,medium_rotor,0.998247,True
20502_58b65de9,symmetric_rotor,1,21797_69df08d5,high_complexity_rotor,0.999989,False
20502_58b65de9,symmetric_rotor,2,22652_dc7405ef,high_complexity_rotor,0.999973,False
20502_58b65de9,symmetric_rotor,3,22065_0d414124,complex_assembly,0.999791,False
20502_58b65de9,symmetric_rotor,4,21836_5bc91e49,symmetric_rotor,0.999756,True
20502_58b65de9,symmetric_rotor,5,23273_8f301ce3,complex_assembly,0.999629,False
20502_58b65de9,symmetric_rotor,6,21697_06656699,high_complexity_rotor,0.999438,False
20502_58b65de9,symmetric_rotor,7,20279_aed6b3b3,high_complexity_rotor,0.999411,False
20502_58b65de9,symmetric_rotor,8,22414_14ead4a3,symmetric_rotor,0.999383,True
20502_58b65de9,symmetric_rotor,9,20818_098cad7c,high_complexity_rotor,0.999355,False
20502_58b65de9,symmetric_rotor,10,21709_4dd88551,high_complexity_rotor,0.999191,False
21153_a2fb81fe,high_complexity_rotor,1,19566_19d85d3b,high_complexity_rotor,1.0,True
21153_a2fb81fe,high_complexity_rotor,2,23413_6702ec7f,medium_rotor,1.0,False
21153_a2fb81fe,high_complexity_rotor,3,21035_d308c5c4,medium_rotor,0.999627,False
21153_a2fb81fe,high_complexity_rotor,4,21337_062b39fa,high_complexity_rotor,0.999627,True
21153_a2fb81fe,high_complexity_rotor,5,23422_f214bd4d,complex_assembly,0.999487,False
21153_a2fb81fe,high_complexity_rotor,6,22076_20e8a107,high_complexity_rotor,0.999064,True
21153_a2fb81fe,high_complexity_rotor,7,23368_648717d8,medium_rotor,0.997675,False
21153_a2fb81fe,high_complexity_rotor,8,20351_dc6e4e1e,complex_assembly,0.997642,False
21153_a2fb81fe,high_complexity_rotor,9,7778_3a9748b3,complex_assembly,0.997408,False
21153_a2fb81fe,high_complexity_rotor,10,22987_37973191,medium_rotor,0.994895,False
20409_dafedec6,simple_rotor,1,21700_28d193ac,high_complexity_rotor,0.0,False
20409_dafedec6,simple_rotor,2,21563_c72d37a2,medium_rotor,0.0,False
20409_dafedec6,simple_rotor,3,20341_6a1588fb,simple_rotor,0.0,True
20409_dafedec6,simple_rotor,4,22652_dc7405ef,high_complexity_rotor,0.0,False
20409_dafedec6,simple_rotor,5,21974_1997ebc3,medium_rotor,0.0,False
20409_dafedec6,simple_rotor,6,21614_5d6afa62,simple_rotor,0.0,True
20409_dafedec6,simple_rotor,7,21051_5d118b91,simple_rotor,0.0,True
20409_dafedec6,simple_rotor,8,21570_9cb1d1c4,simple_rotor,0.0,True
20409_dafedec6,simple_rotor,9,22900_09de4c7a,high_complexity_rotor,0.0,False
20409_dafedec6,simple_rotor,10,21619_19435db0,simple_rotor,0.0,True
21492_8bd34fc1,complex_assembly,1,21722_68aeba65,complex_assembly,0.998237,True
21492_8bd34fc1,complex_assembly,2,22125_e3a4cad4,complex_assembly,0.997497,True
21492_8bd34fc1,complex_assembly,3,22028_776fbf0d,complex_assembly,0.971078,True
21492_8bd34fc1,complex_assembly,4,21647_6b6cca6f,complex_assembly,0.965894,True
21492_8bd34fc1,complex_assembly,5,22415_658c81dd,complex_assembly,0.95802,True
21492_8bd34fc1,complex_assembly,6,22717_08784417,complex_assembly,0.947312,True
21492_8bd34fc1,complex_assembly,7,23419_ea47995f,complex_assembly,0.944995,True
21492_8bd34fc1,complex_assembly,8,22306_c3dca308,complex_assembly,0.935339,True
21492_8bd34fc1,complex_assembly,9,20546_87dbd755,complex_assembly,0.929783,True
21492_8bd34fc1,complex_assembly,10,23273_8f301ce3,complex_assembly,0.927917,True
20622_38dd90d0,high_complexity_rotor,1,21719_d60b8a4a,medium_rotor,0.999872,False
20622_38dd90d0,high_complexity_rotor,2,22681_124bf3a9,medium_rotor,0.999872,False
20622_38dd90d0,high_complexity_rotor,3,20722_90d46353,medium_rotor,0.999849,False
20622_38dd90d0,high_complexity_rotor,4,22442_7d5c5d5f,high_complexity_rotor,0.999011,True
20622_38dd90d0,high_complexity_rotor,5,20431_27e7f151,medium_rotor,0.999011,False
20622_38dd90d0,high_complexity_rotor,6,20351_dc6e4e1e,complex_assembly,0.998022,False
20622_38dd90d0,high_complexity_rotor,7,20533_0a3e112b,high_complexity_rotor,0.996888,True
20622_38dd90d0,high_complexity_rotor,8,22076_20e8a107,high_complexity_rotor,0.996102,True
20622_38dd90d0,high_complexity_rotor,9,23422_f214bd4d,complex_assembly,0.995047,False
20622_38dd90d0,high_complexity_rotor,10,21035_d308c5c4,medium_rotor,0.99457,False
22428_c1ffa51a,high_complexity_rotor,1,23378_8d6426ae,high_complexity_rotor,0.999995,True
22428_c1ffa51a,high_complexity_rotor,2,20792_d2ea0500,symmetric_rotor,0.999917,False
22428_c1ffa51a,high_complexity_rotor,3,21300_ec7da33e,high_complexity_rotor,0.999855,True
22428_c1ffa51a,high_complexity_rotor,4,20991_6795af4f,high_complexity_rotor,0.9998,True
22428_c1ffa51a,high_complexity_rotor,5,21685_93737a7a,high_complexity_rotor,0.999701,True
22428_c1ffa51a,high_complexity_rotor,6,23168_7fdf5427,high_complexity_rotor,0.999663,True
22428_c1ffa51a,high_complexity_rotor,7,21990_7bb6efcf,simple_rotor,0.999485,False
22428_c1ffa51a,high_complexity_rotor,8,23217_7c6062e3,high_complexity_rotor,0.999435,True
22428_c1ffa51a,high_complexity_rotor,9,20745_3e22ad07,high_complexity_rotor,0.999435,True
22428_c1ffa51a,high_complexity_rotor,10,23377_690165aa,high_complexity_rotor,0.999404,True
21047_60d69af3,simple_rotor,1,20672_0bc07cce,simple_rotor,1.0,True
21047_60d69af3,simple_rotor,2,22843_ff77027f,simple_rotor,1.0,True
21047_60d69af3,simple_rotor,3,22727_c514268a,medium_rotor,1.0,False
21047_60d69af3,simple_rotor,4,23502_5a80f907,medium_rotor,1.0,False
21047_60d69af3,simple_rotor,5,23048_8a1a5553,high_complexity_rotor,1.0,False
21047_60d69af3,simple_rotor,6,22528_f3370a64,high_complexity_rotor,1.0,False
21047_60d69af3,simple_rotor,7,20322_5a8c6077,medium_rotor,1.0,False
21047_60d69af3,simple_rotor,8,20231_f54462bb,simple_rotor,1.0,True
21047_60d69af3,simple_rotor,9,21884_cc2c39f9,medium_rotor,1.0,False
21047_60d69af3,simple_rotor,10,22405_20f11d58,high_complexity_rotor,1.0,False
23215_08a54de0,simple_rotor,1,22378_234fea2c,simple_rotor,1.0,True
23215_08a54de0,simple_rotor,2,20671_33532794,simple_rotor,1.0,True
23215_08a54de0,simple_rotor,3,20186_f66e4ad3,simple_rotor,1.0,True
23215_08a54de0,simple_rotor,4,23226_8d1b5098,complex_assembly,1.0,False
23215_08a54de0,simple_rotor,5,20436_41b730a3,simple_rotor,1.0,True
23215_08a54de0,simple_rotor,6,21165_5cb2d287,simple_rotor,1.0,True
23215_08a54de0,simple_rotor,7,22227_aca28ff2,simple_rotor,1.0,True
23215_08a54de0,simple_rotor,8,21941_1a683ec2,complex_assembly,0.999978,False
23215_08a54de0,simple_rotor,9,22404_66db7dd7,complex_assembly,0.99997,False
23215_08a54de0,simple_rotor,10,21244_24c3ce72,complex_assembly,0.999941,False
20680_b095cb77,symmetric_rotor,1,22154_24342da4,simple_rotor,1.0,False
20680_b095cb77,symmetric_rotor,2,22129_48b47c52,simple_rotor,1.0,False
20680_b095cb77,symmetric_rotor,3,22886_a6331748,symmetric_rotor,1.0,True
20680_b095cb77,symmetric_rotor,4,20429_419c4cdd,simple_rotor,1.0,False
20680_b095cb77,symmetric_rotor,5,21665_2e14b6ff,simple_rotor,1.0,False
20680_b095cb77,symmetric_rotor,6,23102_211ad1db,symmetric_rotor,1.0,True
20680_b095cb77,symmetric_rotor,7,22140_9cda24cc,simple_rotor,1.0,False
20680_b095cb77,symmetric_rotor,8,22047_5a090f16,simple_rotor,1.0,False
20680_b095cb77,symmetric_rotor,9,20551_ff28a959,simple_rotor,1.0,False
20680_b095cb77,symmetric_rotor,10,22216_4b032400,symmetric_rotor,1.0,True
23130_7417d5b3,high_complexity_rotor,1,20672_0bc07cce,simple_rotor,1.0,False
23130_7417d5b3,high_complexity_rotor,2,22843_ff77027f,simple_rotor,1.0,False
23130_7417d5b3,high_complexity_rotor,3,22727_c514268a,medium_rotor,1.0,False
23130_7417d5b3,high_complexity_rotor,4,23502_5a80f907,medium_rotor,1.0,False
23130_7417d5b3,high_complexity_rotor,5,23048_8a1a5553,high_complexity_rotor,1.0,True
23130_7417d5b3,high_complexity_rotor,6,22528_f3370a64,high_complexity_rotor,1.0,True
23130_7417d5b3,high_complexity_rotor,7,20322_5a8c6077,medium_rotor,1.0,False
23130_7417d5b3,high_complexity_rotor,8,20231_f54462bb,simple_rotor,1.0,False
23130_7417d5b3,high_complexity_rotor,9,21884_cc2c39f9,medium_rotor,1.0,False
23130_7417d5b3,high_complexity_rotor,10,22405_20f11d58,high_complexity_rotor,1.0,True
22193_c8773ded,high_complexity_rotor,1,20672_0bc07cce,simple_rotor,1.0,False
22193_c8773ded,high_complexity_rotor,2,22843_ff77027f,simple_rotor,1.0,False
22193_c8773ded,high_complexity_rotor,3,22727_c514268a,medium_rotor,1.0,False
22193_c8773ded,high_complexity_rotor,4,23502_5a80f907,medium_rotor,1.0,False
22193_c8773ded,high_complexity_rotor,5,23048_8a1a5553,high_complexity_rotor,1.0,True
22193_c8773ded,high_complexity_rotor,6,22528_f3370a64,high_complexity_rotor,1.0,True
22193_c8773ded,high_complexity_rotor,7,20322_5a8c6077,medium_rotor,1.0,False
22193_c8773ded,high_complexity_rotor,8,20231_f54462bb,simple_rotor,1.0,False
22193_c8773ded,high_complexity_rotor,9,21884_cc2c39f9,medium_rotor,1.0,False
22193_c8773ded,high_complexity_rotor,10,22405_20f11d58,high_complexity_rotor,1.0,True
20735_fb18051a,medium_rotor,1,20672_0bc07cce,simple_rotor,1.0,False
20735_fb18051a,medium_rotor,2,22843_ff77027f,simple_rotor,1.0,False
20735_fb18051a,medium_rotor,3,22727_c514268a,medium_rotor,1.0,True
20735_fb18051a,medium_rotor,4,23502_5a80f907,medium_rotor,1.0,True
20735_fb18051a,medium_rotor,5,23048_8a1a5553,high_complexity_rotor,1.0,False
20735_fb18051a,medium_rotor,6,22528_f3370a64,high_complexity_rotor,1.0,False
20735_fb18051a,medium_rotor,7,20322_5a8c6077,medium_rotor,1.0,True
20735_fb18051a,medium_rotor,8,20231_f54462bb,simple_rotor,1.0,False
20735_fb18051a,medium_rotor,9,21884_cc2c39f9,medium_rotor,1.0,True
20735_fb18051a,medium_rotor,10,22405_20f11d58,high_complexity_rotor,1.0,False
20989_885bd9b9,simple_rotor,1,20989_a261efa3,simple_rotor,1.0,True
20989_885bd9b9,simple_rotor,2,20643_71ad3d26,high_complexity_rotor,1.0,False
20989_885bd9b9,simple_rotor,3,20990_0a226634,symmetric_rotor,1.0,False
20989_885bd9b9,simple_rotor,4,21825_ce32b0a0,simple_rotor,0.999999,True
20989_885bd9b9,simple_rotor,5,21839_a8eb6d34,high_complexity_rotor,0.999999,False
20989_885bd9b9,simple_rotor,6,22080_594bcb66,symmetric_rotor,0.999999,False
20989_885bd9b9,simple_rotor,7,21831_54ca67d1,symmetric_rotor,0.999999,False
20989_885bd9b9,simple_rotor,8,21329_1bfecd1d,high_complexity_rotor,0.999999,False
20989_885bd9b9,simple_rotor,9,21133_f9a1614e,symmetric_rotor,0.999999,False
20989_885bd9b9,simple_rotor,10,21840_6847d36c,symmetric_rotor,0.999995,False
20927_826f4b56,simple_rotor,1,21700_28d193ac,high_complexity_rotor,0.0,False
20927_826f4b56,simple_rotor,2,21563_c72d37a2,medium_rotor,0.0,False
20927_826f4b56,simple_rotor,3,20341_6a1588fb,simple_rotor,0.0,True
20927_826f4b56,simple_rotor,4,22652_dc7405ef,high_complexity_rotor,0.0,False
20927_826f4b56,simple_rotor,5,21974_1997ebc3,medium_rotor,0.0,False
20927_826f4b56,simple_rotor,6,21614_5d6afa62,simple_rotor,0.0,True
20927_826f4b56,simple_rotor,7,21051_5d118b91,simple_rotor,0.0,True
20927_826f4b56,simple_rotor,8,21570_9cb1d1c4,simple_rotor,0.0,True
20927_826f4b56,simple_rotor,9,22900_09de4c7a,high_complexity_rotor,0.0,False
20927_826f4b56,simple_rotor,10,21619_19435db0,simple_rotor,0.0,True
21719_d60b8a4a,medium_rotor,1,22681_124bf3a9,medium_rotor,1.0,True
21719_d60b8a4a,medium_rotor,2,20622_38dd90d0,high_complexity_rotor,0.999872,False
21719_d60b8a4a,medium_rotor,3,20431_27e7f151,medium_rotor,0.999594,True
21719_d60b8a4a,medium_rotor,4,22442_7d5c5d5f,high_complexity_rotor,0.999594,False
21719_d60b8a4a,medium_rotor,5,20722_90d46353,medium_rotor,0.999443,True
21719_d60b8a4a,medium_rotor,6,20533_0a3e112b,high_complexity_rotor,0.998022,False
21719_d60b8a4a,medium_rotor,7,20351_dc6e4e1e,complex_assembly,0.996889,False
21719_d60b8a4a,medium_rotor,8,21837_b67d788c,medium_rotor,0.995661,True
21719_d60b8a4a,medium_rotor,9,22076_20e8a107,high_complexity_rotor,0.994564,False
21719_d60b8a4a,medium_rotor,10,20628_e0551f7c,medium_rotor,0.993982,True
21776_fb0bfbc6,simple_rotor,1,20951_2918f2fa,simple_rotor,1.0,True
21776_fb0bfbc6,simple_rotor,2,22135_2aa77ff2,simple_rotor,1.0,True
21776_fb0bfbc6,simple_rotor,3,20241_8c0d3f83,simple_rotor,1.0,True
21776_fb0bfbc6,simple_rotor,4,21422_b2a6bf27,simple_rotor,1.0,True
21776_fb0bfbc6,simple_rotor,5,21451_fea6f0d1,simple_rotor,1.0,True
21776_fb0bfbc6,simple_rotor,6,20241_ccb70dc8,simple_rotor,1.0,True
21776_fb0bfbc6,simple_rotor,7,21911_429c1a72,simple_rotor,0.996986,True
21776_fb0bfbc6,simple_rotor,8,22787_49022c32,complex_assembly,0.995854,False
21776_fb0bfbc6,simple_rotor,9,21994_357aac6f,simple_rotor,0.995033,True
21776_fb0bfbc6,simple_rotor,10,22085_e039a7d3,medium_rotor,0.993825,False
23372_4cb88567,medium_rotor,1,23049_207a41f0,medium_rotor,1.0,True
23372_4cb88567,medium_rotor,2,23323_075a079e,medium_rotor,0.999998,True
23372_4cb88567,medium_rotor,3,22040_6461a147,medium_rotor,0.999997,True
23372_4cb88567,medium_rotor,4,23041_8d3ea25c,medium_rotor,0.999997,True
23372_4cb88567,medium_rotor,5,22218_2f85f6ae,medium_rotor,0.999997,True
23372_4cb88567,medium_rotor,6,21529_93e51dd9,medium_rotor,0.999997,True
23372_4cb88567,medium_rotor,7,20940_9777847c,simple_rotor,0.999993,False
23372_4cb88567,medium_rotor,8,21185_ac5324ba,medium_rotor,0.999993,True
23372_4cb88567,medium_rotor,9,21184_971559b6,simple_rotor,0.999993,False
23372_4cb88567,medium_rotor,10,20141_b9376856,medium_rotor,0.999992,True
22895_4533b542,simple_rotor,1,20672_0bc07cce,simple_rotor,1.0,True
22895_4533b542,simple_rotor,2,22843_ff77027f,simple_rotor,1.0,True
22895_4533b542,simple_rotor,3,22727_c514268a,medium_rotor,1.0,False
22895_4533b542,simple_rotor,4,23502_5a80f907,medium_rotor,1.0,False
22895_4533b542,simple_rotor,5,23048_8a1a5553,high_complexity_rotor,1.0,False
22895_4533b542,simple_rotor,6,22528_f3370a64,high_complexity_rotor,1.0,False
22895_4533b542,simple_rotor,7,20322_5a8c6077,medium_rotor,1.0,False
22895_4533b542,simple_rotor,8,20231_f54462bb,simple_rotor,1.0,True
22895_4533b542,simple_rotor,9,21884_cc2c39f9,medium_rotor,1.0,False
22895_4533b542,simple_rotor,10,22405_20f11d58,high_complexity_rotor,1.0,False
20870_dedaef5b,high_complexity_rotor,1,21092_32622a83,medium_rotor,0.999972,False
20870_dedaef5b,high_complexity_rotor,2,21991_ab98f156,high_complexity_rotor,0.999908,True
20870_dedaef5b,high_complexity_rotor,3,22081_ab3124af,high_complexity_rotor,0.999866,True
20870_dedaef5b,high_complexity_rotor,4,22827_f33929ec,high_complexity_rotor,0.999814,True
20870_dedaef5b,high_complexity_rotor,5,23501_6c48b3c1,medium_rotor,0.999814,False
20870_dedaef5b,high_complexity_rotor,6,20246_40be7668,complex_assembly,0.999808,False
20870_dedaef5b,high_complexity_rotor,7,21429_6d2d3974,medium_rotor,0.999692,False
20870_dedaef5b,high_complexity_rotor,8,21599_80057f94,simple_rotor,0.998375,False
20870_dedaef5b,high_complexity_rotor,9,20858_15bdad00,medium_rotor,0.997741,False
20870_dedaef5b,high_complexity_rotor,10,20544_43691724,high_complexity_rotor,0.997555,True
22399_97987ada,symmetric_rotor,1,21386_e234c6b6,symmetric_rotor,0.999999,True
22399_97987ada,symmetric_rotor,2,21448_5646a1b6,simple_rotor,0.999999,False
22399_97987ada,symmetric_rotor,3,22678_ff42f120,symmetric_rotor,0.999995,True
22399_97987ada,symmetric_rotor,4,22049_4da0d894,symmetric_rotor,0.999989,True
22399_97987ada,symmetric_rotor,5,22236_db209dff,simple_rotor,0.99998,False
22399_97987ada,symmetric_rotor,6,21037_62248d34,symmetric_rotor,0.99998,True
22399_97987ada,symmetric_rotor,7,21478_8fbd4409,symmetric_rotor,0.99998,True
22399_97987ada,symmetric_rotor,8,20384_767d849a,simple_rotor,0.99998,False
22399_97987ada,symmetric_rotor,9,22812_cf865ed1,symmetric_rotor,0.999977,True
22399_97987ada,symmetric_rotor,10,21843_effbd24d,high_complexity_rotor,0.999977,False
20376_eefa9511,simple_rotor,1,20672_0bc07cce,simple_rotor,1.0,True
20376_eefa9511,simple_rotor,2,22843_ff77027f,simple_rotor,1.0,True
20376_eefa9511,simple_rotor,3,22727_c514268a,medium_rotor,1.0,False
20376_eefa9511,simple_rotor,4,23502_5a80f907,medium_rotor,1.0,False
20376_eefa9511,simple_rotor,5,23048_8a1a5553,high_complexity_rotor,1.0,False
20376_eefa9511,simple_rotor,6,22528_f3370a64,high_complexity_rotor,1.0,False
20376_eefa9511,simple_rotor,7,20322_5a8c6077,medium_rotor,1.0,False
20376_eefa9511,simple_rotor,8,20231_f54462bb,simple_rotor,1.0,True
20376_eefa9511,simple_rotor,9,21884_cc2c39f9,medium_rotor,1.0,False
20376_eefa9511,simple_rotor,10,22405_20f11d58,high_complexity_rotor,1.0,False
22180_ce7c3bd8,simple_rotor,1,21005_9feee615,high_complexity_rotor,1.0,False
22180_ce7c3bd8,simple_rotor,2,23318_65e3a7c9,medium_rotor,1.0,False
22180_ce7c3bd8,simple_rotor,3,20281_a29f9a18,medium_rotor,1.0,False
22180_ce7c3bd8,simple_rotor,4,23044_9a964a68,medium_rotor,0.999998,False
22180_ce7c3bd8,simple_rotor,5,21809_8bd6b10e,high_complexity_rotor,0.999991,False
22180_ce7c3bd8,simple_rotor,6,23322_8f85d82d,medium_rotor,0.999987,False
22180_ce7c3bd8,simple_rotor,7,21202_e452c491,medium_rotor,0.999977,False
22180_ce7c3bd8,simple_rotor,8,21292_f94bd96b,medium_rotor,0.999967,False
22180_ce7c3bd8,simple_rotor,9,22131_6b4b60f8,simple_rotor,0.999967,True
22180_ce7c3bd8,simple_rotor,10,20646_4cd14a72,simple_rotor,0.999936,True
20421_49bd1188,medium_rotor,1,23039_b3d04774,simple_rotor,1.0,False
20421_49bd1188,medium_rotor,2,22747_3f6faf4c,simple_rotor,1.0,False
20421_49bd1188,medium_rotor,3,20421_83f66ddc,medium_rotor,1.0,True
20421_49bd1188,medium_rotor,4,21745_56cbe841,medium_rotor,1.0,True
20421_49bd1188,medium_rotor,5,22298_51433023,complex_assembly,0.999998,False
20421_49bd1188,medium_rotor,6,21986_67c5509a,complex_assembly,0.999996,False
20421_49bd1188,medium_rotor,7,22228_1c82530b,medium_rotor,0.999984,True
20421_49bd1188,medium_rotor,8,20165_2b088be5,high_complexity_rotor,0.999948,False
20421_49bd1188,medium_rotor,9,20789_1809f41f,medium_rotor,0.999948,True
20421_49bd1188,medium_rotor,10,20504_c9e14c9d,medium_rotor,0.999948,True
20530_2246503a,medium_rotor,1,20672_0bc07cce,simple_rotor,1.0,False
20530_2246503a,medium_rotor,2,22843_ff77027f,simple_rotor,1.0,False
20530_2246503a,medium_rotor,3,22727_c514268a,medium_rotor,1.0,True
20530_2246503a,medium_rotor,4,23502_5a80f907,medium_rotor,1.0,True
20530_2246503a,medium_rotor,5,23048_8a1a5553,high_complexity_rotor,1.0,False
20530_2246503a,medium_rotor,6,22528_f3370a64,high_complexity_rotor,1.0,False
20530_2246503a,medium_rotor,7,20322_5a8c6077,medium_rotor,1.0,True
20530_2246503a,medium_rotor,8,20231_f54462bb,simple_rotor,1.0,False
20530_2246503a,medium_rotor,9,21884_cc2c39f9,medium_rotor,1.0,True
20530_2246503a,medium_rotor,10,22405_20f11d58,high_complexity_rotor,1.0,False
20815_b3d9e6c9,medium_rotor,1,20672_0bc07cce,simple_rotor,1.0,False
20815_b3d9e6c9,medium_rotor,2,22843_ff77027f,simple_rotor,1.0,False
20815_b3d9e6c9,medium_rotor,3,22727_c514268a,medium_rotor,1.0,True
20815_b3d9e6c9,medium_rotor,4,23502_5a80f907,medium_rotor,1.0,True
20815_b3d9e6c9,medium_rotor,5,23048_8a1a5553,high_complexity_rotor,1.0,False
20815_b3d9e6c9,medium_rotor,6,22528_f3370a64,high_complexity_rotor,1.0,False
20815_b3d9e6c9,medium_rotor,7,20322_5a8c6077,medium_rotor,1.0,True
20815_b3d9e6c9,medium_rotor,8,20231_f54462bb,simple_rotor,1.0,False
20815_b3d9e6c9,medium_rotor,9,21884_cc2c39f9,medium_rotor,1.0,True
20815_b3d9e6c9,medium_rotor,10,22405_20f11d58,high_complexity_rotor,1.0,False
21809_8bd6b10e,high_complexity_rotor,1,23044_9a964a68,medium_rotor,0.999997,False
21809_8bd6b10e,high_complexity_rotor,2,21005_9feee615,high_complexity_rotor,0.999991,True
21809_8bd6b10e,high_complexity_rotor,3,22180_ce7c3bd8,simple_rotor,0.999991,False
21809_8bd6b10e,high_complexity_rotor,4,23318_65e3a7c9,medium_rotor,0.999991,False
21809_8bd6b10e,high_complexity_rotor,5,20281_a29f9a18,medium_rotor,0.999991,False
21809_8bd6b10e,high_complexity_rotor,6,20646_4cd14a72,simple_rotor,0.999976,False
21809_8bd6b10e,high_complexity_rotor,7,21326_ab4d6c43,simple_rotor,0.999976,False
21809_8bd6b10e,high_complexity_rotor,8,20293_a1999339,high_complexity_rotor,0.999976,True
21809_8bd6b10e,high_complexity_rotor,9,22059_b7d76712,medium_rotor,0.999976,False
21809_8bd6b10e,high_complexity_rotor,10,23373_f5dac851,medium_rotor,0.999976,False
22210_649a5363,simple_rotor,1,20672_0bc07cce,simple_rotor,1.0,True
22210_649a5363,simple_rotor,2,22843_ff77027f,simple_rotor,1.0,True
22210_649a5363,simple_rotor,3,22727_c514268a,medium_rotor,1.0,False
22210_649a5363,simple_rotor,4,23502_5a80f907,medium_rotor,1.0,False
22210_649a5363,simple_rotor,5,23048_8a1a5553,high_complexity_rotor,1.0,False
22210_649a5363,simple_rotor,6,22528_f3370a64,high_complexity_rotor,1.0,False
22210_649a5363,simple_rotor,7,20322_5a8c6077,medium_rotor,1.0,False
22210_649a5363,simple_rotor,8,20231_f54462bb,simple_rotor,1.0,True
22210_649a5363,simple_rotor,9,21884_cc2c39f9,medium_rotor,1.0,False
22210_649a5363,simple_rotor,10,22405_20f11d58,high_complexity_rotor,1.0,False
23195_2629864e,complex_assembly,1,22413_901f5867,complex_assembly,0.999998,True
23195_2629864e,complex_assembly,2,20319_9f53cd7c,medium_rotor,0.999997,False
23195_2629864e,complex_assembly,3,22072_5163223a,medium_rotor,0.999978,False
23195_2629864e,complex_assembly,4,23176_1bf2a2d5,medium_rotor,0.999975,False
23195_2629864e,complex_assembly,5,20182_71b9e491,medium_rotor,0.999902,False
23195_2629864e,complex_assembly,6,22062_2d6b3b72,medium_rotor,0.999902,False
23195_2629864e,complex_assembly,7,20215_e2eb3082,medium_rotor,0.999902,False
23195_2629864e,complex_assembly,8,21601_360ce1c7,medium_rotor,0.999902,False
23195_2629864e,complex_assembly,9,22837_7644c972,simple_rotor,0.999902,False
23195_2629864e,complex_assembly,10,22242_4ceddc2b,complex_assembly,0.999902,True
22827_f33929ec,high_complexity_rotor,1,23501_6c48b3c1,medium_rotor,1.0,False
22827_f33929ec,high_complexity_rotor,2,22081_ab3124af,high_complexity_rotor,0.999996,True
22827_f33929ec,high_complexity_rotor,3,21429_6d2d3974,medium_rotor,0.999985,False
22827_f33929ec,high_complexity_rotor,4,20870_dedaef5b,high_complexity_rotor,0.999814,True
22827_f33929ec,high_complexity_rotor,5,21092_32622a83,medium_rotor,0.999641,False
22827_f33929ec,high_complexity_rotor,6,21991_ab98f156,high_complexity_rotor,0.99946,True
22827_f33929ec,high_complexity_rotor,7,20246_40be7668,complex_assembly,0.999244,False
22827_f33929ec,high_complexity_rotor,8,20858_15bdad00,medium_rotor,0.998851,False
22827_f33929ec,high_complexity_rotor,9,20544_43691724,high_complexity_rotor,0.998717,True
22827_f33929ec,high_complexity_rotor,10,21592_c5e77a82,medium_rotor,0.997793,False
20745_3e22ad07,high_complexity_rotor,1,23217_7c6062e3,high_complexity_rotor,1.0,True
20745_3e22ad07,high_complexity_rotor,2,21990_7bb6efcf,simple_rotor,0.999999,False
20745_3e22ad07,high_complexity_rotor,3,23377_690165aa,high_complexity_rotor,0.999976,True
20745_3e22ad07,high_complexity_rotor,4,23168_7fdf5427,high_complexity_rotor,0.999969,True
20745_3e22ad07,high_complexity_rotor,5,21685_93737a7a,high_complexity_rotor,0.999956,True
20745_3e22ad07,high_complexity_rotor,6,22278_12f1fb79,high_complexity_rotor,0.999955,True
20745_3e22ad07,high_complexity_rotor,7,20991_6795af4f,high_complexity_rotor,0.9999,True
20745_3e22ad07,high_complexity_rotor,8,21300_ec7da33e,high_complexity_rotor,0.999851,True
20745_3e22ad07,high_complexity_rotor,9,20792_d2ea0500,symmetric_rotor,0.999758,False
20745_3e22ad07,high_complexity_rotor,10,22245_ca848576,symmetric_rotor,0.999721,False
21779_b99623fc,medium_rotor,1,20672_0bc07cce,simple_rotor,1.0,False
21779_b99623fc,medium_rotor,2,22843_ff77027f,simple_rotor,1.0,False
21779_b99623fc,medium_rotor,3,22727_c514268a,medium_rotor,1.0,True
21779_b99623fc,medium_rotor,4,23502_5a80f907,medium_rotor,1.0,True
21779_b99623fc,medium_rotor,5,23048_8a1a5553,high_complexity_rotor,1.0,False
21779_b99623fc,medium_rotor,6,22528_f3370a64,high_complexity_rotor,1.0,False
21779_b99623fc,medium_rotor,7,20322_5a8c6077,medium_rotor,1.0,True
21779_b99623fc,medium_rotor,8,20231_f54462bb,simple_rotor,1.0,False
21779_b99623fc,medium_rotor,9,21884_cc2c39f9,medium_rotor,1.0,True
21779_b99623fc,medium_rotor,10,22405_20f11d58,high_complexity_rotor,1.0,False
20212_5d1f2de1,simple_rotor,1,20672_0bc07cce,simple_rotor,1.0,True
20212_5d1f2de1,simple_rotor,2,22843_ff77027f,simple_rotor,1.0,True
20212_5d1f2de1,simple_rotor,3,22727_c514268a,medium_rotor,1.0,False
20212_5d1f2de1,simple_rotor,4,23502_5a80f907,medium_rotor,1.0,False
20212_5d1f2de1,simple_rotor,5,23048_8a1a5553,high_complexity_rotor,1.0,False
20212_5d1f2de1,simple_rotor,6,22528_f3370a64,high_complexity_rotor,1.0,False
20212_5d1f2de1,simple_rotor,7,20322_5a8c6077,medium_rotor,1.0,False
20212_5d1f2de1,simple_rotor,8,20231_f54462bb,simple_rotor,1.0,True
20212_5d1f2de1,simple_rotor,9,21884_cc2c39f9,medium_rotor,1.0,False
20212_5d1f2de1,simple_rotor,10,22405_20f11d58,high_complexity_rotor,1.0,False
21550_0b16151d,medium_rotor,1,20672_0bc07cce,simple_rotor,1.0,False
21550_0b16151d,medium_rotor,2,22843_ff77027f,simple_rotor,1.0,False
21550_0b16151d,medium_rotor,3,22727_c514268a,medium_rotor,1.0,True
21550_0b16151d,medium_rotor,4,23502_5a80f907,medium_rotor,1.0,True
21550_0b16151d,medium_rotor,5,23048_8a1a5553,high_complexity_rotor,1.0,False
21550_0b16151d,medium_rotor,6,22528_f3370a64,high_complexity_rotor,1.0,False
21550_0b16151d,medium_rotor,7,20322_5a8c6077,medium_rotor,1.0,True
21550_0b16151d,medium_rotor,8,20231_f54462bb,simple_rotor,1.0,False
21550_0b16151d,medium_rotor,9,21884_cc2c39f9,medium_rotor,1.0,True
21550_0b16151d,medium_rotor,10,22405_20f11d58,high_complexity_rotor,1.0,False
23209_1592b0a4,simple_rotor,1,20892_b1f89c8d,medium_rotor,1.0,False
23209_1592b0a4,simple_rotor,2,20787_ed64ff5e,complex_assembly,0.999997,False
23209_1592b0a4,simple_rotor,3,21244_d67bbabc,complex_assembly,0.999993,False
23209_1592b0a4,simple_rotor,4,20755_4b5e61bf,medium_rotor,0.999974,False
23209_1592b0a4,simple_rotor,5,22581_406c16c4,complex_assembly,0.999958,False
23209_1592b0a4,simple_rotor,6,20989_d1b8b0f8,medium_rotor,0.99995,False
23209_1592b0a4,simple_rotor,7,20688_955aae0c,medium_rotor,0.99995,False
23209_1592b0a4,simple_rotor,8,21513_50fb4d62,medium_rotor,0.999942,False
23209_1592b0a4,simple_rotor,9,20495_e8e7e80c,simple_rotor,0.999942,True
23209_1592b0a4,simple_rotor,10,21626_b34008e6,medium_rotor,0.999942,False
22498_b8bdb105,simple_rotor,1,20672_0bc07cce,simple_rotor,1.0,True
22498_b8bdb105,simple_rotor,2,22843_ff77027f,simple_rotor,1.0,True
22498_b8bdb105,simple_rotor,3,22727_c514268a,medium_rotor,1.0,False
22498_b8bdb105,simple_rotor,4,23502_5a80f907,medium_rotor,1.0,False
22498_b8bdb105,simple_rotor,5,23048_8a1a5553,high_complexity_rotor,1.0,False
22498_b8bdb105,simple_rotor,6,22528_f3370a64,high_complexity_rotor,1.0,False
22498_b8bdb105,simple_rotor,7,20322_5a8c6077,medium_rotor,1.0,False
22498_b8bdb105,simple_rotor,8,20231_f54462bb,simple_rotor,1.0,True
22498_b8bdb105,simple_rotor,9,21884_cc2c39f9,medium_rotor,1.0,False
22498_b8bdb105,simple_rotor,10,22405_20f11d58,high_complexity_rotor,1.0,False
23380_abffc859,medium_rotor,1,20672_0bc07cce,simple_rotor,1.0,False
23380_abffc859,medium_rotor,2,22843_ff77027f,simple_rotor,1.0,False
23380_abffc859,medium_rotor,3,22727_c514268a,medium_rotor,1.0,True
23380_abffc859,medium_rotor,4,23502_5a80f907,medium_rotor,1.0,True
23380_abffc859,medium_rotor,5,23048_8a1a5553,high_complexity_rotor,1.0,False
23380_abffc859,medium_rotor,6,22528_f3370a64,high_complexity_rotor,1.0,False
23380_abffc859,medium_rotor,7,20322_5a8c6077,medium_rotor,1.0,True
23380_abffc859,medium_rotor,8,20231_f54462bb,simple_rotor,1.0,False
23380_abffc859,medium_rotor,9,21884_cc2c39f9,medium_rotor,1.0,True
23380_abffc859,medium_rotor,10,22405_20f11d58,high_complexity_rotor,1.0,False
20389_c835706f,medium_rotor,1,20672_0bc07cce,simple_rotor,1.0,False
20389_c835706f,medium_rotor,2,22843_ff77027f,simple_rotor,1.0,False
20389_c835706f,medium_rotor,3,22727_c514268a,medium_rotor,1.0,True
20389_c835706f,medium_rotor,4,23502_5a80f907,medium_rotor,1.0,True
20389_c835706f,medium_rotor,5,23048_8a1a5553,high_complexity_rotor,1.0,False
20389_c835706f,medium_rotor,6,22528_f3370a64,high_complexity_rotor,1.0,False
20389_c835706f,medium_rotor,7,20322_5a8c6077,medium_rotor,1.0,True
20389_c835706f,medium_rotor,8,20231_f54462bb,simple_rotor,1.0,False
20389_c835706f,medium_rotor,9,21884_cc2c39f9,medium_rotor,1.0,True
20389_c835706f,medium_rotor,10,22405_20f11d58,high_complexity_rotor,1.0,False
21429_6d2d3974,medium_rotor,1,22827_f33929ec,high_complexity_rotor,0.999985,False
21429_6d2d3974,medium_rotor,2,23501_6c48b3c1,medium_rotor,0.999985,True
21429_6d2d3974,medium_rotor,3,22081_ab3124af,high_complexity_rotor,0.999964,False
21429_6d2d3974,medium_rotor,4,20870_dedaef5b,high_complexity_rotor,0.999692,False
21429_6d2d3974,medium_rotor,5,21092_32622a83,medium_rotor,0.999478,True
21429_6d2d3974,medium_rotor,6,21991_ab98f156,high_complexity_rotor,0.999263,False
21429_6d2d3974,medium_rotor,7,20858_15bdad00,medium_rotor,0.999101,True
21429_6d2d3974,medium_rotor,8,20246_40be7668,complex_assembly,0.999014,False
21429_6d2d3974,medium_rotor,9,20544_43691724,high_complexity_rotor,0.998982,False
21429_6d2d3974,medium_rotor,10,21592_c5e77a82,medium_rotor,0.998145,True
21843_effbd24d,high_complexity_rotor,1,22812_cf865ed1,symmetric_rotor,1.0,False
21843_effbd24d,high_complexity_rotor,2,21081_72fa4ad1,high_complexity_rotor,1.0,True
21843_effbd24d,high_complexity_rotor,3,21845_dff8b3a1,high_complexity_rotor,0.999999,True
21843_effbd24d,high_complexity_rotor,4,20585_09b72895,symmetric_rotor,0.999999,False
21843_effbd24d,high_complexity_rotor,5,22561_067b78ae,symmetric_rotor,0.999995,False
21843_effbd24d,high_complexity_rotor,6,20419_8ce893b6,symmetric_rotor,0.999989,False
21843_effbd24d,high_complexity_rotor,7,21828_21ab2114,symmetric_rotor,0.999989,False
21843_effbd24d,high_complexity_rotor,8,21838_5bc448b4,high_complexity_rotor,0.999989,True
21843_effbd24d,high_complexity_rotor,9,21840_6847d36c,symmetric_rotor,0.999989,False
21843_effbd24d,high_complexity_rotor,10,22168_a84560a9,high_complexity_rotor,0.99998,True
23439_18900af2,simple_rotor,1,20672_0bc07cce,simple_rotor,1.0,True
23439_18900af2,simple_rotor,2,22843_ff77027f,simple_rotor,1.0,True
23439_18900af2,simple_rotor,3,22727_c514268a,medium_rotor,1.0,False
23439_18900af2,simple_rotor,4,23502_5a80f907,medium_rotor,1.0,False
23439_18900af2,simple_rotor,5,23048_8a1a5553,high_complexity_rotor,1.0,False
23439_18900af2,simple_rotor,6,22528_f3370a64,high_complexity_rotor,1.0,False
23439_18900af2,simple_rotor,7,20322_5a8c6077,medium_rotor,1.0,False
23439_18900af2,simple_rotor,8,20231_f54462bb,simple_rotor,1.0,True
23439_18900af2,simple_rotor,9,21884_cc2c39f9,medium_rotor,1.0,False
23439_18900af2,simple_rotor,10,22405_20f11d58,high_complexity_rotor,1.0,False
21737_87d83240,medium_rotor,1,22534_e899f645,medium_rotor,1.0,True
21737_87d83240,medium_rotor,2,20478_c02790cb,simple_rotor,1.0,False
21737_87d83240,medium_rotor,3,22196_e5bf8c9d,medium_rotor,1.0,True
21737_87d83240,medium_rotor,4,22011_0832eefe,medium_rotor,1.0,True
21737_87d83240,medium_rotor,5,21275_c8049742,medium_rotor,1.0,True
21737_87d83240,medium_rotor,6,22491_a33562ad,complex_assembly,1.0,False
21737_87d83240,medium_rotor,7,20188_98b86c0f,simple_rotor,1.0,False
21737_87d83240,medium_rotor,8,22729_232da678,medium_rotor,1.0,True
21737_87d83240,medium_rotor,9,21469_abec26c4,simple_rotor,1.0,False
21737_87d83240,medium_rotor,10,20193_2da4f0a0,simple_rotor,1.0,False
21496_f4025ad5,medium_rotor,1,20672_0bc07cce,simple_rotor,1.0,False
21496_f4025ad5,medium_rotor,2,22843_ff77027f,simple_rotor,1.0,False
21496_f4025ad5,medium_rotor,3,22727_c514268a,medium_rotor,1.0,True
21496_f4025ad5,medium_rotor,4,23502_5a80f907,medium_rotor,1.0,True
21496_f4025ad5,medium_rotor,5,23048_8a1a5553,high_complexity_rotor,1.0,False
21496_f4025ad5,medium_rotor,6,22528_f3370a64,high_complexity_rotor,1.0,False
21496_f4025ad5,medium_rotor,7,20322_5a8c6077,medium_rotor,1.0,True
21496_f4025ad5,medium_rotor,8,20231_f54462bb,simple_rotor,1.0,False
21496_f4025ad5,medium_rotor,9,21884_cc2c39f9,medium_rotor,1.0,True
21496_f4025ad5,medium_rotor,10,22405_20f11d58,high_complexity_rotor,1.0,False
22053_de30641b,simple_rotor,1,20287_072b5bf6,high_complexity_rotor,1.0,False
22053_de30641b,simple_rotor,2,21533_8837772a,simple_rotor,0.999993,True
22053_de30641b,simple_rotor,3,23321_c9497b79,simple_rotor,0.999948,True
22053_de30641b,simple_rotor,4,21015_10304cb9,simple_rotor,0.999948,True
22053_de30641b,simple_rotor,5,21557_53eafe15,complex_assembly,0.999922,False
22053_de30641b,simple_rotor,6,20340_86125547,simple_rotor,0.999918,True
22053_de30641b,simple_rotor,7,20814_5a2be0fb,simple_rotor,0.999918,True
22053_de30641b,simple_rotor,8,20803_473c87ac,simple_rotor,0.999918,True
22053_de30641b,simple_rotor,9,22374_aa5bb54d,simple_rotor,0.999918,True
22053_de30641b,simple_rotor,10,20332_0c2a24aa,simple_rotor,0.999918,True
22891_b8c84495,simple_rotor,1,20672_0bc07cce,simple_rotor,1.0,True
22891_b8c84495,simple_rotor,2,22843_ff77027f,simple_rotor,1.0,True
22891_b8c84495,simple_rotor,3,22727_c514268a,medium_rotor,1.0,False
22891_b8c84495,simple_rotor,4,23502_5a80f907,medium_rotor,1.0,False
22891_b8c84495,simple_rotor,5,23048_8a1a5553,high_complexity_rotor,1.0,False
22891_b8c84495,simple_rotor,6,22528_f3370a64,high_complexity_rotor,1.0,False
22891_b8c84495,simple_rotor,7,20322_5a8c6077,medium_rotor,1.0,False
22891_b8c84495,simple_rotor,8,20231_f54462bb,simple_rotor,1.0,True
22891_b8c84495,simple_rotor,9,21884_cc2c39f9,medium_rotor,1.0,False
22891_b8c84495,simple_rotor,10,22405_20f11d58,high_complexity_rotor,1.0,False
21390_4d1e2d9c,medium_rotor,1,20672_0bc07cce,simple_rotor,1.0,False
21390_4d1e2d9c,medium_rotor,2,22843_ff77027f,simple_rotor,1.0,False
21390_4d1e2d9c,medium_rotor,3,22727_c514268a,medium_rotor,1.0,True
21390_4d1e2d9c,medium_rotor,4,23502_5a80f907,medium_rotor,1.0,True
21390_4d1e2d9c,medium_rotor,5,23048_8a1a5553,high_complexity_rotor,1.0,False
21390_4d1e2d9c,medium_rotor,6,22528_f3370a64,high_complexity_rotor,1.0,False
21390_4d1e2d9c,medium_rotor,7,20322_5a8c6077,medium_rotor,1.0,True
21390_4d1e2d9c,medium_rotor,8,20231_f54462bb,simple_rotor,1.0,False
21390_4d1e2d9c,medium_rotor,9,21884_cc2c39f9,medium_rotor,1.0,True
21390_4d1e2d9c,medium_rotor,10,22405_20f11d58,high_complexity_rotor,1.0,False
22378_234fea2c,simple_rotor,1,20186_f66e4ad3,simple_rotor,1.0,True
22378_234fea2c,simple_rotor,2,20671_33532794,simple_rotor,1.0,True
22378_234fea2c,simple_rotor,3,21165_5cb2d287,simple_rotor,1.0,True
22378_234fea2c,simple_rotor,4,22227_aca28ff2,simple_rotor,1.0,True
22378_234fea2c,simple_rotor,5,23226_8d1b5098,complex_assembly,1.0,False
22378_234fea2c,simple_rotor,6,23215_08a54de0,simple_rotor,1.0,True
22378_234fea2c,simple_rotor,7,20436_41b730a3,simple_rotor,1.0,True
22378_234fea2c,simple_rotor,8,21941_1a683ec2,complex_assembly,0.999978,False
22378_234fea2c,simple_rotor,9,22404_66db7dd7,complex_assembly,0.99997,False
22378_234fea2c,simple_rotor,10,21244_24c3ce72,complex_assembly,0.999941,False
22659_0e686e14,symmetric_rotor,1,22434_2ad62ed6,symmetric_rotor,1.0,True
22659_0e686e14,symmetric_rotor,2,20225_4ce6d59b,symmetric_rotor,1.0,True
22659_0e686e14,symmetric_rotor,3,21692_777db9e2,symmetric_rotor,1.0,True
22659_0e686e14,symmetric_rotor,4,23259_d655fcc1,symmetric_rotor,0.999999,True
22659_0e686e14,symmetric_rotor,5,21497_9833a679,symmetric_rotor,0.999999,True
22659_0e686e14,symmetric_rotor,6,20438_5f344b00,simple_rotor,0.999999,False
22659_0e686e14,symmetric_rotor,7,23178_eb4b4280,symmetric_rotor,0.999999,True
22659_0e686e14,symmetric_rotor,8,21810_718ae2fe,simple_rotor,0.999999,False
22659_0e686e14,symmetric_rotor,9,22419_dfeb5d33,high_complexity_rotor,0.999999,False
22659_0e686e14,symmetric_rotor,10,23037_d0df320c,symmetric_rotor,0.999999,True
22304_33009be6,simple_rotor,1,23170_6ea8ded5,symmetric_rotor,1.0,False
22304_33009be6,simple_rotor,2,22312_3f366a4a,symmetric_rotor,0.999999,False
22304_33009be6,simple_rotor,3,22421_19401bdd,high_complexity_rotor,0.999999,False
22304_33009be6,simple_rotor,4,20697_d3e106b4,high_complexity_rotor,0.999999,False
22304_33009be6,simple_rotor,5,22027_11a2e852,high_complexity_rotor,0.999999,False
22304_33009be6,simple_rotor,6,21958_e48ddf4e,symmetric_rotor,0.999999,False
22304_33009be6,simple_rotor,7,22241_535ad84b,simple_rotor,0.999989,True
22304_33009be6,simple_rotor,8,23329_6939d5d9,high_complexity_rotor,0.999989,False
22304_33009be6,simple_rotor,9,23155_d7305c5f,high_complexity_rotor,0.99998,False
22304_33009be6,simple_rotor,10,22141_5db99710,symmetric_rotor,0.99998,False
20765_99d0665e,high_complexity_rotor,1,20672_0bc07cce,simple_rotor,1.0,False
20765_99d0665e,high_complexity_rotor,2,22843_ff77027f,simple_rotor,1.0,False
20765_99d0665e,high_complexity_rotor,3,22727_c514268a,medium_rotor,1.0,False
20765_99d0665e,high_complexity_rotor,4,23502_5a80f907,medium_rotor,1.0,False
20765_99d0665e,high_complexity_rotor,5,23048_8a1a5553,high_complexity_rotor,1.0,True
20765_99d0665e,high_complexity_rotor,6,22528_f3370a64,high_complexity_rotor,1.0,True
20765_99d0665e,high_complexity_rotor,7,20322_5a8c6077,medium_rotor,1.0,False
20765_99d0665e,high_complexity_rotor,8,20231_f54462bb,simple_rotor,1.0,False
20765_99d0665e,high_complexity_rotor,9,21884_cc2c39f9,medium_rotor,1.0,False
20765_99d0665e,high_complexity_rotor,10,22405_20f11d58,high_complexity_rotor,1.0,True
23422_f214bd4d,complex_assembly,1,21337_062b39fa,high_complexity_rotor,0.999989,False
23422_f214bd4d,complex_assembly,2,21035_d308c5c4,medium_rotor,0.999989,False
23422_f214bd4d,complex_assembly,3,22076_20e8a107,high_complexity_rotor,0.999937,False
23422_f214bd4d,complex_assembly,4,19566_19d85d3b,high_complexity_rotor,0.999487,False
23422_f214bd4d,complex_assembly,5,21153_a2fb81fe,high_complexity_rotor,0.999487,False
23422_f214bd4d,complex_assembly,6,23413_6702ec7f,medium_rotor,0.999487,False
23422_f214bd4d,complex_assembly,7,20351_dc6e4e1e,complex_assembly,0.999328,True
23422_f214bd4d,complex_assembly,8,20722_90d46353,medium_rotor,0.996623,False
23422_f214bd4d,complex_assembly,9,20622_38dd90d0,high_complexity_rotor,0.995047,False
23422_f214bd4d,complex_assembly,10,23368_648717d8,medium_rotor,0.994982,False
23343_f000bdae,simple_rotor,1,20672_0bc07cce,simple_rotor,1.0,True
23343_f000bdae,simple_rotor,2,22843_ff77027f,simple_rotor,1.0,True
23343_f000bdae,simple_rotor,3,22727_c514268a,medium_rotor,1.0,False
23343_f000bdae,simple_rotor,4,23502_5a80f907,medium_rotor,1.0,False
23343_f000bdae,simple_rotor,5,23048_8a1a5553,high_complexity_rotor,1.0,False
23343_f000bdae,simple_rotor,6,22528_f3370a64,high_complexity_rotor,1.0,False
23343_f000bdae,simple_rotor,7,20322_5a8c6077,medium_rotor,1.0,False
23343_f000bdae,simple_rotor,8,20231_f54462bb,simple_rotor,1.0,True
23343_f000bdae,simple_rotor,9,21884_cc2c39f9,medium_rotor,1.0,False
23343_f000bdae,simple_rotor,10,22405_20f11d58,high_complexity_rotor,1.0,False
23161_e7f63a9f,high_complexity_rotor,1,20672_0bc07cce,simple_rotor,1.0,False
23161_e7f63a9f,high_complexity_rotor,2,22843_ff77027f,simple_rotor,1.0,False
23161_e7f63a9f,high_complexity_rotor,3,22727_c514268a,medium_rotor,1.0,False
23161_e7f63a9f,high_complexity_rotor,4,23502_5a80f907,medium_rotor,1.0,False
23161_e7f63a9f,high_complexity_rotor,5,23048_8a1a5553,high_complexity_rotor,1.0,True
23161_e7f63a9f,high_complexity_rotor,6,22528_f3370a64,high_complexity_rotor,1.0,True
23161_e7f63a9f,high_complexity_rotor,7,20322_5a8c6077,medium_rotor,1.0,False
23161_e7f63a9f,high_complexity_rotor,8,20231_f54462bb,simple_rotor,1.0,False
23161_e7f63a9f,high_complexity_rotor,9,21884_cc2c39f9,medium_rotor,1.0,False
23161_e7f63a9f,high_complexity_rotor,10,22405_20f11d58,high_complexity_rotor,1.0,True
22011_0832eefe,medium_rotor,1,22534_e899f645,medium_rotor,1.0,True
22011_0832eefe,medium_rotor,2,20478_c02790cb,simple_rotor,1.0,False
22011_0832eefe,medium_rotor,3,22196_e5bf8c9d,medium_rotor,1.0,True
22011_0832eefe,medium_rotor,4,21275_c8049742,medium_rotor,1.0,True
22011_0832eefe,medium_rotor,5,22491_a33562ad,complex_assembly,1.0,False
22011_0832eefe,medium_rotor,6,21737_87d83240,medium_rotor,1.0,True
22011_0832eefe,medium_rotor,7,20188_98b86c0f,simple_rotor,1.0,False
22011_0832eefe,medium_rotor,8,22729_232da678,medium_rotor,1.0,True
22011_0832eefe,medium_rotor,9,21469_abec26c4,simple_rotor,1.0,False
22011_0832eefe,medium_rotor,10,20193_2da4f0a0,simple_rotor,1.0,False
22214_b098105d,simple_rotor,1,22067_624b28e3,simple_rotor,1.0,True
22214_b098105d,simple_rotor,2,21503_34f299ca,medium_rotor,0.999835,False
22214_b098105d,simple_rotor,3,22492_047b125b,complex_assembly,0.999814,False
22214_b098105d,simple_rotor,4,20636_ca9eb29a,high_complexity_rotor,0.999782,False
22214_b098105d,simple_rotor,5,21790_aaf9224a,medium_rotor,0.999367,False
22214_b098105d,simple_rotor,6,22376_3ebc82a2,medium_rotor,0.999206,False
22214_b098105d,simple_rotor,7,22483_f4e4b62a,complex_assembly,0.999149,False
22214_b098105d,simple_rotor,8,21859_35124f79,complex_assembly,0.999071,False
22214_b098105d,simple_rotor,9,20668_b2f2633e,high_complexity_rotor,0.998628,False
22214_b098105d,simple_rotor,10,21425_d0d47a2a,high_complexity_rotor,0.998628,False
22046_fe3bae6e,medium_rotor,1,21976_807c9b26,simple_rotor,1.0,False
22046_fe3bae6e,medium_rotor,2,21695_1f33863f,medium_rotor,1.0,True
22046_fe3bae6e,medium_rotor,3,20141_b9376856,medium_rotor,0.999999,True
22046_fe3bae6e,medium_rotor,4,21529_93e51dd9,medium_rotor,0.999995,True
22046_fe3bae6e,medium_rotor,5,22218_2f85f6ae,medium_rotor,0.999995,True
22046_fe3bae6e,medium_rotor,6,23041_8d3ea25c,medium_rotor,0.999995,True
22046_fe3bae6e,medium_rotor,7,22040_6461a147,medium_rotor,0.999995,True
22046_fe3bae6e,medium_rotor,8,21024_9be3d461,high_complexity_rotor,0.999992,False
22046_fe3bae6e,medium_rotor,9,22061_b50b6b66,medium_rotor,0.999992,True
22046_fe3bae6e,medium_rotor,10,20285_b64b1a7e,medium_rotor,0.999992,True
23204_ff1672a9,complex_assembly,1,23331_192866b6,medium_rotor,0.999929,False
23204_ff1672a9,complex_assembly,2,22987_37973191,medium_rotor,0.999882,False
23204_ff1672a9,complex_assembly,3,23376_9b48819a,high_complexity_rotor,0.999844,False
23204_ff1672a9,complex_assembly,4,22832_731d3b9f,medium_rotor,0.999653,False
23204_ff1672a9,complex_assembly,5,22680_1f4026f6,medium_rotor,0.999653,False
23204_ff1672a9,complex_assembly,6,22372_e91792a1,medium_rotor,0.999653,False
23204_ff1672a9,complex_assembly,7,7778_3a9748b3,complex_assembly,0.999014,True
23204_ff1672a9,complex_assembly,8,23368_648717d8,medium_rotor,0.998838,False
23204_ff1672a9,complex_assembly,9,20668_b2f2633e,high_complexity_rotor,0.997334,False
23204_ff1672a9,complex_assembly,10,21425_d0d47a2a,high_complexity_rotor,0.997334,False
21529_93e51dd9,medium_rotor,1,22218_2f85f6ae,medium_rotor,1.0,True
21529_93e51dd9,medium_rotor,2,22040_6461a147,medium_rotor,1.0,True
21529_93e51dd9,medium_rotor,3,23041_8d3ea25c,medium_rotor,1.0,True
21529_93e51dd9,medium_rotor,4,20141_b9376856,medium_rotor,0.999999,True
21529_93e51dd9,medium_rotor,5,23049_207a41f0,medium_rotor,0.999997,True
21529_93e51dd9,medium_rotor,6,23372_4cb88567,medium_rotor,0.999997,True
21529_93e51dd9,medium_rotor,7,22046_fe3bae6e,medium_rotor,0.999995,True
21529_93e51dd9,medium_rotor,8,21976_807c9b26,simple_rotor,0.999995,False
21529_93e51dd9,medium_rotor,9,21695_1f33863f,medium_rotor,0.999995,True
21529_93e51dd9,medium_rotor,10,23323_075a079e,medium_rotor,0.99999,True
20429_419c4cdd,simple_rotor,1,22154_24342da4,simple_rotor,1.0,True
20429_419c4cdd,simple_rotor,2,22129_48b47c52,simple_rotor,1.0,True
20429_419c4cdd,simple_rotor,3,22886_a6331748,symmetric_rotor,1.0,False
20429_419c4cdd,simple_rotor,4,21665_2e14b6ff,simple_rotor,1.0,True
20429_419c4cdd,simple_rotor,5,23102_211ad1db,symmetric_rotor,1.0,False
20429_419c4cdd,simple_rotor,6,20680_b095cb77,symmetric_rotor,1.0,False
20429_419c4cdd,simple_rotor,7,22140_9cda24cc,simple_rotor,1.0,True
20429_419c4cdd,simple_rotor,8,22047_5a090f16,simple_rotor,1.0,True
20429_419c4cdd,simple_rotor,9,20551_ff28a959,simple_rotor,1.0,True
20429_419c4cdd,simple_rotor,10,22216_4b032400,symmetric_rotor,1.0,False
20241_8c0d3f83,simple_rotor,1,20241_ccb70dc8,simple_rotor,1.0,True
20241_8c0d3f83,simple_rotor,2,22135_2aa77ff2,simple_rotor,1.0,True
20241_8c0d3f83,simple_rotor,3,20951_2918f2fa,simple_rotor,1.0,True
20241_8c0d3f83,simple_rotor,4,21776_fb0bfbc6,simple_rotor,1.0,True
20241_8c0d3f83,simple_rotor,5,21422_b2a6bf27,simple_rotor,1.0,True
20241_8c0d3f83,simple_rotor,6,21451_fea6f0d1,simple_rotor,1.0,True
20241_8c0d3f83,simple_rotor,7,21911_429c1a72,simple_rotor,0.996986,True
20241_8c0d3f83,simple_rotor,8,22787_49022c32,complex_assembly,0.995854,False
20241_8c0d3f83,simple_rotor,9,21994_357aac6f,simple_rotor,0.995033,True
20241_8c0d3f83,simple_rotor,10,22085_e039a7d3,medium_rotor,0.993825,False
20440_27177360,medium_rotor,1,21858_f1409ea2,medium_rotor,1.0,True
20440_27177360,medium_rotor,2,21656_964b0c84,high_complexity_rotor,0.999942,False
20440_27177360,medium_rotor,3,21621_711e1918,medium_rotor,0.999936,True
20440_27177360,medium_rotor,4,21700_28d193ac,high_complexity_rotor,0.999806,False
20440_27177360,medium_rotor,5,23305_2662b29a,medium_rotor,0.999781,True
20440_27177360,medium_rotor,6,21069_508a9947,complex_assembly,0.999736,False
20440_27177360,medium_rotor,7,22078_1758e9fc,medium_rotor,0.999531,True
20440_27177360,medium_rotor,8,22017_6d3be48d,medium_rotor,0.999531,True
20440_27177360,medium_rotor,9,20841_1620ae7d,simple_rotor,0.999531,False
20440_27177360,medium_rotor,10,23374_57cca189,medium_rotor,0.999531,True
20554_abcb705e,medium_rotor,1,22534_e899f645,medium_rotor,1.0,True
20554_abcb705e,medium_rotor,2,20478_c02790cb,simple_rotor,1.0,False
20554_abcb705e,medium_rotor,3,22197_66c5655e,medium_rotor,1.0,True
20554_abcb705e,medium_rotor,4,22196_e5bf8c9d,medium_rotor,1.0,True
20554_abcb705e,medium_rotor,5,22011_0832eefe,medium_rotor,1.0,True
20554_abcb705e,medium_rotor,6,21275_c8049742,medium_rotor,1.0,True
20554_abcb705e,medium_rotor,7,22491_a33562ad,complex_assembly,1.0,False
20554_abcb705e,medium_rotor,8,21737_87d83240,medium_rotor,1.0,True
20554_abcb705e,medium_rotor,9,20188_98b86c0f,simple_rotor,1.0,False
20554_abcb705e,medium_rotor,10,21469_abec26c4,simple_rotor,1.0,False
22135_2aa77ff2,simple_rotor,1,20241_ccb70dc8,simple_rotor,1.0,True
22135_2aa77ff2,simple_rotor,2,20241_8c0d3f83,simple_rotor,1.0,True
22135_2aa77ff2,simple_rotor,3,20951_2918f2fa,simple_rotor,1.0,True
22135_2aa77ff2,simple_rotor,4,21776_fb0bfbc6,simple_rotor,1.0,True
22135_2aa77ff2,simple_rotor,5,21422_b2a6bf27,simple_rotor,1.0,True
22135_2aa77ff2,simple_rotor,6,21451_fea6f0d1,simple_rotor,1.0,True
22135_2aa77ff2,simple_rotor,7,21911_429c1a72,simple_rotor,0.996986,True
22135_2aa77ff2,simple_rotor,8,22787_49022c32,complex_assembly,0.995854,False
22135_2aa77ff2,simple_rotor,9,21994_357aac6f,simple_rotor,0.995033,True
22135_2aa77ff2,simple_rotor,10,22085_e039a7d3,medium_rotor,0.993825,False
21204_96d26a7f,high_complexity_rotor,1,23309_76dcf100,high_complexity_rotor,1.0,True
21204_96d26a7f,high_complexity_rotor,2,20758_cdccf572,simple_rotor,0.999999,False
21204_96d26a7f,high_complexity_rotor,3,20737_5249e274,high_complexity_rotor,0.999995,True
21204_96d26a7f,high_complexity_rotor,4,22654_4c426b0f,symmetric_rotor,0.999976,False
21204_96d26a7f,high_complexity_rotor,5,23467_9f431540,high_complexity_rotor,0.999976,True
21204_96d26a7f,high_complexity_rotor,6,21805_2ba39d00,high_complexity_rotor,0.999976,True
21204_96d26a7f,high_complexity_rotor,7,23127_38d73061,symmetric_rotor,0.999972,False
21204_96d26a7f,high_complexity_rotor,8,22095_af226cbc,symmetric_rotor,0.999966,False
21204_96d26a7f,high_complexity_rotor,9,20970_d20c6c35,symmetric_rotor,0.999904,False
21204_96d26a7f,high_complexity_rotor,10,21511_d07c59c2,high_complexity_rotor,0.999898,True
22259_613f9d44,symmetric_rotor,1,21467_67965037,symmetric_rotor,0.999999,True
22259_613f9d44,symmetric_rotor,2,21490_d07ff9f8,symmetric_rotor,0.999999,True
22259_613f9d44,symmetric_rotor,3,7780_6c885e81,symmetric_rotor,0.999977,True
22259_613f9d44,symmetric_rotor,4,21176_b5c72bfb,symmetric_rotor,0.999976,True
22259_613f9d44,symmetric_rotor,5,22050_e8702dd4,symmetric_rotor,0.999976,True
22259_613f9d44,symmetric_rotor,6,23320_e0711ae9,symmetric_rotor,0.999972,True
22259_613f9d44,symmetric_rotor,7,21977_ce9f4e71,high_complexity_rotor,0.999972,False
22259_613f9d44,symmetric_rotor,8,21352_c1101acb,high_complexity_rotor,0.999972,False
22259_613f9d44,symmetric_rotor,9,22894_5f7c276d,high_complexity_rotor,0.999957,False
22259_613f9d44,symmetric_rotor,10,21511_d07c59c2,high_complexity_rotor,0.999908,False
20520_7e357152,medium_rotor,1,20672_0bc07cce,simple_rotor,1.0,False
20520_7e357152,medium_rotor,2,20385_f2d30908,simple_rotor,1.0,False
20520_7e357152,medium_rotor,3,23502_5a80f907,medium_rotor,1.0,True
20520_7e357152,medium_rotor,4,23048_8a1a5553,high_complexity_rotor,1.0,False
20520_7e357152,medium_rotor,5,22528_f3370a64,high_complexity_rotor,1.0,False
20520_7e357152,medium_rotor,6,20322_5a8c6077,medium_rotor,1.0,True
20520_7e357152,medium_rotor,7,20231_f54462bb,simple_rotor,1.0,False
20520_7e357152,medium_rotor,8,21884_cc2c39f9,medium_rotor,1.0,True
20520_7e357152,medium_rotor,9,22405_20f11d58,high_complexity_rotor,1.0,False
20520_7e357152,medium_rotor,10,21274_2fb8c3f5,simple_rotor,1.0,False
20802_802b7d69,simple_rotor,1,22377_d490f505,simple_rotor,1.0,True
20802_802b7d69,simple_rotor,2,20340_86125547,simple_rotor,1.0,True
20802_802b7d69,simple_rotor,3,20814_5a2be0fb,simple_rotor,1.0,True
20802_802b7d69,simple_rotor,4,20756_75f43564,simple_rotor,1.0,True
20802_802b7d69,simple_rotor,5,20341_6a1588fb,simple_rotor,1.0,True
20802_802b7d69,simple_rotor,6,20332_0c2a24aa,simple_rotor,1.0,True
20802_802b7d69,simple_rotor,7,20994_9c88b1ba,simple_rotor,1.0,True
20802_802b7d69,simple_rotor,8,20803_473c87ac,simple_rotor,1.0,True
20802_802b7d69,simple_rotor,9,22374_aa5bb54d,simple_rotor,1.0,True
20802_802b7d69,simple_rotor,10,21590_7d092186,medium_rotor,1.0,False
20392_8b23d193,simple_rotor,1,20672_0bc07cce,simple_rotor,1.0,True
20392_8b23d193,simple_rotor,2,20385_f2d30908,simple_rotor,1.0,True
20392_8b23d193,simple_rotor,3,23502_5a80f907,medium_rotor,1.0,False
20392_8b23d193,simple_rotor,4,23048_8a1a5553,high_complexity_rotor,1.0,False
20392_8b23d193,simple_rotor,5,22528_f3370a64,high_complexity_rotor,1.0,False
20392_8b23d193,simple_rotor,6,20322_5a8c6077,medium_rotor,1.0,False
20392_8b23d193,simple_rotor,7,20231_f54462bb,simple_rotor,1.0,True
20392_8b23d193,simple_rotor,8,21884_cc2c39f9,medium_rotor,1.0,False
20392_8b23d193,simple_rotor,9,22405_20f11d58,high_complexity_rotor,1.0,False
20392_8b23d193,simple_rotor,10,21274_2fb8c3f5,simple_rotor,1.0,True
22178_976d2411,simple_rotor,1,20672_0bc07cce,simple_rotor,1.0,True
22178_976d2411,simple_rotor,2,20385_f2d30908,simple_rotor,1.0,True
22178_976d2411,simple_rotor,3,23502_5a80f907,medium_rotor,1.0,False
22178_976d2411,simple_rotor,4,23048_8a1a5553,high_complexity_rotor,1.0,False
22178_976d2411,simple_rotor,5,22528_f3370a64,high_complexity_rotor,1.0,False
22178_976d2411,simple_rotor,6,20322_5a8c6077,medium_rotor,1.0,False
22178_976d2411,simple_rotor,7,20231_f54462bb,simple_rotor,1.0,True
22178_976d2411,simple_rotor,8,21884_cc2c39f9,medium_rotor,1.0,False
22178_976d2411,simple_rotor,9,22405_20f11d58,high_complexity_rotor,1.0,False
22178_976d2411,simple_rotor,10,21274_2fb8c3f5,simple_rotor,1.0,True
22710_77324fc2,medium_rotor,1,20672_0bc07cce,simple_rotor,1.0,False
22710_77324fc2,medium_rotor,2,20385_f2d30908,simple_rotor,1.0,False
22710_77324fc2,medium_rotor,3,23502_5a80f907,medium_rotor,1.0,True
22710_77324fc2,medium_rotor,4,23048_8a1a5553,high_complexity_rotor,1.0,False
22710_77324fc2,medium_rotor,5,22528_f3370a64,high_complexity_rotor,1.0,False
22710_77324fc2,medium_rotor,6,20322_5a8c6077,medium_rotor,1.0,True
22710_77324fc2,medium_rotor,7,20231_f54462bb,simple_rotor,1.0,False
22710_77324fc2,medium_rotor,8,21884_cc2c39f9,medium_rotor,1.0,True
22710_77324fc2,medium_rotor,9,22405_20f11d58,high_complexity_rotor,1.0,False
22710_77324fc2,medium_rotor,10,21274_2fb8c3f5,simple_rotor,1.0,False
20245_f1b25d43,high_complexity_rotor,1,23154_7c74d190,high_complexity_rotor,0.999857,True
20245_f1b25d43,high_complexity_rotor,2,21924_bbd9f7a9,high_complexity_rotor,0.999371,True
20245_f1b25d43,high_complexity_rotor,3,22428_c1ffa51a,high_complexity_rotor,0.996604,True
20245_f1b25d43,high_complexity_rotor,4,23378_8d6426ae,high_complexity_rotor,0.996342,True
20245_f1b25d43,high_complexity_rotor,5,20792_d2ea0500,symmetric_rotor,0.995667,False
20245_f1b25d43,high_complexity_rotor,6,21300_ec7da33e,high_complexity_rotor,0.995218,True
20245_f1b25d43,high_complexity_rotor,7,23310_7daded69,high_complexity_rotor,0.994923,True
20245_f1b25d43,high_complexity_rotor,8,20991_6795af4f,high_complexity_rotor,0.994907,True
20245_f1b25d43,high_complexity_rotor,9,21685_93737a7a,high_complexity_rotor,0.994421,True
20245_f1b25d43,high_complexity_rotor,10,23168_7fdf5427,high_complexity_rotor,0.994254,True
22617_a286f13c,medium_rotor,1,20672_0bc07cce,simple_rotor,1.0,False
22617_a286f13c,medium_rotor,2,20385_f2d30908,simple_rotor,1.0,False
22617_a286f13c,medium_rotor,3,23502_5a80f907,medium_rotor,1.0,True
22617_a286f13c,medium_rotor,4,23048_8a1a5553,high_complexity_rotor,1.0,False
22617_a286f13c,medium_rotor,5,22528_f3370a64,high_complexity_rotor,1.0,False
22617_a286f13c,medium_rotor,6,20322_5a8c6077,medium_rotor,1.0,True
22617_a286f13c,medium_rotor,7,20231_f54462bb,simple_rotor,1.0,False
22617_a286f13c,medium_rotor,8,21884_cc2c39f9,medium_rotor,1.0,True
22617_a286f13c,medium_rotor,9,22405_20f11d58,high_complexity_rotor,1.0,False
22617_a286f13c,medium_rotor,10,21274_2fb8c3f5,simple_rotor,1.0,False
23233_ac09e2e5,high_complexity_rotor,1,21709_4dd88551,high_complexity_rotor,0.999976,True
23233_ac09e2e5,high_complexity_rotor,2,22638_37f9fe91,symmetric_rotor,0.999976,False
23233_ac09e2e5,high_complexity_rotor,3,22654_4c426b0f,symmetric_rotor,0.999933,False
23233_ac09e2e5,high_complexity_rotor,4,23258_87a2ba81,high_complexity_rotor,0.999917,True
23233_ac09e2e5,high_complexity_rotor,5,21697_06656699,high_complexity_rotor,0.999909,True
23233_ac09e2e5,high_complexity_rotor,6,20279_aed6b3b3,high_complexity_rotor,0.999866,True
23233_ac09e2e5,high_complexity_rotor,7,22414_14ead4a3,symmetric_rotor,0.999865,False
23233_ac09e2e5,high_complexity_rotor,8,22095_af226cbc,symmetric_rotor,0.999854,False
23233_ac09e2e5,high_complexity_rotor,9,23309_76dcf100,high_complexity_rotor,0.999849,True
23233_ac09e2e5,high_complexity_rotor,10,21204_96d26a7f,high_complexity_rotor,0.999849,True
21469_abec26c4,simple_rotor,1,22534_e899f645,medium_rotor,1.0,False
21469_abec26c4,simple_rotor,2,20478_c02790cb,simple_rotor,1.0,True
21469_abec26c4,simple_rotor,3,22197_66c5655e,medium_rotor,1.0,False
21469_abec26c4,simple_rotor,4,22196_e5bf8c9d,medium_rotor,1.0,False
21469_abec26c4,simple_rotor,5,22011_0832eefe,medium_rotor,1.0,False
21469_abec26c4,simple_rotor,6,21275_c8049742,medium_rotor,1.0,False
21469_abec26c4,simple_rotor,7,22491_a33562ad,complex_assembly,1.0,False
21469_abec26c4,simple_rotor,8,21737_87d83240,medium_rotor,1.0,False
21469_abec26c4,simple_rotor,9,20188_98b86c0f,simple_rotor,1.0,True
21469_abec26c4,simple_rotor,10,22729_232da678,medium_rotor,1.0,False
22413_901f5867,complex_assembly,1,23195_2629864e,complex_assembly,0.999998,True
22413_901f5867,complex_assembly,2,20319_9f53cd7c,medium_rotor,0.99999,False
22413_901f5867,complex_assembly,3,22072_5163223a,medium_rotor,0.999989,False
22413_901f5867,complex_assembly,4,23176_1bf2a2d5,medium_rotor,0.99996,False
22413_901f5867,complex_assembly,5,20215_e2eb3082,medium_rotor,0.999874,False
22413_901f5867,complex_assembly,6,21601_360ce1c7,medium_rotor,0.999874,False
22413_901f5867,complex_assembly,7,20182_71b9e491,medium_rotor,0.999874,False
22413_901f5867,complex_assembly,8,22062_2d6b3b72,medium_rotor,0.999874,False
22413_901f5867,complex_assembly,9,22837_7644c972,simple_rotor,0.999874,False
22413_901f5867,complex_assembly,10,22242_4ceddc2b,complex_assembly,0.999874,True
22061_b50b6b66,medium_rotor,1,20285_b64b1a7e,medium_rotor,1.0,True
22061_b50b6b66,medium_rotor,2,22043_041e1b7c,simple_rotor,1.0,False
22061_b50b6b66,medium_rotor,3,22270_c6999138,simple_rotor,1.0,False
22061_b50b6b66,medium_rotor,4,21024_9be3d461,high_complexity_rotor,1.0,False
22061_b50b6b66,medium_rotor,5,23451_14c8d09e,medium_rotor,0.999997,True
22061_b50b6b66,medium_rotor,6,22092_897b0ffa,medium_rotor,0.999997,True
22061_b50b6b66,medium_rotor,7,22612_28fe0ac2,medium_rotor,0.999997,True
22061_b50b6b66,medium_rotor,8,21976_807c9b26,simple_rotor,0.999992,False
22061_b50b6b66,medium_rotor,9,22046_fe3bae6e,medium_rotor,0.999992,True
22061_b50b6b66,medium_rotor,10,21695_1f33863f,medium_rotor,0.999992,True
23475_b14d1dc8,medium_rotor,1,20672_0bc07cce,simple_rotor,1.0,False
23475_b14d1dc8,medium_rotor,2,20385_f2d30908,simple_rotor,1.0,False
23475_b14d1dc8,medium_rotor,3,23502_5a80f907,medium_rotor,1.0,True
23475_b14d1dc8,medium_rotor,4,23048_8a1a5553,high_complexity_rotor,1.0,False
23475_b14d1dc8,medium_rotor,5,22528_f3370a64,high_complexity_rotor,1.0,False
23475_b14d1dc8,medium_rotor,6,20322_5a8c6077,medium_rotor,1.0,True
23475_b14d1dc8,medium_rotor,7,20231_f54462bb,simple_rotor,1.0,False
23475_b14d1dc8,medium_rotor,8,21884_cc2c39f9,medium_rotor,1.0,True
23475_b14d1dc8,medium_rotor,9,22405_20f11d58,high_complexity_rotor,1.0,False
23475_b14d1dc8,medium_rotor,10,21274_2fb8c3f5,simple_rotor,1.0,False
20787_ed64ff5e,complex_assembly,1,20892_b1f89c8d,medium_rotor,0.999997,False
20787_ed64ff5e,complex_assembly,2,23209_1592b0a4,simple_rotor,0.999997,False
20787_ed64ff5e,complex_assembly,3,21244_d67bbabc,complex_assembly,0.99998,True
20787_ed64ff5e,complex_assembly,4,22581_406c16c4,complex_assembly,0.999979,True
20787_ed64ff5e,complex_assembly,5,21626_b34008e6,medium_rotor,0.999967,False
20787_ed64ff5e,complex_assembly,6,21513_50fb4d62,medium_rotor,0.999967,False
20787_ed64ff5e,complex_assembly,7,20495_e8e7e80c,simple_rotor,0.999967,False
20787_ed64ff5e,complex_assembly,8,20755_4b5e61bf,medium_rotor,0.999951,False
20787_ed64ff5e,complex_assembly,9,20989_d1b8b0f8,medium_rotor,0.99992,False
20787_ed64ff5e,complex_assembly,10,20688_955aae0c,medium_rotor,0.99992,False
20746_57a7b346,high_complexity_rotor,1,23026_e6f08109,medium_rotor,0.999974,False
20746_57a7b346,high_complexity_rotor,2,23495_6366269c,high_complexity_rotor,0.999939,True
20746_57a7b346,high_complexity_rotor,3,22334_677d00e0,medium_rotor,0.999877,False
20746_57a7b346,high_complexity_rotor,4,21989_a0b5037d,medium_rotor,0.999829,False
20746_57a7b346,high_complexity_rotor,5,21282_b2d83538,medium_rotor,0.99955,False
20746_57a7b346,high_complexity_rotor,6,20860_b8e9a191,medium_rotor,0.999498,False
20746_57a7b346,high_complexity_rotor,7,21592_c5e77a82,medium_rotor,0.999251,False
20746_57a7b346,high_complexity_rotor,8,23409_e27e3b8b,medium_rotor,0.998638,False
20746_57a7b346,high_complexity_rotor,9,22405_20f11d58,high_complexity_rotor,0.998638,True
20746_57a7b346,high_complexity_rotor,10,20229_d1ae2ae3,medium_rotor,0.998638,False
23219_40625e2c,simple_rotor,1,21519_3e869afd,high_complexity_rotor,1.0,False
23219_40625e2c,simple_rotor,2,21224_18ba4aba,medium_rotor,1.0,False
23219_40625e2c,simple_rotor,3,22612_28fe0ac2,medium_rotor,0.999996,False
23219_40625e2c,simple_rotor,4,22092_897b0ffa,medium_rotor,0.999996,False
23219_40625e2c,simple_rotor,5,23451_14c8d09e,medium_rotor,0.999996,False
23219_40625e2c,simple_rotor,6,21024_9be3d461,high_complexity_rotor,0.999986,False
23219_40625e2c,simple_rotor,7,22043_041e1b7c,simple_rotor,0.999986,True
23219_40625e2c,simple_rotor,8,22061_b50b6b66,medium_rotor,0.999986,False
23219_40625e2c,simple_rotor,9,22270_c6999138,simple_rotor,0.999986,True
23219_40625e2c,simple_rotor,10,20285_b64b1a7e,medium_rotor,0.999986,False
22311_553b3456,symmetric_rotor,1,20682_e208cc63,symmetric_rotor,1.0,True
22311_553b3456,symmetric_rotor,2,20807_88c198d5,simple_rotor,1.0,False
22311_553b3456,symmetric_rotor,3,22057_4947db57,symmetric_rotor,1.0,True
22311_553b3456,symmetric_rotor,4,23103_43bde2a6,simple_rotor,1.0,False
22311_553b3456,symmetric_rotor,5,22762_dcbdd14d,symmetric_rotor,1.0,True
22311_553b3456,symmetric_rotor,6,23101_6aec02ee,high_complexity_rotor,1.0,False
22311_553b3456,symmetric_rotor,7,20451_557fe5cd,simple_rotor,1.0,False
22311_553b3456,symmetric_rotor,8,20451_84d8b290,simple_rotor,1.0,False
22311_553b3456,symmetric_rotor,9,20216_89b90993,simple_rotor,1.0,False
22311_553b3456,symmetric_rotor,10,20477_633cca4f,high_complexity_rotor,1.0,False
22017_6d3be48d,medium_rotor,1,20841_1620ae7d,simple_rotor,1.0,False
22017_6d3be48d,medium_rotor,2,22078_1758e9fc,medium_rotor,1.0,True
22017_6d3be48d,medium_rotor,3,21357_9edfc0a0,simple_rotor,1.0,False
22017_6d3be48d,medium_rotor,4,23374_57cca189,medium_rotor,1.0,True
22017_6d3be48d,medium_rotor,5,22862_f5406bb0,simple_rotor,1.0,False
22017_6d3be48d,medium_rotor,6,23162_7e2f3d77,complex_assembly,1.0,False
22017_6d3be48d,medium_rotor,7,21424_9d516e3a,medium_rotor,1.0,True
22017_6d3be48d,medium_rotor,8,22014_5880c417,simple_rotor,1.0,False
22017_6d3be48d,medium_rotor,9,23305_2662b29a,medium_rotor,0.999953,True
22017_6d3be48d,medium_rotor,10,21351_675c66b1,complex_assembly,0.999853,False
21091_bbf490e7,medium_rotor,1,20672_0bc07cce,simple_rotor,1.0,False
21091_bbf490e7,medium_rotor,2,20385_f2d30908,simple_rotor,1.0,False
21091_bbf490e7,medium_rotor,3,23502_5a80f907,medium_rotor,1.0,True
21091_bbf490e7,medium_rotor,4,23048_8a1a5553,high_complexity_rotor,1.0,False
21091_bbf490e7,medium_rotor,5,22528_f3370a64,high_complexity_rotor,1.0,False
21091_bbf490e7,medium_rotor,6,20322_5a8c6077,medium_rotor,1.0,True
21091_bbf490e7,medium_rotor,7,20231_f54462bb,simple_rotor,1.0,False
21091_bbf490e7,medium_rotor,8,21884_cc2c39f9,medium_rotor,1.0,True
21091_bbf490e7,medium_rotor,9,22405_20f11d58,high_complexity_rotor,1.0,False
21091_bbf490e7,medium_rotor,10,21274_2fb8c3f5,simple_rotor,1.0,False
23480_3f7a8d50,medium_rotor,1,20672_0bc07cce,simple_rotor,1.0,False
23480_3f7a8d50,medium_rotor,2,20385_f2d30908,simple_rotor,1.0,False
23480_3f7a8d50,medium_rotor,3,23502_5a80f907,medium_rotor,1.0,True
23480_3f7a8d50,medium_rotor,4,23048_8a1a5553,high_complexity_rotor,1.0,False
23480_3f7a8d50,medium_rotor,5,22528_f3370a64,high_complexity_rotor,1.0,False
23480_3f7a8d50,medium_rotor,6,20322_5a8c6077,medium_rotor,1.0,True
23480_3f7a8d50,medium_rotor,7,20231_f54462bb,simple_rotor,1.0,False
23480_3f7a8d50,medium_rotor,8,21884_cc2c39f9,medium_rotor,1.0,True
23480_3f7a8d50,medium_rotor,9,22405_20f11d58,high_complexity_rotor,1.0,False
23480_3f7a8d50,medium_rotor,10,21274_2fb8c3f5,simple_rotor,1.0,False
20814_5a2be0fb,simple_rotor,1,22377_d490f505,simple_rotor,1.0,True
20814_5a2be0fb,simple_rotor,2,20340_86125547,simple_rotor,1.0,True
20814_5a2be0fb,simple_rotor,3,21590_7d092186,medium_rotor,1.0,False
20814_5a2be0fb,simple_rotor,4,20756_75f43564,simple_rotor,1.0,True
20814_5a2be0fb,simple_rotor,5,20802_802b7d69,simple_rotor,1.0,True
20814_5a2be0fb,simple_rotor,6,20341_6a1588fb,simple_rotor,1.0,True
20814_5a2be0fb,simple_rotor,7,20332_0c2a24aa,simple_rotor,1.0,True
20814_5a2be0fb,simple_rotor,8,20994_9c88b1ba,simple_rotor,1.0,True
20814_5a2be0fb,simple_rotor,9,20803_473c87ac,simple_rotor,1.0,True
20814_5a2be0fb,simple_rotor,10,22374_aa5bb54d,simple_rotor,1.0,True
22654_4c426b0f,symmetric_rotor,1,22095_af226cbc,symmetric_rotor,0.99998,True
22654_4c426b0f,symmetric_rotor,2,21204_96d26a7f,high_complexity_rotor,0.999976,False
22654_4c426b0f,symmetric_rotor,3,23309_76dcf100,high_complexity_rotor,0.999976,False
22654_4c426b0f,symmetric_rotor,4,20758_cdccf572,simple_rotor,0.999972,False
22654_4c426b0f,symmetric_rotor,5,20737_5249e274,high_complexity_rotor,0.999966,False
22654_4c426b0f,symmetric_rotor,6,23233_ac09e2e5,high_complexity_rotor,0.999933,False
22654_4c426b0f,symmetric_rotor,7,21805_2ba39d00,high_complexity_rotor,0.999904,False
22654_4c426b0f,symmetric_rotor,8,23467_9f431540,high_complexity_rotor,0.999904,False
22654_4c426b0f,symmetric_rotor,9,23127_38d73061,symmetric_rotor,0.999898,True
22654_4c426b0f,symmetric_rotor,10,22638_37f9fe91,symmetric_rotor,0.999879,True
21594_428d32af,medium_rotor,1,20672_0bc07cce,simple_rotor,1.0,False
21594_428d32af,medium_rotor,2,20385_f2d30908,simple_rotor,1.0,False
21594_428d32af,medium_rotor,3,23502_5a80f907,medium_rotor,1.0,True
21594_428d32af,medium_rotor,4,23048_8a1a5553,high_complexity_rotor,1.0,False
21594_428d32af,medium_rotor,5,22528_f3370a64,high_complexity_rotor,1.0,False
21594_428d32af,medium_rotor,6,20322_5a8c6077,medium_rotor,1.0,True
21594_428d32af,medium_rotor,7,20231_f54462bb,simple_rotor,1.0,False
21594_428d32af,medium_rotor,8,21884_cc2c39f9,medium_rotor,1.0,True
21594_428d32af,medium_rotor,9,22405_20f11d58,high_complexity_rotor,1.0,False
21594_428d32af,medium_rotor,10,21274_2fb8c3f5,simple_rotor,1.0,False
22270_c6999138,simple_rotor,1,20285_b64b1a7e,medium_rotor,1.0,False
22270_c6999138,simple_rotor,2,22043_041e1b7c,simple_rotor,1.0,True
22270_c6999138,simple_rotor,3,21024_9be3d461,high_complexity_rotor,1.0,False
22270_c6999138,simple_rotor,4,22061_b50b6b66,medium_rotor,1.0,False
22270_c6999138,simple_rotor,5,22612_28fe0ac2,medium_rotor,0.999997,False
22270_c6999138,simple_rotor,6,23451_14c8d09e,medium_rotor,0.999997,False
22270_c6999138,simple_rotor,7,22092_897b0ffa,medium_rotor,0.999997,False
22270_c6999138,simple_rotor,8,22046_fe3bae6e,medium_rotor,0.999992,False
22270_c6999138,simple_rotor,9,21695_1f33863f,medium_rotor,0.999992,False
22270_c6999138,simple_rotor,10,21976_807c9b26,simple_rotor,0.999992,True
21062_c4ed6d45,simple_rotor,1,20672_0bc07cce,simple_rotor,1.0,True
21062_c4ed6d45,simple_rotor,2,20385_f2d30908,simple_rotor,1.0,True
21062_c4ed6d45,simple_rotor,3,23502_5a80f907,medium_rotor,1.0,False
21062_c4ed6d45,simple_rotor,4,23048_8a1a5553,high_complexity_rotor,1.0,False
21062_c4ed6d45,simple_rotor,5,22528_f3370a64,high_complexity_rotor,1.0,False
21062_c4ed6d45,simple_rotor,6,20322_5a8c6077,medium_rotor,1.0,False
21062_c4ed6d45,simple_rotor,7,20231_f54462bb,simple_rotor,1.0,True
21062_c4ed6d45,simple_rotor,8,21884_cc2c39f9,medium_rotor,1.0,False
21062_c4ed6d45,simple_rotor,9,22405_20f11d58,high_complexity_rotor,1.0,False
21062_c4ed6d45,simple_rotor,10,21274_2fb8c3f5,simple_rotor,1.0,True
21816_3891a442,medium_rotor,1,22533_e7298b05,complex_assembly,1.0,False
21816_3891a442,medium_rotor,2,21588_0c48dc5f,simple_rotor,0.99999,False
21816_3891a442,medium_rotor,3,22323_aa6edb8b,medium_rotor,0.999975,True
21816_3891a442,medium_rotor,4,22430_c6f08b03,complex_assembly,0.999968,False
21816_3891a442,medium_rotor,5,20701_6dcbc975,high_complexity_rotor,0.999968,False
21816_3891a442,medium_rotor,6,23341_d5ead6d2,simple_rotor,0.999925,False
21816_3891a442,medium_rotor,7,22045_ead71aca,medium_rotor,0.999925,True
21816_3891a442,medium_rotor,8,20779_fc5a7c3d,medium_rotor,0.999925,True
21816_3891a442,medium_rotor,9,22072_5163223a,medium_rotor,0.999667,True
21816_3891a442,medium_rotor,10,21028_d4d30a2e,medium_rotor,0.999571,True
21912_3f74887c,medium_rotor,1,21528_a5d5490f,medium_rotor,1.0,True
21912_3f74887c,medium_rotor,2,22126_e1cca10f,medium_rotor,1.0,True
21912_3f74887c,medium_rotor,3,21009_907a2a95,medium_rotor,1.0,True
21912_3f74887c,medium_rotor,4,20176_a02bde39,medium_rotor,1.0,True
21912_3f74887c,medium_rotor,5,22199_8ec9eeb2,medium_rotor,0.999999,True
21912_3f74887c,medium_rotor,6,22776_facf9bcf,medium_rotor,0.999999,True
21912_3f74887c,medium_rotor,7,23363_60e39812,medium_rotor,0.999998,True
21912_3f74887c,medium_rotor,8,23493_57512264,medium_rotor,0.999997,True
21912_3f74887c,medium_rotor,9,21918_976c2754,high_complexity_rotor,0.999997,False
21912_3f74887c,medium_rotor,10,22002_315afcfc,medium_rotor,0.999997,True
22577_cd96733e,medium_rotor,1,20672_0bc07cce,simple_rotor,1.0,False
22577_cd96733e,medium_rotor,2,20385_f2d30908,simple_rotor,1.0,False
22577_cd96733e,medium_rotor,3,23502_5a80f907,medium_rotor,1.0,True
22577_cd96733e,medium_rotor,4,23048_8a1a5553,high_complexity_rotor,1.0,False
22577_cd96733e,medium_rotor,5,22528_f3370a64,high_complexity_rotor,1.0,False
22577_cd96733e,medium_rotor,6,20322_5a8c6077,medium_rotor,1.0,True
22577_cd96733e,medium_rotor,7,20231_f54462bb,simple_rotor,1.0,False
22577_cd96733e,medium_rotor,8,21884_cc2c39f9,medium_rotor,1.0,True
22577_cd96733e,medium_rotor,9,22405_20f11d58,high_complexity_rotor,1.0,False
22577_cd96733e,medium_rotor,10,21274_2fb8c3f5,simple_rotor,1.0,False
21590_7d092186,medium_rotor,1,20340_86125547,simple_rotor,1.0,False
21590_7d092186,medium_rotor,2,20814_5a2be0fb,simple_rotor,1.0,False
21590_7d092186,medium_rotor,3,20756_75f43564,simple_rotor,1.0,False
21590_7d092186,medium_rotor,4,20802_802b7d69,simple_rotor,1.0,False
21590_7d092186,medium_rotor,5,20341_6a1588fb,simple_rotor,1.0,False
21590_7d092186,medium_rotor,6,20332_0c2a24aa,simple_rotor,1.0,False
21590_7d092186,medium_rotor,7,20994_9c88b1ba,simple_rotor,1.0,False
21590_7d092186,medium_rotor,8,22377_d490f505,simple_rotor,1.0,False
21590_7d092186,medium_rotor,9,20803_473c87ac,simple_rotor,1.0,False
21590_7d092186,medium_rotor,10,22374_aa5bb54d,simple_rotor,1.0,False
21647_6b6cca6f,complex_assembly,1,22717_08784417,complex_assembly,0.997554,True
21647_6b6cca6f,complex_assembly,2,23419_ea47995f,complex_assembly,0.995983,True
21647_6b6cca6f,complex_assembly,3,22028_776fbf0d,complex_assembly,0.995923,True
21647_6b6cca6f,complex_assembly,4,22306_c3dca308,complex_assembly,0.994518,True
21647_6b6cca6f,complex_assembly,5,22415_658c81dd,complex_assembly,0.992607,True
21647_6b6cca6f,complex_assembly,6,20546_87dbd755,complex_assembly,0.992415,True
21647_6b6cca6f,complex_assembly,7,22211_b1ee53f0,complex_assembly,0.991928,True
21647_6b6cca6f,complex_assembly,8,23273_8f301ce3,complex_assembly,0.990698,True
21647_6b6cca6f,complex_assembly,9,22065_0d414124,complex_assembly,0.98983,True
21647_6b6cca6f,complex_assembly,10,21797_69df08d5,high_complexity_rotor,0.987337,False
20342_c140780b,simple_rotor,1,20672_0bc07cce,simple_rotor,1.0,True
20342_c140780b,simple_rotor,2,20385_f2d30908,simple_rotor,1.0,True
20342_c140780b,simple_rotor,3,23502_5a80f907,medium_rotor,1.0,False
20342_c140780b,simple_rotor,4,23048_8a1a5553,high_complexity_rotor,1.0,False
20342_c140780b,simple_rotor,5,22528_f3370a64,high_complexity_rotor,1.0,False
20342_c140780b,simple_rotor,6,20322_5a8c6077,medium_rotor,1.0,False
20342_c140780b,simple_rotor,7,20231_f54462bb,simple_rotor,1.0,True
20342_c140780b,simple_rotor,8,21884_cc2c39f9,medium_rotor,1.0,False
20342_c140780b,simple_rotor,9,22405_20f11d58,high_complexity_rotor,1.0,False
20342_c140780b,simple_rotor,10,21274_2fb8c3f5,simple_rotor,1.0,True
21982_bdafa78d,symmetric_rotor,1,23511_8651ac1f,high_complexity_rotor,0.993942,False
21982_bdafa78d,symmetric_rotor,2,20245_f1b25d43,high_complexity_rotor,0.993024,False
21982_bdafa78d,symmetric_rotor,3,23154_7c74d190,high_complexity_rotor,0.990893,False
21982_bdafa78d,symmetric_rotor,4,21924_bbd9f7a9,high_complexity_rotor,0.989087,False
21982_bdafa78d,symmetric_rotor,5,22428_c1ffa51a,high_complexity_rotor,0.980033,False
21982_bdafa78d,symmetric_rotor,6,23378_8d6426ae,high_complexity_rotor,0.979406,False
21982_bdafa78d,symmetric_rotor,7,23310_7daded69,high_complexity_rotor,0.978316,False
21982_bdafa78d,symmetric_rotor,8,20792_d2ea0500,symmetric_rotor,0.977773,True
21982_bdafa78d,symmetric_rotor,9,21300_ec7da33e,high_complexity_rotor,0.976776,False
21982_bdafa78d,symmetric_rotor,10,20991_6795af4f,high_complexity_rotor,0.976099,False
20232_e5b060d9,simple_rotor,1,23236_d5867507,simple_rotor,1.0,True
20232_e5b060d9,simple_rotor,2,23210_f535bfd2,simple_rotor,1.0,True
20232_e5b060d9,simple_rotor,3,23132_1847c4ef,medium_rotor,1.0,False
20232_e5b060d9,simple_rotor,4,23218_02d26ab4,simple_rotor,0.999997,True
20232_e5b060d9,simple_rotor,5,21236_b696e901,complex_assembly,0.999991,False
20232_e5b060d9,simple_rotor,6,22341_0f9c52ed,medium_rotor,0.999987,False
20232_e5b060d9,simple_rotor,7,21421_fb12b69b,complex_assembly,0.999976,False
20232_e5b060d9,simple_rotor,8,23342_7193a931,simple_rotor,0.999956,True
20232_e5b060d9,simple_rotor,9,22980_3cb3bcc8,medium_rotor,0.999956,False
20232_e5b060d9,simple_rotor,10,21923_41fa6eda,medium_rotor,0.999946,False
22852_dc1dbed6,medium_rotor,1,20672_0bc07cce,simple_rotor,1.0,False
22852_dc1dbed6,medium_rotor,2,20385_f2d30908,simple_rotor,1.0,False
22852_dc1dbed6,medium_rotor,3,23502_5a80f907,medium_rotor,1.0,True
22852_dc1dbed6,medium_rotor,4,23048_8a1a5553,high_complexity_rotor,1.0,False
22852_dc1dbed6,medium_rotor,5,22528_f3370a64,high_complexity_rotor,1.0,False
22852_dc1dbed6,medium_rotor,6,20322_5a8c6077,medium_rotor,1.0,True
22852_dc1dbed6,medium_rotor,7,20231_f54462bb,simple_rotor,1.0,False
22852_dc1dbed6,medium_rotor,8,21884_cc2c39f9,medium_rotor,1.0,True
22852_dc1dbed6,medium_rotor,9,22405_20f11d58,high_complexity_rotor,1.0,False
22852_dc1dbed6,medium_rotor,10,21274_2fb8c3f5,simple_rotor,1.0,False
22666_bdaa1303,medium_rotor,1,22440_014f1bac,medium_rotor,1.0,True
22666_bdaa1303,medium_rotor,2,23123_f35404c4,complex_assembly,1.0,False
22666_bdaa1303,medium_rotor,3,23271_f833d903,complex_assembly,0.999999,False
22666_bdaa1303,medium_rotor,4,23466_1cf60d09,medium_rotor,0.999994,True
22666_bdaa1303,medium_rotor,5,23363_60e39812,medium_rotor,0.99999,True
22666_bdaa1303,medium_rotor,6,22199_8ec9eeb2,medium_rotor,0.999988,True
22666_bdaa1303,medium_rotor,7,20176_a02bde39,medium_rotor,0.999986,True
22666_bdaa1303,medium_rotor,8,22126_e1cca10f,medium_rotor,0.999985,True
22666_bdaa1303,medium_rotor,9,19518_f220b68a,simple_rotor,0.999981,False
22666_bdaa1303,medium_rotor,10,22491_a33562ad,complex_assembly,0.999981,False
21977_ce9f4e71,high_complexity_rotor,1,23320_e0711ae9,symmetric_rotor,1.0,False
21977_ce9f4e71,high_complexity_rotor,2,21352_c1101acb,high_complexity_rotor,1.0,True
21977_ce9f4e71,high_complexity_rotor,3,22050_e8702dd4,symmetric_rotor,0.999999,False
21977_ce9f4e71,high_complexity_rotor,4,21551_c6c2d516,high_complexity_rotor,0.999977,True
21977_ce9f4e71,high_complexity_rotor,5,21384_b9774b93,simple_rotor,0.999977,False
21977_ce9f4e71,high_complexity_rotor,6,21490_d07ff9f8,symmetric_rotor,0.999976,False
21977_ce9f4e71,high_complexity_rotor,7,21467_67965037,symmetric_rotor,0.999976,False
21977_ce9f4e71,high_complexity_rotor,8,20609_69f28932,symmetric_rotor,0.999976,False
21977_ce9f4e71,high_complexity_rotor,9,22283_36ba29c9,simple_rotor,0.999976,False
21977_ce9f4e71,high_complexity_rotor,10,21603_98a15295,symmetric_rotor,0.999976,False
22404_66db7dd7,complex_assembly,1,21244_24c3ce72,complex_assembly,0.999995,True
22404_66db7dd7,complex_assembly,2,22378_234fea2c,simple_rotor,0.99997,False
22404_66db7dd7,complex_assembly,3,20671_33532794,simple_rotor,0.99997,False
22404_66db7dd7,complex_assembly,4,20436_41b730a3,simple_rotor,0.99997,False
22404_66db7dd7,complex_assembly,5,23226_8d1b5098,complex_assembly,0.99997,True
22404_66db7dd7,complex_assembly,6,22227_aca28ff2,simple_rotor,0.99997,False
22404_66db7dd7,complex_assembly,7,20186_f66e4ad3,simple_rotor,0.99997,False
22404_66db7dd7,complex_assembly,8,21165_5cb2d287,simple_rotor,0.99997,False
22404_66db7dd7,complex_assembly,9,23215_08a54de0,simple_rotor,0.99997,False
22404_66db7dd7,complex_assembly,10,21941_1a683ec2,complex_assembly,0.999898,True
22374_aa5bb54d,simple_rotor,1,22377_d490f505,simple_rotor,1.0,True
22374_aa5bb54d,simple_rotor,2,20340_86125547,simple_rotor,1.0,True
22374_aa5bb54d,simple_rotor,3,20814_5a2be0fb,simple_rotor,1.0,True
22374_aa5bb54d,simple_rotor,4,20756_75f43564,simple_rotor,1.0,True
22374_aa5bb54d,simple_rotor,5,20802_802b7d69,simple_rotor,1.0,True
22374_aa5bb54d,simple_rotor,6,20341_6a1588fb,simple_rotor,1.0,True
22374_aa5bb54d,simple_rotor,7,20332_0c2a24aa,simple_rotor,1.0,True
22374_aa5bb54d,simple_rotor,8,20994_9c88b1ba,simple_rotor,1.0,True
22374_aa5bb54d,simple_rotor,9,20803_473c87ac,simple_rotor,1.0,True
22374_aa5bb54d,simple_rotor,10,21590_7d092186,medium_rotor,1.0,False
22907_ff18dbd5,simple_rotor,1,20672_0bc07cce,simple_rotor,1.0,True
22907_ff18dbd5,simple_rotor,2,20385_f2d30908,simple_rotor,1.0,True
22907_ff18dbd5,simple_rotor,3,23502_5a80f907,medium_rotor,1.0,False
22907_ff18dbd5,simple_rotor,4,23048_8a1a5553,high_complexity_rotor,1.0,False
22907_ff18dbd5,simple_rotor,5,22528_f3370a64,high_complexity_rotor,1.0,False
22907_ff18dbd5,simple_rotor,6,20322_5a8c6077,medium_rotor,1.0,False
22907_ff18dbd5,simple_rotor,7,20231_f54462bb,simple_rotor,1.0,True
22907_ff18dbd5,simple_rotor,8,21884_cc2c39f9,medium_rotor,1.0,False
22907_ff18dbd5,simple_rotor,9,22405_20f11d58,high_complexity_rotor,1.0,False
22907_ff18dbd5,simple_rotor,10,21274_2fb8c3f5,simple_rotor,1.0,True
20801_0796e2ee,simple_rotor,1,20672_0bc07cce,simple_rotor,1.0,True
20801_0796e2ee,simple_rotor,2,20385_f2d30908,simple_rotor,1.0,True
20801_0796e2ee,simple_rotor,3,23502_5a80f907,medium_rotor,1.0,False
20801_0796e2ee,simple_rotor,4,23048_8a1a5553,high_complexity_rotor,1.0,False
20801_0796e2ee,simple_rotor,5,22528_f3370a64,high_complexity_rotor,1.0,False
20801_0796e2ee,simple_rotor,6,20322_5a8c6077,medium_rotor,1.0,False
20801_0796e2ee,simple_rotor,7,20231_f54462bb,simple_rotor,1.0,True
20801_0796e2ee,simple_rotor,8,21884_cc2c39f9,medium_rotor,1.0,False
20801_0796e2ee,simple_rotor,9,22405_20f11d58,high_complexity_rotor,1.0,False
20801_0796e2ee,simple_rotor,10,21274_2fb8c3f5,simple_rotor,1.0,True
22045_ead71aca,medium_rotor,1,20779_fc5a7c3d,medium_rotor,1.0,True
22045_ead71aca,medium_rotor,2,23341_d5ead6d2,simple_rotor,1.0,False
22045_ead71aca,medium_rotor,3,20701_6dcbc975,high_complexity_rotor,0.999991,False
22045_ead71aca,medium_rotor,4,22323_aa6edb8b,medium_rotor,0.999987,True
22045_ead71aca,medium_rotor,5,22533_e7298b05,complex_assembly,0.999933,False
22045_ead71aca,medium_rotor,6,21816_3891a442,medium_rotor,0.999925,True
22045_ead71aca,medium_rotor,7,22072_5163223a,medium_rotor,0.999908,True
22045_ead71aca,medium_rotor,8,21588_0c48dc5f,simple_rotor,0.999859,False
22045_ead71aca,medium_rotor,9,22413_901f5867,complex_assembly,0.999832,False
22045_ead71aca,medium_rotor,10,22430_c6f08b03,complex_assembly,0.999796,False
23339_87a4d11f,simple_rotor,1,20672_0bc07cce,simple_rotor,1.0,True
23339_87a4d11f,simple_rotor,2,20385_f2d30908,simple_rotor,1.0,True
23339_87a4d11f,simple_rotor,3,23502_5a80f907,medium_rotor,1.0,False
23339_87a4d11f,simple_rotor,4,23048_8a1a5553,high_complexity_rotor,1.0,False
23339_87a4d11f,simple_rotor,5,22528_f3370a64,high_complexity_rotor,1.0,False
23339_87a4d11f,simple_rotor,6,20322_5a8c6077,medium_rotor,1.0,False
23339_87a4d11f,simple_rotor,7,20231_f54462bb,simple_rotor,1.0,True
23339_87a4d11f,simple_rotor,8,21884_cc2c39f9,medium_rotor,1.0,False
23339_87a4d11f,simple_rotor,9,22405_20f11d58,high_complexity_rotor,1.0,False
23339_87a4d11f,simple_rotor,10,21274_2fb8c3f5,simple_rotor,1.0,True
22095_af226cbc,symmetric_rotor,1,22654_4c426b0f,symmetric_rotor,0.99998,True
22095_af226cbc,symmetric_rotor,2,20737_5249e274,high_complexity_rotor,0.999976,False
22095_af226cbc,symmetric_rotor,3,20758_cdccf572,simple_rotor,0.999972,False
22095_af226cbc,symmetric_rotor,4,21204_96d26a7f,high_complexity_rotor,0.999966,False
22095_af226cbc,symmetric_rotor,5,23309_76dcf100,high_complexity_rotor,0.999966,False
22095_af226cbc,symmetric_rotor,6,23127_38d73061,symmetric_rotor,0.999908,True
22095_af226cbc,symmetric_rotor,7,21805_2ba39d00,high_complexity_rotor,0.999904,False
22095_af226cbc,symmetric_rotor,8,23467_9f431540,high_complexity_rotor,0.999904,False
22095_af226cbc,symmetric_rotor,9,23233_ac09e2e5,high_complexity_rotor,0.999854,False
22095_af226cbc,symmetric_rotor,10,21709_4dd88551,high_complexity_rotor,0.99981,False
23442_28996649,simple_rotor,1,20672_0bc07cce,simple_rotor,1.0,True
23442_28996649,simple_rotor,2,20385_f2d30908,simple_rotor,1.0,True
23442_28996649,simple_rotor,3,23502_5a80f907,medium_rotor,1.0,False
23442_28996649,simple_rotor,4,23048_8a1a5553,high_complexity_rotor,1.0,False
23442_28996649,simple_rotor,5,22528_f3370a64,high_complexity_rotor,1.0,False
23442_28996649,simple_rotor,6,20322_5a8c6077,medium_rotor,1.0,False
23442_28996649,simple_rotor,7,20231_f54462bb,simple_rotor,1.0,True
23442_28996649,simple_rotor,8,21884_cc2c39f9,medium_rotor,1.0,False
23442_28996649,simple_rotor,9,22405_20f11d58,high_complexity_rotor,1.0,False
23442_28996649,simple_rotor,10,21274_2fb8c3f5,simple_rotor,1.0,True
23028_2ca87745,medium_rotor,1,23144_88ca00a5,complex_assembly,0.999997,False
23028_2ca87745,medium_rotor,2,23136_2b469508,simple_rotor,0.999975,False
23028_2ca87745,medium_rotor,3,22082_39503fa6,medium_rotor,0.999968,True
23028_2ca87745,medium_rotor,4,22035_101c7ab4,medium_rotor,0.999936,True
23028_2ca87745,medium_rotor,5,20163_3742f394,medium_rotor,0.999593,True
23028_2ca87745,medium_rotor,6,21351_675c66b1,complex_assembly,0.999315,False
23028_2ca87745,medium_rotor,7,22078_1758e9fc,medium_rotor,0.998535,True
23028_2ca87745,medium_rotor,8,22017_6d3be48d,medium_rotor,0.998535,True
23028_2ca87745,medium_rotor,9,20841_1620ae7d,simple_rotor,0.998535,False
23028_2ca87745,medium_rotor,10,22014_5880c417,simple_rotor,0.998535,False
21573_31a18ad0,simple_rotor,1,20672_0bc07cce,simple_rotor,1.0,True
21573_31a18ad0,simple_rotor,2,20385_f2d30908,simple_rotor,1.0,True
21573_31a18ad0,simple_rotor,3,23502_5a80f907,medium_rotor,1.0,False
21573_31a18ad0,simple_rotor,4,23048_8a1a5553,high_complexity_rotor,1.0,False
21573_31a18ad0,simple_rotor,5,22528_f3370a64,high_complexity_rotor,1.0,False
21573_31a18ad0,simple_rotor,6,20322_5a8c6077,medium_rotor,1.0,False
21573_31a18ad0,simple_rotor,7,20231_f54462bb,simple_rotor,1.0,True
21573_31a18ad0,simple_rotor,8,21884_cc2c39f9,medium_rotor,1.0,False
21573_31a18ad0,simple_rotor,9,22405_20f11d58,high_complexity_rotor,1.0,False
21573_31a18ad0,simple_rotor,10,21274_2fb8c3f5,simple_rotor,1.0,True
20592_573e41b2,medium_rotor,1,20672_0bc07cce,simple_rotor,1.0,False
20592_573e41b2,medium_rotor,2,20385_f2d30908,simple_rotor,1.0,False
20592_573e41b2,medium_rotor,3,23502_5a80f907,medium_rotor,1.0,True
20592_573e41b2,medium_rotor,4,23048_8a1a5553,high_complexity_rotor,1.0,False
20592_573e41b2,medium_rotor,5,22528_f3370a64,high_complexity_rotor,1.0,False
20592_573e41b2,medium_rotor,6,20322_5a8c6077,medium_rotor,1.0,True
20592_573e41b2,medium_rotor,7,20231_f54462bb,simple_rotor,1.0,False
20592_573e41b2,medium_rotor,8,21884_cc2c39f9,medium_rotor,1.0,True
20592_573e41b2,medium_rotor,9,22405_20f11d58,high_complexity_rotor,1.0,False
20592_573e41b2,medium_rotor,10,21274_2fb8c3f5,simple_rotor,1.0,False
22899_5b97e4f5,simple_rotor,1,20672_0bc07cce,simple_rotor,1.0,True
22899_5b97e4f5,simple_rotor,2,20385_f2d30908,simple_rotor,1.0,True
22899_5b97e4f5,simple_rotor,3,23502_5a80f907,medium_rotor,1.0,False
22899_5b97e4f5,simple_rotor,4,23048_8a1a5553,high_complexity_rotor,1.0,False
22899_5b97e4f5,simple_rotor,5,22528_f3370a64,high_complexity_rotor,1.0,False
22899_5b97e4f5,simple_rotor,6,20322_5a8c6077,medium_rotor,1.0,False
22899_5b97e4f5,simple_rotor,7,20231_f54462bb,simple_rotor,1.0,True
22899_5b97e4f5,simple_rotor,8,21884_cc2c39f9,medium_rotor,1.0,False
22899_5b97e4f5,simple_rotor,9,22405_20f11d58,high_complexity_rotor,1.0,False
22899_5b97e4f5,simple_rotor,10,21274_2fb8c3f5,simple_rotor,1.0,True
22062_2d6b3b72,medium_rotor,1,21601_360ce1c7,medium_rotor,1.0,True
22062_2d6b3b72,medium_rotor,2,20182_71b9e491,medium_rotor,1.0,True
22062_2d6b3b72,medium_rotor,3,22837_7644c972,simple_rotor,1.0,False
22062_2d6b3b72,medium_rotor,4,20215_e2eb3082,medium_rotor,1.0,True
22062_2d6b3b72,medium_rotor,5,22242_4ceddc2b,complex_assembly,1.0,False
22062_2d6b3b72,medium_rotor,6,22919_3ee91d1a,medium_rotor,0.99999,True
22062_2d6b3b72,medium_rotor,7,22474_b10fea1a,medium_rotor,0.999981,True
22062_2d6b3b72,medium_rotor,8,23176_1bf2a2d5,medium_rotor,0.999976,True
22062_2d6b3b72,medium_rotor,9,19051_26735260,high_complexity_rotor,0.999968,False
22062_2d6b3b72,medium_rotor,10,22535_0ba01cc9,complex_assembly,0.999962,False
22040_6461a147,medium_rotor,1,22218_2f85f6ae,medium_rotor,1.0,True
22040_6461a147,medium_rotor,2,23041_8d3ea25c,medium_rotor,1.0,True
22040_6461a147,medium_rotor,3,21529_93e51dd9,medium_rotor,1.0,True
22040_6461a147,medium_rotor,4,20141_b9376856,medium_rotor,0.999999,True
22040_6461a147,medium_rotor,5,23049_207a41f0,medium_rotor,0.999997,True
22040_6461a147,medium_rotor,6,23372_4cb88567,medium_rotor,0.999997,True
22040_6461a147,medium_rotor,7,22046_fe3bae6e,medium_rotor,0.999995,True
22040_6461a147,medium_rotor,8,21976_807c9b26,simple_rotor,0.999995,False
22040_6461a147,medium_rotor,9,21695_1f33863f,medium_rotor,0.999995,True
22040_6461a147,medium_rotor,10,23323_075a079e,medium_rotor,0.99999,True
20293_a1999339,high_complexity_rotor,1,20647_cea2e07c,simple_rotor,1.0,False
20293_a1999339,high_complexity_rotor,2,23373_f5dac851,medium_rotor,1.0,False
20293_a1999339,high_complexity_rotor,3,20646_4cd14a72,simple_rotor,1.0,False
20293_a1999339,high_complexity_rotor,4,22059_b7d76712,medium_rotor,1.0,False
20293_a1999339,high_complexity_rotor,5,21625_d5d4c9a7,medium_rotor,1.0,False
20293_a1999339,high_complexity_rotor,6,21326_ab4d6c43,simple_rotor,1.0,False
20293_a1999339,high_complexity_rotor,7,21809_8bd6b10e,high_complexity_rotor,0.999976,True
20293_a1999339,high_complexity_rotor,8,21519_3e869afd,high_complexity_rotor,0.999972,True
20293_a1999339,high_complexity_rotor,9,21224_18ba4aba,medium_rotor,0.999972,False
20293_a1999339,high_complexity_rotor,10,23219_40625e2c,simple_rotor,0.999972,False
22910_97f0cc18,high_complexity_rotor,1,20672_0bc07cce,simple_rotor,1.0,False
22910_97f0cc18,high_complexity_rotor,2,20385_f2d30908,simple_rotor,1.0,False
22910_97f0cc18,high_complexity_rotor,3,23502_5a80f907,medium_rotor,1.0,False
22910_97f0cc18,high_complexity_rotor,4,23048_8a1a5553,high_complexity_rotor,1.0,True
22910_97f0cc18,high_complexity_rotor,5,22528_f3370a64,high_complexity_rotor,1.0,True
22910_97f0cc18,high_complexity_rotor,6,20322_5a8c6077,medium_rotor,1.0,False
22910_97f0cc18,high_complexity_rotor,7,20231_f54462bb,simple_rotor,1.0,False
22910_97f0cc18,high_complexity_rotor,8,21884_cc2c39f9,medium_rotor,1.0,False
22910_97f0cc18,high_complexity_rotor,9,22405_20f11d58,high_complexity_rotor,1.0,True
22910_97f0cc18,high_complexity_rotor,10,21274_2fb8c3f5,simple_rotor,1.0,False
20934_fe7fbd78,simple_rotor,1,20672_0bc07cce,simple_rotor,1.0,True
20934_fe7fbd78,simple_rotor,2,20385_f2d30908,simple_rotor,1.0,True
20934_fe7fbd78,simple_rotor,3,23502_5a80f907,medium_rotor,1.0,False
20934_fe7fbd78,simple_rotor,4,23048_8a1a5553,high_complexity_rotor,1.0,False
20934_fe7fbd78,simple_rotor,5,22528_f3370a64,high_complexity_rotor,1.0,False
20934_fe7fbd78,simple_rotor,6,20322_5a8c6077,medium_rotor,1.0,False
20934_fe7fbd78,simple_rotor,7,20231_f54462bb,simple_rotor,1.0,True
20934_fe7fbd78,simple_rotor,8,21884_cc2c39f9,medium_rotor,1.0,False
20934_fe7fbd78,simple_rotor,9,22405_20f11d58,high_complexity_rotor,1.0,False
20934_fe7fbd78,simple_rotor,10,21274_2fb8c3f5,simple_rotor,1.0,True
23379_636204a6,medium_rotor,1,20672_0bc07cce,simple_rotor,1.0,False
23379_636204a6,medium_rotor,2,20385_f2d30908,simple_rotor,1.0,False
23379_636204a6,medium_rotor,3,23502_5a80f907,medium_rotor,1.0,True
23379_636204a6,medium_rotor,4,23048_8a1a5553,high_complexity_rotor,1.0,False
23379_636204a6,medium_rotor,5,22528_f3370a64,high_complexity_rotor,1.0,False
23379_636204a6,medium_rotor,6,20322_5a8c6077,medium_rotor,1.0,True
23379_636204a6,medium_rotor,7,20231_f54462bb,simple_rotor,1.0,False
23379_636204a6,medium_rotor,8,21884_cc2c39f9,medium_rotor,1.0,True
23379_636204a6,medium_rotor,9,22405_20f11d58,high_complexity_rotor,1.0,False
23379_636204a6,medium_rotor,10,21274_2fb8c3f5,simple_rotor,1.0,False
20803_473c87ac,simple_rotor,1,22377_d490f505,simple_rotor,1.0,True
20803_473c87ac,simple_rotor,2,20340_86125547,simple_rotor,1.0,True
20803_473c87ac,simple_rotor,3,20814_5a2be0fb,simple_rotor,1.0,True
20803_473c87ac,simple_rotor,4,20756_75f43564,simple_rotor,1.0,True
20803_473c87ac,simple_rotor,5,20802_802b7d69,simple_rotor,1.0,True
20803_473c87ac,simple_rotor,6,20341_6a1588fb,simple_rotor,1.0,True
20803_473c87ac,simple_rotor,7,20332_0c2a24aa,simple_rotor,1.0,True
20803_473c87ac,simple_rotor,8,20994_9c88b1ba,simple_rotor,1.0,True
20803_473c87ac,simple_rotor,9,22374_aa5bb54d,simple_rotor,1.0,True
20803_473c87ac,simple_rotor,10,21590_7d092186,medium_rotor,1.0,False
22323_aa6edb8b,medium_rotor,1,20701_6dcbc975,high_complexity_rotor,1.0,False
22323_aa6edb8b,medium_rotor,2,20779_fc5a7c3d,medium_rotor,0.999987,True
22323_aa6edb8b,medium_rotor,3,22045_ead71aca,medium_rotor,0.999987,True
22323_aa6edb8b,medium_rotor,4,23341_d5ead6d2,simple_rotor,0.999987,False
22323_aa6edb8b,medium_rotor,5,22533_e7298b05,complex_assembly,0.999979,False
22323_aa6edb8b,medium_rotor,6,21816_3891a442,medium_rotor,0.999975,True
22323_aa6edb8b,medium_rotor,7,21588_0c48dc5f,simple_rotor,0.999933,False
22323_aa6edb8b,medium_rotor,8,22430_c6f08b03,complex_assembly,0.999887,False
22323_aa6edb8b,medium_rotor,9,22072_5163223a,medium_rotor,0.999824,True
22323_aa6edb8b,medium_rotor,10,22413_901f5867,complex_assembly,0.999724,False
22242_4ceddc2b,complex_assembly,1,20182_71b9e491,medium_rotor,1.0,False
22242_4ceddc2b,complex_assembly,2,21601_360ce1c7,medium_rotor,1.0,False
22242_4ceddc2b,complex_assembly,3,22062_2d6b3b72,medium_rotor,1.0,False
22242_4ceddc2b,complex_assembly,4,22837_7644c972,simple_rotor,1.0,False
22242_4ceddc2b,complex_assembly,5,20215_e2eb3082,medium_rotor,1.0,False
22242_4ceddc2b,complex_assembly,6,22919_3ee91d1a,medium_rotor,0.99999,False
22242_4ceddc2b,complex_assembly,7,22474_b10fea1a,medium_rotor,0.999981,False
22242_4ceddc2b,complex_assembly,8,23176_1bf2a2d5,medium_rotor,0.999976,False
22242_4ceddc2b,complex_assembly,9,19051_26735260,high_complexity_rotor,0.999968,False
22242_4ceddc2b,complex_assembly,10,22535_0ba01cc9,complex_assembly,0.999962,True
23271_f833d903,complex_assembly,1,22440_014f1bac,medium_rotor,0.999999,False
23271_f833d903,complex_assembly,2,22666_bdaa1303,medium_rotor,0.999999,False
23271_f833d903,complex_assembly,3,23123_f35404c4,complex_assembly,0.999998,True
23271_f833d903,complex_assembly,4,19518_f220b68a,simple_rotor,0.99999,False
23271_f833d903,complex_assembly,5,22491_a33562ad,complex_assembly,0.99999,True
23271_f833d903,complex_assembly,6,20478_c02790cb,simple_rotor,0.99999,False
23271_f833d903,complex_assembly,7,22197_94c66357,medium_rotor,0.99999,False
23271_f833d903,complex_assembly,8,22011_0832eefe,medium_rotor,0.99999,False
23271_f833d903,complex_assembly,9,22196_e5bf8c9d,medium_rotor,0.99999,False
23271_f833d903,complex_assembly,10,21275_c8049742,medium_rotor,0.99999,False
23121_cbdf3ebc,medium_rotor,1,20672_0bc07cce,simple_rotor,1.0,False
23121_cbdf3ebc,medium_rotor,2,20385_f2d30908,simple_rotor,1.0,False
23121_cbdf3ebc,medium_rotor,3,23502_5a80f907,medium_rotor,1.0,True
23121_cbdf3ebc,medium_rotor,4,23048_8a1a5553,high_complexity_rotor,1.0,False
23121_cbdf3ebc,medium_rotor,5,22528_f3370a64,high_complexity_rotor,1.0,False
23121_cbdf3ebc,medium_rotor,6,20322_5a8c6077,medium_rotor,1.0,True
23121_cbdf3ebc,medium_rotor,7,20231_f54462bb,simple_rotor,1.0,False
23121_cbdf3ebc,medium_rotor,8,21884_cc2c39f9,medium_rotor,1.0,True
23121_cbdf3ebc,medium_rotor,9,22405_20f11d58,high_complexity_rotor,1.0,False
23121_cbdf3ebc,medium_rotor,10,21274_2fb8c3f5,simple_rotor,1.0,False
21519_3e869afd,high_complexity_rotor,1,23219_40625e2c,simple_rotor,1.0,False
21519_3e869afd,high_complexity_rotor,2,21224_18ba4aba,medium_rotor,1.0,False
21519_3e869afd,high_complexity_rotor,3,22612_28fe0ac2,medium_rotor,0.999996,False
21519_3e869afd,high_complexity_rotor,4,22092_897b0ffa,medium_rotor,0.999996,False
21519_3e869afd,high_complexity_rotor,5,23451_14c8d09e,medium_rotor,0.999996,False
21519_3e869afd,high_complexity_rotor,6,21024_9be3d461,high_complexity_rotor,0.999986,True
21519_3e869afd,high_complexity_rotor,7,22043_041e1b7c,simple_rotor,0.999986,False
21519_3e869afd,high_complexity_rotor,8,22061_b50b6b66,medium_rotor,0.999986,False
21519_3e869afd,high_complexity_rotor,9,22270_c6999138,simple_rotor,0.999986,False
21519_3e869afd,high_complexity_rotor,10,20285_b64b1a7e,medium_rotor,0.999986,False
23008_3d1bb7b2,medium_rotor,1,20672_0bc07cce,simple_rotor,1.0,False
23008_3d1bb7b2,medium_rotor,2,20385_f2d30908,simple_rotor,1.0,False
23008_3d1bb7b2,medium_rotor,3,23502_5a80f907,medium_rotor,1.0,True
23008_3d1bb7b2,medium_rotor,4,23048_8a1a5553,high_complexity_rotor,1.0,False
23008_3d1bb7b2,medium_rotor,5,22528_f3370a64,high_complexity_rotor,1.0,False
23008_3d1bb7b2,medium_rotor,6,20322_5a8c6077,medium_rotor,1.0,True
23008_3d1bb7b2,medium_rotor,7,20231_f54462bb,simple_rotor,1.0,False
23008_3d1bb7b2,medium_rotor,8,21884_cc2c39f9,medium_rotor,1.0,True
23008_3d1bb7b2,medium_rotor,9,22405_20f11d58,high_complexity_rotor,1.0,False
23008_3d1bb7b2,medium_rotor,10,21274_2fb8c3f5,simple_rotor,1.0,False
20500_e88d8065,high_complexity_rotor,1,20672_0bc07cce,simple_rotor,1.0,False
20500_e88d8065,high_complexity_rotor,2,20385_f2d30908,simple_rotor,1.0,False
20500_e88d8065,high_complexity_rotor,3,23502_5a80f907,medium_rotor,1.0,False
20500_e88d8065,high_complexity_rotor,4,23048_8a1a5553,high_complexity_rotor,1.0,True
20500_e88d8065,high_complexity_rotor,5,22528_f3370a64,high_complexity_rotor,1.0,True
20500_e88d8065,high_complexity_rotor,6,20322_5a8c6077,medium_rotor,1.0,False
20500_e88d8065,high_complexity_rotor,7,20231_f54462bb,simple_rotor,1.0,False
20500_e88d8065,high_complexity_rotor,8,21884_cc2c39f9,medium_rotor,1.0,False
20500_e88d8065,high_complexity_rotor,9,22405_20f11d58,high_complexity_rotor,1.0,True
20500_e88d8065,high_complexity_rotor,10,21274_2fb8c3f5,simple_rotor,1.0,False
22155_ab18f2b6,symmetric_rotor,1,22136_a539c50b,simple_rotor,1.0,False
22155_ab18f2b6,symmetric_rotor,2,22365_a4eb929c,symmetric_rotor,1.0,True
22155_ab18f2b6,symmetric_rotor,3,21186_d1698d8c,symmetric_rotor,1.0,True
22155_ab18f2b6,symmetric_rotor,4,21862_ec534e16,simple_rotor,1.0,False
22155_ab18f2b6,symmetric_rotor,5,22508_6bb410af,simple_rotor,1.0,False
22155_ab18f2b6,symmetric_rotor,6,20421_0fd51709,high_complexity_rotor,1.0,False
22155_ab18f2b6,symmetric_rotor,7,22893_eb8aa8ac,high_complexity_rotor,1.0,False
22155_ab18f2b6,symmetric_rotor,8,22892_68138f24,symmetric_rotor,1.0,True
22155_ab18f2b6,symmetric_rotor,9,21248_0a862e3e,symmetric_rotor,1.0,True
22155_ab18f2b6,symmetric_rotor,10,22983_0ab3faaf,symmetric_rotor,1.0,True
20430_975b8dcf,high_complexity_rotor,1,21164_de08f61e,medium_rotor,0.999996,False
20430_975b8dcf,high_complexity_rotor,2,22079_31335df2,complex_assembly,0.999994,False
20430_975b8dcf,high_complexity_rotor,3,20157_db99ab88,medium_rotor,0.999993,False
20430_975b8dcf,high_complexity_rotor,4,20260_4a01a99d,high_complexity_rotor,0.999993,True
20430_975b8dcf,high_complexity_rotor,5,20431_0088a0dd,medium_rotor,0.999993,False
20430_975b8dcf,high_complexity_rotor,6,22630_b6010fff,medium_rotor,0.99998,False
20430_975b8dcf,high_complexity_rotor,7,21708_e61bd657,complex_assembly,0.999928,False
20430_975b8dcf,high_complexity_rotor,8,21069_508a9947,complex_assembly,0.999859,False
20430_975b8dcf,high_complexity_rotor,9,21700_28d193ac,high_complexity_rotor,0.999798,True
20430_975b8dcf,high_complexity_rotor,10,21656_964b0c84,high_complexity_rotor,0.999581,True
20647_cea2e07c,simple_rotor,1,20293_a1999339,high_complexity_rotor,1.0,False
20647_cea2e07c,simple_rotor,2,23373_f5dac851,medium_rotor,1.0,False
20647_cea2e07c,simple_rotor,3,20646_4cd14a72,simple_rotor,1.0,True
20647_cea2e07c,simple_rotor,4,21625_d5d4c9a7,medium_rotor,1.0,False
20647_cea2e07c,simple_rotor,5,21326_ab4d6c43,simple_rotor,1.0,True
20647_cea2e07c,simple_rotor,6,22059_b7d76712,medium_rotor,1.0,False
20647_cea2e07c,simple_rotor,7,21809_8bd6b10e,high_complexity_rotor,0.999976,False
20647_cea2e07c,simple_rotor,8,21224_18ba4aba,medium_rotor,0.999972,False
20647_cea2e07c,simple_rotor,9,23219_40625e2c,simple_rotor,0.999972,True
20647_cea2e07c,simple_rotor,10,21519_3e869afd,high_complexity_rotor,0.999972,False
22894_5f7c276d,high_complexity_rotor,1,21176_b5c72bfb,symmetric_rotor,0.999989,False
22894_5f7c276d,high_complexity_rotor,2,7780_6c885e81,symmetric_rotor,0.99998,False
22894_5f7c276d,high_complexity_rotor,3,20970_d20c6c35,symmetric_rotor,0.999972,False
22894_5f7c276d,high_complexity_rotor,4,21511_d07c59c2,high_complexity_rotor,0.999966,True
22894_5f7c276d,high_complexity_rotor,5,22259_613f9d44,symmetric_rotor,0.999957,False
22894_5f7c276d,high_complexity_rotor,6,21467_67965037,symmetric_rotor,0.999946,False
22894_5f7c276d,high_complexity_rotor,7,21490_d07ff9f8,symmetric_rotor,0.999946,False
22894_5f7c276d,high_complexity_rotor,8,23468_a0bfb573,symmetric_rotor,0.999917,False
22894_5f7c276d,high_complexity_rotor,9,23221_42f37ae3,symmetric_rotor,0.999916,False
22894_5f7c276d,high_complexity_rotor,10,23467_9f431540,high_complexity_rotor,0.999908,True
23440_5956321f,simple_rotor,1,20672_0bc07cce,simple_rotor,1.0,True
23440_5956321f,simple_rotor,2,20385_f2d30908,simple_rotor,1.0,True
23440_5956321f,simple_rotor,3,23502_5a80f907,medium_rotor,1.0,False
23440_5956321f,simple_rotor,4,23048_8a1a5553,high_complexity_rotor,1.0,False
23440_5956321f,simple_rotor,5,22528_f3370a64,high_complexity_rotor,1.0,False
23440_5956321f,simple_rotor,6,20322_5a8c6077,medium_rotor,1.0,False
23440_5956321f,simple_rotor,7,20231_f54462bb,simple_rotor,1.0,True
23440_5956321f,simple_rotor,8,21884_cc2c39f9,medium_rotor,1.0,False
23440_5956321f,simple_rotor,9,22405_20f11d58,high_complexity_rotor,1.0,False
23440_5956321f,simple_rotor,10,21274_2fb8c3f5,simple_rotor,1.0,True
22508_6bb410af,simple_rotor,1,22136_a539c50b,simple_rotor,1.0,True
22508_6bb410af,simple_rotor,2,22365_a4eb929c,symmetric_rotor,1.0,False
22508_6bb410af,simple_rotor,3,21186_d1698d8c,symmetric_rotor,1.0,False
22508_6bb410af,simple_rotor,4,21862_ec534e16,simple_rotor,1.0,True
22508_6bb410af,simple_rotor,5,22155_ab18f2b6,symmetric_rotor,1.0,False
22508_6bb410af,simple_rotor,6,20421_0fd51709,high_complexity_rotor,1.0,False
22508_6bb410af,simple_rotor,7,22893_eb8aa8ac,high_complexity_rotor,1.0,False
22508_6bb410af,simple_rotor,8,22892_68138f24,symmetric_rotor,1.0,False
22508_6bb410af,simple_rotor,9,21248_0a862e3e,symmetric_rotor,1.0,False
22508_6bb410af,simple_rotor,10,22983_0ab3faaf,symmetric_rotor,1.0,False
21549_18160a0a,medium_rotor,1,20672_0bc07cce,simple_rotor,1.0,False
21549_18160a0a,medium_rotor,2,20385_f2d30908,simple_rotor,1.0,False
21549_18160a0a,medium_rotor,3,23502_5a80f907,medium_rotor,1.0,True
21549_18160a0a,medium_rotor,4,23048_8a1a5553,high_complexity_rotor,1.0,False
21549_18160a0a,medium_rotor,5,22528_f3370a64,high_complexity_rotor,1.0,False
21549_18160a0a,medium_rotor,6,20322_5a8c6077,medium_rotor,1.0,True
21549_18160a0a,medium_rotor,7,20231_f54462bb,simple_rotor,1.0,False
21549_18160a0a,medium_rotor,8,21884_cc2c39f9,medium_rotor,1.0,True
21549_18160a0a,medium_rotor,9,22405_20f11d58,high_complexity_rotor,1.0,False
21549_18160a0a,medium_rotor,10,21274_2fb8c3f5,simple_rotor,1.0,False
21941_1a683ec2,complex_assembly,1,22378_234fea2c,simple_rotor,0.999978,False
21941_1a683ec2,complex_assembly,2,20671_33532794,simple_rotor,0.999978,False
21941_1a683ec2,complex_assembly,3,20186_f66e4ad3,simple_rotor,0.999978,False
21941_1a683ec2,complex_assembly,4,21165_5cb2d287,simple_rotor,0.999978,False
21941_1a683ec2,complex_assembly,5,23226_8d1b5098,complex_assembly,0.999978,True
21941_1a683ec2,complex_assembly,6,22227_aca28ff2,simple_rotor,0.999978,False
21941_1a683ec2,complex_assembly,7,20436_41b730a3,simple_rotor,0.999978,False
21941_1a683ec2,complex_assembly,8,23215_08a54de0,simple_rotor,0.999978,False
21941_1a683ec2,complex_assembly,9,22404_66db7dd7,complex_assembly,0.999898,True
21941_1a683ec2,complex_assembly,10,21244_24c3ce72,complex_assembly,0.999848,True
22761_ca309655,symmetric_rotor,1,21849_a5f563a6,high_complexity_rotor,0.999995,False
22761_ca309655,symmetric_rotor,2,22168_a84560a9,high_complexity_rotor,0.999995,False
22761_ca309655,symmetric_rotor,3,20697_d3e106b4,high_complexity_rotor,0.999977,False
22761_ca309655,symmetric_rotor,4,21958_e48ddf4e,symmetric_rotor,0.999977,True
22761_ca309655,symmetric_rotor,5,22027_11a2e852,high_complexity_rotor,0.999977,False
22761_ca309655,symmetric_rotor,6,20799_213bf924,high_complexity_rotor,0.999976,False
22761_ca309655,symmetric_rotor,7,22070_fd1b8e5e,high_complexity_rotor,0.999976,False
22761_ca309655,symmetric_rotor,8,22304_33009be6,simple_rotor,0.999976,False
22761_ca309655,symmetric_rotor,9,23170_6ea8ded5,symmetric_rotor,0.999976,True
22761_ca309655,symmetric_rotor,10,22421_19401bdd,high_complexity_rotor,0.999972,False
23221_42f37ae3,symmetric_rotor,1,21511_d07c59c2,high_complexity_rotor,0.99998,False
23221_42f37ae3,symmetric_rotor,2,20970_d20c6c35,symmetric_rotor,0.999969,True
23221_42f37ae3,symmetric_rotor,3,7780_6c885e81,symmetric_rotor,0.999966,True
23221_42f37ae3,symmetric_rotor,4,21176_b5c72bfb,symmetric_rotor,0.999957,True
23221_42f37ae3,symmetric_rotor,5,23127_38d73061,symmetric_rotor,0.999946,True
23221_42f37ae3,symmetric_rotor,6,21805_2ba39d00,high_complexity_rotor,0.999933,False
23221_42f37ae3,symmetric_rotor,7,23467_9f431540,high_complexity_rotor,0.999933,False
23221_42f37ae3,symmetric_rotor,8,22894_5f7c276d,high_complexity_rotor,0.999916,False
23221_42f37ae3,symmetric_rotor,9,21467_67965037,symmetric_rotor,0.999904,True
23221_42f37ae3,symmetric_rotor,10,21490_d07ff9f8,symmetric_rotor,0.999904,True
22360_42cd6a21,high_complexity_rotor,1,22417_4a15d62e,high_complexity_rotor,0.999966,True
22360_42cd6a21,high_complexity_rotor,2,19596_fb9531a5,high_complexity_rotor,0.999916,True
22360_42cd6a21,high_complexity_rotor,3,22070_fd1b8e5e,high_complexity_rotor,0.999916,True
22360_42cd6a21,high_complexity_rotor,4,20799_213bf924,high_complexity_rotor,0.999916,True
22360_42cd6a21,high_complexity_rotor,5,21849_a5f563a6,high_complexity_rotor,0.999889,True
22360_42cd6a21,high_complexity_rotor,6,21182_a480d230,high_complexity_rotor,0.999876,True
22360_42cd6a21,high_complexity_rotor,7,22761_ca309655,symmetric_rotor,0.999864,False
22360_42cd6a21,high_complexity_rotor,8,22678_ff42f120,symmetric_rotor,0.999853,False
22360_42cd6a21,high_complexity_rotor,9,22168_a84560a9,high_complexity_rotor,0.999829,True
22360_42cd6a21,high_complexity_rotor,10,21386_e234c6b6,symmetric_rotor,0.999827,False
21140_8d150c65,simple_rotor,1,20672_0bc07cce,simple_rotor,1.0,True
21140_8d150c65,simple_rotor,2,20385_f2d30908,simple_rotor,1.0,True
21140_8d150c65,simple_rotor,3,23502_5a80f907,medium_rotor,1.0,False
21140_8d150c65,simple_rotor,4,23048_8a1a5553,high_complexity_rotor,1.0,False
21140_8d150c65,simple_rotor,5,22528_f3370a64,high_complexity_rotor,1.0,False
21140_8d150c65,simple_rotor,6,20322_5a8c6077,medium_rotor,1.0,False
21140_8d150c65,simple_rotor,7,20231_f54462bb,simple_rotor,1.0,True
21140_8d150c65,simple_rotor,8,21884_cc2c39f9,medium_rotor,1.0,False
21140_8d150c65,simple_rotor,9,22405_20f11d58,high_complexity_rotor,1.0,False
21140_8d150c65,simple_rotor,10,21274_2fb8c3f5,simple_rotor,1.0,True
22232_cb53774e,medium_rotor,1,21539_cfe1f7fd,medium_rotor,0.999998,True
22232_cb53774e,medium_rotor,2,23194_b675acc0,simple_rotor,0.999997,False
22232_cb53774e,medium_rotor,3,20952_b8a54213,complex_assembly,0.999994,False
22232_cb53774e,medium_rotor,4,22981_93f268ae,simple_rotor,0.999994,False
22232_cb53774e,medium_rotor,5,22778_7d85debd,medium_rotor,0.999994,True
22232_cb53774e,medium_rotor,6,21545_4384f96e,complex_assembly,0.999994,False
22232_cb53774e,medium_rotor,7,22266_078a1f68,medium_rotor,0.999993,True
22232_cb53774e,medium_rotor,8,21582_a3d32115,complex_assembly,0.999987,False
22232_cb53774e,medium_rotor,9,19810_f77c5501,medium_rotor,0.999983,True
22232_cb53774e,medium_rotor,10,23211_3aac9c7e,simple_rotor,0.999983,False
23331_192866b6,medium_rotor,1,23376_9b48819a,high_complexity_rotor,0.999984,False
23331_192866b6,medium_rotor,2,23204_ff1672a9,complex_assembly,0.999929,False
23331_192866b6,medium_rotor,3,22832_731d3b9f,medium_rotor,0.999896,True
23331_192866b6,medium_rotor,4,22372_e91792a1,medium_rotor,0.999896,True
23331_192866b6,medium_rotor,5,22680_1f4026f6,medium_rotor,0.999896,True
23331_192866b6,medium_rotor,6,22987_37973191,medium_rotor,0.999628,True
23331_192866b6,medium_rotor,7,7778_3a9748b3,complex_assembly,0.998413,False
23331_192866b6,medium_rotor,8,23368_648717d8,medium_rotor,0.998191,True
23331_192866b6,medium_rotor,9,20668_b2f2633e,high_complexity_rotor,0.998134,False
23331_192866b6,medium_rotor,10,21425_d0d47a2a,high_complexity_rotor,0.998134,False
23378_8d6426ae,high_complexity_rotor,1,22428_c1ffa51a,high_complexity_rotor,0.999995,True
23378_8d6426ae,high_complexity_rotor,2,20792_d2ea0500,symmetric_rotor,0.999947,False
23378_8d6426ae,high_complexity_rotor,3,21300_ec7da33e,high_complexity_rotor,0.999899,True
23378_8d6426ae,high_complexity_rotor,4,20991_6795af4f,high_complexity_rotor,0.999854,True
23378_8d6426ae,high_complexity_rotor,5,21685_93737a7a,high_complexity_rotor,0.999769,True
23378_8d6426ae,high_complexity_rotor,6,23168_7fdf5427,high_complexity_rotor,0.999736,True
23378_8d6426ae,high_complexity_rotor,7,21990_7bb6efcf,simple_rotor,0.999578,False
23378_8d6426ae,high_complexity_rotor,8,23217_7c6062e3,high_complexity_rotor,0.999533,True
23378_8d6426ae,high_complexity_rotor,9,20745_3e22ad07,high_complexity_rotor,0.999533,True
23378_8d6426ae,high_complexity_rotor,10,23377_690165aa,high_complexity_rotor,0.999507,True
23505_161e8ec5,medium_rotor,1,20672_0bc07cce,simple_rotor,1.0,False
23505_161e8ec5,medium_rotor,2,20385_f2d30908,simple_rotor,1.0,False
23505_161e8ec5,medium_rotor,3,23502_5a80f907,medium_rotor,1.0,True
23505_161e8ec5,medium_rotor,4,23048_8a1a5553,high_complexity_rotor,1.0,False
23505_161e8ec5,medium_rotor,5,22528_f3370a64,high_complexity_rotor,1.0,False
23505_161e8ec5,medium_rotor,6,20322_5a8c6077,medium_rotor,1.0,True
23505_161e8ec5,medium_rotor,7,20231_f54462bb,simple_rotor,1.0,False
23505_161e8ec5,medium_rotor,8,21884_cc2c39f9,medium_rotor,1.0,True
23505_161e8ec5,medium_rotor,9,22405_20f11d58,high_complexity_rotor,1.0,False
23505_161e8ec5,medium_rotor,10,21274_2fb8c3f5,simple_rotor,1.0,False
23239_ba13cf5e,simple_rotor,1,20672_0bc07cce,simple_rotor,1.0,True
23239_ba13cf5e,simple_rotor,2,20385_f2d30908,simple_rotor,1.0,True
23239_ba13cf5e,simple_rotor,3,23502_5a80f907,medium_rotor,1.0,False
23239_ba13cf5e,simple_rotor,4,23048_8a1a5553,high_complexity_rotor,1.0,False
23239_ba13cf5e,simple_rotor,5,22528_f3370a64,high_complexity_rotor,1.0,False
23239_ba13cf5e,simple_rotor,6,20322_5a8c6077,medium_rotor,1.0,False
23239_ba13cf5e,simple_rotor,7,20231_f54462bb,simple_rotor,1.0,True
23239_ba13cf5e,simple_rotor,8,21884_cc2c39f9,medium_rotor,1.0,False
23239_ba13cf5e,simple_rotor,9,22405_20f11d58,high_complexity_rotor,1.0,False
23239_ba13cf5e,simple_rotor,10,21274_2fb8c3f5,simple_rotor,1.0,True
23251_3eb3d2e6,high_complexity_rotor,1,20672_0bc07cce,simple_rotor,1.0,False
23251_3eb3d2e6,high_complexity_rotor,2,20385_f2d30908,simple_rotor,1.0,False
23251_3eb3d2e6,high_complexity_rotor,3,23502_5a80f907,medium_rotor,1.0,False
23251_3eb3d2e6,high_complexity_rotor,4,23048_8a1a5553,high_complexity_rotor,1.0,True
23251_3eb3d2e6,high_complexity_rotor,5,22528_f3370a64,high_complexity_rotor,1.0,True
23251_3eb3d2e6,high_complexity_rotor,6,20322_5a8c6077,medium_rotor,1.0,False
23251_3eb3d2e6,high_complexity_rotor,7,20231_f54462bb,simple_rotor,1.0,False
23251_3eb3d2e6,high_complexity_rotor,8,21884_cc2c39f9,medium_rotor,1.0,False
23251_3eb3d2e6,high_complexity_rotor,9,22405_20f11d58,high_complexity_rotor,1.0,True
23251_3eb3d2e6,high_complexity_rotor,10,21274_2fb8c3f5,simple_rotor,1.0,False
21133_f9a1614e,symmetric_rotor,1,21839_a8eb6d34,high_complexity_rotor,1.0,False
21133_f9a1614e,symmetric_rotor,2,21825_ce32b0a0,simple_rotor,1.0,False
21133_f9a1614e,symmetric_rotor,3,21831_54ca67d1,symmetric_rotor,1.0,True
21133_f9a1614e,symmetric_rotor,4,22080_594bcb66,symmetric_rotor,1.0,True
21133_f9a1614e,symmetric_rotor,5,21329_1bfecd1d,high_complexity_rotor,1.0,False
21133_f9a1614e,symmetric_rotor,6,21840_6847d36c,symmetric_rotor,0.999999,True
21133_f9a1614e,symmetric_rotor,7,21838_5bc448b4,high_complexity_rotor,0.999999,False
21133_f9a1614e,symmetric_rotor,8,20419_8ce893b6,symmetric_rotor,0.999999,True
21133_f9a1614e,symmetric_rotor,9,21828_21ab2114,symmetric_rotor,0.999999,True
21133_f9a1614e,symmetric_rotor,10,20990_0a226634,symmetric_rotor,0.999999,True
22081_ab3124af,high_complexity_rotor,1,23501_6c48b3c1,medium_rotor,0.999996,False
22081_ab3124af,high_complexity_rotor,2,22827_f33929ec,high_complexity_rotor,0.999996,True
22081_ab3124af,high_complexity_rotor,3,21429_6d2d3974,medium_rotor,0.999964,False
22081_ab3124af,high_complexity_rotor,4,20870_dedaef5b,high_complexity_rotor,0.999866,True
22081_ab3124af,high_complexity_rotor,5,21092_32622a83,medium_rotor,0.999715,False
22081_ab3124af,high_complexity_rotor,6,21991_ab98f156,high_complexity_rotor,0.999552,True
22081_ab3124af,high_complexity_rotor,7,20246_40be7668,complex_assembly,0.999354,False
22081_ab3124af,high_complexity_rotor,8,20858_15bdad00,medium_rotor,0.998707,False
22081_ab3124af,high_complexity_rotor,9,20544_43691724,high_complexity_rotor,0.998565,True
22081_ab3124af,high_complexity_rotor,10,21592_c5e77a82,medium_rotor,0.997595,False
21275_c8049742,medium_rotor,1,22534_e899f645,medium_rotor,1.0,True
21275_c8049742,medium_rotor,2,20478_c02790cb,simple_rotor,1.0,False
21275_c8049742,medium_rotor,3,22196_e5bf8c9d,medium_rotor,1.0,True
21275_c8049742,medium_rotor,4,22011_0832eefe,medium_rotor,1.0,True
21275_c8049742,medium_rotor,5,22491_a33562ad,complex_assembly,1.0,False
21275_c8049742,medium_rotor,6,21737_87d83240,medium_rotor,1.0,True
21275_c8049742,medium_rotor,7,20188_98b86c0f,simple_rotor,1.0,False
21275_c8049742,medium_rotor,8,22729_232da678,medium_rotor,1.0,True
21275_c8049742,medium_rotor,9,21469_abec26c4,simple_rotor,1.0,False
21275_c8049742,medium_rotor,10,20193_2da4f0a0,simple_rotor,1.0,False
21961_1a090a8b,symmetric_rotor,1,22136_a539c50b,simple_rotor,1.0,False
21961_1a090a8b,symmetric_rotor,2,22365_a4eb929c,symmetric_rotor,1.0,True
21961_1a090a8b,symmetric_rotor,3,21862_ec534e16,simple_rotor,1.0,False
21961_1a090a8b,symmetric_rotor,4,22508_6bb410af,simple_rotor,1.0,False
21961_1a090a8b,symmetric_rotor,5,22155_ab18f2b6,symmetric_rotor,1.0,True
21961_1a090a8b,symmetric_rotor,6,20421_0fd51709,high_complexity_rotor,1.0,False
21961_1a090a8b,symmetric_rotor,7,22893_eb8aa8ac,high_complexity_rotor,1.0,False
21961_1a090a8b,symmetric_rotor,8,22892_68138f24,symmetric_rotor,1.0,True
21961_1a090a8b,symmetric_rotor,9,21248_0a862e3e,symmetric_rotor,1.0,True
21961_1a090a8b,symmetric_rotor,10,22983_0ab3faaf,symmetric_rotor,1.0,True
22056_79373464,complex_assembly,1,21028_d4d30a2e,medium_rotor,1.0,False
22056_79373464,complex_assembly,2,21244_24c3ce72,complex_assembly,0.99991,True
22056_79373464,complex_assembly,3,22404_66db7dd7,complex_assembly,0.999863,True
22056_79373464,complex_assembly,4,22430_c6f08b03,complex_assembly,0.999773,True
22056_79373464,complex_assembly,5,20436_41b730a3,simple_rotor,0.999707,False
22056_79373464,complex_assembly,6,22378_234fea2c,simple_rotor,0.999707,False
22056_79373464,complex_assembly,7,20671_33532794,simple_rotor,0.999707,False
22056_79373464,complex_assembly,8,21165_5cb2d287,simple_rotor,0.999707,False
22056_79373464,complex_assembly,9,20186_f66e4ad3,simple_rotor,0.999707,False
22056_79373464,complex_assembly,10,22227_aca28ff2,simple_rotor,0.999707,False
22843_cb38a007,simple_rotor,1,20672_0bc07cce,simple_rotor,1.0,True
22843_cb38a007,simple_rotor,2,20385_f2d30908,simple_rotor,1.0,True
22843_cb38a007,simple_rotor,3,23502_5a80f907,medium_rotor,1.0,False
22843_cb38a007,simple_rotor,4,23048_8a1a5553,high_complexity_rotor,1.0,False
22843_cb38a007,simple_rotor,5,22528_f3370a64,high_complexity_rotor,1.0,False
22843_cb38a007,simple_rotor,6,20322_5a8c6077,medium_rotor,1.0,False
22843_cb38a007,simple_rotor,7,20231_f54462bb,simple_rotor,1.0,True
22843_cb38a007,simple_rotor,8,21884_cc2c39f9,medium_rotor,1.0,False
22843_cb38a007,simple_rotor,9,22405_20f11d58,high_complexity_rotor,1.0,False
22843_cb38a007,simple_rotor,10,21274_2fb8c3f5,simple_rotor,1.0,True
21121_1e9e7540,high_complexity_rotor,1,22141_5db99710,symmetric_rotor,1.0,False
21121_1e9e7540,high_complexity_rotor,2,22241_535ad84b,simple_rotor,0.999999,False
21121_1e9e7540,high_complexity_rotor,3,23329_6939d5d9,high_complexity_rotor,0.999999,True
21121_1e9e7540,high_complexity_rotor,4,21271_ec7f62b8,symmetric_rotor,0.999995,False
21121_1e9e7540,high_complexity_rotor,5,23438_b1ef78f4,symmetric_rotor,0.999995,False
21121_1e9e7540,high_complexity_rotor,6,22027_11a2e852,high_complexity_rotor,0.999989,True
21121_1e9e7540,high_complexity_rotor,7,21958_e48ddf4e,symmetric_rotor,0.999989,False
21121_1e9e7540,high_complexity_rotor,8,20697_d3e106b4,high_complexity_rotor,0.999989,True
21121_1e9e7540,high_complexity_rotor,9,23178_eb4b4280,symmetric_rotor,0.999989,False
21121_1e9e7540,high_complexity_rotor,10,23259_d655fcc1,symmetric_rotor,0.999989,False
21182_a480d230,high_complexity_rotor,1,21384_b9774b93,simple_rotor,0.99998,False
21182_a480d230,high_complexity_rotor,2,21551_c6c2d516,high_complexity_rotor,0.99998,True
21182_a480d230,high_complexity_rotor,3,22678_ff42f120,symmetric_rotor,0.999977,False
21182_a480d230,high_complexity_rotor,4,21386_e234c6b6,symmetric_rotor,0.999976,False
21182_a480d230,high_complexity_rotor,5,22399_97987ada,symmetric_rotor,0.999972,False
21182_a480d230,high_complexity_rotor,6,22283_36ba29c9,simple_rotor,0.999969,False
21182_a480d230,high_complexity_rotor,7,21603_98a15295,symmetric_rotor,0.999969,False
21182_a480d230,high_complexity_rotor,8,20609_69f28932,symmetric_rotor,0.999969,False
21182_a480d230,high_complexity_rotor,9,21564_fa5b2db7,simple_rotor,0.999969,False
21182_a480d230,high_complexity_rotor,10,22050_e8702dd4,symmetric_rotor,0.999966,False
22418_2722dfe8,medium_rotor,1,20672_0bc07cce,simple_rotor,1.0,False
22418_2722dfe8,medium_rotor,2,20385_f2d30908,simple_rotor,1.0,False
22418_2722dfe8,medium_rotor,3,23502_5a80f907,medium_rotor,1.0,True
22418_2722dfe8,medium_rotor,4,23048_8a1a5553,high_complexity_rotor,1.0,False
22418_2722dfe8,medium_rotor,5,22528_f3370a64,high_complexity_rotor,1.0,False
22418_2722dfe8,medium_rotor,6,20322_5a8c6077,medium_rotor,1.0,True
22418_2722dfe8,medium_rotor,7,20231_f54462bb,simple_rotor,1.0,False
22418_2722dfe8,medium_rotor,8,21884_cc2c39f9,medium_rotor,1.0,True
22418_2722dfe8,medium_rotor,9,22405_20f11d58,high_complexity_rotor,1.0,False
22418_2722dfe8,medium_rotor,10,21274_2fb8c3f5,simple_rotor,1.0,False
21357_9edfc0a0,simple_rotor,1,22078_1758e9fc,medium_rotor,1.0,False
21357_9edfc0a0,simple_rotor,2,22017_6d3be48d,medium_rotor,1.0,False
21357_9edfc0a0,simple_rotor,3,23374_57cca189,medium_rotor,1.0,False
21357_9edfc0a0,simple_rotor,4,20841_1620ae7d,simple_rotor,1.0,True
21357_9edfc0a0,simple_rotor,5,21424_9d516e3a,medium_rotor,1.0,False
21357_9edfc0a0,simple_rotor,6,22014_5880c417,simple_rotor,1.0,True
21357_9edfc0a0,simple_rotor,7,22862_f5406bb0,simple_rotor,1.0,True
21357_9edfc0a0,simple_rotor,8,23162_7e2f3d77,complex_assembly,1.0,False
21357_9edfc0a0,simple_rotor,9,23305_2662b29a,medium_rotor,0.999953,False
21357_9edfc0a0,simple_rotor,10,21351_675c66b1,complex_assembly,0.999853,False
21185_ac5324ba,medium_rotor,1,21184_971559b6,simple_rotor,1.0,False
21185_ac5324ba,medium_rotor,2,20940_9777847c,simple_rotor,1.0,False
21185_ac5324ba,medium_rotor,3,22461_0ba0e480,medium_rotor,0.999999,True
21185_ac5324ba,medium_rotor,4,23323_075a079e,medium_rotor,0.999999,True
21185_ac5324ba,medium_rotor,5,21762_90d34d16,high_complexity_rotor,0.999996,False
21185_ac5324ba,medium_rotor,6,22002_315afcfc,medium_rotor,0.999993,True
21185_ac5324ba,medium_rotor,7,21918_976c2754,high_complexity_rotor,0.999993,False
21185_ac5324ba,medium_rotor,8,23493_57512264,medium_rotor,0.999993,True
21185_ac5324ba,medium_rotor,9,23372_4cb88567,medium_rotor,0.999993,True
21185_ac5324ba,medium_rotor,10,23049_207a41f0,medium_rotor,0.999993,True
23156_7788f78a,high_complexity_rotor,1,20672_0bc07cce,simple_rotor,1.0,False
23156_7788f78a,high_complexity_rotor,2,20385_f2d30908,simple_rotor,1.0,False
23156_7788f78a,high_complexity_rotor,3,23502_5a80f907,medium_rotor,1.0,False
23156_7788f78a,high_complexity_rotor,4,23048_8a1a5553,high_complexity_rotor,1.0,True
23156_7788f78a,high_complexity_rotor,5,22528_f3370a64,high_complexity_rotor,1.0,True
23156_7788f78a,high_complexity_rotor,6,20322_5a8c6077,medium_rotor,1.0,False
23156_7788f78a,high_complexity_rotor,7,20231_f54462bb,simple_rotor,1.0,False
23156_7788f78a,high_complexity_rotor,8,21884_cc2c39f9,medium_rotor,1.0,False
23156_7788f78a,high_complexity_rotor,9,22405_20f11d58,high_complexity_rotor,1.0,True
23156_7788f78a,high_complexity_rotor,10,21274_2fb8c3f5,simple_rotor,1.0,False
23162_7e2f3d77,complex_assembly,1,22078_1758e9fc,medium_rotor,1.0,False
23162_7e2f3d77,complex_assembly,2,22017_6d3be48d,medium_rotor,1.0,False
23162_7e2f3d77,complex_assembly,3,20841_1620ae7d,simple_rotor,1.0,False
23162_7e2f3d77,complex_assembly,4,22862_f5406bb0,simple_rotor,1.0,False
23162_7e2f3d77,complex_assembly,5,23374_57cca189,medium_rotor,1.0,False
23162_7e2f3d77,complex_assembly,6,21424_9d516e3a,medium_rotor,1.0,False
23162_7e2f3d77,complex_assembly,7,22014_5880c417,simple_rotor,1.0,False
23162_7e2f3d77,complex_assembly,8,21357_9edfc0a0,simple_rotor,1.0,False
23162_7e2f3d77,complex_assembly,9,23305_2662b29a,medium_rotor,0.999953,False
23162_7e2f3d77,complex_assembly,10,21351_675c66b1,complex_assembly,0.999853,True
21838_5bc448b4,high_complexity_rotor,1,21840_6847d36c,symmetric_rotor,1.0,False
21838_5bc448b4,high_complexity_rotor,2,20419_8ce893b6,symmetric_rotor,1.0,False
21838_5bc448b4,high_complexity_rotor,3,21828_21ab2114,symmetric_rotor,1.0,False
21838_5bc448b4,high_complexity_rotor,4,22561_067b78ae,symmetric_rotor,0.999999,False
21838_5bc448b4,high_complexity_rotor,5,21329_1bfecd1d,high_complexity_rotor,0.999999,True
21838_5bc448b4,high_complexity_rotor,6,21133_f9a1614e,symmetric_rotor,0.999999,False
21838_5bc448b4,high_complexity_rotor,7,21825_ce32b0a0,simple_rotor,0.999999,False
21838_5bc448b4,high_complexity_rotor,8,21839_a8eb6d34,high_complexity_rotor,0.999999,True
21838_5bc448b4,high_complexity_rotor,9,21831_54ca67d1,symmetric_rotor,0.999999,False
21838_5bc448b4,high_complexity_rotor,10,22080_594bcb66,symmetric_rotor,0.999999,False
20688_955aae0c,medium_rotor,1,20989_d1b8b0f8,medium_rotor,1.0,True
20688_955aae0c,medium_rotor,2,20899_a8d7c6d5,medium_rotor,1.0,True
20688_955aae0c,medium_rotor,3,22980_3cb3bcc8,medium_rotor,0.999997,True
20688_955aae0c,medium_rotor,4,23342_7193a931,simple_rotor,0.999997,False
20688_955aae0c,medium_rotor,5,20755_4b5e61bf,medium_rotor,0.999996,True
20688_955aae0c,medium_rotor,6,21244_d67bbabc,complex_assembly,0.99998,False
20688_955aae0c,medium_rotor,7,23218_02d26ab4,simple_rotor,0.999957,False
20688_955aae0c,medium_rotor,8,20892_b1f89c8d,medium_rotor,0.99995,True
20688_955aae0c,medium_rotor,9,23209_1592b0a4,simple_rotor,0.99995,False
20688_955aae0c,medium_rotor,10,23210_f535bfd2,simple_rotor,0.999931,False
20419_8ce893b6,symmetric_rotor,1,21840_6847d36c,symmetric_rotor,1.0,True
20419_8ce893b6,symmetric_rotor,2,21838_5bc448b4,high_complexity_rotor,1.0,False
20419_8ce893b6,symmetric_rotor,3,21828_21ab2114,symmetric_rotor,1.0,True
20419_8ce893b6,symmetric_rotor,4,22561_067b78ae,symmetric_rotor,0.999999,True
20419_8ce893b6,symmetric_rotor,5,21329_1bfecd1d,high_complexity_rotor,0.999999,False
20419_8ce893b6,symmetric_rotor,6,21133_f9a1614e,symmetric_rotor,0.999999,True
20419_8ce893b6,symmetric_rotor,7,21825_ce32b0a0,simple_rotor,0.999999,False
20419_8ce893b6,symmetric_rotor,8,21839_a8eb6d34,high_complexity_rotor,0.999999,False
20419_8ce893b6,symmetric_rotor,9,21831_54ca67d1,symmetric_rotor,0.999999,True
20419_8ce893b6,symmetric_rotor,10,22080_594bcb66,symmetric_rotor,0.999999,True
23495_6366269c,high_complexity_rotor,1,21989_a0b5037d,medium_rotor,0.999972,False
23495_6366269c,high_complexity_rotor,2,20746_57a7b346,high_complexity_rotor,0.999939,True
23495_6366269c,high_complexity_rotor,3,23026_e6f08109,medium_rotor,0.999833,False
23495_6366269c,high_complexity_rotor,4,20860_b8e9a191,medium_rotor,0.999786,False
23495_6366269c,high_complexity_rotor,5,22334_677d00e0,medium_rotor,0.999643,False
23495_6366269c,high_complexity_rotor,6,21282_b2d83538,medium_rotor,0.999158,False
23495_6366269c,high_complexity_rotor,7,22589_2c8f7c0b,simple_rotor,0.999153,False
23495_6366269c,high_complexity_rotor,8,23409_e27e3b8b,medium_rotor,0.999153,False
23495_6366269c,high_complexity_rotor,9,20229_d1ae2ae3,medium_rotor,0.999153,False
23495_6366269c,high_complexity_rotor,10,22891_b8c84495,simple_rotor,0.999153,False
22334_677d00e0,medium_rotor,1,23026_e6f08109,medium_rotor,0.999964,True
22334_677d00e0,medium_rotor,2,21282_b2d83538,medium_rotor,0.999898,True
22334_677d00e0,medium_rotor,3,20746_57a7b346,high_complexity_rotor,0.999877,False
22334_677d00e0,medium_rotor,4,21592_c5e77a82,medium_rotor,0.999735,True
22334_677d00e0,medium_rotor,5,23495_6366269c,high_complexity_rotor,0.999643,False
22334_677d00e0,medium_rotor,6,21989_a0b5037d,medium_rotor,0.999416,True
22334_677d00e0,medium_rotor,7,20544_43691724,high_complexity_rotor,0.999248,False
22334_677d00e0,medium_rotor,8,20858_15bdad00,medium_rotor,0.999139,True
22334_677d00e0,medium_rotor,9,20860_b8e9a191,medium_rotor,0.998877,True
22334_677d00e0,medium_rotor,10,23354_8182b4eb,medium_rotor,0.997696,True
20643_71ad3d26,high_complexity_rotor,1,20989_885bd9b9,simple_rotor,1.0,False
20643_71ad3d26,high_complexity_rotor,2,20989_a261efa3,simple_rotor,1.0,False
20643_71ad3d26,high_complexity_rotor,3,20990_0a226634,symmetric_rotor,1.0,False
20643_71ad3d26,high_complexity_rotor,4,21839_a8eb6d34,high_complexity_rotor,0.999999,True
20643_71ad3d26,high_complexity_rotor,5,22080_594bcb66,symmetric_rotor,0.999999,False
20643_71ad3d26,high_complexity_rotor,6,21831_54ca67d1,symmetric_rotor,0.999999,False
20643_71ad3d26,high_complexity_rotor,7,21133_f9a1614e,symmetric_rotor,0.999999,False
20643_71ad3d26,high_complexity_rotor,8,21825_ce32b0a0,simple_rotor,0.999999,False
20643_71ad3d26,high_complexity_rotor,9,21329_1bfecd1d,high_complexity_rotor,0.999999,True
20643_71ad3d26,high_complexity_rotor,10,21840_6847d36c,symmetric_rotor,0.999995,False
22839_113f2990,simple_rotor,1,20672_0bc07cce,simple_rotor,1.0,True
22839_113f2990,simple_rotor,2,20385_f2d30908,simple_rotor,1.0,True
22839_113f2990,simple_rotor,3,23502_5a80f907,medium_rotor,1.0,False
22839_113f2990,simple_rotor,4,23048_8a1a5553,high_complexity_rotor,1.0,False
22839_113f2990,simple_rotor,5,22528_f3370a64,high_complexity_rotor,1.0,False
22839_113f2990,simple_rotor,6,20322_5a8c6077,medium_rotor,1.0,False
22839_113f2990,simple_rotor,7,20231_f54462bb,simple_rotor,1.0,True
22839_113f2990,simple_rotor,8,21884_cc2c39f9,medium_rotor,1.0,False
22839_113f2990,simple_rotor,9,22405_20f11d58,high_complexity_rotor,1.0,False
22839_113f2990,simple_rotor,10,21274_2fb8c3f5,simple_rotor,1.0,True
20804_0dcacc66,simple_rotor,1,20672_0bc07cce,simple_rotor,1.0,True
20804_0dcacc66,simple_rotor,2,20385_f2d30908,simple_rotor,1.0,True
20804_0dcacc66,simple_rotor,3,23502_5a80f907,medium_rotor,1.0,False
20804_0dcacc66,simple_rotor,4,23048_8a1a5553,high_complexity_rotor,1.0,False
20804_0dcacc66,simple_rotor,5,22528_f3370a64,high_complexity_rotor,1.0,False
20804_0dcacc66,simple_rotor,6,20322_5a8c6077,medium_rotor,1.0,False
20804_0dcacc66,simple_rotor,7,20231_f54462bb,simple_rotor,1.0,True
20804_0dcacc66,simple_rotor,8,21884_cc2c39f9,medium_rotor,1.0,False
20804_0dcacc66,simple_rotor,9,22405_20f11d58,high_complexity_rotor,1.0,False
20804_0dcacc66,simple_rotor,10,21274_2fb8c3f5,simple_rotor,1.0,True
21353_4686c90c,simple_rotor,1,20672_0bc07cce,simple_rotor,1.0,True
21353_4686c90c,simple_rotor,2,20385_f2d30908,simple_rotor,1.0,True
21353_4686c90c,simple_rotor,3,23502_5a80f907,medium_rotor,1.0,False
21353_4686c90c,simple_rotor,4,23048_8a1a5553,high_complexity_rotor,1.0,False
21353_4686c90c,simple_rotor,5,22528_f3370a64,high_complexity_rotor,1.0,False
21353_4686c90c,simple_rotor,6,20322_5a8c6077,medium_rotor,1.0,False
21353_4686c90c,simple_rotor,7,20231_f54462bb,simple_rotor,1.0,True
21353_4686c90c,simple_rotor,8,21884_cc2c39f9,medium_rotor,1.0,False
21353_4686c90c,simple_rotor,9,22405_20f11d58,high_complexity_rotor,1.0,False
21353_4686c90c,simple_rotor,10,21274_2fb8c3f5,simple_rotor,1.0,True
23236_d5867507,simple_rotor,1,23210_f535bfd2,simple_rotor,1.0,True
23236_d5867507,simple_rotor,2,20232_e5b060d9,simple_rotor,1.0,True
23236_d5867507,simple_rotor,3,23132_1847c4ef,medium_rotor,1.0,False
23236_d5867507,simple_rotor,4,23218_02d26ab4,simple_rotor,0.999997,True
23236_d5867507,simple_rotor,5,21236_b696e901,complex_assembly,0.999991,False
23236_d5867507,simple_rotor,6,22341_0f9c52ed,medium_rotor,0.999987,False
23236_d5867507,simple_rotor,7,21421_fb12b69b,complex_assembly,0.999976,False
23236_d5867507,simple_rotor,8,22980_3cb3bcc8,medium_rotor,0.999956,False
23236_d5867507,simple_rotor,9,23342_7193a931,simple_rotor,0.999956,True
23236_d5867507,simple_rotor,10,21923_41fa6eda,medium_rotor,0.999946,False
22070_fd1b8e5e,high_complexity_rotor,1,20799_213bf924,high_complexity_rotor,1.0,True
22070_fd1b8e5e,high_complexity_rotor,2,22678_ff42f120,symmetric_rotor,0.999989,False
22070_fd1b8e5e,high_complexity_rotor,3,22417_4a15d62e,high_complexity_rotor,0.99998,True
22070_fd1b8e5e,high_complexity_rotor,4,21386_e234c6b6,symmetric_rotor,0.99998,False
22070_fd1b8e5e,high_complexity_rotor,5,22168_a84560a9,high_complexity_rotor,0.999976,True
22070_fd1b8e5e,high_complexity_rotor,6,22761_ca309655,symmetric_rotor,0.999976,False
22070_fd1b8e5e,high_complexity_rotor,7,22399_97987ada,symmetric_rotor,0.999969,False
22070_fd1b8e5e,high_complexity_rotor,8,21182_a480d230,high_complexity_rotor,0.999966,True
22070_fd1b8e5e,high_complexity_rotor,9,21849_a5f563a6,high_complexity_rotor,0.999966,True
22070_fd1b8e5e,high_complexity_rotor,10,21845_dff8b3a1,high_complexity_rotor,0.999957,True
20899_a8d7c6d5,medium_rotor,1,20989_d1b8b0f8,medium_rotor,1.0,True
20899_a8d7c6d5,medium_rotor,2,20688_955aae0c,medium_rotor,1.0,True
20899_a8d7c6d5,medium_rotor,3,22980_3cb3bcc8,medium_rotor,0.999999,True
20899_a8d7c6d5,medium_rotor,4,23342_7193a931,simple_rotor,0.999999,False
20899_a8d7c6d5,medium_rotor,5,20755_4b5e61bf,medium_rotor,0.999993,True
20899_a8d7c6d5,medium_rotor,6,21244_d67bbabc,complex_assembly,0.999975,False
20899_a8d7c6d5,medium_rotor,7,23218_02d26ab4,simple_rotor,0.999964,False
20899_a8d7c6d5,medium_rotor,8,23209_1592b0a4,simple_rotor,0.999941,False
20899_a8d7c6d5,medium_rotor,9,20892_b1f89c8d,medium_rotor,0.999941,True
20899_a8d7c6d5,medium_rotor,10,20232_e5b060d9,simple_rotor,0.99994,False
22415_658c81dd,complex_assembly,1,22717_08784417,complex_assembly,0.994121,True
22415_658c81dd,complex_assembly,2,21647_6b6cca6f,complex_assembly,0.992607,True
22415_658c81dd,complex_assembly,3,22306_c3dca308,complex_assembly,0.982874,True
22415_658c81dd,complex_assembly,4,23419_ea47995f,complex_assembly,0.981428,True
22415_658c81dd,complex_assembly,5,22211_b1ee53f0,complex_assembly,0.979163,True
22415_658c81dd,complex_assembly,6,23511_8651ac1f,high_complexity_rotor,0.979158,False
22415_658c81dd,complex_assembly,7,20546_87dbd755,complex_assembly,0.979024,True
22415_658c81dd,complex_assembly,8,22028_776fbf0d,complex_assembly,0.978385,True
22415_658c81dd,complex_assembly,9,23273_8f301ce3,complex_assembly,0.974308,True
22415_658c81dd,complex_assembly,10,22065_0d414124,complex_assembly,0.973312,True
20551_ff28a959,simple_rotor,1,22154_24342da4,simple_rotor,1.0,True
20551_ff28a959,simple_rotor,2,22216_4b032400,symmetric_rotor,1.0,False
20551_ff28a959,simple_rotor,3,20680_b095cb77,symmetric_rotor,1.0,False
20551_ff28a959,simple_rotor,4,20429_419c4cdd,simple_rotor,1.0,True
20551_ff28a959,simple_rotor,5,22140_9cda24cc,simple_rotor,1.0,True
20551_ff28a959,simple_rotor,6,22047_5a090f16,simple_rotor,1.0,True
20551_ff28a959,simple_rotor,7,21665_2e14b6ff,simple_rotor,1.0,True
20551_ff28a959,simple_rotor,8,22129_48b47c52,simple_rotor,1.0,True
20551_ff28a959,simple_rotor,9,20429_9dd95c38,simple_rotor,1.0,True
20551_ff28a959,simple_rotor,10,22886_a6331748,symmetric_rotor,1.0,False
23434_6635ed57,medium_rotor,1,20672_0bc07cce,simple_rotor,1.0,False
23434_6635ed57,medium_rotor,2,20385_f2d30908,simple_rotor,1.0,False
23434_6635ed57,medium_rotor,3,23502_5a80f907,medium_rotor,1.0,True
23434_6635ed57,medium_rotor,4,23048_8a1a5553,high_complexity_rotor,1.0,False
23434_6635ed57,medium_rotor,5,22528_f3370a64,high_complexity_rotor,1.0,False
23434_6635ed57,medium_rotor,6,20322_5a8c6077,medium_rotor,1.0,True
23434_6635ed57,medium_rotor,7,20231_f54462bb,simple_rotor,1.0,False
23434_6635ed57,medium_rotor,8,21884_cc2c39f9,medium_rotor,1.0,True
23434_6635ed57,medium_rotor,9,22405_20f11d58,high_complexity_rotor,1.0,False
23434_6635ed57,medium_rotor,10,21274_2fb8c3f5,simple_rotor,1.0,False
23320_e0711ae9,symmetric_rotor,1,21977_ce9f4e71,high_complexity_rotor,1.0,False
23320_e0711ae9,symmetric_rotor,2,21352_c1101acb,high_complexity_rotor,1.0,False
23320_e0711ae9,symmetric_rotor,3,22050_e8702dd4,symmetric_rotor,0.999999,True
23320_e0711ae9,symmetric_rotor,4,21551_c6c2d516,high_complexity_rotor,0.999977,False
23320_e0711ae9,symmetric_rotor,5,21384_b9774b93,simple_rotor,0.999977,False
23320_e0711ae9,symmetric_rotor,6,21490_d07ff9f8,symmetric_rotor,0.999976,True
23320_e0711ae9,symmetric_rotor,7,21467_67965037,symmetric_rotor,0.999976,True
23320_e0711ae9,symmetric_rotor,8,20609_69f28932,symmetric_rotor,0.999976,True
23320_e0711ae9,symmetric_rotor,9,22283_36ba29c9,simple_rotor,0.999976,False
23320_e0711ae9,symmetric_rotor,10,21603_98a15295,symmetric_rotor,0.999976,True
20892_b1f89c8d,medium_rotor,1,23209_1592b0a4,simple_rotor,1.0,False
20892_b1f89c8d,medium_rotor,2,20787_ed64ff5e,complex_assembly,0.999997,False
20892_b1f89c8d,medium_rotor,3,21244_d67bbabc,complex_assembly,0.999993,False
20892_b1f89c8d,medium_rotor,4,20755_4b5e61bf,medium_rotor,0.999974,True
20892_b1f89c8d,medium_rotor,5,22581_406c16c4,complex_assembly,0.999958,False
20892_b1f89c8d,medium_rotor,6,20688_955aae0c,medium_rotor,0.99995,True
20892_b1f89c8d,medium_rotor,7,20989_d1b8b0f8,medium_rotor,0.99995,True
20892_b1f89c8d,medium_rotor,8,20495_e8e7e80c,simple_rotor,0.999942,False
20892_b1f89c8d,medium_rotor,9,21626_b34008e6,medium_rotor,0.999942,True
20892_b1f89c8d,medium_rotor,10,21513_50fb4d62,medium_rotor,0.999942,True
21761_fdb5f86d,simple_rotor,1,20672_0bc07cce,simple_rotor,1.0,True
21761_fdb5f86d,simple_rotor,2,20385_f2d30908,simple_rotor,1.0,True
21761_fdb5f86d,simple_rotor,3,23502_5a80f907,medium_rotor,1.0,False
21761_fdb5f86d,simple_rotor,4,23048_8a1a5553,high_complexity_rotor,1.0,False
21761_fdb5f86d,simple_rotor,5,22528_f3370a64,high_complexity_rotor,1.0,False
21761_fdb5f86d,simple_rotor,6,20322_5a8c6077,medium_rotor,1.0,False
21761_fdb5f86d,simple_rotor,7,20231_f54462bb,simple_rotor,1.0,True
21761_fdb5f86d,simple_rotor,8,21884_cc2c39f9,medium_rotor,1.0,False
21761_fdb5f86d,simple_rotor,9,22405_20f11d58,high_complexity_rotor,1.0,False
21761_fdb5f86d,simple_rotor,10,21274_2fb8c3f5,simple_rotor,1.0,True
22778_7d85debd,medium_rotor,1,22981_93f268ae,simple_rotor,1.0,False
22778_7d85debd,medium_rotor,2,21545_4384f96e,complex_assembly,1.0,False
22778_7d85debd,medium_rotor,3,21582_a3d32115,complex_assembly,0.999999,False
22778_7d85debd,medium_rotor,4,21539_cfe1f7fd,medium_rotor,0.999999,True
22778_7d85debd,medium_rotor,5,23245_ccd099b6,medium_rotor,0.999995,True
22778_7d85debd,medium_rotor,6,22232_cb53774e,medium_rotor,0.999994,True
22778_7d85debd,medium_rotor,7,23235_f9ccb8b0,complex_assembly,0.999993,False
22778_7d85debd,medium_rotor,8,23194_b675acc0,simple_rotor,0.999982,False
22778_7d85debd,medium_rotor,9,20952_b8a54213,complex_assembly,0.999976,False
22778_7d85debd,medium_rotor,10,22266_078a1f68,medium_rotor,0.999973,True
20958_94222947,simple_rotor,1,20672_0bc07cce,simple_rotor,1.0,True
20958_94222947,simple_rotor,2,20385_f2d30908,simple_rotor,1.0,True
20958_94222947,simple_rotor,3,23502_5a80f907,medium_rotor,1.0,False
20958_94222947,simple_rotor,4,23048_8a1a5553,high_complexity_rotor,1.0,False
20958_94222947,simple_rotor,5,22528_f3370a64,high_complexity_rotor,1.0,False
20958_94222947,simple_rotor,6,20322_5a8c6077,medium_rotor,1.0,False
20958_94222947,simple_rotor,7,20231_f54462bb,simple_rotor,1.0,True
20958_94222947,simple_rotor,8,21884_cc2c39f9,medium_rotor,1.0,False
20958_94222947,simple_rotor,9,22405_20f11d58,high_complexity_rotor,1.0,False
20958_94222947,simple_rotor,10,21274_2fb8c3f5,simple_rotor,1.0,True
23006_92c5b990,simple_rotor,1,20672_0bc07cce,simple_rotor,1.0,True
23006_92c5b990,simple_rotor,2,20385_f2d30908,simple_rotor,1.0,True
23006_92c5b990,simple_rotor,3,23502_5a80f907,medium_rotor,1.0,False
23006_92c5b990,simple_rotor,4,23048_8a1a5553,high_complexity_rotor,1.0,False
23006_92c5b990,simple_rotor,5,22528_f3370a64,high_complexity_rotor,1.0,False
23006_92c5b990,simple_rotor,6,20322_5a8c6077,medium_rotor,1.0,False
23006_92c5b990,simple_rotor,7,20231_f54462bb,simple_rotor,1.0,True
23006_92c5b990,simple_rotor,8,21884_cc2c39f9,medium_rotor,1.0,False
23006_92c5b990,simple_rotor,9,22405_20f11d58,high_complexity_rotor,1.0,False
23006_92c5b990,simple_rotor,10,21274_2fb8c3f5,simple_rotor,1.0,True
20705_ac2a0325,simple_rotor,1,20672_0bc07cce,simple_rotor,1.0,True
20705_ac2a0325,simple_rotor,2,20385_f2d30908,simple_rotor,1.0,True
20705_ac2a0325,simple_rotor,3,23502_5a80f907,medium_rotor,1.0,False
20705_ac2a0325,simple_rotor,4,23048_8a1a5553,high_complexity_rotor,1.0,False
20705_ac2a0325,simple_rotor,5,22528_f3370a64,high_complexity_rotor,1.0,False
20705_ac2a0325,simple_rotor,6,20322_5a8c6077,medium_rotor,1.0,False
20705_ac2a0325,simple_rotor,7,20231_f54462bb,simple_rotor,1.0,True
20705_ac2a0325,simple_rotor,8,21884_cc2c39f9,medium_rotor,1.0,False
20705_ac2a0325,simple_rotor,9,22405_20f11d58,high_complexity_rotor,1.0,False
20705_ac2a0325,simple_rotor,10,21274_2fb8c3f5,simple_rotor,1.0,True
22919_3ee91d1a,medium_rotor,1,22474_b10fea1a,medium_rotor,0.999999,True
22919_3ee91d1a,medium_rotor,2,19051_26735260,high_complexity_rotor,0.999994,False
22919_3ee91d1a,medium_rotor,3,22535_0ba01cc9,complex_assembly,0.999991,False
22919_3ee91d1a,medium_rotor,4,20182_71b9e491,medium_rotor,0.99999,True
22919_3ee91d1a,medium_rotor,5,22062_2d6b3b72,medium_rotor,0.99999,True
22919_3ee91d1a,medium_rotor,6,20215_e2eb3082,medium_rotor,0.99999,True
22919_3ee91d1a,medium_rotor,7,22837_7644c972,simple_rotor,0.99999,False
22919_3ee91d1a,medium_rotor,8,21601_360ce1c7,medium_rotor,0.99999,True
22919_3ee91d1a,medium_rotor,9,22242_4ceddc2b,complex_assembly,0.99999,False
22919_3ee91d1a,medium_rotor,10,23211_3aac9c7e,simple_rotor,0.999975,False
23342_7193a931,simple_rotor,1,22980_3cb3bcc8,medium_rotor,1.0,False
23342_7193a931,simple_rotor,2,20899_a8d7c6d5,medium_rotor,0.999999,False
23342_7193a931,simple_rotor,3,20688_955aae0c,medium_rotor,0.999997,False
23342_7193a931,simple_rotor,4,20989_d1b8b0f8,medium_rotor,0.999997,False
23342_7193a931,simple_rotor,5,20755_4b5e61bf,medium_rotor,0.999987,False
23342_7193a931,simple_rotor,6,23218_02d26ab4,simple_rotor,0.999976,True
23342_7193a931,simple_rotor,7,21244_d67bbabc,complex_assembly,0.999963,False
23342_7193a931,simple_rotor,8,23236_d5867507,simple_rotor,0.999956,True
23342_7193a931,simple_rotor,9,20232_e5b060d9,simple_rotor,0.999956,True
23342_7193a931,simple_rotor,10,23210_f535bfd2,simple_rotor,0.999956,True
21563_c72d37a2,medium_rotor,1,20672_0bc07cce,simple_rotor,1.0,False
21563_c72d37a2,medium_rotor,2,20385_f2d30908,simple_rotor,1.0,False
21563_c72d37a2,medium_rotor,3,23502_5a80f907,medium_rotor,1.0,True
21563_c72d37a2,medium_rotor,4,23048_8a1a5553,high_complexity_rotor,1.0,False
21563_c72d37a2,medium_rotor,5,22528_f3370a64,high_complexity_rotor,1.0,False
21563_c72d37a2,medium_rotor,6,20322_5a8c6077,medium_rotor,1.0,True
21563_c72d37a2,medium_rotor,7,20231_f54462bb,simple_rotor,1.0,False
21563_c72d37a2,medium_rotor,8,21884_cc2c39f9,medium_rotor,1.0,True
21563_c72d37a2,medium_rotor,9,22405_20f11d58,high_complexity_rotor,1.0,False
21563_c72d37a2,medium_rotor,10,21274_2fb8c3f5,simple_rotor,1.0,False
23214_0c411aa1,medium_rotor,1,20672_0bc07cce,simple_rotor,1.0,False
23214_0c411aa1,medium_rotor,2,20385_f2d30908,simple_rotor,1.0,False
23214_0c411aa1,medium_rotor,3,23502_5a80f907,medium_rotor,1.0,True
23214_0c411aa1,medium_rotor,4,23048_8a1a5553,high_complexity_rotor,1.0,False
23214_0c411aa1,medium_rotor,5,22528_f3370a64,high_complexity_rotor,1.0,False
23214_0c411aa1,medium_rotor,6,20322_5a8c6077,medium_rotor,1.0,True
23214_0c411aa1,medium_rotor,7,20231_f54462bb,simple_rotor,1.0,False
23214_0c411aa1,medium_rotor,8,21884_cc2c39f9,medium_rotor,1.0,True
23214_0c411aa1,medium_rotor,9,22405_20f11d58,high_complexity_rotor,1.0,False
23214_0c411aa1,medium_rotor,10,21274_2fb8c3f5,simple_rotor,1.0,False
21619_19435db0,simple_rotor,1,20672_0bc07cce,simple_rotor,1.0,True
21619_19435db0,simple_rotor,2,20385_f2d30908,simple_rotor,1.0,True
21619_19435db0,simple_rotor,3,23502_5a80f907,medium_rotor,1.0,False
21619_19435db0,simple_rotor,4,23048_8a1a5553,high_complexity_rotor,1.0,False
21619_19435db0,simple_rotor,5,22528_f3370a64,high_complexity_rotor,1.0,False
21619_19435db0,simple_rotor,6,20322_5a8c6077,medium_rotor,1.0,False
21619_19435db0,simple_rotor,7,20231_f54462bb,simple_rotor,1.0,True
21619_19435db0,simple_rotor,8,21884_cc2c39f9,medium_rotor,1.0,False
21619_19435db0,simple_rotor,9,22405_20f11d58,high_complexity_rotor,1.0,False
21619_19435db0,simple_rotor,10,21274_2fb8c3f5,simple_rotor,1.0,True
22900_09de4c7a,high_complexity_rotor,1,20672_0bc07cce,simple_rotor,1.0,False
22900_09de4c7a,high_complexity_rotor,2,20385_f2d30908,simple_rotor,1.0,False
22900_09de4c7a,high_complexity_rotor,3,23502_5a80f907,medium_rotor,1.0,False
22900_09de4c7a,high_complexity_rotor,4,23048_8a1a5553,high_complexity_rotor,1.0,True
22900_09de4c7a,high_complexity_rotor,5,22528_f3370a64,high_complexity_rotor,1.0,True
22900_09de4c7a,high_complexity_rotor,6,20322_5a8c6077,medium_rotor,1.0,False
22900_09de4c7a,high_complexity_rotor,7,20231_f54462bb,simple_rotor,1.0,False
22900_09de4c7a,high_complexity_rotor,8,21884_cc2c39f9,medium_rotor,1.0,False
22900_09de4c7a,high_complexity_rotor,9,22405_20f11d58,high_complexity_rotor,1.0,True
22900_09de4c7a,high_complexity_rotor,10,21274_2fb8c3f5,simple_rotor,1.0,False
21570_9cb1d1c4,simple_rotor,1,20672_0bc07cce,simple_rotor,1.0,True
21570_9cb1d1c4,simple_rotor,2,20385_f2d30908,simple_rotor,1.0,True
21570_9cb1d1c4,simple_rotor,3,23502_5a80f907,medium_rotor,1.0,False
21570_9cb1d1c4,simple_rotor,4,23048_8a1a5553,high_complexity_rotor,1.0,False
21570_9cb1d1c4,simple_rotor,5,22528_f3370a64,high_complexity_rotor,1.0,False
21570_9cb1d1c4,simple_rotor,6,20322_5a8c6077,medium_rotor,1.0,False
21570_9cb1d1c4,simple_rotor,7,20231_f54462bb,simple_rotor,1.0,True
21570_9cb1d1c4,simple_rotor,8,21884_cc2c39f9,medium_rotor,1.0,False
21570_9cb1d1c4,simple_rotor,9,22405_20f11d58,high_complexity_rotor,1.0,False
21570_9cb1d1c4,simple_rotor,10,21274_2fb8c3f5,simple_rotor,1.0,True
21051_5d118b91,simple_rotor,1,20672_0bc07cce,simple_rotor,1.0,True
21051_5d118b91,simple_rotor,2,20385_f2d30908,simple_rotor,1.0,True
21051_5d118b91,simple_rotor,3,23502_5a80f907,medium_rotor,1.0,False
21051_5d118b91,simple_rotor,4,23048_8a1a5553,high_complexity_rotor,1.0,False
21051_5d118b91,simple_rotor,5,22528_f3370a64,high_complexity_rotor,1.0,False
21051_5d118b91,simple_rotor,6,20322_5a8c6077,medium_rotor,1.0,False
21051_5d118b91,simple_rotor,7,20231_f54462bb,simple_rotor,1.0,True
21051_5d118b91,simple_rotor,8,21884_cc2c39f9,medium_rotor,1.0,False
21051_5d118b91,simple_rotor,9,22405_20f11d58,high_complexity_rotor,1.0,False
21051_5d118b91,simple_rotor,10,21274_2fb8c3f5,simple_rotor,1.0,True
21614_5d6afa62,simple_rotor,1,20672_0bc07cce,simple_rotor,1.0,True
21614_5d6afa62,simple_rotor,2,20385_f2d30908,simple_rotor,1.0,True
21614_5d6afa62,simple_rotor,3,23502_5a80f907,medium_rotor,1.0,False
21614_5d6afa62,simple_rotor,4,23048_8a1a5553,high_complexity_rotor,1.0,False
21614_5d6afa62,simple_rotor,5,22528_f3370a64,high_complexity_rotor,1.0,False
21614_5d6afa62,simple_rotor,6,20322_5a8c6077,medium_rotor,1.0,False
21614_5d6afa62,simple_rotor,7,20231_f54462bb,simple_rotor,1.0,True
21614_5d6afa62,simple_rotor,8,21884_cc2c39f9,medium_rotor,1.0,False
21614_5d6afa62,simple_rotor,9,22405_20f11d58,high_complexity_rotor,1.0,False
21614_5d6afa62,simple_rotor,10,21274_2fb8c3f5,simple_rotor,1.0,True
21974_1997ebc3,medium_rotor,1,20672_0bc07cce,simple_rotor,1.0,False
21974_1997ebc3,medium_rotor,2,20385_f2d30908,simple_rotor,1.0,False
21974_1997ebc3,medium_rotor,3,23502_5a80f907,medium_rotor,1.0,True
21974_1997ebc3,medium_rotor,4,23048_8a1a5553,high_complexity_rotor,1.0,False
21974_1997ebc3,medium_rotor,5,22528_f3370a64,high_complexity_rotor,1.0,False
21974_1997ebc3,medium_rotor,6,20322_5a8c6077,medium_rotor,1.0,True
21974_1997ebc3,medium_rotor,7,20231_f54462bb,simple_rotor,1.0,False
21974_1997ebc3,medium_rotor,8,21884_cc2c39f9,medium_rotor,1.0,True
21974_1997ebc3,medium_rotor,9,22405_20f11d58,high_complexity_rotor,1.0,False
21974_1997ebc3,medium_rotor,10,21274_2fb8c3f5,simple_rotor,1.0,False
22652_dc7405ef,high_complexity_rotor,1,21797_69df08d5,high_complexity_rotor,0.999977,True
22652_dc7405ef,high_complexity_rotor,2,20502_58b65de9,symmetric_rotor,0.999973,False
22652_dc7405ef,high_complexity_rotor,3,21836_5bc91e49,symmetric_rotor,0.999833,False
22652_dc7405ef,high_complexity_rotor,4,22065_0d414124,complex_assembly,0.999646,False
22652_dc7405ef,high_complexity_rotor,5,20279_aed6b3b3,high_complexity_rotor,0.999631,True
22652_dc7405ef,high_complexity_rotor,6,21697_06656699,high_complexity_rotor,0.999623,True
22652_dc7405ef,high_complexity_rotor,7,20818_098cad7c,high_complexity_rotor,0.999555,True
22652_dc7405ef,high_complexity_rotor,8,22414_14ead4a3,symmetric_rotor,0.999544,False
22652_dc7405ef,high_complexity_rotor,9,23273_8f301ce3,complex_assembly,0.999445,False
22652_dc7405ef,high_complexity_rotor,10,21709_4dd88551,high_complexity_rotor,0.999422,True
20341_6a1588fb,simple_rotor,1,22377_d490f505,simple_rotor,1.0,True
20341_6a1588fb,simple_rotor,2,20340_86125547,simple_rotor,1.0,True
20341_6a1588fb,simple_rotor,3,20756_75f43564,simple_rotor,1.0,True
20341_6a1588fb,simple_rotor,4,20802_802b7d69,simple_rotor,1.0,True
20341_6a1588fb,simple_rotor,5,22374_aa5bb54d,simple_rotor,1.0,True
20341_6a1588fb,simple_rotor,6,20332_0c2a24aa,simple_rotor,1.0,True
20341_6a1588fb,simple_rotor,7,21590_7d092186,medium_rotor,1.0,False
20341_6a1588fb,simple_rotor,8,20803_473c87ac,simple_rotor,1.0,True
20341_6a1588fb,simple_rotor,9,20814_5a2be0fb,simple_rotor,1.0,True
20341_6a1588fb,simple_rotor,10,20994_9c88b1ba,simple_rotor,1.0,True
21426_51651a10,simple_rotor,1,20672_0bc07cce,simple_rotor,1.0,True
21426_51651a10,simple_rotor,2,20385_f2d30908,simple_rotor,1.0,True
21426_51651a10,simple_rotor,3,23502_5a80f907,medium_rotor,1.0,False
21426_51651a10,simple_rotor,4,23048_8a1a5553,high_complexity_rotor,1.0,False
21426_51651a10,simple_rotor,5,22528_f3370a64,high_complexity_rotor,1.0,False
21426_51651a10,simple_rotor,6,20322_5a8c6077,medium_rotor,1.0,False
21426_51651a10,simple_rotor,7,20231_f54462bb,simple_rotor,1.0,True
21426_51651a10,simple_rotor,8,21884_cc2c39f9,medium_rotor,1.0,False
21426_51651a10,simple_rotor,9,22405_20f11d58,high_complexity_rotor,1.0,False
21426_51651a10,simple_rotor,10,21274_2fb8c3f5,simple_rotor,1.0,True
22298_51433023,complex_assembly,1,21986_67c5509a,complex_assembly,1.0,True
22298_51433023,complex_assembly,2,23039_b3d04774,simple_rotor,0.999998,False
22298_51433023,complex_assembly,3,22747_3f6faf4c,simple_rotor,0.999998,False
22298_51433023,complex_assembly,4,20421_83f66ddc,medium_rotor,0.999998,False
22298_51433023,complex_assembly,5,21745_56cbe841,medium_rotor,0.999998,False
22298_51433023,complex_assembly,6,20421_49bd1188,medium_rotor,0.999998,False
22298_51433023,complex_assembly,7,22228_1c82530b,medium_rotor,0.999993,False
22298_51433023,complex_assembly,8,23235_f9ccb8b0,complex_assembly,0.999965,True
22298_51433023,complex_assembly,9,23245_ccd099b6,medium_rotor,0.999959,False
22298_51433023,complex_assembly,10,21582_a3d32115,complex_assembly,0.999942,True
22491_a33562ad,complex_assembly,1,19518_f220b68a,simple_rotor,1.0,False
22491_a33562ad,complex_assembly,2,22534_e899f645,medium_rotor,1.0,False
22491_a33562ad,complex_assembly,3,20478_c02790cb,simple_rotor,1.0,False
22491_a33562ad,complex_assembly,4,22196_e5bf8c9d,medium_rotor,1.0,False
22491_a33562ad,complex_assembly,5,22011_0832eefe,medium_rotor,1.0,False
22491_a33562ad,complex_assembly,6,21275_c8049742,medium_rotor,1.0,False
22491_a33562ad,complex_assembly,7,21737_87d83240,medium_rotor,1.0,False
22491_a33562ad,complex_assembly,8,20188_98b86c0f,simple_rotor,1.0,False
22491_a33562ad,complex_assembly,9,22729_232da678,medium_rotor,1.0,False
22491_a33562ad,complex_assembly,10,21469_abec26c4,simple_rotor,1.0,False
20421_0fd51709,high_complexity_rotor,1,21961_1a090a8b,symmetric_rotor,1.0,False
20421_0fd51709,high_complexity_rotor,2,22893_eb8aa8ac,high_complexity_rotor,1.0,True
20421_0fd51709,high_complexity_rotor,3,20731_fbdc7731,simple_rotor,1.0,False
20421_0fd51709,high_complexity_rotor,4,22416_4cd31921,high_complexity_rotor,1.0,True
20421_0fd51709,high_complexity_rotor,5,20237_06b27bf5,symmetric_rotor,1.0,False
20421_0fd51709,high_complexity_rotor,6,22026_62afa265,simple_rotor,1.0,False
20421_0fd51709,high_complexity_rotor,7,22365_a4eb929c,symmetric_rotor,1.0,False
20421_0fd51709,high_complexity_rotor,8,21248_0a862e3e,symmetric_rotor,1.0,False
20421_0fd51709,high_complexity_rotor,9,22892_68138f24,symmetric_rotor,1.0,False
20421_0fd51709,high_complexity_rotor,10,22367_b4a67e61,simple_rotor,1.0,False
23136_2b469508,simple_rotor,1,22082_39503fa6,medium_rotor,0.999999,False
23136_2b469508,simple_rotor,2,22035_101c7ab4,medium_rotor,0.999991,False
23136_2b469508,simple_rotor,3,23144_88ca00a5,complex_assembly,0.999989,False
23136_2b469508,simple_rotor,4,23028_2ca87745,medium_rotor,0.999975,False
23136_2b469508,simple_rotor,5,20163_3742f394,medium_rotor,0.999769,False
23136_2b469508,simple_rotor,6,21351_675c66b1,complex_assembly,0.99903,False
23136_2b469508,simple_rotor,7,21391_78fc6345,simple_rotor,0.9987,True
23136_2b469508,simple_rotor,8,22021_520ec8c3,medium_rotor,0.9987,False
23136_2b469508,simple_rotor,9,21008_a3fec63b,medium_rotor,0.9987,False
23136_2b469508,simple_rotor,10,21580_b8b2571b,high_complexity_rotor,0.998501,False
23168_7fdf5427,high_complexity_rotor,1,21685_93737a7a,high_complexity_rotor,0.999999,True
23168_7fdf5427,high_complexity_rotor,2,20991_6795af4f,high_complexity_rotor,0.99998,True
23168_7fdf5427,high_complexity_rotor,3,21990_7bb6efcf,simple_rotor,0.99998,False
23168_7fdf5427,high_complexity_rotor,4,23217_7c6062e3,high_complexity_rotor,0.999969,True
23168_7fdf5427,high_complexity_rotor,5,20745_3e22ad07,high_complexity_rotor,0.999969,True
23168_7fdf5427,high_complexity_rotor,6,21300_ec7da33e,high_complexity_rotor,0.999956,True
23168_7fdf5427,high_complexity_rotor,7,23377_690165aa,high_complexity_rotor,0.999933,True
23168_7fdf5427,high_complexity_rotor,8,20792_d2ea0500,symmetric_rotor,0.9999,False
23168_7fdf5427,high_complexity_rotor,9,22278_12f1fb79,high_complexity_rotor,0.99985,True
23168_7fdf5427,high_complexity_rotor,10,23378_8d6426ae,high_complexity_rotor,0.999736,True
20841_1620ae7d,simple_rotor,1,22078_1758e9fc,medium_rotor,1.0,False
20841_1620ae7d,simple_rotor,2,22017_6d3be48d,medium_rotor,1.0,False
20841_1620ae7d,simple_rotor,3,23162_7e2f3d77,complex_assembly,1.0,False
20841_1620ae7d,simple_rotor,4,21424_9d516e3a,medium_rotor,1.0,False
20841_1620ae7d,simple_rotor,5,22014_5880c417,simple_rotor,1.0,True
20841_1620ae7d,simple_rotor,6,23374_57cca189,medium_rotor,1.0,False
20841_1620ae7d,simple_rotor,7,22862_f5406bb0,simple_rotor,1.0,True
20841_1620ae7d,simple_rotor,8,21357_9edfc0a0,simple_rotor,1.0,True
20841_1620ae7d,simple_rotor,9,23305_2662b29a,medium_rotor,0.999953,False
20841_1620ae7d,simple_rotor,10,21351_675c66b1,complex_assembly,0.999853,False
20216_89b90993,simple_rotor,1,20682_e208cc63,symmetric_rotor,1.0,False
20216_89b90993,simple_rotor,2,20807_88c198d5,simple_rotor,1.0,True
20216_89b90993,simple_rotor,3,22057_4947db57,symmetric_rotor,1.0,False
20216_89b90993,simple_rotor,4,22762_dcbdd14d,symmetric_rotor,1.0,False
20216_89b90993,simple_rotor,5,23101_6aec02ee,high_complexity_rotor,1.0,False
20216_89b90993,simple_rotor,6,20451_557fe5cd,simple_rotor,1.0,True
20216_89b90993,simple_rotor,7,20451_84d8b290,simple_rotor,1.0,True
20216_89b90993,simple_rotor,8,20477_633cca4f,high_complexity_rotor,1.0,False
20216_89b90993,simple_rotor,9,20926_4c0f33f6,symmetric_rotor,1.0,False
20216_89b90993,simple_rotor,10,20620_8a5226b4,high_complexity_rotor,1.0,False
20157_db99ab88,medium_rotor,1,20260_4a01a99d,high_complexity_rotor,1.0,False
20157_db99ab88,medium_rotor,2,20431_0088a0dd,medium_rotor,1.0,True
20157_db99ab88,medium_rotor,3,20430_975b8dcf,high_complexity_rotor,0.999993,False
20157_db99ab88,medium_rotor,4,21164_de08f61e,medium_rotor,0.99998,True
20157_db99ab88,medium_rotor,5,22079_31335df2,complex_assembly,0.999975,False
20157_db99ab88,medium_rotor,6,21708_e61bd657,complex_assembly,0.999965,False
20157_db99ab88,medium_rotor,7,22630_b6010fff,medium_rotor,0.999949,True
20157_db99ab88,medium_rotor,8,21069_508a9947,complex_assembly,0.99979,False
20157_db99ab88,medium_rotor,9,21700_28d193ac,high_complexity_rotor,0.999717,False
20157_db99ab88,medium_rotor,10,21656_964b0c84,high_complexity_rotor,0.999467,False
21329_1bfecd1d,high_complexity_rotor,1,21839_a8eb6d34,high_complexity_rotor,1.0,True
21329_1bfecd1d,high_complexity_rotor,2,21825_ce32b0a0,simple_rotor,1.0,False
21329_1bfecd1d,high_complexity_rotor,3,22080_594bcb66,symmetric_rotor,1.0,False
21329_1bfecd1d,high_complexity_rotor,4,21133_f9a1614e,symmetric_rotor,1.0,False
21329_1bfecd1d,high_complexity_rotor,5,21831_54ca67d1,symmetric_rotor,1.0,False
21329_1bfecd1d,high_complexity_rotor,6,21840_6847d36c,symmetric_rotor,0.999999,False
21329_1bfecd1d,high_complexity_rotor,7,20419_8ce893b6,symmetric_rotor,0.999999,False
21329_1bfecd1d,high_complexity_rotor,8,21838_5bc448b4,high_complexity_rotor,0.999999,True
21329_1bfecd1d,high_complexity_rotor,9,21828_21ab2114,symmetric_rotor,0.999999,False
21329_1bfecd1d,high_complexity_rotor,10,20989_a261efa3,simple_rotor,0.999999,False
23403_e539620b,simple_rotor,1,20672_0bc07cce,simple_rotor,1.0,True
23403_e539620b,simple_rotor,2,20385_f2d30908,simple_rotor,1.0,True
23403_e539620b,simple_rotor,3,23502_5a80f907,medium_rotor,1.0,False
23403_e539620b,simple_rotor,4,23048_8a1a5553,high_complexity_rotor,1.0,False
23403_e539620b,simple_rotor,5,22528_f3370a64,high_complexity_rotor,1.0,False
23403_e539620b,simple_rotor,6,20322_5a8c6077,medium_rotor,1.0,False
23403_e539620b,simple_rotor,7,20231_f54462bb,simple_rotor,1.0,True
23403_e539620b,simple_rotor,8,21884_cc2c39f9,medium_rotor,1.0,False
23403_e539620b,simple_rotor,9,22405_20f11d58,high_complexity_rotor,1.0,False
23403_e539620b,simple_rotor,10,21274_2fb8c3f5,simple_rotor,1.0,True
22074_c0265b0d,medium_rotor,1,20672_0bc07cce,simple_rotor,1.0,False
22074_c0265b0d,medium_rotor,2,20385_f2d30908,simple_rotor,1.0,False
22074_c0265b0d,medium_rotor,3,23502_5a80f907,medium_rotor,1.0,True
22074_c0265b0d,medium_rotor,4,23048_8a1a5553,high_complexity_rotor,1.0,False
22074_c0265b0d,medium_rotor,5,22528_f3370a64,high_complexity_rotor,1.0,False
22074_c0265b0d,medium_rotor,6,20322_5a8c6077,medium_rotor,1.0,True
22074_c0265b0d,medium_rotor,7,20231_f54462bb,simple_rotor,1.0,False
22074_c0265b0d,medium_rotor,8,21884_cc2c39f9,medium_rotor,1.0,True
22074_c0265b0d,medium_rotor,9,22405_20f11d58,high_complexity_rotor,1.0,False
22074_c0265b0d,medium_rotor,10,21274_2fb8c3f5,simple_rotor,1.0,False
21281_6e562106,medium_rotor,1,20672_0bc07cce,simple_rotor,1.0,False
21281_6e562106,medium_rotor,2,20385_f2d30908,simple_rotor,1.0,False
21281_6e562106,medium_rotor,3,23502_5a80f907,medium_rotor,1.0,True
21281_6e562106,medium_rotor,4,23048_8a1a5553,high_complexity_rotor,1.0,False
21281_6e562106,medium_rotor,5,22528_f3370a64,high_complexity_rotor,1.0,False
21281_6e562106,medium_rotor,6,20322_5a8c6077,medium_rotor,1.0,True
21281_6e562106,medium_rotor,7,20231_f54462bb,simple_rotor,1.0,False
21281_6e562106,medium_rotor,8,21884_cc2c39f9,medium_rotor,1.0,True
21281_6e562106,medium_rotor,9,22405_20f11d58,high_complexity_rotor,1.0,False
21281_6e562106,medium_rotor,10,21274_2fb8c3f5,simple_rotor,1.0,False
21793_4ad5e2c0,simple_rotor,1,20672_0bc07cce,simple_rotor,1.0,True
21793_4ad5e2c0,simple_rotor,2,20385_f2d30908,simple_rotor,1.0,True
21793_4ad5e2c0,simple_rotor,3,23502_5a80f907,medium_rotor,1.0,False
21793_4ad5e2c0,simple_rotor,4,23048_8a1a5553,high_complexity_rotor,1.0,False
21793_4ad5e2c0,simple_rotor,5,22528_f3370a64,high_complexity_rotor,1.0,False
21793_4ad5e2c0,simple_rotor,6,20322_5a8c6077,medium_rotor,1.0,False
21793_4ad5e2c0,simple_rotor,7,20231_f54462bb,simple_rotor,1.0,True
21793_4ad5e2c0,simple_rotor,8,21884_cc2c39f9,medium_rotor,1.0,False
21793_4ad5e2c0,simple_rotor,9,22405_20f11d58,high_complexity_rotor,1.0,False
21793_4ad5e2c0,simple_rotor,10,21274_2fb8c3f5,simple_rotor,1.0,True
20319_9f53cd7c,medium_rotor,1,23195_2629864e,complex_assembly,0.999997,False
20319_9f53cd7c,medium_rotor,2,22413_901f5867,complex_assembly,0.99999,False
20319_9f53cd7c,medium_rotor,3,23176_1bf2a2d5,medium_rotor,0.999989,True
20319_9f53cd7c,medium_rotor,4,22072_5163223a,medium_rotor,0.999958,True
20319_9f53cd7c,medium_rotor,5,20182_71b9e491,medium_rotor,0.999934,True
20319_9f53cd7c,medium_rotor,6,22062_2d6b3b72,medium_rotor,0.999934,True
20319_9f53cd7c,medium_rotor,7,20215_e2eb3082,medium_rotor,0.999934,True
20319_9f53cd7c,medium_rotor,8,21601_360ce1c7,medium_rotor,0.999934,True
20319_9f53cd7c,medium_rotor,9,22837_7644c972,simple_rotor,0.999934,False
20319_9f53cd7c,medium_rotor,10,22242_4ceddc2b,complex_assembly,0.999934,False
23387_c4aa9424,simple_rotor,1,20672_0bc07cce,simple_rotor,1.0,True
23387_c4aa9424,simple_rotor,2,20385_f2d30908,simple_rotor,1.0,True
23387_c4aa9424,simple_rotor,3,23502_5a80f907,medium_rotor,1.0,False
23387_c4aa9424,simple_rotor,4,23048_8a1a5553,high_complexity_rotor,1.0,False
23387_c4aa9424,simple_rotor,5,22528_f3370a64,high_complexity_rotor,1.0,False
23387_c4aa9424,simple_rotor,6,20322_5a8c6077,medium_rotor,1.0,False
23387_c4aa9424,simple_rotor,7,20231_f54462bb,simple_rotor,1.0,True
23387_c4aa9424,simple_rotor,8,21884_cc2c39f9,medium_rotor,1.0,False
23387_c4aa9424,simple_rotor,9,22405_20f11d58,high_complexity_rotor,1.0,False
23387_c4aa9424,simple_rotor,10,21274_2fb8c3f5,simple_rotor,1.0,True
22892_68138f24,symmetric_rotor,1,21961_1a090a8b,symmetric_rotor,1.0,True
22892_68138f24,symmetric_rotor,2,22893_eb8aa8ac,high_complexity_rotor,1.0,False
22892_68138f24,symmetric_rotor,3,20731_fbdc7731,simple_rotor,1.0,False
22892_68138f24,symmetric_rotor,4,22416_4cd31921,high_complexity_rotor,1.0,False
22892_68138f24,symmetric_rotor,5,20237_06b27bf5,symmetric_rotor,1.0,True
22892_68138f24,symmetric_rotor,6,22026_62afa265,simple_rotor,1.0,False
22892_68138f24,symmetric_rotor,7,22365_a4eb929c,symmetric_rotor,1.0,True
22892_68138f24,symmetric_rotor,8,21248_0a862e3e,symmetric_rotor,1.0,True
22892_68138f24,symmetric_rotor,9,20421_0fd51709,high_complexity_rotor,1.0,False
22892_68138f24,symmetric_rotor,10,22367_b4a67e61,simple_rotor,1.0,False
21300_ec7da33e,high_complexity_rotor,1,20991_6795af4f,high_complexity_rotor,0.999995,True
21300_ec7da33e,high_complexity_rotor,2,20792_d2ea0500,symmetric_rotor,0.999989,False
21300_ec7da33e,high_complexity_rotor,3,21685_93737a7a,high_complexity_rotor,0.999969,True
21300_ec7da33e,high_complexity_rotor,4,23168_7fdf5427,high_complexity_rotor,0.999956,True
21300_ec7da33e,high_complexity_rotor,5,23378_8d6426ae,high_complexity_rotor,0.999899,True
21300_ec7da33e,high_complexity_rotor,6,21990_7bb6efcf,simple_rotor,0.999877,False
21300_ec7da33e,high_complexity_rotor,7,22428_c1ffa51a,high_complexity_rotor,0.999855,True
21300_ec7da33e,high_complexity_rotor,8,23217_7c6062e3,high_complexity_rotor,0.999851,True
21300_ec7da33e,high_complexity_rotor,9,20745_3e22ad07,high_complexity_rotor,0.999851,True
21300_ec7da33e,high_complexity_rotor,10,23377_690165aa,high_complexity_rotor,0.9998,True
21805_2ba39d00,high_complexity_rotor,1,23467_9f431540,high_complexity_rotor,1.0,True
21805_2ba39d00,high_complexity_rotor,2,23127_38d73061,symmetric_rotor,0.999999,False
21805_2ba39d00,high_complexity_rotor,3,20758_cdccf572,simple_rotor,0.999977,False
21805_2ba39d00,high_complexity_rotor,4,23309_76dcf100,high_complexity_rotor,0.999976,True
21805_2ba39d00,high_complexity_rotor,5,21204_96d26a7f,high_complexity_rotor,0.999976,True
21805_2ba39d00,high_complexity_rotor,6,20737_5249e274,high_complexity_rotor,0.999976,True
21805_2ba39d00,high_complexity_rotor,7,20970_d20c6c35,symmetric_rotor,0.999976,False
21805_2ba39d00,high_complexity_rotor,8,21511_d07c59c2,high_complexity_rotor,0.999972,True
21805_2ba39d00,high_complexity_rotor,9,23221_42f37ae3,symmetric_rotor,0.999933,False
21805_2ba39d00,high_complexity_rotor,10,22894_5f7c276d,high_complexity_rotor,0.999908,True
22442_7d5c5d5f,high_complexity_rotor,1,20431_27e7f151,medium_rotor,1.0,False
22442_7d5c5d5f,high_complexity_rotor,2,21719_d60b8a4a,medium_rotor,0.999594,False
22442_7d5c5d5f,high_complexity_rotor,3,22681_124bf3a9,medium_rotor,0.999594,False
22442_7d5c5d5f,high_complexity_rotor,4,20533_0a3e112b,high_complexity_rotor,0.999408,True
22442_7d5c5d5f,high_complexity_rotor,5,20622_38dd90d0,high_complexity_rotor,0.999011,True
22442_7d5c5d5f,high_complexity_rotor,6,20722_90d46353,medium_rotor,0.998088,False
22442_7d5c5d5f,high_complexity_rotor,7,21837_b67d788c,medium_rotor,0.997908,False
22442_7d5c5d5f,high_complexity_rotor,8,20628_e0551f7c,medium_rotor,0.996699,False
22442_7d5c5d5f,high_complexity_rotor,9,23158_c7e753c2,simple_rotor,0.995392,False
22442_7d5c5d5f,high_complexity_rotor,10,20351_dc6e4e1e,complex_assembly,0.99424,False
21009_907a2a95,medium_rotor,1,21912_3f74887c,medium_rotor,1.0,True
21009_907a2a95,medium_rotor,2,21528_a5d5490f,medium_rotor,1.0,True
21009_907a2a95,medium_rotor,3,22776_facf9bcf,medium_rotor,1.0,True
21009_907a2a95,medium_rotor,4,22126_e1cca10f,medium_rotor,0.999999,True
21009_907a2a95,medium_rotor,5,20176_a02bde39,medium_rotor,0.999999,True
21009_907a2a95,medium_rotor,6,22002_315afcfc,medium_rotor,0.999998,True
21009_907a2a95,medium_rotor,7,23493_57512264,medium_rotor,0.999998,True
21009_907a2a95,medium_rotor,8,21918_976c2754,high_complexity_rotor,0.999998,False
21009_907a2a95,medium_rotor,9,22199_8ec9eeb2,medium_rotor,0.999998,True
21009_907a2a95,medium_rotor,10,23363_60e39812,medium_rotor,0.999997,True
21806_616e985a,simple_rotor,1,20672_0bc07cce,simple_rotor,1.0,True
21806_616e985a,simple_rotor,2,20385_f2d30908,simple_rotor,1.0,True
21806_616e985a,simple_rotor,3,23502_5a80f907,medium_rotor,1.0,False
21806_616e985a,simple_rotor,4,23048_8a1a5553,high_complexity_rotor,1.0,False
21806_616e985a,simple_rotor,5,22528_f3370a64,high_complexity_rotor,1.0,False
21806_616e985a,simple_rotor,6,20322_5a8c6077,medium_rotor,1.0,False
21806_616e985a,simple_rotor,7,20231_f54462bb,simple_rotor,1.0,True
21806_616e985a,simple_rotor,8,21884_cc2c39f9,medium_rotor,1.0,False
21806_616e985a,simple_rotor,9,22405_20f11d58,high_complexity_rotor,1.0,False
21806_616e985a,simple_rotor,10,21274_2fb8c3f5,simple_rotor,1.0,True
21352_d60bc953,complex_assembly,1,21979_29f59427,high_complexity_rotor,1.0,False
21352_d60bc953,complex_assembly,2,21552_4e9c19b1,medium_rotor,1.0,False
21352_d60bc953,complex_assembly,3,21941_1a683ec2,complex_assembly,0.999763,True
21352_d60bc953,complex_assembly,4,21718_1551037b,complex_assembly,0.999758,True
21352_d60bc953,complex_assembly,5,22378_234fea2c,simple_rotor,0.999598,False
21352_d60bc953,complex_assembly,6,23226_8d1b5098,complex_assembly,0.999598,True
21352_d60bc953,complex_assembly,7,23215_08a54de0,simple_rotor,0.999598,False
21352_d60bc953,complex_assembly,8,20186_f66e4ad3,simple_rotor,0.999598,False
21352_d60bc953,complex_assembly,9,20671_33532794,simple_rotor,0.999598,False
21352_d60bc953,complex_assembly,10,22227_aca28ff2,simple_rotor,0.999598,False
22886_a6331748,symmetric_rotor,1,22154_24342da4,simple_rotor,1.0,False
22886_a6331748,symmetric_rotor,2,22047_5a090f16,simple_rotor,1.0,False
22886_a6331748,symmetric_rotor,3,20551_ff28a959,simple_rotor,1.0,False
22886_a6331748,symmetric_rotor,4,22140_9cda24cc,simple_rotor,1.0,False
22886_a6331748,symmetric_rotor,5,23102_211ad1db,symmetric_rotor,1.0,True
22886_a6331748,symmetric_rotor,6,20429_419c4cdd,simple_rotor,1.0,False
22886_a6331748,symmetric_rotor,7,20680_b095cb77,symmetric_rotor,1.0,True
22886_a6331748,symmetric_rotor,8,22129_48b47c52,simple_rotor,1.0,False
22886_a6331748,symmetric_rotor,9,21665_2e14b6ff,simple_rotor,1.0,False
22886_a6331748,symmetric_rotor,10,22576_d05619d1,high_complexity_rotor,1.0,False
22142_7891a26a,simple_rotor,1,20672_0bc07cce,simple_rotor,1.0,True
22142_7891a26a,simple_rotor,2,20385_f2d30908,simple_rotor,1.0,True
22142_7891a26a,simple_rotor,3,23502_5a80f907,medium_rotor,1.0,False
22142_7891a26a,simple_rotor,4,23048_8a1a5553,high_complexity_rotor,1.0,False
22142_7891a26a,simple_rotor,5,22528_f3370a64,high_complexity_rotor,1.0,False
22142_7891a26a,simple_rotor,6,20322_5a8c6077,medium_rotor,1.0,False
22142_7891a26a,simple_rotor,7,20231_f54462bb,simple_rotor,1.0,True
22142_7891a26a,simple_rotor,8,21884_cc2c39f9,medium_rotor,1.0,False
22142_7891a26a,simple_rotor,9,22405_20f11d58,high_complexity_rotor,1.0,False
22142_7891a26a,simple_rotor,10,21274_2fb8c3f5,simple_rotor,1.0,True
22331_152ee5c0,high_complexity_rotor,1,22236_db209dff,simple_rotor,0.999999,False
22331_152ee5c0,high_complexity_rotor,2,21478_8fbd4409,symmetric_rotor,0.999999,False
22331_152ee5c0,high_complexity_rotor,3,21037_62248d34,symmetric_rotor,0.999999,False
22331_152ee5c0,high_complexity_rotor,4,20384_767d849a,simple_rotor,0.999999,False
22331_152ee5c0,high_complexity_rotor,5,22049_4da0d894,symmetric_rotor,0.999995,False
22331_152ee5c0,high_complexity_rotor,6,21448_5646a1b6,simple_rotor,0.99998,False
22331_152ee5c0,high_complexity_rotor,7,20990_0a226634,symmetric_rotor,0.999977,False
22331_152ee5c0,high_complexity_rotor,8,20989_a261efa3,simple_rotor,0.999977,False
22331_152ee5c0,high_complexity_rotor,9,20989_885bd9b9,simple_rotor,0.999977,False
22331_152ee5c0,high_complexity_rotor,10,20643_71ad3d26,high_complexity_rotor,0.999977,True
23128_cb135b1b,medium_rotor,1,20672_0bc07cce,simple_rotor,1.0,False
23128_cb135b1b,medium_rotor,2,20385_f2d30908,simple_rotor,1.0,False
23128_cb135b1b,medium_rotor,3,23502_5a80f907,medium_rotor,1.0,True
23128_cb135b1b,medium_rotor,4,23048_8a1a5553,high_complexity_rotor,1.0,False
23128_cb135b1b,medium_rotor,5,22528_f3370a64,high_complexity_rotor,1.0,False
23128_cb135b1b,medium_rotor,6,20322_5a8c6077,medium_rotor,1.0,True
23128_cb135b1b,medium_rotor,7,20231_f54462bb,simple_rotor,1.0,False
23128_cb135b1b,medium_rotor,8,21884_cc2c39f9,medium_rotor,1.0,True
23128_cb135b1b,medium_rotor,9,22405_20f11d58,high_complexity_rotor,1.0,False
23128_cb135b1b,medium_rotor,10,21274_2fb8c3f5,simple_rotor,1.0,False
22653_58d6287d,simple_rotor,1,20672_0bc07cce,simple_rotor,1.0,True
22653_58d6287d,simple_rotor,2,20385_f2d30908,simple_rotor,1.0,True
22653_58d6287d,simple_rotor,3,23502_5a80f907,medium_rotor,1.0,False
22653_58d6287d,simple_rotor,4,23048_8a1a5553,high_complexity_rotor,1.0,False
22653_58d6287d,simple_rotor,5,22528_f3370a64,high_complexity_rotor,1.0,False
22653_58d6287d,simple_rotor,6,20322_5a8c6077,medium_rotor,1.0,False
22653_58d6287d,simple_rotor,7,20231_f54462bb,simple_rotor,1.0,True
22653_58d6287d,simple_rotor,8,21884_cc2c39f9,medium_rotor,1.0,False
22653_58d6287d,simple_rotor,9,22405_20f11d58,high_complexity_rotor,1.0,False
22653_58d6287d,simple_rotor,10,21274_2fb8c3f5,simple_rotor,1.0,True
23368_648717d8,medium_rotor,1,7778_3a9748b3,complex_assembly,0.999993,False
23368_648717d8,medium_rotor,2,22987_37973191,medium_rotor,0.999459,True
23368_648717d8,medium_rotor,3,23204_ff1672a9,complex_assembly,0.998838,False
23368_648717d8,medium_rotor,4,23331_192866b6,medium_rotor,0.998191,True
23368_648717d8,medium_rotor,5,23376_9b48819a,high_complexity_rotor,0.997832,False
23368_648717d8,medium_rotor,6,23413_6702ec7f,medium_rotor,0.997675,True
23368_648717d8,medium_rotor,7,21153_a2fb81fe,high_complexity_rotor,0.997675,False
23368_648717d8,medium_rotor,8,19566_19d85d3b,high_complexity_rotor,0.997675,False
23368_648717d8,medium_rotor,9,22832_731d3b9f,medium_rotor,0.997221,True
23368_648717d8,medium_rotor,10,22372_e91792a1,medium_rotor,0.997221,True
23501_6c48b3c1,medium_rotor,1,22827_f33929ec,high_complexity_rotor,1.0,False
23501_6c48b3c1,medium_rotor,2,22081_ab3124af,high_complexity_rotor,0.999996,False
23501_6c48b3c1,medium_rotor,3,21429_6d2d3974,medium_rotor,0.999985,True
23501_6c48b3c1,medium_rotor,4,20870_dedaef5b,high_complexity_rotor,0.999814,False
23501_6c48b3c1,medium_rotor,5,21092_32622a83,medium_rotor,0.999641,True
23501_6c48b3c1,medium_rotor,6,21991_ab98f156,high_complexity_rotor,0.99946,False
23501_6c48b3c1,medium_rotor,7,20246_40be7668,complex_assembly,0.999244,False
23501_6c48b3c1,medium_rotor,8,20858_15bdad00,medium_rotor,0.998851,True
23501_6c48b3c1,medium_rotor,9,20544_43691724,high_complexity_rotor,0.998717,False
23501_6c48b3c1,medium_rotor,10,21592_c5e77a82,medium_rotor,0.997793,True
21024_9be3d461,high_complexity_rotor,1,22043_041e1b7c,simple_rotor,1.0,False
21024_9be3d461,high_complexity_rotor,2,20285_b64b1a7e,medium_rotor,1.0,False
21024_9be3d461,high_complexity_rotor,3,22270_c6999138,simple_rotor,1.0,False
21024_9be3d461,high_complexity_rotor,4,22061_b50b6b66,medium_rotor,1.0,False
21024_9be3d461,high_complexity_rotor,5,22092_897b0ffa,medium_rotor,0.999997,False
21024_9be3d461,high_complexity_rotor,6,22612_28fe0ac2,medium_rotor,0.999997,False
21024_9be3d461,high_complexity_rotor,7,23451_14c8d09e,medium_rotor,0.999997,False
21024_9be3d461,high_complexity_rotor,8,22046_fe3bae6e,medium_rotor,0.999992,False
21024_9be3d461,high_complexity_rotor,9,21695_1f33863f,medium_rotor,0.999992,False
21024_9be3d461,high_complexity_rotor,10,21976_807c9b26,simple_rotor,0.999992,False
19566_19d85d3b,high_complexity_rotor,1,21153_a2fb81fe,high_complexity_rotor,1.0,True
19566_19d85d3b,high_complexity_rotor,2,23413_6702ec7f,medium_rotor,1.0,False
19566_19d85d3b,high_complexity_rotor,3,21337_062b39fa,high_complexity_rotor,0.999627,True
19566_19d85d3b,high_complexity_rotor,4,21035_d308c5c4,medium_rotor,0.999627,False
19566_19d85d3b,high_complexity_rotor,5,23422_f214bd4d,complex_assembly,0.999487,False
19566_19d85d3b,high_complexity_rotor,6,22076_20e8a107,high_complexity_rotor,0.999064,True
19566_19d85d3b,high_complexity_rotor,7,23368_648717d8,medium_rotor,0.997675,False
19566_19d85d3b,high_complexity_rotor,8,20351_dc6e4e1e,complex_assembly,0.997642,False
19566_19d85d3b,high_complexity_rotor,9,7778_3a9748b3,complex_assembly,0.997408,False
19566_19d85d3b,high_complexity_rotor,10,22987_37973191,medium_rotor,0.994895,False
22134_5e72e871,medium_rotor,1,20672_0bc07cce,simple_rotor,1.0,False
22134_5e72e871,medium_rotor,2,20385_f2d30908,simple_rotor,1.0,False
22134_5e72e871,medium_rotor,3,23502_5a80f907,medium_rotor,1.0,True
22134_5e72e871,medium_rotor,4,23048_8a1a5553,high_complexity_rotor,1.0,False
22134_5e72e871,medium_rotor,5,22528_f3370a64,high_complexity_rotor,1.0,False
22134_5e72e871,medium_rotor,6,20322_5a8c6077,medium_rotor,1.0,True
22134_5e72e871,medium_rotor,7,20231_f54462bb,simple_rotor,1.0,False
22134_5e72e871,medium_rotor,8,21884_cc2c39f9,medium_rotor,1.0,True
22134_5e72e871,medium_rotor,9,22405_20f11d58,high_complexity_rotor,1.0,False
22134_5e72e871,medium_rotor,10,21274_2fb8c3f5,simple_rotor,1.0,False
22706_58a933f4,symmetric_rotor,1,21564_fa5b2db7,simple_rotor,0.999999,False
22706_58a933f4,symmetric_rotor,2,20609_69f28932,symmetric_rotor,0.999999,True
22706_58a933f4,symmetric_rotor,3,22283_36ba29c9,simple_rotor,0.999999,False
22706_58a933f4,symmetric_rotor,4,21603_98a15295,symmetric_rotor,0.999999,True
22706_58a933f4,symmetric_rotor,5,21384_b9774b93,simple_rotor,0.999995,False
22706_58a933f4,symmetric_rotor,6,21551_c6c2d516,high_complexity_rotor,0.999995,False
22706_58a933f4,symmetric_rotor,7,22236_db209dff,simple_rotor,0.999977,False
22706_58a933f4,symmetric_rotor,8,21478_8fbd4409,symmetric_rotor,0.999977,True
22706_58a933f4,symmetric_rotor,9,20384_767d849a,simple_rotor,0.999977,False
22706_58a933f4,symmetric_rotor,10,21037_62248d34,symmetric_rotor,0.999977,True
20823_f144e996,medium_rotor,1,20672_0bc07cce,simple_rotor,1.0,False
20823_f144e996,medium_rotor,2,20385_f2d30908,simple_rotor,1.0,False
20823_f144e996,medium_rotor,3,23502_5a80f907,medium_rotor,1.0,True
20823_f144e996,medium_rotor,4,23048_8a1a5553,high_complexity_rotor,1.0,False
20823_f144e996,medium_rotor,5,22528_f3370a64,high_complexity_rotor,1.0,False
20823_f144e996,medium_rotor,6,20322_5a8c6077,medium_rotor,1.0,True
20823_f144e996,medium_rotor,7,20231_f54462bb,simple_rotor,1.0,False
20823_f144e996,medium_rotor,8,21884_cc2c39f9,medium_rotor,1.0,True
20823_f144e996,medium_rotor,9,22405_20f11d58,high_complexity_rotor,1.0,False
20823_f144e996,medium_rotor,10,21274_2fb8c3f5,simple_rotor,1.0,False
23406_1d36b046,simple_rotor,1,20672_0bc07cce,simple_rotor,1.0,True
23406_1d36b046,simple_rotor,2,20385_f2d30908,simple_rotor,1.0,True
23406_1d36b046,simple_rotor,3,23502_5a80f907,medium_rotor,1.0,False
23406_1d36b046,simple_rotor,4,23048_8a1a5553,high_complexity_rotor,1.0,False
23406_1d36b046,simple_rotor,5,22528_f3370a64,high_complexity_rotor,1.0,False
23406_1d36b046,simple_rotor,6,20322_5a8c6077,medium_rotor,1.0,False
23406_1d36b046,simple_rotor,7,20231_f54462bb,simple_rotor,1.0,True
23406_1d36b046,simple_rotor,8,21884_cc2c39f9,medium_rotor,1.0,False
23406_1d36b046,simple_rotor,9,22405_20f11d58,high_complexity_rotor,1.0,False
23406_1d36b046,simple_rotor,10,21274_2fb8c3f5,simple_rotor,1.0,True
22717_08784417,complex_assembly,1,21647_6b6cca6f,complex_assembly,0.997554,True
22717_08784417,complex_assembly,2,22306_c3dca308,complex_assembly,0.997028,True
22717_08784417,complex_assembly,3,23419_ea47995f,complex_assembly,0.995777,True
22717_08784417,complex_assembly,4,22211_b1ee53f0,complex_assembly,0.995392,True
22717_08784417,complex_assembly,5,20546_87dbd755,complex_assembly,0.995322,True
22717_08784417,complex_assembly,6,22415_658c81dd,complex_assembly,0.994121,True
22717_08784417,complex_assembly,7,23273_8f301ce3,complex_assembly,0.992889,True
22717_08784417,complex_assembly,8,22065_0d414124,complex_assembly,0.992398,True
22717_08784417,complex_assembly,9,20818_098cad7c,high_complexity_rotor,0.992035,False
22717_08784417,complex_assembly,10,21797_69df08d5,high_complexity_rotor,0.991176,False
23414_f7d4a688,medium_rotor,1,20672_0bc07cce,simple_rotor,1.0,False
23414_f7d4a688,medium_rotor,2,20385_f2d30908,simple_rotor,1.0,False
23414_f7d4a688,medium_rotor,3,23502_5a80f907,medium_rotor,1.0,True
23414_f7d4a688,medium_rotor,4,23048_8a1a5553,high_complexity_rotor,1.0,False
23414_f7d4a688,medium_rotor,5,22528_f3370a64,high_complexity_rotor,1.0,False
23414_f7d4a688,medium_rotor,6,20322_5a8c6077,medium_rotor,1.0,True
23414_f7d4a688,medium_rotor,7,20231_f54462bb,simple_rotor,1.0,False
23414_f7d4a688,medium_rotor,8,21884_cc2c39f9,medium_rotor,1.0,True
23414_f7d4a688,medium_rotor,9,22405_20f11d58,high_complexity_rotor,1.0,False
23414_f7d4a688,medium_rotor,10,21274_2fb8c3f5,simple_rotor,1.0,False
21692_777db9e2,symmetric_rotor,1,20225_4ce6d59b,symmetric_rotor,1.0,True
21692_777db9e2,symmetric_rotor,2,22434_2ad62ed6,symmetric_rotor,1.0,True
21692_777db9e2,symmetric_rotor,3,22659_0e686e14,symmetric_rotor,1.0,True
21692_777db9e2,symmetric_rotor,4,23259_d655fcc1,symmetric_rotor,0.999999,True
21692_777db9e2,symmetric_rotor,5,21497_9833a679,symmetric_rotor,0.999999,True
21692_777db9e2,symmetric_rotor,6,20438_5f344b00,simple_rotor,0.999999,False
21692_777db9e2,symmetric_rotor,7,23178_eb4b4280,symmetric_rotor,0.999999,True
21692_777db9e2,symmetric_rotor,8,21810_718ae2fe,simple_rotor,0.999999,False
21692_777db9e2,symmetric_rotor,9,22419_dfeb5d33,high_complexity_rotor,0.999999,False
21692_777db9e2,symmetric_rotor,10,23037_d0df320c,symmetric_rotor,0.999999,True
20792_d2ea0500,symmetric_rotor,1,21300_ec7da33e,high_complexity_rotor,0.999989,False
20792_d2ea0500,symmetric_rotor,2,20991_6795af4f,high_complexity_rotor,0.999969,False
20792_d2ea0500,symmetric_rotor,3,23378_8d6426ae,high_complexity_rotor,0.999947,False
20792_d2ea0500,symmetric_rotor,4,21685_93737a7a,high_complexity_rotor,0.999921,False
20792_d2ea0500,symmetric_rotor,5,22428_c1ffa51a,high_complexity_rotor,0.999917,False
20792_d2ea0500,symmetric_rotor,6,23168_7fdf5427,high_complexity_rotor,0.9999,False
20792_d2ea0500,symmetric_rotor,7,21990_7bb6efcf,simple_rotor,0.999792,False
20792_d2ea0500,symmetric_rotor,8,20745_3e22ad07,high_complexity_rotor,0.999758,False
20792_d2ea0500,symmetric_rotor,9,23217_7c6062e3,high_complexity_rotor,0.999758,False
20792_d2ea0500,symmetric_rotor,10,23377_690165aa,high_complexity_rotor,0.9997,False
20926_4c0f33f6,symmetric_rotor,1,20682_e208cc63,symmetric_rotor,1.0,True
20926_4c0f33f6,symmetric_rotor,2,20807_88c198d5,simple_rotor,1.0,False
20926_4c0f33f6,symmetric_rotor,3,22057_4947db57,symmetric_rotor,1.0,True
20926_4c0f33f6,symmetric_rotor,4,22762_dcbdd14d,symmetric_rotor,1.0,True
20926_4c0f33f6,symmetric_rotor,5,23101_6aec02ee,high_complexity_rotor,1.0,False
20926_4c0f33f6,symmetric_rotor,6,20451_557fe5cd,simple_rotor,1.0,False
20926_4c0f33f6,symmetric_rotor,7,20451_84d8b290,simple_rotor,1.0,False
20926_4c0f33f6,symmetric_rotor,8,20216_89b90993,simple_rotor,1.0,False
20926_4c0f33f6,symmetric_rotor,9,20477_633cca4f,high_complexity_rotor,1.0,False
20926_4c0f33f6,symmetric_rotor,10,22311_553b3456,symmetric_rotor,1.0,True
21248_0a862e3e,symmetric_rotor,1,21961_1a090a8b,symmetric_rotor,1.0,True
21248_0a862e3e,symmetric_rotor,2,22893_eb8aa8ac,high_complexity_rotor,1.0,False
21248_0a862e3e,symmetric_rotor,3,20731_fbdc7731,simple_rotor,1.0,False
21248_0a862e3e,symmetric_rotor,4,22416_4cd31921,high_complexity_rotor,1.0,False
21248_0a862e3e,symmetric_rotor,5,20237_06b27bf5,symmetric_rotor,1.0,True
21248_0a862e3e,symmetric_rotor,6,22026_62afa265,simple_rotor,1.0,False
21248_0a862e3e,symmetric_rotor,7,22365_a4eb929c,symmetric_rotor,1.0,True
21248_0a862e3e,symmetric_rotor,8,22892_68138f24,symmetric_rotor,1.0,True
21248_0a862e3e,symmetric_rotor,9,20421_0fd51709,high_complexity_rotor,1.0,False
21248_0a862e3e,symmetric_rotor,10,22367_b4a67e61,simple_rotor,1.0,False
22365_a4eb929c,symmetric_rotor,1,21961_1a090a8b,symmetric_rotor,1.0,True
22365_a4eb929c,symmetric_rotor,2,22893_eb8aa8ac,high_complexity_rotor,1.0,False
22365_a4eb929c,symmetric_rotor,3,20731_fbdc7731,simple_rotor,1.0,False
22365_a4eb929c,symmetric_rotor,4,22416_4cd31921,high_complexity_rotor,1.0,False
22365_a4eb929c,symmetric_rotor,5,20237_06b27bf5,symmetric_rotor,1.0,True
22365_a4eb929c,symmetric_rotor,6,22026_62afa265,simple_rotor,1.0,False
22365_a4eb929c,symmetric_rotor,7,21248_0a862e3e,symmetric_rotor,1.0,True
22365_a4eb929c,symmetric_rotor,8,22892_68138f24,symmetric_rotor,1.0,True
22365_a4eb929c,symmetric_rotor,9,20421_0fd51709,high_complexity_rotor,1.0,False
22365_a4eb929c,symmetric_rotor,10,22367_b4a67e61,simple_rotor,1.0,False
22257_6fb4c50c,simple_rotor,1,20672_0bc07cce,simple_rotor,1.0,True
22257_6fb4c50c,simple_rotor,2,20385_f2d30908,simple_rotor,1.0,True
22257_6fb4c50c,simple_rotor,3,23502_5a80f907,medium_rotor,1.0,False
22257_6fb4c50c,simple_rotor,4,23048_8a1a5553,high_complexity_rotor,1.0,False
22257_6fb4c50c,simple_rotor,5,22528_f3370a64,high_complexity_rotor,1.0,False
22257_6fb4c50c,simple_rotor,6,20322_5a8c6077,medium_rotor,1.0,False
22257_6fb4c50c,simple_rotor,7,20231_f54462bb,simple_rotor,1.0,True
22257_6fb4c50c,simple_rotor,8,21884_cc2c39f9,medium_rotor,1.0,False
22257_6fb4c50c,simple_rotor,9,22405_20f11d58,high_complexity_rotor,1.0,False
22257_6fb4c50c,simple_rotor,10,21274_2fb8c3f5,simple_rotor,1.0,True
20674_2fb6cabd,simple_rotor,1,20672_0bc07cce,simple_rotor,1.0,True
20674_2fb6cabd,simple_rotor,2,20385_f2d30908,simple_rotor,1.0,True
20674_2fb6cabd,simple_rotor,3,23502_5a80f907,medium_rotor,1.0,False
20674_2fb6cabd,simple_rotor,4,23048_8a1a5553,high_complexity_rotor,1.0,False
20674_2fb6cabd,simple_rotor,5,22528_f3370a64,high_complexity_rotor,1.0,False
20674_2fb6cabd,simple_rotor,6,20322_5a8c6077,medium_rotor,1.0,False
20674_2fb6cabd,simple_rotor,7,20231_f54462bb,simple_rotor,1.0,True
20674_2fb6cabd,simple_rotor,8,21884_cc2c39f9,medium_rotor,1.0,False
20674_2fb6cabd,simple_rotor,9,22405_20f11d58,high_complexity_rotor,1.0,False
20674_2fb6cabd,simple_rotor,10,21274_2fb8c3f5,simple_rotor,1.0,True
22028_776fbf0d,complex_assembly,1,21647_6b6cca6f,complex_assembly,0.995923,True
22028_776fbf0d,complex_assembly,2,23419_ea47995f,complex_assembly,0.994657,True
22028_776fbf0d,complex_assembly,3,22306_c3dca308,complex_assembly,0.990154,True
22028_776fbf0d,complex_assembly,4,23273_8f301ce3,complex_assembly,0.989137,True
22028_776fbf0d,complex_assembly,5,20546_87dbd755,complex_assembly,0.988812,True
22028_776fbf0d,complex_assembly,6,22717_08784417,complex_assembly,0.988704,True
22028_776fbf0d,complex_assembly,7,22065_0d414124,complex_assembly,0.988143,True
22028_776fbf0d,complex_assembly,8,22211_b1ee53f0,complex_assembly,0.987689,True
22028_776fbf0d,complex_assembly,9,21797_69df08d5,high_complexity_rotor,0.98489,False
22028_776fbf0d,complex_assembly,10,20502_58b65de9,symmetric_rotor,0.984875,False
23036_7f9d143f,medium_rotor,1,20672_0bc07cce,simple_rotor,1.0,False
23036_7f9d143f,medium_rotor,2,20385_f2d30908,simple_rotor,1.0,False
23036_7f9d143f,medium_rotor,3,23502_5a80f907,medium_rotor,1.0,True
23036_7f9d143f,medium_rotor,4,23048_8a1a5553,high_complexity_rotor,1.0,False
23036_7f9d143f,medium_rotor,5,22528_f3370a64,high_complexity_rotor,1.0,False
23036_7f9d143f,medium_rotor,6,20322_5a8c6077,medium_rotor,1.0,True
23036_7f9d143f,medium_rotor,7,20231_f54462bb,simple_rotor,1.0,False
23036_7f9d143f,medium_rotor,8,21884_cc2c39f9,medium_rotor,1.0,True
23036_7f9d143f,medium_rotor,9,22405_20f11d58,high_complexity_rotor,1.0,False
23036_7f9d143f,medium_rotor,10,21274_2fb8c3f5,simple_rotor,1.0,False
20743_c8ea8159,medium_rotor,1,20672_0bc07cce,simple_rotor,1.0,False
20743_c8ea8159,medium_rotor,2,20385_f2d30908,simple_rotor,1.0,False
20743_c8ea8159,medium_rotor,3,23502_5a80f907,medium_rotor,1.0,True
20743_c8ea8159,medium_rotor,4,23048_8a1a5553,high_complexity_rotor,1.0,False
20743_c8ea8159,medium_rotor,5,22528_f3370a64,high_complexity_rotor,1.0,False
20743_c8ea8159,medium_rotor,6,20322_5a8c6077,medium_rotor,1.0,True
20743_c8ea8159,medium_rotor,7,20231_f54462bb,simple_rotor,1.0,False
20743_c8ea8159,medium_rotor,8,21884_cc2c39f9,medium_rotor,1.0,True
20743_c8ea8159,medium_rotor,9,22405_20f11d58,high_complexity_rotor,1.0,False
20743_c8ea8159,medium_rotor,10,21274_2fb8c3f5,simple_rotor,1.0,False
22668_9c30f6c0,simple_rotor,1,20672_0bc07cce,simple_rotor,1.0,True
22668_9c30f6c0,simple_rotor,2,20385_f2d30908,simple_rotor,1.0,True
22668_9c30f6c0,simple_rotor,3,23502_5a80f907,medium_rotor,1.0,False
22668_9c30f6c0,simple_rotor,4,23048_8a1a5553,high_complexity_rotor,1.0,False
22668_9c30f6c0,simple_rotor,5,22528_f3370a64,high_complexity_rotor,1.0,False
22668_9c30f6c0,simple_rotor,6,20322_5a8c6077,medium_rotor,1.0,False
22668_9c30f6c0,simple_rotor,7,20231_f54462bb,simple_rotor,1.0,True
22668_9c30f6c0,simple_rotor,8,21884_cc2c39f9,medium_rotor,1.0,False
22668_9c30f6c0,simple_rotor,9,22405_20f11d58,high_complexity_rotor,1.0,False
22668_9c30f6c0,simple_rotor,10,21274_2fb8c3f5,simple_rotor,1.0,True
22266_078a1f68,medium_rotor,1,20952_b8a54213,complex_assembly,1.0,False
22266_078a1f68,medium_rotor,2,23194_b675acc0,simple_rotor,0.999999,False
22266_078a1f68,medium_rotor,3,19810_f77c5501,medium_rotor,0.999998,True
22266_078a1f68,medium_rotor,4,23211_3aac9c7e,simple_rotor,0.999998,False
22266_078a1f68,medium_rotor,5,22232_cb53774e,medium_rotor,0.999993,True
22266_078a1f68,medium_rotor,6,22535_0ba01cc9,complex_assembly,0.999988,False
22266_078a1f68,medium_rotor,7,19051_26735260,high_complexity_rotor,0.999984,False
22266_078a1f68,medium_rotor,8,21539_cfe1f7fd,medium_rotor,0.999983,True
22266_078a1f68,medium_rotor,9,22981_93f268ae,simple_rotor,0.999973,False
22266_078a1f68,medium_rotor,10,22778_7d85debd,medium_rotor,0.999973,True
21882_795be793,simple_rotor,1,20672_0bc07cce,simple_rotor,1.0,True
21882_795be793,simple_rotor,2,20385_f2d30908,simple_rotor,1.0,True
21882_795be793,simple_rotor,3,23502_5a80f907,medium_rotor,1.0,False
21882_795be793,simple_rotor,4,23048_8a1a5553,high_complexity_rotor,1.0,False
21882_795be793,simple_rotor,5,22528_f3370a64,high_complexity_rotor,1.0,False
21882_795be793,simple_rotor,6,20322_5a8c6077,medium_rotor,1.0,False
21882_795be793,simple_rotor,7,20231_f54462bb,simple_rotor,1.0,True
21882_795be793,simple_rotor,8,21884_cc2c39f9,medium_rotor,1.0,False
21882_795be793,simple_rotor,9,22405_20f11d58,high_complexity_rotor,1.0,False
21882_795be793,simple_rotor,10,21274_2fb8c3f5,simple_rotor,1.0,True
21601_360ce1c7,medium_rotor,1,22837_7644c972,simple_rotor,1.0,False
21601_360ce1c7,medium_rotor,2,22062_2d6b3b72,medium_rotor,1.0,True
21601_360ce1c7,medium_rotor,3,20215_e2eb3082,medium_rotor,1.0,True
21601_360ce1c7,medium_rotor,4,20182_71b9e491,medium_rotor,1.0,True
21601_360ce1c7,medium_rotor,5,22242_4ceddc2b,complex_assembly,1.0,False
21601_360ce1c7,medium_rotor,6,22919_3ee91d1a,medium_rotor,0.99999,True
21601_360ce1c7,medium_rotor,7,22474_b10fea1a,medium_rotor,0.999981,True
21601_360ce1c7,medium_rotor,8,23176_1bf2a2d5,medium_rotor,0.999976,True
21601_360ce1c7,medium_rotor,9,19051_26735260,high_complexity_rotor,0.999968,False
21601_360ce1c7,medium_rotor,10,22535_0ba01cc9,complex_assembly,0.999962,False
23102_211ad1db,symmetric_rotor,1,22154_24342da4,simple_rotor,1.0,False
23102_211ad1db,symmetric_rotor,2,22216_4b032400,symmetric_rotor,1.0,True
23102_211ad1db,symmetric_rotor,3,20551_ff28a959,simple_rotor,1.0,False
23102_211ad1db,symmetric_rotor,4,22140_9cda24cc,simple_rotor,1.0,False
23102_211ad1db,symmetric_rotor,5,20429_419c4cdd,simple_rotor,1.0,False
23102_211ad1db,symmetric_rotor,6,20680_b095cb77,symmetric_rotor,1.0,True
23102_211ad1db,symmetric_rotor,7,22129_48b47c52,simple_rotor,1.0,False
23102_211ad1db,symmetric_rotor,8,22047_5a090f16,simple_rotor,1.0,False
23102_211ad1db,symmetric_rotor,9,21665_2e14b6ff,simple_rotor,1.0,False
23102_211ad1db,symmetric_rotor,10,22886_a6331748,symmetric_rotor,1.0,True
21092_32622a83,medium_rotor,1,21991_ab98f156,high_complexity_rotor,0.999982,False
21092_32622a83,medium_rotor,2,20870_dedaef5b,high_complexity_rotor,0.999972,False
21092_32622a83,medium_rotor,3,20246_40be7668,complex_assembly,0.999927,False
21092_32622a83,medium_rotor,4,22081_ab3124af,high_complexity_rotor,0.999715,False
21092_32622a83,medium_rotor,5,23501_6c48b3c1,medium_rotor,0.999641,True
21092_32622a83,medium_rotor,6,22827_f33929ec,high_complexity_rotor,0.999641,False
21092_32622a83,medium_rotor,7,21429_6d2d3974,medium_rotor,0.999478,True
21092_32622a83,medium_rotor,8,21599_80057f94,simple_rotor,0.998775,False
21092_32622a83,medium_rotor,9,23158_c7e753c2,simple_rotor,0.998035,False
21092_32622a83,medium_rotor,10,20858_15bdad00,medium_rotor,0.997208,True
23039_b3d04774,simple_rotor,1,20421_83f66ddc,medium_rotor,1.0,False
23039_b3d04774,simple_rotor,2,22747_3f6faf4c,simple_rotor,1.0,True
23039_b3d04774,simple_rotor,3,20421_49bd1188,medium_rotor,1.0,False
23039_b3d04774,simple_rotor,4,21745_56cbe841,medium_rotor,1.0,False
23039_b3d04774,simple_rotor,5,22298_51433023,complex_assembly,0.999998,False
23039_b3d04774,simple_rotor,6,21986_67c5509a,complex_assembly,0.999996,False
23039_b3d04774,simple_rotor,7,22228_1c82530b,medium_rotor,0.999984,False
23039_b3d04774,simple_rotor,8,20789_1809f41f,medium_rotor,0.999948,False
23039_b3d04774,simple_rotor,9,20165_2b088be5,high_complexity_rotor,0.999948,False
23039_b3d04774,simple_rotor,10,20504_c9e14c9d,medium_rotor,0.999948,False
23132_1847c4ef,medium_rotor,1,23236_d5867507,simple_rotor,1.0,False
23132_1847c4ef,medium_rotor,2,23210_f535bfd2,simple_rotor,1.0,False
23132_1847c4ef,medium_rotor,3,20232_e5b060d9,simple_rotor,1.0,False
23132_1847c4ef,medium_rotor,4,23218_02d26ab4,simple_rotor,0.999997,False
23132_1847c4ef,medium_rotor,5,21236_b696e901,complex_assembly,0.999991,False
23132_1847c4ef,medium_rotor,6,22341_0f9c52ed,medium_rotor,0.999987,True
23132_1847c4ef,medium_rotor,7,21421_fb12b69b,complex_assembly,0.999976,False
23132_1847c4ef,medium_rotor,8,22980_3cb3bcc8,medium_rotor,0.999956,True
23132_1847c4ef,medium_rotor,9,23342_7193a931,simple_rotor,0.999956,False
23132_1847c4ef,medium_rotor,10,21923_41fa6eda,medium_rotor,0.999946,True
19810_f77c5501,medium_rotor,1,23211_3aac9c7e,simple_rotor,1.0,False
19810_f77c5501,medium_rotor,2,22266_078a1f68,medium_rotor,0.999998,True
19810_f77c5501,medium_rotor,3,20952_b8a54213,complex_assembly,0.999997,False
19810_f77c5501,medium_rotor,4,22535_0ba01cc9,complex_assembly,0.999996,False
19810_f77c5501,medium_rotor,5,23194_b675acc0,simple_rotor,0.999994,False
19810_f77c5501,medium_rotor,6,19051_26735260,high_complexity_rotor,0.999994,False
19810_f77c5501,medium_rotor,7,22474_b10fea1a,medium_rotor,0.999985,True
19810_f77c5501,medium_rotor,8,22232_cb53774e,medium_rotor,0.999983,True
19810_f77c5501,medium_rotor,9,22919_3ee91d1a,medium_rotor,0.999975,True
19810_f77c5501,medium_rotor,10,21539_cfe1f7fd,medium_rotor,0.99997,True
20385_f2d30908,simple_rotor,1,20672_0bc07cce,simple_rotor,1.0,True
20385_f2d30908,simple_rotor,2,22843_ff77027f,simple_rotor,1.0,True
20385_f2d30908,simple_rotor,3,23502_5a80f907,medium_rotor,1.0,False
20385_f2d30908,simple_rotor,4,23048_8a1a5553,high_complexity_rotor,1.0,False
20385_f2d30908,simple_rotor,5,22528_f3370a64,high_complexity_rotor,1.0,False
20385_f2d30908,simple_rotor,6,20322_5a8c6077,medium_rotor,1.0,False
20385_f2d30908,simple_rotor,7,20231_f54462bb,simple_rotor,1.0,True
20385_f2d30908,simple_rotor,8,21884_cc2c39f9,medium_rotor,1.0,False
20385_f2d30908,simple_rotor,9,22405_20f11d58,high_complexity_rotor,1.0,False
20385_f2d30908,simple_rotor,10,21274_2fb8c3f5,simple_rotor,1.0,True
22727_c514268a,medium_rotor,1,20672_0bc07cce,simple_rotor,1.0,False
22727_c514268a,medium_rotor,2,22843_ff77027f,simple_rotor,1.0,False
22727_c514268a,medium_rotor,3,23502_5a80f907,medium_rotor,1.0,True
22727_c514268a,medium_rotor,4,23048_8a1a5553,high_complexity_rotor,1.0,False
22727_c514268a,medium_rotor,5,22528_f3370a64,high_complexity_rotor,1.0,False
22727_c514268a,medium_rotor,6,20322_5a8c6077,medium_rotor,1.0,True
22727_c514268a,medium_rotor,7,20231_f54462bb,simple_rotor,1.0,False
22727_c514268a,medium_rotor,8,21884_cc2c39f9,medium_rotor,1.0,True
22727_c514268a,medium_rotor,9,22405_20f11d58,high_complexity_rotor,1.0,False
22727_c514268a,medium_rotor,10,21274_2fb8c3f5,simple_rotor,1.0,False
22278_12f1fb79,high_complexity_rotor,1,20745_3e22ad07,high_complexity_rotor,0.999955,True
22278_12f1fb79,high_complexity_rotor,2,23217_7c6062e3,high_complexity_rotor,0.999955,True
22278_12f1fb79,high_complexity_rotor,3,23377_690165aa,high_complexity_rotor,0.999946,True
22278_12f1fb79,high_complexity_rotor,4,21990_7bb6efcf,simple_rotor,0.999939,False
22278_12f1fb79,high_complexity_rotor,5,22245_ca848576,symmetric_rotor,0.9999,False
22278_12f1fb79,high_complexity_rotor,6,21174_861bd902,high_complexity_rotor,0.999876,True
22278_12f1fb79,high_complexity_rotor,7,23168_7fdf5427,high_complexity_rotor,0.99985,True
22278_12f1fb79,high_complexity_rotor,8,21685_93737a7a,high_complexity_rotor,0.999822,True
22278_12f1fb79,high_complexity_rotor,9,23155_d7305c5f,high_complexity_rotor,0.99979,True
22278_12f1fb79,high_complexity_rotor,10,20991_6795af4f,high_complexity_rotor,0.999722,True
21599_80057f94,simple_rotor,1,23158_c7e753c2,simple_rotor,0.999913,True
21599_80057f94,simple_rotor,2,20628_e0551f7c,medium_rotor,0.999609,False
21599_80057f94,simple_rotor,3,20246_40be7668,complex_assembly,0.9993,False
21599_80057f94,simple_rotor,4,21991_ab98f156,high_complexity_rotor,0.999057,False
21599_80057f94,simple_rotor,5,21837_b67d788c,medium_rotor,0.999008,False
21599_80057f94,simple_rotor,6,21092_32622a83,medium_rotor,0.998775,False
21599_80057f94,simple_rotor,7,20870_dedaef5b,high_complexity_rotor,0.998375,False
21599_80057f94,simple_rotor,8,22081_ab3124af,high_complexity_rotor,0.997309,False
21599_80057f94,simple_rotor,9,20533_0a3e112b,high_complexity_rotor,0.997203,False
21599_80057f94,simple_rotor,10,23501_6c48b3c1,medium_rotor,0.997091,False
23226_8d1b5098,complex_assembly,1,22378_234fea2c,simple_rotor,1.0,False
23226_8d1b5098,complex_assembly,2,20436_41b730a3,simple_rotor,1.0,False
23226_8d1b5098,complex_assembly,3,21165_5cb2d287,simple_rotor,1.0,False
23226_8d1b5098,complex_assembly,4,22227_aca28ff2,simple_rotor,1.0,False
23226_8d1b5098,complex_assembly,5,23215_08a54de0,simple_rotor,1.0,False
23226_8d1b5098,complex_assembly,6,20186_f66e4ad3,simple_rotor,1.0,False
23226_8d1b5098,complex_assembly,7,20671_33532794,simple_rotor,1.0,False
23226_8d1b5098,complex_assembly,8,21941_1a683ec2,complex_assembly,0.999978,True
23226_8d1b5098,complex_assembly,9,22404_66db7dd7,complex_assembly,0.99997,True
23226_8d1b5098,complex_assembly,10,21244_24c3ce72,complex_assembly,0.999941,True
21292_f94bd96b,medium_rotor,1,22131_6b4b60f8,simple_rotor,1.0,False
21292_f94bd96b,medium_rotor,2,21202_e452c491,medium_rotor,0.999999,True
21292_f94bd96b,medium_rotor,3,23322_8f85d82d,medium_rotor,0.999996,True
21292_f94bd96b,medium_rotor,4,20278_d442e77d,medium_rotor,0.999978,True
21292_f94bd96b,medium_rotor,5,21005_9feee615,high_complexity_rotor,0.999967,False
21292_f94bd96b,medium_rotor,6,20281_a29f9a18,medium_rotor,0.999967,True
21292_f94bd96b,medium_rotor,7,22180_ce7c3bd8,simple_rotor,0.999967,False
21292_f94bd96b,medium_rotor,8,23318_65e3a7c9,medium_rotor,0.999967,True
21292_f94bd96b,medium_rotor,9,23044_9a964a68,medium_rotor,0.999951,True
21292_f94bd96b,medium_rotor,10,20259_de1ab632,simple_rotor,0.999941,False
23502_5a80f907,medium_rotor,1,20672_0bc07cce,simple_rotor,1.0,False
23502_5a80f907,medium_rotor,2,22843_ff77027f,simple_rotor,1.0,False
23502_5a80f907,medium_rotor,3,22727_c514268a,medium_rotor,1.0,True
23502_5a80f907,medium_rotor,4,23048_8a1a5553,high_complexity_rotor,1.0,False
23502_5a80f907,medium_rotor,5,22528_f3370a64,high_complexity_rotor,1.0,False
23502_5a80f907,medium_rotor,6,20322_5a8c6077,medium_rotor,1.0,True
23502_5a80f907,medium_rotor,7,20231_f54462bb,simple_rotor,1.0,False
23502_5a80f907,medium_rotor,8,21884_cc2c39f9,medium_rotor,1.0,True
23502_5a80f907,medium_rotor,9,22405_20f11d58,high_complexity_rotor,1.0,False
23502_5a80f907,medium_rotor,10,21274_2fb8c3f5,simple_rotor,1.0,False
23144_88ca00a5,complex_assembly,1,23028_2ca87745,medium_rotor,0.999997,False
23144_88ca00a5,complex_assembly,2,23136_2b469508,simple_rotor,0.999989,False
23144_88ca00a5,complex_assembly,3,22082_39503fa6,medium_rotor,0.999984,False
23144_88ca00a5,complex_assembly,4,22035_101c7ab4,medium_rotor,0.999961,False
23144_88ca00a5,complex_assembly,5,20163_3742f394,medium_rotor,0.99966,False
23144_88ca00a5,complex_assembly,6,21351_675c66b1,complex_assembly,0.999222,True
23144_88ca00a5,complex_assembly,7,22021_520ec8c3,medium_rotor,0.998455,False
23144_88ca00a5,complex_assembly,8,21391_78fc6345,simple_rotor,0.998455,False
23144_88ca00a5,complex_assembly,9,21008_a3fec63b,medium_rotor,0.998455,False
23144_88ca00a5,complex_assembly,10,22078_1758e9fc,medium_rotor,0.9984,False
23048_8a1a5553,high_complexity_rotor,1,20672_0bc07cce,simple_rotor,1.0,False
23048_8a1a5553,high_complexity_rotor,2,22843_ff77027f,simple_rotor,1.0,False
23048_8a1a5553,high_complexity_rotor,3,22727_c514268a,medium_rotor,1.0,False
23048_8a1a5553,high_complexity_rotor,4,23502_5a80f907,medium_rotor,1.0,False
23048_8a1a5553,high_complexity_rotor,5,22528_f3370a64,high_complexity_rotor,1.0,True
23048_8a1a5553,high_complexity_rotor,6,20322_5a8c6077,medium_rotor,1.0,False
23048_8a1a5553,high_complexity_rotor,7,20231_f54462bb,simple_rotor,1.0,False
23048_8a1a5553,high_complexity_rotor,8,21884_cc2c39f9,medium_rotor,1.0,False
23048_8a1a5553,high_complexity_rotor,9,22405_20f11d58,high_complexity_rotor,1.0,True
23048_8a1a5553,high_complexity_rotor,10,21274_2fb8c3f5,simple_rotor,1.0,False
20278_d442e77d,medium_rotor,1,20259_de1ab632,simple_rotor,0.999991,False
20278_d442e77d,medium_rotor,2,22224_1e749c32,medium_rotor,0.999991,True
20278_d442e77d,medium_rotor,3,22131_6b4b60f8,simple_rotor,0.999978,False
20278_d442e77d,medium_rotor,4,21292_f94bd96b,medium_rotor,0.999978,True
20278_d442e77d,medium_rotor,5,21202_e452c491,medium_rotor,0.999969,True
20278_d442e77d,medium_rotor,6,23322_8f85d82d,medium_rotor,0.999954,True
20278_d442e77d,medium_rotor,7,21005_9feee615,high_complexity_rotor,0.999892,False
20278_d442e77d,medium_rotor,8,23318_65e3a7c9,medium_rotor,0.999892,True
20278_d442e77d,medium_rotor,9,22180_ce7c3bd8,simple_rotor,0.999892,False
20278_d442e77d,medium_rotor,10,20281_a29f9a18,medium_rotor,0.999892,True
21202_e452c491,medium_rotor,1,21292_f94bd96b,medium_rotor,0.999999,True
21202_e452c491,medium_rotor,2,22131_6b4b60f8,simple_rotor,0.999999,False
21202_e452c491,medium_rotor,3,23322_8f85d82d,medium_rotor,0.999999,True
21202_e452c491,medium_rotor,4,21005_9feee615,high_complexity_rotor,0.999977,False
21202_e452c491,medium_rotor,5,22180_ce7c3bd8,simple_rotor,0.999977,False
21202_e452c491,medium_rotor,6,23318_65e3a7c9,medium_rotor,0.999977,True
21202_e452c491,medium_rotor,7,20281_a29f9a18,medium_rotor,0.999977,True
21202_e452c491,medium_rotor,8,20278_d442e77d,medium_rotor,0.999969,True
21202_e452c491,medium_rotor,9,23044_9a964a68,medium_rotor,0.999963,True
21202_e452c491,medium_rotor,10,21809_8bd6b10e,high_complexity_rotor,0.999938,False
23026_e6f08109,medium_rotor,1,20746_57a7b346,high_complexity_rotor,0.999974,False
23026_e6f08109,medium_rotor,2,22334_677d00e0,medium_rotor,0.999964,True
23026_e6f08109,medium_rotor,3,23495_6366269c,high_complexity_rotor,0.999833,False
23026_e6f08109,medium_rotor,4,21282_b2d83538,medium_rotor,0.999741,True
23026_e6f08109,medium_rotor,5,21989_a0b5037d,medium_rotor,0.99967,True
23026_e6f08109,medium_rotor,6,21592_c5e77a82,medium_rotor,0.999505,True
23026_e6f08109,medium_rotor,7,20860_b8e9a191,medium_rotor,0.999242,True
23026_e6f08109,medium_rotor,8,20544_43691724,high_complexity_rotor,0.998883,False
23026_e6f08109,medium_rotor,9,20858_15bdad00,medium_rotor,0.998752,True
23026_e6f08109,medium_rotor,10,22075_12b129d5,simple_rotor,0.998235,False
20822_5bb36119,simple_rotor,1,20682_e208cc63,symmetric_rotor,1.0,False
20822_5bb36119,simple_rotor,2,20807_88c198d5,simple_rotor,1.0,True
20822_5bb36119,simple_rotor,3,22057_4947db57,symmetric_rotor,1.0,False
20822_5bb36119,simple_rotor,4,22762_dcbdd14d,symmetric_rotor,1.0,False
20822_5bb36119,simple_rotor,5,23101_6aec02ee,high_complexity_rotor,1.0,False
20822_5bb36119,simple_rotor,6,20451_557fe5cd,simple_rotor,1.0,True
20822_5bb36119,simple_rotor,7,20451_84d8b290,simple_rotor,1.0,True
20822_5bb36119,simple_rotor,8,20216_89b90993,simple_rotor,1.0,True
20822_5bb36119,simple_rotor,9,20477_633cca4f,high_complexity_rotor,1.0,False
20822_5bb36119,simple_rotor,10,22311_553b3456,symmetric_rotor,1.0,False
22405_20f11d58,high_complexity_rotor,1,20672_0bc07cce,simple_rotor,1.0,False
22405_20f11d58,high_complexity_rotor,2,22843_ff77027f,simple_rotor,1.0,False
22405_20f11d58,high_complexity_rotor,3,22727_c514268a,medium_rotor,1.0,False
22405_20f11d58,high_complexity_rotor,4,23502_5a80f907,medium_rotor,1.0,False
22405_20f11d58,high_complexity_rotor,5,23048_8a1a5553,high_complexity_rotor,1.0,True
22405_20f11d58,high_complexity_rotor,6,22528_f3370a64,high_complexity_rotor,1.0,True
22405_20f11d58,high_complexity_rotor,7,20322_5a8c6077,medium_rotor,1.0,False
22405_20f11d58,high_complexity_rotor,8,20231_f54462bb,simple_rotor,1.0,False
22405_20f11d58,high_complexity_rotor,9,21884_cc2c39f9,medium_rotor,1.0,False
22405_20f11d58,high_complexity_rotor,10,21274_2fb8c3f5,simple_rotor,1.0,False
20188_98b86c0f,simple_rotor,1,22534_e899f645,medium_rotor,1.0,False
20188_98b86c0f,simple_rotor,2,22729_232da678,medium_rotor,1.0,False
20188_98b86c0f,simple_rotor,3,23265_07de6a0b,simple_rotor,1.0,True
20188_98b86c0f,simple_rotor,4,22196_0deb2e34,medium_rotor,1.0,False
20188_98b86c0f,simple_rotor,5,22011_0832eefe,medium_rotor,1.0,False
20188_98b86c0f,simple_rotor,6,22073_951645ae,simple_rotor,1.0,True
20188_98b86c0f,simple_rotor,7,21275_c8049742,medium_rotor,1.0,False
20188_98b86c0f,simple_rotor,8,23244_34b5f55e,simple_rotor,1.0,True
20188_98b86c0f,simple_rotor,9,21469_abec26c4,simple_rotor,1.0,True
20188_98b86c0f,simple_rotor,10,19518_f220b68a,simple_rotor,1.0,True
20349_a12428da,medium_rotor,1,22534_e899f645,medium_rotor,0.999998,True
20349_a12428da,medium_rotor,2,22133_465d7a91,simple_rotor,0.999998,False
20349_a12428da,medium_rotor,3,22196_0deb2e34,medium_rotor,0.999998,True
20349_a12428da,medium_rotor,4,22011_0832eefe,medium_rotor,0.999998,True
20349_a12428da,medium_rotor,5,20193_2da4f0a0,simple_rotor,0.999998,False
20349_a12428da,medium_rotor,6,22073_951645ae,simple_rotor,0.999998,False
20349_a12428da,medium_rotor,7,21275_c8049742,medium_rotor,0.999998,True
20349_a12428da,medium_rotor,8,23244_34b5f55e,simple_rotor,0.999998,False
20349_a12428da,medium_rotor,9,23265_07de6a0b,simple_rotor,0.999998,False
20349_a12428da,medium_rotor,10,21469_abec26c4,simple_rotor,0.999998,False
21244_24c3ce72,complex_assembly,1,22404_66db7dd7,complex_assembly,0.999995,True
21244_24c3ce72,complex_assembly,2,22378_234fea2c,simple_rotor,0.999941,False
21244_24c3ce72,complex_assembly,3,21165_5cb2d287,simple_rotor,0.999941,False
21244_24c3ce72,complex_assembly,4,23226_8d1b5098,complex_assembly,0.999941,True
21244_24c3ce72,complex_assembly,5,22227_aca28ff2,simple_rotor,0.999941,False
21244_24c3ce72,complex_assembly,6,20671_33532794,simple_rotor,0.999941,False
21244_24c3ce72,complex_assembly,7,23215_08a54de0,simple_rotor,0.999941,False
21244_24c3ce72,complex_assembly,8,20436_41b730a3,simple_rotor,0.999941,False
21244_24c3ce72,complex_assembly,9,20186_f66e4ad3,simple_rotor,0.999941,False
21244_24c3ce72,complex_assembly,10,21028_d4d30a2e,medium_rotor,0.99991,False
21274_2fb8c3f5,simple_rotor,1,20672_0bc07cce,simple_rotor,1.0,True
21274_2fb8c3f5,simple_rotor,2,22843_ff77027f,simple_rotor,1.0,True
21274_2fb8c3f5,simple_rotor,3,22727_c514268a,medium_rotor,1.0,False
21274_2fb8c3f5,simple_rotor,4,23502_5a80f907,medium_rotor,1.0,False
21274_2fb8c3f5,simple_rotor,5,23048_8a1a5553,high_complexity_rotor,1.0,False
21274_2fb8c3f5,simple_rotor,6,22528_f3370a64,high_complexity_rotor,1.0,False
21274_2fb8c3f5,simple_rotor,7,20322_5a8c6077,medium_rotor,1.0,False
21274_2fb8c3f5,simple_rotor,8,20231_f54462bb,simple_rotor,1.0,True
21274_2fb8c3f5,simple_rotor,9,21884_cc2c39f9,medium_rotor,1.0,False
21274_2fb8c3f5,simple_rotor,10,22405_20f11d58,high_complexity_rotor,1.0,False
20898_5f5b9bc7,simple_rotor,1,20672_0bc07cce,simple_rotor,1.0,True
20898_5f5b9bc7,simple_rotor,2,22843_ff77027f,simple_rotor,1.0,True
20898_5f5b9bc7,simple_rotor,3,22727_c514268a,medium_rotor,1.0,False
20898_5f5b9bc7,simple_rotor,4,23502_5a80f907,medium_rotor,1.0,False
20898_5f5b9bc7,simple_rotor,5,23048_8a1a5553,high_complexity_rotor,1.0,False
20898_5f5b9bc7,simple_rotor,6,22528_f3370a64,high_complexity_rotor,1.0,False
20898_5f5b9bc7,simple_rotor,7,20322_5a8c6077,medium_rotor,1.0,False
20898_5f5b9bc7,simple_rotor,8,20231_f54462bb,simple_rotor,1.0,True
20898_5f5b9bc7,simple_rotor,9,21884_cc2c39f9,medium_rotor,1.0,False
20898_5f5b9bc7,simple_rotor,10,22405_20f11d58,high_complexity_rotor,1.0,False
22440_014f1bac,medium_rotor,1,22666_bdaa1303,medium_rotor,1.0,True
22440_014f1bac,medium_rotor,2,23123_f35404c4,complex_assembly,1.0,False
22440_014f1bac,medium_rotor,3,23271_f833d903,complex_assembly,0.999999,False
22440_014f1bac,medium_rotor,4,23466_1cf60d09,medium_rotor,0.999993,True
22440_014f1bac,medium_rotor,5,23363_60e39812,medium_rotor,0.99999,True
22440_014f1bac,medium_rotor,6,22199_8ec9eeb2,medium_rotor,0.999987,True
22440_014f1bac,medium_rotor,7,20176_a02bde39,medium_rotor,0.999985,True
22440_014f1bac,medium_rotor,8,22126_e1cca10f,medium_rotor,0.999984,True
22440_014f1bac,medium_rotor,9,19518_f220b68a,simple_rotor,0.999982,False
22440_014f1bac,medium_rotor,10,22491_a33562ad,complex_assembly,0.999982,False
22199_8ec9eeb2,medium_rotor,1,20176_a02bde39,medium_rotor,1.0,True
22199_8ec9eeb2,medium_rotor,2,23363_60e39812,medium_rotor,1.0,True
22199_8ec9eeb2,medium_rotor,3,22126_e1cca10f,medium_rotor,1.0,True
22199_8ec9eeb2,medium_rotor,4,21912_3f74887c,medium_rotor,0.999999,True
22199_8ec9eeb2,medium_rotor,5,21528_a5d5490f,medium_rotor,0.999999,True
22199_8ec9eeb2,medium_rotor,6,23466_1cf60d09,medium_rotor,0.999999,True
22199_8ec9eeb2,medium_rotor,7,21009_907a2a95,medium_rotor,0.999998,True
22199_8ec9eeb2,medium_rotor,8,22776_facf9bcf,medium_rotor,0.999996,True
22199_8ec9eeb2,medium_rotor,9,22002_315afcfc,medium_rotor,0.999993,True
22199_8ec9eeb2,medium_rotor,10,21918_976c2754,high_complexity_rotor,0.999993,False
22729_232da678,medium_rotor,1,22534_e899f645,medium_rotor,1.0,True
22729_232da678,medium_rotor,2,22133_465d7a91,simple_rotor,1.0,False
22729_232da678,medium_rotor,3,23265_07de6a0b,simple_rotor,1.0,False
22729_232da678,medium_rotor,4,22196_0deb2e34,medium_rotor,1.0,True
22729_232da678,medium_rotor,5,22011_0832eefe,medium_rotor,1.0,True
22729_232da678,medium_rotor,6,22073_951645ae,simple_rotor,1.0,False
22729_232da678,medium_rotor,7,21275_c8049742,medium_rotor,1.0,True
22729_232da678,medium_rotor,8,23244_34b5f55e,simple_rotor,1.0,False
22729_232da678,medium_rotor,9,21469_abec26c4,simple_rotor,1.0,False
22729_232da678,medium_rotor,10,19518_f220b68a,simple_rotor,1.0,False
20636_ca9eb29a,high_complexity_rotor,1,22214_b098105d,simple_rotor,0.999782,False
20636_ca9eb29a,high_complexity_rotor,2,22067_624b28e3,simple_rotor,0.999782,False
20636_ca9eb29a,high_complexity_rotor,3,21859_35124f79,complex_assembly,0.999753,False
20636_ca9eb29a,high_complexity_rotor,4,21365_ab403591,medium_rotor,0.999279,False
20636_ca9eb29a,high_complexity_rotor,5,21048_75cc125c,medium_rotor,0.999279,False
20636_ca9eb29a,high_complexity_rotor,6,21741_c6faf98e,complex_assembly,0.999279,False
20636_ca9eb29a,high_complexity_rotor,7,21503_34f299ca,medium_rotor,0.999238,False
20636_ca9eb29a,high_complexity_rotor,8,22492_047b125b,complex_assembly,0.999193,False
20636_ca9eb29a,high_complexity_rotor,9,21790_aaf9224a,medium_rotor,0.998405,False
20636_ca9eb29a,high_complexity_rotor,10,20239_49b65a55,medium_rotor,0.998251,False
21611_1d3ff1b6,simple_rotor,1,20672_0bc07cce,simple_rotor,1.0,True
21611_1d3ff1b6,simple_rotor,2,22843_ff77027f,simple_rotor,1.0,True
21611_1d3ff1b6,simple_rotor,3,22727_c514268a,medium_rotor,1.0,False
21611_1d3ff1b6,simple_rotor,4,23502_5a80f907,medium_rotor,1.0,False
21611_1d3ff1b6,simple_rotor,5,23048_8a1a5553,high_complexity_rotor,1.0,False
21611_1d3ff1b6,simple_rotor,6,22528_f3370a64,high_complexity_rotor,1.0,False
21611_1d3ff1b6,simple_rotor,7,20322_5a8c6077,medium_rotor,1.0,False
21611_1d3ff1b6,simple_rotor,8,20231_f54462bb,simple_rotor,1.0,True
21611_1d3ff1b6,simple_rotor,9,21884_cc2c39f9,medium_rotor,1.0,False
21611_1d3ff1b6,simple_rotor,10,22405_20f11d58,high_complexity_rotor,1.0,False
22125_e3a4cad4,complex_assembly,1,21492_8bd34fc1,complex_assembly,0.997497,True
22125_e3a4cad4,complex_assembly,2,21722_68aeba65,complex_assembly,0.992189,True
22125_e3a4cad4,complex_assembly,3,22028_776fbf0d,complex_assembly,0.955873,True
22125_e3a4cad4,complex_assembly,4,21647_6b6cca6f,complex_assembly,0.954651,True
22125_e3a4cad4,complex_assembly,5,22415_658c81dd,complex_assembly,0.954287,True
22125_e3a4cad4,complex_assembly,6,22717_08784417,complex_assembly,0.935998,True
22125_e3a4cad4,complex_assembly,7,23419_ea47995f,complex_assembly,0.927909,True
22125_e3a4cad4,complex_assembly,8,22306_c3dca308,complex_assembly,0.918677,True
22125_e3a4cad4,complex_assembly,9,20546_87dbd755,complex_assembly,0.911786,True
22125_e3a4cad4,complex_assembly,10,22211_b1ee53f0,complex_assembly,0.909767,True
21979_29f59427,high_complexity_rotor,1,21552_4e9c19b1,medium_rotor,1.0,False
21979_29f59427,high_complexity_rotor,2,21352_d60bc953,complex_assembly,1.0,False
21979_29f59427,high_complexity_rotor,3,21718_1551037b,complex_assembly,0.999774,False
21979_29f59427,high_complexity_rotor,4,21941_1a683ec2,complex_assembly,0.999747,False
21979_29f59427,high_complexity_rotor,5,22378_234fea2c,simple_rotor,0.999577,False
21979_29f59427,high_complexity_rotor,6,20671_33532794,simple_rotor,0.999577,False
21979_29f59427,high_complexity_rotor,7,21165_5cb2d287,simple_rotor,0.999577,False
21979_29f59427,high_complexity_rotor,8,20186_f66e4ad3,simple_rotor,0.999577,False
21979_29f59427,high_complexity_rotor,9,23215_08a54de0,simple_rotor,0.999577,False
21979_29f59427,high_complexity_rotor,10,20436_41b730a3,simple_rotor,0.999577,False
21048_75cc125c,medium_rotor,1,21365_ab403591,medium_rotor,1.0,True
21048_75cc125c,medium_rotor,2,21741_c6faf98e,complex_assembly,1.0,False
21048_75cc125c,medium_rotor,3,21859_35124f79,complex_assembly,0.999876,False
21048_75cc125c,medium_rotor,4,20239_49b65a55,medium_rotor,0.999775,True
21048_75cc125c,medium_rotor,5,20421_38b63ca5,medium_rotor,0.999485,True
21048_75cc125c,medium_rotor,6,20636_ca9eb29a,high_complexity_rotor,0.999279,False
21048_75cc125c,medium_rotor,7,21708_e61bd657,complex_assembly,0.998332,False
21048_75cc125c,medium_rotor,8,22067_624b28e3,simple_rotor,0.998269,False
21048_75cc125c,medium_rotor,9,22214_b098105d,simple_rotor,0.998269,False
21048_75cc125c,medium_rotor,10,20260_4a01a99d,high_complexity_rotor,0.997815,False
21831_54ca67d1,symmetric_rotor,1,21839_a8eb6d34,high_complexity_rotor,1.0,False
21831_54ca67d1,symmetric_rotor,2,21825_ce32b0a0,simple_rotor,1.0,False
21831_54ca67d1,symmetric_rotor,3,22080_594bcb66,symmetric_rotor,1.0,True
21831_54ca67d1,symmetric_rotor,4,21133_f9a1614e,symmetric_rotor,1.0,True
21831_54ca67d1,symmetric_rotor,5,21329_1bfecd1d,high_complexity_rotor,1.0,False
21831_54ca67d1,symmetric_rotor,6,21840_6847d36c,symmetric_rotor,0.999999,True
21831_54ca67d1,symmetric_rotor,7,20419_8ce893b6,symmetric_rotor,0.999999,True
21831_54ca67d1,symmetric_rotor,8,21838_5bc448b4,high_complexity_rotor,0.999999,False
21831_54ca67d1,symmetric_rotor,9,21828_21ab2114,symmetric_rotor,0.999999,True
21831_54ca67d1,symmetric_rotor,10,20989_885bd9b9,simple_rotor,0.999999,False
22586_ff3651b2,medium_rotor,1,20672_0bc07cce,simple_rotor,1.0,False
22586_ff3651b2,medium_rotor,2,22843_ff77027f,simple_rotor,1.0,False
22586_ff3651b2,medium_rotor,3,22727_c514268a,medium_rotor,1.0,True
22586_ff3651b2,medium_rotor,4,23502_5a80f907,medium_rotor,1.0,True
22586_ff3651b2,medium_rotor,5,23048_8a1a5553,high_complexity_rotor,1.0,False
22586_ff3651b2,medium_rotor,6,22528_f3370a64,high_complexity_rotor,1.0,False
22586_ff3651b2,medium_rotor,7,20322_5a8c6077,medium_rotor,1.0,True
22586_ff3651b2,medium_rotor,8,20231_f54462bb,simple_rotor,1.0,False
22586_ff3651b2,medium_rotor,9,21884_cc2c39f9,medium_rotor,1.0,True
22586_ff3651b2,medium_rotor,10,22405_20f11d58,high_complexity_rotor,1.0,False
21422_b2a6bf27,simple_rotor,1,21776_fb0bfbc6,simple_rotor,1.0,True
21422_b2a6bf27,simple_rotor,2,20241_ccb70dc8,simple_rotor,1.0,True
21422_b2a6bf27,simple_rotor,3,22135_2aa77ff2,simple_rotor,1.0,True
21422_b2a6bf27,simple_rotor,4,21451_fea6f0d1,simple_rotor,1.0,True
21422_b2a6bf27,simple_rotor,5,20951_2918f2fa,simple_rotor,1.0,True
21422_b2a6bf27,simple_rotor,6,20241_8c0d3f83,simple_rotor,1.0,True
21422_b2a6bf27,simple_rotor,7,21911_429c1a72,simple_rotor,0.996986,True
21422_b2a6bf27,simple_rotor,8,22787_49022c32,complex_assembly,0.995854,False
21422_b2a6bf27,simple_rotor,9,21994_357aac6f,simple_rotor,0.995033,True
21422_b2a6bf27,simple_rotor,10,22085_e039a7d3,medium_rotor,0.993825,False
23259_d655fcc1,symmetric_rotor,1,23178_eb4b4280,symmetric_rotor,1.0,True
23259_d655fcc1,symmetric_rotor,2,21810_718ae2fe,simple_rotor,1.0,False
23259_d655fcc1,symmetric_rotor,3,21497_9833a679,symmetric_rotor,1.0,True
23259_d655fcc1,symmetric_rotor,4,20438_5f344b00,simple_rotor,1.0,False
23259_d655fcc1,symmetric_rotor,5,21271_ec7f62b8,symmetric_rotor,0.999999,True
23259_d655fcc1,symmetric_rotor,6,23438_b1ef78f4,symmetric_rotor,0.999999,True
23259_d655fcc1,symmetric_rotor,7,20225_4ce6d59b,symmetric_rotor,0.999999,True
23259_d655fcc1,symmetric_rotor,8,21692_777db9e2,symmetric_rotor,0.999999,True
23259_d655fcc1,symmetric_rotor,9,22659_0e686e14,symmetric_rotor,0.999999,True
23259_d655fcc1,symmetric_rotor,10,22434_2ad62ed6,symmetric_rotor,0.999999,True
21497_9833a679,symmetric_rotor,1,23178_eb4b4280,symmetric_rotor,1.0,True
21497_9833a679,symmetric_rotor,2,21810_718ae2fe,simple_rotor,1.0,False
21497_9833a679,symmetric_rotor,3,23259_d655fcc1,symmetric_rotor,1.0,True
21497_9833a679,symmetric_rotor,4,20438_5f344b00,simple_rotor,1.0,False
21497_9833a679,symmetric_rotor,5,21271_ec7f62b8,symmetric_rotor,0.999999,True
21497_9833a679,symmetric_rotor,6,23438_b1ef78f4,symmetric_rotor,0.999999,True
21497_9833a679,symmetric_rotor,7,20225_4ce6d59b,symmetric_rotor,0.999999,True
21497_9833a679,symmetric_rotor,8,21692_777db9e2,symmetric_rotor,0.999999,True
21497_9833a679,symmetric_rotor,9,22659_0e686e14,symmetric_rotor,0.999999,True
21497_9833a679,symmetric_rotor,10,22434_2ad62ed6,symmetric_rotor,0.999999,True
22245_ca848576,symmetric_rotor,1,21174_861bd902,high_complexity_rotor,0.999999,False
22245_ca848576,symmetric_rotor,2,23155_d7305c5f,high_complexity_rotor,0.99998,False
22245_ca848576,symmetric_rotor,3,22421_19401bdd,high_complexity_rotor,0.999939,False
22245_ca848576,symmetric_rotor,4,22312_3f366a4a,symmetric_rotor,0.999939,True
22245_ca848576,symmetric_rotor,5,23170_6ea8ded5,symmetric_rotor,0.99992,True
22245_ca848576,symmetric_rotor,6,22304_33009be6,simple_rotor,0.99992,False
22245_ca848576,symmetric_rotor,7,21849_a5f563a6,high_complexity_rotor,0.999916,False
22245_ca848576,symmetric_rotor,8,22278_12f1fb79,high_complexity_rotor,0.9999,False
22245_ca848576,symmetric_rotor,9,22027_11a2e852,high_complexity_rotor,0.999899,False
22245_ca848576,symmetric_rotor,10,20697_d3e106b4,high_complexity_rotor,0.999899,False
21848_0fff9631,simple_rotor,1,20672_0bc07cce,simple_rotor,1.0,True
21848_0fff9631,simple_rotor,2,22843_ff77027f,simple_rotor,1.0,True
21848_0fff9631,simple_rotor,3,22727_c514268a,medium_rotor,1.0,False
21848_0fff9631,simple_rotor,4,23502_5a80f907,medium_rotor,1.0,False
21848_0fff9631,simple_rotor,5,23048_8a1a5553,high_complexity_rotor,1.0,False
21848_0fff9631,simple_rotor,6,22528_f3370a64,high_complexity_rotor,1.0,False
21848_0fff9631,simple_rotor,7,20322_5a8c6077,medium_rotor,1.0,False
21848_0fff9631,simple_rotor,8,20231_f54462bb,simple_rotor,1.0,True
21848_0fff9631,simple_rotor,9,21884_cc2c39f9,medium_rotor,1.0,False
21848_0fff9631,simple_rotor,10,22405_20f11d58,high_complexity_rotor,1.0,False
20731_fbdc7731,simple_rotor,1,21961_1a090a8b,symmetric_rotor,1.0,False
20731_fbdc7731,simple_rotor,2,22893_eb8aa8ac,high_complexity_rotor,1.0,False
20731_fbdc7731,simple_rotor,3,20237_06b27bf5,symmetric_rotor,1.0,False
20731_fbdc7731,simple_rotor,4,22416_4cd31921,high_complexity_rotor,1.0,False
20731_fbdc7731,simple_rotor,5,22365_a4eb929c,symmetric_rotor,1.0,False
20731_fbdc7731,simple_rotor,6,22026_62afa265,simple_rotor,1.0,True
20731_fbdc7731,simple_rotor,7,21248_0a862e3e,symmetric_rotor,1.0,False
20731_fbdc7731,simple_rotor,8,22892_68138f24,symmetric_rotor,1.0,False
20731_fbdc7731,simple_rotor,9,20421_0fd51709,high_complexity_rotor,1.0,False
20731_fbdc7731,simple_rotor,10,22367_b4a67e61,simple_rotor,1.0,True
21015_10304cb9,simple_rotor,1,23321_c9497b79,simple_rotor,1.0,True
21015_10304cb9,simple_rotor,2,21557_53eafe15,complex_assembly,0.999997,False
21015_10304cb9,simple_rotor,3,21533_8837772a,simple_rotor,0.999979,True
21015_10304cb9,simple_rotor,4,22053_de30641b,simple_rotor,0.999948,True
21015_10304cb9,simple_rotor,5,20287_072b5bf6,high_complexity_rotor,0.999948,False
21015_10304cb9,simple_rotor,6,20259_de1ab632,simple_rotor,0.999884,True
21015_10304cb9,simple_rotor,7,22224_1e749c32,medium_rotor,0.999884,False
21015_10304cb9,simple_rotor,8,20278_d442e77d,medium_rotor,0.999811,False
21015_10304cb9,simple_rotor,9,22377_d490f505,simple_rotor,0.999736,True
21015_10304cb9,simple_rotor,10,20332_0c2a24aa,simple_rotor,0.999736,True
23210_f535bfd2,simple_rotor,1,23132_1847c4ef,medium_rotor,1.0,False
23210_f535bfd2,simple_rotor,2,20232_e5b060d9,simple_rotor,1.0,True
23210_f535bfd2,simple_rotor,3,23236_d5867507,simple_rotor,1.0,True
23210_f535bfd2,simple_rotor,4,23218_02d26ab4,simple_rotor,0.999997,True
23210_f535bfd2,simple_rotor,5,21236_b696e901,complex_assembly,0.999991,False
23210_f535bfd2,simple_rotor,6,22341_0f9c52ed,medium_rotor,0.999987,False
23210_f535bfd2,simple_rotor,7,21421_fb12b69b,complex_assembly,0.999976,False
23210_f535bfd2,simple_rotor,8,23342_7193a931,simple_rotor,0.999956,True
23210_f535bfd2,simple_rotor,9,22980_3cb3bcc8,medium_rotor,0.999956,False
23210_f535bfd2,simple_rotor,10,21923_41fa6eda,medium_rotor,0.999946,False
22784_bcace961,medium_rotor,1,21700_28d193ac,high_complexity_rotor,0.0,False
22784_bcace961,medium_rotor,2,23342_7193a931,simple_rotor,0.0,False
22784_bcace961,medium_rotor,3,22652_dc7405ef,high_complexity_rotor,0.0,False
22784_bcace961,medium_rotor,4,21974_1997ebc3,medium_rotor,0.0,True
22784_bcace961,medium_rotor,5,21614_5d6afa62,simple_rotor,0.0,False
22784_bcace961,medium_rotor,6,21051_5d118b91,simple_rotor,0.0,False
22784_bcace961,medium_rotor,7,21570_9cb1d1c4,simple_rotor,0.0,False
22784_bcace961,medium_rotor,8,22900_09de4c7a,high_complexity_rotor,0.0,False
22784_bcace961,medium_rotor,9,21619_19435db0,simple_rotor,0.0,False
22784_bcace961,medium_rotor,10,23214_0c411aa1,medium_rotor,0.0,True
22630_b6010fff,medium_rotor,1,22079_31335df2,complex_assembly,0.999995,False
22630_b6010fff,medium_rotor,2,21164_de08f61e,medium_rotor,0.999993,True
22630_b6010fff,medium_rotor,3,20430_975b8dcf,high_complexity_rotor,0.99998,False
22630_b6010fff,medium_rotor,4,20260_4a01a99d,high_complexity_rotor,0.999949,False
22630_b6010fff,medium_rotor,5,20431_0088a0dd,medium_rotor,0.999949,True
22630_b6010fff,medium_rotor,6,20157_db99ab88,medium_rotor,0.999949,True
22630_b6010fff,medium_rotor,7,21069_508a9947,complex_assembly,0.999946,False
22630_b6010fff,medium_rotor,8,21700_28d193ac,high_complexity_rotor,0.999906,False
22630_b6010fff,medium_rotor,9,21708_e61bd657,complex_assembly,0.99983,False
22630_b6010fff,medium_rotor,10,21656_964b0c84,high_complexity_rotor,0.999745,False
20755_4b5e61bf,medium_rotor,1,20989_d1b8b0f8,medium_rotor,0.999996,True
20755_4b5e61bf,medium_rotor,2,20688_955aae0c,medium_rotor,0.999996,True
20755_4b5e61bf,medium_rotor,3,21244_d67bbabc,complex_assembly,0.999994,False
20755_4b5e61bf,medium_rotor,4,20899_a8d7c6d5,medium_rotor,0.999993,True
20755_4b5e61bf,medium_rotor,5,22980_3cb3bcc8,medium_rotor,0.999987,True
20755_4b5e61bf,medium_rotor,6,23342_7193a931,simple_rotor,0.999987,False
20755_4b5e61bf,medium_rotor,7,20892_b1f89c8d,medium_rotor,0.999974,True
20755_4b5e61bf,medium_rotor,8,23209_1592b0a4,simple_rotor,0.999974,False
20755_4b5e61bf,medium_rotor,9,20787_ed64ff5e,complex_assembly,0.999951,False
20755_4b5e61bf,medium_rotor,10,23218_02d26ab4,simple_rotor,0.999927,False
23002_4d53fb3f,high_complexity_rotor,1,20672_0bc07cce,simple_rotor,1.0,False
23002_4d53fb3f,high_complexity_rotor,2,22843_ff77027f,simple_rotor,1.0,False
23002_4d53fb3f,high_complexity_rotor,3,22727_c514268a,medium_rotor,1.0,False
23002_4d53fb3f,high_complexity_rotor,4,23502_5a80f907,medium_rotor,1.0,False
23002_4d53fb3f,high_complexity_rotor,5,23048_8a1a5553,high_complexity_rotor,1.0,True
23002_4d53fb3f,high_complexity_rotor,6,22528_f3370a64,high_complexity_rotor,1.0,True
23002_4d53fb3f,high_complexity_rotor,7,20322_5a8c6077,medium_rotor,1.0,False
23002_4d53fb3f,high_complexity_rotor,8,20231_f54462bb,simple_rotor,1.0,False
23002_4d53fb3f,high_complexity_rotor,9,21884_cc2c39f9,medium_rotor,1.0,False
23002_4d53fb3f,high_complexity_rotor,10,22405_20f11d58,high_complexity_rotor,1.0,True
20291_42287610,simple_rotor,1,20672_0bc07cce,simple_rotor,1.0,True
20291_42287610,simple_rotor,2,22843_ff77027f,simple_rotor,1.0,True
20291_42287610,simple_rotor,3,22727_c514268a,medium_rotor,1.0,False
20291_42287610,simple_rotor,4,23502_5a80f907,medium_rotor,1.0,False
20291_42287610,simple_rotor,5,23048_8a1a5553,high_complexity_rotor,1.0,False
20291_42287610,simple_rotor,6,22528_f3370a64,high_complexity_rotor,1.0,False
20291_42287610,simple_rotor,7,20322_5a8c6077,medium_rotor,1.0,False
20291_42287610,simple_rotor,8,20231_f54462bb,simple_rotor,1.0,True
20291_42287610,simple_rotor,9,21884_cc2c39f9,medium_rotor,1.0,False
20291_42287610,simple_rotor,10,22405_20f11d58,high_complexity_rotor,1.0,False
23245_ccd099b6,medium_rotor,1,23235_f9ccb8b0,complex_assembly,1.0,False
23245_ccd099b6,medium_rotor,2,21582_a3d32115,complex_assembly,0.999998,False
23245_ccd099b6,medium_rotor,3,22981_93f268ae,simple_rotor,0.999995,False
23245_ccd099b6,medium_rotor,4,21545_4384f96e,complex_assembly,0.999995,False
23245_ccd099b6,medium_rotor,5,22778_7d85debd,medium_rotor,0.999995,True
23245_ccd099b6,medium_rotor,6,21539_cfe1f7fd,medium_rotor,0.999988,True
23245_ccd099b6,medium_rotor,7,22228_1c82530b,medium_rotor,0.999986,True
23245_ccd099b6,medium_rotor,8,22232_cb53774e,medium_rotor,0.999977,True
23245_ccd099b6,medium_rotor,9,21986_67c5509a,complex_assembly,0.999967,False
23245_ccd099b6,medium_rotor,10,22298_51433023,complex_assembly,0.999959,False
21580_b8b2571b,high_complexity_rotor,1,21008_a3fec63b,medium_rotor,0.999993,False
21580_b8b2571b,high_complexity_rotor,2,22021_520ec8c3,medium_rotor,0.999993,False
21580_b8b2571b,high_complexity_rotor,3,21391_78fc6345,simple_rotor,0.999993,False
21580_b8b2571b,high_complexity_rotor,4,21718_1551037b,complex_assembly,0.999969,False
21580_b8b2571b,high_complexity_rotor,5,21979_29f59427,high_complexity_rotor,0.999576,True
21580_b8b2571b,high_complexity_rotor,6,21552_4e9c19b1,medium_rotor,0.999576,False
21580_b8b2571b,high_complexity_rotor,7,21352_d60bc953,complex_assembly,0.999555,False
21580_b8b2571b,high_complexity_rotor,8,20163_3742f394,medium_rotor,0.999447,False
21580_b8b2571b,high_complexity_rotor,9,22035_101c7ab4,medium_rotor,0.998725,False
21580_b8b2571b,high_complexity_rotor,10,21941_1a683ec2,complex_assembly,0.998668,False
21365_ab403591,medium_rotor,1,21741_c6faf98e,complex_assembly,1.0,False
21365_ab403591,medium_rotor,2,21048_75cc125c,medium_rotor,1.0,True
21365_ab403591,medium_rotor,3,21859_35124f79,complex_assembly,0.999876,False
21365_ab403591,medium_rotor,4,20239_49b65a55,medium_rotor,0.999775,True
21365_ab403591,medium_rotor,5,20421_38b63ca5,medium_rotor,0.999485,True
21365_ab403591,medium_rotor,6,20636_ca9eb29a,high_complexity_rotor,0.999279,False
21365_ab403591,medium_rotor,7,21708_e61bd657,complex_assembly,0.998332,False
21365_ab403591,medium_rotor,8,22067_624b28e3,simple_rotor,0.998269,False
21365_ab403591,medium_rotor,9,22214_b098105d,simple_rotor,0.998269,False
21365_ab403591,medium_rotor,10,20260_4a01a99d,high_complexity_rotor,0.997815,False
22014_5880c417,simple_rotor,1,22078_1758e9fc,medium_rotor,1.0,False
22014_5880c417,simple_rotor,2,22017_6d3be48d,medium_rotor,1.0,False
22014_5880c417,simple_rotor,3,21357_9edfc0a0,simple_rotor,1.0,True
22014_5880c417,simple_rotor,4,23374_57cca189,medium_rotor,1.0,False
22014_5880c417,simple_rotor,5,22862_f5406bb0,simple_rotor,1.0,True
22014_5880c417,simple_rotor,6,21424_9d516e3a,medium_rotor,1.0,False
22014_5880c417,simple_rotor,7,20841_1620ae7d,simple_rotor,1.0,True
22014_5880c417,simple_rotor,8,23162_7e2f3d77,complex_assembly,1.0,False
22014_5880c417,simple_rotor,9,23305_2662b29a,medium_rotor,0.999953,False
22014_5880c417,simple_rotor,10,21351_675c66b1,complex_assembly,0.999853,False
21630_316322ff,simple_rotor,1,20672_0bc07cce,simple_rotor,1.0,True
21630_316322ff,simple_rotor,2,22843_ff77027f,simple_rotor,1.0,True
21630_316322ff,simple_rotor,3,22727_c514268a,medium_rotor,1.0,False
21630_316322ff,simple_rotor,4,23502_5a80f907,medium_rotor,1.0,False
21630_316322ff,simple_rotor,5,23048_8a1a5553,high_complexity_rotor,1.0,False
21630_316322ff,simple_rotor,6,22528_f3370a64,high_complexity_rotor,1.0,False
21630_316322ff,simple_rotor,7,20322_5a8c6077,medium_rotor,1.0,False
21630_316322ff,simple_rotor,8,20231_f54462bb,simple_rotor,1.0,True
21630_316322ff,simple_rotor,9,21884_cc2c39f9,medium_rotor,1.0,False
21630_316322ff,simple_rotor,10,22405_20f11d58,high_complexity_rotor,1.0,False
22349_6f67a96e,simple_rotor,1,20672_0bc07cce,simple_rotor,1.0,True
22349_6f67a96e,simple_rotor,2,22843_ff77027f,simple_rotor,1.0,True
22349_6f67a96e,simple_rotor,3,22727_c514268a,medium_rotor,1.0,False
22349_6f67a96e,simple_rotor,4,23502_5a80f907,medium_rotor,1.0,False
22349_6f67a96e,simple_rotor,5,23048_8a1a5553,high_complexity_rotor,1.0,False
22349_6f67a96e,simple_rotor,6,22528_f3370a64,high_complexity_rotor,1.0,False
22349_6f67a96e,simple_rotor,7,20322_5a8c6077,medium_rotor,1.0,False
22349_6f67a96e,simple_rotor,8,20231_f54462bb,simple_rotor,1.0,True
22349_6f67a96e,simple_rotor,9,21884_cc2c39f9,medium_rotor,1.0,False
22349_6f67a96e,simple_rotor,10,22405_20f11d58,high_complexity_rotor,1.0,False
21316_69ed56f5,complex_assembly,1,23511_8651ac1f,high_complexity_rotor,0.908704,False
21316_69ed56f5,complex_assembly,2,22415_658c81dd,complex_assembly,0.862904,True
21316_69ed56f5,complex_assembly,3,21982_bdafa78d,symmetric_rotor,0.86147,False
21316_69ed56f5,complex_assembly,4,22717_08784417,complex_assembly,0.80989,True
21316_69ed56f5,complex_assembly,5,22125_e3a4cad4,complex_assembly,0.808327,True
21316_69ed56f5,complex_assembly,6,20245_f1b25d43,high_complexity_rotor,0.799225,False
21316_69ed56f5,complex_assembly,7,21647_6b6cca6f,complex_assembly,0.79553,True
21316_69ed56f5,complex_assembly,8,23154_7c74d190,high_complexity_rotor,0.789567,False
21316_69ed56f5,complex_assembly,9,21924_bbd9f7a9,high_complexity_rotor,0.786339,False
21316_69ed56f5,complex_assembly,10,21492_8bd34fc1,complex_assembly,0.778544,True
20281_a29f9a18,medium_rotor,1,21005_9feee615,high_complexity_rotor,1.0,False
20281_a29f9a18,medium_rotor,2,23318_65e3a7c9,medium_rotor,1.0,True
20281_a29f9a18,medium_rotor,3,22180_ce7c3bd8,simple_rotor,1.0,False
20281_a29f9a18,medium_rotor,4,23044_9a964a68,medium_rotor,0.999998,True
20281_a29f9a18,medium_rotor,5,21809_8bd6b10e,high_complexity_rotor,0.999991,False
20281_a29f9a18,medium_rotor,6,23322_8f85d82d,medium_rotor,0.999987,True
20281_a29f9a18,medium_rotor,7,21202_e452c491,medium_rotor,0.999977,True
20281_a29f9a18,medium_rotor,8,21292_f94bd96b,medium_rotor,0.999967,True
20281_a29f9a18,medium_rotor,9,22131_6b4b60f8,simple_rotor,0.999967,False
20281_a29f9a18,medium_rotor,10,20646_4cd14a72,simple_rotor,0.999936,False
21243_3ec5d732,simple_rotor,1,20672_0bc07cce,simple_rotor,1.0,True
21243_3ec5d732,simple_rotor,2,22843_ff77027f,simple_rotor,1.0,True
21243_3ec5d732,simple_rotor,3,22727_c514268a,medium_rotor,1.0,False
21243_3ec5d732,simple_rotor,4,23502_5a80f907,medium_rotor,1.0,False
21243_3ec5d732,simple_rotor,5,23048_8a1a5553,high_complexity_rotor,1.0,False
21243_3ec5d732,simple_rotor,6,22528_f3370a64,high_complexity_rotor,1.0,False
21243_3ec5d732,simple_rotor,7,20322_5a8c6077,medium_rotor,1.0,False
21243_3ec5d732,simple_rotor,8,20231_f54462bb,simple_rotor,1.0,True
21243_3ec5d732,simple_rotor,9,21884_cc2c39f9,medium_rotor,1.0,False
21243_3ec5d732,simple_rotor,10,22405_20f11d58,high_complexity_rotor,1.0,False
21545_4384f96e,complex_assembly,1,22778_7d85debd,medium_rotor,1.0,False
21545_4384f96e,complex_assembly,2,22981_93f268ae,simple_rotor,1.0,False
21545_4384f96e,complex_assembly,3,21582_a3d32115,complex_assembly,0.999999,True
21545_4384f96e,complex_assembly,4,21539_cfe1f7fd,medium_rotor,0.999999,False
21545_4384f96e,complex_assembly,5,23245_ccd099b6,medium_rotor,0.999995,False
21545_4384f96e,complex_assembly,6,22232_cb53774e,medium_rotor,0.999994,False
21545_4384f96e,complex_assembly,7,23235_f9ccb8b0,complex_assembly,0.999993,True
21545_4384f96e,complex_assembly,8,23194_b675acc0,simple_rotor,0.999982,False
21545_4384f96e,complex_assembly,9,20952_b8a54213,complex_assembly,0.999976,True
21545_4384f96e,complex_assembly,10,22266_078a1f68,medium_rotor,0.999973,False
23258_87a2ba81,high_complexity_rotor,1,23233_ac09e2e5,high_complexity_rotor,0.999917,True
23258_87a2ba81,high_complexity_rotor,2,21709_4dd88551,high_complexity_rotor,0.99983,True
23258_87a2ba81,high_complexity_rotor,3,22638_37f9fe91,symmetric_rotor,0.99983,False
23258_87a2ba81,high_complexity_rotor,4,20279_aed6b3b3,high_complexity_rotor,0.999796,True
23258_87a2ba81,high_complexity_rotor,5,22654_4c426b0f,symmetric_rotor,0.999791,False
23258_87a2ba81,high_complexity_rotor,6,23468_a0bfb573,symmetric_rotor,0.999736,False
23258_87a2ba81,high_complexity_rotor,7,23309_76dcf100,high_complexity_rotor,0.999735,True
23258_87a2ba81,high_complexity_rotor,8,21204_96d26a7f,high_complexity_rotor,0.999735,True
23258_87a2ba81,high_complexity_rotor,9,21697_06656699,high_complexity_rotor,0.999718,True
23258_87a2ba81,high_complexity_rotor,10,20675_66ac9773,high_complexity_rotor,0.999717,True
21839_a8eb6d34,high_complexity_rotor,1,21329_1bfecd1d,high_complexity_rotor,1.0,True
21839_a8eb6d34,high_complexity_rotor,2,22080_594bcb66,symmetric_rotor,1.0,False
21839_a8eb6d34,high_complexity_rotor,3,21825_ce32b0a0,simple_rotor,1.0,False
21839_a8eb6d34,high_complexity_rotor,4,21133_f9a1614e,symmetric_rotor,1.0,False
21839_a8eb6d34,high_complexity_rotor,5,21831_54ca67d1,symmetric_rotor,1.0,False
21839_a8eb6d34,high_complexity_rotor,6,21840_6847d36c,symmetric_rotor,0.999999,False
21839_a8eb6d34,high_complexity_rotor,7,20419_8ce893b6,symmetric_rotor,0.999999,False
21839_a8eb6d34,high_complexity_rotor,8,21828_21ab2114,symmetric_rotor,0.999999,False
21839_a8eb6d34,high_complexity_rotor,9,21838_5bc448b4,high_complexity_rotor,0.999999,True
21839_a8eb6d34,high_complexity_rotor,10,20990_0a226634,symmetric_rotor,0.999999,False
23123_f35404c4,complex_assembly,1,22666_bdaa1303,medium_rotor,1.0,False
23123_f35404c4,complex_assembly,2,22440_014f1bac,medium_rotor,1.0,False
23123_f35404c4,complex_assembly,3,23271_f833d903,complex_assembly,0.999998,True
23123_f35404c4,complex_assembly,4,23466_1cf60d09,medium_rotor,0.999995,False
23123_f35404c4,complex_assembly,5,23363_60e39812,medium_rotor,0.999991,False
23123_f35404c4,complex_assembly,6,22199_8ec9eeb2,medium_rotor,0.999989,False
23123_f35404c4,complex_assembly,7,20176_a02bde39,medium_rotor,0.999987,False
23123_f35404c4,complex_assembly,8,22126_e1cca10f,medium_rotor,0.999986,False
23123_f35404c4,complex_assembly,9,21528_a5d5490f,medium_rotor,0.999982,False
23123_f35404c4,complex_assembly,10,21912_3f74887c,medium_rotor,0.999982,False
21425_d0d47a2a,high_complexity_rotor,1,20668_b2f2633e,high_complexity_rotor,1.0,True
21425_d0d47a2a,high_complexity_rotor,2,22483_f4e4b62a,complex_assembly,0.999938,False
21425_d0d47a2a,high_complexity_rotor,3,22376_3ebc82a2,medium_rotor,0.999921,False
21425_d0d47a2a,high_complexity_rotor,4,21790_aaf9224a,medium_rotor,0.999859,False
21425_d0d47a2a,high_complexity_rotor,5,22492_047b125b,complex_assembly,0.999452,False
21425_d0d47a2a,high_complexity_rotor,6,21503_34f299ca,medium_rotor,0.999414,False
21425_d0d47a2a,high_complexity_rotor,7,22680_1f4026f6,medium_rotor,0.998911,False
21425_d0d47a2a,high_complexity_rotor,8,22372_e91792a1,medium_rotor,0.998911,False
21425_d0d47a2a,high_complexity_rotor,9,22832_731d3b9f,medium_rotor,0.998911,False
21425_d0d47a2a,high_complexity_rotor,10,22214_b098105d,simple_rotor,0.998628,False
22419_dfeb5d33,high_complexity_rotor,1,23037_d0df320c,symmetric_rotor,1.0,False
22419_dfeb5d33,high_complexity_rotor,2,20225_4ce6d59b,symmetric_rotor,0.999999,False
22419_dfeb5d33,high_complexity_rotor,3,22434_2ad62ed6,symmetric_rotor,0.999999,False
22419_dfeb5d33,high_complexity_rotor,4,22659_0e686e14,symmetric_rotor,0.999999,False
22419_dfeb5d33,high_complexity_rotor,5,21692_777db9e2,symmetric_rotor,0.999999,False
22419_dfeb5d33,high_complexity_rotor,6,22893_eb8aa8ac,high_complexity_rotor,0.999999,True
22419_dfeb5d33,high_complexity_rotor,7,21862_ec534e16,simple_rotor,0.999999,False
22419_dfeb5d33,high_complexity_rotor,8,22155_ab18f2b6,symmetric_rotor,0.999999,False
22419_dfeb5d33,high_complexity_rotor,9,20421_0fd51709,high_complexity_rotor,0.999999,True
22419_dfeb5d33,high_complexity_rotor,10,22892_68138f24,symmetric_rotor,0.999999,False
21986_67c5509a,complex_assembly,1,22298_51433023,complex_assembly,1.0,True
21986_67c5509a,complex_assembly,2,23039_b3d04774,simple_rotor,0.999996,False
21986_67c5509a,complex_assembly,3,20421_83f66ddc,medium_rotor,0.999996,False
21986_67c5509a,complex_assembly,4,20421_49bd1188,medium_rotor,0.999996,False
21986_67c5509a,complex_assembly,5,22747_3f6faf4c,simple_rotor,0.999996,False
21986_67c5509a,complex_assembly,6,21745_56cbe841,medium_rotor,0.999996,False
21986_67c5509a,complex_assembly,7,22228_1c82530b,medium_rotor,0.999996,False
21986_67c5509a,complex_assembly,8,23235_f9ccb8b0,complex_assembly,0.999971,True
21986_67c5509a,complex_assembly,9,23245_ccd099b6,medium_rotor,0.999967,False
21986_67c5509a,complex_assembly,10,21582_a3d32115,complex_assembly,0.999951,True
21035_d308c5c4,medium_rotor,1,21337_062b39fa,high_complexity_rotor,1.0,False
21035_d308c5c4,medium_rotor,2,23422_f214bd4d,complex_assembly,0.999989,False
21035_d308c5c4,medium_rotor,3,22076_20e8a107,high_complexity_rotor,0.999873,False
21035_d308c5c4,medium_rotor,4,19566_19d85d3b,high_complexity_rotor,0.999627,False
21035_d308c5c4,medium_rotor,5,21153_a2fb81fe,high_complexity_rotor,0.999627,False
21035_d308c5c4,medium_rotor,6,23413_6702ec7f,medium_rotor,0.999627,True
21035_d308c5c4,medium_rotor,7,20351_dc6e4e1e,complex_assembly,0.999145,False
21035_d308c5c4,medium_rotor,8,20722_90d46353,medium_rotor,0.996227,True
21035_d308c5c4,medium_rotor,9,23368_648717d8,medium_rotor,0.99544,True
21035_d308c5c4,medium_rotor,10,7778_3a9748b3,complex_assembly,0.99507,False
21859_35124f79,complex_assembly,1,21048_75cc125c,medium_rotor,0.999876,False
21859_35124f79,complex_assembly,2,21741_c6faf98e,complex_assembly,0.999876,True
21859_35124f79,complex_assembly,3,21365_ab403591,medium_rotor,0.999876,False
21859_35124f79,complex_assembly,4,20636_ca9eb29a,high_complexity_rotor,0.999753,False
21859_35124f79,complex_assembly,5,20239_49b65a55,medium_rotor,0.999318,False
21859_35124f79,complex_assembly,6,22214_b098105d,simple_rotor,0.999071,False
21859_35124f79,complex_assembly,7,22067_624b28e3,simple_rotor,0.999071,False
21859_35124f79,complex_assembly,8,20421_38b63ca5,medium_rotor,0.998855,False
21859_35124f79,complex_assembly,9,21503_34f299ca,medium_rotor,0.998125,False
21859_35124f79,complex_assembly,10,22492_047b125b,complex_assembly,0.998054,True
22421_19401bdd,high_complexity_rotor,1,22312_3f366a4a,symmetric_rotor,1.0,False
22421_19401bdd,high_complexity_rotor,2,23170_6ea8ded5,symmetric_rotor,0.999999,False
22421_19401bdd,high_complexity_rotor,3,22304_33009be6,simple_rotor,0.999999,False
22421_19401bdd,high_complexity_rotor,4,20697_d3e106b4,high_complexity_rotor,0.999995,True
22421_19401bdd,high_complexity_rotor,5,21958_e48ddf4e,symmetric_rotor,0.999995,False
22421_19401bdd,high_complexity_rotor,6,22027_11a2e852,high_complexity_rotor,0.999995,True
22421_19401bdd,high_complexity_rotor,7,23155_d7305c5f,high_complexity_rotor,0.999989,True
22421_19401bdd,high_complexity_rotor,8,23329_6939d5d9,high_complexity_rotor,0.99998,True
22421_19401bdd,high_complexity_rotor,9,22241_535ad84b,simple_rotor,0.99998,False
22421_19401bdd,high_complexity_rotor,10,21849_a5f563a6,high_complexity_rotor,0.999977,True
22787_49022c32,complex_assembly,1,21994_357aac6f,simple_rotor,0.999963,False
22787_49022c32,complex_assembly,2,21911_429c1a72,simple_rotor,0.99991,False
22787_49022c32,complex_assembly,3,22085_e039a7d3,medium_rotor,0.999798,False
22787_49022c32,complex_assembly,4,22374_aa5bb54d,simple_rotor,0.999685,False
22787_49022c32,complex_assembly,5,22377_d490f505,simple_rotor,0.999685,False
22787_49022c32,complex_assembly,6,20756_75f43564,simple_rotor,0.999685,False
22787_49022c32,complex_assembly,7,20802_802b7d69,simple_rotor,0.999685,False
22787_49022c32,complex_assembly,8,20332_0c2a24aa,simple_rotor,0.999685,False
22787_49022c32,complex_assembly,9,20340_86125547,simple_rotor,0.999685,False
22787_49022c32,complex_assembly,10,20803_473c87ac,simple_rotor,0.999685,False
23103_66470b7e,simple_rotor,1,20672_0bc07cce,simple_rotor,1.0,True
23103_66470b7e,simple_rotor,2,22843_ff77027f,simple_rotor,1.0,True
23103_66470b7e,simple_rotor,3,22727_c514268a,medium_rotor,1.0,False
23103_66470b7e,simple_rotor,4,23502_5a80f907,medium_rotor,1.0,False
23103_66470b7e,simple_rotor,5,23048_8a1a5553,high_complexity_rotor,1.0,False
23103_66470b7e,simple_rotor,6,22528_f3370a64,high_complexity_rotor,1.0,False
23103_66470b7e,simple_rotor,7,20322_5a8c6077,medium_rotor,1.0,False
23103_66470b7e,simple_rotor,8,20231_f54462bb,simple_rotor,1.0,True
23103_66470b7e,simple_rotor,9,21884_cc2c39f9,medium_rotor,1.0,False
23103_66470b7e,simple_rotor,10,22405_20f11d58,high_complexity_rotor,1.0,False
20505_017d4cc4,medium_rotor,1,20165_2b088be5,high_complexity_rotor,0.999996,False
20505_017d4cc4,medium_rotor,2,20504_c9e14c9d,medium_rotor,0.999996,True
20505_017d4cc4,medium_rotor,3,20789_1809f41f,medium_rotor,0.999996,True
20505_017d4cc4,medium_rotor,4,22670_9353c710,complex_assembly,0.999996,False
20505_017d4cc4,medium_rotor,5,21626_b34008e6,medium_rotor,0.999988,True
20505_017d4cc4,medium_rotor,6,21513_50fb4d62,medium_rotor,0.999988,True
20505_017d4cc4,medium_rotor,7,20495_e8e7e80c,simple_rotor,0.999988,False
20505_017d4cc4,medium_rotor,8,22581_406c16c4,complex_assembly,0.999979,False
20505_017d4cc4,medium_rotor,9,22747_3f6faf4c,simple_rotor,0.999916,False
20505_017d4cc4,medium_rotor,10,21745_56cbe841,medium_rotor,0.999916,True
23044_9a964a68,medium_rotor,1,21005_9feee615,high_complexity_rotor,0.999998,False
23044_9a964a68,medium_rotor,2,20281_a29f9a18,medium_rotor,0.999998,True
23044_9a964a68,medium_rotor,3,23318_65e3a7c9,medium_rotor,0.999998,True
23044_9a964a68,medium_rotor,4,22180_ce7c3bd8,simple_rotor,0.999998,False
23044_9a964a68,medium_rotor,5,21809_8bd6b10e,high_complexity_rotor,0.999997,False
23044_9a964a68,medium_rotor,6,23322_8f85d82d,medium_rotor,0.999976,True
23044_9a964a68,medium_rotor,7,21202_e452c491,medium_rotor,0.999963,True
23044_9a964a68,medium_rotor,8,20647_cea2e07c,simple_rotor,0.999955,False
23044_9a964a68,medium_rotor,9,21326_ab4d6c43,simple_rotor,0.999955,False
23044_9a964a68,medium_rotor,10,20293_a1999339,high_complexity_rotor,0.999955,False
20682_e208cc63,symmetric_rotor,1,20477_633cca4f,high_complexity_rotor,1.0,False
20682_e208cc63,symmetric_rotor,2,20926_4c0f33f6,symmetric_rotor,1.0,True
20682_e208cc63,symmetric_rotor,3,22057_4947db57,symmetric_rotor,1.0,True
20682_e208cc63,symmetric_rotor,4,23103_43bde2a6,simple_rotor,1.0,False
20682_e208cc63,symmetric_rotor,5,23101_6aec02ee,high_complexity_rotor,1.0,False
20682_e208cc63,symmetric_rotor,6,20451_84d8b290,simple_rotor,1.0,False
20682_e208cc63,symmetric_rotor,7,20216_89b90993,simple_rotor,1.0,False
20682_e208cc63,symmetric_rotor,8,20451_557fe5cd,simple_rotor,1.0,False
20682_e208cc63,symmetric_rotor,9,20807_88c198d5,simple_rotor,1.0,False
20682_e208cc63,symmetric_rotor,10,22311_553b3456,symmetric_rotor,1.0,True
21976_807c9b26,simple_rotor,1,22046_fe3bae6e,medium_rotor,1.0,False
21976_807c9b26,simple_rotor,2,21695_1f33863f,medium_rotor,1.0,False
21976_807c9b26,simple_rotor,3,20141_b9376856,medium_rotor,0.999999,False
21976_807c9b26,simple_rotor,4,22218_2f85f6ae,medium_rotor,0.999995,False
21976_807c9b26,simple_rotor,5,21529_93e51dd9,medium_rotor,0.999995,False
21976_807c9b26,simple_rotor,6,23041_8d3ea25c,medium_rotor,0.999995,False
21976_807c9b26,simple_rotor,7,22040_6461a147,medium_rotor,0.999995,False
21976_807c9b26,simple_rotor,8,21024_9be3d461,high_complexity_rotor,0.999992,False
21976_807c9b26,simple_rotor,9,22061_b50b6b66,medium_rotor,0.999992,False
21976_807c9b26,simple_rotor,10,22270_c6999138,simple_rotor,0.999992,True
21865_c190b734,simple_rotor,1,20672_0bc07cce,simple_rotor,1.0,True
21865_c190b734,simple_rotor,2,22843_ff77027f,simple_rotor,1.0,True
21865_c190b734,simple_rotor,3,22727_c514268a,medium_rotor,1.0,False
21865_c190b734,simple_rotor,4,23502_5a80f907,medium_rotor,1.0,False
21865_c190b734,simple_rotor,5,23048_8a1a5553,high_complexity_rotor,1.0,False
21865_c190b734,simple_rotor,6,22528_f3370a64,high_complexity_rotor,1.0,False
21865_c190b734,simple_rotor,7,20322_5a8c6077,medium_rotor,1.0,False
21865_c190b734,simple_rotor,8,20231_f54462bb,simple_rotor,1.0,True
21865_c190b734,simple_rotor,9,21884_cc2c39f9,medium_rotor,1.0,False
21865_c190b734,simple_rotor,10,22405_20f11d58,high_complexity_rotor,1.0,False
20426_79358492,simple_rotor,1,21700_28d193ac,high_complexity_rotor,0.0,False
20426_79358492,simple_rotor,2,21563_c72d37a2,medium_rotor,0.0,False
20426_79358492,simple_rotor,3,20341_6a1588fb,simple_rotor,0.0,True
20426_79358492,simple_rotor,4,22652_dc7405ef,high_complexity_rotor,0.0,False
20426_79358492,simple_rotor,5,21974_1997ebc3,medium_rotor,0.0,False
20426_79358492,simple_rotor,6,21614_5d6afa62,simple_rotor,0.0,True
20426_79358492,simple_rotor,7,21051_5d118b91,simple_rotor,0.0,True
20426_79358492,simple_rotor,8,21570_9cb1d1c4,simple_rotor,0.0,True
20426_79358492,simple_rotor,9,22900_09de4c7a,high_complexity_rotor,0.0,False
20426_79358492,simple_rotor,10,21619_19435db0,simple_rotor,0.0,True
22076_20e8a107,high_complexity_rotor,1,23422_f214bd4d,complex_assembly,0.999937,False
22076_20e8a107,high_complexity_rotor,2,21337_062b39fa,high_complexity_rotor,0.999873,True
22076_20e8a107,high_complexity_rotor,3,21035_d308c5c4,medium_rotor,0.999873,False
22076_20e8a107,high_complexity_rotor,4,20351_dc6e4e1e,complex_assembly,0.999677,False
22076_20e8a107,high_complexity_rotor,5,21153_a2fb81fe,high_complexity_rotor,0.999064,True
22076_20e8a107,high_complexity_rotor,6,19566_19d85d3b,high_complexity_rotor,0.999064,True
22076_20e8a107,high_complexity_rotor,7,23413_6702ec7f,medium_rotor,0.999064,False
22076_20e8a107,high_complexity_rotor,8,20722_90d46353,medium_rotor,0.997484,False
22076_20e8a107,high_complexity_rotor,9,20622_38dd90d0,high_complexity_rotor,0.996102,True
22076_20e8a107,high_complexity_rotor,10,21719_d60b8a4a,medium_rotor,0.994564,False
23217_7c6062e3,high_complexity_rotor,1,20745_3e22ad07,high_complexity_rotor,1.0,True
23217_7c6062e3,high_complexity_rotor,2,21990_7bb6efcf,simple_rotor,0.999999,False
23217_7c6062e3,high_complexity_rotor,3,23377_690165aa,high_complexity_rotor,0.999976,True
23217_7c6062e3,high_complexity_rotor,4,23168_7fdf5427,high_complexity_rotor,0.999969,True
23217_7c6062e3,high_complexity_rotor,5,21685_93737a7a,high_complexity_rotor,0.999956,True
23217_7c6062e3,high_complexity_rotor,6,22278_12f1fb79,high_complexity_rotor,0.999955,True
23217_7c6062e3,high_complexity_rotor,7,20991_6795af4f,high_complexity_rotor,0.9999,True
23217_7c6062e3,high_complexity_rotor,8,21300_ec7da33e,high_complexity_rotor,0.999851,True
23217_7c6062e3,high_complexity_rotor,9,20792_d2ea0500,symmetric_rotor,0.999758,False
23217_7c6062e3,high_complexity_rotor,10,22245_ca848576,symmetric_rotor,0.999721,False
23408_e5fd25ba,simple_rotor,1,20672_0bc07cce,simple_rotor,1.0,True
23408_e5fd25ba,simple_rotor,2,22843_ff77027f,simple_rotor,1.0,True
23408_e5fd25ba,simple_rotor,3,22727_c514268a,medium_rotor,1.0,False
23408_e5fd25ba,simple_rotor,4,23502_5a80f907,medium_rotor,1.0,False
23408_e5fd25ba,simple_rotor,5,23048_8a1a5553,high_complexity_rotor,1.0,False
23408_e5fd25ba,simple_rotor,6,22528_f3370a64,high_complexity_rotor,1.0,False
23408_e5fd25ba,simple_rotor,7,20322_5a8c6077,medium_rotor,1.0,False
23408_e5fd25ba,simple_rotor,8,20231_f54462bb,simple_rotor,1.0,True
23408_e5fd25ba,simple_rotor,9,21884_cc2c39f9,medium_rotor,1.0,False
23408_e5fd25ba,simple_rotor,10,22405_20f11d58,high_complexity_rotor,1.0,False
22443_fa24c6f9,medium_rotor,1,20672_0bc07cce,simple_rotor,1.0,False
22443_fa24c6f9,medium_rotor,2,22843_ff77027f,simple_rotor,1.0,False
22443_fa24c6f9,medium_rotor,3,22727_c514268a,medium_rotor,1.0,True
22443_fa24c6f9,medium_rotor,4,23502_5a80f907,medium_rotor,1.0,True
22443_fa24c6f9,medium_rotor,5,23048_8a1a5553,high_complexity_rotor,1.0,False
22443_fa24c6f9,medium_rotor,6,22528_f3370a64,high_complexity_rotor,1.0,False
22443_fa24c6f9,medium_rotor,7,20322_5a8c6077,medium_rotor,1.0,True
22443_fa24c6f9,medium_rotor,8,20231_f54462bb,simple_rotor,1.0,False
22443_fa24c6f9,medium_rotor,9,21884_cc2c39f9,medium_rotor,1.0,True
22443_fa24c6f9,medium_rotor,10,22405_20f11d58,high_complexity_rotor,1.0,False
21706_adfb2ece,medium_rotor,1,20672_0bc07cce,simple_rotor,1.0,False
21706_adfb2ece,medium_rotor,2,22843_ff77027f,simple_rotor,1.0,False
21706_adfb2ece,medium_rotor,3,22727_c514268a,medium_rotor,1.0,True
21706_adfb2ece,medium_rotor,4,23502_5a80f907,medium_rotor,1.0,True
21706_adfb2ece,medium_rotor,5,23048_8a1a5553,high_complexity_rotor,1.0,False
21706_adfb2ece,medium_rotor,6,22528_f3370a64,high_complexity_rotor,1.0,False
21706_adfb2ece,medium_rotor,7,20322_5a8c6077,medium_rotor,1.0,True
21706_adfb2ece,medium_rotor,8,20231_f54462bb,simple_rotor,1.0,False
21706_adfb2ece,medium_rotor,9,21884_cc2c39f9,medium_rotor,1.0,True
21706_adfb2ece,medium_rotor,10,22405_20f11d58,high_complexity_rotor,1.0,False
23265_07de6a0b,simple_rotor,1,22534_e899f645,medium_rotor,1.0,False
23265_07de6a0b,simple_rotor,2,22729_232da678,medium_rotor,1.0,False
23265_07de6a0b,simple_rotor,3,22197_94c66357,medium_rotor,1.0,False
23265_07de6a0b,simple_rotor,4,19518_f220b68a,simple_rotor,1.0,True
23265_07de6a0b,simple_rotor,5,22073_951645ae,simple_rotor,1.0,True
23265_07de6a0b,simple_rotor,6,20193_2da4f0a0,simple_rotor,1.0,True
23265_07de6a0b,simple_rotor,7,22133_465d7a91,simple_rotor,1.0,True
23265_07de6a0b,simple_rotor,8,22196_0deb2e34,medium_rotor,1.0,False
23265_07de6a0b,simple_rotor,9,22011_0832eefe,medium_rotor,1.0,False
23265_07de6a0b,simple_rotor,10,21275_c8049742,medium_rotor,1.0,False
21745_56cbe841,medium_rotor,1,20421_49bd1188,medium_rotor,1.0,True
21745_56cbe841,medium_rotor,2,23039_b3d04774,simple_rotor,1.0,False
21745_56cbe841,medium_rotor,3,22747_3f6faf4c,simple_rotor,1.0,False
21745_56cbe841,medium_rotor,4,20421_83f66ddc,medium_rotor,1.0,True
21745_56cbe841,medium_rotor,5,22298_51433023,complex_assembly,0.999998,False
21745_56cbe841,medium_rotor,6,21986_67c5509a,complex_assembly,0.999996,False
21745_56cbe841,medium_rotor,7,22228_1c82530b,medium_rotor,0.999984,True
21745_56cbe841,medium_rotor,8,20165_2b088be5,high_complexity_rotor,0.999948,False
21745_56cbe841,medium_rotor,9,20789_1809f41f,medium_rotor,0.999948,True
21745_56cbe841,medium_rotor,10,20504_c9e14c9d,medium_rotor,0.999948,True
20466_4b3e5186,simple_rotor,1,21700_28d193ac,high_complexity_rotor,0.0,False
20466_4b3e5186,simple_rotor,2,21563_c72d37a2,medium_rotor,0.0,False
20466_4b3e5186,simple_rotor,3,20341_6a1588fb,simple_rotor,0.0,True
20466_4b3e5186,simple_rotor,4,22652_dc7405ef,high_complexity_rotor,0.0,False
20466_4b3e5186,simple_rotor,5,21974_1997ebc3,medium_rotor,0.0,False
20466_4b3e5186,simple_rotor,6,21614_5d6afa62,simple_rotor,0.0,True
20466_4b3e5186,simple_rotor,7,21051_5d118b91,simple_rotor,0.0,True
20466_4b3e5186,simple_rotor,8,21570_9cb1d1c4,simple_rotor,0.0,True
20466_4b3e5186,simple_rotor,9,22900_09de4c7a,high_complexity_rotor,0.0,False
20466_4b3e5186,simple_rotor,10,21619_19435db0,simple_rotor,0.0,True
21695_1f33863f,medium_rotor,1,22046_fe3bae6e,medium_rotor,1.0,True
21695_1f33863f,medium_rotor,2,21976_807c9b26,simple_rotor,1.0,False
21695_1f33863f,medium_rotor,3,20141_b9376856,medium_rotor,0.999999,True
21695_1f33863f,medium_rotor,4,22218_2f85f6ae,medium_rotor,0.999995,True
21695_1f33863f,medium_rotor,5,21529_93e51dd9,medium_rotor,0.999995,True
21695_1f33863f,medium_rotor,6,23041_8d3ea25c,medium_rotor,0.999995,True
21695_1f33863f,medium_rotor,7,22040_6461a147,medium_rotor,0.999995,True
21695_1f33863f,medium_rotor,8,21024_9be3d461,high_complexity_rotor,0.999992,False
21695_1f33863f,medium_rotor,9,22061_b50b6b66,medium_rotor,0.999992,True
21695_1f33863f,medium_rotor,10,22270_c6999138,simple_rotor,0.999992,False
19518_f220b68a,simple_rotor,1,22491_a33562ad,complex_assembly,1.0,False
19518_f220b68a,simple_rotor,2,22534_e899f645,medium_rotor,1.0,False
19518_f220b68a,simple_rotor,3,22729_232da678,medium_rotor,1.0,False
19518_f220b68a,simple_rotor,4,22197_94c66357,medium_rotor,1.0,False
19518_f220b68a,simple_rotor,5,23265_07de6a0b,simple_rotor,1.0,True
19518_f220b68a,simple_rotor,6,22073_951645ae,simple_rotor,1.0,True
19518_f220b68a,simple_rotor,7,20193_2da4f0a0,simple_rotor,1.0,True
19518_f220b68a,simple_rotor,8,22133_465d7a91,simple_rotor,1.0,True
19518_f220b68a,simple_rotor,9,22196_0deb2e34,medium_rotor,1.0,False
19518_f220b68a,simple_rotor,10,22011_0832eefe,medium_rotor,1.0,False
22313_3a8b93dc,medium_rotor,1,20672_0bc07cce,simple_rotor,1.0,False
22313_3a8b93dc,medium_rotor,2,22843_ff77027f,simple_rotor,1.0,False
22313_3a8b93dc,medium_rotor,3,22727_c514268a,medium_rotor,1.0,True
22313_3a8b93dc,medium_rotor,4,23502_5a80f907,medium_rotor,1.0,True
22313_3a8b93dc,medium_rotor,5,23048_8a1a5553,high_complexity_rotor,1.0,False
22313_3a8b93dc,medium_rotor,6,22528_f3370a64,high_complexity_rotor,1.0,False
22313_3a8b93dc,medium_rotor,7,20322_5a8c6077,medium_rotor,1.0,True
22313_3a8b93dc,medium_rotor,8,20231_f54462bb,simple_rotor,1.0,False
22313_3a8b93dc,medium_rotor,9,21884_cc2c39f9,medium_rotor,1.0,True
22313_3a8b93dc,medium_rotor,10,22405_20f11d58,high_complexity_rotor,1.0,False
22251_88fd728c,medium_rotor,1,20672_0bc07cce,simple_rotor,1.0,False
22251_88fd728c,medium_rotor,2,22843_ff77027f,simple_rotor,1.0,False
22251_88fd728c,medium_rotor,3,22727_c514268a,medium_rotor,1.0,True
22251_88fd728c,medium_rotor,4,23502_5a80f907,medium_rotor,1.0,True
22251_88fd728c,medium_rotor,5,23048_8a1a5553,high_complexity_rotor,1.0,False
22251_88fd728c,medium_rotor,6,22528_f3370a64,high_complexity_rotor,1.0,False
22251_88fd728c,medium_rotor,7,20322_5a8c6077,medium_rotor,1.0,True
22251_88fd728c,medium_rotor,8,20231_f54462bb,simple_rotor,1.0,False
22251_88fd728c,medium_rotor,9,21884_cc2c39f9,medium_rotor,1.0,True
22251_88fd728c,medium_rotor,10,22405_20f11d58,high_complexity_rotor,1.0,False
21613_d57e983a,simple_rotor,1,20672_0bc07cce,simple_rotor,1.0,True
21613_d57e983a,simple_rotor,2,22843_ff77027f,simple_rotor,1.0,True
21613_d57e983a,simple_rotor,3,22727_c514268a,medium_rotor,1.0,False
21613_d57e983a,simple_rotor,4,23502_5a80f907,medium_rotor,1.0,False
21613_d57e983a,simple_rotor,5,23048_8a1a5553,high_complexity_rotor,1.0,False
21613_d57e983a,simple_rotor,6,22528_f3370a64,high_complexity_rotor,1.0,False
21613_d57e983a,simple_rotor,7,20322_5a8c6077,medium_rotor,1.0,False
21613_d57e983a,simple_rotor,8,20231_f54462bb,simple_rotor,1.0,True
21613_d57e983a,simple_rotor,9,21884_cc2c39f9,medium_rotor,1.0,False
21613_d57e983a,simple_rotor,10,22405_20f11d58,high_complexity_rotor,1.0,False
22067_624b28e3,simple_rotor,1,22214_b098105d,simple_rotor,1.0,True
22067_624b28e3,simple_rotor,2,21503_34f299ca,medium_rotor,0.999835,False
22067_624b28e3,simple_rotor,3,22492_047b125b,complex_assembly,0.999814,False
22067_624b28e3,simple_rotor,4,20636_ca9eb29a,high_complexity_rotor,0.999782,False
22067_624b28e3,simple_rotor,5,21790_aaf9224a,medium_rotor,0.999367,False
22067_624b28e3,simple_rotor,6,22376_3ebc82a2,medium_rotor,0.999206,False
22067_624b28e3,simple_rotor,7,22483_f4e4b62a,complex_assembly,0.999149,False
22067_624b28e3,simple_rotor,8,21859_35124f79,complex_assembly,0.999071,False
22067_624b28e3,simple_rotor,9,20668_b2f2633e,high_complexity_rotor,0.998628,False
22067_624b28e3,simple_rotor,10,21425_d0d47a2a,high_complexity_rotor,0.998628,False
21005_9feee615,high_complexity_rotor,1,22180_ce7c3bd8,simple_rotor,1.0,False
21005_9feee615,high_complexity_rotor,2,23318_65e3a7c9,medium_rotor,1.0,False
21005_9feee615,high_complexity_rotor,3,20281_a29f9a18,medium_rotor,1.0,False
21005_9feee615,high_complexity_rotor,4,23044_9a964a68,medium_rotor,0.999998,False
21005_9feee615,high_complexity_rotor,5,21809_8bd6b10e,high_complexity_rotor,0.999991,True
21005_9feee615,high_complexity_rotor,6,23322_8f85d82d,medium_rotor,0.999987,False
21005_9feee615,high_complexity_rotor,7,21202_e452c491,medium_rotor,0.999977,False
21005_9feee615,high_complexity_rotor,8,21292_f94bd96b,medium_rotor,0.999967,False
21005_9feee615,high_complexity_rotor,9,22131_6b4b60f8,simple_rotor,0.999967,False
21005_9feee615,high_complexity_rotor,10,20647_cea2e07c,simple_rotor,0.999936,False
23250_aa321310,simple_rotor,1,20672_0bc07cce,simple_rotor,1.0,True
23250_aa321310,simple_rotor,2,22843_ff77027f,simple_rotor,1.0,True
23250_aa321310,simple_rotor,3,22727_c514268a,medium_rotor,1.0,False
23250_aa321310,simple_rotor,4,23502_5a80f907,medium_rotor,1.0,False
23250_aa321310,simple_rotor,5,23048_8a1a5553,high_complexity_rotor,1.0,False
23250_aa321310,simple_rotor,6,22528_f3370a64,high_complexity_rotor,1.0,False
23250_aa321310,simple_rotor,7,20322_5a8c6077,medium_rotor,1.0,False
23250_aa321310,simple_rotor,8,20231_f54462bb,simple_rotor,1.0,True
23250_aa321310,simple_rotor,9,21884_cc2c39f9,medium_rotor,1.0,False
23250_aa321310,simple_rotor,10,22405_20f11d58,high_complexity_rotor,1.0,False
23155_d7305c5f,high_complexity_rotor,1,21174_861bd902,high_complexity_rotor,0.999989,True
23155_d7305c5f,high_complexity_rotor,2,22421_19401bdd,high_complexity_rotor,0.999989,True
23155_d7305c5f,high_complexity_rotor,3,22312_3f366a4a,symmetric_rotor,0.999989,False
23155_d7305c5f,high_complexity_rotor,4,22245_ca848576,symmetric_rotor,0.99998,False
23155_d7305c5f,high_complexity_rotor,5,23170_6ea8ded5,symmetric_rotor,0.99998,False
23155_d7305c5f,high_complexity_rotor,6,22304_33009be6,simple_rotor,0.99998,False
23155_d7305c5f,high_complexity_rotor,7,22027_11a2e852,high_complexity_rotor,0.999969,True
23155_d7305c5f,high_complexity_rotor,8,21958_e48ddf4e,symmetric_rotor,0.999969,False
23155_d7305c5f,high_complexity_rotor,9,20697_d3e106b4,high_complexity_rotor,0.999969,True
23155_d7305c5f,high_complexity_rotor,10,21849_a5f563a6,high_complexity_rotor,0.999966,True
22749_346e10ae,simple_rotor,1,20672_0bc07cce,simple_rotor,1.0,True
22749_346e10ae,simple_rotor,2,22843_ff77027f,simple_rotor,1.0,True
22749_346e10ae,simple_rotor,3,22727_c514268a,medium_rotor,1.0,False
22749_346e10ae,simple_rotor,4,23502_5a80f907,medium_rotor,1.0,False
22749_346e10ae,simple_rotor,5,23048_8a1a5553,high_complexity_rotor,1.0,False
22749_346e10ae,simple_rotor,6,22528_f3370a64,high_complexity_rotor,1.0,False
22749_346e10ae,simple_rotor,7,20322_5a8c6077,medium_rotor,1.0,False
22749_346e10ae,simple_rotor,8,20231_f54462bb,simple_rotor,1.0,True
22749_346e10ae,simple_rotor,9,21884_cc2c39f9,medium_rotor,1.0,False
22749_346e10ae,simple_rotor,10,22405_20f11d58,high_complexity_rotor,1.0,False
20818_098cad7c,high_complexity_rotor,1,20279_aed6b3b3,high_complexity_rotor,0.999671,True
20818_098cad7c,high_complexity_rotor,2,20959_d4905d19,high_complexity_rotor,0.999562,True
20818_098cad7c,high_complexity_rotor,3,22652_dc7405ef,high_complexity_rotor,0.999555,True
20818_098cad7c,high_complexity_rotor,4,21797_69df08d5,high_complexity_rotor,0.999484,True
20818_098cad7c,high_complexity_rotor,5,21697_06656699,high_complexity_rotor,0.99937,True
20818_098cad7c,high_complexity_rotor,6,20502_58b65de9,symmetric_rotor,0.999355,False
20818_098cad7c,high_complexity_rotor,7,21709_4dd88551,high_complexity_rotor,0.999259,True
20818_098cad7c,high_complexity_rotor,8,22638_37f9fe91,symmetric_rotor,0.999259,False
20818_098cad7c,high_complexity_rotor,9,23258_87a2ba81,high_complexity_rotor,0.999234,True
20818_098cad7c,high_complexity_rotor,10,21836_5bc91e49,symmetric_rotor,0.999233,False
7780_6c885e81,symmetric_rotor,1,21176_b5c72bfb,symmetric_rotor,0.999999,True
7780_6c885e81,symmetric_rotor,2,22894_5f7c276d,high_complexity_rotor,0.99998,False
7780_6c885e81,symmetric_rotor,3,22259_613f9d44,symmetric_rotor,0.999977,True
7780_6c885e81,symmetric_rotor,4,21511_d07c59c2,high_complexity_rotor,0.999976,False
7780_6c885e81,symmetric_rotor,5,21490_d07ff9f8,symmetric_rotor,0.999976,True
7780_6c885e81,symmetric_rotor,6,21467_67965037,symmetric_rotor,0.999976,True
7780_6c885e81,symmetric_rotor,7,20970_d20c6c35,symmetric_rotor,0.999972,True
7780_6c885e81,symmetric_rotor,8,23221_42f37ae3,symmetric_rotor,0.999966,True
7780_6c885e81,symmetric_rotor,9,22050_e8702dd4,symmetric_rotor,0.999908,True
7780_6c885e81,symmetric_rotor,10,23127_38d73061,symmetric_rotor,0.999904,True
21581_8f948e0b,simple_rotor,1,20672_0bc07cce,simple_rotor,1.0,True
21581_8f948e0b,simple_rotor,2,22843_ff77027f,simple_rotor,1.0,True
21581_8f948e0b,simple_rotor,3,22727_c514268a,medium_rotor,1.0,False
21581_8f948e0b,simple_rotor,4,23502_5a80f907,medium_rotor,1.0,False
21581_8f948e0b,simple_rotor,5,23048_8a1a5553,high_complexity_rotor,1.0,False
21581_8f948e0b,simple_rotor,6,22528_f3370a64,high_complexity_rotor,1.0,False
21581_8f948e0b,simple_rotor,7,20322_5a8c6077,medium_rotor,1.0,False
21581_8f948e0b,simple_rotor,8,20231_f54462bb,simple_rotor,1.0,True
21581_8f948e0b,simple_rotor,9,21884_cc2c39f9,medium_rotor,1.0,False
21581_8f948e0b,simple_rotor,10,22405_20f11d58,high_complexity_rotor,1.0,False
20186_f66e4ad3,simple_rotor,1,22378_234fea2c,simple_rotor,1.0,True
20186_f66e4ad3,simple_rotor,2,20671_33532794,simple_rotor,1.0,True
20186_f66e4ad3,simple_rotor,3,23226_8d1b5098,complex_assembly,1.0,False
20186_f66e4ad3,simple_rotor,4,23215_08a54de0,simple_rotor,1.0,True
20186_f66e4ad3,simple_rotor,5,21165_5cb2d287,simple_rotor,1.0,True
20186_f66e4ad3,simple_rotor,6,22227_aca28ff2,simple_rotor,1.0,True
20186_f66e4ad3,simple_rotor,7,20436_41b730a3,simple_rotor,1.0,True
20186_f66e4ad3,simple_rotor,8,21941_1a683ec2,complex_assembly,0.999978,False
20186_f66e4ad3,simple_rotor,9,22404_66db7dd7,complex_assembly,0.99997,False
20186_f66e4ad3,simple_rotor,10,21244_24c3ce72,complex_assembly,0.999941,False
23322_8f85d82d,medium_rotor,1,21202_e452c491,medium_rotor,0.999999,True
23322_8f85d82d,medium_rotor,2,22131_6b4b60f8,simple_rotor,0.999996,False
23322_8f85d82d,medium_rotor,3,21292_f94bd96b,medium_rotor,0.999996,True
23322_8f85d82d,medium_rotor,4,21005_9feee615,high_complexity_rotor,0.999987,False
23322_8f85d82d,medium_rotor,5,22180_ce7c3bd8,simple_rotor,0.999987,False
23322_8f85d82d,medium_rotor,6,23318_65e3a7c9,medium_rotor,0.999987,True
23322_8f85d82d,medium_rotor,7,20281_a29f9a18,medium_rotor,0.999987,True
23322_8f85d82d,medium_rotor,8,23044_9a964a68,medium_rotor,0.999976,True
23322_8f85d82d,medium_rotor,9,21809_8bd6b10e,high_complexity_rotor,0.999955,False
23322_8f85d82d,medium_rotor,10,20278_d442e77d,medium_rotor,0.999954,True
23235_f9ccb8b0,complex_assembly,1,23245_ccd099b6,medium_rotor,1.0,False
23235_f9ccb8b0,complex_assembly,2,21582_a3d32115,complex_assembly,0.999997,True
23235_f9ccb8b0,complex_assembly,3,22981_93f268ae,simple_rotor,0.999993,False
23235_f9ccb8b0,complex_assembly,4,21545_4384f96e,complex_assembly,0.999993,True
23235_f9ccb8b0,complex_assembly,5,22778_7d85debd,medium_rotor,0.999993,False
23235_f9ccb8b0,complex_assembly,6,22228_1c82530b,medium_rotor,0.999989,False
23235_f9ccb8b0,complex_assembly,7,21539_cfe1f7fd,medium_rotor,0.999985,False
23235_f9ccb8b0,complex_assembly,8,22232_cb53774e,medium_rotor,0.999973,False
23235_f9ccb8b0,complex_assembly,9,21986_67c5509a,complex_assembly,0.999971,True
23235_f9ccb8b0,complex_assembly,10,22298_51433023,complex_assembly,0.999965,True
21528_a5d5490f,medium_rotor,1,21912_3f74887c,medium_rotor,1.0,True
21528_a5d5490f,medium_rotor,2,22126_e1cca10f,medium_rotor,1.0,True
21528_a5d5490f,medium_rotor,3,21009_907a2a95,medium_rotor,1.0,True
21528_a5d5490f,medium_rotor,4,20176_a02bde39,medium_rotor,1.0,True
21528_a5d5490f,medium_rotor,5,22199_8ec9eeb2,medium_rotor,0.999999,True
21528_a5d5490f,medium_rotor,6,22776_facf9bcf,medium_rotor,0.999999,True
21528_a5d5490f,medium_rotor,7,23363_60e39812,medium_rotor,0.999998,True
21528_a5d5490f,medium_rotor,8,22002_315afcfc,medium_rotor,0.999997,True
21528_a5d5490f,medium_rotor,9,23493_57512264,medium_rotor,0.999997,True
21528_a5d5490f,medium_rotor,10,21918_976c2754,high_complexity_rotor,0.999997,False
23466_1cf60d09,medium_rotor,1,23363_60e39812,medium_rotor,1.0,True
23466_1cf60d09,medium_rotor,2,22199_8ec9eeb2,medium_rotor,0.999999,True
23466_1cf60d09,medium_rotor,3,20176_a02bde39,medium_rotor,0.999998,True
23466_1cf60d09,medium_rotor,4,22126_e1cca10f,medium_rotor,0.999998,True
23466_1cf60d09,medium_rotor,5,21912_3f74887c,medium_rotor,0.999996,True
23466_1cf60d09,medium_rotor,6,21528_a5d5490f,medium_rotor,0.999996,True
23466_1cf60d09,medium_rotor,7,23123_f35404c4,complex_assembly,0.999995,False
23466_1cf60d09,medium_rotor,8,21009_907a2a95,medium_rotor,0.999994,True
23466_1cf60d09,medium_rotor,9,22666_bdaa1303,medium_rotor,0.999994,True
23466_1cf60d09,medium_rotor,10,22440_014f1bac,medium_rotor,0.999993,True
21467_67965037,symmetric_rotor,1,21490_d07ff9f8,symmetric_rotor,1.0,True
21467_67965037,symmetric_rotor,2,22259_613f9d44,symmetric_rotor,0.999999,True
21467_67965037,symmetric_rotor,3,22050_e8702dd4,symmetric_rotor,0.999977,True
21467_67965037,symmetric_rotor,4,7780_6c885e81,symmetric_rotor,0.999976,True
21467_67965037,symmetric_rotor,5,21977_ce9f4e71,high_complexity_rotor,0.999976,False
21467_67965037,symmetric_rotor,6,23320_e0711ae9,symmetric_rotor,0.999976,True
21467_67965037,symmetric_rotor,7,21352_c1101acb,high_complexity_rotor,0.999976,False
21467_67965037,symmetric_rotor,8,21176_b5c72bfb,symmetric_rotor,0.999972,True
21467_67965037,symmetric_rotor,9,22894_5f7c276d,high_complexity_rotor,0.999946,False
21467_67965037,symmetric_rotor,10,21551_c6c2d516,high_complexity_rotor,0.999908,False
20165_2b088be5,high_complexity_rotor,1,20789_1809f41f,medium_rotor,1.0,False
20165_2b088be5,high_complexity_rotor,2,22670_9353c710,complex_assembly,1.0,False
20165_2b088be5,high_complexity_rotor,3,20504_c9e14c9d,medium_rotor,1.0,False
20165_2b088be5,high_complexity_rotor,4,20505_017d4cc4,medium_rotor,0.999996,False
20165_2b088be5,high_complexity_rotor,5,21626_b34008e6,medium_rotor,0.999971,False
20165_2b088be5,high_complexity_rotor,6,21513_50fb4d62,medium_rotor,0.999971,False
20165_2b088be5,high_complexity_rotor,7,20495_e8e7e80c,simple_rotor,0.999971,False
20165_2b088be5,high_complexity_rotor,8,22581_406c16c4,complex_assembly,0.999957,False
20165_2b088be5,high_complexity_rotor,9,21745_56cbe841,medium_rotor,0.999948,False
20165_2b088be5,high_complexity_rotor,10,23039_b3d04774,simple_rotor,0.999948,False
22581_406c16c4,complex_assembly,1,21513_50fb4d62,medium_rotor,0.999999,False
22581_406c16c4,complex_assembly,2,21626_b34008e6,medium_rotor,0.999999,False
22581_406c16c4,complex_assembly,3,20495_e8e7e80c,simple_rotor,0.999999,False
22581_406c16c4,complex_assembly,4,20505_017d4cc4,medium_rotor,0.999979,False
22581_406c16c4,complex_assembly,5,20787_ed64ff5e,complex_assembly,0.999979,True
22581_406c16c4,complex_assembly,6,23209_1592b0a4,simple_rotor,0.999958,False
22581_406c16c4,complex_assembly,7,20892_b1f89c8d,medium_rotor,0.999958,False
22581_406c16c4,complex_assembly,8,20789_1809f41f,medium_rotor,0.999957,False
22581_406c16c4,complex_assembly,9,20504_c9e14c9d,medium_rotor,0.999957,False
22581_406c16c4,complex_assembly,10,20165_2b088be5,high_complexity_rotor,0.999957,False
21781_5985da6d,simple_rotor,1,20672_0bc07cce,simple_rotor,1.0,True
21781_5985da6d,simple_rotor,2,22843_ff77027f,simple_rotor,1.0,True
21781_5985da6d,simple_rotor,3,22727_c514268a,medium_rotor,1.0,False
21781_5985da6d,simple_rotor,4,23502_5a80f907,medium_rotor,1.0,False
21781_5985da6d,simple_rotor,5,23048_8a1a5553,high_complexity_rotor,1.0,False
21781_5985da6d,simple_rotor,6,22528_f3370a64,high_complexity_rotor,1.0,False
21781_5985da6d,simple_rotor,7,20322_5a8c6077,medium_rotor,1.0,False
21781_5985da6d,simple_rotor,8,20231_f54462bb,simple_rotor,1.0,True
21781_5985da6d,simple_rotor,9,21884_cc2c39f9,medium_rotor,1.0,False
21781_5985da6d,simple_rotor,10,22405_20f11d58,high_complexity_rotor,1.0,False
21267_35a558cc,simple_rotor,1,20672_0bc07cce,simple_rotor,1.0,True
21267_35a558cc,simple_rotor,2,22843_ff77027f,simple_rotor,1.0,True
21267_35a558cc,simple_rotor,3,22727_c514268a,medium_rotor,1.0,False
21267_35a558cc,simple_rotor,4,23502_5a80f907,medium_rotor,1.0,False
21267_35a558cc,simple_rotor,5,23048_8a1a5553,high_complexity_rotor,1.0,False
21267_35a558cc,simple_rotor,6,22528_f3370a64,high_complexity_rotor,1.0,False
21267_35a558cc,simple_rotor,7,20322_5a8c6077,medium_rotor,1.0,False
21267_35a558cc,simple_rotor,8,20231_f54462bb,simple_rotor,1.0,True
21267_35a558cc,simple_rotor,9,21884_cc2c39f9,medium_rotor,1.0,False
21267_35a558cc,simple_rotor,10,22405_20f11d58,high_complexity_rotor,1.0,False
21849_a5f563a6,high_complexity_rotor,1,22761_ca309655,symmetric_rotor,0.999995,False
21849_a5f563a6,high_complexity_rotor,2,22168_a84560a9,high_complexity_rotor,0.99998,True
21849_a5f563a6,high_complexity_rotor,3,22421_19401bdd,high_complexity_rotor,0.999977,True
21849_a5f563a6,high_complexity_rotor,4,22312_3f366a4a,symmetric_rotor,0.999977,False
21849_a5f563a6,high_complexity_rotor,5,22417_4a15d62e,high_complexity_rotor,0.999976,True
21849_a5f563a6,high_complexity_rotor,6,22304_33009be6,simple_rotor,0.999976,False
21849_a5f563a6,high_complexity_rotor,7,23170_6ea8ded5,symmetric_rotor,0.999976,False
21849_a5f563a6,high_complexity_rotor,8,21958_e48ddf4e,symmetric_rotor,0.999972,False
21849_a5f563a6,high_complexity_rotor,9,22027_11a2e852,high_complexity_rotor,0.999972,True
21849_a5f563a6,high_complexity_rotor,10,20697_d3e106b4,high_complexity_rotor,0.999972,True
20722_90d46353,medium_rotor,1,20622_38dd90d0,high_complexity_rotor,0.999849,False
20722_90d46353,medium_rotor,2,22681_124bf3a9,medium_rotor,0.999443,True
20722_90d46353,medium_rotor,3,21719_d60b8a4a,medium_rotor,0.999443,True
20722_90d46353,medium_rotor,4,20351_dc6e4e1e,complex_assembly,0.998963,False
20722_90d46353,medium_rotor,5,22442_7d5c5d5f,high_complexity_rotor,0.998088,False
20722_90d46353,medium_rotor,6,20431_27e7f151,medium_rotor,0.998088,True
20722_90d46353,medium_rotor,7,22076_20e8a107,high_complexity_rotor,0.997484,False
20722_90d46353,medium_rotor,8,23422_f214bd4d,complex_assembly,0.996623,False
20722_90d46353,medium_rotor,9,21337_062b39fa,high_complexity_rotor,0.996227,False
20722_90d46353,medium_rotor,10,21035_d308c5c4,medium_rotor,0.996227,True
23213_3df3cb34,medium_rotor,1,20672_0bc07cce,simple_rotor,1.0,False
23213_3df3cb34,medium_rotor,2,22843_ff77027f,simple_rotor,1.0,False
23213_3df3cb34,medium_rotor,3,22727_c514268a,medium_rotor,1.0,True
23213_3df3cb34,medium_rotor,4,23502_5a80f907,medium_rotor,1.0,True
23213_3df3cb34,medium_rotor,5,23048_8a1a5553,high_complexity_rotor,1.0,False
23213_3df3cb34,medium_rotor,6,22528_f3370a64,high_complexity_rotor,1.0,False
23213_3df3cb34,medium_rotor,7,20322_5a8c6077,medium_rotor,1.0,True
23213_3df3cb34,medium_rotor,8,20231_f54462bb,simple_rotor,1.0,False
23213_3df3cb34,medium_rotor,9,21884_cc2c39f9,medium_rotor,1.0,True
23213_3df3cb34,medium_rotor,10,22405_20f11d58,high_complexity_rotor,1.0,False
22073_951645ae,simple_rotor,1,22534_e899f645,medium_rotor,1.0,False
22073_951645ae,simple_rotor,2,22729_232da678,medium_rotor,1.0,False
22073_951645ae,simple_rotor,3,22197_94c66357,medium_rotor,1.0,False
22073_951645ae,simple_rotor,4,19518_f220b68a,simple_rotor,1.0,True
22073_951645ae,simple_rotor,5,23265_07de6a0b,simple_rotor,1.0,True
22073_951645ae,simple_rotor,6,20193_2da4f0a0,simple_rotor,1.0,True
22073_951645ae,simple_rotor,7,22133_465d7a91,simple_rotor,1.0,True
22073_951645ae,simple_rotor,8,22196_0deb2e34,medium_rotor,1.0,False
22073_951645ae,simple_rotor,9,22011_0832eefe,medium_rotor,1.0,False
22073_951645ae,simple_rotor,10,21275_c8049742,medium_rotor,1.0,False
22341_0f9c52ed,medium_rotor,1,21236_b696e901,complex_assembly,1.0,False
22341_0f9c52ed,medium_rotor,2,21421_fb12b69b,complex_assembly,0.999998,False
22341_0f9c52ed,medium_rotor,3,23236_d5867507,simple_rotor,0.999987,False
22341_0f9c52ed,medium_rotor,4,23210_f535bfd2,simple_rotor,0.999987,False
22341_0f9c52ed,medium_rotor,5,20232_e5b060d9,simple_rotor,0.999987,False
22341_0f9c52ed,medium_rotor,6,23132_1847c4ef,medium_rotor,0.999987,True
22341_0f9c52ed,medium_rotor,7,21923_41fa6eda,medium_rotor,0.999986,True
22341_0f9c52ed,medium_rotor,8,23218_02d26ab4,simple_rotor,0.999972,False
22341_0f9c52ed,medium_rotor,9,23282_a1b17daa,complex_assembly,0.99996,False
22341_0f9c52ed,medium_rotor,10,22357_e2f7b060,complex_assembly,0.99994,False
22075_12b129d5,simple_rotor,1,20672_0bc07cce,simple_rotor,1.0,True
22075_12b129d5,simple_rotor,2,22843_ff77027f,simple_rotor,1.0,True
22075_12b129d5,simple_rotor,3,22727_c514268a,medium_rotor,1.0,False
22075_12b129d5,simple_rotor,4,23502_5a80f907,medium_rotor,1.0,False
22075_12b129d5,simple_rotor,5,23048_8a1a5553,high_complexity_rotor,1.0,False
22075_12b129d5,simple_rotor,6,22528_f3370a64,high_complexity_rotor,1.0,False
22075_12b129d5,simple_rotor,7,20322_5a8c6077,medium_rotor,1.0,False
22075_12b129d5,simple_rotor,8,20231_f54462bb,simple_rotor,1.0,True
22075_12b129d5,simple_rotor,9,21884_cc2c39f9,medium_rotor,1.0,False
22075_12b129d5,simple_rotor,10,22405_20f11d58,high_complexity_rotor,1.0,False
22762_dcbdd14d,symmetric_rotor,1,20477_633cca4f,high_complexity_rotor,1.0,False
22762_dcbdd14d,symmetric_rotor,2,20926_4c0f33f6,symmetric_rotor,1.0,True
22762_dcbdd14d,symmetric_rotor,3,22057_4947db57,symmetric_rotor,1.0,True
22762_dcbdd14d,symmetric_rotor,4,23103_43bde2a6,simple_rotor,1.0,False
22762_dcbdd14d,symmetric_rotor,5,23101_6aec02ee,high_complexity_rotor,1.0,False
22762_dcbdd14d,symmetric_rotor,6,20451_84d8b290,simple_rotor,1.0,False
22762_dcbdd14d,symmetric_rotor,7,20216_89b90993,simple_rotor,1.0,False
22762_dcbdd14d,symmetric_rotor,8,20451_557fe5cd,simple_rotor,1.0,False
22762_dcbdd14d,symmetric_rotor,9,20807_88c198d5,simple_rotor,1.0,False
22762_dcbdd14d,symmetric_rotor,10,22311_553b3456,symmetric_rotor,1.0,True
21722_68aeba65,complex_assembly,1,21492_8bd34fc1,complex_assembly,0.998237,True
21722_68aeba65,complex_assembly,2,22125_e3a4cad4,complex_assembly,0.992189,True
21722_68aeba65,complex_assembly,3,22028_776fbf0d,complex_assembly,0.983381,True
21722_68aeba65,complex_assembly,4,21647_6b6cca6f,complex_assembly,0.977648,True
21722_68aeba65,complex_assembly,5,22415_658c81dd,complex_assembly,0.96635,True
21722_68aeba65,complex_assembly,6,23419_ea47995f,complex_assembly,0.961775,True
21722_68aeba65,complex_assembly,7,22717_08784417,complex_assembly,0.96132,True
21722_68aeba65,complex_assembly,8,22306_c3dca308,complex_assembly,0.95305,True
21722_68aeba65,complex_assembly,9,20546_87dbd755,complex_assembly,0.948584,True
21722_68aeba65,complex_assembly,10,23273_8f301ce3,complex_assembly,0.947451,True
22133_465d7a91,simple_rotor,1,22534_e899f645,medium_rotor,1.0,False
22133_465d7a91,simple_rotor,2,22729_232da678,medium_rotor,1.0,False
22133_465d7a91,simple_rotor,3,22197_94c66357,medium_rotor,1.0,False
22133_465d7a91,simple_rotor,4,19518_f220b68a,simple_rotor,1.0,True
22133_465d7a91,simple_rotor,5,23265_07de6a0b,simple_rotor,1.0,True
22133_465d7a91,simple_rotor,6,22073_951645ae,simple_rotor,1.0,True
22133_465d7a91,simple_rotor,7,20193_2da4f0a0,simple_rotor,1.0,True
22133_465d7a91,simple_rotor,8,22196_0deb2e34,medium_rotor,1.0,False
22133_465d7a91,simple_rotor,9,22011_0832eefe,medium_rotor,1.0,False
22133_465d7a91,simple_rotor,10,21275_c8049742,medium_rotor,1.0,False
21592_c5e77a82,medium_rotor,1,21282_b2d83538,medium_rotor,0.999962,True
21592_c5e77a82,medium_rotor,2,20544_43691724,high_complexity_rotor,0.999875,False
21592_c5e77a82,medium_rotor,3,20858_15bdad00,medium_rotor,0.999829,True
21592_c5e77a82,medium_rotor,4,22334_677d00e0,medium_rotor,0.999735,True
21592_c5e77a82,medium_rotor,5,23026_e6f08109,medium_rotor,0.999505,True
21592_c5e77a82,medium_rotor,6,20746_57a7b346,high_complexity_rotor,0.999251,False
21592_c5e77a82,medium_rotor,7,23495_6366269c,high_complexity_rotor,0.998764,False
21592_c5e77a82,medium_rotor,8,21989_a0b5037d,medium_rotor,0.998366,True
21592_c5e77a82,medium_rotor,9,21429_6d2d3974,medium_rotor,0.998145,True
21592_c5e77a82,medium_rotor,10,23501_6c48b3c1,medium_rotor,0.997793,True
21511_d07c59c2,high_complexity_rotor,1,20970_d20c6c35,symmetric_rotor,0.999999,False
21511_d07c59c2,high_complexity_rotor,2,23221_42f37ae3,symmetric_rotor,0.99998,False
21511_d07c59c2,high_complexity_rotor,3,21176_b5c72bfb,symmetric_rotor,0.999977,False
21511_d07c59c2,high_complexity_rotor,4,23127_38d73061,symmetric_rotor,0.999976,False
21511_d07c59c2,high_complexity_rotor,5,7780_6c885e81,symmetric_rotor,0.999976,False
21511_d07c59c2,high_complexity_rotor,6,21805_2ba39d00,high_complexity_rotor,0.999972,True
21511_d07c59c2,high_complexity_rotor,7,23467_9f431540,high_complexity_rotor,0.999972,True
21511_d07c59c2,high_complexity_rotor,8,22894_5f7c276d,high_complexity_rotor,0.999966,True
21511_d07c59c2,high_complexity_rotor,9,20737_5249e274,high_complexity_rotor,0.999908,True
21511_d07c59c2,high_complexity_rotor,10,22259_613f9d44,symmetric_rotor,0.999908,False
21994_357aac6f,simple_rotor,1,22787_49022c32,complex_assembly,0.999963,False
21994_357aac6f,simple_rotor,2,22085_e039a7d3,medium_rotor,0.999934,False
21994_357aac6f,simple_rotor,3,20803_473c87ac,simple_rotor,0.999864,True
21994_357aac6f,simple_rotor,4,22374_aa5bb54d,simple_rotor,0.999864,True
21994_357aac6f,simple_rotor,5,20814_5a2be0fb,simple_rotor,0.999864,True
21994_357aac6f,simple_rotor,6,20332_0c2a24aa,simple_rotor,0.999864,True
21994_357aac6f,simple_rotor,7,20340_86125547,simple_rotor,0.999864,True
21994_357aac6f,simple_rotor,8,20341_6a1588fb,simple_rotor,0.999864,True
21994_357aac6f,simple_rotor,9,22377_d490f505,simple_rotor,0.999864,True
21994_357aac6f,simple_rotor,10,20802_802b7d69,simple_rotor,0.999864,True
20671_33532794,simple_rotor,1,22378_234fea2c,simple_rotor,1.0,True
20671_33532794,simple_rotor,2,23215_08a54de0,simple_rotor,1.0,True
20671_33532794,simple_rotor,3,20186_f66e4ad3,simple_rotor,1.0,True
20671_33532794,simple_rotor,4,23226_8d1b5098,complex_assembly,1.0,False
20671_33532794,simple_rotor,5,20436_41b730a3,simple_rotor,1.0,True
20671_33532794,simple_rotor,6,21165_5cb2d287,simple_rotor,1.0,True
20671_33532794,simple_rotor,7,22227_aca28ff2,simple_rotor,1.0,True
20671_33532794,simple_rotor,8,21941_1a683ec2,complex_assembly,0.999978,False
20671_33532794,simple_rotor,9,22404_66db7dd7,complex_assembly,0.99997,False
20671_33532794,simple_rotor,10,21244_24c3ce72,complex_assembly,0.999941,False
20697_d3e106b4,high_complexity_rotor,1,21958_e48ddf4e,symmetric_rotor,1.0,False
20697_d3e106b4,high_complexity_rotor,2,22027_11a2e852,high_complexity_rotor,1.0,True
20697_d3e106b4,high_complexity_rotor,3,23170_6ea8ded5,symmetric_rotor,0.999999,False
20697_d3e106b4,high_complexity_rotor,4,22304_33009be6,simple_rotor,0.999999,False
20697_d3e106b4,high_complexity_rotor,5,22421_19401bdd,high_complexity_rotor,0.999995,True
20697_d3e106b4,high_complexity_rotor,6,22312_3f366a4a,symmetric_rotor,0.999995,False
20697_d3e106b4,high_complexity_rotor,7,22241_535ad84b,simple_rotor,0.999995,False
20697_d3e106b4,high_complexity_rotor,8,23329_6939d5d9,high_complexity_rotor,0.999995,True
20697_d3e106b4,high_complexity_rotor,9,22141_5db99710,symmetric_rotor,0.999989,False
20697_d3e106b4,high_complexity_rotor,10,21121_1e9e7540,high_complexity_rotor,0.999989,True
20241_ccb70dc8,simple_rotor,1,21776_fb0bfbc6,simple_rotor,1.0,True
20241_ccb70dc8,simple_rotor,2,20951_2918f2fa,simple_rotor,1.0,True
20241_ccb70dc8,simple_rotor,3,21451_fea6f0d1,simple_rotor,1.0,True
20241_ccb70dc8,simple_rotor,4,20241_8c0d3f83,simple_rotor,1.0,True
20241_ccb70dc8,simple_rotor,5,21422_b2a6bf27,simple_rotor,1.0,True
20241_ccb70dc8,simple_rotor,6,22135_2aa77ff2,simple_rotor,1.0,True
20241_ccb70dc8,simple_rotor,7,21911_429c1a72,simple_rotor,0.996986,True
20241_ccb70dc8,simple_rotor,8,22787_49022c32,complex_assembly,0.995854,False
20241_ccb70dc8,simple_rotor,9,21994_357aac6f,simple_rotor,0.995033,True
20241_ccb70dc8,simple_rotor,10,22085_e039a7d3,medium_rotor,0.993825,False
21557_53eafe15,complex_assembly,1,21015_10304cb9,simple_rotor,0.999997,False
21557_53eafe15,complex_assembly,2,23321_c9497b79,simple_rotor,0.999997,False
21557_53eafe15,complex_assembly,3,21533_8837772a,simple_rotor,0.999961,False
21557_53eafe15,complex_assembly,4,22053_de30641b,simple_rotor,0.999922,False
21557_53eafe15,complex_assembly,5,20287_072b5bf6,high_complexity_rotor,0.999922,False
21557_53eafe15,complex_assembly,6,20259_de1ab632,simple_rotor,0.999916,False
21557_53eafe15,complex_assembly,7,22224_1e749c32,medium_rotor,0.999916,False
21557_53eafe15,complex_assembly,8,20278_d442e77d,medium_rotor,0.999853,False
21557_53eafe15,complex_assembly,9,21292_f94bd96b,medium_rotor,0.999717,False
21557_53eafe15,complex_assembly,10,22131_6b4b60f8,simple_rotor,0.999717,False
7778_3a9748b3,complex_assembly,1,23368_648717d8,medium_rotor,0.999993,False
7778_3a9748b3,complex_assembly,2,22987_37973191,medium_rotor,0.999577,False
7778_3a9748b3,complex_assembly,3,23204_ff1672a9,complex_assembly,0.999014,True
7778_3a9748b3,complex_assembly,4,23331_192866b6,medium_rotor,0.998413,False
7778_3a9748b3,complex_assembly,5,23376_9b48819a,high_complexity_rotor,0.998076,False
7778_3a9748b3,complex_assembly,6,22832_731d3b9f,medium_rotor,0.997498,False
7778_3a9748b3,complex_assembly,7,22680_1f4026f6,medium_rotor,0.997498,False
7778_3a9748b3,complex_assembly,8,22372_e91792a1,medium_rotor,0.997498,False
7778_3a9748b3,complex_assembly,9,19566_19d85d3b,high_complexity_rotor,0.997408,False
7778_3a9748b3,complex_assembly,10,23413_6702ec7f,medium_rotor,0.997408,False
20488_589ac9c0,simple_rotor,1,20672_0bc07cce,simple_rotor,1.0,True
20488_589ac9c0,simple_rotor,2,22843_ff77027f,simple_rotor,1.0,True
20488_589ac9c0,simple_rotor,3,22727_c514268a,medium_rotor,1.0,False
20488_589ac9c0,simple_rotor,4,23502_5a80f907,medium_rotor,1.0,False
20488_589ac9c0,simple_rotor,5,23048_8a1a5553,high_complexity_rotor,1.0,False
20488_589ac9c0,simple_rotor,6,22528_f3370a64,high_complexity_rotor,1.0,False
20488_589ac9c0,simple_rotor,7,20322_5a8c6077,medium_rotor,1.0,False
20488_589ac9c0,simple_rotor,8,20231_f54462bb,simple_rotor,1.0,True
20488_589ac9c0,simple_rotor,9,21884_cc2c39f9,medium_rotor,1.0,False
20488_589ac9c0,simple_rotor,10,22405_20f11d58,high_complexity_rotor,1.0,False
23374_57cca189,medium_rotor,1,22017_6d3be48d,medium_rotor,1.0,True
23374_57cca189,medium_rotor,2,22078_1758e9fc,medium_rotor,1.0,True
23374_57cca189,medium_rotor,3,20841_1620ae7d,simple_rotor,1.0,False
23374_57cca189,medium_rotor,4,21357_9edfc0a0,simple_rotor,1.0,False
23374_57cca189,medium_rotor,5,21424_9d516e3a,medium_rotor,1.0,True
23374_57cca189,medium_rotor,6,22862_f5406bb0,simple_rotor,1.0,False
23374_57cca189,medium_rotor,7,22014_5880c417,simple_rotor,1.0,False
23374_57cca189,medium_rotor,8,23162_7e2f3d77,complex_assembly,1.0,False
23374_57cca189,medium_rotor,9,23305_2662b29a,medium_rotor,0.999953,True
23374_57cca189,medium_rotor,10,21351_675c66b1,complex_assembly,0.999853,False
22129_48b47c52,simple_rotor,1,22154_24342da4,simple_rotor,1.0,True
22129_48b47c52,simple_rotor,2,22216_4b032400,symmetric_rotor,1.0,False
22129_48b47c52,simple_rotor,3,20551_ff28a959,simple_rotor,1.0,True
22129_48b47c52,simple_rotor,4,22140_9cda24cc,simple_rotor,1.0,True
22129_48b47c52,simple_rotor,5,23102_211ad1db,symmetric_rotor,1.0,False
22129_48b47c52,simple_rotor,6,20429_419c4cdd,simple_rotor,1.0,True
22129_48b47c52,simple_rotor,7,20680_b095cb77,symmetric_rotor,1.0,False
22129_48b47c52,simple_rotor,8,22047_5a090f16,simple_rotor,1.0,True
22129_48b47c52,simple_rotor,9,21665_2e14b6ff,simple_rotor,1.0,True
22129_48b47c52,simple_rotor,10,22886_a6331748,symmetric_rotor,1.0,False
20176_a02bde39,medium_rotor,1,22199_8ec9eeb2,medium_rotor,1.0,True
20176_a02bde39,medium_rotor,2,22126_e1cca10f,medium_rotor,1.0,True
20176_a02bde39,medium_rotor,3,23363_60e39812,medium_rotor,1.0,True
20176_a02bde39,medium_rotor,4,21912_3f74887c,medium_rotor,1.0,True
20176_a02bde39,medium_rotor,5,21528_a5d5490f,medium_rotor,1.0,True
20176_a02bde39,medium_rotor,6,21009_907a2a95,medium_rotor,0.999999,True
20176_a02bde39,medium_rotor,7,23466_1cf60d09,medium_rotor,0.999998,True
20176_a02bde39,medium_rotor,8,22776_facf9bcf,medium_rotor,0.999997,True
20176_a02bde39,medium_rotor,9,22002_315afcfc,medium_rotor,0.999994,True
20176_a02bde39,medium_rotor,10,21918_976c2754,high_complexity_rotor,0.999994,False
19596_fb9531a5,high_complexity_rotor,1,22360_42cd6a21,high_complexity_rotor,0.999916,True
19596_fb9531a5,high_complexity_rotor,2,22417_4a15d62e,high_complexity_rotor,0.999785,True
19596_fb9531a5,high_complexity_rotor,3,20675_66ac9773,high_complexity_rotor,0.999735,True
19596_fb9531a5,high_complexity_rotor,4,21134_7aa7cd89,high_complexity_rotor,0.999731,True
19596_fb9531a5,high_complexity_rotor,5,23468_a0bfb573,symmetric_rotor,0.999716,False
19596_fb9531a5,high_complexity_rotor,6,23377_690165aa,high_complexity_rotor,0.999671,True
19596_fb9531a5,high_complexity_rotor,7,22070_fd1b8e5e,high_complexity_rotor,0.999666,True
19596_fb9531a5,high_complexity_rotor,8,20799_213bf924,high_complexity_rotor,0.999666,True
19596_fb9531a5,high_complexity_rotor,9,21849_a5f563a6,high_complexity_rotor,0.999645,True
19596_fb9531a5,high_complexity_rotor,10,22894_5f7c276d,high_complexity_rotor,0.99963,True
20438_5f344b00,simple_rotor,1,21497_9833a679,symmetric_rotor,1.0,False
20438_5f344b00,simple_rotor,2,21810_718ae2fe,simple_rotor,1.0,True
20438_5f344b00,simple_rotor,3,23259_d655fcc1,symmetric_rotor,1.0,False
20438_5f344b00,simple_rotor,4,23178_eb4b4280,symmetric_rotor,1.0,False
20438_5f344b00,simple_rotor,5,23438_b1ef78f4,symmetric_rotor,0.999999,False
20438_5f344b00,simple_rotor,6,21271_ec7f62b8,symmetric_rotor,0.999999,False
20438_5f344b00,simple_rotor,7,22434_2ad62ed6,symmetric_rotor,0.999999,False
20438_5f344b00,simple_rotor,8,20225_4ce6d59b,symmetric_rotor,0.999999,False
20438_5f344b00,simple_rotor,9,21692_777db9e2,symmetric_rotor,0.999999,False
20438_5f344b00,simple_rotor,10,22659_0e686e14,symmetric_rotor,0.999999,False
23419_ea47995f,complex_assembly,1,22306_c3dca308,complex_assembly,0.999224,True
23419_ea47995f,complex_assembly,2,20546_87dbd755,complex_assembly,0.998927,True
23419_ea47995f,complex_assembly,3,23273_8f301ce3,complex_assembly,0.99878,True
23419_ea47995f,complex_assembly,4,22211_b1ee53f0,complex_assembly,0.99856,True
23419_ea47995f,complex_assembly,5,22065_0d414124,complex_assembly,0.998426,True
23419_ea47995f,complex_assembly,6,21797_69df08d5,high_complexity_rotor,0.997185,False
23419_ea47995f,complex_assembly,7,20502_58b65de9,symmetric_rotor,0.997082,False
23419_ea47995f,complex_assembly,8,22652_dc7405ef,high_complexity_rotor,0.99665,False
23419_ea47995f,complex_assembly,9,21647_6b6cca6f,complex_assembly,0.995983,True
23419_ea47995f,complex_assembly,10,22717_08784417,complex_assembly,0.995777,True
22035_101c7ab4,medium_rotor,1,22082_39503fa6,medium_rotor,0.999995,True
22035_101c7ab4,medium_rotor,2,23136_2b469508,simple_rotor,0.999991,False
22035_101c7ab4,medium_rotor,3,23144_88ca00a5,complex_assembly,0.999961,False
22035_101c7ab4,medium_rotor,4,23028_2ca87745,medium_rotor,0.999936,True
22035_101c7ab4,medium_rotor,5,20163_3742f394,medium_rotor,0.999851,True
22035_101c7ab4,medium_rotor,6,21391_78fc6345,simple_rotor,0.998907,False
22035_101c7ab4,medium_rotor,7,22021_520ec8c3,medium_rotor,0.998907,True
22035_101c7ab4,medium_rotor,8,21008_a3fec63b,medium_rotor,0.998907,True
22035_101c7ab4,medium_rotor,9,21351_675c66b1,complex_assembly,0.998834,False
22035_101c7ab4,medium_rotor,10,21580_b8b2571b,high_complexity_rotor,0.998725,False
20989_a261efa3,simple_rotor,1,20989_885bd9b9,simple_rotor,1.0,True
20989_a261efa3,simple_rotor,2,20643_71ad3d26,high_complexity_rotor,1.0,False
20989_a261efa3,simple_rotor,3,20990_0a226634,symmetric_rotor,1.0,False
20989_a261efa3,simple_rotor,4,21839_a8eb6d34,high_complexity_rotor,0.999999,False
20989_a261efa3,simple_rotor,5,21831_54ca67d1,symmetric_rotor,0.999999,False
20989_a261efa3,simple_rotor,6,22080_594bcb66,symmetric_rotor,0.999999,False
20989_a261efa3,simple_rotor,7,21133_f9a1614e,symmetric_rotor,0.999999,False
20989_a261efa3,simple_rotor,8,21825_ce32b0a0,simple_rotor,0.999999,True
20989_a261efa3,simple_rotor,9,21329_1bfecd1d,high_complexity_rotor,0.999999,False
20989_a261efa3,simple_rotor,10,21838_5bc448b4,high_complexity_rotor,0.999995,False
23127_38d73061,symmetric_rotor,1,21805_2ba39d00,high_complexity_rotor,0.999999,False
23127_38d73061,symmetric_rotor,2,23467_9f431540,high_complexity_rotor,0.999999,False
23127_38d73061,symmetric_rotor,3,20737_5249e274,high_complexity_rotor,0.999977,False
23127_38d73061,symmetric_rotor,4,20970_d20c6c35,symmetric_rotor,0.999977,True
23127_38d73061,symmetric_rotor,5,20758_cdccf572,simple_rotor,0.999976,False
23127_38d73061,symmetric_rotor,6,21511_d07c59c2,high_complexity_rotor,0.999976,False
23127_38d73061,symmetric_rotor,7,23309_76dcf100,high_complexity_rotor,0.999972,False
23127_38d73061,symmetric_rotor,8,21204_96d26a7f,high_complexity_rotor,0.999972,False
23127_38d73061,symmetric_rotor,9,23221_42f37ae3,symmetric_rotor,0.999946,True
23127_38d73061,symmetric_rotor,10,22095_af226cbc,symmetric_rotor,0.999908,True
23354_8182b4eb,medium_rotor,1,20672_0bc07cce,simple_rotor,1.0,False
23354_8182b4eb,medium_rotor,2,22843_ff77027f,simple_rotor,1.0,False
23354_8182b4eb,medium_rotor,3,22727_c514268a,medium_rotor,1.0,True
23354_8182b4eb,medium_rotor,4,23502_5a80f907,medium_rotor,1.0,True
23354_8182b4eb,medium_rotor,5,23048_8a1a5553,high_complexity_rotor,1.0,False
23354_8182b4eb,medium_rotor,6,22528_f3370a64,high_complexity_rotor,1.0,False
23354_8182b4eb,medium_rotor,7,20322_5a8c6077,medium_rotor,1.0,True
23354_8182b4eb,medium_rotor,8,20231_f54462bb,simple_rotor,1.0,False
23354_8182b4eb,medium_rotor,9,21884_cc2c39f9,medium_rotor,1.0,True
23354_8182b4eb,medium_rotor,10,22405_20f11d58,high_complexity_rotor,1.0,False
21685_93737a7a,high_complexity_rotor,1,23168_7fdf5427,high_complexity_rotor,0.999999,True
21685_93737a7a,high_complexity_rotor,2,20991_6795af4f,high_complexity_rotor,0.999989,True
21685_93737a7a,high_complexity_rotor,3,21300_ec7da33e,high_complexity_rotor,0.999969,True
21685_93737a7a,high_complexity_rotor,4,21990_7bb6efcf,simple_rotor,0.999969,False
21685_93737a7a,high_complexity_rotor,5,20745_3e22ad07,high_complexity_rotor,0.999956,True
21685_93737a7a,high_complexity_rotor,6,23217_7c6062e3,high_complexity_rotor,0.999956,True
21685_93737a7a,high_complexity_rotor,7,20792_d2ea0500,symmetric_rotor,0.999921,False
21685_93737a7a,high_complexity_rotor,8,23377_690165aa,high_complexity_rotor,0.999917,True
21685_93737a7a,high_complexity_rotor,9,22278_12f1fb79,high_complexity_rotor,0.999822,True
21685_93737a7a,high_complexity_rotor,10,23378_8d6426ae,high_complexity_rotor,0.999769,True
21989_a0b5037d,medium_rotor,1,23495_6366269c,high_complexity_rotor,0.999972,False
21989_a0b5037d,medium_rotor,2,20860_b8e9a191,medium_rotor,0.999913,True
21989_a0b5037d,medium_rotor,3,20746_57a7b346,high_complexity_rotor,0.999829,False
21989_a0b5037d,medium_rotor,4,23026_e6f08109,medium_rotor,0.99967,True
21989_a0b5037d,medium_rotor,5,21882_795be793,simple_rotor,0.999432,False
21989_a0b5037d,medium_rotor,6,20322_5a8c6077,medium_rotor,0.999432,True
21989_a0b5037d,medium_rotor,7,22528_f3370a64,high_complexity_rotor,0.999432,False
21989_a0b5037d,medium_rotor,8,22727_c514268a,medium_rotor,0.999432,True
21989_a0b5037d,medium_rotor,9,20385_f2d30908,simple_rotor,0.999432,False
21989_a0b5037d,medium_rotor,10,22843_ff77027f,simple_rotor,0.999432,False
22027_11a2e852,high_complexity_rotor,1,21958_e48ddf4e,symmetric_rotor,1.0,False
22027_11a2e852,high_complexity_rotor,2,20697_d3e106b4,high_complexity_rotor,1.0,True
22027_11a2e852,high_complexity_rotor,3,23170_6ea8ded5,symmetric_rotor,0.999999,False
22027_11a2e852,high_complexity_rotor,4,22304_33009be6,simple_rotor,0.999999,False
22027_11a2e852,high_complexity_rotor,5,22421_19401bdd,high_complexity_rotor,0.999995,True
22027_11a2e852,high_complexity_rotor,6,22312_3f366a4a,symmetric_rotor,0.999995,False
22027_11a2e852,high_complexity_rotor,7,22241_535ad84b,simple_rotor,0.999995,False
22027_11a2e852,high_complexity_rotor,8,23329_6939d5d9,high_complexity_rotor,0.999995,True
22027_11a2e852,high_complexity_rotor,9,22141_5db99710,symmetric_rotor,0.999989,False
22027_11a2e852,high_complexity_rotor,10,21121_1e9e7540,high_complexity_rotor,0.999989,True
21184_971559b6,simple_rotor,1,20940_9777847c,simple_rotor,1.0,True
21184_971559b6,simple_rotor,2,21185_ac5324ba,medium_rotor,1.0,False
21184_971559b6,simple_rotor,3,22461_0ba0e480,medium_rotor,0.999999,False
21184_971559b6,simple_rotor,4,23323_075a079e,medium_rotor,0.999999,False
21184_971559b6,simple_rotor,5,21762_90d34d16,high_complexity_rotor,0.999996,False
21184_971559b6,simple_rotor,6,21918_976c2754,high_complexity_rotor,0.999993,False
21184_971559b6,simple_rotor,7,22002_315afcfc,medium_rotor,0.999993,False
21184_971559b6,simple_rotor,8,23493_57512264,medium_rotor,0.999993,False
21184_971559b6,simple_rotor,9,23372_4cb88567,medium_rotor,0.999993,False
21184_971559b6,simple_rotor,10,23049_207a41f0,medium_rotor,0.999993,False
20547_ec8cfd0d,simple_rotor,1,20672_0bc07cce,simple_rotor,1.0,True
20547_ec8cfd0d,simple_rotor,2,22843_ff77027f,simple_rotor,1.0,True
20547_ec8cfd0d,simple_rotor,3,22727_c514268a,medium_rotor,1.0,False
20547_ec8cfd0d,simple_rotor,4,23502_5a80f907,medium_rotor,1.0,False
20547_ec8cfd0d,simple_rotor,5,23048_8a1a5553,high_complexity_rotor,1.0,False
20547_ec8cfd0d,simple_rotor,6,22528_f3370a64,high_complexity_rotor,1.0,False
20547_ec8cfd0d,simple_rotor,7,20322_5a8c6077,medium_rotor,1.0,False
20547_ec8cfd0d,simple_rotor,8,20231_f54462bb,simple_rotor,1.0,True
20547_ec8cfd0d,simple_rotor,9,21884_cc2c39f9,medium_rotor,1.0,False
20547_ec8cfd0d,simple_rotor,10,22405_20f11d58,high_complexity_rotor,1.0,False
20479_77930584,simple_rotor,1,20672_0bc07cce,simple_rotor,1.0,True
20479_77930584,simple_rotor,2,22843_ff77027f,simple_rotor,1.0,True
20479_77930584,simple_rotor,3,22727_c514268a,medium_rotor,1.0,False
20479_77930584,simple_rotor,4,23502_5a80f907,medium_rotor,1.0,False
20479_77930584,simple_rotor,5,23048_8a1a5553,high_complexity_rotor,1.0,False
20479_77930584,simple_rotor,6,22528_f3370a64,high_complexity_rotor,1.0,False
20479_77930584,simple_rotor,7,20322_5a8c6077,medium_rotor,1.0,False
20479_77930584,simple_rotor,8,20231_f54462bb,simple_rotor,1.0,True
20479_77930584,simple_rotor,9,21884_cc2c39f9,medium_rotor,1.0,False
20479_77930584,simple_rotor,10,22405_20f11d58,high_complexity_rotor,1.0,False
22589_2c8f7c0b,simple_rotor,1,20672_0bc07cce,simple_rotor,1.0,True
22589_2c8f7c0b,simple_rotor,2,22843_ff77027f,simple_rotor,1.0,True
22589_2c8f7c0b,simple_rotor,3,22727_c514268a,medium_rotor,1.0,False
22589_2c8f7c0b,simple_rotor,4,23502_5a80f907,medium_rotor,1.0,False
22589_2c8f7c0b,simple_rotor,5,23048_8a1a5553,high_complexity_rotor,1.0,False
22589_2c8f7c0b,simple_rotor,6,22528_f3370a64,high_complexity_rotor,1.0,False
22589_2c8f7c0b,simple_rotor,7,20322_5a8c6077,medium_rotor,1.0,False
22589_2c8f7c0b,simple_rotor,8,20231_f54462bb,simple_rotor,1.0,True
22589_2c8f7c0b,simple_rotor,9,21884_cc2c39f9,medium_rotor,1.0,False
22589_2c8f7c0b,simple_rotor,10,22405_20f11d58,high_complexity_rotor,1.0,False
20741_c337946f,simple_rotor,1,20672_0bc07cce,simple_rotor,1.0,True
20741_c337946f,simple_rotor,2,22843_ff77027f,simple_rotor,1.0,True
20741_c337946f,simple_rotor,3,22727_c514268a,medium_rotor,1.0,False
20741_c337946f,simple_rotor,4,23502_5a80f907,medium_rotor,1.0,False
20741_c337946f,simple_rotor,5,23048_8a1a5553,high_complexity_rotor,1.0,False
20741_c337946f,simple_rotor,6,22528_f3370a64,high_complexity_rotor,1.0,False
20741_c337946f,simple_rotor,7,20322_5a8c6077,medium_rotor,1.0,False
20741_c337946f,simple_rotor,8,20231_f54462bb,simple_rotor,1.0,True
20741_c337946f,simple_rotor,9,21884_cc2c39f9,medium_rotor,1.0,False
20741_c337946f,simple_rotor,10,22405_20f11d58,high_complexity_rotor,1.0,False
20237_06b27bf5,symmetric_rotor,1,20421_0fd51709,high_complexity_rotor,1.0,False
20237_06b27bf5,symmetric_rotor,2,22367_b4a67e61,simple_rotor,1.0,False
20237_06b27bf5,symmetric_rotor,3,21862_ec534e16,simple_rotor,1.0,False
20237_06b27bf5,symmetric_rotor,4,22416_4cd31921,high_complexity_rotor,1.0,False
20237_06b27bf5,symmetric_rotor,5,21248_0a862e3e,symmetric_rotor,1.0,True
20237_06b27bf5,symmetric_rotor,6,22026_62afa265,simple_rotor,1.0,False
20237_06b27bf5,symmetric_rotor,7,22892_68138f24,symmetric_rotor,1.0,True
20237_06b27bf5,symmetric_rotor,8,22365_a4eb929c,symmetric_rotor,1.0,True
20237_06b27bf5,symmetric_rotor,9,22893_eb8aa8ac,high_complexity_rotor,1.0,False
20237_06b27bf5,symmetric_rotor,10,21186_d1698d8c,symmetric_rotor,1.0,True
20431_0088a0dd,medium_rotor,1,20260_4a01a99d,high_complexity_rotor,1.0,False
20431_0088a0dd,medium_rotor,2,20157_db99ab88,medium_rotor,1.0,True
20431_0088a0dd,medium_rotor,3,20430_975b8dcf,high_complexity_rotor,0.999993,False
20431_0088a0dd,medium_rotor,4,21164_de08f61e,medium_rotor,0.99998,True
20431_0088a0dd,medium_rotor,5,22079_31335df2,complex_assembly,0.999975,False
20431_0088a0dd,medium_rotor,6,21708_e61bd657,complex_assembly,0.999965,False
20431_0088a0dd,medium_rotor,7,22630_b6010fff,medium_rotor,0.999949,True
20431_0088a0dd,medium_rotor,8,21069_508a9947,complex_assembly,0.99979,False
20431_0088a0dd,medium_rotor,9,21700_28d193ac,high_complexity_rotor,0.999717,False
20431_0088a0dd,medium_rotor,10,21656_964b0c84,high_complexity_rotor,0.999467,False
22417_4a15d62e,high_complexity_rotor,1,22070_fd1b8e5e,high_complexity_rotor,0.99998,True
22417_4a15d62e,high_complexity_rotor,2,20799_213bf924,high_complexity_rotor,0.99998,True
22417_4a15d62e,high_complexity_rotor,3,21849_a5f563a6,high_complexity_rotor,0.999976,True
22417_4a15d62e,high_complexity_rotor,4,22360_42cd6a21,high_complexity_rotor,0.999966,True
22417_4a15d62e,high_complexity_rotor,5,22761_ca309655,symmetric_rotor,0.999966,False
22417_4a15d62e,high_complexity_rotor,6,22168_a84560a9,high_complexity_rotor,0.999946,True
22417_4a15d62e,high_complexity_rotor,7,22678_ff42f120,symmetric_rotor,0.999939,False
22417_4a15d62e,high_complexity_rotor,8,21386_e234c6b6,symmetric_rotor,0.99992,False
22417_4a15d62e,high_complexity_rotor,9,21182_a480d230,high_complexity_rotor,0.999916,True
22417_4a15d62e,high_complexity_rotor,10,22421_19401bdd,high_complexity_rotor,0.999908,True
20672_0bc07cce,simple_rotor,1,20735_fb18051a,medium_rotor,1.0,False
20672_0bc07cce,simple_rotor,2,20468_1c33550a,simple_rotor,1.0,True
20672_0bc07cce,simple_rotor,3,22528_f3370a64,high_complexity_rotor,1.0,False
20672_0bc07cce,simple_rotor,4,20322_5a8c6077,medium_rotor,1.0,False
20672_0bc07cce,simple_rotor,5,20231_f54462bb,simple_rotor,1.0,True
20672_0bc07cce,simple_rotor,6,21884_cc2c39f9,medium_rotor,1.0,False
20672_0bc07cce,simple_rotor,7,21243_3ec5d732,simple_rotor,1.0,True
20672_0bc07cce,simple_rotor,8,21390_4d1e2d9c,medium_rotor,1.0,False
20672_0bc07cce,simple_rotor,9,22066_308cdcfe,medium_rotor,1.0,False
20672_0bc07cce,simple_rotor,10,23409_e27e3b8b,medium_rotor,1.0,False
21616_c6c3347a,simple_rotor,1,20672_0bc07cce,simple_rotor,1.0,True
21616_c6c3347a,simple_rotor,2,22843_ff77027f,simple_rotor,1.0,True
21616_c6c3347a,simple_rotor,3,22727_c514268a,medium_rotor,1.0,False
21616_c6c3347a,simple_rotor,4,23502_5a80f907,medium_rotor,1.0,False
21616_c6c3347a,simple_rotor,5,23048_8a1a5553,high_complexity_rotor,1.0,False
21616_c6c3347a,simple_rotor,6,22528_f3370a64,high_complexity_rotor,1.0,False
21616_c6c3347a,simple_rotor,7,20322_5a8c6077,medium_rotor,1.0,False
21616_c6c3347a,simple_rotor,8,20231_f54462bb,simple_rotor,1.0,True
21616_c6c3347a,simple_rotor,9,21884_cc2c39f9,medium_rotor,1.0,False
21616_c6c3347a,simple_rotor,10,22405_20f11d58,high_complexity_rotor,1.0,False
22576_d05619d1,high_complexity_rotor,1,22154_24342da4,simple_rotor,1.0,False
22576_d05619d1,high_complexity_rotor,2,22047_5a090f16,simple_rotor,1.0,False
22576_d05619d1,high_complexity_rotor,3,20551_ff28a959,simple_rotor,1.0,False
22576_d05619d1,high_complexity_rotor,4,22140_9cda24cc,simple_rotor,1.0,False
22576_d05619d1,high_complexity_rotor,5,23102_211ad1db,symmetric_rotor,1.0,False
22576_d05619d1,high_complexity_rotor,6,20429_419c4cdd,simple_rotor,1.0,False
22576_d05619d1,high_complexity_rotor,7,20680_b095cb77,symmetric_rotor,1.0,False
22576_d05619d1,high_complexity_rotor,8,22129_48b47c52,simple_rotor,1.0,False
22576_d05619d1,high_complexity_rotor,9,21665_2e14b6ff,simple_rotor,1.0,False
22576_d05619d1,high_complexity_rotor,10,22886_a6331748,symmetric_rotor,1.0,False
20946_6573271d,simple_rotor,1,22154_24342da4,simple_rotor,1.0,True
20946_6573271d,simple_rotor,2,22047_5a090f16,simple_rotor,1.0,True
20946_6573271d,simple_rotor,3,20551_ff28a959,simple_rotor,1.0,True
20946_6573271d,simple_rotor,4,22140_9cda24cc,simple_rotor,1.0,True
20946_6573271d,simple_rotor,5,23102_211ad1db,symmetric_rotor,1.0,False
20946_6573271d,simple_rotor,6,20429_419c4cdd,simple_rotor,1.0,True
20946_6573271d,simple_rotor,7,20680_b095cb77,symmetric_rotor,1.0,False
20946_6573271d,simple_rotor,8,22129_48b47c52,simple_rotor,1.0,True
20946_6573271d,simple_rotor,9,21665_2e14b6ff,simple_rotor,1.0,True
20946_6573271d,simple_rotor,10,22886_a6331748,symmetric_rotor,1.0,False
22483_f4e4b62a,complex_assembly,1,22376_3ebc82a2,medium_rotor,0.999999,False
22483_f4e4b62a,complex_assembly,2,21790_aaf9224a,medium_rotor,0.999984,False
22483_f4e4b62a,complex_assembly,3,21425_d0d47a2a,high_complexity_rotor,0.999938,False
22483_f4e4b62a,complex_assembly,4,20668_b2f2633e,high_complexity_rotor,0.999938,False
22483_f4e4b62a,complex_assembly,5,22492_047b125b,complex_assembly,0.999759,True
22483_f4e4b62a,complex_assembly,6,21503_34f299ca,medium_rotor,0.999733,False
22483_f4e4b62a,complex_assembly,7,22067_624b28e3,simple_rotor,0.999149,False
22483_f4e4b62a,complex_assembly,8,22214_b098105d,simple_rotor,0.999149,False
22483_f4e4b62a,complex_assembly,9,22372_e91792a1,medium_rotor,0.99833,False
22483_f4e4b62a,complex_assembly,10,22832_731d3b9f,medium_rotor,0.99833,False
20467_f1fcc009,simple_rotor,1,20672_0bc07cce,simple_rotor,1.0,True
20467_f1fcc009,simple_rotor,2,22843_ff77027f,simple_rotor,1.0,True
20467_f1fcc009,simple_rotor,3,22727_c514268a,medium_rotor,1.0,False
20467_f1fcc009,simple_rotor,4,23502_5a80f907,medium_rotor,1.0,False
20467_f1fcc009,simple_rotor,5,23048_8a1a5553,high_complexity_rotor,1.0,False
20467_f1fcc009,simple_rotor,6,22528_f3370a64,high_complexity_rotor,1.0,False
20467_f1fcc009,simple_rotor,7,20322_5a8c6077,medium_rotor,1.0,False
20467_f1fcc009,simple_rotor,8,20231_f54462bb,simple_rotor,1.0,True
20467_f1fcc009,simple_rotor,9,21884_cc2c39f9,medium_rotor,1.0,False
20467_f1fcc009,simple_rotor,10,22405_20f11d58,high_complexity_rotor,1.0,False
20279_aed6b3b3,high_complexity_rotor,1,21697_06656699,high_complexity_rotor,0.99994,True
20279_aed6b3b3,high_complexity_rotor,2,22638_37f9fe91,symmetric_rotor,0.999917,False
20279_aed6b3b3,high_complexity_rotor,3,21709_4dd88551,high_complexity_rotor,0.999917,True
20279_aed6b3b3,high_complexity_rotor,4,23233_ac09e2e5,high_complexity_rotor,0.999866,True
20279_aed6b3b3,high_complexity_rotor,5,22414_14ead4a3,symmetric_rotor,0.999822,False
20279_aed6b3b3,high_complexity_rotor,6,23258_87a2ba81,high_complexity_rotor,0.999796,True
20279_aed6b3b3,high_complexity_rotor,7,21836_5bc91e49,symmetric_rotor,0.999761,False
20279_aed6b3b3,high_complexity_rotor,8,20818_098cad7c,high_complexity_rotor,0.999671,True
20279_aed6b3b3,high_complexity_rotor,9,22652_dc7405ef,high_complexity_rotor,0.999631,True
20279_aed6b3b3,high_complexity_rotor,10,22654_4c426b0f,symmetric_rotor,0.99962,False
22058_71feafda,simple_rotor,1,20672_0bc07cce,simple_rotor,1.0,True
22058_71feafda,simple_rotor,2,22843_ff77027f,simple_rotor,1.0,True
22058_71feafda,simple_rotor,3,22727_c514268a,medium_rotor,1.0,False
22058_71feafda,simple_rotor,4,23502_5a80f907,medium_rotor,1.0,False
22058_71feafda,simple_rotor,5,23048_8a1a5553,high_complexity_rotor,1.0,False
22058_71feafda,simple_rotor,6,22528_f3370a64,high_complexity_rotor,1.0,False
22058_71feafda,simple_rotor,7,20322_5a8c6077,medium_rotor,1.0,False
22058_71feafda,simple_rotor,8,20231_f54462bb,simple_rotor,1.0,True
22058_71feafda,simple_rotor,9,21884_cc2c39f9,medium_rotor,1.0,False
22058_71feafda,simple_rotor,10,22405_20f11d58,high_complexity_rotor,1.0,False
23413_6702ec7f,medium_rotor,1,19566_19d85d3b,high_complexity_rotor,1.0,False
23413_6702ec7f,medium_rotor,2,21153_a2fb81fe,high_complexity_rotor,1.0,False
23413_6702ec7f,medium_rotor,3,21035_d308c5c4,medium_rotor,0.999627,True
23413_6702ec7f,medium_rotor,4,21337_062b39fa,high_complexity_rotor,0.999627,False
23413_6702ec7f,medium_rotor,5,23422_f214bd4d,complex_assembly,0.999487,False
23413_6702ec7f,medium_rotor,6,22076_20e8a107,high_complexity_rotor,0.999064,False
23413_6702ec7f,medium_rotor,7,23368_648717d8,medium_rotor,0.997675,True
23413_6702ec7f,medium_rotor,8,20351_dc6e4e1e,complex_assembly,0.997642,False
23413_6702ec7f,medium_rotor,9,7778_3a9748b3,complex_assembly,0.997408,False
23413_6702ec7f,medium_rotor,10,22987_37973191,medium_rotor,0.994895,True
21093_1bda9bbe,high_complexity_rotor,1,20672_0bc07cce,simple_rotor,1.0,False
21093_1bda9bbe,high_complexity_rotor,2,22843_ff77027f,simple_rotor,1.0,False
21093_1bda9bbe,high_complexity_rotor,3,22727_c514268a,medium_rotor,1.0,False
21093_1bda9bbe,high_complexity_rotor,4,23502_5a80f907,medium_rotor,1.0,False
21093_1bda9bbe,high_complexity_rotor,5,23048_8a1a5553,high_complexity_rotor,1.0,True
21093_1bda9bbe,high_complexity_rotor,6,22528_f3370a64,high_complexity_rotor,1.0,True
21093_1bda9bbe,high_complexity_rotor,7,20322_5a8c6077,medium_rotor,1.0,False
21093_1bda9bbe,high_complexity_rotor,8,20231_f54462bb,simple_rotor,1.0,False
21093_1bda9bbe,high_complexity_rotor,9,21884_cc2c39f9,medium_rotor,1.0,False
21093_1bda9bbe,high_complexity_rotor,10,22405_20f11d58,high_complexity_rotor,1.0,True
20544_43691724,high_complexity_rotor,1,20858_15bdad00,medium_rotor,0.999996,False
20544_43691724,high_complexity_rotor,2,21592_c5e77a82,medium_rotor,0.999875,False
20544_43691724,high_complexity_rotor,3,21282_b2d83538,medium_rotor,0.9997,False
20544_43691724,high_complexity_rotor,4,22334_677d00e0,medium_rotor,0.999248,False
20544_43691724,high_complexity_rotor,5,21429_6d2d3974,medium_rotor,0.998982,False
20544_43691724,high_complexity_rotor,6,23026_e6f08109,medium_rotor,0.998883,False
20544_43691724,high_complexity_rotor,7,23501_6c48b3c1,medium_rotor,0.998717,False
20544_43691724,high_complexity_rotor,8,22827_f33929ec,high_complexity_rotor,0.998717,True
20544_43691724,high_complexity_rotor,9,22081_ab3124af,high_complexity_rotor,0.998565,True
20544_43691724,high_complexity_rotor,10,20746_57a7b346,high_complexity_rotor,0.998516,True
22764_b884dce6,high_complexity_rotor,1,20672_0bc07cce,simple_rotor,1.0,False
22764_b884dce6,high_complexity_rotor,2,22843_ff77027f,simple_rotor,1.0,False
22764_b884dce6,high_complexity_rotor,3,22727_c514268a,medium_rotor,1.0,False
22764_b884dce6,high_complexity_rotor,4,23502_5a80f907,medium_rotor,1.0,False
22764_b884dce6,high_complexity_rotor,5,23048_8a1a5553,high_complexity_rotor,1.0,True
22764_b884dce6,high_complexity_rotor,6,22528_f3370a64,high_complexity_rotor,1.0,True
22764_b884dce6,high_complexity_rotor,7,20322_5a8c6077,medium_rotor,1.0,False
22764_b884dce6,high_complexity_rotor,8,20231_f54462bb,simple_rotor,1.0,False
22764_b884dce6,high_complexity_rotor,9,21884_cc2c39f9,medium_rotor,1.0,False
22764_b884dce6,high_complexity_rotor,10,22405_20f11d58,high_complexity_rotor,1.0,True
21069_508a9947,complex_assembly,1,21700_28d193ac,high_complexity_rotor,0.999995,False
21069_508a9947,complex_assembly,2,22630_b6010fff,medium_rotor,0.999946,False
21069_508a9947,complex_assembly,3,21656_964b0c84,high_complexity_rotor,0.999926,False
21069_508a9947,complex_assembly,4,22079_31335df2,complex_assembly,0.999909,True
21069_508a9947,complex_assembly,5,21164_de08f61e,medium_rotor,0.999901,False
21069_508a9947,complex_assembly,6,20430_975b8dcf,high_complexity_rotor,0.999859,False
21069_508a9947,complex_assembly,7,20157_db99ab88,medium_rotor,0.99979,False
21069_508a9947,complex_assembly,8,20260_4a01a99d,high_complexity_rotor,0.99979,False
21069_508a9947,complex_assembly,9,20431_0088a0dd,medium_rotor,0.99979,False
21069_508a9947,complex_assembly,10,21858_f1409ea2,medium_rotor,0.999736,False
20959_d4905d19,high_complexity_rotor,1,23310_7daded69,high_complexity_rotor,0.999674,True
20959_d4905d19,high_complexity_rotor,2,20818_098cad7c,high_complexity_rotor,0.999562,True
20959_d4905d19,high_complexity_rotor,3,23258_87a2ba81,high_complexity_rotor,0.999436,True
20959_d4905d19,high_complexity_rotor,4,20675_66ac9773,high_complexity_rotor,0.999433,True
20959_d4905d19,high_complexity_rotor,5,21134_7aa7cd89,high_complexity_rotor,0.999358,True
20959_d4905d19,high_complexity_rotor,6,20279_aed6b3b3,high_complexity_rotor,0.999313,True
20959_d4905d19,high_complexity_rotor,7,23233_ac09e2e5,high_complexity_rotor,0.999035,True
20959_d4905d19,high_complexity_rotor,8,22638_37f9fe91,symmetric_rotor,0.998942,False
20959_d4905d19,high_complexity_rotor,9,21709_4dd88551,high_complexity_rotor,0.998942,True
20959_d4905d19,high_complexity_rotor,10,21697_06656699,high_complexity_rotor,0.998874,True
20421_83f66ddc,medium_rotor,1,23039_b3d04774,simple_rotor,1.0,False
20421_83f66ddc,medium_rotor,2,21745_56cbe841,medium_rotor,1.0,True
20421_83f66ddc,medium_rotor,3,22747_3f6faf4c,simple_rotor,1.0,False
20421_83f66ddc,medium_rotor,4,20421_49bd1188,medium_rotor,1.0,True
20421_83f66ddc,medium_rotor,5,22298_51433023,complex_assembly,0.999998,False
20421_83f66ddc,medium_rotor,6,21986_67c5509a,complex_assembly,0.999996,False
20421_83f66ddc,medium_rotor,7,22228_1c82530b,medium_rotor,0.999984,True
20421_83f66ddc,medium_rotor,8,20504_c9e14c9d,medium_rotor,0.999948,True
20421_83f66ddc,medium_rotor,9,20165_2b088be5,high_complexity_rotor,0.999948,False
20421_83f66ddc,medium_rotor,10,20789_1809f41f,medium_rotor,0.999948,True
22472_f65d3470,simple_rotor,1,20672_0bc07cce,simple_rotor,1.0,True
22472_f65d3470,simple_rotor,2,22843_ff77027f,simple_rotor,1.0,True
22472_f65d3470,simple_rotor,3,22727_c514268a,medium_rotor,1.0,False
22472_f65d3470,simple_rotor,4,23502_5a80f907,medium_rotor,1.0,False
22472_f65d3470,simple_rotor,5,23048_8a1a5553,high_complexity_rotor,1.0,False
22472_f65d3470,simple_rotor,6,22528_f3370a64,high_complexity_rotor,1.0,False
22472_f65d3470,simple_rotor,7,20322_5a8c6077,medium_rotor,1.0,False
22472_f65d3470,simple_rotor,8,20231_f54462bb,simple_rotor,1.0,True
22472_f65d3470,simple_rotor,9,21884_cc2c39f9,medium_rotor,1.0,False
22472_f65d3470,simple_rotor,10,22405_20f11d58,high_complexity_rotor,1.0,False
20260_4a01a99d,high_complexity_rotor,1,20431_0088a0dd,medium_rotor,1.0,False
20260_4a01a99d,high_complexity_rotor,2,20157_db99ab88,medium_rotor,1.0,False
20260_4a01a99d,high_complexity_rotor,3,20430_975b8dcf,high_complexity_rotor,0.999993,True
20260_4a01a99d,high_complexity_rotor,4,21164_de08f61e,medium_rotor,0.99998,False
20260_4a01a99d,high_complexity_rotor,5,22079_31335df2,complex_assembly,0.999975,False
20260_4a01a99d,high_complexity_rotor,6,21708_e61bd657,complex_assembly,0.999965,False
20260_4a01a99d,high_complexity_rotor,7,22630_b6010fff,medium_rotor,0.999949,False
20260_4a01a99d,high_complexity_rotor,8,21069_508a9947,complex_assembly,0.99979,False
20260_4a01a99d,high_complexity_rotor,9,21700_28d193ac,high_complexity_rotor,0.999717,True
20260_4a01a99d,high_complexity_rotor,10,21656_964b0c84,high_complexity_rotor,0.999467,True
23309_76dcf100,high_complexity_rotor,1,21204_96d26a7f,high_complexity_rotor,1.0,True
23309_76dcf100,high_complexity_rotor,2,20758_cdccf572,simple_rotor,0.999999,False
23309_76dcf100,high_complexity_rotor,3,20737_5249e274,high_complexity_rotor,0.999995,True
23309_76dcf100,high_complexity_rotor,4,22654_4c426b0f,symmetric_rotor,0.999976,False
23309_76dcf100,high_complexity_rotor,5,23467_9f431540,high_complexity_rotor,0.999976,True
23309_76dcf100,high_complexity_rotor,6,21805_2ba39d00,high_complexity_rotor,0.999976,True
23309_76dcf100,high_complexity_rotor,7,23127_38d73061,symmetric_rotor,0.999972,False
23309_76dcf100,high_complexity_rotor,8,22095_af226cbc,symmetric_rotor,0.999966,False
23309_76dcf100,high_complexity_rotor,9,20970_d20c6c35,symmetric_rotor,0.999904,False
23309_76dcf100,high_complexity_rotor,10,21511_d07c59c2,high_complexity_rotor,0.999898,True
21790_aaf9224a,medium_rotor,1,22376_3ebc82a2,medium_rotor,0.999991,True
21790_aaf9224a,medium_rotor,2,22483_f4e4b62a,complex_assembly,0.999984,False
21790_aaf9224a,medium_rotor,3,22492_047b125b,complex_assembly,0.999867,False
21790_aaf9224a,medium_rotor,4,20668_b2f2633e,high_complexity_rotor,0.999859,False
21790_aaf9224a,medium_rotor,5,21425_d0d47a2a,high_complexity_rotor,0.999859,False
21790_aaf9224a,medium_rotor,6,21503_34f299ca,medium_rotor,0.999848,True
21790_aaf9224a,medium_rotor,7,22067_624b28e3,simple_rotor,0.999367,False
21790_aaf9224a,medium_rotor,8,22214_b098105d,simple_rotor,0.999367,False
21790_aaf9224a,medium_rotor,9,20636_ca9eb29a,high_complexity_rotor,0.998405,False
21790_aaf9224a,medium_rotor,10,22680_1f4026f6,medium_rotor,0.997986,True
23152_6f2706c9,medium_rotor,1,20672_0bc07cce,simple_rotor,1.0,False
23152_6f2706c9,medium_rotor,2,22843_ff77027f,simple_rotor,1.0,False
23152_6f2706c9,medium_rotor,3,22727_c514268a,medium_rotor,1.0,True
23152_6f2706c9,medium_rotor,4,23502_5a80f907,medium_rotor,1.0,True
23152_6f2706c9,medium_rotor,5,23048_8a1a5553,high_complexity_rotor,1.0,False
23152_6f2706c9,medium_rotor,6,22528_f3370a64,high_complexity_rotor,1.0,False
23152_6f2706c9,medium_rotor,7,20322_5a8c6077,medium_rotor,1.0,True
23152_6f2706c9,medium_rotor,8,20231_f54462bb,simple_rotor,1.0,False
23152_6f2706c9,medium_rotor,9,21884_cc2c39f9,medium_rotor,1.0,True
23152_6f2706c9,medium_rotor,10,22405_20f11d58,high_complexity_rotor,1.0,False
21257_770fee9a,simple_rotor,1,22154_24342da4,simple_rotor,1.0,True
21257_770fee9a,simple_rotor,2,22047_5a090f16,simple_rotor,1.0,True
21257_770fee9a,simple_rotor,3,20551_ff28a959,simple_rotor,1.0,True
21257_770fee9a,simple_rotor,4,22140_9cda24cc,simple_rotor,1.0,True
21257_770fee9a,simple_rotor,5,23102_211ad1db,symmetric_rotor,1.0,False
21257_770fee9a,simple_rotor,6,20429_419c4cdd,simple_rotor,1.0,True
21257_770fee9a,simple_rotor,7,20680_b095cb77,symmetric_rotor,1.0,False
21257_770fee9a,simple_rotor,8,22129_48b47c52,simple_rotor,1.0,True
21257_770fee9a,simple_rotor,9,21665_2e14b6ff,simple_rotor,1.0,True
21257_770fee9a,simple_rotor,10,22886_a6331748,symmetric_rotor,1.0,False
22306_c3dca308,complex_assembly,1,20546_87dbd755,complex_assembly,0.999795,True
22306_c3dca308,complex_assembly,2,22211_b1ee53f0,complex_assembly,0.999748,True
22306_c3dca308,complex_assembly,3,23419_ea47995f,complex_assembly,0.999224,True
22306_c3dca308,complex_assembly,4,23273_8f301ce3,complex_assembly,0.999101,True
22306_c3dca308,complex_assembly,5,22065_0d414124,complex_assembly,0.99893,True
22306_c3dca308,complex_assembly,6,21797_69df08d5,high_complexity_rotor,0.998342,False
22306_c3dca308,complex_assembly,7,20502_58b65de9,symmetric_rotor,0.998135,False
22306_c3dca308,complex_assembly,8,20818_098cad7c,high_complexity_rotor,0.998085,False
22306_c3dca308,complex_assembly,9,22652_dc7405ef,high_complexity_rotor,0.997991,False
22306_c3dca308,complex_assembly,10,22717_08784417,complex_assembly,0.997028,True
20628_e0551f7c,medium_rotor,1,23158_c7e753c2,simple_rotor,0.999891,False
20628_e0551f7c,medium_rotor,2,21837_b67d788c,medium_rotor,0.999863,True
20628_e0551f7c,medium_rotor,3,21599_80057f94,simple_rotor,0.999609,False
20628_e0551f7c,medium_rotor,4,20533_0a3e112b,high_complexity_rotor,0.998902,False
20628_e0551f7c,medium_rotor,5,20246_40be7668,complex_assembly,0.997864,False
20628_e0551f7c,medium_rotor,6,21991_ab98f156,high_complexity_rotor,0.997452,False
20628_e0551f7c,medium_rotor,7,21092_32622a83,medium_rotor,0.997002,True
20628_e0551f7c,medium_rotor,8,22442_7d5c5d5f,high_complexity_rotor,0.996699,False
20628_e0551f7c,medium_rotor,9,20431_27e7f151,medium_rotor,0.996699,True
20628_e0551f7c,medium_rotor,10,20870_dedaef5b,high_complexity_rotor,0.996392,False
20838_86c931be,simple_rotor,1,20672_0bc07cce,simple_rotor,1.0,True
20838_86c931be,simple_rotor,2,22843_ff77027f,simple_rotor,1.0,True
20838_86c931be,simple_rotor,3,22727_c514268a,medium_rotor,1.0,False
20838_86c931be,simple_rotor,4,23502_5a80f907,medium_rotor,1.0,False
20838_86c931be,simple_rotor,5,23048_8a1a5553,high_complexity_rotor,1.0,False
20838_86c931be,simple_rotor,6,22528_f3370a64,high_complexity_rotor,1.0,False
20838_86c931be,simple_rotor,7,20322_5a8c6077,medium_rotor,1.0,False
20838_86c931be,simple_rotor,8,20231_f54462bb,simple_rotor,1.0,True
20838_86c931be,simple_rotor,9,21884_cc2c39f9,medium_rotor,1.0,False
20838_86c931be,simple_rotor,10,22405_20f11d58,high_complexity_rotor,1.0,False
22154_24342da4,simple_rotor,1,21257_770fee9a,simple_rotor,1.0,True
22154_24342da4,simple_rotor,2,22047_5a090f16,simple_rotor,1.0,True
22154_24342da4,simple_rotor,3,20551_ff28a959,simple_rotor,1.0,True
22154_24342da4,simple_rotor,4,22140_9cda24cc,simple_rotor,1.0,True
22154_24342da4,simple_rotor,5,23102_211ad1db,symmetric_rotor,1.0,False
22154_24342da4,simple_rotor,6,20429_419c4cdd,simple_rotor,1.0,True
22154_24342da4,simple_rotor,7,20680_b095cb77,symmetric_rotor,1.0,False
22154_24342da4,simple_rotor,8,22129_48b47c52,simple_rotor,1.0,True
22154_24342da4,simple_rotor,9,21665_2e14b6ff,simple_rotor,1.0,True
22154_24342da4,simple_rotor,10,22886_a6331748,symmetric_rotor,1.0,False
22980_3cb3bcc8,medium_rotor,1,23342_7193a931,simple_rotor,1.0,False
22980_3cb3bcc8,medium_rotor,2,20899_a8d7c6d5,medium_rotor,0.999999,True
22980_3cb3bcc8,medium_rotor,3,20989_d1b8b0f8,medium_rotor,0.999997,True
22980_3cb3bcc8,medium_rotor,4,20688_955aae0c,medium_rotor,0.999997,True
22980_3cb3bcc8,medium_rotor,5,20755_4b5e61bf,medium_rotor,0.999987,True
22980_3cb3bcc8,medium_rotor,6,23218_02d26ab4,simple_rotor,0.999976,False
22980_3cb3bcc8,medium_rotor,7,21244_d67bbabc,complex_assembly,0.999963,False
22980_3cb3bcc8,medium_rotor,8,23210_f535bfd2,simple_rotor,0.999956,False
22980_3cb3bcc8,medium_rotor,9,20232_e5b060d9,simple_rotor,0.999956,False
22980_3cb3bcc8,medium_rotor,10,23132_1847c4ef,medium_rotor,0.999956,True
20478_c02790cb,simple_rotor,1,22534_e899f645,medium_rotor,1.0,False
20478_c02790cb,simple_rotor,2,21469_abec26c4,simple_rotor,1.0,True
20478_c02790cb,simple_rotor,3,22197_94c66357,medium_rotor,1.0,False
20478_c02790cb,simple_rotor,4,19518_f220b68a,simple_rotor,1.0,True
20478_c02790cb,simple_rotor,5,23265_07de6a0b,simple_rotor,1.0,True
20478_c02790cb,simple_rotor,6,22073_951645ae,simple_rotor,1.0,True
20478_c02790cb,simple_rotor,7,20193_2da4f0a0,simple_rotor,1.0,True
20478_c02790cb,simple_rotor,8,22133_465d7a91,simple_rotor,1.0,True
20478_c02790cb,simple_rotor,9,22196_0deb2e34,medium_rotor,1.0,False
20478_c02790cb,simple_rotor,10,22011_0832eefe,medium_rotor,1.0,False
20477_633cca4f,high_complexity_rotor,1,22057_4947db57,symmetric_rotor,1.0,False
20477_633cca4f,high_complexity_rotor,2,20620_8a5226b4,high_complexity_rotor,1.0,True
20477_633cca4f,high_complexity_rotor,3,23103_43bde2a6,simple_rotor,1.0,False
20477_633cca4f,high_complexity_rotor,4,23101_6aec02ee,high_complexity_rotor,1.0,True
20477_633cca4f,high_complexity_rotor,5,20451_84d8b290,simple_rotor,1.0,False
20477_633cca4f,high_complexity_rotor,6,20216_89b90993,simple_rotor,1.0,False
20477_633cca4f,high_complexity_rotor,7,20451_557fe5cd,simple_rotor,1.0,False
20477_633cca4f,high_complexity_rotor,8,20807_88c198d5,simple_rotor,1.0,False
20477_633cca4f,high_complexity_rotor,9,20926_4c0f33f6,symmetric_rotor,1.0,False
20477_633cca4f,high_complexity_rotor,10,20822_5bb36119,simple_rotor,1.0,False
20225_4ce6d59b,symmetric_rotor,1,22659_0e686e14,symmetric_rotor,1.0,True
20225_4ce6d59b,symmetric_rotor,2,22434_2ad62ed6,symmetric_rotor,1.0,True
20225_4ce6d59b,symmetric_rotor,3,21692_777db9e2,symmetric_rotor,1.0,True
20225_4ce6d59b,symmetric_rotor,4,21497_9833a679,symmetric_rotor,0.999999,True
20225_4ce6d59b,symmetric_rotor,5,20438_5f344b00,simple_rotor,0.999999,False
20225_4ce6d59b,symmetric_rotor,6,23259_d655fcc1,symmetric_rotor,0.999999,True
20225_4ce6d59b,symmetric_rotor,7,23178_eb4b4280,symmetric_rotor,0.999999,True
20225_4ce6d59b,symmetric_rotor,8,21810_718ae2fe,simple_rotor,0.999999,False
20225_4ce6d59b,symmetric_rotor,9,22419_dfeb5d33,high_complexity_rotor,0.999999,False
20225_4ce6d59b,symmetric_rotor,10,23037_d0df320c,symmetric_rotor,0.999999,True
20797_78b83489,medium_rotor,1,20672_0bc07cce,simple_rotor,1.0,False
20797_78b83489,medium_rotor,2,22843_ff77027f,simple_rotor,1.0,False
20797_78b83489,medium_rotor,3,22727_c514268a,medium_rotor,1.0,True
20797_78b83489,medium_rotor,4,23502_5a80f907,medium_rotor,1.0,True
20797_78b83489,medium_rotor,5,23048_8a1a5553,high_complexity_rotor,1.0,False
20797_78b83489,medium_rotor,6,22528_f3370a64,high_complexity_rotor,1.0,False
20797_78b83489,medium_rotor,7,20322_5a8c6077,medium_rotor,1.0,True
20797_78b83489,medium_rotor,8,20231_f54462bb,simple_rotor,1.0,False
20797_78b83489,medium_rotor,9,21884_cc2c39f9,medium_rotor,1.0,True
20797_78b83489,medium_rotor,10,22405_20f11d58,high_complexity_rotor,1.0,False
23376_9b48819a,high_complexity_rotor,1,23331_192866b6,medium_rotor,0.999984,False
23376_9b48819a,high_complexity_rotor,2,22832_731d3b9f,medium_rotor,0.999962,False
23376_9b48819a,high_complexity_rotor,3,22372_e91792a1,medium_rotor,0.999962,False
23376_9b48819a,high_complexity_rotor,4,22680_1f4026f6,medium_rotor,0.999962,False
23376_9b48819a,high_complexity_rotor,5,23204_ff1672a9,complex_assembly,0.999844,False
23376_9b48819a,high_complexity_rotor,6,22987_37973191,medium_rotor,0.999456,False
23376_9b48819a,high_complexity_rotor,7,21425_d0d47a2a,high_complexity_rotor,0.998466,True
23376_9b48819a,high_complexity_rotor,8,20668_b2f2633e,high_complexity_rotor,0.998466,True
23376_9b48819a,high_complexity_rotor,9,7778_3a9748b3,complex_assembly,0.998076,False
23376_9b48819a,high_complexity_rotor,10,23368_648717d8,medium_rotor,0.997832,False
22534_e899f645,medium_rotor,1,22196_0deb2e34,medium_rotor,1.0,True
22534_e899f645,medium_rotor,2,21469_abec26c4,simple_rotor,1.0,False
22534_e899f645,medium_rotor,3,19518_f220b68a,simple_rotor,1.0,False
22534_e899f645,medium_rotor,4,21275_c8049742,medium_rotor,1.0,True
22534_e899f645,medium_rotor,5,22197_66c5655e,medium_rotor,1.0,True
22534_e899f645,medium_rotor,6,22197_94c66357,medium_rotor,1.0,True
22534_e899f645,medium_rotor,7,23265_07de6a0b,simple_rotor,1.0,False
22534_e899f645,medium_rotor,8,23244_34b5f55e,simple_rotor,1.0,False
22534_e899f645,medium_rotor,9,20478_c02790cb,simple_rotor,1.0,False
22534_e899f645,medium_rotor,10,22729_232da678,medium_rotor,1.0,True
22079_31335df2,complex_assembly,1,21164_de08f61e,medium_rotor,1.0,False
22079_31335df2,complex_assembly,2,22630_b6010fff,medium_rotor,0.999995,False
22079_31335df2,complex_assembly,3,20430_975b8dcf,high_complexity_rotor,0.999994,False
22079_31335df2,complex_assembly,4,20431_0088a0dd,medium_rotor,0.999975,False
22079_31335df2,complex_assembly,5,20260_4a01a99d,high_complexity_rotor,0.999975,False
22079_31335df2,complex_assembly,6,20157_db99ab88,medium_rotor,0.999975,False
22079_31335df2,complex_assembly,7,21069_508a9947,complex_assembly,0.999909,True
22079_31335df2,complex_assembly,8,21708_e61bd657,complex_assembly,0.999882,True
22079_31335df2,complex_assembly,9,21700_28d193ac,high_complexity_rotor,0.99986,False
22079_31335df2,complex_assembly,10,21656_964b0c84,high_complexity_rotor,0.999672,False
22414_14ead4a3,symmetric_rotor,1,21697_06656699,high_complexity_rotor,0.999969,False
22414_14ead4a3,symmetric_rotor,2,21709_4dd88551,high_complexity_rotor,0.999947,False
22414_14ead4a3,symmetric_rotor,3,22638_37f9fe91,symmetric_rotor,0.999947,True
22414_14ead4a3,symmetric_rotor,4,21836_5bc91e49,symmetric_rotor,0.999909,True
22414_14ead4a3,symmetric_rotor,5,23233_ac09e2e5,high_complexity_rotor,0.999865,False
22414_14ead4a3,symmetric_rotor,6,20279_aed6b3b3,high_complexity_rotor,0.999822,False
22414_14ead4a3,symmetric_rotor,7,22654_4c426b0f,symmetric_rotor,0.999797,True
22414_14ead4a3,symmetric_rotor,8,22095_af226cbc,symmetric_rotor,0.999777,True
22414_14ead4a3,symmetric_rotor,9,21204_96d26a7f,high_complexity_rotor,0.999638,False
22414_14ead4a3,symmetric_rotor,10,23309_76dcf100,high_complexity_rotor,0.999638,False
23313_210c6783,medium_rotor,1,20672_0bc07cce,simple_rotor,1.0,False
23313_210c6783,medium_rotor,2,22843_ff77027f,simple_rotor,1.0,False
23313_210c6783,medium_rotor,3,22727_c514268a,medium_rotor,1.0,True
23313_210c6783,medium_rotor,4,23502_5a80f907,medium_rotor,1.0,True
23313_210c6783,medium_rotor,5,23048_8a1a5553,high_complexity_rotor,1.0,False
23313_210c6783,medium_rotor,6,22528_f3370a64,high_complexity_rotor,1.0,False
23313_210c6783,medium_rotor,7,20322_5a8c6077,medium_rotor,1.0,True
23313_210c6783,medium_rotor,8,20231_f54462bb,simple_rotor,1.0,False
23313_210c6783,medium_rotor,9,21884_cc2c39f9,medium_rotor,1.0,True
23313_210c6783,medium_rotor,10,22405_20f11d58,high_complexity_rotor,1.0,False
21600_0027c6fc,medium_rotor,1,20672_0bc07cce,simple_rotor,1.0,False
21600_0027c6fc,medium_rotor,2,22843_ff77027f,simple_rotor,1.0,False
21600_0027c6fc,medium_rotor,3,22727_c514268a,medium_rotor,1.0,True
21600_0027c6fc,medium_rotor,4,23502_5a80f907,medium_rotor,1.0,True
21600_0027c6fc,medium_rotor,5,23048_8a1a5553,high_complexity_rotor,1.0,False
21600_0027c6fc,medium_rotor,6,22528_f3370a64,high_complexity_rotor,1.0,False
21600_0027c6fc,medium_rotor,7,20322_5a8c6077,medium_rotor,1.0,True
21600_0027c6fc,medium_rotor,8,20231_f54462bb,simple_rotor,1.0,False
21600_0027c6fc,medium_rotor,9,21884_cc2c39f9,medium_rotor,1.0,True
21600_0027c6fc,medium_rotor,10,22405_20f11d58,high_complexity_rotor,1.0,False
21081_72fa4ad1,high_complexity_rotor,1,22812_cf865ed1,symmetric_rotor,1.0,False
21081_72fa4ad1,high_complexity_rotor,2,21843_effbd24d,high_complexity_rotor,1.0,True
21081_72fa4ad1,high_complexity_rotor,3,21845_dff8b3a1,high_complexity_rotor,0.999999,True
21081_72fa4ad1,high_complexity_rotor,4,20585_09b72895,symmetric_rotor,0.999999,False
21081_72fa4ad1,high_complexity_rotor,5,22561_067b78ae,symmetric_rotor,0.999995,False
21081_72fa4ad1,high_complexity_rotor,6,21838_5bc448b4,high_complexity_rotor,0.999989,True
21081_72fa4ad1,high_complexity_rotor,7,21840_6847d36c,symmetric_rotor,0.999989,False
21081_72fa4ad1,high_complexity_rotor,8,20419_8ce893b6,symmetric_rotor,0.999989,False
21081_72fa4ad1,high_complexity_rotor,9,21828_21ab2114,symmetric_rotor,0.999989,False
21081_72fa4ad1,high_complexity_rotor,10,22168_a84560a9,high_complexity_rotor,0.99998,True
21423_196855d1,simple_rotor,1,20672_0bc07cce,simple_rotor,1.0,True
21423_196855d1,simple_rotor,2,22843_ff77027f,simple_rotor,1.0,True
21423_196855d1,simple_rotor,3,22727_c514268a,medium_rotor,1.0,False
21423_196855d1,simple_rotor,4,23502_5a80f907,medium_rotor,1.0,False
21423_196855d1,simple_rotor,5,23048_8a1a5553,high_complexity_rotor,1.0,False
21423_196855d1,simple_rotor,6,22528_f3370a64,high_complexity_rotor,1.0,False
21423_196855d1,simple_rotor,7,20322_5a8c6077,medium_rotor,1.0,False
21423_196855d1,simple_rotor,8,20231_f54462bb,simple_rotor,1.0,True
21423_196855d1,simple_rotor,9,21884_cc2c39f9,medium_rotor,1.0,False
21423_196855d1,simple_rotor,10,22405_20f11d58,high_complexity_rotor,1.0,False
22670_9353c710,complex_assembly,1,20789_1809f41f,medium_rotor,1.0,False
22670_9353c710,complex_assembly,2,20504_c9e14c9d,medium_rotor,1.0,False
22670_9353c710,complex_assembly,3,20165_2b088be5,high_complexity_rotor,1.0,False
22670_9353c710,complex_assembly,4,20505_017d4cc4,medium_rotor,0.999996,False
22670_9353c710,complex_assembly,5,21513_50fb4d62,medium_rotor,0.999971,False
22670_9353c710,complex_assembly,6,20495_e8e7e80c,simple_rotor,0.999971,False
22670_9353c710,complex_assembly,7,21626_b34008e6,medium_rotor,0.999971,False
22670_9353c710,complex_assembly,8,22581_406c16c4,complex_assembly,0.999957,True
22670_9353c710,complex_assembly,9,22747_3f6faf4c,simple_rotor,0.999948,False
22670_9353c710,complex_assembly,10,21745_56cbe841,medium_rotor,0.999948,False
20421_38b63ca5,medium_rotor,1,20239_49b65a55,medium_rotor,0.999941,True
20421_38b63ca5,medium_rotor,2,21708_e61bd657,complex_assembly,0.999671,False
20421_38b63ca5,medium_rotor,3,21048_75cc125c,medium_rotor,0.999485,True
20421_38b63ca5,medium_rotor,4,21365_ab403591,medium_rotor,0.999485,True
20421_38b63ca5,medium_rotor,5,21741_c6faf98e,complex_assembly,0.999485,False
20421_38b63ca5,medium_rotor,6,20157_db99ab88,medium_rotor,0.999422,True
20421_38b63ca5,medium_rotor,7,20260_4a01a99d,high_complexity_rotor,0.999422,False
20421_38b63ca5,medium_rotor,8,20431_0088a0dd,medium_rotor,0.999422,True
20421_38b63ca5,medium_rotor,9,20430_975b8dcf,high_complexity_rotor,0.999289,False
20421_38b63ca5,medium_rotor,10,21164_de08f61e,medium_rotor,0.999184,True
21718_1551037b,complex_assembly,1,21580_b8b2571b,high_complexity_rotor,0.999969,False
21718_1551037b,complex_assembly,2,21391_78fc6345,simple_rotor,0.999933,False
21718_1551037b,complex_assembly,3,21008_a3fec63b,medium_rotor,0.999933,False
21718_1551037b,complex_assembly,4,22021_520ec8c3,medium_rotor,0.999933,False
21718_1551037b,complex_assembly,5,21552_4e9c19b1,medium_rotor,0.999774,False
21718_1551037b,complex_assembly,6,21979_29f59427,high_complexity_rotor,0.999774,False
21718_1551037b,complex_assembly,7,21352_d60bc953,complex_assembly,0.999758,True
21718_1551037b,complex_assembly,8,20163_3742f394,medium_rotor,0.999154,False
21718_1551037b,complex_assembly,9,21941_1a683ec2,complex_assembly,0.999043,True
21718_1551037b,complex_assembly,10,20671_33532794,simple_rotor,0.998733,False
20585_09b72895,symmetric_rotor,1,21843_effbd24d,high_complexity_rotor,0.999999,False
20585_09b72895,symmetric_rotor,2,21081_72fa4ad1,high_complexity_rotor,0.999999,False
20585_09b72895,symmetric_rotor,3,22812_cf865ed1,symmetric_rotor,0.999999,True
20585_09b72895,symmetric_rotor,4,22561_067b78ae,symmetric_rotor,0.999999,True
20585_09b72895,symmetric_rotor,5,21845_dff8b3a1,high_complexity_rotor,0.999995,False
20585_09b72895,symmetric_rotor,6,20419_8ce893b6,symmetric_rotor,0.999995,True
20585_09b72895,symmetric_rotor,7,21838_5bc448b4,high_complexity_rotor,0.999995,False
20585_09b72895,symmetric_rotor,8,21828_21ab2114,symmetric_rotor,0.999995,True
20585_09b72895,symmetric_rotor,9,21840_6847d36c,symmetric_rotor,0.999995,True
20585_09b72895,symmetric_rotor,10,21831_54ca67d1,symmetric_rotor,0.999989,True
21828_21ab2114,symmetric_rotor,1,21840_6847d36c,symmetric_rotor,1.0,True
21828_21ab2114,symmetric_rotor,2,21838_5bc448b4,high_complexity_rotor,1.0,False
21828_21ab2114,symmetric_rotor,3,20419_8ce893b6,symmetric_rotor,1.0,True
21828_21ab2114,symmetric_rotor,4,22561_067b78ae,symmetric_rotor,0.999999,True
21828_21ab2114,symmetric_rotor,5,21329_1bfecd1d,high_complexity_rotor,0.999999,False
21828_21ab2114,symmetric_rotor,6,21133_f9a1614e,symmetric_rotor,0.999999,True
21828_21ab2114,symmetric_rotor,7,21825_ce32b0a0,simple_rotor,0.999999,False
21828_21ab2114,symmetric_rotor,8,21839_a8eb6d34,high_complexity_rotor,0.999999,False
21828_21ab2114,symmetric_rotor,9,21831_54ca67d1,symmetric_rotor,0.999999,True
21828_21ab2114,symmetric_rotor,10,22080_594bcb66,symmetric_rotor,0.999999,True
20511_e1b972aa,medium_rotor,1,20672_0bc07cce,simple_rotor,1.0,False
20511_e1b972aa,medium_rotor,2,22843_ff77027f,simple_rotor,1.0,False
20511_e1b972aa,medium_rotor,3,22727_c514268a,medium_rotor,1.0,True
20511_e1b972aa,medium_rotor,4,23502_5a80f907,medium_rotor,1.0,True
20511_e1b972aa,medium_rotor,5,23048_8a1a5553,high_complexity_rotor,1.0,False
20511_e1b972aa,medium_rotor,6,22528_f3370a64,high_complexity_rotor,1.0,False
20511_e1b972aa,medium_rotor,7,20322_5a8c6077,medium_rotor,1.0,True
20511_e1b972aa,medium_rotor,8,20231_f54462bb,simple_rotor,1.0,False
20511_e1b972aa,medium_rotor,9,21884_cc2c39f9,medium_rotor,1.0,True
20511_e1b972aa,medium_rotor,10,22405_20f11d58,high_complexity_rotor,1.0,False
22671_fdd1b1e6,simple_rotor,1,20672_0bc07cce,simple_rotor,1.0,True
22671_fdd1b1e6,simple_rotor,2,22843_ff77027f,simple_rotor,1.0,True
22671_fdd1b1e6,simple_rotor,3,22727_c514268a,medium_rotor,1.0,False
22671_fdd1b1e6,simple_rotor,4,23502_5a80f907,medium_rotor,1.0,False
22671_fdd1b1e6,simple_rotor,5,23048_8a1a5553,high_complexity_rotor,1.0,False
22671_fdd1b1e6,simple_rotor,6,22528_f3370a64,high_complexity_rotor,1.0,False
22671_fdd1b1e6,simple_rotor,7,20322_5a8c6077,medium_rotor,1.0,False
22671_fdd1b1e6,simple_rotor,8,20231_f54462bb,simple_rotor,1.0,True
22671_fdd1b1e6,simple_rotor,9,21884_cc2c39f9,medium_rotor,1.0,False
22671_fdd1b1e6,simple_rotor,10,22405_20f11d58,high_complexity_rotor,1.0,False
21139_cd619b26,simple_rotor,1,20672_0bc07cce,simple_rotor,1.0,True
21139_cd619b26,simple_rotor,2,22843_ff77027f,simple_rotor,1.0,True
21139_cd619b26,simple_rotor,3,22727_c514268a,medium_rotor,1.0,False
21139_cd619b26,simple_rotor,4,23502_5a80f907,medium_rotor,1.0,False
21139_cd619b26,simple_rotor,5,23048_8a1a5553,high_complexity_rotor,1.0,False
21139_cd619b26,simple_rotor,6,22528_f3370a64,high_complexity_rotor,1.0,False
21139_cd619b26,simple_rotor,7,20322_5a8c6077,medium_rotor,1.0,False
21139_cd619b26,simple_rotor,8,20231_f54462bb,simple_rotor,1.0,True
21139_cd619b26,simple_rotor,9,21884_cc2c39f9,medium_rotor,1.0,False
21139_cd619b26,simple_rotor,10,22405_20f11d58,high_complexity_rotor,1.0,False
23184_731e5af0,simple_rotor,1,20672_0bc07cce,simple_rotor,1.0,True
23184_731e5af0,simple_rotor,2,22843_ff77027f,simple_rotor,1.0,True
23184_731e5af0,simple_rotor,3,22727_c514268a,medium_rotor,1.0,False
23184_731e5af0,simple_rotor,4,23502_5a80f907,medium_rotor,1.0,False
23184_731e5af0,simple_rotor,5,23048_8a1a5553,high_complexity_rotor,1.0,False
23184_731e5af0,simple_rotor,6,22528_f3370a64,high_complexity_rotor,1.0,False
23184_731e5af0,simple_rotor,7,20322_5a8c6077,medium_rotor,1.0,False
23184_731e5af0,simple_rotor,8,20231_f54462bb,simple_rotor,1.0,True
23184_731e5af0,simple_rotor,9,21884_cc2c39f9,medium_rotor,1.0,False
23184_731e5af0,simple_rotor,10,22405_20f11d58,high_complexity_rotor,1.0,False
20990_0a226634,symmetric_rotor,1,20989_a261efa3,simple_rotor,1.0,False
20990_0a226634,symmetric_rotor,2,20643_71ad3d26,high_complexity_rotor,1.0,False
20990_0a226634,symmetric_rotor,3,20989_885bd9b9,simple_rotor,1.0,False
20990_0a226634,symmetric_rotor,4,21839_a8eb6d34,high_complexity_rotor,0.999999,False
20990_0a226634,symmetric_rotor,5,21831_54ca67d1,symmetric_rotor,0.999999,True
20990_0a226634,symmetric_rotor,6,22080_594bcb66,symmetric_rotor,0.999999,True
20990_0a226634,symmetric_rotor,7,21133_f9a1614e,symmetric_rotor,0.999999,True
20990_0a226634,symmetric_rotor,8,21825_ce32b0a0,simple_rotor,0.999999,False
20990_0a226634,symmetric_rotor,9,21329_1bfecd1d,high_complexity_rotor,0.999999,False
20990_0a226634,symmetric_rotor,10,21838_5bc448b4,high_complexity_rotor,0.999995,False
20586_cbec2689,simple_rotor,1,20672_0bc07cce,simple_rotor,1.0,True
20586_cbec2689,simple_rotor,2,22843_ff77027f,simple_rotor,1.0,True
20586_cbec2689,simple_rotor,3,22727_c514268a,medium_rotor,1.0,False
20586_cbec2689,simple_rotor,4,23502_5a80f907,medium_rotor,1.0,False
20586_cbec2689,simple_rotor,5,23048_8a1a5553,high_complexity_rotor,1.0,False
20586_cbec2689,simple_rotor,6,22528_f3370a64,high_complexity_rotor,1.0,False
20586_cbec2689,simple_rotor,7,20322_5a8c6077,medium_rotor,1.0,False
20586_cbec2689,simple_rotor,8,20231_f54462bb,simple_rotor,1.0,True
20586_cbec2689,simple_rotor,9,21884_cc2c39f9,medium_rotor,1.0,False
20586_cbec2689,simple_rotor,10,22405_20f11d58,high_complexity_rotor,1.0,False
20182_71b9e491,medium_rotor,1,22837_7644c972,simple_rotor,1.0,False
20182_71b9e491,medium_rotor,2,22062_2d6b3b72,medium_rotor,1.0,True
20182_71b9e491,medium_rotor,3,20215_e2eb3082,medium_rotor,1.0,True
20182_71b9e491,medium_rotor,4,22242_4ceddc2b,complex_assembly,1.0,False
20182_71b9e491,medium_rotor,5,21601_360ce1c7,medium_rotor,1.0,True
20182_71b9e491,medium_rotor,6,22919_3ee91d1a,medium_rotor,0.99999,True
20182_71b9e491,medium_rotor,7,22474_b10fea1a,medium_rotor,0.999981,True
20182_71b9e491,medium_rotor,8,23176_1bf2a2d5,medium_rotor,0.999976,True
20182_71b9e491,medium_rotor,9,19051_26735260,high_complexity_rotor,0.999968,False
20182_71b9e491,medium_rotor,10,22535_0ba01cc9,complex_assembly,0.999962,False
22981_93f268ae,simple_rotor,1,21545_4384f96e,complex_assembly,1.0,False
22981_93f268ae,simple_rotor,2,22778_7d85debd,medium_rotor,1.0,False
22981_93f268ae,simple_rotor,3,21582_a3d32115,complex_assembly,0.999999,False
22981_93f268ae,simple_rotor,4,21539_cfe1f7fd,medium_rotor,0.999999,False
22981_93f268ae,simple_rotor,5,23245_ccd099b6,medium_rotor,0.999995,False
22981_93f268ae,simple_rotor,6,22232_cb53774e,medium_rotor,0.999994,False
22981_93f268ae,simple_rotor,7,23235_f9ccb8b0,complex_assembly,0.999993,False
22981_93f268ae,simple_rotor,8,23194_b675acc0,simple_rotor,0.999982,True
22981_93f268ae,simple_rotor,9,20952_b8a54213,complex_assembly,0.999976,False
22981_93f268ae,simple_rotor,10,22266_078a1f68,medium_rotor,0.999973,False
20989_d1b8b0f8,medium_rotor,1,20688_955aae0c,medium_rotor,1.0,True
20989_d1b8b0f8,medium_rotor,2,20899_a8d7c6d5,medium_rotor,1.0,True
20989_d1b8b0f8,medium_rotor,3,23342_7193a931,simple_rotor,0.999997,False
20989_d1b8b0f8,medium_rotor,4,22980_3cb3bcc8,medium_rotor,0.999997,True
20989_d1b8b0f8,medium_rotor,5,20755_4b5e61bf,medium_rotor,0.999996,True
20989_d1b8b0f8,medium_rotor,6,21244_d67bbabc,complex_assembly,0.99998,False
20989_d1b8b0f8,medium_rotor,7,23218_02d26ab4,simple_rotor,0.999957,False
20989_d1b8b0f8,medium_rotor,8,20892_b1f89c8d,medium_rotor,0.99995,True
20989_d1b8b0f8,medium_rotor,9,23209_1592b0a4,simple_rotor,0.99995,False
20989_d1b8b0f8,medium_rotor,10,20232_e5b060d9,simple_rotor,0.999931,False
20451_557fe5cd,simple_rotor,1,22057_4947db57,symmetric_rotor,1.0,False
20451_557fe5cd,simple_rotor,2,20620_8a5226b4,high_complexity_rotor,1.0,False
20451_557fe5cd,simple_rotor,3,23103_43bde2a6,simple_rotor,1.0,True
20451_557fe5cd,simple_rotor,4,23101_6aec02ee,high_complexity_rotor,1.0,False
20451_557fe5cd,simple_rotor,5,20451_84d8b290,simple_rotor,1.0,True
20451_557fe5cd,simple_rotor,6,20216_89b90993,simple_rotor,1.0,True
20451_557fe5cd,simple_rotor,7,20477_633cca4f,high_complexity_rotor,1.0,False
20451_557fe5cd,simple_rotor,8,20807_88c198d5,simple_rotor,1.0,True
20451_557fe5cd,simple_rotor,9,20926_4c0f33f6,symmetric_rotor,1.0,False
20451_557fe5cd,simple_rotor,10,20822_5bb36119,simple_rotor,1.0,True
22825_f4c18d65,simple_rotor,1,20672_0bc07cce,simple_rotor,1.0,True
22825_f4c18d65,simple_rotor,2,22843_ff77027f,simple_rotor,1.0,True
22825_f4c18d65,simple_rotor,3,22727_c514268a,medium_rotor,1.0,False
22825_f4c18d65,simple_rotor,4,23502_5a80f907,medium_rotor,1.0,False
22825_f4c18d65,simple_rotor,5,23048_8a1a5553,high_complexity_rotor,1.0,False
22825_f4c18d65,simple_rotor,6,22528_f3370a64,high_complexity_rotor,1.0,False
22825_f4c18d65,simple_rotor,7,20322_5a8c6077,medium_rotor,1.0,False
22825_f4c18d65,simple_rotor,8,20231_f54462bb,simple_rotor,1.0,True
22825_f4c18d65,simple_rotor,9,21884_cc2c39f9,medium_rotor,1.0,False
22825_f4c18d65,simple_rotor,10,22405_20f11d58,high_complexity_rotor,1.0,False
20533_0a3e112b,high_complexity_rotor,1,21837_b67d788c,medium_rotor,0.999542,False
20533_0a3e112b,high_complexity_rotor,2,20431_27e7f151,medium_rotor,0.999408,False
20533_0a3e112b,high_complexity_rotor,3,22442_7d5c5d5f,high_complexity_rotor,0.999408,True
20533_0a3e112b,high_complexity_rotor,4,20628_e0551f7c,medium_rotor,0.998902,False
20533_0a3e112b,high_complexity_rotor,5,23158_c7e753c2,simple_rotor,0.998103,False
20533_0a3e112b,high_complexity_rotor,6,22681_124bf3a9,medium_rotor,0.998022,False
20533_0a3e112b,high_complexity_rotor,7,21719_d60b8a4a,medium_rotor,0.998022,False
20533_0a3e112b,high_complexity_rotor,8,21599_80057f94,simple_rotor,0.997203,False
20533_0a3e112b,high_complexity_rotor,9,20622_38dd90d0,high_complexity_rotor,0.996888,True
20533_0a3e112b,high_complexity_rotor,10,20722_90d46353,medium_rotor,0.99537,False
22196_e5bf8c9d,medium_rotor,1,22534_e899f645,medium_rotor,1.0,True
22196_e5bf8c9d,medium_rotor,2,21469_abec26c4,simple_rotor,1.0,False
22196_e5bf8c9d,medium_rotor,3,22197_94c66357,medium_rotor,1.0,True
22196_e5bf8c9d,medium_rotor,4,19518_f220b68a,simple_rotor,1.0,False
22196_e5bf8c9d,medium_rotor,5,23265_07de6a0b,simple_rotor,1.0,False
22196_e5bf8c9d,medium_rotor,6,22073_951645ae,simple_rotor,1.0,False
22196_e5bf8c9d,medium_rotor,7,20193_2da4f0a0,simple_rotor,1.0,False
22196_e5bf8c9d,medium_rotor,8,22133_465d7a91,simple_rotor,1.0,False
22196_e5bf8c9d,medium_rotor,9,22196_0deb2e34,medium_rotor,1.0,True
22196_e5bf8c9d,medium_rotor,10,22011_0832eefe,medium_rotor,1.0,True
21165_5cb2d287,simple_rotor,1,22378_234fea2c,simple_rotor,1.0,True
21165_5cb2d287,simple_rotor,2,20436_41b730a3,simple_rotor,1.0,True
21165_5cb2d287,simple_rotor,3,20186_f66e4ad3,simple_rotor,1.0,True
21165_5cb2d287,simple_rotor,4,23215_08a54de0,simple_rotor,1.0,True
21165_5cb2d287,simple_rotor,5,20671_33532794,simple_rotor,1.0,True
21165_5cb2d287,simple_rotor,6,23226_8d1b5098,complex_assembly,1.0,False
21165_5cb2d287,simple_rotor,7,22227_aca28ff2,simple_rotor,1.0,True
21165_5cb2d287,simple_rotor,8,21941_1a683ec2,complex_assembly,0.999978,False
21165_5cb2d287,simple_rotor,9,22404_66db7dd7,complex_assembly,0.99997,False
21165_5cb2d287,simple_rotor,10,21244_24c3ce72,complex_assembly,0.999941,False
23101_6aec02ee,high_complexity_rotor,1,22057_4947db57,symmetric_rotor,1.0,False
23101_6aec02ee,high_complexity_rotor,2,20620_8a5226b4,high_complexity_rotor,1.0,True
23101_6aec02ee,high_complexity_rotor,3,23103_43bde2a6,simple_rotor,1.0,False
23101_6aec02ee,high_complexity_rotor,4,20451_557fe5cd,simple_rotor,1.0,False
23101_6aec02ee,high_complexity_rotor,5,20451_84d8b290,simple_rotor,1.0,False
23101_6aec02ee,high_complexity_rotor,6,20216_89b90993,simple_rotor,1.0,False
23101_6aec02ee,high_complexity_rotor,7,20477_633cca4f,high_complexity_rotor,1.0,True
23101_6aec02ee,high_complexity_rotor,8,20807_88c198d5,simple_rotor,1.0,False
23101_6aec02ee,high_complexity_rotor,9,20926_4c0f33f6,symmetric_rotor,1.0,False
23101_6aec02ee,high_complexity_rotor,10,20822_5bb36119,simple_rotor,1.0,False
20817_ef63b1a7,medium_rotor,1,20672_0bc07cce,simple_rotor,1.0,False
20817_ef63b1a7,medium_rotor,2,22843_ff77027f,simple_rotor,1.0,False
20817_ef63b1a7,medium_rotor,3,22727_c514268a,medium_rotor,1.0,True
20817_ef63b1a7,medium_rotor,4,23502_5a80f907,medium_rotor,1.0,True
20817_ef63b1a7,medium_rotor,5,23048_8a1a5553,high_complexity_rotor,1.0,False
20817_ef63b1a7,medium_rotor,6,22528_f3370a64,high_complexity_rotor,1.0,False
20817_ef63b1a7,medium_rotor,7,20322_5a8c6077,medium_rotor,1.0,True
20817_ef63b1a7,medium_rotor,8,20231_f54462bb,simple_rotor,1.0,False
20817_ef63b1a7,medium_rotor,9,21884_cc2c39f9,medium_rotor,1.0,True
20817_ef63b1a7,medium_rotor,10,22405_20f11d58,high_complexity_rotor,1.0,False
22141_5db99710,symmetric_rotor,1,21121_1e9e7540,high_complexity_rotor,1.0,False
22141_5db99710,symmetric_rotor,2,22241_535ad84b,simple_rotor,0.999999,False
22141_5db99710,symmetric_rotor,3,23329_6939d5d9,high_complexity_rotor,0.999999,False
22141_5db99710,symmetric_rotor,4,21271_ec7f62b8,symmetric_rotor,0.999995,True
22141_5db99710,symmetric_rotor,5,23438_b1ef78f4,symmetric_rotor,0.999995,True
22141_5db99710,symmetric_rotor,6,22027_11a2e852,high_complexity_rotor,0.999989,False
22141_5db99710,symmetric_rotor,7,21958_e48ddf4e,symmetric_rotor,0.999989,True
22141_5db99710,symmetric_rotor,8,20697_d3e106b4,high_complexity_rotor,0.999989,False
22141_5db99710,symmetric_rotor,9,23178_eb4b4280,symmetric_rotor,0.999989,True
22141_5db99710,symmetric_rotor,10,23259_d655fcc1,symmetric_rotor,0.999989,True
20860_b8e9a191,medium_rotor,1,21989_a0b5037d,medium_rotor,0.999913,True
20860_b8e9a191,medium_rotor,2,23239_ba13cf5e,simple_rotor,0.99979,False
20860_b8e9a191,medium_rotor,3,22066_308cdcfe,medium_rotor,0.99979,True
20860_b8e9a191,medium_rotor,4,23440_5956321f,simple_rotor,0.99979,False
20860_b8e9a191,medium_rotor,5,21243_3ec5d732,simple_rotor,0.99979,False
20860_b8e9a191,medium_rotor,6,20229_d1ae2ae3,medium_rotor,0.99979,True
20860_b8e9a191,medium_rotor,7,22349_6f67a96e,simple_rotor,0.99979,False
20860_b8e9a191,medium_rotor,8,21630_316322ff,simple_rotor,0.99979,False
20860_b8e9a191,medium_rotor,9,23409_e27e3b8b,medium_rotor,0.99979,True
20860_b8e9a191,medium_rotor,10,20291_42287610,simple_rotor,0.99979,False
21610_5dcf1187,simple_rotor,1,20672_0bc07cce,simple_rotor,1.0,True
21610_5dcf1187,simple_rotor,2,22843_ff77027f,simple_rotor,1.0,True
21610_5dcf1187,simple_rotor,3,22727_c514268a,medium_rotor,1.0,False
21610_5dcf1187,simple_rotor,4,23502_5a80f907,medium_rotor,1.0,False
21610_5dcf1187,simple_rotor,5,23048_8a1a5553,high_complexity_rotor,1.0,False
21610_5dcf1187,simple_rotor,6,22528_f3370a64,high_complexity_rotor,1.0,False
21610_5dcf1187,simple_rotor,7,20322_5a8c6077,medium_rotor,1.0,False
21610_5dcf1187,simple_rotor,8,20231_f54462bb,simple_rotor,1.0,True
21610_5dcf1187,simple_rotor,9,21884_cc2c39f9,medium_rotor,1.0,False
21610_5dcf1187,simple_rotor,10,22405_20f11d58,high_complexity_rotor,1.0,False
20285_b64b1a7e,medium_rotor,1,21024_9be3d461,high_complexity_rotor,1.0,False
20285_b64b1a7e,medium_rotor,2,22043_041e1b7c,simple_rotor,1.0,False
20285_b64b1a7e,medium_rotor,3,22270_c6999138,simple_rotor,1.0,False
20285_b64b1a7e,medium_rotor,4,22061_b50b6b66,medium_rotor,1.0,True
20285_b64b1a7e,medium_rotor,5,23451_14c8d09e,medium_rotor,0.999997,True
20285_b64b1a7e,medium_rotor,6,22092_897b0ffa,medium_rotor,0.999997,True
20285_b64b1a7e,medium_rotor,7,22612_28fe0ac2,medium_rotor,0.999997,True
20285_b64b1a7e,medium_rotor,8,21976_807c9b26,simple_rotor,0.999992,False
20285_b64b1a7e,medium_rotor,9,22046_fe3bae6e,medium_rotor,0.999992,True
20285_b64b1a7e,medium_rotor,10,21695_1f33863f,medium_rotor,0.999992,True
21741_c6faf98e,complex_assembly,1,21365_ab403591,medium_rotor,1.0,False
21741_c6faf98e,complex_assembly,2,21048_75cc125c,medium_rotor,1.0,False
21741_c6faf98e,complex_assembly,3,21859_35124f79,complex_assembly,0.999876,True
21741_c6faf98e,complex_assembly,4,20239_49b65a55,medium_rotor,0.999775,False
21741_c6faf98e,complex_assembly,5,20421_38b63ca5,medium_rotor,0.999485,False
21741_c6faf98e,complex_assembly,6,20636_ca9eb29a,high_complexity_rotor,0.999279,False
21741_c6faf98e,complex_assembly,7,21708_e61bd657,complex_assembly,0.998332,True
21741_c6faf98e,complex_assembly,8,22067_624b28e3,simple_rotor,0.998269,False
21741_c6faf98e,complex_assembly,9,22214_b098105d,simple_rotor,0.998269,False
21741_c6faf98e,complex_assembly,10,20260_4a01a99d,high_complexity_rotor,0.997815,False
21377_19909a40,medium_rotor,1,20672_0bc07cce,simple_rotor,1.0,False
21377_19909a40,medium_rotor,2,22843_ff77027f,simple_rotor,1.0,False
21377_19909a40,medium_rotor,3,22727_c514268a,medium_rotor,1.0,True
21377_19909a40,medium_rotor,4,23502_5a80f907,medium_rotor,1.0,True
21377_19909a40,medium_rotor,5,23048_8a1a5553,high_complexity_rotor,1.0,False
21377_19909a40,medium_rotor,6,22528_f3370a64,high_complexity_rotor,1.0,False
21377_19909a40,medium_rotor,7,20322_5a8c6077,medium_rotor,1.0,True
21377_19909a40,medium_rotor,8,20231_f54462bb,simple_rotor,1.0,False
21377_19909a40,medium_rotor,9,21884_cc2c39f9,medium_rotor,1.0,True
21377_19909a40,medium_rotor,10,22405_20f11d58,high_complexity_rotor,1.0,False
23174_8ef93daf,medium_rotor,1,20672_0bc07cce,simple_rotor,1.0,False
23174_8ef93daf,medium_rotor,2,22843_ff77027f,simple_rotor,1.0,False
23174_8ef93daf,medium_rotor,3,22727_c514268a,medium_rotor,1.0,True
23174_8ef93daf,medium_rotor,4,23502_5a80f907,medium_rotor,1.0,True
23174_8ef93daf,medium_rotor,5,23048_8a1a5553,high_complexity_rotor,1.0,False
23174_8ef93daf,medium_rotor,6,22528_f3370a64,high_complexity_rotor,1.0,False
23174_8ef93daf,medium_rotor,7,20322_5a8c6077,medium_rotor,1.0,True
23174_8ef93daf,medium_rotor,8,20231_f54462bb,simple_rotor,1.0,False
23174_8ef93daf,medium_rotor,9,21884_cc2c39f9,medium_rotor,1.0,True
23174_8ef93daf,medium_rotor,10,22405_20f11d58,high_complexity_rotor,1.0,False
22448_1f21757a,medium_rotor,1,20672_0bc07cce,simple_rotor,1.0,False
22448_1f21757a,medium_rotor,2,22843_ff77027f,simple_rotor,1.0,False
22448_1f21757a,medium_rotor,3,22727_c514268a,medium_rotor,1.0,True
22448_1f21757a,medium_rotor,4,23502_5a80f907,medium_rotor,1.0,True
22448_1f21757a,medium_rotor,5,23048_8a1a5553,high_complexity_rotor,1.0,False
22448_1f21757a,medium_rotor,6,22528_f3370a64,high_complexity_rotor,1.0,False
22448_1f21757a,medium_rotor,7,20322_5a8c6077,medium_rotor,1.0,True
22448_1f21757a,medium_rotor,8,20231_f54462bb,simple_rotor,1.0,False
22448_1f21757a,medium_rotor,9,21884_cc2c39f9,medium_rotor,1.0,True
22448_1f21757a,medium_rotor,10,22405_20f11d58,high_complexity_rotor,1.0,False
21621_711e1918,medium_rotor,1,23305_2662b29a,medium_rotor,0.999954,True
21621_711e1918,medium_rotor,2,21858_f1409ea2,medium_rotor,0.999936,True
21621_711e1918,medium_rotor,3,20440_27177360,medium_rotor,0.999936,True
21621_711e1918,medium_rotor,4,23162_7e2f3d77,complex_assembly,0.999814,False
21621_711e1918,medium_rotor,5,22017_6d3be48d,medium_rotor,0.999814,True
21621_711e1918,medium_rotor,6,22078_1758e9fc,medium_rotor,0.999814,True
21621_711e1918,medium_rotor,7,20841_1620ae7d,simple_rotor,0.999814,False
21621_711e1918,medium_rotor,8,21424_9d516e3a,medium_rotor,0.999814,True
21621_711e1918,medium_rotor,9,23374_57cca189,medium_rotor,0.999814,True
21621_711e1918,medium_rotor,10,22862_f5406bb0,simple_rotor,0.999814,False
22261_6efe61e3,simple_rotor,1,20672_0bc07cce,simple_rotor,1.0,True
22261_6efe61e3,simple_rotor,2,22843_ff77027f,simple_rotor,1.0,True
22261_6efe61e3,simple_rotor,3,22727_c514268a,medium_rotor,1.0,False
22261_6efe61e3,simple_rotor,4,23502_5a80f907,medium_rotor,1.0,False
22261_6efe61e3,simple_rotor,5,23048_8a1a5553,high_complexity_rotor,1.0,False
22261_6efe61e3,simple_rotor,6,22528_f3370a64,high_complexity_rotor,1.0,False
22261_6efe61e3,simple_rotor,7,20322_5a8c6077,medium_rotor,1.0,False
22261_6efe61e3,simple_rotor,8,20231_f54462bb,simple_rotor,1.0,True
22261_6efe61e3,simple_rotor,9,21884_cc2c39f9,medium_rotor,1.0,False
22261_6efe61e3,simple_rotor,10,22405_20f11d58,high_complexity_rotor,1.0,False
20495_e8e7e80c,simple_rotor,1,21626_b34008e6,medium_rotor,1.0,False
20495_e8e7e80c,simple_rotor,2,21513_50fb4d62,medium_rotor,1.0,False
20495_e8e7e80c,simple_rotor,3,22581_406c16c4,complex_assembly,0.999999,False
20495_e8e7e80c,simple_rotor,4,20505_017d4cc4,medium_rotor,0.999988,False
20495_e8e7e80c,simple_rotor,5,20165_2b088be5,high_complexity_rotor,0.999971,False
20495_e8e7e80c,simple_rotor,6,20504_c9e14c9d,medium_rotor,0.999971,False
20495_e8e7e80c,simple_rotor,7,22670_9353c710,complex_assembly,0.999971,False
20495_e8e7e80c,simple_rotor,8,20789_1809f41f,medium_rotor,0.999971,False
20495_e8e7e80c,simple_rotor,9,20787_ed64ff5e,complex_assembly,0.999967,False
20495_e8e7e80c,simple_rotor,10,20892_b1f89c8d,medium_rotor,0.999942,False
23282_a1b17daa,complex_assembly,1,22357_e2f7b060,complex_assembly,0.999998,True
23282_a1b17daa,complex_assembly,2,21923_41fa6eda,medium_rotor,0.999994,False
23282_a1b17daa,complex_assembly,3,20349_a12428da,medium_rotor,0.999983,False
23282_a1b17daa,complex_assembly,4,21421_fb12b69b,complex_assembly,0.999975,True
23282_a1b17daa,complex_assembly,5,22491_a33562ad,complex_assembly,0.999968,True
23282_a1b17daa,complex_assembly,6,19518_f220b68a,simple_rotor,0.999968,False
23282_a1b17daa,complex_assembly,7,23244_34b5f55e,simple_rotor,0.999968,False
23282_a1b17daa,complex_assembly,8,20478_c02790cb,simple_rotor,0.999968,False
23282_a1b17daa,complex_assembly,9,20188_98b86c0f,simple_rotor,0.999968,False
23282_a1b17daa,complex_assembly,10,21275_c8049742,medium_rotor,0.999968,False
22078_1758e9fc,medium_rotor,1,22017_6d3be48d,medium_rotor,1.0,True
22078_1758e9fc,medium_rotor,2,20841_1620ae7d,simple_rotor,1.0,False
22078_1758e9fc,medium_rotor,3,22862_f5406bb0,simple_rotor,1.0,False
22078_1758e9fc,medium_rotor,4,23374_57cca189,medium_rotor,1.0,True
22078_1758e9fc,medium_rotor,5,21424_9d516e3a,medium_rotor,1.0,True
22078_1758e9fc,medium_rotor,6,23162_7e2f3d77,complex_assembly,1.0,False
22078_1758e9fc,medium_rotor,7,22014_5880c417,simple_rotor,1.0,False
22078_1758e9fc,medium_rotor,8,21357_9edfc0a0,simple_rotor,1.0,False
22078_1758e9fc,medium_rotor,9,23305_2662b29a,medium_rotor,0.999953,True
22078_1758e9fc,medium_rotor,10,21351_675c66b1,complex_assembly,0.999853,False
21744_5ae4d9d5,high_complexity_rotor,1,20672_0bc07cce,simple_rotor,1.0,False
21744_5ae4d9d5,high_complexity_rotor,2,22843_ff77027f,simple_rotor,1.0,False
21744_5ae4d9d5,high_complexity_rotor,3,22727_c514268a,medium_rotor,1.0,False
21744_5ae4d9d5,high_complexity_rotor,4,23502_5a80f907,medium_rotor,1.0,False
21744_5ae4d9d5,high_complexity_rotor,5,23048_8a1a5553,high_complexity_rotor,1.0,True
21744_5ae4d9d5,high_complexity_rotor,6,22528_f3370a64,high_complexity_rotor,1.0,True
21744_5ae4d9d5,high_complexity_rotor,7,20322_5a8c6077,medium_rotor,1.0,False
21744_5ae4d9d5,high_complexity_rotor,8,20231_f54462bb,simple_rotor,1.0,False
21744_5ae4d9d5,high_complexity_rotor,9,21884_cc2c39f9,medium_rotor,1.0,False
21744_5ae4d9d5,high_complexity_rotor,10,22405_20f11d58,high_complexity_rotor,1.0,True
22812_cf865ed1,symmetric_rotor,1,21081_72fa4ad1,high_complexity_rotor,1.0,False
22812_cf865ed1,symmetric_rotor,2,21843_effbd24d,high_complexity_rotor,1.0,False
22812_cf865ed1,symmetric_rotor,3,21845_dff8b3a1,high_complexity_rotor,0.999999,False
22812_cf865ed1,symmetric_rotor,4,20585_09b72895,symmetric_rotor,0.999999,True
22812_cf865ed1,symmetric_rotor,5,22561_067b78ae,symmetric_rotor,0.999995,True
22812_cf865ed1,symmetric_rotor,6,21838_5bc448b4,high_complexity_rotor,0.999989,False
22812_cf865ed1,symmetric_rotor,7,21840_6847d36c,symmetric_rotor,0.999989,True
22812_cf865ed1,symmetric_rotor,8,20419_8ce893b6,symmetric_rotor,0.999989,True
22812_cf865ed1,symmetric_rotor,9,21828_21ab2114,symmetric_rotor,0.999989,True
22812_cf865ed1,symmetric_rotor,10,22168_a84560a9,high_complexity_rotor,0.99998,False
21566_ff590631,medium_rotor,1,20672_0bc07cce,simple_rotor,1.0,False
21566_ff590631,medium_rotor,2,22843_ff77027f,simple_rotor,1.0,False
21566_ff590631,medium_rotor,3,22727_c514268a,medium_rotor,1.0,True
21566_ff590631,medium_rotor,4,23502_5a80f907,medium_rotor,1.0,True
21566_ff590631,medium_rotor,5,23048_8a1a5553,high_complexity_rotor,1.0,False
21566_ff590631,medium_rotor,6,22528_f3370a64,high_complexity_rotor,1.0,False
21566_ff590631,medium_rotor,7,20322_5a8c6077,medium_rotor,1.0,True
21566_ff590631,medium_rotor,8,20231_f54462bb,simple_rotor,1.0,False
21566_ff590631,medium_rotor,9,21884_cc2c39f9,medium_rotor,1.0,True
21566_ff590631,medium_rotor,10,22405_20f11d58,high_complexity_rotor,1.0,False
21337_062b39fa,high_complexity_rotor,1,21035_d308c5c4,medium_rotor,1.0,False
21337_062b39fa,high_complexity_rotor,2,23422_f214bd4d,complex_assembly,0.999989,False
21337_062b39fa,high_complexity_rotor,3,22076_20e8a107,high_complexity_rotor,0.999873,True
21337_062b39fa,high_complexity_rotor,4,21153_a2fb81fe,high_complexity_rotor,0.999627,True
21337_062b39fa,high_complexity_rotor,5,23413_6702ec7f,medium_rotor,0.999627,False
21337_062b39fa,high_complexity_rotor,6,19566_19d85d3b,high_complexity_rotor,0.999627,True
21337_062b39fa,high_complexity_rotor,7,20351_dc6e4e1e,complex_assembly,0.999145,False
21337_062b39fa,high_complexity_rotor,8,20722_90d46353,medium_rotor,0.996227,False
21337_062b39fa,high_complexity_rotor,9,23368_648717d8,medium_rotor,0.99544,False
21337_062b39fa,high_complexity_rotor,10,7778_3a9748b3,complex_assembly,0.99507,False
23467_9f431540,high_complexity_rotor,1,21805_2ba39d00,high_complexity_rotor,1.0,True
23467_9f431540,high_complexity_rotor,2,23127_38d73061,symmetric_rotor,0.999999,False
23467_9f431540,high_complexity_rotor,3,20758_cdccf572,simple_rotor,0.999977,False
23467_9f431540,high_complexity_rotor,4,21204_96d26a7f,high_complexity_rotor,0.999976,True
23467_9f431540,high_complexity_rotor,5,23309_76dcf100,high_complexity_rotor,0.999976,True
23467_9f431540,high_complexity_rotor,6,20737_5249e274,high_complexity_rotor,0.999976,True
23467_9f431540,high_complexity_rotor,7,20970_d20c6c35,symmetric_rotor,0.999976,False
23467_9f431540,high_complexity_rotor,8,21511_d07c59c2,high_complexity_rotor,0.999972,True
23467_9f431540,high_complexity_rotor,9,23221_42f37ae3,symmetric_rotor,0.999933,False
23467_9f431540,high_complexity_rotor,10,22894_5f7c276d,high_complexity_rotor,0.999908,True
22434_2ad62ed6,symmetric_rotor,1,22659_0e686e14,symmetric_rotor,1.0,True
22434_2ad62ed6,symmetric_rotor,2,20225_4ce6d59b,symmetric_rotor,1.0,True
22434_2ad62ed6,symmetric_rotor,3,21692_777db9e2,symmetric_rotor,1.0,True
22434_2ad62ed6,symmetric_rotor,4,21497_9833a679,symmetric_rotor,0.999999,True
22434_2ad62ed6,symmetric_rotor,5,20438_5f344b00,simple_rotor,0.999999,False
22434_2ad62ed6,symmetric_rotor,6,23259_d655fcc1,symmetric_rotor,0.999999,True
22434_2ad62ed6,symmetric_rotor,7,23178_eb4b4280,symmetric_rotor,0.999999,True
22434_2ad62ed6,symmetric_rotor,8,21810_718ae2fe,simple_rotor,0.999999,False
22434_2ad62ed6,symmetric_rotor,9,22419_dfeb5d33,high_complexity_rotor,0.999999,False
22434_2ad62ed6,symmetric_rotor,10,23037_d0df320c,symmetric_rotor,0.999999,True
22236_db209dff,simple_rotor,1,21478_8fbd4409,symmetric_rotor,1.0,False
22236_db209dff,simple_rotor,2,20384_767d849a,simple_rotor,1.0,True
22236_db209dff,simple_rotor,3,21037_62248d34,symmetric_rotor,1.0,False
22236_db209dff,simple_rotor,4,22049_4da0d894,symmetric_rotor,0.999999,False
22236_db209dff,simple_rotor,5,22331_152ee5c0,high_complexity_rotor,0.999999,False
22236_db209dff,simple_rotor,6,21448_5646a1b6,simple_rotor,0.999989,True
22236_db209dff,simple_rotor,7,22399_97987ada,symmetric_rotor,0.99998,False
22236_db209dff,simple_rotor,8,22706_58a933f4,symmetric_rotor,0.999977,False
22236_db209dff,simple_rotor,9,21825_ce32b0a0,simple_rotor,0.999977,True
22236_db209dff,simple_rotor,10,22080_594bcb66,symmetric_rotor,0.999977,False
20951_2918f2fa,simple_rotor,1,20241_8c0d3f83,simple_rotor,1.0,True
20951_2918f2fa,simple_rotor,2,22135_2aa77ff2,simple_rotor,1.0,True
20951_2918f2fa,simple_rotor,3,20241_ccb70dc8,simple_rotor,1.0,True
20951_2918f2fa,simple_rotor,4,21451_fea6f0d1,simple_rotor,1.0,True
20951_2918f2fa,simple_rotor,5,21422_b2a6bf27,simple_rotor,1.0,True
20951_2918f2fa,simple_rotor,6,21776_fb0bfbc6,simple_rotor,1.0,True
20951_2918f2fa,simple_rotor,7,21911_429c1a72,simple_rotor,0.996986,True
20951_2918f2fa,simple_rotor,8,22787_49022c32,complex_assembly,0.995854,False
20951_2918f2fa,simple_rotor,9,21994_357aac6f,simple_rotor,0.995033,True
20951_2918f2fa,simple_rotor,10,22085_e039a7d3,medium_rotor,0.993825,False
21186_d1698d8c,symmetric_rotor,1,20421_0fd51709,high_complexity_rotor,1.0,False
21186_d1698d8c,symmetric_rotor,2,21248_0a862e3e,symmetric_rotor,1.0,True
21186_d1698d8c,symmetric_rotor,3,21961_1a090a8b,symmetric_rotor,1.0,True
21186_d1698d8c,symmetric_rotor,4,20731_fbdc7731,simple_rotor,1.0,False
21186_d1698d8c,symmetric_rotor,5,22983_0ab3faaf,symmetric_rotor,1.0,True
21186_d1698d8c,symmetric_rotor,6,22367_b4a67e61,simple_rotor,1.0,False
21186_d1698d8c,symmetric_rotor,7,22893_eb8aa8ac,high_complexity_rotor,1.0,False
21186_d1698d8c,symmetric_rotor,8,22136_a539c50b,simple_rotor,1.0,False
21186_d1698d8c,symmetric_rotor,9,22508_6bb410af,simple_rotor,1.0,False
21186_d1698d8c,symmetric_rotor,10,22365_a4eb929c,symmetric_rotor,1.0,True
20609_69f28932,symmetric_rotor,1,21564_fa5b2db7,simple_rotor,1.0,False
20609_69f28932,symmetric_rotor,2,22283_36ba29c9,simple_rotor,1.0,False
20609_69f28932,symmetric_rotor,3,21603_98a15295,symmetric_rotor,1.0,True
20609_69f28932,symmetric_rotor,4,21384_b9774b93,simple_rotor,0.999999,False
20609_69f28932,symmetric_rotor,5,21551_c6c2d516,high_complexity_rotor,0.999999,False
20609_69f28932,symmetric_rotor,6,22706_58a933f4,symmetric_rotor,0.999999,True
20609_69f28932,symmetric_rotor,7,22049_4da0d894,symmetric_rotor,0.999977,True
20609_69f28932,symmetric_rotor,8,21352_c1101acb,high_complexity_rotor,0.999976,False
20609_69f28932,symmetric_rotor,9,23320_e0711ae9,symmetric_rotor,0.999976,True
20609_69f28932,symmetric_rotor,10,21977_ce9f4e71,high_complexity_rotor,0.999976,False
22064_e1ba20dd,simple_rotor,1,20672_0bc07cce,simple_rotor,1.0,True
22064_e1ba20dd,simple_rotor,2,22843_ff77027f,simple_rotor,1.0,True
22064_e1ba20dd,simple_rotor,3,22727_c514268a,medium_rotor,1.0,False
22064_e1ba20dd,simple_rotor,4,23502_5a80f907,medium_rotor,1.0,False
22064_e1ba20dd,simple_rotor,5,23048_8a1a5553,high_complexity_rotor,1.0,False
22064_e1ba20dd,simple_rotor,6,22528_f3370a64,high_complexity_rotor,1.0,False
22064_e1ba20dd,simple_rotor,7,20322_5a8c6077,medium_rotor,1.0,False
22064_e1ba20dd,simple_rotor,8,20231_f54462bb,simple_rotor,1.0,True
22064_e1ba20dd,simple_rotor,9,21884_cc2c39f9,medium_rotor,1.0,False
22064_e1ba20dd,simple_rotor,10,22405_20f11d58,high_complexity_rotor,1.0,False
21008_a3fec63b,medium_rotor,1,21391_78fc6345,simple_rotor,1.0,False
21008_a3fec63b,medium_rotor,2,22021_520ec8c3,medium_rotor,1.0,True
21008_a3fec63b,medium_rotor,3,21580_b8b2571b,high_complexity_rotor,0.999993,False
21008_a3fec63b,medium_rotor,4,21718_1551037b,complex_assembly,0.999933,False
21008_a3fec63b,medium_rotor,5,20163_3742f394,medium_rotor,0.999565,True
21008_a3fec63b,medium_rotor,6,21979_29f59427,high_complexity_rotor,0.99946,False
21008_a3fec63b,medium_rotor,7,21552_4e9c19b1,medium_rotor,0.99946,True
21008_a3fec63b,medium_rotor,8,21352_d60bc953,complex_assembly,0.999436,False
21008_a3fec63b,medium_rotor,9,22035_101c7ab4,medium_rotor,0.998907,True
21008_a3fec63b,medium_rotor,10,22082_39503fa6,medium_rotor,0.998751,True
21739_57582b8f,high_complexity_rotor,1,20672_0bc07cce,simple_rotor,1.0,False
21739_57582b8f,high_complexity_rotor,2,22843_ff77027f,simple_rotor,1.0,False
21739_57582b8f,high_complexity_rotor,3,22727_c514268a,medium_rotor,1.0,False
21739_57582b8f,high_complexity_rotor,4,23502_5a80f907,medium_rotor,1.0,False
21739_57582b8f,high_complexity_rotor,5,23048_8a1a5553,high_complexity_rotor,1.0,True
21739_57582b8f,high_complexity_rotor,6,22528_f3370a64,high_complexity_rotor,1.0,True
21739_57582b8f,high_complexity_rotor,7,20322_5a8c6077,medium_rotor,1.0,False
21739_57582b8f,high_complexity_rotor,8,20231_f54462bb,simple_rotor,1.0,False
21739_57582b8f,high_complexity_rotor,9,21884_cc2c39f9,medium_rotor,1.0,False
21739_57582b8f,high_complexity_rotor,10,22405_20f11d58,high_complexity_rotor,1.0,True
21990_7bb6efcf,simple_rotor,1,23217_7c6062e3,high_complexity_rotor,0.999999,False
21990_7bb6efcf,simple_rotor,2,20745_3e22ad07,high_complexity_rotor,0.999999,False
21990_7bb6efcf,simple_rotor,3,23168_7fdf5427,high_complexity_rotor,0.99998,False
21990_7bb6efcf,simple_rotor,4,23377_690165aa,high_complexity_rotor,0.999972,False
21990_7bb6efcf,simple_rotor,5,21685_93737a7a,high_complexity_rotor,0.999969,False
21990_7bb6efcf,simple_rotor,6,22278_12f1fb79,high_complexity_rotor,0.999939,False
21990_7bb6efcf,simple_rotor,7,20991_6795af4f,high_complexity_rotor,0.999921,False
21990_7bb6efcf,simple_rotor,8,21300_ec7da33e,high_complexity_rotor,0.999877,False
21990_7bb6efcf,simple_rotor,9,20792_d2ea0500,symmetric_rotor,0.999792,False
21990_7bb6efcf,simple_rotor,10,22245_ca848576,symmetric_rotor,0.999683,False
22357_e2f7b060,complex_assembly,1,23282_a1b17daa,complex_assembly,0.999998,True
22357_e2f7b060,complex_assembly,2,20349_a12428da,medium_rotor,0.999993,False
22357_e2f7b060,complex_assembly,3,21923_41fa6eda,medium_rotor,0.999984,False
22357_e2f7b060,complex_assembly,4,19518_f220b68a,simple_rotor,0.999982,False
22357_e2f7b060,complex_assembly,5,22491_a33562ad,complex_assembly,0.999982,True
22357_e2f7b060,complex_assembly,6,22729_232da678,medium_rotor,0.999982,False
22357_e2f7b060,complex_assembly,7,22011_0832eefe,medium_rotor,0.999982,False
22357_e2f7b060,complex_assembly,8,22534_e899f645,medium_rotor,0.999982,False
22357_e2f7b060,complex_assembly,9,22197_66c5655e,medium_rotor,0.999982,False
22357_e2f7b060,complex_assembly,10,23244_34b5f55e,simple_rotor,0.999982,False
23021_047d1f8a,simple_rotor,1,20672_0bc07cce,simple_rotor,1.0,True
23021_047d1f8a,simple_rotor,2,22843_ff77027f,simple_rotor,1.0,True
23021_047d1f8a,simple_rotor,3,22727_c514268a,medium_rotor,1.0,False
23021_047d1f8a,simple_rotor,4,23502_5a80f907,medium_rotor,1.0,False
23021_047d1f8a,simple_rotor,5,23048_8a1a5553,high_complexity_rotor,1.0,False
23021_047d1f8a,simple_rotor,6,22528_f3370a64,high_complexity_rotor,1.0,False
23021_047d1f8a,simple_rotor,7,20322_5a8c6077,medium_rotor,1.0,False
23021_047d1f8a,simple_rotor,8,20231_f54462bb,simple_rotor,1.0,True
23021_047d1f8a,simple_rotor,9,21884_cc2c39f9,medium_rotor,1.0,False
23021_047d1f8a,simple_rotor,10,22405_20f11d58,high_complexity_rotor,1.0,False
20812_462bd352,simple_rotor,1,20672_0bc07cce,simple_rotor,1.0,True
20812_462bd352,simple_rotor,2,22843_ff77027f,simple_rotor,1.0,True
20812_462bd352,simple_rotor,3,22727_c514268a,medium_rotor,1.0,False
20812_462bd352,simple_rotor,4,23502_5a80f907,medium_rotor,1.0,False
20812_462bd352,simple_rotor,5,23048_8a1a5553,high_complexity_rotor,1.0,False
20812_462bd352,simple_rotor,6,22528_f3370a64,high_complexity_rotor,1.0,False
20812_462bd352,simple_rotor,7,20322_5a8c6077,medium_rotor,1.0,False
20812_462bd352,simple_rotor,8,20231_f54462bb,simple_rotor,1.0,True
20812_462bd352,simple_rotor,9,21884_cc2c39f9,medium_rotor,1.0,False
20812_462bd352,simple_rotor,10,22405_20f11d58,high_complexity_rotor,1.0,False
21119_4f5c95a6,simple_rotor,1,20672_0bc07cce,simple_rotor,1.0,True
21119_4f5c95a6,simple_rotor,2,22843_ff77027f,simple_rotor,1.0,True
21119_4f5c95a6,simple_rotor,3,22727_c514268a,medium_rotor,1.0,False
21119_4f5c95a6,simple_rotor,4,23502_5a80f907,medium_rotor,1.0,False
21119_4f5c95a6,simple_rotor,5,23048_8a1a5553,high_complexity_rotor,1.0,False
21119_4f5c95a6,simple_rotor,6,22528_f3370a64,high_complexity_rotor,1.0,False
21119_4f5c95a6,simple_rotor,7,20322_5a8c6077,medium_rotor,1.0,False
21119_4f5c95a6,simple_rotor,8,20231_f54462bb,simple_rotor,1.0,True
21119_4f5c95a6,simple_rotor,9,21884_cc2c39f9,medium_rotor,1.0,False
21119_4f5c95a6,simple_rotor,10,22405_20f11d58,high_complexity_rotor,1.0,False
21174_861bd902,high_complexity_rotor,1,22245_ca848576,symmetric_rotor,0.999999,False
21174_861bd902,high_complexity_rotor,2,23155_d7305c5f,high_complexity_rotor,0.999989,True
21174_861bd902,high_complexity_rotor,3,22421_19401bdd,high_complexity_rotor,0.999955,True
21174_861bd902,high_complexity_rotor,4,22312_3f366a4a,symmetric_rotor,0.999955,False
21174_861bd902,high_complexity_rotor,5,22304_33009be6,simple_rotor,0.999939,False
21174_861bd902,high_complexity_rotor,6,23170_6ea8ded5,symmetric_rotor,0.999939,False
21174_861bd902,high_complexity_rotor,7,21849_a5f563a6,high_complexity_rotor,0.999932,True
21174_861bd902,high_complexity_rotor,8,20697_d3e106b4,high_complexity_rotor,0.99992,True
21174_861bd902,high_complexity_rotor,9,21958_e48ddf4e,symmetric_rotor,0.99992,False
21174_861bd902,high_complexity_rotor,10,22027_11a2e852,high_complexity_rotor,0.99992,True
22057_4947db57,symmetric_rotor,1,20807_88c198d5,simple_rotor,1.0,False
22057_4947db57,symmetric_rotor,2,22762_dcbdd14d,symmetric_rotor,1.0,True
22057_4947db57,symmetric_rotor,3,20620_8a5226b4,high_complexity_rotor,1.0,False
22057_4947db57,symmetric_rotor,4,20477_633cca4f,high_complexity_rotor,1.0,False
22057_4947db57,symmetric_rotor,5,20451_84d8b290,simple_rotor,1.0,False
22057_4947db57,symmetric_rotor,6,20822_5bb36119,simple_rotor,1.0,False
22057_4947db57,symmetric_rotor,7,20926_4c0f33f6,symmetric_rotor,1.0,True
22057_4947db57,symmetric_rotor,8,23103_43bde2a6,simple_rotor,1.0,False
22057_4947db57,symmetric_rotor,9,22311_553b3456,symmetric_rotor,1.0,True
22057_4947db57,symmetric_rotor,10,20682_e208cc63,symmetric_rotor,1.0,True
20858_15bdad00,medium_rotor,1,20544_43691724,high_complexity_rotor,0.999996,False
20858_15bdad00,medium_rotor,2,21592_c5e77a82,medium_rotor,0.999829,True
20858_15bdad00,medium_rotor,3,21282_b2d83538,medium_rotor,0.99963,True
20858_15bdad00,medium_rotor,4,22334_677d00e0,medium_rotor,0.999139,True
20858_15bdad00,medium_rotor,5,21429_6d2d3974,medium_rotor,0.999101,True
20858_15bdad00,medium_rotor,6,23501_6c48b3c1,medium_rotor,0.998851,True
20858_15bdad00,medium_rotor,7,22827_f33929ec,high_complexity_rotor,0.998851,False
20858_15bdad00,medium_rotor,8,23026_e6f08109,medium_rotor,0.998752,True
20858_15bdad00,medium_rotor,9,22081_ab3124af,high_complexity_rotor,0.998707,False
20858_15bdad00,medium_rotor,10,20746_57a7b346,high_complexity_rotor,0.998364,False
20384_767d849a,simple_rotor,1,21478_8fbd4409,symmetric_rotor,1.0,False
20384_767d849a,simple_rotor,2,22236_db209dff,simple_rotor,1.0,True
20384_767d849a,simple_rotor,3,21037_62248d34,symmetric_rotor,1.0,False
20384_767d849a,simple_rotor,4,22049_4da0d894,symmetric_rotor,0.999999,False
20384_767d849a,simple_rotor,5,22331_152ee5c0,high_complexity_rotor,0.999999,False
20384_767d849a,simple_rotor,6,21448_5646a1b6,simple_rotor,0.999989,True
20384_767d849a,simple_rotor,7,22399_97987ada,symmetric_rotor,0.99998,False
20384_767d849a,simple_rotor,8,22706_58a933f4,symmetric_rotor,0.999977,False
20384_767d849a,simple_rotor,9,21825_ce32b0a0,simple_rotor,0.999977,True
20384_767d849a,simple_rotor,10,22080_594bcb66,symmetric_rotor,0.999977,False
22059_b7d76712,medium_rotor,1,20647_cea2e07c,simple_rotor,1.0,False
22059_b7d76712,medium_rotor,2,23373_f5dac851,medium_rotor,1.0,True
22059_b7d76712,medium_rotor,3,21625_d5d4c9a7,medium_rotor,1.0,True
22059_b7d76712,medium_rotor,4,20646_4cd14a72,simple_rotor,1.0,False
22059_b7d76712,medium_rotor,5,20293_a1999339,high_complexity_rotor,1.0,False
22059_b7d76712,medium_rotor,6,21326_ab4d6c43,simple_rotor,1.0,False
22059_b7d76712,medium_rotor,7,21809_8bd6b10e,high_complexity_rotor,0.999976,False
22059_b7d76712,medium_rotor,8,21224_18ba4aba,medium_rotor,0.999972,True
22059_b7d76712,medium_rotor,9,23219_40625e2c,simple_rotor,0.999972,False
22059_b7d76712,medium_rotor,10,21519_3e869afd,high_complexity_rotor,0.999972,False
22197_94c66357,medium_rotor,1,22534_e899f645,medium_rotor,1.0,True
22197_94c66357,medium_rotor,2,22729_232da678,medium_rotor,1.0,True
22197_94c66357,medium_rotor,3,19518_f220b68a,simple_rotor,1.0,False
22197_94c66357,medium_rotor,4,23265_07de6a0b,simple_rotor,1.0,False
22197_94c66357,medium_rotor,5,22073_951645ae,simple_rotor,1.0,False
22197_94c66357,medium_rotor,6,20193_2da4f0a0,simple_rotor,1.0,False
22197_94c66357,medium_rotor,7,22133_465d7a91,simple_rotor,1.0,False
22197_94c66357,medium_rotor,8,22196_0deb2e34,medium_rotor,1.0,True
22197_94c66357,medium_rotor,9,22011_0832eefe,medium_rotor,1.0,True
22197_94c66357,medium_rotor,10,21275_c8049742,medium_rotor,1.0,True
22080_594bcb66,symmetric_rotor,1,21839_a8eb6d34,high_complexity_rotor,1.0,False
22080_594bcb66,symmetric_rotor,2,21831_54ca67d1,symmetric_rotor,1.0,True
22080_594bcb66,symmetric_rotor,3,21133_f9a1614e,symmetric_rotor,1.0,True
22080_594bcb66,symmetric_rotor,4,21825_ce32b0a0,simple_rotor,1.0,False
22080_594bcb66,symmetric_rotor,5,21329_1bfecd1d,high_complexity_rotor,1.0,False
22080_594bcb66,symmetric_rotor,6,21828_21ab2114,symmetric_rotor,0.999999,True
22080_594bcb66,symmetric_rotor,7,21838_5bc448b4,high_complexity_rotor,0.999999,False
22080_594bcb66,symmetric_rotor,8,20419_8ce893b6,symmetric_rotor,0.999999,True
22080_594bcb66,symmetric_rotor,9,21840_6847d36c,symmetric_rotor,0.999999,True
22080_594bcb66,symmetric_rotor,10,20990_0a226634,symmetric_rotor,0.999999,True
21450_ea24ffcc,high_complexity_rotor,1,20672_0bc07cce,simple_rotor,1.0,False
21450_ea24ffcc,high_complexity_rotor,2,22843_ff77027f,simple_rotor,1.0,False
21450_ea24ffcc,high_complexity_rotor,3,22727_c514268a,medium_rotor,1.0,False
21450_ea24ffcc,high_complexity_rotor,4,23502_5a80f907,medium_rotor,1.0,False
21450_ea24ffcc,high_complexity_rotor,5,23048_8a1a5553,high_complexity_rotor,1.0,True
21450_ea24ffcc,high_complexity_rotor,6,22528_f3370a64,high_complexity_rotor,1.0,True
21450_ea24ffcc,high_complexity_rotor,7,20322_5a8c6077,medium_rotor,1.0,False
21450_ea24ffcc,high_complexity_rotor,8,20231_f54462bb,simple_rotor,1.0,False
21450_ea24ffcc,high_complexity_rotor,9,21884_cc2c39f9,medium_rotor,1.0,False
21450_ea24ffcc,high_complexity_rotor,10,22405_20f11d58,high_complexity_rotor,1.0,True
20799_213bf924,high_complexity_rotor,1,22070_fd1b8e5e,high_complexity_rotor,1.0,True
20799_213bf924,high_complexity_rotor,2,22678_ff42f120,symmetric_rotor,0.999989,False
20799_213bf924,high_complexity_rotor,3,22417_4a15d62e,high_complexity_rotor,0.99998,True
20799_213bf924,high_complexity_rotor,4,21386_e234c6b6,symmetric_rotor,0.99998,False
20799_213bf924,high_complexity_rotor,5,22168_a84560a9,high_complexity_rotor,0.999976,True
20799_213bf924,high_complexity_rotor,6,22761_ca309655,symmetric_rotor,0.999976,False
20799_213bf924,high_complexity_rotor,7,22399_97987ada,symmetric_rotor,0.999969,False
20799_213bf924,high_complexity_rotor,8,21182_a480d230,high_complexity_rotor,0.999966,True
20799_213bf924,high_complexity_rotor,9,21849_a5f563a6,high_complexity_rotor,0.999966,True
20799_213bf924,high_complexity_rotor,10,21845_dff8b3a1,high_complexity_rotor,0.999957,True
20504_c9e14c9d,medium_rotor,1,20789_1809f41f,medium_rotor,1.0,True
20504_c9e14c9d,medium_rotor,2,22670_9353c710,complex_assembly,1.0,False
20504_c9e14c9d,medium_rotor,3,20165_2b088be5,high_complexity_rotor,1.0,False
20504_c9e14c9d,medium_rotor,4,20505_017d4cc4,medium_rotor,0.999996,True
20504_c9e14c9d,medium_rotor,5,21626_b34008e6,medium_rotor,0.999971,True
20504_c9e14c9d,medium_rotor,6,20495_e8e7e80c,simple_rotor,0.999971,False
20504_c9e14c9d,medium_rotor,7,21513_50fb4d62,medium_rotor,0.999971,True
20504_c9e14c9d,medium_rotor,8,22581_406c16c4,complex_assembly,0.999957,False
20504_c9e14c9d,medium_rotor,9,23039_b3d04774,simple_rotor,0.999948,False
20504_c9e14c9d,medium_rotor,10,20421_83f66ddc,medium_rotor,0.999948,True
21533_8837772a,simple_rotor,1,22053_de30641b,simple_rotor,0.999993,True
21533_8837772a,simple_rotor,2,20287_072b5bf6,high_complexity_rotor,0.999993,False
21533_8837772a,simple_rotor,3,21015_10304cb9,simple_rotor,0.999979,True
21533_8837772a,simple_rotor,4,23321_c9497b79,simple_rotor,0.999979,True
21533_8837772a,simple_rotor,5,21557_53eafe15,complex_assembly,0.999961,False
21533_8837772a,simple_rotor,6,22374_aa5bb54d,simple_rotor,0.999865,True
21533_8837772a,simple_rotor,7,20340_86125547,simple_rotor,0.999865,True
21533_8837772a,simple_rotor,8,20814_5a2be0fb,simple_rotor,0.999865,True
21533_8837772a,simple_rotor,9,20994_9c88b1ba,simple_rotor,0.999865,True
21533_8837772a,simple_rotor,10,22377_d490f505,simple_rotor,0.999865,True
20436_41b730a3,simple_rotor,1,22378_234fea2c,simple_rotor,1.0,True
20436_41b730a3,simple_rotor,2,23215_08a54de0,simple_rotor,1.0,True
20436_41b730a3,simple_rotor,3,20671_33532794,simple_rotor,1.0,True
20436_41b730a3,simple_rotor,4,20186_f66e4ad3,simple_rotor,1.0,True
20436_41b730a3,simple_rotor,5,23226_8d1b5098,complex_assembly,1.0,False
20436_41b730a3,simple_rotor,6,21165_5cb2d287,simple_rotor,1.0,True
20436_41b730a3,simple_rotor,7,22227_aca28ff2,simple_rotor,1.0,True
20436_41b730a3,simple_rotor,8,21941_1a683ec2,complex_assembly,0.999978,False
20436_41b730a3,simple_rotor,9,22404_66db7dd7,complex_assembly,0.99997,False
20436_41b730a3,simple_rotor,10,21244_24c3ce72,complex_assembly,0.999941,False
20229_d1ae2ae3,medium_rotor,1,20672_0bc07cce,simple_rotor,1.0,False
20229_d1ae2ae3,medium_rotor,2,22843_ff77027f,simple_rotor,1.0,False
20229_d1ae2ae3,medium_rotor,3,22727_c514268a,medium_rotor,1.0,True
20229_d1ae2ae3,medium_rotor,4,23502_5a80f907,medium_rotor,1.0,True
20229_d1ae2ae3,medium_rotor,5,23048_8a1a5553,high_complexity_rotor,1.0,False
20229_d1ae2ae3,medium_rotor,6,22528_f3370a64,high_complexity_rotor,1.0,False
20229_d1ae2ae3,medium_rotor,7,20322_5a8c6077,medium_rotor,1.0,True
20229_d1ae2ae3,medium_rotor,8,20231_f54462bb,simple_rotor,1.0,False
20229_d1ae2ae3,medium_rotor,9,21884_cc2c39f9,medium_rotor,1.0,True
20229_d1ae2ae3,medium_rotor,10,22405_20f11d58,high_complexity_rotor,1.0,False
21244_d67bbabc,complex_assembly,1,20755_4b5e61bf,medium_rotor,0.999994,False
21244_d67bbabc,complex_assembly,2,23209_1592b0a4,simple_rotor,0.999993,False
21244_d67bbabc,complex_assembly,3,20892_b1f89c8d,medium_rotor,0.999993,False
21244_d67bbabc,complex_assembly,4,20989_d1b8b0f8,medium_rotor,0.99998,False
21244_d67bbabc,complex_assembly,5,20688_955aae0c,medium_rotor,0.99998,False
21244_d67bbabc,complex_assembly,6,20787_ed64ff5e,complex_assembly,0.99998,True
21244_d67bbabc,complex_assembly,7,20899_a8d7c6d5,medium_rotor,0.999975,False
21244_d67bbabc,complex_assembly,8,22980_3cb3bcc8,medium_rotor,0.999963,False
21244_d67bbabc,complex_assembly,9,23342_7193a931,simple_rotor,0.999963,False
21244_d67bbabc,complex_assembly,10,22581_406c16c4,complex_assembly,0.999916,True
23318_65e3a7c9,medium_rotor,1,21005_9feee615,high_complexity_rotor,1.0,False
23318_65e3a7c9,medium_rotor,2,22180_ce7c3bd8,simple_rotor,1.0,False
23318_65e3a7c9,medium_rotor,3,20281_a29f9a18,medium_rotor,1.0,True
23318_65e3a7c9,medium_rotor,4,23044_9a964a68,medium_rotor,0.999998,True
23318_65e3a7c9,medium_rotor,5,21809_8bd6b10e,high_complexity_rotor,0.999991,False
23318_65e3a7c9,medium_rotor,6,23322_8f85d82d,medium_rotor,0.999987,True
23318_65e3a7c9,medium_rotor,7,21202_e452c491,medium_rotor,0.999977,True
23318_65e3a7c9,medium_rotor,8,22131_6b4b60f8,simple_rotor,0.999967,False
23318_65e3a7c9,medium_rotor,9,21292_f94bd96b,medium_rotor,0.999967,True
23318_65e3a7c9,medium_rotor,10,23373_f5dac851,medium_rotor,0.999936,True
22893_eb8aa8ac,high_complexity_rotor,1,20421_0fd51709,high_complexity_rotor,1.0,True
22893_eb8aa8ac,high_complexity_rotor,2,21186_d1698d8c,symmetric_rotor,1.0,False
22893_eb8aa8ac,high_complexity_rotor,3,21961_1a090a8b,symmetric_rotor,1.0,False
22893_eb8aa8ac,high_complexity_rotor,4,20731_fbdc7731,simple_rotor,1.0,False
22893_eb8aa8ac,high_complexity_rotor,5,22983_0ab3faaf,symmetric_rotor,1.0,False
22893_eb8aa8ac,high_complexity_rotor,6,22367_b4a67e61,simple_rotor,1.0,False
22893_eb8aa8ac,high_complexity_rotor,7,22365_a4eb929c,symmetric_rotor,1.0,False
22893_eb8aa8ac,high_complexity_rotor,8,22136_a539c50b,simple_rotor,1.0,False
22893_eb8aa8ac,high_complexity_rotor,9,22508_6bb410af,simple_rotor,1.0,False
22893_eb8aa8ac,high_complexity_rotor,10,21248_0a862e3e,symmetric_rotor,1.0,False
23409_e27e3b8b,medium_rotor,1,20672_0bc07cce,simple_rotor,1.0,False
23409_e27e3b8b,medium_rotor,2,22843_ff77027f,simple_rotor,1.0,False
23409_e27e3b8b,medium_rotor,3,22727_c514268a,medium_rotor,1.0,True
23409_e27e3b8b,medium_rotor,4,23502_5a80f907,medium_rotor,1.0,True
23409_e27e3b8b,medium_rotor,5,23048_8a1a5553,high_complexity_rotor,1.0,False
23409_e27e3b8b,medium_rotor,6,22528_f3370a64,high_complexity_rotor,1.0,False
23409_e27e3b8b,medium_rotor,7,20322_5a8c6077,medium_rotor,1.0,True
23409_e27e3b8b,medium_rotor,8,20231_f54462bb,simple_rotor,1.0,False
23409_e27e3b8b,medium_rotor,9,21884_cc2c39f9,medium_rotor,1.0,True
23409_e27e3b8b,medium_rotor,10,22405_20f11d58,high_complexity_rotor,1.0,False
22066_308cdcfe,medium_rotor,1,20672_0bc07cce,simple_rotor,1.0,False
22066_308cdcfe,medium_rotor,2,22843_ff77027f,simple_rotor,1.0,False
22066_308cdcfe,medium_rotor,3,22727_c514268a,medium_rotor,1.0,True
22066_308cdcfe,medium_rotor,4,23502_5a80f907,medium_rotor,1.0,True
22066_308cdcfe,medium_rotor,5,23048_8a1a5553,high_complexity_rotor,1.0,False
22066_308cdcfe,medium_rotor,6,22528_f3370a64,high_complexity_rotor,1.0,False
22066_308cdcfe,medium_rotor,7,20322_5a8c6077,medium_rotor,1.0,True
22066_308cdcfe,medium_rotor,8,20231_f54462bb,simple_rotor,1.0,False
22066_308cdcfe,medium_rotor,9,21884_cc2c39f9,medium_rotor,1.0,True
22066_308cdcfe,medium_rotor,10,22405_20f11d58,high_complexity_rotor,1.0,False
23363_60e39812,medium_rotor,1,22199_8ec9eeb2,medium_rotor,1.0,True
23363_60e39812,medium_rotor,2,20176_a02bde39,medium_rotor,1.0,True
23363_60e39812,medium_rotor,3,23466_1cf60d09,medium_rotor,1.0,True
23363_60e39812,medium_rotor,4,22126_e1cca10f,medium_rotor,0.999999,True
23363_60e39812,medium_rotor,5,21912_3f74887c,medium_rotor,0.999998,True
23363_60e39812,medium_rotor,6,21528_a5d5490f,medium_rotor,0.999998,True
23363_60e39812,medium_rotor,7,21009_907a2a95,medium_rotor,0.999997,True
23363_60e39812,medium_rotor,8,22776_facf9bcf,medium_rotor,0.999995,True
23363_60e39812,medium_rotor,9,23123_f35404c4,complex_assembly,0.999991,False
23363_60e39812,medium_rotor,10,21918_976c2754,high_complexity_rotor,0.999991,False
20737_5249e274,high_complexity_rotor,1,20758_cdccf572,simple_rotor,0.999999,False
20737_5249e274,high_complexity_rotor,2,23309_76dcf100,high_complexity_rotor,0.999995,True
20737_5249e274,high_complexity_rotor,3,21204_96d26a7f,high_complexity_rotor,0.999995,True
20737_5249e274,high_complexity_rotor,4,23127_38d73061,symmetric_rotor,0.999977,False
20737_5249e274,high_complexity_rotor,5,22095_af226cbc,symmetric_rotor,0.999976,False
20737_5249e274,high_complexity_rotor,6,21805_2ba39d00,high_complexity_rotor,0.999976,True
20737_5249e274,high_complexity_rotor,7,23467_9f431540,high_complexity_rotor,0.999976,True
20737_5249e274,high_complexity_rotor,8,22654_4c426b0f,symmetric_rotor,0.999966,False
20737_5249e274,high_complexity_rotor,9,20970_d20c6c35,symmetric_rotor,0.999909,False
20737_5249e274,high_complexity_rotor,10,21511_d07c59c2,high_complexity_rotor,0.999908,True
23329_6939d5d9,high_complexity_rotor,1,22241_535ad84b,simple_rotor,1.0,False
23329_6939d5d9,high_complexity_rotor,2,22141_5db99710,symmetric_rotor,0.999999,False
23329_6939d5d9,high_complexity_rotor,3,21121_1e9e7540,high_complexity_rotor,0.999999,True
23329_6939d5d9,high_complexity_rotor,4,21958_e48ddf4e,symmetric_rotor,0.999995,False
23329_6939d5d9,high_complexity_rotor,5,22027_11a2e852,high_complexity_rotor,0.999995,True
23329_6939d5d9,high_complexity_rotor,6,20697_d3e106b4,high_complexity_rotor,0.999995,True
23329_6939d5d9,high_complexity_rotor,7,22304_33009be6,simple_rotor,0.999989,False
23329_6939d5d9,high_complexity_rotor,8,23170_6ea8ded5,symmetric_rotor,0.999989,False
23329_6939d5d9,high_complexity_rotor,9,21271_ec7f62b8,symmetric_rotor,0.999989,False
23329_6939d5d9,high_complexity_rotor,10,23438_b1ef78f4,symmetric_rotor,0.999989,False
21884_cc2c39f9,medium_rotor,1,20672_0bc07cce,simple_rotor,1.0,False
21884_cc2c39f9,medium_rotor,2,22843_ff77027f,simple_rotor,1.0,False
21884_cc2c39f9,medium_rotor,3,22727_c514268a,medium_rotor,1.0,True
21884_cc2c39f9,medium_rotor,4,23502_5a80f907,medium_rotor,1.0,True
21884_cc2c39f9,medium_rotor,5,23048_8a1a5553,high_complexity_rotor,1.0,False
21884_cc2c39f9,medium_rotor,6,22528_f3370a64,high_complexity_rotor,1.0,False
21884_cc2c39f9,medium_rotor,7,20322_5a8c6077,medium_rotor,1.0,True
21884_cc2c39f9,medium_rotor,8,20231_f54462bb,simple_rotor,1.0,False
21884_cc2c39f9,medium_rotor,9,22405_20f11d58,high_complexity_rotor,1.0,False
21884_cc2c39f9,medium_rotor,10,21274_2fb8c3f5,simple_rotor,1.0,False
20231_f54462bb,simple_rotor,1,20672_0bc07cce,simple_rotor,1.0,True
20231_f54462bb,simple_rotor,2,22843_ff77027f,simple_rotor,1.0,True
20231_f54462bb,simple_rotor,3,22727_c514268a,medium_rotor,1.0,False
20231_f54462bb,simple_rotor,4,23502_5a80f907,medium_rotor,1.0,False
20231_f54462bb,simple_rotor,5,23048_8a1a5553,high_complexity_rotor,1.0,False
20231_f54462bb,simple_rotor,6,22528_f3370a64,high_complexity_rotor,1.0,False
20231_f54462bb,simple_rotor,7,20322_5a8c6077,medium_rotor,1.0,False
20231_f54462bb,simple_rotor,8,21884_cc2c39f9,medium_rotor,1.0,False
20231_f54462bb,simple_rotor,9,22405_20f11d58,high_complexity_rotor,1.0,False
20231_f54462bb,simple_rotor,10,21274_2fb8c3f5,simple_rotor,1.0,True
20322_5a8c6077,medium_rotor,1,20672_0bc07cce,simple_rotor,1.0,False
20322_5a8c6077,medium_rotor,2,22843_ff77027f,simple_rotor,1.0,False
20322_5a8c6077,medium_rotor,3,22727_c514268a,medium_rotor,1.0,True
20322_5a8c6077,medium_rotor,4,23502_5a80f907,medium_rotor,1.0,True
20322_5a8c6077,medium_rotor,5,23048_8a1a5553,high_complexity_rotor,1.0,False
20322_5a8c6077,medium_rotor,6,22528_f3370a64,high_complexity_rotor,1.0,False
20322_5a8c6077,medium_rotor,7,20231_f54462bb,simple_rotor,1.0,False
20322_5a8c6077,medium_rotor,8,21884_cc2c39f9,medium_rotor,1.0,True
20322_5a8c6077,medium_rotor,9,22405_20f11d58,high_complexity_rotor,1.0,False
20322_5a8c6077,medium_rotor,10,21274_2fb8c3f5,simple_rotor,1.0,False
22528_f3370a64,high_complexity_rotor,1,20672_0bc07cce,simple_rotor,1.0,False
22528_f3370a64,high_complexity_rotor,2,22843_ff77027f,simple_rotor,1.0,False
22528_f3370a64,high_complexity_rotor,3,22727_c514268a,medium_rotor,1.0,False
22528_f3370a64,high_complexity_rotor,4,23502_5a80f907,medium_rotor,1.0,False
22528_f3370a64,high_complexity_rotor,5,23048_8a1a5553,high_complexity_rotor,1.0,True
22528_f3370a64,high_complexity_rotor,6,20322_5a8c6077,medium_rotor,1.0,False
22528_f3370a64,high_complexity_rotor,7,20231_f54462bb,simple_rotor,1.0,False
22528_f3370a64,high_complexity_rotor,8,21884_cc2c39f9,medium_rotor,1.0,False
22528_f3370a64,high_complexity_rotor,9,22405_20f11d58,high_complexity_rotor,1.0,True
22528_f3370a64,high_complexity_rotor,10,21274_2fb8c3f5,simple_rotor,1.0,False
22168_a84560a9,high_complexity_rotor,1,22761_ca309655,symmetric_rotor,0.999995,False
22168_a84560a9,high_complexity_rotor,2,21845_dff8b3a1,high_complexity_rotor,0.999989,True
22168_a84560a9,high_complexity_rotor,3,21849_a5f563a6,high_complexity_rotor,0.99998,True
22168_a84560a9,high_complexity_rotor,4,22812_cf865ed1,symmetric_rotor,0.99998,False
22168_a84560a9,high_complexity_rotor,5,21843_effbd24d,high_complexity_rotor,0.99998,True
22168_a84560a9,high_complexity_rotor,6,21081_72fa4ad1,high_complexity_rotor,0.99998,True
22168_a84560a9,high_complexity_rotor,7,23329_6939d5d9,high_complexity_rotor,0.999977,True
22168_a84560a9,high_complexity_rotor,8,22241_535ad84b,simple_rotor,0.999977,False
22168_a84560a9,high_complexity_rotor,9,20799_213bf924,high_complexity_rotor,0.999976,True
22168_a84560a9,high_complexity_rotor,10,22070_fd1b8e5e,high_complexity_rotor,0.999976,True
21513_50fb4d62,medium_rotor,1,21626_b34008e6,medium_rotor,1.0,True
21513_50fb4d62,medium_rotor,2,20495_e8e7e80c,simple_rotor,1.0,False
21513_50fb4d62,medium_rotor,3,22581_406c16c4,complex_assembly,0.999999,False
21513_50fb4d62,medium_rotor,4,20505_017d4cc4,medium_rotor,0.999988,True
21513_50fb4d62,medium_rotor,5,20165_2b088be5,high_complexity_rotor,0.999971,False
21513_50fb4d62,medium_rotor,6,20504_c9e14c9d,medium_rotor,0.999971,True
21513_50fb4d62,medium_rotor,7,22670_9353c710,complex_assembly,0.999971,False
21513_50fb4d62,medium_rotor,8,20789_1809f41f,medium_rotor,0.999971,True
21513_50fb4d62,medium_rotor,9,20787_ed64ff5e,complex_assembly,0.999967,False
21513_50fb4d62,medium_rotor,10,20892_b1f89c8d,medium_rotor,0.999942,True
22043_041e1b7c,simple_rotor,1,20285_b64b1a7e,medium_rotor,1.0,False
22043_041e1b7c,simple_rotor,2,22270_c6999138,simple_rotor,1.0,True
22043_041e1b7c,simple_rotor,3,22061_b50b6b66,medium_rotor,1.0,False
22043_041e1b7c,simple_rotor,4,21024_9be3d461,high_complexity_rotor,1.0,False
22043_041e1b7c,simple_rotor,5,22092_897b0ffa,medium_rotor,0.999997,False
22043_041e1b7c,simple_rotor,6,23451_14c8d09e,medium_rotor,0.999997,False
22043_041e1b7c,simple_rotor,7,22612_28fe0ac2,medium_rotor,0.999997,False
22043_041e1b7c,simple_rotor,8,21976_807c9b26,simple_rotor,0.999992,True
22043_041e1b7c,simple_rotor,9,22046_fe3bae6e,medium_rotor,0.999992,False
22043_041e1b7c,simple_rotor,10,21695_1f33863f,medium_rotor,0.999992,False
21224_18ba4aba,medium_rotor,1,23219_40625e2c,simple_rotor,1.0,False
21224_18ba4aba,medium_rotor,2,21519_3e869afd,high_complexity_rotor,1.0,False
21224_18ba4aba,medium_rotor,3,23451_14c8d09e,medium_rotor,0.999996,True
21224_18ba4aba,medium_rotor,4,22612_28fe0ac2,medium_rotor,0.999996,True
21224_18ba4aba,medium_rotor,5,22092_897b0ffa,medium_rotor,0.999996,True
21224_18ba4aba,medium_rotor,6,22061_b50b6b66,medium_rotor,0.999986,True
21224_18ba4aba,medium_rotor,7,21024_9be3d461,high_complexity_rotor,0.999986,False
21224_18ba4aba,medium_rotor,8,22043_041e1b7c,simple_rotor,0.999986,False
21224_18ba4aba,medium_rotor,9,22270_c6999138,simple_rotor,0.999986,False
21224_18ba4aba,medium_rotor,10,20285_b64b1a7e,medium_rotor,0.999986,True
20246_40be7668,complex_assembly,1,21991_ab98f156,high_complexity_rotor,0.999982,False
20246_40be7668,complex_assembly,2,21092_32622a83,medium_rotor,0.999927,False
20246_40be7668,complex_assembly,3,20870_dedaef5b,high_complexity_rotor,0.999808,False
20246_40be7668,complex_assembly,4,22081_ab3124af,high_complexity_rotor,0.999354,False
20246_40be7668,complex_assembly,5,21599_80057f94,simple_rotor,0.9993,False
20246_40be7668,complex_assembly,6,22827_f33929ec,high_complexity_rotor,0.999244,False
20246_40be7668,complex_assembly,7,23501_6c48b3c1,medium_rotor,0.999244,False
20246_40be7668,complex_assembly,8,21429_6d2d3974,medium_rotor,0.999014,False
20246_40be7668,complex_assembly,9,23158_c7e753c2,simple_rotor,0.998719,False
20246_40be7668,complex_assembly,10,20628_e0551f7c,medium_rotor,0.997864,False
22837_7644c972,simple_rotor,1,22062_2d6b3b72,medium_rotor,1.0,False
22837_7644c972,simple_rotor,2,20215_e2eb3082,medium_rotor,1.0,False
22837_7644c972,simple_rotor,3,21601_360ce1c7,medium_rotor,1.0,False
22837_7644c972,simple_rotor,4,20182_71b9e491,medium_rotor,1.0,False
22837_7644c972,simple_rotor,5,22242_4ceddc2b,complex_assembly,1.0,False
22837_7644c972,simple_rotor,6,22919_3ee91d1a,medium_rotor,0.99999,False
22837_7644c972,simple_rotor,7,22474_b10fea1a,medium_rotor,0.999981,False
22837_7644c972,simple_rotor,8,23176_1bf2a2d5,medium_rotor,0.999976,False
22837_7644c972,simple_rotor,9,19051_26735260,high_complexity_rotor,0.999968,False
22837_7644c972,simple_rotor,10,22535_0ba01cc9,complex_assembly,0.999962,False
22843_ff77027f,simple_rotor,1,20672_0bc07cce,simple_rotor,1.0,True
22843_ff77027f,simple_rotor,2,20385_f2d30908,simple_rotor,1.0,True
22843_ff77027f,simple_rotor,3,23502_5a80f907,medium_rotor,1.0,False
22843_ff77027f,simple_rotor,4,23048_8a1a5553,high_complexity_rotor,1.0,False
22843_ff77027f,simple_rotor,5,22528_f3370a64,high_complexity_rotor,1.0,False
22843_ff77027f,simple_rotor,6,20322_5a8c6077,medium_rotor,1.0,False
22843_ff77027f,simple_rotor,7,20231_f54462bb,simple_rotor,1.0,True
22843_ff77027f,simple_rotor,8,21884_cc2c39f9,medium_rotor,1.0,False
22843_ff77027f,simple_rotor,9,22405_20f11d58,high_complexity_rotor,1.0,False
22843_ff77027f,simple_rotor,10,21274_2fb8c3f5,simple_rotor,1.0,True
23244_34b5f55e,simple_rotor,1,22534_e899f645,medium_rotor,1.0,False
23244_34b5f55e,simple_rotor,2,22133_465d7a91,simple_rotor,1.0,True
23244_34b5f55e,simple_rotor,3,20193_2da4f0a0,simple_rotor,1.0,True
23244_34b5f55e,simple_rotor,4,22196_0deb2e34,medium_rotor,1.0,False
23244_34b5f55e,simple_rotor,5,22011_0832eefe,medium_rotor,1.0,False
23244_34b5f55e,simple_rotor,6,22073_951645ae,simple_rotor,1.0,True
23244_34b5f55e,simple_rotor,7,21275_c8049742,medium_rotor,1.0,False
23244_34b5f55e,simple_rotor,8,19518_f220b68a,simple_rotor,1.0,True
23244_34b5f55e,simple_rotor,9,21469_abec26c4,simple_rotor,1.0,True
23244_34b5f55e,simple_rotor,10,22197_94c66357,medium_rotor,1.0,False
21840_6847d36c,symmetric_rotor,1,21838_5bc448b4,high_complexity_rotor,1.0,False
21840_6847d36c,symmetric_rotor,2,20419_8ce893b6,symmetric_rotor,1.0,True
21840_6847d36c,symmetric_rotor,3,21828_21ab2114,symmetric_rotor,1.0,True
21840_6847d36c,symmetric_rotor,4,22561_067b78ae,symmetric_rotor,0.999999,True
21840_6847d36c,symmetric_rotor,5,21839_a8eb6d34,high_complexity_rotor,0.999999,False
21840_6847d36c,symmetric_rotor,6,22080_594bcb66,symmetric_rotor,0.999999,True
21840_6847d36c,symmetric_rotor,7,21329_1bfecd1d,high_complexity_rotor,0.999999,False
21840_6847d36c,symmetric_rotor,8,21825_ce32b0a0,simple_rotor,0.999999,False
21840_6847d36c,symmetric_rotor,9,21133_f9a1614e,symmetric_rotor,0.999999,True
21840_6847d36c,symmetric_rotor,10,21831_54ca67d1,symmetric_rotor,0.999999,True
21282_b2d83538,medium_rotor,1,21592_c5e77a82,medium_rotor,0.999962,True
21282_b2d83538,medium_rotor,2,22334_677d00e0,medium_rotor,0.999898,True
21282_b2d83538,medium_rotor,3,23026_e6f08109,medium_rotor,0.999741,True
21282_b2d83538,medium_rotor,4,20544_43691724,high_complexity_rotor,0.9997,False
21282_b2d83538,medium_rotor,5,20858_15bdad00,medium_rotor,0.99963,True
21282_b2d83538,medium_rotor,6,20746_57a7b346,high_complexity_rotor,0.99955,False
21282_b2d83538,medium_rotor,7,23495_6366269c,high_complexity_rotor,0.999158,False
21282_b2d83538,medium_rotor,8,21989_a0b5037d,medium_rotor,0.998825,True
21282_b2d83538,medium_rotor,9,20860_b8e9a191,medium_rotor,0.998097,True
21282_b2d83538,medium_rotor,10,21429_6d2d3974,medium_rotor,0.997577,True
23176_1bf2a2d5,medium_rotor,1,20319_9f53cd7c,medium_rotor,0.999989,True
23176_1bf2a2d5,medium_rotor,2,20182_71b9e491,medium_rotor,0.999976,True
23176_1bf2a2d5,medium_rotor,3,22062_2d6b3b72,medium_rotor,0.999976,True
23176_1bf2a2d5,medium_rotor,4,22837_7644c972,simple_rotor,0.999976,False
23176_1bf2a2d5,medium_rotor,5,20215_e2eb3082,medium_rotor,0.999976,True
23176_1bf2a2d5,medium_rotor,6,21601_360ce1c7,medium_rotor,0.999976,True
23176_1bf2a2d5,medium_rotor,7,22242_4ceddc2b,complex_assembly,0.999976,False
23176_1bf2a2d5,medium_rotor,8,23195_2629864e,complex_assembly,0.999975,False
23176_1bf2a2d5,medium_rotor,9,22413_901f5867,complex_assembly,0.99996,False
23176_1bf2a2d5,medium_rotor,10,22919_3ee91d1a,medium_rotor,0.999935,True
23341_d5ead6d2,simple_rotor,1,22045_ead71aca,medium_rotor,1.0,False
23341_d5ead6d2,simple_rotor,2,20779_fc5a7c3d,medium_rotor,1.0,False
23341_d5ead6d2,simple_rotor,3,20701_6dcbc975,high_complexity_rotor,0.999991,False
23341_d5ead6d2,simple_rotor,4,22323_aa6edb8b,medium_rotor,0.999987,False
23341_d5ead6d2,simple_rotor,5,22533_e7298b05,complex_assembly,0.999933,False
23341_d5ead6d2,simple_rotor,6,21816_3891a442,medium_rotor,0.999925,False
23341_d5ead6d2,simple_rotor,7,22072_5163223a,medium_rotor,0.999908,False
23341_d5ead6d2,simple_rotor,8,21588_0c48dc5f,simple_rotor,0.999859,True
23341_d5ead6d2,simple_rotor,9,22413_901f5867,complex_assembly,0.999832,False
23341_d5ead6d2,simple_rotor,10,22430_c6f08b03,complex_assembly,0.999796,False
21503_34f299ca,medium_rotor,1,22492_047b125b,complex_assembly,0.999999,False
21503_34f299ca,medium_rotor,2,21790_aaf9224a,medium_rotor,0.999848,True
21503_34f299ca,medium_rotor,3,22067_624b28e3,simple_rotor,0.999835,False
21503_34f299ca,medium_rotor,4,22214_b098105d,simple_rotor,0.999835,False
21503_34f299ca,medium_rotor,5,22376_3ebc82a2,medium_rotor,0.999764,True
21503_34f299ca,medium_rotor,6,22483_f4e4b62a,complex_assembly,0.999733,False
21503_34f299ca,medium_rotor,7,20668_b2f2633e,high_complexity_rotor,0.999414,False
21503_34f299ca,medium_rotor,8,21425_d0d47a2a,high_complexity_rotor,0.999414,False
21503_34f299ca,medium_rotor,9,20636_ca9eb29a,high_complexity_rotor,0.999238,False
21503_34f299ca,medium_rotor,10,21859_35124f79,complex_assembly,0.998125,False
20322_daa5c577,medium_rotor,1,20672_0bc07cce,simple_rotor,1.0,False
20322_daa5c577,medium_rotor,2,22843_ff77027f,simple_rotor,1.0,False
20322_daa5c577,medium_rotor,3,23502_5a80f907,medium_rotor,1.0,True
20322_daa5c577,medium_rotor,4,23048_8a1a5553,high_complexity_rotor,1.0,False
20322_daa5c577,medium_rotor,5,22528_f3370a64,high_complexity_rotor,1.0,False
20322_daa5c577,medium_rotor,6,20322_5a8c6077,medium_rotor,1.0,True
20322_daa5c577,medium_rotor,7,20231_f54462bb,simple_rotor,1.0,False
20322_daa5c577,medium_rotor,8,21884_cc2c39f9,medium_rotor,1.0,True
20322_daa5c577,medium_rotor,9,22405_20f11d58,high_complexity_rotor,1.0,False
20322_daa5c577,medium_rotor,10,21274_2fb8c3f5,simple_rotor,1.0,False
21531_79015e13,medium_rotor,1,20672_0bc07cce,simple_rotor,1.0,False
21531_79015e13,medium_rotor,2,22843_ff77027f,simple_rotor,1.0,False
21531_79015e13,medium_rotor,3,23502_5a80f907,medium_rotor,1.0,True
21531_79015e13,medium_rotor,4,23048_8a1a5553,high_complexity_rotor,1.0,False
21531_79015e13,medium_rotor,5,22528_f3370a64,high_complexity_rotor,1.0,False
21531_79015e13,medium_rotor,6,20322_5a8c6077,medium_rotor,1.0,True
21531_79015e13,medium_rotor,7,20231_f54462bb,simple_rotor,1.0,False
21531_79015e13,medium_rotor,8,21884_cc2c39f9,medium_rotor,1.0,True
21531_79015e13,medium_rotor,9,22405_20f11d58,high_complexity_rotor,1.0,False
21531_79015e13,medium_rotor,10,21274_2fb8c3f5,simple_rotor,1.0,False
22383_e5f707a7,medium_rotor,1,20672_0bc07cce,simple_rotor,1.0,False
22383_e5f707a7,medium_rotor,2,22843_ff77027f,simple_rotor,1.0,False
22383_e5f707a7,medium_rotor,3,23502_5a80f907,medium_rotor,1.0,True
22383_e5f707a7,medium_rotor,4,23048_8a1a5553,high_complexity_rotor,1.0,False
22383_e5f707a7,medium_rotor,5,22528_f3370a64,high_complexity_rotor,1.0,False
22383_e5f707a7,medium_rotor,6,20322_5a8c6077,medium_rotor,1.0,True
22383_e5f707a7,medium_rotor,7,20231_f54462bb,simple_rotor,1.0,False
22383_e5f707a7,medium_rotor,8,21884_cc2c39f9,medium_rotor,1.0,True
22383_e5f707a7,medium_rotor,9,22405_20f11d58,high_complexity_rotor,1.0,False
22383_e5f707a7,medium_rotor,10,21274_2fb8c3f5,simple_rotor,1.0,False
20779_fc5a7c3d,medium_rotor,1,22045_ead71aca,medium_rotor,1.0,True
20779_fc5a7c3d,medium_rotor,2,23341_d5ead6d2,simple_rotor,1.0,False
20779_fc5a7c3d,medium_rotor,3,20701_6dcbc975,high_complexity_rotor,0.999991,False
20779_fc5a7c3d,medium_rotor,4,22323_aa6edb8b,medium_rotor,0.999987,True
20779_fc5a7c3d,medium_rotor,5,22533_e7298b05,complex_assembly,0.999933,False
20779_fc5a7c3d,medium_rotor,6,21816_3891a442,medium_rotor,0.999925,True
20779_fc5a7c3d,medium_rotor,7,22072_5163223a,medium_rotor,0.999908,True
20779_fc5a7c3d,medium_rotor,8,21588_0c48dc5f,simple_rotor,0.999859,False
20779_fc5a7c3d,medium_rotor,9,22413_901f5867,complex_assembly,0.999832,False
20779_fc5a7c3d,medium_rotor,10,22430_c6f08b03,complex_assembly,0.999796,False
20910_c64b5d1b,simple_rotor,1,20672_0bc07cce,simple_rotor,1.0,True
20910_c64b5d1b,simple_rotor,2,22843_ff77027f,simple_rotor,1.0,True
20910_c64b5d1b,simple_rotor,3,23502_5a80f907,medium_rotor,1.0,False
20910_c64b5d1b,simple_rotor,4,23048_8a1a5553,high_complexity_rotor,1.0,False
20910_c64b5d1b,simple_rotor,5,22528_f3370a64,high_complexity_rotor,1.0,False
20910_c64b5d1b,simple_rotor,6,20322_5a8c6077,medium_rotor,1.0,False
20910_c64b5d1b,simple_rotor,7,20231_f54462bb,simple_rotor,1.0,True
20910_c64b5d1b,simple_rotor,8,21884_cc2c39f9,medium_rotor,1.0,False
20910_c64b5d1b,simple_rotor,9,22405_20f11d58,high_complexity_rotor,1.0,False
20910_c64b5d1b,simple_rotor,10,21274_2fb8c3f5,simple_rotor,1.0,True
21453_679a343c,simple_rotor,1,21700_28d193ac,high_complexity_rotor,0.0,False
21453_679a343c,simple_rotor,2,21563_c72d37a2,medium_rotor,0.0,False
21453_679a343c,simple_rotor,3,20341_6a1588fb,simple_rotor,0.0,True
21453_679a343c,simple_rotor,4,22652_dc7405ef,high_complexity_rotor,0.0,False
21453_679a343c,simple_rotor,5,21974_1997ebc3,medium_rotor,0.0,False
21453_679a343c,simple_rotor,6,21614_5d6afa62,simple_rotor,0.0,True
21453_679a343c,simple_rotor,7,21051_5d118b91,simple_rotor,0.0,True
21453_679a343c,simple_rotor,8,21570_9cb1d1c4,simple_rotor,0.0,True
21453_679a343c,simple_rotor,9,22900_09de4c7a,high_complexity_rotor,0.0,False
21453_679a343c,simple_rotor,10,21619_19435db0,simple_rotor,0.0,True
23158_c7e753c2,simple_rotor,1,21599_80057f94,simple_rotor,0.999913,True
23158_c7e753c2,simple_rotor,2,20628_e0551f7c,medium_rotor,0.999891,False
23158_c7e753c2,simple_rotor,3,21837_b67d788c,medium_rotor,0.999509,False
23158_c7e753c2,simple_rotor,4,20246_40be7668,complex_assembly,0.998719,False
23158_c7e753c2,simple_rotor,5,21991_ab98f156,high_complexity_rotor,0.998396,False
23158_c7e753c2,simple_rotor,6,20533_0a3e112b,high_complexity_rotor,0.998103,False
23158_c7e753c2,simple_rotor,7,21092_32622a83,medium_rotor,0.998035,False
23158_c7e753c2,simple_rotor,8,20870_dedaef5b,high_complexity_rotor,0.997536,False
23158_c7e753c2,simple_rotor,9,22081_ab3124af,high_complexity_rotor,0.996254,False
23158_c7e753c2,simple_rotor,10,23501_6c48b3c1,medium_rotor,0.995997,False
21856_f84d9348,medium_rotor,1,20672_0bc07cce,simple_rotor,1.0,False
21856_f84d9348,medium_rotor,2,22843_ff77027f,simple_rotor,1.0,False
21856_f84d9348,medium_rotor,3,23502_5a80f907,medium_rotor,1.0,True
21856_f84d9348,medium_rotor,4,23048_8a1a5553,high_complexity_rotor,1.0,False
21856_f84d9348,medium_rotor,5,22528_f3370a64,high_complexity_rotor,1.0,False
21856_f84d9348,medium_rotor,6,20322_5a8c6077,medium_rotor,1.0,True
21856_f84d9348,medium_rotor,7,20231_f54462bb,simple_rotor,1.0,False
21856_f84d9348,medium_rotor,8,21884_cc2c39f9,medium_rotor,1.0,True
21856_f84d9348,medium_rotor,9,22405_20f11d58,high_complexity_rotor,1.0,False
21856_f84d9348,medium_rotor,10,21274_2fb8c3f5,simple_rotor,1.0,False
20469_b6211bfd,simple_rotor,1,20672_0bc07cce,simple_rotor,1.0,True
20469_b6211bfd,simple_rotor,2,22843_ff77027f,simple_rotor,1.0,True
20469_b6211bfd,simple_rotor,3,23502_5a80f907,medium_rotor,1.0,False
20469_b6211bfd,simple_rotor,4,23048_8a1a5553,high_complexity_rotor,1.0,False
20469_b6211bfd,simple_rotor,5,22528_f3370a64,high_complexity_rotor,1.0,False
20469_b6211bfd,simple_rotor,6,20322_5a8c6077,medium_rotor,1.0,False
20469_b6211bfd,simple_rotor,7,20231_f54462bb,simple_rotor,1.0,True
20469_b6211bfd,simple_rotor,8,21884_cc2c39f9,medium_rotor,1.0,False
20469_b6211bfd,simple_rotor,9,22405_20f11d58,high_complexity_rotor,1.0,False
20469_b6211bfd,simple_rotor,10,21274_2fb8c3f5,simple_rotor,1.0,True
22126_e1cca10f,medium_rotor,1,20176_a02bde39,medium_rotor,1.0,True
22126_e1cca10f,medium_rotor,2,22199_8ec9eeb2,medium_rotor,1.0,True
22126_e1cca10f,medium_rotor,3,21912_3f74887c,medium_rotor,1.0,True
22126_e1cca10f,medium_rotor,4,21528_a5d5490f,medium_rotor,1.0,True
22126_e1cca10f,medium_rotor,5,23363_60e39812,medium_rotor,0.999999,True
22126_e1cca10f,medium_rotor,6,21009_907a2a95,medium_rotor,0.999999,True
22126_e1cca10f,medium_rotor,7,23466_1cf60d09,medium_rotor,0.999998,True
22126_e1cca10f,medium_rotor,8,22776_facf9bcf,medium_rotor,0.999998,True
22126_e1cca10f,medium_rotor,9,22002_315afcfc,medium_rotor,0.999995,True
22126_e1cca10f,medium_rotor,10,21918_976c2754,high_complexity_rotor,0.999995,False
20908_10574fbf,simple_rotor,1,20672_0bc07cce,simple_rotor,1.0,True
20908_10574fbf,simple_rotor,2,22843_ff77027f,simple_rotor,1.0,True
20908_10574fbf,simple_rotor,3,23502_5a80f907,medium_rotor,1.0,False
20908_10574fbf,simple_rotor,4,23048_8a1a5553,high_complexity_rotor,1.0,False
20908_10574fbf,simple_rotor,5,22528_f3370a64,high_complexity_rotor,1.0,False
20908_10574fbf,simple_rotor,6,20322_5a8c6077,medium_rotor,1.0,False
20908_10574fbf,simple_rotor,7,20231_f54462bb,simple_rotor,1.0,True
20908_10574fbf,simple_rotor,8,21884_cc2c39f9,medium_rotor,1.0,False
20908_10574fbf,simple_rotor,9,22405_20f11d58,high_complexity_rotor,1.0,False
20908_10574fbf,simple_rotor,10,21274_2fb8c3f5,simple_rotor,1.0,True
23096_7da0f913,simple_rotor,1,21700_28d193ac,high_complexity_rotor,0.0,False
23096_7da0f913,simple_rotor,2,21563_c72d37a2,medium_rotor,0.0,False
23096_7da0f913,simple_rotor,3,20341_6a1588fb,simple_rotor,0.0,True
23096_7da0f913,simple_rotor,4,22652_dc7405ef,high_complexity_rotor,0.0,False
23096_7da0f913,simple_rotor,5,21974_1997ebc3,medium_rotor,0.0,False
23096_7da0f913,simple_rotor,6,21614_5d6afa62,simple_rotor,0.0,True
23096_7da0f913,simple_rotor,7,21051_5d118b91,simple_rotor,0.0,True
23096_7da0f913,simple_rotor,8,21570_9cb1d1c4,simple_rotor,0.0,True
23096_7da0f913,simple_rotor,9,22900_09de4c7a,high_complexity_rotor,0.0,False
23096_7da0f913,simple_rotor,10,21619_19435db0,simple_rotor,0.0,True
22072_5163223a,medium_rotor,1,22413_901f5867,complex_assembly,0.999989,False
22072_5163223a,medium_rotor,2,23195_2629864e,complex_assembly,0.999978,False
22072_5163223a,medium_rotor,3,20319_9f53cd7c,medium_rotor,0.999958,True
22072_5163223a,medium_rotor,4,20779_fc5a7c3d,medium_rotor,0.999908,True
22072_5163223a,medium_rotor,5,22045_ead71aca,medium_rotor,0.999908,True
22072_5163223a,medium_rotor,6,23341_d5ead6d2,simple_rotor,0.999908,False
22072_5163223a,medium_rotor,7,23176_1bf2a2d5,medium_rotor,0.999906,True
22072_5163223a,medium_rotor,8,20701_6dcbc975,high_complexity_rotor,0.999842,False
22072_5163223a,medium_rotor,9,22323_aa6edb8b,medium_rotor,0.999824,True
22072_5163223a,medium_rotor,10,20182_71b9e491,medium_rotor,0.999787,True
23120_f7c9092f,medium_rotor,1,20672_0bc07cce,simple_rotor,1.0,False
23120_f7c9092f,medium_rotor,2,22843_ff77027f,simple_rotor,1.0,False
23120_f7c9092f,medium_rotor,3,23502_5a80f907,medium_rotor,1.0,True
23120_f7c9092f,medium_rotor,4,23048_8a1a5553,high_complexity_rotor,1.0,False
23120_f7c9092f,medium_rotor,5,22528_f3370a64,high_complexity_rotor,1.0,False
23120_f7c9092f,medium_rotor,6,20322_5a8c6077,medium_rotor,1.0,True
23120_f7c9092f,medium_rotor,7,20231_f54462bb,simple_rotor,1.0,False
23120_f7c9092f,medium_rotor,8,21884_cc2c39f9,medium_rotor,1.0,True
23120_f7c9092f,medium_rotor,9,22405_20f11d58,high_complexity_rotor,1.0,False
23120_f7c9092f,medium_rotor,10,21274_2fb8c3f5,simple_rotor,1.0,False
23438_b1ef78f4,symmetric_rotor,1,21271_ec7f62b8,symmetric_rotor,1.0,True
23438_b1ef78f4,symmetric_rotor,2,23178_eb4b4280,symmetric_rotor,0.999999,True
23438_b1ef78f4,symmetric_rotor,3,21810_718ae2fe,simple_rotor,0.999999,False
23438_b1ef78f4,symmetric_rotor,4,23259_d655fcc1,symmetric_rotor,0.999999,True
23438_b1ef78f4,symmetric_rotor,5,21497_9833a679,symmetric_rotor,0.999999,True
23438_b1ef78f4,symmetric_rotor,6,20438_5f344b00,simple_rotor,0.999999,False
23438_b1ef78f4,symmetric_rotor,7,22141_5db99710,symmetric_rotor,0.999995,True
23438_b1ef78f4,symmetric_rotor,8,21121_1e9e7540,high_complexity_rotor,0.999995,False
23438_b1ef78f4,symmetric_rotor,9,20225_4ce6d59b,symmetric_rotor,0.999995,True
23438_b1ef78f4,symmetric_rotor,10,21692_777db9e2,symmetric_rotor,0.999995,True
22678_ff42f120,symmetric_rotor,1,21386_e234c6b6,symmetric_rotor,0.999999,True
22678_ff42f120,symmetric_rotor,2,22399_97987ada,symmetric_rotor,0.999995,True
22678_ff42f120,symmetric_rotor,3,20799_213bf924,high_complexity_rotor,0.999989,False
22678_ff42f120,symmetric_rotor,4,22070_fd1b8e5e,high_complexity_rotor,0.999989,False
22678_ff42f120,symmetric_rotor,5,21448_5646a1b6,simple_rotor,0.999989,False
22678_ff42f120,symmetric_rotor,6,21182_a480d230,high_complexity_rotor,0.999977,False
22678_ff42f120,symmetric_rotor,7,21845_dff8b3a1,high_complexity_rotor,0.999976,False
22678_ff42f120,symmetric_rotor,8,21843_effbd24d,high_complexity_rotor,0.999972,False
22678_ff42f120,symmetric_rotor,9,21081_72fa4ad1,high_complexity_rotor,0.999972,False
22678_ff42f120,symmetric_rotor,10,22812_cf865ed1,symmetric_rotor,0.999972,True
23194_b675acc0,simple_rotor,1,20952_b8a54213,complex_assembly,1.0,False
23194_b675acc0,simple_rotor,2,22266_078a1f68,medium_rotor,0.999999,False
23194_b675acc0,simple_rotor,3,22232_cb53774e,medium_rotor,0.999997,False
23194_b675acc0,simple_rotor,4,19810_f77c5501,medium_rotor,0.999994,False
23194_b675acc0,simple_rotor,5,23211_3aac9c7e,simple_rotor,0.999994,True
23194_b675acc0,simple_rotor,6,21539_cfe1f7fd,medium_rotor,0.99999,False
23194_b675acc0,simple_rotor,7,22778_7d85debd,medium_rotor,0.999982,False
23194_b675acc0,simple_rotor,8,22981_93f268ae,simple_rotor,0.999982,True
23194_b675acc0,simple_rotor,9,21545_4384f96e,complex_assembly,0.999982,False
23194_b675acc0,simple_rotor,10,22535_0ba01cc9,complex_assembly,0.999981,False
20406_dacb0300,simple_rotor,1,20672_0bc07cce,simple_rotor,1.0,True
20406_dacb0300,simple_rotor,2,22843_ff77027f,simple_rotor,1.0,True
20406_dacb0300,simple_rotor,3,23502_5a80f907,medium_rotor,1.0,False
20406_dacb0300,simple_rotor,4,23048_8a1a5553,high_complexity_rotor,1.0,False
20406_dacb0300,simple_rotor,5,22528_f3370a64,high_complexity_rotor,1.0,False
20406_dacb0300,simple_rotor,6,20322_5a8c6077,medium_rotor,1.0,False
20406_dacb0300,simple_rotor,7,20231_f54462bb,simple_rotor,1.0,True
20406_dacb0300,simple_rotor,8,21884_cc2c39f9,medium_rotor,1.0,False
20406_dacb0300,simple_rotor,9,22405_20f11d58,high_complexity_rotor,1.0,False
20406_dacb0300,simple_rotor,10,21274_2fb8c3f5,simple_rotor,1.0,True
22228_1c82530b,medium_rotor,1,21986_67c5509a,complex_assembly,0.999996,False
22228_1c82530b,medium_rotor,2,22298_51433023,complex_assembly,0.999993,False
22228_1c82530b,medium_rotor,3,23235_f9ccb8b0,complex_assembly,0.999989,False
22228_1c82530b,medium_rotor,4,23245_ccd099b6,medium_rotor,0.999986,True
22228_1c82530b,medium_rotor,5,21745_56cbe841,medium_rotor,0.999984,True
22228_1c82530b,medium_rotor,6,20421_49bd1188,medium_rotor,0.999984,True
22228_1c82530b,medium_rotor,7,22747_3f6faf4c,simple_rotor,0.999984,False
22228_1c82530b,medium_rotor,8,20421_83f66ddc,medium_rotor,0.999984,True
22228_1c82530b,medium_rotor,9,23039_b3d04774,simple_rotor,0.999984,False
22228_1c82530b,medium_rotor,10,21582_a3d32115,complex_assembly,0.999976,False
23199_75dc1efd,simple_rotor,1,20672_0bc07cce,simple_rotor,1.0,True
23199_75dc1efd,simple_rotor,2,22843_ff77027f,simple_rotor,1.0,True
23199_75dc1efd,simple_rotor,3,23502_5a80f907,medium_rotor,1.0,False
23199_75dc1efd,simple_rotor,4,23048_8a1a5553,high_complexity_rotor,1.0,False
23199_75dc1efd,simple_rotor,5,22528_f3370a64,high_complexity_rotor,1.0,False
23199_75dc1efd,simple_rotor,6,20322_5a8c6077,medium_rotor,1.0,False
23199_75dc1efd,simple_rotor,7,20231_f54462bb,simple_rotor,1.0,True
23199_75dc1efd,simple_rotor,8,21884_cc2c39f9,medium_rotor,1.0,False
23199_75dc1efd,simple_rotor,9,22405_20f11d58,high_complexity_rotor,1.0,False
23199_75dc1efd,simple_rotor,10,21274_2fb8c3f5,simple_rotor,1.0,True
23310_7daded69,high_complexity_rotor,1,20959_d4905d19,high_complexity_rotor,0.999674,True
23310_7daded69,high_complexity_rotor,2,21134_7aa7cd89,high_complexity_rotor,0.999513,True
23310_7daded69,high_complexity_rotor,3,20675_66ac9773,high_complexity_rotor,0.999328,True
23310_7daded69,high_complexity_rotor,4,23378_8d6426ae,high_complexity_rotor,0.998892,True
23310_7daded69,high_complexity_rotor,5,22428_c1ffa51a,high_complexity_rotor,0.998887,True
23310_7daded69,high_complexity_rotor,6,23258_87a2ba81,high_complexity_rotor,0.998726,True
23310_7daded69,high_complexity_rotor,7,19596_fb9531a5,high_complexity_rotor,0.998532,True
23310_7daded69,high_complexity_rotor,8,20792_d2ea0500,symmetric_rotor,0.998522,False
23310_7daded69,high_complexity_rotor,9,20818_098cad7c,high_complexity_rotor,0.998498,True
23310_7daded69,high_complexity_rotor,10,21300_ec7da33e,high_complexity_rotor,0.998474,True
21923_41fa6eda,medium_rotor,1,21421_fb12b69b,complex_assembly,0.999994,False
21923_41fa6eda,medium_rotor,2,23282_a1b17daa,complex_assembly,0.999994,False
21923_41fa6eda,medium_rotor,3,22341_0f9c52ed,medium_rotor,0.999986,True
21923_41fa6eda,medium_rotor,4,22357_e2f7b060,complex_assembly,0.999984,False
21923_41fa6eda,medium_rotor,5,21236_b696e901,complex_assembly,0.99998,False
21923_41fa6eda,medium_rotor,6,20349_a12428da,medium_rotor,0.999955,True
21923_41fa6eda,medium_rotor,7,23236_d5867507,simple_rotor,0.999946,False
21923_41fa6eda,medium_rotor,8,23210_f535bfd2,simple_rotor,0.999946,False
21923_41fa6eda,medium_rotor,9,20232_e5b060d9,simple_rotor,0.999946,False
21923_41fa6eda,medium_rotor,10,23132_1847c4ef,medium_rotor,0.999946,True
20788_d25efea2,medium_rotor,1,20672_0bc07cce,simple_rotor,1.0,False
20788_d25efea2,medium_rotor,2,22843_ff77027f,simple_rotor,1.0,False
20788_d25efea2,medium_rotor,3,23502_5a80f907,medium_rotor,1.0,True
20788_d25efea2,medium_rotor,4,23048_8a1a5553,high_complexity_rotor,1.0,False
20788_d25efea2,medium_rotor,5,22528_f3370a64,high_complexity_rotor,1.0,False
20788_d25efea2,medium_rotor,6,20322_5a8c6077,medium_rotor,1.0,True
20788_d25efea2,medium_rotor,7,20231_f54462bb,simple_rotor,1.0,False
20788_d25efea2,medium_rotor,8,21884_cc2c39f9,medium_rotor,1.0,True
20788_d25efea2,medium_rotor,9,22405_20f11d58,high_complexity_rotor,1.0,False
20788_d25efea2,medium_rotor,10,21274_2fb8c3f5,simple_rotor,1.0,False
20340_86125547,simple_rotor,1,22377_d490f505,simple_rotor,1.0,True
20340_86125547,simple_rotor,2,20332_0c2a24aa,simple_rotor,1.0,True
20340_86125547,simple_rotor,3,22374_aa5bb54d,simple_rotor,1.0,True
20340_86125547,simple_rotor,4,21590_7d092186,medium_rotor,1.0,False
20340_86125547,simple_rotor,5,20756_75f43564,simple_rotor,1.0,True
20340_86125547,simple_rotor,6,20802_802b7d69,simple_rotor,1.0,True
20340_86125547,simple_rotor,7,20341_6a1588fb,simple_rotor,1.0,True
20340_86125547,simple_rotor,8,20803_473c87ac,simple_rotor,1.0,True
20340_86125547,simple_rotor,9,20994_9c88b1ba,simple_rotor,1.0,True
20340_86125547,simple_rotor,10,20814_5a2be0fb,simple_rotor,1.0,True
21958_e48ddf4e,symmetric_rotor,1,20697_d3e106b4,high_complexity_rotor,1.0,False
21958_e48ddf4e,symmetric_rotor,2,22027_11a2e852,high_complexity_rotor,1.0,False
21958_e48ddf4e,symmetric_rotor,3,22304_33009be6,simple_rotor,0.999999,False
21958_e48ddf4e,symmetric_rotor,4,23170_6ea8ded5,symmetric_rotor,0.999999,True
21958_e48ddf4e,symmetric_rotor,5,22421_19401bdd,high_complexity_rotor,0.999995,False
21958_e48ddf4e,symmetric_rotor,6,22312_3f366a4a,symmetric_rotor,0.999995,True
21958_e48ddf4e,symmetric_rotor,7,23329_6939d5d9,high_complexity_rotor,0.999995,False
21958_e48ddf4e,symmetric_rotor,8,22241_535ad84b,simple_rotor,0.999995,False
21958_e48ddf4e,symmetric_rotor,9,21121_1e9e7540,high_complexity_rotor,0.999989,False
21958_e48ddf4e,symmetric_rotor,10,22141_5db99710,symmetric_rotor,0.999989,True
16550_e88d6986,simple_rotor,1,20672_0bc07cce,simple_rotor,1.0,True
16550_e88d6986,simple_rotor,2,22843_ff77027f,simple_rotor,1.0,True
16550_e88d6986,simple_rotor,3,23502_5a80f907,medium_rotor,1.0,False
16550_e88d6986,simple_rotor,4,23048_8a1a5553,high_complexity_rotor,1.0,False
16550_e88d6986,simple_rotor,5,22528_f3370a64,high_complexity_rotor,1.0,False
16550_e88d6986,simple_rotor,6,20322_5a8c6077,medium_rotor,1.0,False
16550_e88d6986,simple_rotor,7,20231_f54462bb,simple_rotor,1.0,True
16550_e88d6986,simple_rotor,8,21884_cc2c39f9,medium_rotor,1.0,False
16550_e88d6986,simple_rotor,9,22405_20f11d58,high_complexity_rotor,1.0,False
16550_e88d6986,simple_rotor,10,21274_2fb8c3f5,simple_rotor,1.0,True
21358_a69a36f3,medium_rotor,1,20672_0bc07cce,simple_rotor,1.0,False
21358_a69a36f3,medium_rotor,2,22843_ff77027f,simple_rotor,1.0,False
21358_a69a36f3,medium_rotor,3,23502_5a80f907,medium_rotor,1.0,True
21358_a69a36f3,medium_rotor,4,23048_8a1a5553,high_complexity_rotor,1.0,False
21358_a69a36f3,medium_rotor,5,22528_f3370a64,high_complexity_rotor,1.0,False
21358_a69a36f3,medium_rotor,6,20322_5a8c6077,medium_rotor,1.0,True
21358_a69a36f3,medium_rotor,7,20231_f54462bb,simple_rotor,1.0,False
21358_a69a36f3,medium_rotor,8,21884_cc2c39f9,medium_rotor,1.0,True
21358_a69a36f3,medium_rotor,9,22405_20f11d58,high_complexity_rotor,1.0,False
21358_a69a36f3,medium_rotor,10,21274_2fb8c3f5,simple_rotor,1.0,False
20701_6dcbc975,high_complexity_rotor,1,22323_aa6edb8b,medium_rotor,1.0,False
20701_6dcbc975,high_complexity_rotor,2,22045_ead71aca,medium_rotor,0.999991,False
20701_6dcbc975,high_complexity_rotor,3,23341_d5ead6d2,simple_rotor,0.999991,False
20701_6dcbc975,high_complexity_rotor,4,20779_fc5a7c3d,medium_rotor,0.999991,False
20701_6dcbc975,high_complexity_rotor,5,22533_e7298b05,complex_assembly,0.999973,False
20701_6dcbc975,high_complexity_rotor,6,21816_3891a442,medium_rotor,0.999968,False
20701_6dcbc975,high_complexity_rotor,7,21588_0c48dc5f,simple_rotor,0.999921,False
20701_6dcbc975,high_complexity_rotor,8,22430_c6f08b03,complex_assembly,0.999872,False
20701_6dcbc975,high_complexity_rotor,9,22072_5163223a,medium_rotor,0.999842,False
20701_6dcbc975,high_complexity_rotor,10,22413_901f5867,complex_assembly,0.999746,False
21924_bbd9f7a9,high_complexity_rotor,1,23154_7c74d190,high_complexity_rotor,0.999722,True
21924_bbd9f7a9,high_complexity_rotor,2,20245_f1b25d43,high_complexity_rotor,0.999371,True
21924_bbd9f7a9,high_complexity_rotor,3,22428_c1ffa51a,high_complexity_rotor,0.998512,True
21924_bbd9f7a9,high_complexity_rotor,4,23378_8d6426ae,high_complexity_rotor,0.998341,True
21924_bbd9f7a9,high_complexity_rotor,5,23310_7daded69,high_complexity_rotor,0.997863,True
21924_bbd9f7a9,high_complexity_rotor,6,20792_d2ea0500,symmetric_rotor,0.997759,False
21924_bbd9f7a9,high_complexity_rotor,7,21300_ec7da33e,high_complexity_rotor,0.997448,True
21924_bbd9f7a9,high_complexity_rotor,8,20991_6795af4f,high_complexity_rotor,0.997228,True
21924_bbd9f7a9,high_complexity_rotor,9,21685_93737a7a,high_complexity_rotor,0.99688,True
21924_bbd9f7a9,high_complexity_rotor,10,23168_7fdf5427,high_complexity_rotor,0.996758,True
20451_84d8b290,simple_rotor,1,20807_88c198d5,simple_rotor,1.0,True
20451_84d8b290,simple_rotor,2,22762_dcbdd14d,symmetric_rotor,1.0,False
20451_84d8b290,simple_rotor,3,20477_633cca4f,high_complexity_rotor,1.0,False
20451_84d8b290,simple_rotor,4,22311_553b3456,symmetric_rotor,1.0,False
20451_84d8b290,simple_rotor,5,22057_4947db57,symmetric_rotor,1.0,False
20451_84d8b290,simple_rotor,6,20822_5bb36119,simple_rotor,1.0,True
20451_84d8b290,simple_rotor,7,20926_4c0f33f6,symmetric_rotor,1.0,False
20451_84d8b290,simple_rotor,8,23103_43bde2a6,simple_rotor,1.0,True
20451_84d8b290,simple_rotor,9,20620_8a5226b4,high_complexity_rotor,1.0,False
20451_84d8b290,simple_rotor,10,20682_e208cc63,symmetric_rotor,1.0,False
22085_e039a7d3,medium_rotor,1,20803_473c87ac,simple_rotor,0.999987,False
22085_e039a7d3,medium_rotor,2,20341_6a1588fb,simple_rotor,0.999987,False
22085_e039a7d3,medium_rotor,3,22374_aa5bb54d,simple_rotor,0.999987,False
22085_e039a7d3,medium_rotor,4,20756_75f43564,simple_rotor,0.999987,False
22085_e039a7d3,medium_rotor,5,20802_802b7d69,simple_rotor,0.999987,False
22085_e039a7d3,medium_rotor,6,20332_0c2a24aa,simple_rotor,0.999987,False
22085_e039a7d3,medium_rotor,7,20814_5a2be0fb,simple_rotor,0.999987,False
22085_e039a7d3,medium_rotor,8,20340_86125547,simple_rotor,0.999987,False
22085_e039a7d3,medium_rotor,9,20994_9c88b1ba,simple_rotor,0.999987,False
22085_e039a7d3,medium_rotor,10,22377_d490f505,simple_rotor,0.999987,False
22983_0ab3faaf,symmetric_rotor,1,20421_0fd51709,high_complexity_rotor,1.0,False
22983_0ab3faaf,symmetric_rotor,2,22367_b4a67e61,simple_rotor,1.0,False
22983_0ab3faaf,symmetric_rotor,3,21862_ec534e16,simple_rotor,1.0,False
22983_0ab3faaf,symmetric_rotor,4,22416_4cd31921,high_complexity_rotor,1.0,False
22983_0ab3faaf,symmetric_rotor,5,22892_68138f24,symmetric_rotor,1.0,True
22983_0ab3faaf,symmetric_rotor,6,22026_62afa265,simple_rotor,1.0,False
22983_0ab3faaf,symmetric_rotor,7,21186_d1698d8c,symmetric_rotor,1.0,True
22983_0ab3faaf,symmetric_rotor,8,21248_0a862e3e,symmetric_rotor,1.0,True
22983_0ab3faaf,symmetric_rotor,9,20237_06b27bf5,symmetric_rotor,1.0,True
22983_0ab3faaf,symmetric_rotor,10,22365_a4eb929c,symmetric_rotor,1.0,True
20947_115d4058,simple_rotor,1,20672_0bc07cce,simple_rotor,1.0,True
20947_115d4058,simple_rotor,2,22843_ff77027f,simple_rotor,1.0,True
20947_115d4058,simple_rotor,3,23502_5a80f907,medium_rotor,1.0,False
20947_115d4058,simple_rotor,4,23048_8a1a5553,high_complexity_rotor,1.0,False
20947_115d4058,simple_rotor,5,22528_f3370a64,high_complexity_rotor,1.0,False
20947_115d4058,simple_rotor,6,20322_5a8c6077,medium_rotor,1.0,False
20947_115d4058,simple_rotor,7,20231_f54462bb,simple_rotor,1.0,True
20947_115d4058,simple_rotor,8,21884_cc2c39f9,medium_rotor,1.0,False
20947_115d4058,simple_rotor,9,22405_20f11d58,high_complexity_rotor,1.0,False
20947_115d4058,simple_rotor,10,21274_2fb8c3f5,simple_rotor,1.0,True
23045_a8c4e4bc,medium_rotor,1,20672_0bc07cce,simple_rotor,1.0,False
23045_a8c4e4bc,medium_rotor,2,22843_ff77027f,simple_rotor,1.0,False
23045_a8c4e4bc,medium_rotor,3,23502_5a80f907,medium_rotor,1.0,True
23045_a8c4e4bc,medium_rotor,4,23048_8a1a5553,high_complexity_rotor,1.0,False
23045_a8c4e4bc,medium_rotor,5,22528_f3370a64,high_complexity_rotor,1.0,False
23045_a8c4e4bc,medium_rotor,6,20322_5a8c6077,medium_rotor,1.0,True
23045_a8c4e4bc,medium_rotor,7,20231_f54462bb,simple_rotor,1.0,False
23045_a8c4e4bc,medium_rotor,8,21884_cc2c39f9,medium_rotor,1.0,True
23045_a8c4e4bc,medium_rotor,9,22405_20f11d58,high_complexity_rotor,1.0,False
23045_a8c4e4bc,medium_rotor,10,21274_2fb8c3f5,simple_rotor,1.0,False
20259_de1ab632,simple_rotor,1,22224_1e749c32,medium_rotor,1.0,False
20259_de1ab632,simple_rotor,2,20278_d442e77d,medium_rotor,0.999991,False
20259_de1ab632,simple_rotor,3,22131_6b4b60f8,simple_rotor,0.999941,True
20259_de1ab632,simple_rotor,4,21292_f94bd96b,medium_rotor,0.999941,False
20259_de1ab632,simple_rotor,5,21202_e452c491,medium_rotor,0.999926,False
20259_de1ab632,simple_rotor,6,21557_53eafe15,complex_assembly,0.999916,False
20259_de1ab632,simple_rotor,7,23322_8f85d82d,medium_rotor,0.999905,False
20259_de1ab632,simple_rotor,8,21015_10304cb9,simple_rotor,0.999884,True
20259_de1ab632,simple_rotor,9,23321_c9497b79,simple_rotor,0.999884,True
20259_de1ab632,simple_rotor,10,21005_9feee615,high_complexity_rotor,0.999821,False
22367_b4a67e61,simple_rotor,1,20421_0fd51709,high_complexity_rotor,1.0,False
22367_b4a67e61,simple_rotor,2,22983_0ab3faaf,symmetric_rotor,1.0,False
22367_b4a67e61,simple_rotor,3,21862_ec534e16,simple_rotor,1.0,True
22367_b4a67e61,simple_rotor,4,22416_4cd31921,high_complexity_rotor,1.0,False
22367_b4a67e61,simple_rotor,5,22892_68138f24,symmetric_rotor,1.0,False
22367_b4a67e61,simple_rotor,6,22026_62afa265,simple_rotor,1.0,True
22367_b4a67e61,simple_rotor,7,21186_d1698d8c,symmetric_rotor,1.0,False
22367_b4a67e61,simple_rotor,8,21248_0a862e3e,symmetric_rotor,1.0,False
22367_b4a67e61,simple_rotor,9,20237_06b27bf5,symmetric_rotor,1.0,False
22367_b4a67e61,simple_rotor,10,22365_a4eb929c,symmetric_rotor,1.0,False
20849_9821b6fe,medium_rotor,1,20672_0bc07cce,simple_rotor,1.0,False
20849_9821b6fe,medium_rotor,2,22843_ff77027f,simple_rotor,1.0,False
20849_9821b6fe,medium_rotor,3,23502_5a80f907,medium_rotor,1.0,True
20849_9821b6fe,medium_rotor,4,23048_8a1a5553,high_complexity_rotor,1.0,False
20849_9821b6fe,medium_rotor,5,22528_f3370a64,high_complexity_rotor,1.0,False
20849_9821b6fe,medium_rotor,6,20322_5a8c6077,medium_rotor,1.0,True
20849_9821b6fe,medium_rotor,7,20231_f54462bb,simple_rotor,1.0,False
20849_9821b6fe,medium_rotor,8,21884_cc2c39f9,medium_rotor,1.0,True
20849_9821b6fe,medium_rotor,9,22405_20f11d58,high_complexity_rotor,1.0,False
20849_9821b6fe,medium_rotor,10,21274_2fb8c3f5,simple_rotor,1.0,False
22469_9d87f800,medium_rotor,1,20672_0bc07cce,simple_rotor,1.0,False
22469_9d87f800,medium_rotor,2,22843_ff77027f,simple_rotor,1.0,False
22469_9d87f800,medium_rotor,3,23502_5a80f907,medium_rotor,1.0,True
22469_9d87f800,medium_rotor,4,23048_8a1a5553,high_complexity_rotor,1.0,False
22469_9d87f800,medium_rotor,5,22528_f3370a64,high_complexity_rotor,1.0,False
22469_9d87f800,medium_rotor,6,20322_5a8c6077,medium_rotor,1.0,True
22469_9d87f800,medium_rotor,7,20231_f54462bb,simple_rotor,1.0,False
22469_9d87f800,medium_rotor,8,21884_cc2c39f9,medium_rotor,1.0,True
22469_9d87f800,medium_rotor,9,22405_20f11d58,high_complexity_rotor,1.0,False
22469_9d87f800,medium_rotor,10,21274_2fb8c3f5,simple_rotor,1.0,False
23435_e1c96b4d,simple_rotor,1,20672_0bc07cce,simple_rotor,1.0,True
23435_e1c96b4d,simple_rotor,2,22843_ff77027f,simple_rotor,1.0,True
23435_e1c96b4d,simple_rotor,3,23502_5a80f907,medium_rotor,1.0,False
23435_e1c96b4d,simple_rotor,4,23048_8a1a5553,high_complexity_rotor,1.0,False
23435_e1c96b4d,simple_rotor,5,22528_f3370a64,high_complexity_rotor,1.0,False
23435_e1c96b4d,simple_rotor,6,20322_5a8c6077,medium_rotor,1.0,False
23435_e1c96b4d,simple_rotor,7,20231_f54462bb,simple_rotor,1.0,True
23435_e1c96b4d,simple_rotor,8,21884_cc2c39f9,medium_rotor,1.0,False
23435_e1c96b4d,simple_rotor,9,22405_20f11d58,high_complexity_rotor,1.0,False
23435_e1c96b4d,simple_rotor,10,21274_2fb8c3f5,simple_rotor,1.0,True
23043_c0827516,medium_rotor,1,20672_0bc07cce,simple_rotor,1.0,False
23043_c0827516,medium_rotor,2,22843_ff77027f,simple_rotor,1.0,False
23043_c0827516,medium_rotor,3,23502_5a80f907,medium_rotor,1.0,True
23043_c0827516,medium_rotor,4,23048_8a1a5553,high_complexity_rotor,1.0,False
23043_c0827516,medium_rotor,5,22528_f3370a64,high_complexity_rotor,1.0,False
23043_c0827516,medium_rotor,6,20322_5a8c6077,medium_rotor,1.0,True
23043_c0827516,medium_rotor,7,20231_f54462bb,simple_rotor,1.0,False
23043_c0827516,medium_rotor,8,21884_cc2c39f9,medium_rotor,1.0,True
23043_c0827516,medium_rotor,9,22405_20f11d58,high_complexity_rotor,1.0,False
23043_c0827516,medium_rotor,10,21274_2fb8c3f5,simple_rotor,1.0,False
23154_7c74d190,high_complexity_rotor,1,20245_f1b25d43,high_complexity_rotor,0.999857,True
23154_7c74d190,high_complexity_rotor,2,21924_bbd9f7a9,high_complexity_rotor,0.999722,True
23154_7c74d190,high_complexity_rotor,3,22428_c1ffa51a,high_complexity_rotor,0.997849,True
23154_7c74d190,high_complexity_rotor,4,23378_8d6426ae,high_complexity_rotor,0.99764,True
23154_7c74d190,high_complexity_rotor,5,20792_d2ea0500,symmetric_rotor,0.997096,False
23154_7c74d190,high_complexity_rotor,6,21300_ec7da33e,high_complexity_rotor,0.996727,True
23154_7c74d190,high_complexity_rotor,7,20991_6795af4f,high_complexity_rotor,0.996468,True
23154_7c74d190,high_complexity_rotor,8,23310_7daded69,high_complexity_rotor,0.996218,True
23154_7c74d190,high_complexity_rotor,9,21685_93737a7a,high_complexity_rotor,0.996062,True
23154_7c74d190,high_complexity_rotor,10,23168_7fdf5427,high_complexity_rotor,0.995921,True
20387_0d507234,medium_rotor,1,20672_0bc07cce,simple_rotor,1.0,False
20387_0d507234,medium_rotor,2,22843_ff77027f,simple_rotor,1.0,False
20387_0d507234,medium_rotor,3,23502_5a80f907,medium_rotor,1.0,True
20387_0d507234,medium_rotor,4,23048_8a1a5553,high_complexity_rotor,1.0,False
20387_0d507234,medium_rotor,5,22528_f3370a64,high_complexity_rotor,1.0,False
20387_0d507234,medium_rotor,6,20322_5a8c6077,medium_rotor,1.0,True
20387_0d507234,medium_rotor,7,20231_f54462bb,simple_rotor,1.0,False
20387_0d507234,medium_rotor,8,21884_cc2c39f9,medium_rotor,1.0,True
20387_0d507234,medium_rotor,9,22405_20f11d58,high_complexity_rotor,1.0,False
20387_0d507234,medium_rotor,10,21274_2fb8c3f5,simple_rotor,1.0,False
22862_f5406bb0,simple_rotor,1,22078_1758e9fc,medium_rotor,1.0,False
22862_f5406bb0,simple_rotor,2,22017_6d3be48d,medium_rotor,1.0,False
22862_f5406bb0,simple_rotor,3,21424_9d516e3a,medium_rotor,1.0,False
22862_f5406bb0,simple_rotor,4,20841_1620ae7d,simple_rotor,1.0,True
22862_f5406bb0,simple_rotor,5,21357_9edfc0a0,simple_rotor,1.0,True
22862_f5406bb0,simple_rotor,6,23374_57cca189,medium_rotor,1.0,False
22862_f5406bb0,simple_rotor,7,22014_5880c417,simple_rotor,1.0,True
22862_f5406bb0,simple_rotor,8,23162_7e2f3d77,complex_assembly,1.0,False
22862_f5406bb0,simple_rotor,9,23305_2662b29a,medium_rotor,0.999953,False
22862_f5406bb0,simple_rotor,10,21351_675c66b1,complex_assembly,0.999853,False
22890_4ecfa491,high_complexity_rotor,1,20672_0bc07cce,simple_rotor,1.0,False
22890_4ecfa491,high_complexity_rotor,2,22843_ff77027f,simple_rotor,1.0,False
22890_4ecfa491,high_complexity_rotor,3,23502_5a80f907,medium_rotor,1.0,False
22890_4ecfa491,high_complexity_rotor,4,23048_8a1a5553,high_complexity_rotor,1.0,True
22890_4ecfa491,high_complexity_rotor,5,22528_f3370a64,high_complexity_rotor,1.0,True
22890_4ecfa491,high_complexity_rotor,6,20322_5a8c6077,medium_rotor,1.0,False
22890_4ecfa491,high_complexity_rotor,7,20231_f54462bb,simple_rotor,1.0,False
22890_4ecfa491,high_complexity_rotor,8,21884_cc2c39f9,medium_rotor,1.0,False
22890_4ecfa491,high_complexity_rotor,9,22405_20f11d58,high_complexity_rotor,1.0,True
22890_4ecfa491,high_complexity_rotor,10,21274_2fb8c3f5,simple_rotor,1.0,False
21625_d5d4c9a7,medium_rotor,1,20293_a1999339,high_complexity_rotor,1.0,False
21625_d5d4c9a7,medium_rotor,2,22059_b7d76712,medium_rotor,1.0,True
21625_d5d4c9a7,medium_rotor,3,20646_4cd14a72,simple_rotor,1.0,False
21625_d5d4c9a7,medium_rotor,4,21326_ab4d6c43,simple_rotor,1.0,False
21625_d5d4c9a7,medium_rotor,5,23373_f5dac851,medium_rotor,1.0,True
21625_d5d4c9a7,medium_rotor,6,20647_cea2e07c,simple_rotor,1.0,False
21625_d5d4c9a7,medium_rotor,7,21809_8bd6b10e,high_complexity_rotor,0.999976,False
21625_d5d4c9a7,medium_rotor,8,23219_40625e2c,simple_rotor,0.999972,False
21625_d5d4c9a7,medium_rotor,9,21519_3e869afd,high_complexity_rotor,0.999972,False
21625_d5d4c9a7,medium_rotor,10,21224_18ba4aba,medium_rotor,0.999972,True
22216_4b032400,symmetric_rotor,1,21257_770fee9a,simple_rotor,1.0,False
22216_4b032400,symmetric_rotor,2,22047_5a090f16,simple_rotor,1.0,False
22216_4b032400,symmetric_rotor,3,22154_24342da4,simple_rotor,1.0,False
22216_4b032400,symmetric_rotor,4,20551_ff28a959,simple_rotor,1.0,False
22216_4b032400,symmetric_rotor,5,22886_a6331748,symmetric_rotor,1.0,True
22216_4b032400,symmetric_rotor,6,22140_9cda24cc,simple_rotor,1.0,False
22216_4b032400,symmetric_rotor,7,23102_211ad1db,symmetric_rotor,1.0,True
22216_4b032400,symmetric_rotor,8,20429_419c4cdd,simple_rotor,1.0,False
22216_4b032400,symmetric_rotor,9,20680_b095cb77,symmetric_rotor,1.0,True
22216_4b032400,symmetric_rotor,10,22129_48b47c52,simple_rotor,1.0,False
21564_fa5b2db7,simple_rotor,1,22283_36ba29c9,simple_rotor,1.0,True
21564_fa5b2db7,simple_rotor,2,21603_98a15295,symmetric_rotor,1.0,False
21564_fa5b2db7,simple_rotor,3,20609_69f28932,symmetric_rotor,1.0,False
21564_fa5b2db7,simple_rotor,4,21384_b9774b93,simple_rotor,0.999999,True
21564_fa5b2db7,simple_rotor,5,21551_c6c2d516,high_complexity_rotor,0.999999,False
21564_fa5b2db7,simple_rotor,6,22706_58a933f4,symmetric_rotor,0.999999,False
21564_fa5b2db7,simple_rotor,7,22049_4da0d894,symmetric_rotor,0.999977,False
21564_fa5b2db7,simple_rotor,8,21352_c1101acb,high_complexity_rotor,0.999976,False
21564_fa5b2db7,simple_rotor,9,23320_e0711ae9,symmetric_rotor,0.999976,False
21564_fa5b2db7,simple_rotor,10,21977_ce9f4e71,high_complexity_rotor,0.999976,False
21918_976c2754,high_complexity_rotor,1,23493_57512264,medium_rotor,1.0,False
21918_976c2754,high_complexity_rotor,2,22002_315afcfc,medium_rotor,1.0,False
21918_976c2754,high_complexity_rotor,3,22776_facf9bcf,medium_rotor,1.0,False
21918_976c2754,high_complexity_rotor,4,21762_90d34d16,high_complexity_rotor,0.999999,True
21918_976c2754,high_complexity_rotor,5,21009_907a2a95,medium_rotor,0.999998,False
21918_976c2754,high_complexity_rotor,6,22461_0ba0e480,medium_rotor,0.999997,False
21918_976c2754,high_complexity_rotor,7,21528_a5d5490f,medium_rotor,0.999997,False
21918_976c2754,high_complexity_rotor,8,21912_3f74887c,medium_rotor,0.999997,False
21918_976c2754,high_complexity_rotor,9,22126_e1cca10f,medium_rotor,0.999995,False
21918_976c2754,high_complexity_rotor,10,20176_a02bde39,medium_rotor,0.999994,False
21615_f2ecc6e8,simple_rotor,1,20672_0bc07cce,simple_rotor,1.0,True
21615_f2ecc6e8,simple_rotor,2,22843_ff77027f,simple_rotor,1.0,True
21615_f2ecc6e8,simple_rotor,3,23502_5a80f907,medium_rotor,1.0,False
21615_f2ecc6e8,simple_rotor,4,23048_8a1a5553,high_complexity_rotor,1.0,False
21615_f2ecc6e8,simple_rotor,5,22528_f3370a64,high_complexity_rotor,1.0,False
21615_f2ecc6e8,simple_rotor,6,20322_5a8c6077,medium_rotor,1.0,False
21615_f2ecc6e8,simple_rotor,7,20231_f54462bb,simple_rotor,1.0,True
21615_f2ecc6e8,simple_rotor,8,21884_cc2c39f9,medium_rotor,1.0,False
21615_f2ecc6e8,simple_rotor,9,22405_20f11d58,high_complexity_rotor,1.0,False
21615_f2ecc6e8,simple_rotor,10,21274_2fb8c3f5,simple_rotor,1.0,True
23164_659c91ef,simple_rotor,1,20672_0bc07cce,simple_rotor,1.0,True
23164_659c91ef,simple_rotor,2,22843_ff77027f,simple_rotor,1.0,True
23164_659c91ef,simple_rotor,3,23502_5a80f907,medium_rotor,1.0,False
23164_659c91ef,simple_rotor,4,23048_8a1a5553,high_complexity_rotor,1.0,False
23164_659c91ef,simple_rotor,5,22528_f3370a64,high_complexity_rotor,1.0,False
23164_659c91ef,simple_rotor,6,20322_5a8c6077,medium_rotor,1.0,False
23164_659c91ef,simple_rotor,7,20231_f54462bb,simple_rotor,1.0,True
23164_659c91ef,simple_rotor,8,21884_cc2c39f9,medium_rotor,1.0,False
23164_659c91ef,simple_rotor,9,22405_20f11d58,high_complexity_rotor,1.0,False
23164_659c91ef,simple_rotor,10,21274_2fb8c3f5,simple_rotor,1.0,True
21271_ec7f62b8,symmetric_rotor,1,23438_b1ef78f4,symmetric_rotor,1.0,True
21271_ec7f62b8,symmetric_rotor,2,23178_eb4b4280,symmetric_rotor,0.999999,True
21271_ec7f62b8,symmetric_rotor,3,21810_718ae2fe,simple_rotor,0.999999,False
21271_ec7f62b8,symmetric_rotor,4,23259_d655fcc1,symmetric_rotor,0.999999,True
21271_ec7f62b8,symmetric_rotor,5,21497_9833a679,symmetric_rotor,0.999999,True
21271_ec7f62b8,symmetric_rotor,6,20438_5f344b00,simple_rotor,0.999999,False
21271_ec7f62b8,symmetric_rotor,7,22141_5db99710,symmetric_rotor,0.999995,True
21271_ec7f62b8,symmetric_rotor,8,21121_1e9e7540,high_complexity_rotor,0.999995,False
21271_ec7f62b8,symmetric_rotor,9,20225_4ce6d59b,symmetric_rotor,0.999995,True
21271_ec7f62b8,symmetric_rotor,10,21692_777db9e2,symmetric_rotor,0.999995,True
22746_920025a0,simple_rotor,1,20672_0bc07cce,simple_rotor,1.0,True
22746_920025a0,simple_rotor,2,22843_ff77027f,simple_rotor,1.0,True
22746_920025a0,simple_rotor,3,23502_5a80f907,medium_rotor,1.0,False
22746_920025a0,simple_rotor,4,23048_8a1a5553,high_complexity_rotor,1.0,False
22746_920025a0,simple_rotor,5,22528_f3370a64,high_complexity_rotor,1.0,False
22746_920025a0,simple_rotor,6,20322_5a8c6077,medium_rotor,1.0,False
22746_920025a0,simple_rotor,7,20231_f54462bb,simple_rotor,1.0,True
22746_920025a0,simple_rotor,8,21884_cc2c39f9,medium_rotor,1.0,False
22746_920025a0,simple_rotor,9,22405_20f11d58,high_complexity_rotor,1.0,False
22746_920025a0,simple_rotor,10,21274_2fb8c3f5,simple_rotor,1.0,True
20429_9dd95c38,simple_rotor,1,21257_770fee9a,simple_rotor,1.0,True
20429_9dd95c38,simple_rotor,2,22047_5a090f16,simple_rotor,1.0,True
20429_9dd95c38,simple_rotor,3,22154_24342da4,simple_rotor,1.0,True
20429_9dd95c38,simple_rotor,4,20551_ff28a959,simple_rotor,1.0,True
20429_9dd95c38,simple_rotor,5,22886_a6331748,symmetric_rotor,1.0,False
20429_9dd95c38,simple_rotor,6,22140_9cda24cc,simple_rotor,1.0,True
20429_9dd95c38,simple_rotor,7,23102_211ad1db,symmetric_rotor,1.0,False
20429_9dd95c38,simple_rotor,8,20429_419c4cdd,simple_rotor,1.0,True
20429_9dd95c38,simple_rotor,9,20680_b095cb77,symmetric_rotor,1.0,False
20429_9dd95c38,simple_rotor,10,22129_48b47c52,simple_rotor,1.0,True
20806_ca60b7ae,simple_rotor,1,21257_770fee9a,simple_rotor,1.0,True
20806_ca60b7ae,simple_rotor,2,22047_5a090f16,simple_rotor,1.0,True
20806_ca60b7ae,simple_rotor,3,22154_24342da4,simple_rotor,1.0,True
20806_ca60b7ae,simple_rotor,4,20551_ff28a959,simple_rotor,1.0,True
20806_ca60b7ae,simple_rotor,5,22886_a6331748,symmetric_rotor,1.0,False
20806_ca60b7ae,simple_rotor,6,22140_9cda24cc,simple_rotor,1.0,True
20806_ca60b7ae,simple_rotor,7,23102_211ad1db,symmetric_rotor,1.0,False
20806_ca60b7ae,simple_rotor,8,20429_419c4cdd,simple_rotor,1.0,True
20806_ca60b7ae,simple_rotor,9,20680_b095cb77,symmetric_rotor,1.0,False
20806_ca60b7ae,simple_rotor,10,22129_48b47c52,simple_rotor,1.0,True
23178_eb4b4280,symmetric_rotor,1,21497_9833a679,symmetric_rotor,1.0,True
23178_eb4b4280,symmetric_rotor,2,20438_5f344b00,simple_rotor,1.0,False
23178_eb4b4280,symmetric_rotor,3,21810_718ae2fe,simple_rotor,1.0,False
23178_eb4b4280,symmetric_rotor,4,23259_d655fcc1,symmetric_rotor,1.0,True
23178_eb4b4280,symmetric_rotor,5,21271_ec7f62b8,symmetric_rotor,0.999999,True
23178_eb4b4280,symmetric_rotor,6,23438_b1ef78f4,symmetric_rotor,0.999999,True
23178_eb4b4280,symmetric_rotor,7,22434_2ad62ed6,symmetric_rotor,0.999999,True
23178_eb4b4280,symmetric_rotor,8,20225_4ce6d59b,symmetric_rotor,0.999999,True
23178_eb4b4280,symmetric_rotor,9,22659_0e686e14,symmetric_rotor,0.999999,True
23178_eb4b4280,symmetric_rotor,10,21692_777db9e2,symmetric_rotor,0.999999,True
21478_8fbd4409,symmetric_rotor,1,20384_767d849a,simple_rotor,1.0,False
21478_8fbd4409,symmetric_rotor,2,22236_db209dff,simple_rotor,1.0,False
21478_8fbd4409,symmetric_rotor,3,21037_62248d34,symmetric_rotor,1.0,True
21478_8fbd4409,symmetric_rotor,4,22049_4da0d894,symmetric_rotor,0.999999,True
21478_8fbd4409,symmetric_rotor,5,22331_152ee5c0,high_complexity_rotor,0.999999,False
21478_8fbd4409,symmetric_rotor,6,21448_5646a1b6,simple_rotor,0.999989,False
21478_8fbd4409,symmetric_rotor,7,22399_97987ada,symmetric_rotor,0.99998,True
21478_8fbd4409,symmetric_rotor,8,22706_58a933f4,symmetric_rotor,0.999977,True
21478_8fbd4409,symmetric_rotor,9,21825_ce32b0a0,simple_rotor,0.999977,False
21478_8fbd4409,symmetric_rotor,10,22080_594bcb66,symmetric_rotor,0.999977,True
23511_8651ac1f,high_complexity_rotor,1,21982_bdafa78d,symmetric_rotor,0.993942,False
23511_8651ac1f,high_complexity_rotor,2,22415_658c81dd,complex_assembly,0.979158,False
23511_8651ac1f,high_complexity_rotor,3,20245_f1b25d43,high_complexity_rotor,0.97709,True
23511_8651ac1f,high_complexity_rotor,4,23154_7c74d190,high_complexity_rotor,0.973629,True
23511_8651ac1f,high_complexity_rotor,5,21924_bbd9f7a9,high_complexity_rotor,0.972368,True
23511_8651ac1f,high_complexity_rotor,6,22717_08784417,complex_assembly,0.969733,False
23511_8651ac1f,high_complexity_rotor,7,23310_7daded69,high_complexity_rotor,0.959802,True
23511_8651ac1f,high_complexity_rotor,8,22428_c1ffa51a,high_complexity_rotor,0.958192,True
23511_8651ac1f,high_complexity_rotor,9,23378_8d6426ae,high_complexity_rotor,0.957323,True
23511_8651ac1f,high_complexity_rotor,10,20959_d4905d19,high_complexity_rotor,0.955733,True
22372_e91792a1,medium_rotor,1,22680_1f4026f6,medium_rotor,1.0,True
22372_e91792a1,medium_rotor,2,22832_731d3b9f,medium_rotor,1.0,True
22372_e91792a1,medium_rotor,3,23376_9b48819a,high_complexity_rotor,0.999962,False
22372_e91792a1,medium_rotor,4,23331_192866b6,medium_rotor,0.999896,True
22372_e91792a1,medium_rotor,5,23204_ff1672a9,complex_assembly,0.999653,False
22372_e91792a1,medium_rotor,6,22987_37973191,medium_rotor,0.999131,True
22372_e91792a1,medium_rotor,7,20668_b2f2633e,high_complexity_rotor,0.998911,False
22372_e91792a1,medium_rotor,8,21425_d0d47a2a,high_complexity_rotor,0.998911,False
22372_e91792a1,medium_rotor,9,22483_f4e4b62a,complex_assembly,0.99833,False
22372_e91792a1,medium_rotor,10,22376_3ebc82a2,medium_rotor,0.998247,True
21634_e5e20375,simple_rotor,1,20672_0bc07cce,simple_rotor,1.0,True
21634_e5e20375,simple_rotor,2,22843_ff77027f,simple_rotor,1.0,True
21634_e5e20375,simple_rotor,3,23502_5a80f907,medium_rotor,1.0,False
21634_e5e20375,simple_rotor,4,23048_8a1a5553,high_complexity_rotor,1.0,False
21634_e5e20375,simple_rotor,5,22528_f3370a64,high_complexity_rotor,1.0,False
21634_e5e20375,simple_rotor,6,20322_5a8c6077,medium_rotor,1.0,False
21634_e5e20375,simple_rotor,7,20231_f54462bb,simple_rotor,1.0,True
21634_e5e20375,simple_rotor,8,21884_cc2c39f9,medium_rotor,1.0,False
21634_e5e20375,simple_rotor,9,22405_20f11d58,high_complexity_rotor,1.0,False
21634_e5e20375,simple_rotor,10,21274_2fb8c3f5,simple_rotor,1.0,True
22430_c6f08b03,complex_assembly,1,21588_0c48dc5f,simple_rotor,0.999994,False
22430_c6f08b03,complex_assembly,2,21816_3891a442,medium_rotor,0.999968,False
22430_c6f08b03,complex_assembly,3,22533_e7298b05,complex_assembly,0.999963,True
22430_c6f08b03,complex_assembly,4,22323_aa6edb8b,medium_rotor,0.999887,False
22430_c6f08b03,complex_assembly,5,20701_6dcbc975,high_complexity_rotor,0.999872,False
22430_c6f08b03,complex_assembly,6,22045_ead71aca,medium_rotor,0.999796,False
22430_c6f08b03,complex_assembly,7,23341_d5ead6d2,simple_rotor,0.999796,False
22430_c6f08b03,complex_assembly,8,20779_fc5a7c3d,medium_rotor,0.999796,False
22430_c6f08b03,complex_assembly,9,21028_d4d30a2e,medium_rotor,0.999773,False
22430_c6f08b03,complex_assembly,10,22056_79373464,complex_assembly,0.999773,True
22461_0ba0e480,medium_rotor,1,21762_90d34d16,high_complexity_rotor,0.999999,False
22461_0ba0e480,medium_rotor,2,21184_971559b6,simple_rotor,0.999999,False
22461_0ba0e480,medium_rotor,3,21185_ac5324ba,medium_rotor,0.999999,True
22461_0ba0e480,medium_rotor,4,20940_9777847c,simple_rotor,0.999999,False
22461_0ba0e480,medium_rotor,5,21918_976c2754,high_complexity_rotor,0.999997,False
22461_0ba0e480,medium_rotor,6,22002_315afcfc,medium_rotor,0.999997,True
22461_0ba0e480,medium_rotor,7,23493_57512264,medium_rotor,0.999997,True
22461_0ba0e480,medium_rotor,8,23323_075a079e,medium_rotor,0.999995,True
22461_0ba0e480,medium_rotor,9,22776_facf9bcf,medium_rotor,0.999995,True
22461_0ba0e480,medium_rotor,10,21009_907a2a95,medium_rotor,0.999992,True
23305_2662b29a,medium_rotor,1,21621_711e1918,medium_rotor,0.999954,True
23305_2662b29a,medium_rotor,2,22078_1758e9fc,medium_rotor,0.999953,True
23305_2662b29a,medium_rotor,3,22017_6d3be48d,medium_rotor,0.999953,True
23305_2662b29a,medium_rotor,4,20841_1620ae7d,simple_rotor,0.999953,False
23305_2662b29a,medium_rotor,5,23162_7e2f3d77,complex_assembly,0.999953,False
23305_2662b29a,medium_rotor,6,23374_57cca189,medium_rotor,0.999953,True
23305_2662b29a,medium_rotor,7,22014_5880c417,simple_rotor,0.999953,False
23305_2662b29a,medium_rotor,8,21424_9d516e3a,medium_rotor,0.999953,True
23305_2662b29a,medium_rotor,9,22862_f5406bb0,simple_rotor,0.999953,False
23305_2662b29a,medium_rotor,10,21357_9edfc0a0,simple_rotor,0.999953,False
23163_7b143a6f,simple_rotor,1,20672_0bc07cce,simple_rotor,1.0,True
23163_7b143a6f,simple_rotor,2,22843_ff77027f,simple_rotor,1.0,True
23163_7b143a6f,simple_rotor,3,23502_5a80f907,medium_rotor,1.0,False
23163_7b143a6f,simple_rotor,4,23048_8a1a5553,high_complexity_rotor,1.0,False
23163_7b143a6f,simple_rotor,5,22528_f3370a64,high_complexity_rotor,1.0,False
23163_7b143a6f,simple_rotor,6,20322_5a8c6077,medium_rotor,1.0,False
23163_7b143a6f,simple_rotor,7,20231_f54462bb,simple_rotor,1.0,True
23163_7b143a6f,simple_rotor,8,21884_cc2c39f9,medium_rotor,1.0,False
23163_7b143a6f,simple_rotor,9,22405_20f11d58,high_complexity_rotor,1.0,False
23163_7b143a6f,simple_rotor,10,21274_2fb8c3f5,simple_rotor,1.0,True
20970_d20c6c35,symmetric_rotor,1,21511_d07c59c2,high_complexity_rotor,0.999999,False
20970_d20c6c35,symmetric_rotor,2,23127_38d73061,symmetric_rotor,0.999977,True
20970_d20c6c35,symmetric_rotor,3,21805_2ba39d00,high_complexity_rotor,0.999976,False
20970_d20c6c35,symmetric_rotor,4,23467_9f431540,high_complexity_rotor,0.999976,False
20970_d20c6c35,symmetric_rotor,5,21176_b5c72bfb,symmetric_rotor,0.999976,True
20970_d20c6c35,symmetric_rotor,6,7780_6c885e81,symmetric_rotor,0.999972,True
20970_d20c6c35,symmetric_rotor,7,22894_5f7c276d,high_complexity_rotor,0.999972,False
20970_d20c6c35,symmetric_rotor,8,23221_42f37ae3,symmetric_rotor,0.999969,True
20970_d20c6c35,symmetric_rotor,9,20737_5249e274,high_complexity_rotor,0.999909,False
20970_d20c6c35,symmetric_rotor,10,20758_cdccf572,simple_rotor,0.999908,False
23218_02d26ab4,simple_rotor,1,23236_d5867507,simple_rotor,0.999997,True
23218_02d26ab4,simple_rotor,2,23132_1847c4ef,medium_rotor,0.999997,False
23218_02d26ab4,simple_rotor,3,23210_f535bfd2,simple_rotor,0.999997,True
23218_02d26ab4,simple_rotor,4,20232_e5b060d9,simple_rotor,0.999997,True
23218_02d26ab4,simple_rotor,5,21236_b696e901,complex_assembly,0.999978,False
23218_02d26ab4,simple_rotor,6,23342_7193a931,simple_rotor,0.999976,True
23218_02d26ab4,simple_rotor,7,22980_3cb3bcc8,medium_rotor,0.999976,False
23218_02d26ab4,simple_rotor,8,22341_0f9c52ed,medium_rotor,0.999972,False
23218_02d26ab4,simple_rotor,9,20899_a8d7c6d5,medium_rotor,0.999964,False
23218_02d26ab4,simple_rotor,10,20989_d1b8b0f8,medium_rotor,0.999957,False
22987_37973191,medium_rotor,1,23204_ff1672a9,complex_assembly,0.999882,False
22987_37973191,medium_rotor,2,23331_192866b6,medium_rotor,0.999628,True
22987_37973191,medium_rotor,3,7778_3a9748b3,complex_assembly,0.999577,False
22987_37973191,medium_rotor,4,23368_648717d8,medium_rotor,0.999459,True
22987_37973191,medium_rotor,5,23376_9b48819a,high_complexity_rotor,0.999456,False
22987_37973191,medium_rotor,6,22832_731d3b9f,medium_rotor,0.999131,True
22987_37973191,medium_rotor,7,22372_e91792a1,medium_rotor,0.999131,True
22987_37973191,medium_rotor,8,22680_1f4026f6,medium_rotor,0.999131,True
22987_37973191,medium_rotor,9,21425_d0d47a2a,high_complexity_rotor,0.996098,False
22987_37973191,medium_rotor,10,20668_b2f2633e,high_complexity_rotor,0.996098,False
22147_12995368,simple_rotor,1,20807_88c198d5,simple_rotor,1.0,True
22147_12995368,simple_rotor,2,23103_43bde2a6,simple_rotor,1.0,True
22147_12995368,simple_rotor,3,20477_633cca4f,high_complexity_rotor,1.0,False
22147_12995368,simple_rotor,4,22311_553b3456,symmetric_rotor,1.0,False
22147_12995368,simple_rotor,5,20451_84d8b290,simple_rotor,1.0,True
22147_12995368,simple_rotor,6,22057_4947db57,symmetric_rotor,1.0,False
22147_12995368,simple_rotor,7,20822_5bb36119,simple_rotor,1.0,True
22147_12995368,simple_rotor,8,20926_4c0f33f6,symmetric_rotor,1.0,False
22147_12995368,simple_rotor,9,20620_8a5226b4,high_complexity_rotor,1.0,False
22147_12995368,simple_rotor,10,22762_dcbdd14d,symmetric_rotor,1.0,False
21552_4e9c19b1,medium_rotor,1,21979_29f59427,high_complexity_rotor,1.0,False
21552_4e9c19b1,medium_rotor,2,21352_d60bc953,complex_assembly,1.0,False
21552_4e9c19b1,medium_rotor,3,21718_1551037b,complex_assembly,0.999774,False
21552_4e9c19b1,medium_rotor,4,21941_1a683ec2,complex_assembly,0.999747,False
21552_4e9c19b1,medium_rotor,5,22378_234fea2c,simple_rotor,0.999577,False
21552_4e9c19b1,medium_rotor,6,20186_f66e4ad3,simple_rotor,0.999577,False
21552_4e9c19b1,medium_rotor,7,23215_08a54de0,simple_rotor,0.999577,False
21552_4e9c19b1,medium_rotor,8,20671_33532794,simple_rotor,0.999577,False
21552_4e9c19b1,medium_rotor,9,21165_5cb2d287,simple_rotor,0.999577,False
21552_4e9c19b1,medium_rotor,10,20436_41b730a3,simple_rotor,0.999577,False
21582_a3d32115,complex_assembly,1,21545_4384f96e,complex_assembly,0.999999,True
21582_a3d32115,complex_assembly,2,22778_7d85debd,medium_rotor,0.999999,False
21582_a3d32115,complex_assembly,3,22981_93f268ae,simple_rotor,0.999999,False
21582_a3d32115,complex_assembly,4,23245_ccd099b6,medium_rotor,0.999998,False
21582_a3d32115,complex_assembly,5,23235_f9ccb8b0,complex_assembly,0.999997,True
21582_a3d32115,complex_assembly,6,21539_cfe1f7fd,medium_rotor,0.999995,False
21582_a3d32115,complex_assembly,7,22232_cb53774e,medium_rotor,0.999987,False
21582_a3d32115,complex_assembly,8,22228_1c82530b,medium_rotor,0.999976,False
21582_a3d32115,complex_assembly,9,23194_b675acc0,simple_rotor,0.999972,False
21582_a3d32115,complex_assembly,10,20952_b8a54213,complex_assembly,0.999964,True
21911_429c1a72,simple_rotor,1,22787_49022c32,complex_assembly,0.99991,False
21911_429c1a72,simple_rotor,2,21994_357aac6f,simple_rotor,0.999757,True
21911_429c1a72,simple_rotor,3,22085_e039a7d3,medium_rotor,0.999438,False
21911_429c1a72,simple_rotor,4,20341_6a1588fb,simple_rotor,0.999258,True
21911_429c1a72,simple_rotor,5,20756_75f43564,simple_rotor,0.999258,True
21911_429c1a72,simple_rotor,6,20814_5a2be0fb,simple_rotor,0.999258,True
21911_429c1a72,simple_rotor,7,22377_d490f505,simple_rotor,0.999258,True
21911_429c1a72,simple_rotor,8,20994_9c88b1ba,simple_rotor,0.999258,True
21911_429c1a72,simple_rotor,9,20803_473c87ac,simple_rotor,0.999258,True
21911_429c1a72,simple_rotor,10,20340_86125547,simple_rotor,0.999258,True
20657_913a7675,medium_rotor,1,20672_0bc07cce,simple_rotor,1.0,False
20657_913a7675,medium_rotor,2,22843_ff77027f,simple_rotor,1.0,False
20657_913a7675,medium_rotor,3,23502_5a80f907,medium_rotor,1.0,True
20657_913a7675,medium_rotor,4,23048_8a1a5553,high_complexity_rotor,1.0,False
20657_913a7675,medium_rotor,5,22528_f3370a64,high_complexity_rotor,1.0,False
20657_913a7675,medium_rotor,6,20322_5a8c6077,medium_rotor,1.0,True
20657_913a7675,medium_rotor,7,20231_f54462bb,simple_rotor,1.0,False
20657_913a7675,medium_rotor,8,21884_cc2c39f9,medium_rotor,1.0,True
20657_913a7675,medium_rotor,9,22405_20f11d58,high_complexity_rotor,1.0,False
20657_913a7675,medium_rotor,10,21274_2fb8c3f5,simple_rotor,1.0,False
21926_b4c7068b,high_complexity_rotor,1,20672_0bc07cce,simple_rotor,1.0,False
21926_b4c7068b,high_complexity_rotor,2,22843_ff77027f,simple_rotor,1.0,False
21926_b4c7068b,high_complexity_rotor,3,23502_5a80f907,medium_rotor,1.0,False
21926_b4c7068b,high_complexity_rotor,4,23048_8a1a5553,high_complexity_rotor,1.0,True
21926_b4c7068b,high_complexity_rotor,5,22528_f3370a64,high_complexity_rotor,1.0,True
21926_b4c7068b,high_complexity_rotor,6,20322_5a8c6077,medium_rotor,1.0,False
21926_b4c7068b,high_complexity_rotor,7,20231_f54462bb,simple_rotor,1.0,False
21926_b4c7068b,high_complexity_rotor,8,21884_cc2c39f9,medium_rotor,1.0,False
21926_b4c7068b,high_complexity_rotor,9,22405_20f11d58,high_complexity_rotor,1.0,True
21926_b4c7068b,high_complexity_rotor,10,21274_2fb8c3f5,simple_rotor,1.0,False
22732_cd2af0ac,simple_rotor,1,20672_0bc07cce,simple_rotor,1.0,True
22732_cd2af0ac,simple_rotor,2,22843_ff77027f,simple_rotor,1.0,True
22732_cd2af0ac,simple_rotor,3,23502_5a80f907,medium_rotor,1.0,False
22732_cd2af0ac,simple_rotor,4,23048_8a1a5553,high_complexity_rotor,1.0,False
22732_cd2af0ac,simple_rotor,5,22528_f3370a64,high_complexity_rotor,1.0,False
22732_cd2af0ac,simple_rotor,6,20322_5a8c6077,medium_rotor,1.0,False
22732_cd2af0ac,simple_rotor,7,20231_f54462bb,simple_rotor,1.0,True
22732_cd2af0ac,simple_rotor,8,21884_cc2c39f9,medium_rotor,1.0,False
22732_cd2af0ac,simple_rotor,9,22405_20f11d58,high_complexity_rotor,1.0,False
22732_cd2af0ac,simple_rotor,10,21274_2fb8c3f5,simple_rotor,1.0,True
21049_f644930a,medium_rotor,1,20672_0bc07cce,simple_rotor,1.0,False
21049_f644930a,medium_rotor,2,22843_ff77027f,simple_rotor,1.0,False
21049_f644930a,medium_rotor,3,23502_5a80f907,medium_rotor,1.0,True
21049_f644930a,medium_rotor,4,23048_8a1a5553,high_complexity_rotor,1.0,False
21049_f644930a,medium_rotor,5,22528_f3370a64,high_complexity_rotor,1.0,False
21049_f644930a,medium_rotor,6,20322_5a8c6077,medium_rotor,1.0,True
21049_f644930a,medium_rotor,7,20231_f54462bb,simple_rotor,1.0,False
21049_f644930a,medium_rotor,8,21884_cc2c39f9,medium_rotor,1.0,True
21049_f644930a,medium_rotor,9,22405_20f11d58,high_complexity_rotor,1.0,False
21049_f644930a,medium_rotor,10,21274_2fb8c3f5,simple_rotor,1.0,False
22345_bc482c26,medium_rotor,1,20672_0bc07cce,simple_rotor,1.0,False
22345_bc482c26,medium_rotor,2,22843_ff77027f,simple_rotor,1.0,False
22345_bc482c26,medium_rotor,3,23502_5a80f907,medium_rotor,1.0,True
22345_bc482c26,medium_rotor,4,23048_8a1a5553,high_complexity_rotor,1.0,False
22345_bc482c26,medium_rotor,5,22528_f3370a64,high_complexity_rotor,1.0,False
22345_bc482c26,medium_rotor,6,20322_5a8c6077,medium_rotor,1.0,True
22345_bc482c26,medium_rotor,7,20231_f54462bb,simple_rotor,1.0,False
22345_bc482c26,medium_rotor,8,21884_cc2c39f9,medium_rotor,1.0,True
22345_bc482c26,medium_rotor,9,22405_20f11d58,high_complexity_rotor,1.0,False
22345_bc482c26,medium_rotor,10,21274_2fb8c3f5,simple_rotor,1.0,False
21697_06656699,high_complexity_rotor,1,22638_37f9fe91,symmetric_rotor,0.999978,False
21697_06656699,high_complexity_rotor,2,21709_4dd88551,high_complexity_rotor,0.999978,True
21697_06656699,high_complexity_rotor,3,22414_14ead4a3,symmetric_rotor,0.999969,False
21697_06656699,high_complexity_rotor,4,20279_aed6b3b3,high_complexity_rotor,0.99994,True
21697_06656699,high_complexity_rotor,5,23233_ac09e2e5,high_complexity_rotor,0.999909,True
21697_06656699,high_complexity_rotor,6,21836_5bc91e49,symmetric_rotor,0.99989,False
21697_06656699,high_complexity_rotor,7,22654_4c426b0f,symmetric_rotor,0.999766,False
21697_06656699,high_complexity_rotor,8,23258_87a2ba81,high_complexity_rotor,0.999718,True
21697_06656699,high_complexity_rotor,9,22095_af226cbc,symmetric_rotor,0.999697,False
21697_06656699,high_complexity_rotor,10,22652_dc7405ef,high_complexity_rotor,0.999623,True
20412_42170125,simple_rotor,1,21700_28d193ac,high_complexity_rotor,0.0,False
20412_42170125,simple_rotor,2,21563_c72d37a2,medium_rotor,0.0,False
20412_42170125,simple_rotor,3,20341_6a1588fb,simple_rotor,0.0,True
20412_42170125,simple_rotor,4,22652_dc7405ef,high_complexity_rotor,0.0,False
20412_42170125,simple_rotor,5,21974_1997ebc3,medium_rotor,0.0,False
20412_42170125,simple_rotor,6,21614_5d6afa62,simple_rotor,0.0,True
20412_42170125,simple_rotor,7,21051_5d118b91,simple_rotor,0.0,True
20412_42170125,simple_rotor,8,21570_9cb1d1c4,simple_rotor,0.0,True
20412_42170125,simple_rotor,9,22900_09de4c7a,high_complexity_rotor,0.0,False
20412_42170125,simple_rotor,10,21619_19435db0,simple_rotor,0.0,True
21845_dff8b3a1,high_complexity_rotor,1,22812_cf865ed1,symmetric_rotor,0.999999,False
21845_dff8b3a1,high_complexity_rotor,2,21843_effbd24d,high_complexity_rotor,0.999999,True
21845_dff8b3a1,high_complexity_rotor,3,21081_72fa4ad1,high_complexity_rotor,0.999999,True
21845_dff8b3a1,high_complexity_rotor,4,20585_09b72895,symmetric_rotor,0.999995,False
21845_dff8b3a1,high_complexity_rotor,5,22168_a84560a9,high_complexity_rotor,0.999989,True
21845_dff8b3a1,high_complexity_rotor,6,22561_067b78ae,symmetric_rotor,0.999989,False
21845_dff8b3a1,high_complexity_rotor,7,21828_21ab2114,symmetric_rotor,0.99998,False
21845_dff8b3a1,high_complexity_rotor,8,21838_5bc448b4,high_complexity_rotor,0.99998,True
21845_dff8b3a1,high_complexity_rotor,9,20419_8ce893b6,symmetric_rotor,0.99998,False
21845_dff8b3a1,high_complexity_rotor,10,21840_6847d36c,symmetric_rotor,0.99998,False
23083_fdb942ac,high_complexity_rotor,1,20672_0bc07cce,simple_rotor,1.0,False
23083_fdb942ac,high_complexity_rotor,2,22843_ff77027f,simple_rotor,1.0,False
23083_fdb942ac,high_complexity_rotor,3,23502_5a80f907,medium_rotor,1.0,False
23083_fdb942ac,high_complexity_rotor,4,23048_8a1a5553,high_complexity_rotor,1.0,True
23083_fdb942ac,high_complexity_rotor,5,22528_f3370a64,high_complexity_rotor,1.0,True
23083_fdb942ac,high_complexity_rotor,6,20322_5a8c6077,medium_rotor,1.0,False
23083_fdb942ac,high_complexity_rotor,7,20231_f54462bb,simple_rotor,1.0,False
23083_fdb942ac,high_complexity_rotor,8,21884_cc2c39f9,medium_rotor,1.0,False
23083_fdb942ac,high_complexity_rotor,9,22405_20f11d58,high_complexity_rotor,1.0,True
23083_fdb942ac,high_complexity_rotor,10,21274_2fb8c3f5,simple_rotor,1.0,False
22050_e8702dd4,symmetric_rotor,1,21977_ce9f4e71,high_complexity_rotor,0.999999,False
22050_e8702dd4,symmetric_rotor,2,23320_e0711ae9,symmetric_rotor,0.999999,True
22050_e8702dd4,symmetric_rotor,3,21352_c1101acb,high_complexity_rotor,0.999999,False
22050_e8702dd4,symmetric_rotor,4,21490_d07ff9f8,symmetric_rotor,0.999977,True
22050_e8702dd4,symmetric_rotor,5,21467_67965037,symmetric_rotor,0.999977,True
22050_e8702dd4,symmetric_rotor,6,22259_613f9d44,symmetric_rotor,0.999976,True
22050_e8702dd4,symmetric_rotor,7,21551_c6c2d516,high_complexity_rotor,0.999976,False
22050_e8702dd4,symmetric_rotor,8,21384_b9774b93,simple_rotor,0.999976,False
22050_e8702dd4,symmetric_rotor,9,22283_36ba29c9,simple_rotor,0.999972,False
22050_e8702dd4,symmetric_rotor,10,21564_fa5b2db7,simple_rotor,0.999972,False
21495_ebbbd369,simple_rotor,1,20672_0bc07cce,simple_rotor,1.0,True
21495_ebbbd369,simple_rotor,2,22843_ff77027f,simple_rotor,1.0,True
21495_ebbbd369,simple_rotor,3,23502_5a80f907,medium_rotor,1.0,False
21495_ebbbd369,simple_rotor,4,23048_8a1a5553,high_complexity_rotor,1.0,False
21495_ebbbd369,simple_rotor,5,22528_f3370a64,high_complexity_rotor,1.0,False
21495_ebbbd369,simple_rotor,6,20322_5a8c6077,medium_rotor,1.0,False
21495_ebbbd369,simple_rotor,7,20231_f54462bb,simple_rotor,1.0,True
21495_ebbbd369,simple_rotor,8,21884_cc2c39f9,medium_rotor,1.0,False
21495_ebbbd369,simple_rotor,9,22405_20f11d58,high_complexity_rotor,1.0,False
21495_ebbbd369,simple_rotor,10,21274_2fb8c3f5,simple_rotor,1.0,True
22140_9cda24cc,simple_rotor,1,21257_770fee9a,simple_rotor,1.0,True
22140_9cda24cc,simple_rotor,2,22047_5a090f16,simple_rotor,1.0,True
22140_9cda24cc,simple_rotor,3,22154_24342da4,simple_rotor,1.0,True
22140_9cda24cc,simple_rotor,4,20551_ff28a959,simple_rotor,1.0,True
22140_9cda24cc,simple_rotor,5,22886_a6331748,symmetric_rotor,1.0,False
22140_9cda24cc,simple_rotor,6,23102_211ad1db,symmetric_rotor,1.0,False
22140_9cda24cc,simple_rotor,7,20429_419c4cdd,simple_rotor,1.0,True
22140_9cda24cc,simple_rotor,8,20680_b095cb77,symmetric_rotor,1.0,False
22140_9cda24cc,simple_rotor,9,22129_48b47c52,simple_rotor,1.0,True
22140_9cda24cc,simple_rotor,10,21665_2e14b6ff,simple_rotor,1.0,True
23035_6087bb57,medium_rotor,1,20672_0bc07cce,simple_rotor,1.0,False
23035_6087bb57,medium_rotor,2,22843_ff77027f,simple_rotor,1.0,False
23035_6087bb57,medium_rotor,3,23502_5a80f907,medium_rotor,1.0,True
23035_6087bb57,medium_rotor,4,23048_8a1a5553,high_complexity_rotor,1.0,False
23035_6087bb57,medium_rotor,5,22528_f3370a64,high_complexity_rotor,1.0,False
23035_6087bb57,medium_rotor,6,20322_5a8c6077,medium_rotor,1.0,True
23035_6087bb57,medium_rotor,7,20231_f54462bb,simple_rotor,1.0,False
23035_6087bb57,medium_rotor,8,21884_cc2c39f9,medium_rotor,1.0,True
23035_6087bb57,medium_rotor,9,22405_20f11d58,high_complexity_rotor,1.0,False
23035_6087bb57,medium_rotor,10,21274_2fb8c3f5,simple_rotor,1.0,False
21836_5bc91e49,symmetric_rotor,1,22414_14ead4a3,symmetric_rotor,0.999909,True
21836_5bc91e49,symmetric_rotor,2,21697_06656699,high_complexity_rotor,0.99989,False
21836_5bc91e49,symmetric_rotor,3,22652_dc7405ef,high_complexity_rotor,0.999833,False
21836_5bc91e49,symmetric_rotor,4,22638_37f9fe91,symmetric_rotor,0.999778,True
21836_5bc91e49,symmetric_rotor,5,21709_4dd88551,high_complexity_rotor,0.999778,False
21836_5bc91e49,symmetric_rotor,6,20279_aed6b3b3,high_complexity_rotor,0.999761,False
21836_5bc91e49,symmetric_rotor,7,20502_58b65de9,symmetric_rotor,0.999756,True
21836_5bc91e49,symmetric_rotor,8,21797_69df08d5,high_complexity_rotor,0.999701,False
21836_5bc91e49,symmetric_rotor,9,23233_ac09e2e5,high_complexity_rotor,0.999609,False
21836_5bc91e49,symmetric_rotor,10,22654_4c426b0f,symmetric_rotor,0.999437,True
21539_cfe1f7fd,medium_rotor,1,22778_7d85debd,medium_rotor,0.999999,True
21539_cfe1f7fd,medium_rotor,2,22981_93f268ae,simple_rotor,0.999999,False
21539_cfe1f7fd,medium_rotor,3,21545_4384f96e,complex_assembly,0.999999,False
21539_cfe1f7fd,medium_rotor,4,22232_cb53774e,medium_rotor,0.999998,True
21539_cfe1f7fd,medium_rotor,5,21582_a3d32115,complex_assembly,0.999995,False
21539_cfe1f7fd,medium_rotor,6,23194_b675acc0,simple_rotor,0.99999,False
21539_cfe1f7fd,medium_rotor,7,23245_ccd099b6,medium_rotor,0.999988,True
21539_cfe1f7fd,medium_rotor,8,20952_b8a54213,complex_assembly,0.999986,False
21539_cfe1f7fd,medium_rotor,9,23235_f9ccb8b0,complex_assembly,0.999985,False
21539_cfe1f7fd,medium_rotor,10,22266_078a1f68,medium_rotor,0.999983,True
21626_b34008e6,medium_rotor,1,21513_50fb4d62,medium_rotor,1.0,True
21626_b34008e6,medium_rotor,2,20495_e8e7e80c,simple_rotor,1.0,False
21626_b34008e6,medium_rotor,3,22581_406c16c4,complex_assembly,0.999999,False
21626_b34008e6,medium_rotor,4,20505_017d4cc4,medium_rotor,0.999988,True
21626_b34008e6,medium_rotor,5,20504_c9e14c9d,medium_rotor,0.999971,True
21626_b34008e6,medium_rotor,6,20789_1809f41f,medium_rotor,0.999971,True
21626_b34008e6,medium_rotor,7,22670_9353c710,complex_assembly,0.999971,False
21626_b34008e6,medium_rotor,8,20165_2b088be5,high_complexity_rotor,0.999971,False
21626_b34008e6,medium_rotor,9,20787_ed64ff5e,complex_assembly,0.999967,False
21626_b34008e6,medium_rotor,10,23209_1592b0a4,simple_rotor,0.999942,False
21862_ec534e16,simple_rotor,1,20421_0fd51709,high_complexity_rotor,1.0,False
21862_ec534e16,simple_rotor,2,21248_0a862e3e,symmetric_rotor,1.0,False
21862_ec534e16,simple_rotor,3,21961_1a090a8b,symmetric_rotor,1.0,False
21862_ec534e16,simple_rotor,4,20731_fbdc7731,simple_rotor,1.0,True
21862_ec534e16,simple_rotor,5,22983_0ab3faaf,symmetric_rotor,1.0,False
21862_ec534e16,simple_rotor,6,22367_b4a67e61,simple_rotor,1.0,True
21862_ec534e16,simple_rotor,7,22893_eb8aa8ac,high_complexity_rotor,1.0,False
21862_ec534e16,simple_rotor,8,22136_a539c50b,simple_rotor,1.0,True
21862_ec534e16,simple_rotor,9,22508_6bb410af,simple_rotor,1.0,True
21862_ec534e16,simple_rotor,10,22365_a4eb929c,symmetric_rotor,1.0,False
21451_fea6f0d1,simple_rotor,1,20951_2918f2fa,simple_rotor,1.0,True
21451_fea6f0d1,simple_rotor,2,22135_2aa77ff2,simple_rotor,1.0,True
21451_fea6f0d1,simple_rotor,3,20241_8c0d3f83,simple_rotor,1.0,True
21451_fea6f0d1,simple_rotor,4,21422_b2a6bf27,simple_rotor,1.0,True
21451_fea6f0d1,simple_rotor,5,20241_ccb70dc8,simple_rotor,1.0,True
21451_fea6f0d1,simple_rotor,6,21776_fb0bfbc6,simple_rotor,1.0,True
21451_fea6f0d1,simple_rotor,7,21911_429c1a72,simple_rotor,0.996986,True
21451_fea6f0d1,simple_rotor,8,22787_49022c32,complex_assembly,0.995854,False
21451_fea6f0d1,simple_rotor,9,21994_357aac6f,simple_rotor,0.995033,True
21451_fea6f0d1,simple_rotor,10,22085_e039a7d3,medium_rotor,0.993825,False
20431_27e7f151,medium_rotor,1,22442_7d5c5d5f,high_complexity_rotor,1.0,False
20431_27e7f151,medium_rotor,2,22681_124bf3a9,medium_rotor,0.999594,True
20431_27e7f151,medium_rotor,3,21719_d60b8a4a,medium_rotor,0.999594,True
20431_27e7f151,medium_rotor,4,20533_0a3e112b,high_complexity_rotor,0.999408,False
20431_27e7f151,medium_rotor,5,20622_38dd90d0,high_complexity_rotor,0.999011,False
20431_27e7f151,medium_rotor,6,20722_90d46353,medium_rotor,0.998088,True
20431_27e7f151,medium_rotor,7,21837_b67d788c,medium_rotor,0.997908,True
20431_27e7f151,medium_rotor,8,20628_e0551f7c,medium_rotor,0.996699,True
20431_27e7f151,medium_rotor,9,23158_c7e753c2,simple_rotor,0.995392,False
20431_27e7f151,medium_rotor,10,20351_dc6e4e1e,complex_assembly,0.99424,False
23493_57512264,medium_rotor,1,22002_315afcfc,medium_rotor,1.0,True
23493_57512264,medium_rotor,2,21918_976c2754,high_complexity_rotor,1.0,False
23493_57512264,medium_rotor,3,22776_facf9bcf,medium_rotor,1.0,True
23493_57512264,medium_rotor,4,21762_90d34d16,high_complexity_rotor,0.999999,False
23493_57512264,medium_rotor,5,21009_907a2a95,medium_rotor,0.999998,True
23493_57512264,medium_rotor,6,22461_0ba0e480,medium_rotor,0.999997,True
23493_57512264,medium_rotor,7,21912_3f74887c,medium_rotor,0.999997,True
23493_57512264,medium_rotor,8,21528_a5d5490f,medium_rotor,0.999997,True
23493_57512264,medium_rotor,9,22126_e1cca10f,medium_rotor,0.999995,True
23493_57512264,medium_rotor,10,20176_a02bde39,medium_rotor,0.999994,True
23170_6ea8ded5,symmetric_rotor,1,22304_33009be6,simple_rotor,1.0,False
23170_6ea8ded5,symmetric_rotor,2,22421_19401bdd,high_complexity_rotor,0.999999,False
23170_6ea8ded5,symmetric_rotor,3,22312_3f366a4a,symmetric_rotor,0.999999,True
23170_6ea8ded5,symmetric_rotor,4,20697_d3e106b4,high_complexity_rotor,0.999999,False
23170_6ea8ded5,symmetric_rotor,5,21958_e48ddf4e,symmetric_rotor,0.999999,True
23170_6ea8ded5,symmetric_rotor,6,22027_11a2e852,high_complexity_rotor,0.999999,False
23170_6ea8ded5,symmetric_rotor,7,23329_6939d5d9,high_complexity_rotor,0.999989,False
23170_6ea8ded5,symmetric_rotor,8,22241_535ad84b,simple_rotor,0.999989,False
23170_6ea8ded5,symmetric_rotor,9,23155_d7305c5f,high_complexity_rotor,0.99998,False
23170_6ea8ded5,symmetric_rotor,10,22141_5db99710,symmetric_rotor,0.99998,True
22747_3f6faf4c,simple_rotor,1,20421_49bd1188,medium_rotor,1.0,False
22747_3f6faf4c,simple_rotor,2,20421_83f66ddc,medium_rotor,1.0,False
22747_3f6faf4c,simple_rotor,3,23039_b3d04774,simple_rotor,1.0,True
22747_3f6faf4c,simple_rotor,4,21745_56cbe841,medium_rotor,1.0,False
22747_3f6faf4c,simple_rotor,5,22298_51433023,complex_assembly,0.999998,False
22747_3f6faf4c,simple_rotor,6,21986_67c5509a,complex_assembly,0.999996,False
22747_3f6faf4c,simple_rotor,7,22228_1c82530b,medium_rotor,0.999984,False
22747_3f6faf4c,simple_rotor,8,20165_2b088be5,high_complexity_rotor,0.999948,False
22747_3f6faf4c,simple_rotor,9,20504_c9e14c9d,medium_rotor,0.999948,False
22747_3f6faf4c,simple_rotor,10,20789_1809f41f,medium_rotor,0.999948,False
20925_dc64a33a,medium_rotor,1,21700_28d193ac,high_complexity_rotor,0.0,False
20925_dc64a33a,medium_rotor,2,21563_c72d37a2,medium_rotor,0.0,True
20925_dc64a33a,medium_rotor,3,20341_6a1588fb,simple_rotor,0.0,False
20925_dc64a33a,medium_rotor,4,22652_dc7405ef,high_complexity_rotor,0.0,False
20925_dc64a33a,medium_rotor,5,21974_1997ebc3,medium_rotor,0.0,True
20925_dc64a33a,medium_rotor,6,21614_5d6afa62,simple_rotor,0.0,False
20925_dc64a33a,medium_rotor,7,21051_5d118b91,simple_rotor,0.0,False
20925_dc64a33a,medium_rotor,8,21570_9cb1d1c4,simple_rotor,0.0,False
20925_dc64a33a,medium_rotor,9,22900_09de4c7a,high_complexity_rotor,0.0,False
20925_dc64a33a,medium_rotor,10,21619_19435db0,simple_rotor,0.0,False
21603_98a15295,symmetric_rotor,1,21564_fa5b2db7,simple_rotor,1.0,False
21603_98a15295,symmetric_rotor,2,22283_36ba29c9,simple_rotor,1.0,False
21603_98a15295,symmetric_rotor,3,20609_69f28932,symmetric_rotor,1.0,True
21603_98a15295,symmetric_rotor,4,21384_b9774b93,simple_rotor,0.999999,False
21603_98a15295,symmetric_rotor,5,21551_c6c2d516,high_complexity_rotor,0.999999,False
21603_98a15295,symmetric_rotor,6,22706_58a933f4,symmetric_rotor,0.999999,True
21603_98a15295,symmetric_rotor,7,22049_4da0d894,symmetric_rotor,0.999977,True
21603_98a15295,symmetric_rotor,8,21352_c1101acb,high_complexity_rotor,0.999976,False
21603_98a15295,symmetric_rotor,9,23320_e0711ae9,symmetric_rotor,0.999976,True
21603_98a15295,symmetric_rotor,10,21977_ce9f4e71,high_complexity_rotor,0.999976,False
23417_9a9e9937,medium_rotor,1,20672_0bc07cce,simple_rotor,1.0,False
23417_9a9e9937,medium_rotor,2,22843_ff77027f,simple_rotor,1.0,False
23417_9a9e9937,medium_rotor,3,23502_5a80f907,medium_rotor,1.0,True
23417_9a9e9937,medium_rotor,4,23048_8a1a5553,high_complexity_rotor,1.0,False
23417_9a9e9937,medium_rotor,5,22528_f3370a64,high_complexity_rotor,1.0,False
23417_9a9e9937,medium_rotor,6,20322_5a8c6077,medium_rotor,1.0,True
23417_9a9e9937,medium_rotor,7,20231_f54462bb,simple_rotor,1.0,False
23417_9a9e9937,medium_rotor,8,21884_cc2c39f9,medium_rotor,1.0,True
23417_9a9e9937,medium_rotor,9,22405_20f11d58,high_complexity_rotor,1.0,False
23417_9a9e9937,medium_rotor,10,21274_2fb8c3f5,simple_rotor,1.0,False
21797_69df08d5,high_complexity_rotor,1,20502_58b65de9,symmetric_rotor,0.999989,False
21797_69df08d5,high_complexity_rotor,2,22652_dc7405ef,high_complexity_rotor,0.999977,True
21797_69df08d5,high_complexity_rotor,3,22065_0d414124,complex_assembly,0.999802,False
21797_69df08d5,high_complexity_rotor,4,21836_5bc91e49,symmetric_rotor,0.999701,False
21797_69df08d5,high_complexity_rotor,5,23273_8f301ce3,complex_assembly,0.999647,False
21797_69df08d5,high_complexity_rotor,6,20818_098cad7c,high_complexity_rotor,0.999484,True
21797_69df08d5,high_complexity_rotor,7,20279_aed6b3b3,high_complexity_rotor,0.999437,True
21797_69df08d5,high_complexity_rotor,8,21697_06656699,high_complexity_rotor,0.999412,True
21797_69df08d5,high_complexity_rotor,9,22414_14ead4a3,symmetric_rotor,0.999321,False
21797_69df08d5,high_complexity_rotor,10,22211_b1ee53f0,complex_assembly,0.999319,False
21991_ab98f156,high_complexity_rotor,1,20246_40be7668,complex_assembly,0.999982,False
21991_ab98f156,high_complexity_rotor,2,21092_32622a83,medium_rotor,0.999982,False
21991_ab98f156,high_complexity_rotor,3,20870_dedaef5b,high_complexity_rotor,0.999908,True
21991_ab98f156,high_complexity_rotor,4,22081_ab3124af,high_complexity_rotor,0.999552,True
21991_ab98f156,high_complexity_rotor,5,23501_6c48b3c1,medium_rotor,0.99946,False
21991_ab98f156,high_complexity_rotor,6,22827_f33929ec,high_complexity_rotor,0.99946,True
21991_ab98f156,high_complexity_rotor,7,21429_6d2d3974,medium_rotor,0.999263,False
21991_ab98f156,high_complexity_rotor,8,21599_80057f94,simple_rotor,0.999057,False
21991_ab98f156,high_complexity_rotor,9,23158_c7e753c2,simple_rotor,0.998396,False
21991_ab98f156,high_complexity_rotor,10,20628_e0551f7c,medium_rotor,0.997452,False
23034_b38134ee,medium_rotor,1,20672_0bc07cce,simple_rotor,1.0,False
23034_b38134ee,medium_rotor,2,22843_ff77027f,simple_rotor,1.0,False
23034_b38134ee,medium_rotor,3,23502_5a80f907,medium_rotor,1.0,True
23034_b38134ee,medium_rotor,4,23048_8a1a5553,high_complexity_rotor,1.0,False
23034_b38134ee,medium_rotor,5,22528_f3370a64,high_complexity_rotor,1.0,False
23034_b38134ee,medium_rotor,6,20322_5a8c6077,medium_rotor,1.0,True
23034_b38134ee,medium_rotor,7,20231_f54462bb,simple_rotor,1.0,False
23034_b38134ee,medium_rotor,8,21884_cc2c39f9,medium_rotor,1.0,True
23034_b38134ee,medium_rotor,9,22405_20f11d58,high_complexity_rotor,1.0,False
23034_b38134ee,medium_rotor,10,21274_2fb8c3f5,simple_rotor,1.0,False
21612_e2981dae,simple_rotor,1,20672_0bc07cce,simple_rotor,1.0,True
21612_e2981dae,simple_rotor,2,22843_ff77027f,simple_rotor,1.0,True
21612_e2981dae,simple_rotor,3,23502_5a80f907,medium_rotor,1.0,False
21612_e2981dae,simple_rotor,4,23048_8a1a5553,high_complexity_rotor,1.0,False
21612_e2981dae,simple_rotor,5,22528_f3370a64,high_complexity_rotor,1.0,False
21612_e2981dae,simple_rotor,6,20322_5a8c6077,medium_rotor,1.0,False
21612_e2981dae,simple_rotor,7,20231_f54462bb,simple_rotor,1.0,True
21612_e2981dae,simple_rotor,8,21884_cc2c39f9,medium_rotor,1.0,False
21612_e2981dae,simple_rotor,9,22405_20f11d58,high_complexity_rotor,1.0,False
21612_e2981dae,simple_rotor,10,21274_2fb8c3f5,simple_rotor,1.0,True
21785_d595ced5,simple_rotor,1,20672_0bc07cce,simple_rotor,1.0,True
21785_d595ced5,simple_rotor,2,22843_ff77027f,simple_rotor,1.0,True
21785_d595ced5,simple_rotor,3,23502_5a80f907,medium_rotor,1.0,False
21785_d595ced5,simple_rotor,4,23048_8a1a5553,high_complexity_rotor,1.0,False
21785_d595ced5,simple_rotor,5,22528_f3370a64,high_complexity_rotor,1.0,False
21785_d595ced5,simple_rotor,6,20322_5a8c6077,medium_rotor,1.0,False
21785_d595ced5,simple_rotor,7,20231_f54462bb,simple_rotor,1.0,True
21785_d595ced5,simple_rotor,8,21884_cc2c39f9,medium_rotor,1.0,False
21785_d595ced5,simple_rotor,9,22405_20f11d58,high_complexity_rotor,1.0,False
21785_d595ced5,simple_rotor,10,21274_2fb8c3f5,simple_rotor,1.0,True
21175_85118898,simple_rotor,1,20672_0bc07cce,simple_rotor,1.0,True
21175_85118898,simple_rotor,2,22843_ff77027f,simple_rotor,1.0,True
21175_85118898,simple_rotor,3,23502_5a80f907,medium_rotor,1.0,False
21175_85118898,simple_rotor,4,23048_8a1a5553,high_complexity_rotor,1.0,False
21175_85118898,simple_rotor,5,22528_f3370a64,high_complexity_rotor,1.0,False
21175_85118898,simple_rotor,6,20322_5a8c6077,medium_rotor,1.0,False
21175_85118898,simple_rotor,7,20231_f54462bb,simple_rotor,1.0,True
21175_85118898,simple_rotor,8,21884_cc2c39f9,medium_rotor,1.0,False
21175_85118898,simple_rotor,9,22405_20f11d58,high_complexity_rotor,1.0,False
21175_85118898,simple_rotor,10,21274_2fb8c3f5,simple_rotor,1.0,True
20163_3742f394,medium_rotor,1,22035_101c7ab4,medium_rotor,0.999851,True
20163_3742f394,medium_rotor,2,22082_39503fa6,medium_rotor,0.99979,True
20163_3742f394,medium_rotor,3,23136_2b469508,simple_rotor,0.999769,False
20163_3742f394,medium_rotor,4,23144_88ca00a5,complex_assembly,0.99966,False
20163_3742f394,medium_rotor,5,23028_2ca87745,medium_rotor,0.999593,True
20163_3742f394,medium_rotor,6,22021_520ec8c3,medium_rotor,0.999565,True
20163_3742f394,medium_rotor,7,21391_78fc6345,simple_rotor,0.999565,False
20163_3742f394,medium_rotor,8,21008_a3fec63b,medium_rotor,0.999565,True
20163_3742f394,medium_rotor,9,21580_b8b2571b,high_complexity_rotor,0.999447,False
20163_3742f394,medium_rotor,10,21718_1551037b,complex_assembly,0.999154,False
22002_315afcfc,medium_rotor,1,23493_57512264,medium_rotor,1.0,True
22002_315afcfc,medium_rotor,2,21918_976c2754,high_complexity_rotor,1.0,False
22002_315afcfc,medium_rotor,3,22776_facf9bcf,medium_rotor,1.0,True
22002_315afcfc,medium_rotor,4,21762_90d34d16,high_complexity_rotor,0.999999,False
22002_315afcfc,medium_rotor,5,21009_907a2a95,medium_rotor,0.999998,True
22002_315afcfc,medium_rotor,6,22461_0ba0e480,medium_rotor,0.999997,True
22002_315afcfc,medium_rotor,7,21912_3f74887c,medium_rotor,0.999997,True
22002_315afcfc,medium_rotor,8,21528_a5d5490f,medium_rotor,0.999997,True
22002_315afcfc,medium_rotor,9,22126_e1cca10f,medium_rotor,0.999995,True
22002_315afcfc,medium_rotor,10,20176_a02bde39,medium_rotor,0.999994,True
22162_439af02a,medium_rotor,1,21700_28d193ac,high_complexity_rotor,0.0,False
22162_439af02a,medium_rotor,2,21563_c72d37a2,medium_rotor,0.0,True
22162_439af02a,medium_rotor,3,20341_6a1588fb,simple_rotor,0.0,False
22162_439af02a,medium_rotor,4,22652_dc7405ef,high_complexity_rotor,0.0,False
22162_439af02a,medium_rotor,5,21974_1997ebc3,medium_rotor,0.0,True
22162_439af02a,medium_rotor,6,21614_5d6afa62,simple_rotor,0.0,False
22162_439af02a,medium_rotor,7,21051_5d118b91,simple_rotor,0.0,False
22162_439af02a,medium_rotor,8,21570_9cb1d1c4,simple_rotor,0.0,False
22162_439af02a,medium_rotor,9,22900_09de4c7a,high_complexity_rotor,0.0,False
22162_439af02a,medium_rotor,10,21619_19435db0,simple_rotor,0.0,False
21656_964b0c84,high_complexity_rotor,1,21700_28d193ac,high_complexity_rotor,0.999961,True
21656_964b0c84,high_complexity_rotor,2,21858_f1409ea2,medium_rotor,0.999942,False
21656_964b0c84,high_complexity_rotor,3,20440_27177360,medium_rotor,0.999942,False
21656_964b0c84,high_complexity_rotor,4,21069_508a9947,complex_assembly,0.999926,False
21656_964b0c84,high_complexity_rotor,5,21621_711e1918,medium_rotor,0.999755,False
21656_964b0c84,high_complexity_rotor,6,22630_b6010fff,medium_rotor,0.999745,False
21656_964b0c84,high_complexity_rotor,7,22079_31335df2,complex_assembly,0.999672,False
21656_964b0c84,high_complexity_rotor,8,21164_de08f61e,medium_rotor,0.999655,False
21656_964b0c84,high_complexity_rotor,9,20430_975b8dcf,high_complexity_rotor,0.999581,True
21656_964b0c84,high_complexity_rotor,10,23305_2662b29a,medium_rotor,0.999497,False
23369_447545f6,simple_rotor,1,20672_0bc07cce,simple_rotor,1.0,True
23369_447545f6,simple_rotor,2,22843_ff77027f,simple_rotor,1.0,True
23369_447545f6,simple_rotor,3,23502_5a80f907,medium_rotor,1.0,False
23369_447545f6,simple_rotor,4,23048_8a1a5553,high_complexity_rotor,1.0,False
23369_447545f6,simple_rotor,5,22528_f3370a64,high_complexity_rotor,1.0,False
23369_447545f6,simple_rotor,6,20322_5a8c6077,medium_rotor,1.0,False
23369_447545f6,simple_rotor,7,20231_f54462bb,simple_rotor,1.0,True
23369_447545f6,simple_rotor,8,21884_cc2c39f9,medium_rotor,1.0,False
23369_447545f6,simple_rotor,9,22405_20f11d58,high_complexity_rotor,1.0,False
23369_447545f6,simple_rotor,10,21274_2fb8c3f5,simple_rotor,1.0,True
20141_b9376856,medium_rotor,1,21529_93e51dd9,medium_rotor,0.999999,True
20141_b9376856,medium_rotor,2,22218_2f85f6ae,medium_rotor,0.999999,True
20141_b9376856,medium_rotor,3,22040_6461a147,medium_rotor,0.999999,True
20141_b9376856,medium_rotor,4,23041_8d3ea25c,medium_rotor,0.999999,True
20141_b9376856,medium_rotor,5,22046_fe3bae6e,medium_rotor,0.999999,True
20141_b9376856,medium_rotor,6,21976_807c9b26,simple_rotor,0.999999,False
20141_b9376856,medium_rotor,7,21695_1f33863f,medium_rotor,0.999999,True
20141_b9376856,medium_rotor,8,23049_207a41f0,medium_rotor,0.999992,True
20141_b9376856,medium_rotor,9,23372_4cb88567,medium_rotor,0.999992,True
20141_b9376856,medium_rotor,10,22061_b50b6b66,medium_rotor,0.999984,True
23103_43bde2a6,simple_rotor,1,22057_4947db57,symmetric_rotor,1.0,False
23103_43bde2a6,simple_rotor,2,20620_8a5226b4,high_complexity_rotor,1.0,False
23103_43bde2a6,simple_rotor,3,23101_6aec02ee,high_complexity_rotor,1.0,False
23103_43bde2a6,simple_rotor,4,20451_84d8b290,simple_rotor,1.0,True
23103_43bde2a6,simple_rotor,5,20216_89b90993,simple_rotor,1.0,True
23103_43bde2a6,simple_rotor,6,20451_557fe5cd,simple_rotor,1.0,True
23103_43bde2a6,simple_rotor,7,20477_633cca4f,high_complexity_rotor,1.0,False
23103_43bde2a6,simple_rotor,8,20807_88c198d5,simple_rotor,1.0,True
23103_43bde2a6,simple_rotor,9,20926_4c0f33f6,symmetric_rotor,1.0,False
23103_43bde2a6,simple_rotor,10,20822_5bb36119,simple_rotor,1.0,True
21384_b9774b93,simple_rotor,1,21551_c6c2d516,high_complexity_rotor,1.0,False
21384_b9774b93,simple_rotor,2,20609_69f28932,symmetric_rotor,0.999999,False
21384_b9774b93,simple_rotor,3,21564_fa5b2db7,simple_rotor,0.999999,True
21384_b9774b93,simple_rotor,4,22283_36ba29c9,simple_rotor,0.999999,True
21384_b9774b93,simple_rotor,5,21603_98a15295,symmetric_rotor,0.999999,False
21384_b9774b93,simple_rotor,6,22706_58a933f4,symmetric_rotor,0.999995,False
21384_b9774b93,simple_rotor,7,21182_a480d230,high_complexity_rotor,0.99998,False
21384_b9774b93,simple_rotor,8,23320_e0711ae9,symmetric_rotor,0.999977,False
21384_b9774b93,simple_rotor,9,21977_ce9f4e71,high_complexity_rotor,0.999977,False
21384_b9774b93,simple_rotor,10,21352_c1101acb,high_complexity_rotor,0.999977,False
20239_49b65a55,medium_rotor,1,20421_38b63ca5,medium_rotor,0.999941,True
20239_49b65a55,medium_rotor,2,21365_ab403591,medium_rotor,0.999775,True
20239_49b65a55,medium_rotor,3,21048_75cc125c,medium_rotor,0.999775,True
20239_49b65a55,medium_rotor,4,21741_c6faf98e,complex_assembly,0.999775,False
20239_49b65a55,medium_rotor,5,21708_e61bd657,complex_assembly,0.999331,False
20239_49b65a55,medium_rotor,6,21859_35124f79,complex_assembly,0.999318,False
20239_49b65a55,medium_rotor,7,20260_4a01a99d,high_complexity_rotor,0.998991,False
20239_49b65a55,medium_rotor,8,20157_db99ab88,medium_rotor,0.998991,True
20239_49b65a55,medium_rotor,9,20431_0088a0dd,medium_rotor,0.998991,True
20239_49b65a55,medium_rotor,10,20430_975b8dcf,high_complexity_rotor,0.998819,False
21424_9d516e3a,medium_rotor,1,22017_6d3be48d,medium_rotor,1.0,True
21424_9d516e3a,medium_rotor,2,22078_1758e9fc,medium_rotor,1.0,True
21424_9d516e3a,medium_rotor,3,20841_1620ae7d,simple_rotor,1.0,False
21424_9d516e3a,medium_rotor,4,21357_9edfc0a0,simple_rotor,1.0,False
21424_9d516e3a,medium_rotor,5,23374_57cca189,medium_rotor,1.0,True
21424_9d516e3a,medium_rotor,6,22862_f5406bb0,simple_rotor,1.0,False
21424_9d516e3a,medium_rotor,7,22014_5880c417,simple_rotor,1.0,False
21424_9d516e3a,medium_rotor,8,23162_7e2f3d77,complex_assembly,1.0,False
21424_9d516e3a,medium_rotor,9,23305_2662b29a,medium_rotor,0.999953,True
21424_9d516e3a,medium_rotor,10,21351_675c66b1,complex_assembly,0.999853,False
21551_c6c2d516,high_complexity_rotor,1,21384_b9774b93,simple_rotor,1.0,False
21551_c6c2d516,high_complexity_rotor,2,20609_69f28932,symmetric_rotor,0.999999,False
21551_c6c2d516,high_complexity_rotor,3,21564_fa5b2db7,simple_rotor,0.999999,False
21551_c6c2d516,high_complexity_rotor,4,22283_36ba29c9,simple_rotor,0.999999,False
21551_c6c2d516,high_complexity_rotor,5,21603_98a15295,symmetric_rotor,0.999999,False
21551_c6c2d516,high_complexity_rotor,6,22706_58a933f4,symmetric_rotor,0.999995,False
21551_c6c2d516,high_complexity_rotor,7,21182_a480d230,high_complexity_rotor,0.99998,True
21551_c6c2d516,high_complexity_rotor,8,23320_e0711ae9,symmetric_rotor,0.999977,False
21551_c6c2d516,high_complexity_rotor,9,21977_ce9f4e71,high_complexity_rotor,0.999977,True
21551_c6c2d516,high_complexity_rotor,10,21352_c1101acb,high_complexity_rotor,0.999977,True
20940_9777847c,simple_rotor,1,21184_971559b6,simple_rotor,1.0,True
20940_9777847c,simple_rotor,2,21185_ac5324ba,medium_rotor,1.0,False
20940_9777847c,simple_rotor,3,22461_0ba0e480,medium_rotor,0.999999,False
20940_9777847c,simple_rotor,4,23323_075a079e,medium_rotor,0.999999,False
20940_9777847c,simple_rotor,5,21762_90d34d16,high_complexity_rotor,0.999996,False
20940_9777847c,simple_rotor,6,23493_57512264,medium_rotor,0.999993,False
20940_9777847c,simple_rotor,7,21918_976c2754,high_complexity_rotor,0.999993,False
20940_9777847c,simple_rotor,8,22002_315afcfc,medium_rotor,0.999993,False
20940_9777847c,simple_rotor,9,23372_4cb88567,medium_rotor,0.999993,False
20940_9777847c,simple_rotor,10,23049_207a41f0,medium_rotor,0.999993,False
23451_14c8d09e,medium_rotor,1,22092_897b0ffa,medium_rotor,1.0,True
23451_14c8d09e,medium_rotor,2,22612_28fe0ac2,medium_rotor,1.0,True
23451_14c8d09e,medium_rotor,3,22061_b50b6b66,medium_rotor,0.999997,True
23451_14c8d09e,medium_rotor,4,20285_b64b1a7e,medium_rotor,0.999997,True
23451_14c8d09e,medium_rotor,5,22270_c6999138,simple_rotor,0.999997,False
23451_14c8d09e,medium_rotor,6,21024_9be3d461,high_complexity_rotor,0.999997,False
23451_14c8d09e,medium_rotor,7,22043_041e1b7c,simple_rotor,0.999997,False
23451_14c8d09e,medium_rotor,8,21519_3e869afd,high_complexity_rotor,0.999996,False
23451_14c8d09e,medium_rotor,9,21224_18ba4aba,medium_rotor,0.999996,True
23451_14c8d09e,medium_rotor,10,23219_40625e2c,simple_rotor,0.999996,False
21037_62248d34,symmetric_rotor,1,21478_8fbd4409,symmetric_rotor,1.0,True
21037_62248d34,symmetric_rotor,2,20384_767d849a,simple_rotor,1.0,False
21037_62248d34,symmetric_rotor,3,22236_db209dff,simple_rotor,1.0,False
21037_62248d34,symmetric_rotor,4,22049_4da0d894,symmetric_rotor,0.999999,True
21037_62248d34,symmetric_rotor,5,22331_152ee5c0,high_complexity_rotor,0.999999,False
21037_62248d34,symmetric_rotor,6,21448_5646a1b6,simple_rotor,0.999989,False
21037_62248d34,symmetric_rotor,7,22399_97987ada,symmetric_rotor,0.99998,True
21037_62248d34,symmetric_rotor,8,22706_58a933f4,symmetric_rotor,0.999977,True
21037_62248d34,symmetric_rotor,9,21825_ce32b0a0,simple_rotor,0.999977,False
21037_62248d34,symmetric_rotor,10,21329_1bfecd1d,high_complexity_rotor,0.999977,False
21817_945cd3c9,medium_rotor,1,20672_0bc07cce,simple_rotor,1.0,False
21817_945cd3c9,medium_rotor,2,22843_ff77027f,simple_rotor,1.0,False
21817_945cd3c9,medium_rotor,3,23502_5a80f907,medium_rotor,1.0,True
21817_945cd3c9,medium_rotor,4,23048_8a1a5553,high_complexity_rotor,1.0,False
21817_945cd3c9,medium_rotor,5,22528_f3370a64,high_complexity_rotor,1.0,False
21817_945cd3c9,medium_rotor,6,20322_5a8c6077,medium_rotor,1.0,True
21817_945cd3c9,medium_rotor,7,20231_f54462bb,simple_rotor,1.0,False
21817_945cd3c9,medium_rotor,8,21884_cc2c39f9,medium_rotor,1.0,True
21817_945cd3c9,medium_rotor,9,22405_20f11d58,high_complexity_rotor,1.0,False
21817_945cd3c9,medium_rotor,10,21274_2fb8c3f5,simple_rotor,1.0,False
23283_fadf3820,medium_rotor,1,20672_0bc07cce,simple_rotor,1.0,False
23283_fadf3820,medium_rotor,2,22843_ff77027f,simple_rotor,1.0,False
23283_fadf3820,medium_rotor,3,23502_5a80f907,medium_rotor,1.0,True
23283_fadf3820,medium_rotor,4,23048_8a1a5553,high_complexity_rotor,1.0,False
23283_fadf3820,medium_rotor,5,22528_f3370a64,high_complexity_rotor,1.0,False
23283_fadf3820,medium_rotor,6,20322_5a8c6077,medium_rotor,1.0,True
23283_fadf3820,medium_rotor,7,20231_f54462bb,simple_rotor,1.0,False
23283_fadf3820,medium_rotor,8,21884_cc2c39f9,medium_rotor,1.0,True
23283_fadf3820,medium_rotor,9,22405_20f11d58,high_complexity_rotor,1.0,False
23283_fadf3820,medium_rotor,10,21274_2fb8c3f5,simple_rotor,1.0,False
23323_075a079e,medium_rotor,1,21184_971559b6,simple_rotor,0.999999,False
23323_075a079e,medium_rotor,2,21185_ac5324ba,medium_rotor,0.999999,True
23323_075a079e,medium_rotor,3,20940_9777847c,simple_rotor,0.999999,False
23323_075a079e,medium_rotor,4,23372_4cb88567,medium_rotor,0.999998,True
23323_075a079e,medium_rotor,5,23049_207a41f0,medium_rotor,0.999998,True
23323_075a079e,medium_rotor,6,22461_0ba0e480,medium_rotor,0.999995,True
23323_075a079e,medium_rotor,7,21762_90d34d16,high_complexity_rotor,0.999991,False
23323_075a079e,medium_rotor,8,22218_2f85f6ae,medium_rotor,0.99999,True
23323_075a079e,medium_rotor,9,23041_8d3ea25c,medium_rotor,0.99999,True
23323_075a079e,medium_rotor,10,22040_6461a147,medium_rotor,0.99999,True
23172_4ab01e83,medium_rotor,1,20672_0bc07cce,simple_rotor,1.0,False
23172_4ab01e83,medium_rotor,2,22843_ff77027f,simple_rotor,1.0,False
23172_4ab01e83,medium_rotor,3,23502_5a80f907,medium_rotor,1.0,True
23172_4ab01e83,medium_rotor,4,23048_8a1a5553,high_complexity_rotor,1.0,False
23172_4ab01e83,medium_rotor,5,22528_f3370a64,high_complexity_rotor,1.0,False
23172_4ab01e83,medium_rotor,6,20322_5a8c6077,medium_rotor,1.0,True
23172_4ab01e83,medium_rotor,7,20231_f54462bb,simple_rotor,1.0,False
23172_4ab01e83,medium_rotor,8,21884_cc2c39f9,medium_rotor,1.0,True
23172_4ab01e83,medium_rotor,9,22405_20f11d58,high_complexity_rotor,1.0,False
23172_4ab01e83,medium_rotor,10,21274_2fb8c3f5,simple_rotor,1.0,False
21762_90d34d16,high_complexity_rotor,1,23493_57512264,medium_rotor,0.999999,False
21762_90d34d16,high_complexity_rotor,2,21918_976c2754,high_complexity_rotor,0.999999,True
21762_90d34d16,high_complexity_rotor,3,22002_315afcfc,medium_rotor,0.999999,False
21762_90d34d16,high_complexity_rotor,4,22461_0ba0e480,medium_rotor,0.999999,False
21762_90d34d16,high_complexity_rotor,5,22776_facf9bcf,medium_rotor,0.999998,False
21762_90d34d16,high_complexity_rotor,6,21185_ac5324ba,medium_rotor,0.999996,False
21762_90d34d16,high_complexity_rotor,7,20940_9777847c,simple_rotor,0.999996,False
21762_90d34d16,high_complexity_rotor,8,21184_971559b6,simple_rotor,0.999996,False
21762_90d34d16,high_complexity_rotor,9,21009_907a2a95,medium_rotor,0.999996,False
21762_90d34d16,high_complexity_rotor,10,21912_3f74887c,medium_rotor,0.999994,False
22612_28fe0ac2,medium_rotor,1,23451_14c8d09e,medium_rotor,1.0,True
22612_28fe0ac2,medium_rotor,2,22092_897b0ffa,medium_rotor,1.0,True
22612_28fe0ac2,medium_rotor,3,21024_9be3d461,high_complexity_rotor,0.999997,False
22612_28fe0ac2,medium_rotor,4,22043_041e1b7c,simple_rotor,0.999997,False
22612_28fe0ac2,medium_rotor,5,20285_b64b1a7e,medium_rotor,0.999997,True
22612_28fe0ac2,medium_rotor,6,22061_b50b6b66,medium_rotor,0.999997,True
22612_28fe0ac2,medium_rotor,7,22270_c6999138,simple_rotor,0.999997,False
22612_28fe0ac2,medium_rotor,8,23219_40625e2c,simple_rotor,0.999996,False
22612_28fe0ac2,medium_rotor,9,21224_18ba4aba,medium_rotor,0.999996,True
22612_28fe0ac2,medium_rotor,10,21519_3e869afd,high_complexity_rotor,0.999996,False
22535_0ba01cc9,complex_assembly,1,19051_26735260,high_complexity_rotor,1.0,False
22535_0ba01cc9,complex_assembly,2,22474_b10fea1a,medium_rotor,0.999997,False
22535_0ba01cc9,complex_assembly,3,23211_3aac9c7e,simple_rotor,0.999996,False
22535_0ba01cc9,complex_assembly,4,19810_f77c5501,medium_rotor,0.999996,False
22535_0ba01cc9,complex_assembly,5,22919_3ee91d1a,medium_rotor,0.999991,False
22535_0ba01cc9,complex_assembly,6,22266_078a1f68,medium_rotor,0.999988,False
22535_0ba01cc9,complex_assembly,7,20952_b8a54213,complex_assembly,0.999986,True
22535_0ba01cc9,complex_assembly,8,23194_b675acc0,simple_rotor,0.999981,False
22535_0ba01cc9,complex_assembly,9,20182_71b9e491,medium_rotor,0.999962,False
22535_0ba01cc9,complex_assembly,10,21601_360ce1c7,medium_rotor,0.999962,False
21715_53df62c9,medium_rotor,1,20672_0bc07cce,simple_rotor,1.0,False
21715_53df62c9,medium_rotor,2,22843_ff77027f,simple_rotor,1.0,False
21715_53df62c9,medium_rotor,3,23502_5a80f907,medium_rotor,1.0,True
21715_53df62c9,medium_rotor,4,23048_8a1a5553,high_complexity_rotor,1.0,False
21715_53df62c9,medium_rotor,5,22528_f3370a64,high_complexity_rotor,1.0,False
21715_53df62c9,medium_rotor,6,20322_5a8c6077,medium_rotor,1.0,True
21715_53df62c9,medium_rotor,7,20231_f54462bb,simple_rotor,1.0,False
21715_53df62c9,medium_rotor,8,21884_cc2c39f9,medium_rotor,1.0,True
21715_53df62c9,medium_rotor,9,22405_20f11d58,high_complexity_rotor,1.0,False
21715_53df62c9,medium_rotor,10,21274_2fb8c3f5,simple_rotor,1.0,False
22283_36ba29c9,simple_rotor,1,21564_fa5b2db7,simple_rotor,1.0,True
22283_36ba29c9,simple_rotor,2,20609_69f28932,symmetric_rotor,1.0,False
22283_36ba29c9,simple_rotor,3,21603_98a15295,symmetric_rotor,1.0,False
22283_36ba29c9,simple_rotor,4,21551_c6c2d516,high_complexity_rotor,0.999999,False
22283_36ba29c9,simple_rotor,5,21384_b9774b93,simple_rotor,0.999999,True
22283_36ba29c9,simple_rotor,6,22706_58a933f4,symmetric_rotor,0.999999,False
22283_36ba29c9,simple_rotor,7,22049_4da0d894,symmetric_rotor,0.999977,False
22283_36ba29c9,simple_rotor,8,21352_c1101acb,high_complexity_rotor,0.999976,False
22283_36ba29c9,simple_rotor,9,21977_ce9f4e71,high_complexity_rotor,0.999976,False
22283_36ba29c9,simple_rotor,10,23320_e0711ae9,symmetric_rotor,0.999976,False
20620_8a5226b4,high_complexity_rotor,1,20682_e208cc63,symmetric_rotor,1.0,False
20620_8a5226b4,high_complexity_rotor,2,20807_88c198d5,simple_rotor,1.0,False
20620_8a5226b4,high_complexity_rotor,3,22057_4947db57,symmetric_rotor,1.0,False
20620_8a5226b4,high_complexity_rotor,4,22762_dcbdd14d,symmetric_rotor,1.0,False
20620_8a5226b4,high_complexity_rotor,5,23101_6aec02ee,high_complexity_rotor,1.0,True
20620_8a5226b4,high_complexity_rotor,6,20451_557fe5cd,simple_rotor,1.0,False
20620_8a5226b4,high_complexity_rotor,7,20451_84d8b290,simple_rotor,1.0,False
20620_8a5226b4,high_complexity_rotor,8,20216_89b90993,simple_rotor,1.0,False
20620_8a5226b4,high_complexity_rotor,9,20477_633cca4f,high_complexity_rotor,1.0,True
20620_8a5226b4,high_complexity_rotor,10,22311_553b3456,symmetric_rotor,1.0,False
20329_414757bb,medium_rotor,1,20672_0bc07cce,simple_rotor,1.0,False
20329_414757bb,medium_rotor,2,22843_ff77027f,simple_rotor,1.0,False
20329_414757bb,medium_rotor,3,23502_5a80f907,medium_rotor,1.0,True
20329_414757bb,medium_rotor,4,23048_8a1a5553,high_complexity_rotor,1.0,False
20329_414757bb,medium_rotor,5,22528_f3370a64,high_complexity_rotor,1.0,False
20329_414757bb,medium_rotor,6,20322_5a8c6077,medium_rotor,1.0,True
20329_414757bb,medium_rotor,7,20231_f54462bb,simple_rotor,1.0,False
20329_414757bb,medium_rotor,8,21884_cc2c39f9,medium_rotor,1.0,True
20329_414757bb,medium_rotor,9,22405_20f11d58,high_complexity_rotor,1.0,False
20329_414757bb,medium_rotor,10,21274_2fb8c3f5,simple_rotor,1.0,False
22377_d490f505,simple_rotor,1,22374_aa5bb54d,simple_rotor,1.0,True
22377_d490f505,simple_rotor,2,20756_75f43564,simple_rotor,1.0,True
22377_d490f505,simple_rotor,3,20802_802b7d69,simple_rotor,1.0,True
22377_d490f505,simple_rotor,4,20332_0c2a24aa,simple_rotor,1.0,True
22377_d490f505,simple_rotor,5,20340_86125547,simple_rotor,1.0,True
22377_d490f505,simple_rotor,6,20994_9c88b1ba,simple_rotor,1.0,True
22377_d490f505,simple_rotor,7,20803_473c87ac,simple_rotor,1.0,True
22377_d490f505,simple_rotor,8,20341_6a1588fb,simple_rotor,1.0,True
22377_d490f505,simple_rotor,9,20814_5a2be0fb,simple_rotor,1.0,True
22377_d490f505,simple_rotor,10,21590_7d092186,medium_rotor,1.0,False
22492_047b125b,complex_assembly,1,21503_34f299ca,medium_rotor,0.999999,False
22492_047b125b,complex_assembly,2,21790_aaf9224a,medium_rotor,0.999867,False
22492_047b125b,complex_assembly,3,22067_624b28e3,simple_rotor,0.999814,False
22492_047b125b,complex_assembly,4,22214_b098105d,simple_rotor,0.999814,False
22492_047b125b,complex_assembly,5,22376_3ebc82a2,medium_rotor,0.999789,False
22492_047b125b,complex_assembly,6,22483_f4e4b62a,complex_assembly,0.999759,True
22492_047b125b,complex_assembly,7,20668_b2f2633e,high_complexity_rotor,0.999452,False
22492_047b125b,complex_assembly,8,21425_d0d47a2a,high_complexity_rotor,0.999452,False
22492_047b125b,complex_assembly,9,20636_ca9eb29a,high_complexity_rotor,0.999193,False
22492_047b125b,complex_assembly,10,21859_35124f79,complex_assembly,0.998054,True
22402_a62e84b4,high_complexity_rotor,1,20672_0bc07cce,simple_rotor,1.0,False
22402_a62e84b4,high_complexity_rotor,2,22843_ff77027f,simple_rotor,1.0,False
22402_a62e84b4,high_complexity_rotor,3,23502_5a80f907,medium_rotor,1.0,False
22402_a62e84b4,high_complexity_rotor,4,23048_8a1a5553,high_complexity_rotor,1.0,True
22402_a62e84b4,high_complexity_rotor,5,22528_f3370a64,high_complexity_rotor,1.0,True
22402_a62e84b4,high_complexity_rotor,6,20322_5a8c6077,medium_rotor,1.0,False
22402_a62e84b4,high_complexity_rotor,7,20231_f54462bb,simple_rotor,1.0,False
22402_a62e84b4,high_complexity_rotor,8,21884_cc2c39f9,medium_rotor,1.0,False
22402_a62e84b4,high_complexity_rotor,9,22405_20f11d58,high_complexity_rotor,1.0,True
22402_a62e84b4,high_complexity_rotor,10,21274_2fb8c3f5,simple_rotor,1.0,False
20287_072b5bf6,high_complexity_rotor,1,22053_de30641b,simple_rotor,1.0,False
20287_072b5bf6,high_complexity_rotor,2,21533_8837772a,simple_rotor,0.999993,False
20287_072b5bf6,high_complexity_rotor,3,21015_10304cb9,simple_rotor,0.999948,False
20287_072b5bf6,high_complexity_rotor,4,23321_c9497b79,simple_rotor,0.999948,False
20287_072b5bf6,high_complexity_rotor,5,21557_53eafe15,complex_assembly,0.999922,False
20287_072b5bf6,high_complexity_rotor,6,20803_473c87ac,simple_rotor,0.999918,False
20287_072b5bf6,high_complexity_rotor,7,20341_6a1588fb,simple_rotor,0.999918,False
20287_072b5bf6,high_complexity_rotor,8,20814_5a2be0fb,simple_rotor,0.999918,False
20287_072b5bf6,high_complexity_rotor,9,22374_aa5bb54d,simple_rotor,0.999918,False
20287_072b5bf6,high_complexity_rotor,10,22377_d490f505,simple_rotor,0.999918,False
20810_f6674f2d,simple_rotor,1,20672_0bc07cce,simple_rotor,1.0,True
20810_f6674f2d,simple_rotor,2,22843_ff77027f,simple_rotor,1.0,True
20810_f6674f2d,simple_rotor,3,23502_5a80f907,medium_rotor,1.0,False
20810_f6674f2d,simple_rotor,4,23048_8a1a5553,high_complexity_rotor,1.0,False
20810_f6674f2d,simple_rotor,5,22528_f3370a64,high_complexity_rotor,1.0,False
20810_f6674f2d,simple_rotor,6,20322_5a8c6077,medium_rotor,1.0,False
20810_f6674f2d,simple_rotor,7,20231_f54462bb,simple_rotor,1.0,True
20810_f6674f2d,simple_rotor,8,21884_cc2c39f9,medium_rotor,1.0,False
20810_f6674f2d,simple_rotor,9,22405_20f11d58,high_complexity_rotor,1.0,False
20810_f6674f2d,simple_rotor,10,21274_2fb8c3f5,simple_rotor,1.0,True
22049_4da0d894,symmetric_rotor,1,21478_8fbd4409,symmetric_rotor,0.999999,True
22049_4da0d894,symmetric_rotor,2,20384_767d849a,simple_rotor,0.999999,False
22049_4da0d894,symmetric_rotor,3,22236_db209dff,simple_rotor,0.999999,False
22049_4da0d894,symmetric_rotor,4,21037_62248d34,symmetric_rotor,0.999999,True
22049_4da0d894,symmetric_rotor,5,21448_5646a1b6,simple_rotor,0.999995,False
22049_4da0d894,symmetric_rotor,6,22331_152ee5c0,high_complexity_rotor,0.999995,False
22049_4da0d894,symmetric_rotor,7,22399_97987ada,symmetric_rotor,0.999989,True
22049_4da0d894,symmetric_rotor,8,21386_e234c6b6,symmetric_rotor,0.99998,True
22049_4da0d894,symmetric_rotor,9,20609_69f28932,symmetric_rotor,0.999977,True
22049_4da0d894,symmetric_rotor,10,21603_98a15295,symmetric_rotor,0.999977,True
20758_cdccf572,simple_rotor,1,21204_96d26a7f,high_complexity_rotor,0.999999,False
20758_cdccf572,simple_rotor,2,23309_76dcf100,high_complexity_rotor,0.999999,False
20758_cdccf572,simple_rotor,3,20737_5249e274,high_complexity_rotor,0.999999,False
20758_cdccf572,simple_rotor,4,21805_2ba39d00,high_complexity_rotor,0.999977,False
20758_cdccf572,simple_rotor,5,23467_9f431540,high_complexity_rotor,0.999977,False
20758_cdccf572,simple_rotor,6,23127_38d73061,symmetric_rotor,0.999976,False
20758_cdccf572,simple_rotor,7,22654_4c426b0f,symmetric_rotor,0.999972,False
20758_cdccf572,simple_rotor,8,22095_af226cbc,symmetric_rotor,0.999972,False
20758_cdccf572,simple_rotor,9,20970_d20c6c35,symmetric_rotor,0.999908,False
20758_cdccf572,simple_rotor,10,21511_d07c59c2,high_complexity_rotor,0.999904,False
22681_124bf3a9,medium_rotor,1,21719_d60b8a4a,medium_rotor,1.0,True
22681_124bf3a9,medium_rotor,2,20622_38dd90d0,high_complexity_rotor,0.999872,False
22681_124bf3a9,medium_rotor,3,20431_27e7f151,medium_rotor,0.999594,True
22681_124bf3a9,medium_rotor,4,22442_7d5c5d5f,high_complexity_rotor,0.999594,False
22681_124bf3a9,medium_rotor,5,20722_90d46353,medium_rotor,0.999443,True
22681_124bf3a9,medium_rotor,6,20533_0a3e112b,high_complexity_rotor,0.998022,False
22681_124bf3a9,medium_rotor,7,20351_dc6e4e1e,complex_assembly,0.996889,False
22681_124bf3a9,medium_rotor,8,21837_b67d788c,medium_rotor,0.995661,True
22681_124bf3a9,medium_rotor,9,22076_20e8a107,high_complexity_rotor,0.994564,False
22681_124bf3a9,medium_rotor,10,20628_e0551f7c,medium_rotor,0.993982,True
21690_5d1f3475,simple_rotor,1,20672_0bc07cce,simple_rotor,1.0,True
21690_5d1f3475,simple_rotor,2,22843_ff77027f,simple_rotor,1.0,True
21690_5d1f3475,simple_rotor,3,23502_5a80f907,medium_rotor,1.0,False
21690_5d1f3475,simple_rotor,4,23048_8a1a5553,high_complexity_rotor,1.0,False
21690_5d1f3475,simple_rotor,5,22528_f3370a64,high_complexity_rotor,1.0,False
21690_5d1f3475,simple_rotor,6,20322_5a8c6077,medium_rotor,1.0,False
21690_5d1f3475,simple_rotor,7,20231_f54462bb,simple_rotor,1.0,True
21690_5d1f3475,simple_rotor,8,21884_cc2c39f9,medium_rotor,1.0,False
21690_5d1f3475,simple_rotor,9,22405_20f11d58,high_complexity_rotor,1.0,False
21690_5d1f3475,simple_rotor,10,21274_2fb8c3f5,simple_rotor,1.0,True
20546_87dbd755,complex_assembly,1,22211_b1ee53f0,complex_assembly,0.999967,True
20546_87dbd755,complex_assembly,2,22306_c3dca308,complex_assembly,0.999795,True
20546_87dbd755,complex_assembly,3,23273_8f301ce3,complex_assembly,0.99969,True
20546_87dbd755,complex_assembly,4,22065_0d414124,complex_assembly,0.999629,True
20546_87dbd755,complex_assembly,5,21797_69df08d5,high_complexity_rotor,0.999301,False
20546_87dbd755,complex_assembly,6,20502_58b65de9,symmetric_rotor,0.999167,False
20546_87dbd755,complex_assembly,7,22652_dc7405ef,high_complexity_rotor,0.999061,False
20546_87dbd755,complex_assembly,8,23419_ea47995f,complex_assembly,0.998927,True
20546_87dbd755,complex_assembly,9,20818_098cad7c,high_complexity_rotor,0.998919,False
20546_87dbd755,complex_assembly,10,21836_5bc91e49,symmetric_rotor,0.998102,False
22092_897b0ffa,medium_rotor,1,22612_28fe0ac2,medium_rotor,1.0,True
22092_897b0ffa,medium_rotor,2,23451_14c8d09e,medium_rotor,1.0,True
22092_897b0ffa,medium_rotor,3,22061_b50b6b66,medium_rotor,0.999997,True
22092_897b0ffa,medium_rotor,4,22270_c6999138,simple_rotor,0.999997,False
22092_897b0ffa,medium_rotor,5,22043_041e1b7c,simple_rotor,0.999997,False
22092_897b0ffa,medium_rotor,6,20285_b64b1a7e,medium_rotor,0.999997,True
22092_897b0ffa,medium_rotor,7,21024_9be3d461,high_complexity_rotor,0.999997,False
22092_897b0ffa,medium_rotor,8,21519_3e869afd,high_complexity_rotor,0.999996,False
22092_897b0ffa,medium_rotor,9,23219_40625e2c,simple_rotor,0.999996,False
22092_897b0ffa,medium_rotor,10,21224_18ba4aba,medium_rotor,0.999996,True
20991_6795af4f,high_complexity_rotor,1,21300_ec7da33e,high_complexity_rotor,0.999995,True
20991_6795af4f,high_complexity_rotor,2,21685_93737a7a,high_complexity_rotor,0.999989,True
20991_6795af4f,high_complexity_rotor,3,23168_7fdf5427,high_complexity_rotor,0.99998,True
20991_6795af4f,high_complexity_rotor,4,20792_d2ea0500,symmetric_rotor,0.999969,False
20991_6795af4f,high_complexity_rotor,5,21990_7bb6efcf,simple_rotor,0.999921,False
20991_6795af4f,high_complexity_rotor,6,23217_7c6062e3,high_complexity_rotor,0.9999,True
20991_6795af4f,high_complexity_rotor,7,20745_3e22ad07,high_complexity_rotor,0.9999,True
20991_6795af4f,high_complexity_rotor,8,23378_8d6426ae,high_complexity_rotor,0.999854,True
20991_6795af4f,high_complexity_rotor,9,23377_690165aa,high_complexity_rotor,0.999854,True
20991_6795af4f,high_complexity_rotor,10,22428_c1ffa51a,high_complexity_rotor,0.9998,True
23049_207a41f0,medium_rotor,1,23372_4cb88567,medium_rotor,1.0,True
23049_207a41f0,medium_rotor,2,23323_075a079e,medium_rotor,0.999998,True
23049_207a41f0,medium_rotor,3,23041_8d3ea25c,medium_rotor,0.999997,True
23049_207a41f0,medium_rotor,4,22040_6461a147,medium_rotor,0.999997,True
23049_207a41f0,medium_rotor,5,21529_93e51dd9,medium_rotor,0.999997,True
23049_207a41f0,medium_rotor,6,22218_2f85f6ae,medium_rotor,0.999997,True
23049_207a41f0,medium_rotor,7,20940_9777847c,simple_rotor,0.999993,False
23049_207a41f0,medium_rotor,8,21185_ac5324ba,medium_rotor,0.999993,True
23049_207a41f0,medium_rotor,9,21184_971559b6,simple_rotor,0.999993,False
23049_207a41f0,medium_rotor,10,20141_b9376856,medium_rotor,0.999992,True
22533_e7298b05,complex_assembly,1,21816_3891a442,medium_rotor,1.0,False
22533_e7298b05,complex_assembly,2,21588_0c48dc5f,simple_rotor,0.999987,False
22533_e7298b05,complex_assembly,3,22323_aa6edb8b,medium_rotor,0.999979,False
22533_e7298b05,complex_assembly,4,20701_6dcbc975,high_complexity_rotor,0.999973,False
22533_e7298b05,complex_assembly,5,22430_c6f08b03,complex_assembly,0.999963,True
22533_e7298b05,complex_assembly,6,23341_d5ead6d2,simple_rotor,0.999933,False
22533_e7298b05,complex_assembly,7,20779_fc5a7c3d,medium_rotor,0.999933,False
22533_e7298b05,complex_assembly,8,22045_ead71aca,medium_rotor,0.999933,False
22533_e7298b05,complex_assembly,9,22072_5163223a,medium_rotor,0.999683,False
22533_e7298b05,complex_assembly,10,22413_901f5867,complex_assembly,0.999552,True
22638_37f9fe91,symmetric_rotor,1,21709_4dd88551,high_complexity_rotor,1.0,False
22638_37f9fe91,symmetric_rotor,2,21697_06656699,high_complexity_rotor,0.999978,False
22638_37f9fe91,symmetric_rotor,3,23233_ac09e2e5,high_complexity_rotor,0.999976,False
22638_37f9fe91,symmetric_rotor,4,22414_14ead4a3,symmetric_rotor,0.999947,True
22638_37f9fe91,symmetric_rotor,5,20279_aed6b3b3,high_complexity_rotor,0.999917,False
22638_37f9fe91,symmetric_rotor,6,22654_4c426b0f,symmetric_rotor,0.999879,True
22638_37f9fe91,symmetric_rotor,7,23258_87a2ba81,high_complexity_rotor,0.99983,False
22638_37f9fe91,symmetric_rotor,8,22095_af226cbc,symmetric_rotor,0.99981,True
22638_37f9fe91,symmetric_rotor,9,21836_5bc91e49,symmetric_rotor,0.999778,True
22638_37f9fe91,symmetric_rotor,10,21204_96d26a7f,high_complexity_rotor,0.999752,False
21617_ddd3657b,simple_rotor,1,20672_0bc07cce,simple_rotor,1.0,True
21617_ddd3657b,simple_rotor,2,22843_ff77027f,simple_rotor,1.0,True
21617_ddd3657b,simple_rotor,3,23502_5a80f907,medium_rotor,1.0,False
21617_ddd3657b,simple_rotor,4,23048_8a1a5553,high_complexity_rotor,1.0,False
21617_ddd3657b,simple_rotor,5,22528_f3370a64,high_complexity_rotor,1.0,False
21617_ddd3657b,simple_rotor,6,20322_5a8c6077,medium_rotor,1.0,False
21617_ddd3657b,simple_rotor,7,20231_f54462bb,simple_rotor,1.0,True
21617_ddd3657b,simple_rotor,8,21884_cc2c39f9,medium_rotor,1.0,False
21617_ddd3657b,simple_rotor,9,22405_20f11d58,high_complexity_rotor,1.0,False
21617_ddd3657b,simple_rotor,10,21274_2fb8c3f5,simple_rotor,1.0,True
21858_f1409ea2,medium_rotor,1,20440_27177360,medium_rotor,1.0,True
21858_f1409ea2,medium_rotor,2,21656_964b0c84,high_complexity_rotor,0.999942,False
21858_f1409ea2,medium_rotor,3,21621_711e1918,medium_rotor,0.999936,True
21858_f1409ea2,medium_rotor,4,21700_28d193ac,high_complexity_rotor,0.999806,False
21858_f1409ea2,medium_rotor,5,23305_2662b29a,medium_rotor,0.999781,True
21858_f1409ea2,medium_rotor,6,21069_508a9947,complex_assembly,0.999736,False
21858_f1409ea2,medium_rotor,7,22078_1758e9fc,medium_rotor,0.999531,True
21858_f1409ea2,medium_rotor,8,22017_6d3be48d,medium_rotor,0.999531,True
21858_f1409ea2,medium_rotor,9,20841_1620ae7d,simple_rotor,0.999531,False
21858_f1409ea2,medium_rotor,10,23162_7e2f3d77,complex_assembly,0.999531,False
21028_d4d30a2e,medium_rotor,1,22056_79373464,complex_assembly,1.0,False
21028_d4d30a2e,medium_rotor,2,21244_24c3ce72,complex_assembly,0.99991,False
21028_d4d30a2e,medium_rotor,3,22404_66db7dd7,complex_assembly,0.999863,False
21028_d4d30a2e,medium_rotor,4,22430_c6f08b03,complex_assembly,0.999773,False
21028_d4d30a2e,medium_rotor,5,22378_234fea2c,simple_rotor,0.999707,False
21028_d4d30a2e,medium_rotor,6,23226_8d1b5098,complex_assembly,0.999707,False
21028_d4d30a2e,medium_rotor,7,23215_08a54de0,simple_rotor,0.999707,False
21028_d4d30a2e,medium_rotor,8,20671_33532794,simple_rotor,0.999707,False
21028_d4d30a2e,medium_rotor,9,20436_41b730a3,simple_rotor,0.999707,False
21028_d4d30a2e,medium_rotor,10,20186_f66e4ad3,simple_rotor,0.999707,False
21541_abc67be6,medium_rotor,1,20672_0bc07cce,simple_rotor,1.0,False
21541_abc67be6,medium_rotor,2,22843_ff77027f,simple_rotor,1.0,False
21541_abc67be6,medium_rotor,3,23502_5a80f907,medium_rotor,1.0,True
21541_abc67be6,medium_rotor,4,23048_8a1a5553,high_complexity_rotor,1.0,False
21541_abc67be6,medium_rotor,5,22528_f3370a64,high_complexity_rotor,1.0,False
21541_abc67be6,medium_rotor,6,20322_5a8c6077,medium_rotor,1.0,True
21541_abc67be6,medium_rotor,7,20231_f54462bb,simple_rotor,1.0,False
21541_abc67be6,medium_rotor,8,21884_cc2c39f9,medium_rotor,1.0,True
21541_abc67be6,medium_rotor,9,22405_20f11d58,high_complexity_rotor,1.0,False
21541_abc67be6,medium_rotor,10,21274_2fb8c3f5,simple_rotor,1.0,False
22826_199df203,medium_rotor,1,20672_0bc07cce,simple_rotor,1.0,False
22826_199df203,medium_rotor,2,22843_ff77027f,simple_rotor,1.0,False
22826_199df203,medium_rotor,3,23502_5a80f907,medium_rotor,1.0,True
22826_199df203,medium_rotor,4,23048_8a1a5553,high_complexity_rotor,1.0,False
22826_199df203,medium_rotor,5,22528_f3370a64,high_complexity_rotor,1.0,False
22826_199df203,medium_rotor,6,20322_5a8c6077,medium_rotor,1.0,True
22826_199df203,medium_rotor,7,20231_f54462bb,simple_rotor,1.0,False
22826_199df203,medium_rotor,8,21884_cc2c39f9,medium_rotor,1.0,True
22826_199df203,medium_rotor,9,22405_20f11d58,high_complexity_rotor,1.0,False
22826_199df203,medium_rotor,10,21274_2fb8c3f5,simple_rotor,1.0,False
22227_aca28ff2,simple_rotor,1,22378_234fea2c,simple_rotor,1.0,True
22227_aca28ff2,simple_rotor,2,23226_8d1b5098,complex_assembly,1.0,False
22227_aca28ff2,simple_rotor,3,20436_41b730a3,simple_rotor,1.0,True
22227_aca28ff2,simple_rotor,4,21165_5cb2d287,simple_rotor,1.0,True
22227_aca28ff2,simple_rotor,5,20671_33532794,simple_rotor,1.0,True
22227_aca28ff2,simple_rotor,6,23215_08a54de0,simple_rotor,1.0,True
22227_aca28ff2,simple_rotor,7,20186_f66e4ad3,simple_rotor,1.0,True
22227_aca28ff2,simple_rotor,8,21941_1a683ec2,complex_assembly,0.999978,False
22227_aca28ff2,simple_rotor,9,22404_66db7dd7,complex_assembly,0.99997,False
22227_aca28ff2,simple_rotor,10,21244_24c3ce72,complex_assembly,0.999941,False
22902_83870421,simple_rotor,1,20672_0bc07cce,simple_rotor,1.0,True
22902_83870421,simple_rotor,2,22843_ff77027f,simple_rotor,1.0,True
22902_83870421,simple_rotor,3,23502_5a80f907,medium_rotor,1.0,False
22902_83870421,simple_rotor,4,23048_8a1a5553,high_complexity_rotor,1.0,False
22902_83870421,simple_rotor,5,22528_f3370a64,high_complexity_rotor,1.0,False
22902_83870421,simple_rotor,6,20322_5a8c6077,medium_rotor,1.0,False
22902_83870421,simple_rotor,7,20231_f54462bb,simple_rotor,1.0,True
22902_83870421,simple_rotor,8,21884_cc2c39f9,medium_rotor,1.0,False
22902_83870421,simple_rotor,9,22405_20f11d58,high_complexity_rotor,1.0,False
22902_83870421,simple_rotor,10,21274_2fb8c3f5,simple_rotor,1.0,True
21665_2e14b6ff,simple_rotor,1,22154_24342da4,simple_rotor,1.0,True
21665_2e14b6ff,simple_rotor,2,22129_48b47c52,simple_rotor,1.0,True
21665_2e14b6ff,simple_rotor,3,22886_a6331748,symmetric_rotor,1.0,False
21665_2e14b6ff,simple_rotor,4,20429_419c4cdd,simple_rotor,1.0,True
21665_2e14b6ff,simple_rotor,5,23102_211ad1db,symmetric_rotor,1.0,False
21665_2e14b6ff,simple_rotor,6,20680_b095cb77,symmetric_rotor,1.0,False
21665_2e14b6ff,simple_rotor,7,22140_9cda24cc,simple_rotor,1.0,True
21665_2e14b6ff,simple_rotor,8,22047_5a090f16,simple_rotor,1.0,True
21665_2e14b6ff,simple_rotor,9,20551_ff28a959,simple_rotor,1.0,True
21665_2e14b6ff,simple_rotor,10,22216_4b032400,symmetric_rotor,1.0,False
20813_726b2714,simple_rotor,1,20672_0bc07cce,simple_rotor,1.0,True
20813_726b2714,simple_rotor,2,22843_ff77027f,simple_rotor,1.0,True
20813_726b2714,simple_rotor,3,23502_5a80f907,medium_rotor,1.0,False
20813_726b2714,simple_rotor,4,23048_8a1a5553,high_complexity_rotor,1.0,False
20813_726b2714,simple_rotor,5,22528_f3370a64,high_complexity_rotor,1.0,False
20813_726b2714,simple_rotor,6,20322_5a8c6077,medium_rotor,1.0,False
20813_726b2714,simple_rotor,7,20231_f54462bb,simple_rotor,1.0,True
20813_726b2714,simple_rotor,8,21884_cc2c39f9,medium_rotor,1.0,False
20813_726b2714,simple_rotor,9,22405_20f11d58,high_complexity_rotor,1.0,False
20813_726b2714,simple_rotor,10,21274_2fb8c3f5,simple_rotor,1.0,True
20429_4c909f3f,simple_rotor,1,21700_28d193ac,high_complexity_rotor,0.0,False
20429_4c909f3f,simple_rotor,2,21563_c72d37a2,medium_rotor,0.0,False
20429_4c909f3f,simple_rotor,3,20341_6a1588fb,simple_rotor,0.0,True
20429_4c909f3f,simple_rotor,4,22652_dc7405ef,high_complexity_rotor,0.0,False
20429_4c909f3f,simple_rotor,5,21974_1997ebc3,medium_rotor,0.0,False
20429_4c909f3f,simple_rotor,6,21614_5d6afa62,simple_rotor,0.0,True
20429_4c909f3f,simple_rotor,7,21051_5d118b91,simple_rotor,0.0,True
20429_4c909f3f,simple_rotor,8,21570_9cb1d1c4,simple_rotor,0.0,True
20429_4c909f3f,simple_rotor,9,22900_09de4c7a,high_complexity_rotor,0.0,False
20429_4c909f3f,simple_rotor,10,21619_19435db0,simple_rotor,0.0,True
23373_f5dac851,medium_rotor,1,22059_b7d76712,medium_rotor,1.0,True
23373_f5dac851,medium_rotor,2,21326_ab4d6c43,simple_rotor,1.0,False
23373_f5dac851,medium_rotor,3,20647_cea2e07c,simple_rotor,1.0,False
23373_f5dac851,medium_rotor,4,20293_a1999339,high_complexity_rotor,1.0,False
23373_f5dac851,medium_rotor,5,21625_d5d4c9a7,medium_rotor,1.0,True
23373_f5dac851,medium_rotor,6,20646_4cd14a72,simple_rotor,1.0,False
23373_f5dac851,medium_rotor,7,21809_8bd6b10e,high_complexity_rotor,0.999976,False
23373_f5dac851,medium_rotor,8,21519_3e869afd,high_complexity_rotor,0.999972,False
23373_f5dac851,medium_rotor,9,21224_18ba4aba,medium_rotor,0.999972,True
23373_f5dac851,medium_rotor,10,23219_40625e2c,simple_rotor,0.999972,False
21794_4d137e7d,medium_rotor,1,20672_0bc07cce,simple_rotor,1.0,False
21794_4d137e7d,medium_rotor,2,22843_ff77027f,simple_rotor,1.0,False
21794_4d137e7d,medium_rotor,3,23502_5a80f907,medium_rotor,1.0,True
21794_4d137e7d,medium_rotor,4,23048_8a1a5553,high_complexity_rotor,1.0,False
21794_4d137e7d,medium_rotor,5,22528_f3370a64,high_complexity_rotor,1.0,False
21794_4d137e7d,medium_rotor,6,20322_5a8c6077,medium_rotor,1.0,True
21794_4d137e7d,medium_rotor,7,20231_f54462bb,simple_rotor,1.0,False
21794_4d137e7d,medium_rotor,8,21884_cc2c39f9,medium_rotor,1.0,True
21794_4d137e7d,medium_rotor,9,22405_20f11d58,high_complexity_rotor,1.0,False
21794_4d137e7d,medium_rotor,10,21274_2fb8c3f5,simple_rotor,1.0,False
22065_0d414124,complex_assembly,1,23273_8f301ce3,complex_assembly,0.999977,True
22065_0d414124,complex_assembly,2,21797_69df08d5,high_complexity_rotor,0.999802,False
22065_0d414124,complex_assembly,3,20502_58b65de9,symmetric_rotor,0.999791,False
22065_0d414124,complex_assembly,4,22652_dc7405ef,high_complexity_rotor,0.999646,False
22065_0d414124,complex_assembly,5,20546_87dbd755,complex_assembly,0.999629,True
22065_0d414124,complex_assembly,6,22211_b1ee53f0,complex_assembly,0.999515,True
22065_0d414124,complex_assembly,7,21836_5bc91e49,symmetric_rotor,0.999105,False
22065_0d414124,complex_assembly,8,22306_c3dca308,complex_assembly,0.99893,True
22065_0d414124,complex_assembly,9,20818_098cad7c,high_complexity_rotor,0.998886,False
22065_0d414124,complex_assembly,10,20279_aed6b3b3,high_complexity_rotor,0.998574,False
22224_1e749c32,medium_rotor,1,20259_de1ab632,simple_rotor,1.0,False
22224_1e749c32,medium_rotor,2,20278_d442e77d,medium_rotor,0.999991,True
22224_1e749c32,medium_rotor,3,21292_f94bd96b,medium_rotor,0.999941,True
22224_1e749c32,medium_rotor,4,22131_6b4b60f8,simple_rotor,0.999941,False
22224_1e749c32,medium_rotor,5,21202_e452c491,medium_rotor,0.999926,True
22224_1e749c32,medium_rotor,6,21557_53eafe15,complex_assembly,0.999916,False
22224_1e749c32,medium_rotor,7,23322_8f85d82d,medium_rotor,0.999905,True
22224_1e749c32,medium_rotor,8,23321_c9497b79,simple_rotor,0.999884,False
22224_1e749c32,medium_rotor,9,21015_10304cb9,simple_rotor,0.999884,False
22224_1e749c32,medium_rotor,10,21005_9feee615,high_complexity_rotor,0.999821,False
22047_5a090f16,simple_rotor,1,22154_24342da4,simple_rotor,1.0,True
22047_5a090f16,simple_rotor,2,22129_48b47c52,simple_rotor,1.0,True
22047_5a090f16,simple_rotor,3,22886_a6331748,symmetric_rotor,1.0,False
22047_5a090f16,simple_rotor,4,20429_419c4cdd,simple_rotor,1.0,True
22047_5a090f16,simple_rotor,5,21665_2e14b6ff,simple_rotor,1.0,True
22047_5a090f16,simple_rotor,6,23102_211ad1db,symmetric_rotor,1.0,False
22047_5a090f16,simple_rotor,7,20680_b095cb77,symmetric_rotor,1.0,False
22047_5a090f16,simple_rotor,8,22140_9cda24cc,simple_rotor,1.0,True
22047_5a090f16,simple_rotor,9,20551_ff28a959,simple_rotor,1.0,True
22047_5a090f16,simple_rotor,10,22216_4b032400,symmetric_rotor,1.0,False
20952_b8a54213,complex_assembly,1,22266_078a1f68,medium_rotor,1.0,False
20952_b8a54213,complex_assembly,2,23194_b675acc0,simple_rotor,1.0,False
20952_b8a54213,complex_assembly,3,19810_f77c5501,medium_rotor,0.999997,False
20952_b8a54213,complex_assembly,4,23211_3aac9c7e,simple_rotor,0.999997,False
20952_b8a54213,complex_assembly,5,22232_cb53774e,medium_rotor,0.999994,False
20952_b8a54213,complex_assembly,6,22535_0ba01cc9,complex_assembly,0.999986,True
20952_b8a54213,complex_assembly,7,21539_cfe1f7fd,medium_rotor,0.999986,False
20952_b8a54213,complex_assembly,8,19051_26735260,high_complexity_rotor,0.999982,False
20952_b8a54213,complex_assembly,9,22981_93f268ae,simple_rotor,0.999976,False
20952_b8a54213,complex_assembly,10,21545_4384f96e,complex_assembly,0.999976,True
21490_d07ff9f8,symmetric_rotor,1,21467_67965037,symmetric_rotor,1.0,True
21490_d07ff9f8,symmetric_rotor,2,22259_613f9d44,symmetric_rotor,0.999999,True
21490_d07ff9f8,symmetric_rotor,3,22050_e8702dd4,symmetric_rotor,0.999977,True
21490_d07ff9f8,symmetric_rotor,4,7780_6c885e81,symmetric_rotor,0.999976,True
21490_d07ff9f8,symmetric_rotor,5,21977_ce9f4e71,high_complexity_rotor,0.999976,False
21490_d07ff9f8,symmetric_rotor,6,23320_e0711ae9,symmetric_rotor,0.999976,True
21490_d07ff9f8,symmetric_rotor,7,21352_c1101acb,high_complexity_rotor,0.999976,False
21490_d07ff9f8,symmetric_rotor,8,21176_b5c72bfb,symmetric_rotor,0.999972,True
21490_d07ff9f8,symmetric_rotor,9,22894_5f7c276d,high_complexity_rotor,0.999946,False
21490_d07ff9f8,symmetric_rotor,10,21551_c6c2d516,high_complexity_rotor,0.999908,False
23041_8d3ea25c,medium_rotor,1,22040_6461a147,medium_rotor,1.0,True
23041_8d3ea25c,medium_rotor,2,22218_2f85f6ae,medium_rotor,1.0,True
23041_8d3ea25c,medium_rotor,3,21529_93e51dd9,medium_rotor,1.0,True
23041_8d3ea25c,medium_rotor,4,20141_b9376856,medium_rotor,0.999999,True
23041_8d3ea25c,medium_rotor,5,23372_4cb88567,medium_rotor,0.999997,True
23041_8d3ea25c,medium_rotor,6,23049_207a41f0,medium_rotor,0.999997,True
23041_8d3ea25c,medium_rotor,7,21695_1f33863f,medium_rotor,0.999995,True
23041_8d3ea25c,medium_rotor,8,22046_fe3bae6e,medium_rotor,0.999995,True
23041_8d3ea25c,medium_rotor,9,21976_807c9b26,simple_rotor,0.999995,False
23041_8d3ea25c,medium_rotor,10,23323_075a079e,medium_rotor,0.99999,True
22241_535ad84b,simple_rotor,1,23329_6939d5d9,high_complexity_rotor,1.0,False
22241_535ad84b,simple_rotor,2,22141_5db99710,symmetric_rotor,0.999999,False
22241_535ad84b,simple_rotor,3,21121_1e9e7540,high_complexity_rotor,0.999999,False
22241_535ad84b,simple_rotor,4,21958_e48ddf4e,symmetric_rotor,0.999995,False
22241_535ad84b,simple_rotor,5,22027_11a2e852,high_complexity_rotor,0.999995,False
22241_535ad84b,simple_rotor,6,20697_d3e106b4,high_complexity_rotor,0.999995,False
22241_535ad84b,simple_rotor,7,22304_33009be6,simple_rotor,0.999989,True
22241_535ad84b,simple_rotor,8,23170_6ea8ded5,symmetric_rotor,0.999989,False
22241_535ad84b,simple_rotor,9,21271_ec7f62b8,symmetric_rotor,0.999989,False
22241_535ad84b,simple_rotor,10,23438_b1ef78f4,symmetric_rotor,0.999989,False
23022_86e6a8a0,simple_rotor,1,20672_0bc07cce,simple_rotor,1.0,True
23022_86e6a8a0,simple_rotor,2,22843_ff77027f,simple_rotor,1.0,True
23022_86e6a8a0,simple_rotor,3,23502_5a80f907,medium_rotor,1.0,False
23022_86e6a8a0,simple_rotor,4,23048_8a1a5553,high_complexity_rotor,1.0,False
23022_86e6a8a0,simple_rotor,5,22528_f3370a64,high_complexity_rotor,1.0,False
23022_86e6a8a0,simple_rotor,6,20322_5a8c6077,medium_rotor,1.0,False
23022_86e6a8a0,simple_rotor,7,20231_f54462bb,simple_rotor,1.0,True
23022_86e6a8a0,simple_rotor,8,21884_cc2c39f9,medium_rotor,1.0,False
23022_86e6a8a0,simple_rotor,9,22405_20f11d58,high_complexity_rotor,1.0,False
23022_86e6a8a0,simple_rotor,10,21274_2fb8c3f5,simple_rotor,1.0,True
23053_139f2009,high_complexity_rotor,1,20672_0bc07cce,simple_rotor,1.0,False
23053_139f2009,high_complexity_rotor,2,22843_ff77027f,simple_rotor,1.0,False
23053_139f2009,high_complexity_rotor,3,23502_5a80f907,medium_rotor,1.0,False
23053_139f2009,high_complexity_rotor,4,23048_8a1a5553,high_complexity_rotor,1.0,True
23053_139f2009,high_complexity_rotor,5,22528_f3370a64,high_complexity_rotor,1.0,True
23053_139f2009,high_complexity_rotor,6,20322_5a8c6077,medium_rotor,1.0,False
23053_139f2009,high_complexity_rotor,7,20231_f54462bb,simple_rotor,1.0,False
23053_139f2009,high_complexity_rotor,8,21884_cc2c39f9,medium_rotor,1.0,False
23053_139f2009,high_complexity_rotor,9,22405_20f11d58,high_complexity_rotor,1.0,True
23053_139f2009,high_complexity_rotor,10,21274_2fb8c3f5,simple_rotor,1.0,False
23037_d0df320c,symmetric_rotor,1,22419_dfeb5d33,high_complexity_rotor,1.0,False
23037_d0df320c,symmetric_rotor,2,21692_777db9e2,symmetric_rotor,0.999999,True
23037_d0df320c,symmetric_rotor,3,22659_0e686e14,symmetric_rotor,0.999999,True
23037_d0df320c,symmetric_rotor,4,22434_2ad62ed6,symmetric_rotor,0.999999,True
23037_d0df320c,symmetric_rotor,5,20225_4ce6d59b,symmetric_rotor,0.999999,True
23037_d0df320c,symmetric_rotor,6,21961_1a090a8b,symmetric_rotor,0.999999,True
23037_d0df320c,symmetric_rotor,7,22508_6bb410af,simple_rotor,0.999999,False
23037_d0df320c,symmetric_rotor,8,22155_ab18f2b6,symmetric_rotor,0.999999,True
23037_d0df320c,symmetric_rotor,9,22892_68138f24,symmetric_rotor,0.999999,True
23037_d0df320c,symmetric_rotor,10,21248_0a862e3e,symmetric_rotor,0.999999,True
22416_4cd31921,high_complexity_rotor,1,21248_0a862e3e,symmetric_rotor,1.0,False
22416_4cd31921,high_complexity_rotor,2,22983_0ab3faaf,symmetric_rotor,1.0,False
22416_4cd31921,high_complexity_rotor,3,21186_d1698d8c,symmetric_rotor,1.0,False
22416_4cd31921,high_complexity_rotor,4,21862_ec534e16,simple_rotor,1.0,False
22416_4cd31921,high_complexity_rotor,5,22508_6bb410af,simple_rotor,1.0,False
22416_4cd31921,high_complexity_rotor,6,22155_ab18f2b6,symmetric_rotor,1.0,False
22416_4cd31921,high_complexity_rotor,7,20421_0fd51709,high_complexity_rotor,1.0,True
22416_4cd31921,high_complexity_rotor,8,22893_eb8aa8ac,high_complexity_rotor,1.0,True
22416_4cd31921,high_complexity_rotor,9,22892_68138f24,symmetric_rotor,1.0,False
22416_4cd31921,high_complexity_rotor,10,22136_a539c50b,simple_rotor,1.0,False
21391_78fc6345,simple_rotor,1,22021_520ec8c3,medium_rotor,1.0,False
21391_78fc6345,simple_rotor,2,21008_a3fec63b,medium_rotor,1.0,False
21391_78fc6345,simple_rotor,3,21580_b8b2571b,high_complexity_rotor,0.999993,False
21391_78fc6345,simple_rotor,4,21718_1551037b,complex_assembly,0.999933,False
21391_78fc6345,simple_rotor,5,20163_3742f394,medium_rotor,0.999565,False
21391_78fc6345,simple_rotor,6,21552_4e9c19b1,medium_rotor,0.99946,False
21391_78fc6345,simple_rotor,7,21979_29f59427,high_complexity_rotor,0.99946,False
21391_78fc6345,simple_rotor,8,21352_d60bc953,complex_assembly,0.999436,False
21391_78fc6345,simple_rotor,9,22035_101c7ab4,medium_rotor,0.998907,False
21391_78fc6345,simple_rotor,10,22082_39503fa6,medium_rotor,0.998751,False
21134_7aa7cd89,high_complexity_rotor,1,20675_66ac9773,high_complexity_rotor,0.999946,True
21134_7aa7cd89,high_complexity_rotor,2,19596_fb9531a5,high_complexity_rotor,0.999731,True
21134_7aa7cd89,high_complexity_rotor,3,23310_7daded69,high_complexity_rotor,0.999513,True
21134_7aa7cd89,high_complexity_rotor,4,23468_a0bfb573,symmetric_rotor,0.999482,False
21134_7aa7cd89,high_complexity_rotor,5,23258_87a2ba81,high_complexity_rotor,0.999428,True
21134_7aa7cd89,high_complexity_rotor,6,23377_690165aa,high_complexity_rotor,0.999427,True
21134_7aa7cd89,high_complexity_rotor,7,20959_d4905d19,high_complexity_rotor,0.999358,True
21134_7aa7cd89,high_complexity_rotor,8,22360_42cd6a21,high_complexity_rotor,0.999349,True
21134_7aa7cd89,high_complexity_rotor,9,21990_7bb6efcf,simple_rotor,0.999182,False
21134_7aa7cd89,high_complexity_rotor,10,23217_7c6062e3,high_complexity_rotor,0.999181,True
21700_28d193ac,high_complexity_rotor,1,21069_508a9947,complex_assembly,0.999995,False
21700_28d193ac,high_complexity_rotor,2,21656_964b0c84,high_complexity_rotor,0.999961,True
21700_28d193ac,high_complexity_rotor,3,22630_b6010fff,medium_rotor,0.999906,False
21700_28d193ac,high_complexity_rotor,4,22079_31335df2,complex_assembly,0.99986,False
21700_28d193ac,high_complexity_rotor,5,21164_de08f61e,medium_rotor,0.999849,False
21700_28d193ac,high_complexity_rotor,6,20440_27177360,medium_rotor,0.999806,False
21700_28d193ac,high_complexity_rotor,7,21858_f1409ea2,medium_rotor,0.999806,False
21700_28d193ac,high_complexity_rotor,8,20430_975b8dcf,high_complexity_rotor,0.999798,True
21700_28d193ac,high_complexity_rotor,9,20260_4a01a99d,high_complexity_rotor,0.999717,True
21700_28d193ac,high_complexity_rotor,10,20431_0088a0dd,medium_rotor,0.999717,False
