assembly_name,family,component_count,body_count,edge_count,face_count,vertex_count,mass,volume,surface_area,material,complexity_ratio,rotational_symmetry,geometric_complexity,source_file
21448_5646a1b6,simple_rotor,3,5.0,219.0,87.0,151.0,0.15340653502169133,19.54223376072501,0.0,Steel,2.5172413793103448,1,457.0,/Users/ulukbekrahmanov/Desktop/fusion_subset/21448_5646a1b6/assembly.json
22312_3f366a4a,symmetric_rotor,1,14.0,656.0,248.0,440.0,6.360785256082966,810.2911154245817,0.0,Steel,2.6451612903225805,1,1344.0,/Users/ulukbekrahmanov/Desktop/fusion_subset/22312_3f366a4a/assembly.json
20756_75f43564,simple_rotor,3,2.0,147.0,67.0,89.0,0.013655171524494834,4.779930369789627,0.0,"Steel, Mild, Aluminum 6061",2.1940298507462686,0,303.0,/Users/ulukbekrahmanov/Desktop/fusion_subset/20756_75f43564/assembly.json
21708_e61bd657,complex_assembly,26,90.0,1789.0,772.0,1214.0,51.79057815693621,337497.6557103915,0.0,"Steel, Wood, Polyurethane Foam",2.3173575129533677,0,3775.0,/Users/ulukbekrahmanov/Desktop/fusion_subset/21708_e61bd657/assembly.json
23311_ad36a9ec,simple_rotor,1,5.0,105.0,46.0,69.0,1.4034615878569097,178.78491565056177,0.0,Steel,2.282608695652174,0,220.0,/Users/ulukbekrahmanov/Desktop/fusion_subset/23311_ad36a9ec/assembly.json
22680_1f4026f6,medium_rotor,3,12.0,399.0,188.0,254.0,6.23206980259829,793.894242369209,0.0,Steel,2.122340425531915,0,841.0,/Users/ulukbekrahmanov/Desktop/fusion_subset/22680_1f4026f6/assembly.json
21265_7329c813,simple_rotor,1,2.0,101.0,51.0,76.0,0.9147685246391526,116.53102224702582,0.0,Steel,1.9803921568627452,0,228.0,/Users/ulukbekrahmanov/Desktop/fusion_subset/21265_7329c813/assembly.json
22832_731d3b9f,medium_rotor,7,34.0,543.0,285.0,392.0,0.753910239041522,625.6801457603831,0.0,"Steel, Wood, Brass",1.9052631578947368,0,1220.0,/Users/ulukbekrahmanov/Desktop/fusion_subset/22832_731d3b9f/assembly.json
23476_705b76d1,medium_rotor,1,12.0,346.0,196.0,224.0,1.3322929414867692,167.88724872103847,0.0,"Titanium, Stainless Steel",1.7653061224489797,0,766.0,/Users/ulukbekrahmanov/Desktop/fusion_subset/23476_705b76d1/assembly.json
22131_6b4b60f8,simple_rotor,8,6.0,79.0,51.0,59.0,10.439197328925902,1329.8340546402424,0.0,Steel,1.5490196078431373,0,189.0,/Users/ulukbekrahmanov/Desktop/fusion_subset/22131_6b4b60f8/assembly.json
20994_9c88b1ba,simple_rotor,3,2.0,54.0,25.0,38.0,0.12774101715525646,16.272741038886174,0.0,Steel,2.16,0,117.0,/Users/ulukbekrahmanov/Desktop/fusion_subset/20994_9c88b1ba/assembly.json
22026_62afa265,simple_rotor,1,3.0,84.0,33.0,56.0,0.12708848320523283,182.79951785715068,0.0,"Wood, Rubber, Silicone",2.5454545454545454,1,173.0,/Users/ulukbekrahmanov/Desktop/fusion_subset/22026_62afa265/assembly.json
22021_520ec8c3,medium_rotor,13,29.0,342.0,228.0,298.0,0.30456452801514694,189.71244726899138,0.0,"Wood, Steel, Aluminum",1.5,0,868.0,/Users/ulukbekrahmanov/Desktop/fusion_subset/22021_520ec8c3/assembly.json
20351_dc6e4e1e,complex_assembly,30,258.0,6203.0,2974.0,4254.0,2.224503193543919,283.3762029992252,0.0,"Steel, Mild",2.085743106926698,0,13431.0,/Users/ulukbekrahmanov/Desktop/fusion_subset/20351_dc6e4e1e/assembly.json
22218_2f85f6ae,medium_rotor,10,9.0,278.0,155.0,209.0,9.402213096143779,1175.2766370179722,0.0,Stainless Steel,1.793548387096774,0,642.0,/Users/ulukbekrahmanov/Desktop/fusion_subset/22218_2f85f6ae/assembly.json
21810_718ae2fe,simple_rotor,1,6.0,206.0,70.0,138.0,5.222655082364009,665.3063799189823,0.0,Steel,2.942857142857143,1,414.0,/Users/ulukbekrahmanov/Desktop/fusion_subset/21810_718ae2fe/assembly.json
20215_e2eb3082,medium_rotor,9,13.0,577.0,256.0,404.0,0.7446153049976135,94.85545286593803,0.0,"Steel, Mild",2.25390625,0,1237.0,/Users/ulukbekrahmanov/Desktop/fusion_subset/20215_e2eb3082/assembly.json
22561_067b78ae,symmetric_rotor,2,4.0,626.0,243.0,410.0,0.033222618790134974,1.5601919878534107,0.0,"Phenolic Resin, Platinum",2.5761316872427984,1,1279.0,/Users/ulukbekrahmanov/Desktop/fusion_subset/22561_067b78ae/assembly.json
21421_fb12b69b,complex_assembly,89,95.0,5152.0,2455.0,3532.0,4.119396720203721,1632.8409370843815,0.0,"Wood, Steel, Brass",2.0985743380855397,0,11139.0,/Users/ulukbekrahmanov/Desktop/fusion_subset/21421_fb12b69b/assembly.json
22082_39503fa6,medium_rotor,22,56.0,1128.0,509.0,757.0,2.9355372303480243,373.9537873054807,0.0,Steel,2.2161100196463654,0,2394.0,/Users/ulukbekrahmanov/Desktop/fusion_subset/22082_39503fa6/assembly.json
23308_245d257c,medium_rotor,1,3.0,444.0,178.0,278.0,0.1244151336468581,15.84906161106473,0.0,Steel,2.49438202247191,0,900.0,/Users/ulukbekrahmanov/Desktop/fusion_subset/23308_245d257c/assembly.json
22844_9b75b8e0,simple_rotor,1,3.0,63.0,32.0,46.0,0.1630665513237929,20.772809085833494,0.0,Steel,1.96875,0,141.0,/Users/ulukbekrahmanov/Desktop/fusion_subset/22844_9b75b8e0/assembly.json
20408_b4fda9eb,medium_rotor,1,7.0,327.0,167.0,194.0,0.014325510675415345,1.824905818524248,0.0,"Steel, Mild",1.9580838323353293,0,688.0,/Users/ulukbekrahmanov/Desktop/fusion_subset/20408_b4fda9eb/assembly.json
21326_ab4d6c43,simple_rotor,6,5.0,227.0,115.0,148.0,0.018696219581248702,2.381684023089007,0.0,Steel,1.9739130434782608,0,490.0,/Users/ulukbekrahmanov/Desktop/fusion_subset/21326_ab4d6c43/assembly.json
22211_b1ee53f0,complex_assembly,22,41.0,3187.0,1227.0,2147.0,1.39189092924748,177.31094640095287,0.0,Steel,2.5973920130399346,1,6561.0,/Users/ulukbekrahmanov/Desktop/fusion_subset/22211_b1ee53f0/assembly.json
23211_3aac9c7e,simple_rotor,10,14.0,156.0,98.0,125.0,0.23394110151184686,410.2378146986235,0.0,Wood,1.5918367346938775,0,379.0,/Users/ulukbekrahmanov/Desktop/fusion_subset/23211_3aac9c7e/assembly.json
20676_9715ec9c,medium_rotor,1,12.0,406.0,192.0,231.0,0.03310190889707851,31.2282159406401,0.0,ABS Plastic,2.1145833333333335,0,829.0,/Users/ulukbekrahmanov/Desktop/fusion_subset/20676_9715ec9c/assembly.json
20220_3de82b2a,simple_rotor,1,3.0,52.0,24.0,28.0,329.95006825578696,42031.855828762666,0.0,"Steel, Mild",2.1666666666666665,0,104.0,/Users/ulukbekrahmanov/Desktop/fusion_subset/20220_3de82b2a/assembly.json
22776_facf9bcf,medium_rotor,17,16.0,593.0,287.0,400.0,1.133859809687112,144.44074008753023,0.0,Steel,2.0662020905923346,0,1280.0,/Users/ulukbekrahmanov/Desktop/fusion_subset/22776_facf9bcf/assembly.json
21837_b67d788c,medium_rotor,2,16.0,645.0,259.0,432.0,0.017694865554847748,2.2541230006175477,0.0,Steel,2.4903474903474905,0,1336.0,/Users/ulukbekrahmanov/Desktop/fusion_subset/21837_b67d788c/assembly.json
20668_b2f2633e,high_complexity_rotor,3,11.0,2862.0,1326.0,1574.0,0.22000272814973287,28.025825242004192,0.0,Steel,2.158371040723982,0,5762.0,/Users/ulukbekrahmanov/Desktop/fusion_subset/20668_b2f2633e/assembly.json
21459_a9de5e5b,simple_rotor,1,4.0,76.0,32.0,50.0,0.0,13.72406088492881,0.0,"Steel, Mild, Acetal Resin, Black, Magnesium",2.375,0,158.0,/Users/ulukbekrahmanov/Desktop/fusion_subset/21459_a9de5e5b/assembly.json
21386_e234c6b6,symmetric_rotor,3,7.0,839.0,324.0,572.0,10.533118485391029,1341.7985331708314,0.0,Steel,2.5895061728395063,1,1735.0,/Users/ulukbekrahmanov/Desktop/fusion_subset/21386_e234c6b6/assembly.json
22474_b10fea1a,medium_rotor,18,26.0,471.0,313.0,390.0,17.67149771143742,2251.1462052786565,0.0,Steel,1.5047923322683705,0,1174.0,/Users/ulukbekrahmanov/Desktop/fusion_subset/22474_b10fea1a/assembly.json
19051_26735260,high_complexity_rotor,14,20.0,3156.0,1263.0,2072.0,7.85613562612075,1004.9864417201959,0.0,"Stainless Steel, 440C, Steel, Mild, Rubber",2.498812351543943,0,6491.0,/Users/ulukbekrahmanov/Desktop/fusion_subset/19051_26735260/assembly.json
20332_0c2a24aa,simple_rotor,3,2.0,42.0,18.0,30.0,0.6733832410354295,85.78130459050058,0.0,"Steel, Mild",2.3333333333333335,0,90.0,/Users/ulukbekrahmanov/Desktop/fusion_subset/20332_0c2a24aa/assembly.json
20807_88c198d5,simple_rotor,1,2.0,119.0,42.0,84.0,2.8499240343751713,363.0476476911047,0.0,Steel,2.8333333333333335,1,245.0,/Users/ulukbekrahmanov/Desktop/fusion_subset/20807_88c198d5/assembly.json
21825_ce32b0a0,simple_rotor,2,2.0,168.0,62.0,109.0,0.04812374930041037,6.130413923619155,0.0,Steel,2.7096774193548385,1,339.0,/Users/ulukbekrahmanov/Desktop/fusion_subset/21825_ce32b0a0/assembly.json
23366_cc0bc28e,medium_rotor,1,2.0,268.0,117.0,167.0,0.8735185367921723,111.27624672511749,0.0,Steel,2.2905982905982905,0,552.0,/Users/ulukbekrahmanov/Desktop/fusion_subset/23366_cc0bc28e/assembly.json
22136_a539c50b,simple_rotor,1,3.0,84.0,26.0,62.0,0.00033264363421519277,0.04237498525034303,0.0,Steel,3.230769230769231,1,172.0,/Users/ulukbekrahmanov/Desktop/fusion_subset/22136_a539c50b/assembly.json
20414_a33bd0d7,medium_rotor,1,10.0,265.0,134.0,190.0,1.055489072812649,134.45720672772597,0.0,"Steel, Mild",1.9776119402985075,0,589.0,/Users/ulukbekrahmanov/Desktop/fusion_subset/20414_a33bd0d7/assembly.json
22196_0deb2e34,medium_rotor,3,3.0,972.0,396.0,638.0,0.07785604118460757,73.44909545717695,0.0,ABS Plastic,2.4545454545454546,0,2006.0,/Users/ulukbekrahmanov/Desktop/fusion_subset/22196_0deb2e34/assembly.json
23273_8f301ce3,complex_assembly,23,22.0,4300.0,1558.0,2885.0,8.276125481392897,1183.5460994164237,0.0,"Steel, Bamboo, ABS Plastic",2.7599486521181,1,8743.0,/Users/ulukbekrahmanov/Desktop/fusion_subset/23273_8f301ce3/assembly.json
21063_037107dc,high_complexity_rotor,1,220.0,2477.0,1040.0,1449.0,0.14011558294422155,17.849118846397687,0.0,Steel,2.3817307692307694,0,4966.0,/Users/ulukbekrahmanov/Desktop/fusion_subset/21063_037107dc/assembly.json
23351_6104d55d,simple_rotor,1,3.0,55.0,26.0,38.0,2.798639212558206,356.5145493704721,0.0,Steel,2.1153846153846154,0,119.0,/Users/ulukbekrahmanov/Desktop/fusion_subset/23351_6104d55d/assembly.json
21236_b696e901,complex_assembly,149,161.0,9740.0,3974.0,6733.0,1.7505252510981446,421.31917654214647,0.0,"Copper, Polyurethane Foam, Steel",2.4509310518369403,0,20447.0,/Users/ulukbekrahmanov/Desktop/fusion_subset/21236_b696e901/assembly.json
23321_c9497b79,simple_rotor,6,4.0,55.0,50.0,51.0,7.841093828090134,1016.6692229670456,0.0,"Steel, Glass, Cast, Clear",1.1,0,156.0,/Users/ulukbekrahmanov/Desktop/fusion_subset/23321_c9497b79/assembly.json
21351_675c66b1,complex_assembly,38,108.0,1519.0,840.0,1027.0,51.90083926247319,7354.476400459955,0.0,"Steel, Plastic",1.8083333333333333,0,3386.0,/Users/ulukbekrahmanov/Desktop/fusion_subset/21351_675c66b1/assembly.json
20675_66ac9773,high_complexity_rotor,8,32.0,29792.0,10128.0,19530.0,627.3053685544205,79911.51191776055,0.0,"Steel, Mild, Steel",2.941548183254344,1,59450.0,/Users/ulukbekrahmanov/Desktop/fusion_subset/20675_66ac9773/assembly.json
23238_3c864758,medium_rotor,1,6.0,244.0,125.0,163.0,21.438347226872068,2730.999646735295,0.0,Steel,1.952,0,532.0,/Users/ulukbekrahmanov/Desktop/fusion_subset/23238_3c864758/assembly.json
20193_2da4f0a0,simple_rotor,3,3.0,68.0,32.0,46.0,2.9143572915165366,371.25570592567345,0.0,"Steel, Mild",2.125,0,146.0,/Users/ulukbekrahmanov/Desktop/fusion_subset/20193_2da4f0a0/assembly.json
23473_1dfa6e40,medium_rotor,1,34.0,666.0,300.0,448.0,0.32236139951955256,41.065146435611794,0.0,Steel,2.22,0,1414.0,/Users/ulukbekrahmanov/Desktop/fusion_subset/23473_1dfa6e40/assembly.json
21709_4dd88551,high_complexity_rotor,13,16.0,2084.0,735.0,1404.0,5.4933542843715975,1457.045226327639,0.0,"Acetal Resin, White, Steel, ABS Plastic",2.835374149659864,1,4223.0,/Users/ulukbekrahmanov/Desktop/fusion_subset/21709_4dd88551/assembly.json
20646_4cd14a72,simple_rotor,6,5.0,168.0,82.0,117.0,0.30297619728362246,38.59569392148057,0.0,Steel,2.048780487804878,0,367.0,/Users/ulukbekrahmanov/Desktop/fusion_subset/20646_4cd14a72/assembly.json
21588_0c48dc5f,simple_rotor,5,8.0,188.0,90.0,131.0,2.5246212018838756,321.60779641832806,0.0,Steel,2.088888888888889,0,409.0,/Users/ulukbekrahmanov/Desktop/fusion_subset/21588_0c48dc5f/assembly.json
23377_690165aa,high_complexity_rotor,2,35.0,2899.0,1140.0,1952.0,0.07069148187680063,9.00528431551598,0.0,Steel,2.5429824561403507,1,5991.0,/Users/ulukbekrahmanov/Desktop/fusion_subset/23377_690165aa/assembly.json
23468_a0bfb573,symmetric_rotor,8,17.0,1282.0,479.0,866.0,0.4752187844623831,60.53742477227811,0.0,Steel,2.6764091858037578,1,2627.0,/Users/ulukbekrahmanov/Desktop/fusion_subset/23468_a0bfb573/assembly.json
20468_1c33550a,simple_rotor,1,4.0,123.0,53.0,76.0,0.9617498800915052,122.5159082919115,0.0,"Steel, Mild",2.3207547169811322,0,252.0,/Users/ulukbekrahmanov/Desktop/fusion_subset/20468_1c33550a/assembly.json
21176_b5c72bfb,symmetric_rotor,7,7.0,414.0,152.0,276.0,6.458829599617194,11326.167724885852,0.0,Wood,2.723684210526316,1,842.0,/Users/ulukbekrahmanov/Desktop/fusion_subset/21176_b5c72bfb/assembly.json
23252_ef165bed,medium_rotor,1,53.0,644.0,338.0,443.0,0.031036444338005068,3.9536871768159316,0.0,Steel,1.9053254437869822,0,1425.0,/Users/ulukbekrahmanov/Desktop/fusion_subset/23252_ef165bed/assembly.json
21164_de08f61e,medium_rotor,12,39.0,1251.0,689.0,847.0,3.7082462226144894,200.98401051800826,0.0,"Copper, Titanium, Gold",1.8156748911465892,0,2787.0,/Users/ulukbekrahmanov/Desktop/fusion_subset/21164_de08f61e/assembly.json
20789_1809f41f,medium_rotor,8,10.0,424.0,176.0,283.0,159.62700053586425,87444.51662877313,0.0,"Wood, Aluminum",2.409090909090909,0,883.0,/Users/ulukbekrahmanov/Desktop/fusion_subset/20789_1809f41f/assembly.json
22197_66c5655e,medium_rotor,3,3.0,837.0,365.0,598.0,0.15537208102261213,102.20188106271361,0.0,"ABS Plastic, Glass, Cast, Clear",2.293150684931507,0,1800.0,/Users/ulukbekrahmanov/Desktop/fusion_subset/22197_66c5655e/assembly.json
21352_c1101acb,high_complexity_rotor,5,4.0,1892.0,712.0,1209.0,875.2769490942155,111500.24829225673,0.0,Steel,2.657303370786517,1,3813.0,/Users/ulukbekrahmanov/Desktop/fusion_subset/21352_c1101acb/assembly.json
22376_3ebc82a2,medium_rotor,9,40.0,1149.0,514.0,779.0,14.697756774990223,1872.3257038204104,0.0,Steel,2.235408560311284,0,2442.0,/Users/ulukbekrahmanov/Desktop/fusion_subset/22376_3ebc82a2/assembly.json
20502_58b65de9,symmetric_rotor,19,18.0,1091.0,435.0,694.0,13.80761742828632,1758.9321564695952,0.0,"Steel, Mild",2.5080459770114945,1,2220.0,/Users/ulukbekrahmanov/Desktop/fusion_subset/20502_58b65de9/assembly.json
21153_a2fb81fe,high_complexity_rotor,3,16.0,1634.0,681.0,1145.0,298.48447896882084,38023.50050558228,0.0,Steel,2.3994126284875184,0,3460.0,/Users/ulukbekrahmanov/Desktop/fusion_subset/21153_a2fb81fe/assembly.json
20409_dafedec6,simple_rotor,1,1.0,52.0,26.0,28.0,0.2577306786880475,30.35697039906331,0.0,Brass,2.0,0,106.0,/Users/ulukbekrahmanov/Desktop/fusion_subset/20409_dafedec6/assembly.json
21492_8bd34fc1,complex_assembly,86,87.0,5389.0,2051.0,3710.0,12.022523230745945,1805.6258068030102,0.0,"Steel, Wood",2.627498781082399,1,11150.0,/Users/ulukbekrahmanov/Desktop/fusion_subset/21492_8bd34fc1/assembly.json
20622_38dd90d0,high_complexity_rotor,5,43.0,1797.0,885.0,1292.0,2.3679177396010425,301.6455719236995,0.0,"Steel, Mild",2.0305084745762714,0,3974.0,/Users/ulukbekrahmanov/Desktop/fusion_subset/20622_38dd90d0/assembly.json
22428_c1ffa51a,high_complexity_rotor,2,57.0,4909.0,1899.0,3156.0,0.9155790701961481,116.63427645810808,0.0,Steel,2.5850447604002107,1,9964.0,/Users/ulukbekrahmanov/Desktop/fusion_subset/22428_c1ffa51a/assembly.json
21047_60d69af3,simple_rotor,1,2.0,88.0,43.0,60.0,0.02429720199078107,3.0951849669784806,0.0,Steel,2.046511627906977,0,191.0,/Users/ulukbekrahmanov/Desktop/fusion_subset/21047_60d69af3/assembly.json
23215_08a54de0,simple_rotor,3,5.0,93.0,41.0,62.0,75.90801228801443,9669.81048254961,0.0,Steel,2.268292682926829,0,196.0,/Users/ulukbekrahmanov/Desktop/fusion_subset/23215_08a54de0/assembly.json
20680_b095cb77,symmetric_rotor,1,1.0,1191.0,429.0,763.0,0.025349491500545298,23.91461462315594,0.0,ABS Plastic,2.7762237762237763,1,2383.0,/Users/ulukbekrahmanov/Desktop/fusion_subset/20680_b095cb77/assembly.json
23130_7417d5b3,high_complexity_rotor,1,18.0,1639.0,661.0,1184.0,196.0331344651597,27395.01931563561,0.0,"Titanium, Steel",2.479576399394856,0,3484.0,/Users/ulukbekrahmanov/Desktop/fusion_subset/23130_7417d5b3/assembly.json
22193_c8773ded,high_complexity_rotor,1,52.0,2672.0,1179.0,1775.0,8.099622551510908,1031.7990511478856,0.0,Steel,2.2663273960983883,0,5626.0,/Users/ulukbekrahmanov/Desktop/fusion_subset/22193_c8773ded/assembly.json
20735_fb18051a,medium_rotor,1,37.0,972.0,546.0,679.0,2.382297433126372,303.4773800160983,0.0,Steel,1.7802197802197801,0,2197.0,/Users/ulukbekrahmanov/Desktop/fusion_subset/20735_fb18051a/assembly.json
20989_885bd9b9,simple_rotor,2,1.0,136.0,50.0,95.0,0.007903870730397035,1.006862513426374,0.0,"Steel, Mild",2.72,1,281.0,/Users/ulukbekrahmanov/Desktop/fusion_subset/20989_885bd9b9/assembly.json
20927_826f4b56,simple_rotor,1,1.0,12.0,6.0,8.0,1.6844135586020348e-06,0.00021457497561809362,0.0,Steel,2.0,0,26.0,/Users/ulukbekrahmanov/Desktop/fusion_subset/20927_826f4b56/assembly.json
21719_d60b8a4a,medium_rotor,2,12.0,970.0,429.0,562.0,0.2810514772330804,35.80273595325865,0.0,Steel,2.261072261072261,0,1961.0,/Users/ulukbekrahmanov/Desktop/fusion_subset/21719_d60b8a4a/assembly.json
21776_fb0bfbc6,simple_rotor,2,1.0,202.0,82.0,122.0,0.22063707998456455,28.10663439293816,0.0,Steel,2.4634146341463414,0,406.0,/Users/ulukbekrahmanov/Desktop/fusion_subset/21776_fb0bfbc6/assembly.json
23372_4cb88567,medium_rotor,11,10.0,329.0,154.0,223.0,80.65828495309415,10274.940758355946,0.0,Steel,2.1363636363636362,0,706.0,/Users/ulukbekrahmanov/Desktop/fusion_subset/23372_4cb88567/assembly.json
22895_4533b542,simple_rotor,1,6.0,216.0,96.0,140.0,0.0552832011388471,7.042446004948675,0.0,Steel,2.25,0,452.0,/Users/ulukbekrahmanov/Desktop/fusion_subset/22895_4533b542/assembly.json
20870_dedaef5b,high_complexity_rotor,2,25.0,10245.0,4425.0,6472.0,0.612656149942258,78.04536941939591,0.0,Steel,2.3152542372881357,0,21142.0,/Users/ulukbekrahmanov/Desktop/fusion_subset/20870_dedaef5b/assembly.json
22399_97987ada,symmetric_rotor,3,6.0,1335.0,489.0,891.0,0.12198941689789666,100.30548479622198,0.0,"Nylon 6/6, Steel",2.7300613496932513,1,2715.0,/Users/ulukbekrahmanov/Desktop/fusion_subset/22399_97987ada/assembly.json
20376_eefa9511,simple_rotor,1,2.0,24.0,12.0,16.0,0.09315326333521987,11.866657749709537,0.0,"Steel, Mild",2.0,0,52.0,/Users/ulukbekrahmanov/Desktop/fusion_subset/20376_eefa9511/assembly.json
22180_ce7c3bd8,simple_rotor,5,4.0,35.0,24.0,23.0,2.74868565377696,350.151038697702,0.0,Steel,1.4583333333333333,0,82.0,/Users/ulukbekrahmanov/Desktop/fusion_subset/22180_ce7c3bd8/assembly.json
20421_49bd1188,medium_rotor,4,5.0,799.0,327.0,529.0,6.444060365257177,6444.060365257178,0.0,Generic,2.4434250764525993,0,1655.0,/Users/ulukbekrahmanov/Desktop/fusion_subset/20421_49bd1188/assembly.json
20530_2246503a,medium_rotor,1,8.0,446.0,286.0,304.0,0.8380039541480461,106.7520960698148,0.0,Steel,1.5594405594405594,0,1036.0,/Users/ulukbekrahmanov/Desktop/fusion_subset/20530_2246503a/assembly.json
20815_b3d9e6c9,medium_rotor,1,19.0,267.0,150.0,175.0,7.436952966387593,947.3825434888656,0.0,Steel,1.78,0,592.0,/Users/ulukbekrahmanov/Desktop/fusion_subset/20815_b3d9e6c9/assembly.json
21809_8bd6b10e,high_complexity_rotor,14,11.0,2773.0,1176.0,1697.0,0.888883549428679,113.23357317562791,0.0,Steel,2.3579931972789114,0,5646.0,/Users/ulukbekrahmanov/Desktop/fusion_subset/21809_8bd6b10e/assembly.json
22210_649a5363,simple_rotor,1,2.0,41.0,37.0,36.0,5.659038475752863,720.8966211150145,0.0,Steel,1.1081081081081081,0,114.0,/Users/ulukbekrahmanov/Desktop/fusion_subset/22210_649a5363/assembly.json
23195_2629864e,complex_assembly,38,59.0,4057.0,1775.0,2737.0,80.78124172367416,10290.604041232375,0.0,Steel,2.285633802816901,0,8569.0,/Users/ulukbekrahmanov/Desktop/fusion_subset/23195_2629864e/assembly.json
22827_f33929ec,high_complexity_rotor,3,55.0,2201.0,1081.0,1522.0,1.3758134215478794,175.26285624813752,0.0,Steel,2.036077705827937,0,4804.0,/Users/ulukbekrahmanov/Desktop/fusion_subset/22827_f33929ec/assembly.json
20745_3e22ad07,high_complexity_rotor,1,36.0,11012.0,3496.0,7303.0,2.2069083524550757,281.13482196879943,0.0,"Steel, Mild",3.1498855835240276,1,21811.0,/Users/ulukbekrahmanov/Desktop/fusion_subset/20745_3e22ad07/assembly.json
21779_b99623fc,medium_rotor,1,10.0,780.0,363.0,468.0,0.06255853374524098,11.218002749951419,0.0,"Titanium, Steel",2.1487603305785123,0,1611.0,/Users/ulukbekrahmanov/Desktop/fusion_subset/21779_b99623fc/assembly.json
20212_5d1f2de1,simple_rotor,1,4.0,151.0,64.0,106.0,0.0342683543051454,8.86849257185893,0.0,"Steel, Mild, Acetal Resin, Black, Brass",2.359375,0,321.0,/Users/ulukbekrahmanov/Desktop/fusion_subset/20212_5d1f2de1/assembly.json
21550_0b16151d,medium_rotor,1,15.0,833.0,382.0,522.0,0.061302908927595955,7.809287761477193,0.0,Steel,2.180628272251309,0,1737.0,/Users/ulukbekrahmanov/Desktop/fusion_subset/21550_0b16151d/assembly.json
23209_1592b0a4,simple_rotor,11,13.0,126.0,85.0,102.0,0.2253811557020487,395.2271413271791,0.0,Wood,1.4823529411764707,0,313.0,/Users/ulukbekrahmanov/Desktop/fusion_subset/23209_1592b0a4/assembly.json
22498_b8bdb105,simple_rotor,1,2.0,16.0,18.0,16.0,0.010071489652536084,9.50140533258121,0.0,ABS Plastic,0.8888888888888888,0,50.0,/Users/ulukbekrahmanov/Desktop/fusion_subset/22498_b8bdb105/assembly.json
23380_abffc859,medium_rotor,1,79.0,1221.0,675.0,945.0,13.909122377250148,1771.8627232165798,0.0,Steel,1.808888888888889,0,2841.0,/Users/ulukbekrahmanov/Desktop/fusion_subset/23380_abffc859/assembly.json
20389_c835706f,medium_rotor,1,38.0,993.0,509.0,659.0,4.700816513665376,4700.816513665375,0.0,Generic,1.9508840864440078,0,2161.0,/Users/ulukbekrahmanov/Desktop/fusion_subset/20389_c835706f/assembly.json
21429_6d2d3974,medium_rotor,3,57.0,767.0,446.0,563.0,286.6812744885461,37428.77403471894,0.0,"Steel, Rubber, Natural",1.7197309417040358,0,1776.0,/Users/ulukbekrahmanov/Desktop/fusion_subset/21429_6d2d3974/assembly.json
21843_effbd24d,high_complexity_rotor,2,6.0,1650.0,622.0,1081.0,0.1703483548608055,21.700427370803247,0.0,Steel,2.652733118971061,1,3353.0,/Users/ulukbekrahmanov/Desktop/fusion_subset/21843_effbd24d/assembly.json
23439_18900af2,simple_rotor,1,8.0,93.0,43.0,62.0,3.179617093078604,405.0467634495037,0.0,Steel,2.1627906976744184,0,198.0,/Users/ulukbekrahmanov/Desktop/fusion_subset/23439_18900af2/assembly.json
21737_87d83240,medium_rotor,7,7.0,279.0,133.0,188.0,2.2409691115672867,285.47377217417664,0.0,Steel,2.0977443609022557,0,600.0,/Users/ulukbekrahmanov/Desktop/fusion_subset/21737_87d83240/assembly.json
21496_f4025ad5,medium_rotor,1,5.0,392.0,174.0,208.0,18748.36109681067,2388326.2543707862,0.0,Steel,2.2528735632183907,0,774.0,/Users/ulukbekrahmanov/Desktop/fusion_subset/21496_f4025ad5/assembly.json
22053_de30641b,simple_rotor,10,6.0,60.0,40.0,46.0,11.996276542058093,1528.1880945296932,0.0,Steel,1.5,0,146.0,/Users/ulukbekrahmanov/Desktop/fusion_subset/22053_de30641b/assembly.json
22891_b8c84495,simple_rotor,1,3.0,222.0,99.0,143.0,0.013844452363851817,1.7636245049492763,0.0,Steel,2.242424242424242,0,464.0,/Users/ulukbekrahmanov/Desktop/fusion_subset/22891_b8c84495/assembly.json
21390_4d1e2d9c,medium_rotor,1,9.0,916.0,386.0,610.0,0.002287345602968609,0.2913816054737082,0.0,Steel,2.373056994818653,0,1912.0,/Users/ulukbekrahmanov/Desktop/fusion_subset/21390_4d1e2d9c/assembly.json
22378_234fea2c,simple_rotor,4,7.0,80.0,56.0,66.0,0.016371249402132047,2.0855094779786048,0.0,Steel,1.4285714285714286,0,202.0,/Users/ulukbekrahmanov/Desktop/fusion_subset/22378_234fea2c/assembly.json
22659_0e686e14,symmetric_rotor,1,5.0,889.0,349.0,586.0,0.11896844617953133,15.155216073825645,0.0,Steel,2.5472779369627507,1,1824.0,/Users/ulukbekrahmanov/Desktop/fusion_subset/22659_0e686e14/assembly.json
22304_33009be6,simple_rotor,1,13.0,141.0,50.0,102.0,0.0,0.0,0.0,Steel,2.82,1,293.0,/Users/ulukbekrahmanov/Desktop/fusion_subset/22304_33009be6/assembly.json
20765_99d0665e,high_complexity_rotor,1,70.0,2228.0,1002.0,1502.0,5183.989443335028,660380.8208070097,0.0,Steel,2.223552894211577,0,4732.0,/Users/ulukbekrahmanov/Desktop/fusion_subset/20765_99d0665e/assembly.json
23422_f214bd4d,complex_assembly,34,268.0,4773.0,2155.0,3361.0,68.58072126756927,10012.29044115404,0.0,"Wood, Steel, ABS Plastic",2.2148491879350347,0,10289.0,/Users/ulukbekrahmanov/Desktop/fusion_subset/23422_f214bd4d/assembly.json
23343_f000bdae,simple_rotor,1,2.0,7.0,6.0,6.0,1.2868925342377258e-05,0.0016393535467996508,0.0,"Steel, Glass, Cast, Clear",1.1666666666666667,0,19.0,/Users/ulukbekrahmanov/Desktop/fusion_subset/23343_f000bdae/assembly.json
23161_e7f63a9f,high_complexity_rotor,1,100.0,1398.0,783.0,942.0,19.068035907243768,2429.0491601584076,0.0,Steel,1.78544061302682,0,3123.0,/Users/ulukbekrahmanov/Desktop/fusion_subset/23161_e7f63a9f/assembly.json
22011_0832eefe,medium_rotor,18,18.0,1005.0,454.0,644.0,11.145127146855483,1549.421451472751,0.0,"Steel, Iron, Cast",2.2136563876651985,0,2103.0,/Users/ulukbekrahmanov/Desktop/fusion_subset/22011_0832eefe/assembly.json
22214_b098105d,simple_rotor,3,10.0,168.0,93.0,115.0,19.646320446105058,2502.7159803955487,0.0,Steel,1.8064516129032258,0,376.0,/Users/ulukbekrahmanov/Desktop/fusion_subset/22214_b098105d/assembly.json
22046_fe3bae6e,medium_rotor,57,50.0,794.0,398.0,552.0,0.10638812488552278,97.29148265923277,0.0,"Wood, Steel, ABS Plastic",1.9949748743718594,0,1744.0,/Users/ulukbekrahmanov/Desktop/fusion_subset/22046_fe3bae6e/assembly.json
23204_ff1672a9,complex_assembly,22,123.0,3523.0,1565.0,2401.0,11.425101011325083,1455.4268804235774,0.0,Steel,2.2511182108626198,0,7489.0,/Users/ulukbekrahmanov/Desktop/fusion_subset/23204_ff1672a9/assembly.json
21529_93e51dd9,medium_rotor,10,9.0,348.0,168.0,251.0,0.7623181738448058,95.28977173060075,0.0,Stainless Steel,2.0714285714285716,0,767.0,/Users/ulukbekrahmanov/Desktop/fusion_subset/21529_93e51dd9/assembly.json
20429_419c4cdd,simple_rotor,1,1.0,28.0,10.0,20.0,0.0,0.0,0.0,"Steel, Mild",2.8,1,58.0,/Users/ulukbekrahmanov/Desktop/fusion_subset/20429_419c4cdd/assembly.json
20241_8c0d3f83,simple_rotor,3,1.0,42.0,19.0,30.0,1.2222250770622862,155.69746204615112,0.0,"Steel, Mild",2.210526315789474,0,91.0,/Users/ulukbekrahmanov/Desktop/fusion_subset/20241_8c0d3f83/assembly.json
20440_27177360,medium_rotor,6,17.0,590.0,268.0,412.0,1.953265792560747,3425.2360488247455,0.0,Wood,2.201492537313433,0,1270.0,/Users/ulukbekrahmanov/Desktop/fusion_subset/20440_27177360/assembly.json
20554_abcb705e,medium_rotor,9,9.0,314.0,162.0,224.0,2.0164728529040232,263.4458232373796,0.0,"Steel, Aluminum",1.9382716049382716,0,700.0,/Users/ulukbekrahmanov/Desktop/fusion_subset/20554_abcb705e/assembly.json
22135_2aa77ff2,simple_rotor,2,1.0,101.0,50.0,56.0,0.27637626966528495,35.207168110227386,0.0,Steel,2.02,0,207.0,/Users/ulukbekrahmanov/Desktop/fusion_subset/22135_2aa77ff2/assembly.json
21204_96d26a7f,high_complexity_rotor,10,10.0,6449.0,2213.0,4397.0,1.7321644956114899,220.65789753012618,0.0,Steel,2.9141436963398104,1,13059.0,/Users/ulukbekrahmanov/Desktop/fusion_subset/21204_96d26a7f/assembly.json
22259_613f9d44,symmetric_rotor,6,6.0,518.0,194.0,343.0,0.3142568077208113,40.032714359339025,0.0,Steel,2.670103092783505,1,1055.0,/Users/ulukbekrahmanov/Desktop/fusion_subset/22259_613f9d44/assembly.json
20520_7e357152,medium_rotor,1,3.0,382.0,179.0,248.0,0.09261128970239693,92.61128970239693,0.0,Generic,2.1340782122905027,0,809.0,/Users/ulukbekrahmanov/Desktop/fusion_subset/20520_7e357152/assembly.json
20802_802b7d69,simple_rotor,3,2.0,83.0,40.0,47.0,0.16602986481462137,172.6013688847118,0.0,"Steel, Rubber, Natural",2.075,0,170.0,/Users/ulukbekrahmanov/Desktop/fusion_subset/20802_802b7d69/assembly.json
20392_8b23d193,simple_rotor,1,2.0,29.0,18.0,22.0,0.4939334043576402,62.92145278441277,0.0,"Steel, Mild",1.6111111111111112,0,69.0,/Users/ulukbekrahmanov/Desktop/fusion_subset/20392_8b23d193/assembly.json
22178_976d2411,simple_rotor,1,2.0,59.0,24.0,39.0,0.36692119858064753,46.74155395931817,0.0,Steel,2.4583333333333335,0,122.0,/Users/ulukbekrahmanov/Desktop/fusion_subset/22178_976d2411/assembly.json
22710_77324fc2,medium_rotor,1,9.0,571.0,233.0,380.0,30.418631167438694,3874.984862094102,0.0,Steel,2.4506437768240343,0,1184.0,/Users/ulukbekrahmanov/Desktop/fusion_subset/22710_77324fc2/assembly.json
20245_f1b25d43,high_complexity_rotor,1,110.0,4787.0,1914.0,3402.0,16.344384998953494,2082.087261013184,0.0,"Steel, Mild",2.501044932079415,1,10103.0,/Users/ulukbekrahmanov/Desktop/fusion_subset/20245_f1b25d43/assembly.json
22617_a286f13c,medium_rotor,1,4.0,806.0,339.0,565.0,322.37138658606915,41066.418673384615,0.0,Steel,2.377581120943953,0,1710.0,/Users/ulukbekrahmanov/Desktop/fusion_subset/22617_a286f13c/assembly.json
23233_ac09e2e5,high_complexity_rotor,12,17.0,1892.0,689.0,1329.0,2.9292532202442825,373.15327646423975,0.0,Steel,2.7460087082728593,1,3910.0,/Users/ulukbekrahmanov/Desktop/fusion_subset/23233_ac09e2e5/assembly.json
21469_abec26c4,simple_rotor,4,4.0,210.0,88.0,150.0,0.25906308058456956,30.52956805484918,0.0,"Steel, Brass",2.3863636363636362,0,448.0,/Users/ulukbekrahmanov/Desktop/fusion_subset/21469_abec26c4/assembly.json
22413_901f5867,complex_assembly,53,83.0,5095.0,2053.0,3467.0,1.3466608974356933,171.5491589090056,0.0,Steel,2.481734047735022,0,10615.0,/Users/ulukbekrahmanov/Desktop/fusion_subset/22413_901f5867/assembly.json
22061_b50b6b66,medium_rotor,8,7.0,249.0,117.0,142.0,7.296473252392294,968.4641521598161,0.0,"Steel, Iron, Cast",2.128205128205128,0,508.0,/Users/ulukbekrahmanov/Desktop/fusion_subset/22061_b50b6b66/assembly.json
23475_b14d1dc8,medium_rotor,1,31.0,608.0,354.0,442.0,1.7751936436693965,226.13931766489117,0.0,Steel,1.7175141242937852,0,1404.0,/Users/ulukbekrahmanov/Desktop/fusion_subset/23475_b14d1dc8/assembly.json
20787_ed64ff5e,complex_assembly,34,41.0,1827.0,883.0,1187.0,238.55689895987484,98131.18376286275,0.0,"Steel, Mild, Steel, Paint Finish, Ivory, Glossy, Generic",2.069082672706682,0,3897.0,/Users/ulukbekrahmanov/Desktop/fusion_subset/20787_ed64ff5e/assembly.json
20746_57a7b346,high_complexity_rotor,4,247.0,9265.0,3931.0,6315.0,6.642745635401791,846.2096350830335,0.0,Steel,2.3569066395319256,0,19511.0,/Users/ulukbekrahmanov/Desktop/fusion_subset/20746_57a7b346/assembly.json
23219_40625e2c,simple_rotor,13,11.0,158.0,91.0,123.0,0.22726283220660531,398.52683878183933,0.0,Wood,1.7362637362637363,0,372.0,/Users/ulukbekrahmanov/Desktop/fusion_subset/23219_40625e2c/assembly.json
22311_553b3456,symmetric_rotor,1,2.0,930.0,343.0,596.0,6.494477701679042,827.3220002138908,0.0,Steel,2.7113702623906706,1,1869.0,/Users/ulukbekrahmanov/Desktop/fusion_subset/22311_553b3456/assembly.json
22017_6d3be48d,medium_rotor,20,58.0,1265.0,567.0,891.0,21477.858145448623,2736032.8847705214,0.0,Steel,2.2310405643738975,0,2723.0,/Users/ulukbekrahmanov/Desktop/fusion_subset/22017_6d3be48d/assembly.json
21091_bbf490e7,medium_rotor,1,17.0,964.0,516.0,484.0,2.62514911452279,334.41389993920893,0.0,Steel,1.8682170542635659,0,1964.0,/Users/ulukbekrahmanov/Desktop/fusion_subset/21091_bbf490e7/assembly.json
23480_3f7a8d50,medium_rotor,1,38.0,527.0,312.0,378.0,51.99106500793559,6623.065606106443,0.0,Steel,1.689102564102564,0,1217.0,/Users/ulukbekrahmanov/Desktop/fusion_subset/23480_3f7a8d50/assembly.json
20814_5a2be0fb,simple_rotor,3,2.0,78.0,36.0,50.0,0.2904630654462869,244.47929200458728,0.0,"Acrylic, Clear, Bamboo",2.1666666666666665,0,164.0,/Users/ulukbekrahmanov/Desktop/fusion_subset/20814_5a2be0fb/assembly.json
22654_4c426b0f,symmetric_rotor,11,11.0,1070.0,414.0,701.0,0.41152824764379276,74.87916180667847,0.0,"Acetal Resin, White, Steel, ABS Plastic",2.5845410628019323,1,2185.0,/Users/ulukbekrahmanov/Desktop/fusion_subset/22654_4c426b0f/assembly.json
21594_428d32af,medium_rotor,1,9.0,434.0,198.0,250.0,229.92257342348248,38375.35373858625,0.0,"Steel, Bamboo, Glass, Cast, Clear",2.191919191919192,0,882.0,/Users/ulukbekrahmanov/Desktop/fusion_subset/21594_428d32af/assembly.json
22270_c6999138,simple_rotor,8,7.0,57.0,58.0,57.0,13.543325598782895,1725.2644074882667,0.0,Steel,0.9827586206896551,0,172.0,/Users/ulukbekrahmanov/Desktop/fusion_subset/22270_c6999138/assembly.json
21062_c4ed6d45,simple_rotor,1,2.0,71.0,34.0,43.0,69.96513779152703,8912.756406563954,0.0,Steel,2.088235294117647,0,148.0,/Users/ulukbekrahmanov/Desktop/fusion_subset/21062_c4ed6d45/assembly.json
21816_3891a442,medium_rotor,12,20.0,558.0,320.0,412.0,1.7230484724727104,219.49662069716058,0.0,Steel,1.74375,0,1290.0,/Users/ulukbekrahmanov/Desktop/fusion_subset/21816_3891a442/assembly.json
21912_3f74887c,medium_rotor,19,18.0,332.0,151.0,232.0,0.05351940524281787,60.64654323567039,0.0,"Steel, Phenolic Resin, Wood",2.198675496688742,0,715.0,/Users/ulukbekrahmanov/Desktop/fusion_subset/21912_3f74887c/assembly.json
22577_cd96733e,medium_rotor,1,14.0,380.0,157.0,258.0,0.039667306325483626,5.053160041462884,0.0,Steel,2.4203821656050954,0,795.0,/Users/ulukbekrahmanov/Desktop/fusion_subset/22577_cd96733e/assembly.json
21590_7d092186,medium_rotor,31,16.0,583.0,361.0,473.0,1.056699466024974,220.1352878087209,0.0,"Steel, Stainless Steel, Wood",1.6149584487534625,0,1417.0,/Users/ulukbekrahmanov/Desktop/fusion_subset/21590_7d092186/assembly.json
21647_6b6cca6f,complex_assembly,40,76.0,17367.0,6063.0,11685.0,242.85312455252165,31963.3730280756,0.0,"Steel, Paper",2.864423552696685,1,35115.0,/Users/ulukbekrahmanov/Desktop/fusion_subset/21647_6b6cca6f/assembly.json
20342_c140780b,simple_rotor,1,3.0,60.0,25.0,40.0,0.006971941537642651,0.8881454188079811,0.0,"Steel, Mild",2.4,0,125.0,/Users/ulukbekrahmanov/Desktop/fusion_subset/20342_c140780b/assembly.json
21982_bdafa78d,symmetric_rotor,2,189.0,945.0,364.0,687.0,158.96482439167596,20250.296100850435,0.0,Steel,2.5961538461538463,1,1996.0,/Users/ulukbekrahmanov/Desktop/fusion_subset/21982_bdafa78d/assembly.json
20232_e5b060d9,simple_rotor,11,12.0,170.0,113.0,129.0,0.03561596353626192,9.66304627855813,0.0,"Steel, Mild, Stainless Steel, 440C, Acetal Resin, Black",1.5044247787610618,0,412.0,/Users/ulukbekrahmanov/Desktop/fusion_subset/20232_e5b060d9/assembly.json
22852_dc1dbed6,medium_rotor,1,42.0,741.0,361.0,519.0,66819.2149711045,8512001.907147074,0.0,Steel,2.0526315789473686,0,1621.0,/Users/ulukbekrahmanov/Desktop/fusion_subset/22852_dc1dbed6/assembly.json
22666_bdaa1303,medium_rotor,37,36.0,1125.0,642.0,911.0,0.18220789940582494,39.68630428635393,0.0,"Bronze, Steel, Aluminum",1.7523364485981308,0,2678.0,/Users/ulukbekrahmanov/Desktop/fusion_subset/22666_bdaa1303/assembly.json
21977_ce9f4e71,high_complexity_rotor,5,4.0,3065.0,1220.0,1877.0,0.7229930822700152,92.10102958853696,0.0,Steel,2.512295081967213,1,6162.0,/Users/ulukbekrahmanov/Desktop/fusion_subset/21977_ce9f4e71/assembly.json
22404_66db7dd7,complex_assembly,26,50.0,26275.0,12139.0,14453.0,0.19299375188314935,37.41855167465565,0.0,"Steel, ABS Plastic, Brass",2.1645110799901146,0,52867.0,/Users/ulukbekrahmanov/Desktop/fusion_subset/22404_66db7dd7/assembly.json
22374_aa5bb54d,simple_rotor,3,2.0,92.0,39.0,64.0,0.016939199059556886,2.1578597528097943,0.0,Steel,2.358974358974359,0,195.0,/Users/ulukbekrahmanov/Desktop/fusion_subset/22374_aa5bb54d/assembly.json
22907_ff18dbd5,simple_rotor,1,2.0,85.0,41.0,63.0,0.16786980762386747,21.38468886928248,0.0,Steel,2.073170731707317,0,189.0,/Users/ulukbekrahmanov/Desktop/fusion_subset/22907_ff18dbd5/assembly.json
20801_0796e2ee,simple_rotor,1,7.0,52.0,33.0,38.0,0.8626737941918814,109.89475085246897,0.0,Steel,1.5757575757575757,0,123.0,/Users/ulukbekrahmanov/Desktop/fusion_subset/20801_0796e2ee/assembly.json
22045_ead71aca,medium_rotor,4,6.0,444.0,228.0,228.0,32.98075422027485,4201.369964366223,0.0,Steel,1.9473684210526316,0,900.0,/Users/ulukbekrahmanov/Desktop/fusion_subset/22045_ead71aca/assembly.json
23339_87a4d11f,simple_rotor,1,14.0,214.0,102.0,132.0,291.2687995906349,37104.30568033566,0.0,Steel,2.0980392156862746,0,448.0,/Users/ulukbekrahmanov/Desktop/fusion_subset/23339_87a4d11f/assembly.json
22095_af226cbc,symmetric_rotor,11,7.0,406.0,148.0,296.0,2.9310503429219525,373.3822092894207,0.0,Steel,2.7432432432432434,1,850.0,/Users/ulukbekrahmanov/Desktop/fusion_subset/22095_af226cbc/assembly.json
23442_28996649,simple_rotor,1,3.0,21.0,12.0,16.0,0.041716859476124836,5.314249614792973,0.0,Steel,1.75,0,49.0,/Users/ulukbekrahmanov/Desktop/fusion_subset/23442_28996649/assembly.json
23028_2ca87745,medium_rotor,4,9.0,690.0,295.0,458.0,0.7041166659814928,89.69639057089083,0.0,Steel,2.3389830508474576,0,1443.0,/Users/ulukbekrahmanov/Desktop/fusion_subset/23028_2ca87745/assembly.json
21573_31a18ad0,simple_rotor,1,3.0,193.0,81.0,130.0,11.45527344104895,1459.2705020444523,0.0,Steel,2.382716049382716,0,404.0,/Users/ulukbekrahmanov/Desktop/fusion_subset/21573_31a18ad0/assembly.json
20592_573e41b2,medium_rotor,1,19.0,604.0,290.0,338.0,413247.94450952334,52643050.25599022,0.0,Steel,2.0827586206896553,0,1232.0,/Users/ulukbekrahmanov/Desktop/fusion_subset/20592_573e41b2/assembly.json
22899_5b97e4f5,simple_rotor,1,4.0,12.0,16.0,12.0,0.09800374124388202,12.48455302469835,0.0,Steel,0.75,0,40.0,/Users/ulukbekrahmanov/Desktop/fusion_subset/22899_5b97e4f5/assembly.json
22062_2d6b3b72,medium_rotor,3,4.0,232.0,112.0,164.0,10.255366148493417,1306.416069871773,0.0,Steel,2.0714285714285716,0,508.0,/Users/ulukbekrahmanov/Desktop/fusion_subset/22062_2d6b3b72/assembly.json
22040_6461a147,medium_rotor,10,9.0,720.0,302.0,500.0,10.66986578572098,1362.623440078487,0.0,"Steel, Iron, Cast",2.384105960264901,0,1522.0,/Users/ulukbekrahmanov/Desktop/fusion_subset/22040_6461a147/assembly.json
20293_a1999339,high_complexity_rotor,6,5.0,2082.0,971.0,1822.0,1.5628557829154885,199.08990865165458,0.0,"Steel, Mild",2.144181256436663,0,4875.0,/Users/ulukbekrahmanov/Desktop/fusion_subset/20293_a1999339/assembly.json
22910_97f0cc18,high_complexity_rotor,1,66.0,1800.0,964.0,1276.0,67.66550069290219,8619.809005465237,0.0,Steel,1.8672199170124482,0,4040.0,/Users/ulukbekrahmanov/Desktop/fusion_subset/22910_97f0cc18/assembly.json
20934_fe7fbd78,simple_rotor,1,3.0,87.0,37.0,54.0,0.07116201061773905,9.06522428251453,0.0,"Titanium, Steel",2.3513513513513513,0,178.0,/Users/ulukbekrahmanov/Desktop/fusion_subset/20934_fe7fbd78/assembly.json
23379_636204a6,medium_rotor,1,66.0,1117.0,549.0,793.0,4.058746815805582,517.0378109306471,0.0,Steel,2.034608378870674,0,2459.0,/Users/ulukbekrahmanov/Desktop/fusion_subset/23379_636204a6/assembly.json
20803_473c87ac,simple_rotor,3,2.0,110.0,51.0,64.0,0.8130845960707984,103.57765555042019,0.0,Steel,2.156862745098039,0,225.0,/Users/ulukbekrahmanov/Desktop/fusion_subset/20803_473c87ac/assembly.json
22323_aa6edb8b,medium_rotor,14,23.0,455.0,258.0,346.0,32.25607688986541,4447.492331821926,0.0,"Steel, Stainless Steel, Iron, Cast",1.7635658914728682,0,1059.0,/Users/ulukbekrahmanov/Desktop/fusion_subset/22323_aa6edb8b/assembly.json
22242_4ceddc2b,complex_assembly,39,58.0,1477.0,767.0,1030.0,5.6774017874348,723.2358964885105,0.0,Steel,1.925684485006519,0,3274.0,/Users/ulukbekrahmanov/Desktop/fusion_subset/22242_4ceddc2b/assembly.json
23271_f833d903,complex_assembly,51,50.0,4138.0,1880.0,2680.0,8.122163484831413,1034.6705076218366,0.0,Steel,2.201063829787234,0,8698.0,/Users/ulukbekrahmanov/Desktop/fusion_subset/23271_f833d903/assembly.json
23121_cbdf3ebc,medium_rotor,1,32.0,614.0,309.0,426.0,24.26320271304194,3090.853848795153,0.0,Steel,1.9870550161812297,0,1349.0,/Users/ulukbekrahmanov/Desktop/fusion_subset/23121_cbdf3ebc/assembly.json
21519_3e869afd,high_complexity_rotor,7,6.0,8132.0,5301.0,2850.0,3.107068596741553,394.3353154317155,0.0,"Steel, Mild, Brass",1.5340501792114696,0,16283.0,/Users/ulukbekrahmanov/Desktop/fusion_subset/21519_3e869afd/assembly.json
23008_3d1bb7b2,medium_rotor,1,6.0,601.0,244.0,387.0,7.756851965469462,988.134008340059,0.0,Steel,2.4631147540983607,0,1232.0,/Users/ulukbekrahmanov/Desktop/fusion_subset/23008_3d1bb7b2/assembly.json
20500_e88d8065,high_complexity_rotor,1,3.0,2237.0,959.0,1328.0,1.0173602832189934,129.60003607885267,0.0,"Steel, Mild",2.332638164754953,0,4524.0,/Users/ulukbekrahmanov/Desktop/fusion_subset/20500_e88d8065/assembly.json
22155_ab18f2b6,symmetric_rotor,1,3.0,608.0,204.0,406.0,0.7287936840838078,92.83995975589909,0.0,Steel,2.980392156862745,1,1218.0,/Users/ulukbekrahmanov/Desktop/fusion_subset/22155_ab18f2b6/assembly.json
20430_975b8dcf,high_complexity_rotor,20,67.0,2256.0,1118.0,1520.0,10.344567339434763,1645.0971410169086,0.0,"Steel, Mild, Copper, Generic",2.0178890876565294,0,4894.0,/Users/ulukbekrahmanov/Desktop/fusion_subset/20430_975b8dcf/assembly.json
20647_cea2e07c,simple_rotor,6,5.0,192.0,91.0,133.0,0.23665739058222435,30.147438290729223,0.0,Steel,2.10989010989011,0,416.0,/Users/ulukbekrahmanov/Desktop/fusion_subset/20647_cea2e07c/assembly.json
22894_5f7c276d,high_complexity_rotor,7,10.0,2629.0,979.0,1698.0,0.16942269521121356,21.582508944103644,0.0,Steel,2.6853932584269664,1,5306.0,/Users/ulukbekrahmanov/Desktop/fusion_subset/22894_5f7c276d/assembly.json
23440_5956321f,simple_rotor,1,7.0,124.0,65.0,78.0,0.6123630139310448,78.00802725236241,0.0,Steel,1.9076923076923078,0,267.0,/Users/ulukbekrahmanov/Desktop/fusion_subset/23440_5956321f/assembly.json
22508_6bb410af,simple_rotor,1,3.0,99.0,37.0,65.0,72.5279132150592,9239.22461338334,0.0,Steel,2.675675675675676,1,201.0,/Users/ulukbekrahmanov/Desktop/fusion_subset/22508_6bb410af/assembly.json
21549_18160a0a,medium_rotor,1,14.0,665.0,283.0,411.0,0.09175200079125394,11.68815296703872,0.0,Steel,2.34982332155477,0,1359.0,/Users/ulukbekrahmanov/Desktop/fusion_subset/21549_18160a0a/assembly.json
21941_1a683ec2,complex_assembly,30,60.0,1300.0,739.0,965.0,549.2387416128748,60202.83094236754,0.0,"Copper, Bronze, Wood",1.7591339648173208,0,3004.0,/Users/ulukbekrahmanov/Desktop/fusion_subset/21941_1a683ec2/assembly.json
22761_ca309655,symmetric_rotor,2,12.0,1069.0,383.0,714.0,174.06272825433174,22173.59595596583,0.0,Steel,2.7911227154046996,1,2166.0,/Users/ulukbekrahmanov/Desktop/fusion_subset/22761_ca309655/assembly.json
23221_42f37ae3,symmetric_rotor,8,3.0,419.0,156.0,281.0,0.13625986974475898,17.35794519041516,0.0,Steel,2.6858974358974357,1,856.0,/Users/ulukbekrahmanov/Desktop/fusion_subset/23221_42f37ae3/assembly.json
22360_42cd6a21,high_complexity_rotor,4,18.0,2000.0,692.0,1322.0,0.019699183999306844,2.5094501909945026,0.0,Steel,2.8901734104046244,1,4014.0,/Users/ulukbekrahmanov/Desktop/fusion_subset/22360_42cd6a21/assembly.json
21140_8d150c65,simple_rotor,1,3.0,105.0,51.0,68.0,0.057380652314894115,7.30963723756613,0.0,Steel,2.0588235294117645,0,224.0,/Users/ulukbekrahmanov/Desktop/fusion_subset/21140_8d150c65/assembly.json
22232_cb53774e,medium_rotor,13,18.0,358.0,192.0,268.0,13.996704806361784,4790.116887430174,0.0,"Titanium, Rubber, Natural, Rubber, Silicone",1.8645833333333333,0,818.0,/Users/ulukbekrahmanov/Desktop/fusion_subset/22232_cb53774e/assembly.json
23331_192866b6,medium_rotor,4,18.0,594.0,263.0,402.0,51.879555743167366,6608.86060422514,0.0,Steel,2.258555133079848,0,1259.0,/Users/ulukbekrahmanov/Desktop/fusion_subset/23331_192866b6/assembly.json
23378_8d6426ae,high_complexity_rotor,2,55.0,4294.0,1596.0,2867.0,0.009435611142248449,1.2019886805412041,0.0,Steel,2.6904761904761907,1,8757.0,/Users/ulukbekrahmanov/Desktop/fusion_subset/23378_8d6426ae/assembly.json
23505_161e8ec5,medium_rotor,1,8.0,341.0,150.0,231.0,567.1280726853232,72245.61435481824,0.0,Steel,2.2733333333333334,0,722.0,/Users/ulukbekrahmanov/Desktop/fusion_subset/23505_161e8ec5/assembly.json
23239_ba13cf5e,simple_rotor,1,6.0,67.0,41.0,50.0,3.5614106675337283,453.6828875839144,0.0,Steel,1.6341463414634145,0,158.0,/Users/ulukbekrahmanov/Desktop/fusion_subset/23239_ba13cf5e/assembly.json
23251_3eb3d2e6,high_complexity_rotor,1,111.0,2440.0,1058.0,1623.0,2.544169065859799,324.0979701732228,0.0,Steel,2.3062381852551983,0,5121.0,/Users/ulukbekrahmanov/Desktop/fusion_subset/23251_3eb3d2e6/assembly.json
21133_f9a1614e,symmetric_rotor,2,2.0,853.0,319.0,572.0,0.2921011827093041,37.21034174640817,0.0,Steel,2.6739811912225706,1,1744.0,/Users/ulukbekrahmanov/Desktop/fusion_subset/21133_f9a1614e/assembly.json
22081_ab3124af,high_complexity_rotor,3,54.0,1533.0,799.0,1132.0,2.8568991968154016,363.93620341597466,0.0,Steel,1.918648310387985,0,3464.0,/Users/ulukbekrahmanov/Desktop/fusion_subset/22081_ab3124af/assembly.json
21275_c8049742,medium_rotor,2,2.0,328.0,145.0,193.0,1.1931947422967595,151.9993302288866,0.0,Steel,2.2620689655172415,0,666.0,/Users/ulukbekrahmanov/Desktop/fusion_subset/21275_c8049742/assembly.json
21961_1a090a8b,symmetric_rotor,1,3.0,406.0,145.0,268.0,3.40066530698487,433.2057715904293,0.0,Steel,2.8,1,819.0,/Users/ulukbekrahmanov/Desktop/fusion_subset/21961_1a090a8b/assembly.json
22056_79373464,complex_assembly,25,46.0,1953.0,890.0,1337.0,68.21351881826338,8689.620231625913,0.0,Steel,2.19438202247191,0,4180.0,/Users/ulukbekrahmanov/Desktop/fusion_subset/22056_79373464/assembly.json
22843_cb38a007,simple_rotor,1,4.0,88.0,40.0,64.0,0.3110388849945179,39.622787897390815,0.0,Steel,2.2,0,192.0,/Users/ulukbekrahmanov/Desktop/fusion_subset/22843_cb38a007/assembly.json
21121_1e9e7540,high_complexity_rotor,1,9.0,1975.0,728.0,1294.0,0.12600400433274261,16.051465520094595,0.0,Steel,2.712912087912088,1,3997.0,/Users/ulukbekrahmanov/Desktop/fusion_subset/21121_1e9e7540/assembly.json
21182_a480d230,high_complexity_rotor,4,8.0,2882.0,1031.0,1930.0,1.7413578482399794,221.82902525350056,0.0,Steel,2.795344325897187,1,5843.0,/Users/ulukbekrahmanov/Desktop/fusion_subset/21182_a480d230/assembly.json
22418_2722dfe8,medium_rotor,1,6.0,897.0,364.0,540.0,0.0013832045776341162,0.4909229950908317,0.0,"Steel, Mild, Acetal Resin, Black, Brass, Soft Yellow",2.4642857142857144,0,1801.0,/Users/ulukbekrahmanov/Desktop/fusion_subset/22418_2722dfe8/assembly.json
21357_9edfc0a0,simple_rotor,2,4.0,92.0,40.0,53.0,144.4457056452218,18400.72683378622,0.0,Steel,2.3,0,185.0,/Users/ulukbekrahmanov/Desktop/fusion_subset/21357_9edfc0a0/assembly.json
21185_ac5324ba,medium_rotor,13,12.0,223.0,162.0,172.0,5.208559028503287,663.5107042679347,0.0,Steel,1.376543209876543,0,557.0,/Users/ulukbekrahmanov/Desktop/fusion_subset/21185_ac5324ba/assembly.json
23156_7788f78a,high_complexity_rotor,1,114.0,1386.0,726.0,1023.0,20.943828008843823,2668.0035680055803,0.0,Steel,1.9090909090909092,0,3135.0,/Users/ulukbekrahmanov/Desktop/fusion_subset/23156_7788f78a/assembly.json
23162_7e2f3d77,complex_assembly,23,67.0,1672.0,784.0,1158.0,5.770389660306916,735.0814853894165,0.0,Steel,2.13265306122449,0,3614.0,/Users/ulukbekrahmanov/Desktop/fusion_subset/23162_7e2f3d77/assembly.json
21838_5bc448b4,high_complexity_rotor,2,3.0,1905.0,666.0,1251.0,0.015932231700609742,2.02958365612863,0.0,Steel,2.8603603603603602,1,3822.0,/Users/ulukbekrahmanov/Desktop/fusion_subset/21838_5bc448b4/assembly.json
20688_955aae0c,medium_rotor,14,16.0,586.0,266.0,409.0,83.56694006154531,10645.470071534435,0.0,"Steel, Mild, Steel",2.2030075187969924,0,1261.0,/Users/ulukbekrahmanov/Desktop/fusion_subset/20688_955aae0c/assembly.json
20419_8ce893b6,symmetric_rotor,2,3.0,702.0,176.0,496.0,727.5535654078503,91480.269153857,0.0,"Steel, Mild, Copper",3.9886363636363638,1,1374.0,/Users/ulukbekrahmanov/Desktop/fusion_subset/20419_8ce893b6/assembly.json
23495_6366269c,high_complexity_rotor,2,105.0,1996.0,980.0,1388.0,40.925094111470486,5213.387784900702,0.0,Steel,2.036734693877551,0,4364.0,/Users/ulukbekrahmanov/Desktop/fusion_subset/23495_6366269c/assembly.json
22334_677d00e0,medium_rotor,2,64.0,960.0,468.0,560.0,1.5566270499787964,216.20702534438567,0.0,"Aluminum 6061, Steel, Glass",2.051282051282051,0,1988.0,/Users/ulukbekrahmanov/Desktop/fusion_subset/22334_677d00e0/assembly.json
20643_71ad3d26,high_complexity_rotor,2,1.0,1983.0,762.0,1221.0,0.49480353806480964,63.03229784265091,0.0,Steel,2.6023622047244093,1,3966.0,/Users/ulukbekrahmanov/Desktop/fusion_subset/20643_71ad3d26/assembly.json
22839_113f2990,simple_rotor,1,2.0,42.0,19.0,27.0,0.6649931249999989,84.71249999999986,0.0,Steel,2.210526315789474,0,88.0,/Users/ulukbekrahmanov/Desktop/fusion_subset/22839_113f2990/assembly.json
20804_0dcacc66,simple_rotor,1,2.0,28.0,16.0,20.0,2.1682176172804297,276.2060658955961,0.0,Steel,1.75,0,64.0,/Users/ulukbekrahmanov/Desktop/fusion_subset/20804_0dcacc66/assembly.json
21353_4686c90c,simple_rotor,1,9.0,183.0,104.0,121.0,4.096185335963922,521.8070491673786,0.0,Steel,1.7596153846153846,0,408.0,/Users/ulukbekrahmanov/Desktop/fusion_subset/21353_4686c90c/assembly.json
23236_d5867507,simple_rotor,11,12.0,194.0,98.0,141.0,0.47740335803421335,837.1718738779311,0.0,Wood,1.9795918367346939,0,433.0,/Users/ulukbekrahmanov/Desktop/fusion_subset/23236_d5867507/assembly.json
22070_fd1b8e5e,high_complexity_rotor,3,11.0,1972.0,694.0,1323.0,0.0676250875112782,8.614660829462192,0.0,Steel,2.84149855907781,1,3989.0,/Users/ulukbekrahmanov/Desktop/fusion_subset/22070_fd1b8e5e/assembly.json
20899_a8d7c6d5,medium_rotor,21,24.0,1213.0,573.0,847.0,36.76511809166028,4683.4545339694605,0.0,"Steel, Mild",2.1169284467713787,0,2633.0,/Users/ulukbekrahmanov/Desktop/fusion_subset/20899_a8d7c6d5/assembly.json
22415_658c81dd,complex_assembly,39,158.0,21537.0,8428.0,14234.0,0.057955713973018276,12.198168291512339,0.0,"Phenolic Resin, Steel",2.555410536307546,1,44199.0,/Users/ulukbekrahmanov/Desktop/fusion_subset/22415_658c81dd/assembly.json
20551_ff28a959,simple_rotor,1,1.0,50.0,12.0,30.0,42.16887207524886,5371.830837611321,0.0,Steel,4.166666666666667,1,92.0,/Users/ulukbekrahmanov/Desktop/fusion_subset/20551_ff28a959/assembly.json
23434_6635ed57,medium_rotor,1,13.0,439.0,187.0,282.0,4.513455387308238,574.9624697207947,0.0,Steel,2.3475935828877006,0,908.0,/Users/ulukbekrahmanov/Desktop/fusion_subset/23434_6635ed57/assembly.json
23320_e0711ae9,symmetric_rotor,5,4.0,581.0,230.0,420.0,1.2384082998306716,157.75901908670977,0.0,Steel,2.526086956521739,1,1231.0,/Users/ulukbekrahmanov/Desktop/fusion_subset/23320_e0711ae9/assembly.json
20892_b1f89c8d,medium_rotor,6,7.0,493.0,220.0,295.0,0.8646732341268233,110.14945657666539,0.0,Steel,2.2409090909090907,0,1008.0,/Users/ulukbekrahmanov/Desktop/fusion_subset/20892_b1f89c8d/assembly.json
21761_fdb5f86d,simple_rotor,1,2.0,146.0,60.0,102.0,0.8830465139201251,112.49000177326435,0.0,Steel,2.433333333333333,0,308.0,/Users/ulukbekrahmanov/Desktop/fusion_subset/21761_fdb5f86d/assembly.json
22778_7d85debd,medium_rotor,11,15.0,540.0,277.0,390.0,6.457604231812467,867.8519729984542,0.0,"Steel, Iron, Cast",1.9494584837545126,0,1207.0,/Users/ulukbekrahmanov/Desktop/fusion_subset/22778_7d85debd/assembly.json
20958_94222947,simple_rotor,1,4.0,116.0,67.0,86.0,0.8482776252258011,314.1768982317782,0.0,Aluminum,1.7313432835820894,0,269.0,/Users/ulukbekrahmanov/Desktop/fusion_subset/20958_94222947/assembly.json
23006_92c5b990,simple_rotor,1,3.0,21.0,16.0,19.0,0.16540310980155476,21.07045984733182,0.0,Steel,1.3125,0,56.0,/Users/ulukbekrahmanov/Desktop/fusion_subset/23006_92c5b990/assembly.json
20705_ac2a0325,simple_rotor,1,3.0,14.0,9.0,10.0,1.2061160129014223,153.64535196196462,0.0,Steel,1.5555555555555556,0,33.0,/Users/ulukbekrahmanov/Desktop/fusion_subset/20705_ac2a0325/assembly.json
22919_3ee91d1a,medium_rotor,24,35.0,471.0,287.0,353.0,0.0463741445836901,6.883158893300764,0.0,"Nylon 6/6, Steel, Aluminum",1.6411149825783973,0,1111.0,/Users/ulukbekrahmanov/Desktop/fusion_subset/22919_3ee91d1a/assembly.json
23342_7193a931,simple_rotor,8,9.0,178.0,93.0,133.0,1.0777088188717885,132.284256116638,0.0,"Steel, Stainless Steel, Brass",1.913978494623656,0,404.0,/Users/ulukbekrahmanov/Desktop/fusion_subset/23342_7193a931/assembly.json
21563_c72d37a2,medium_rotor,1,6.0,494.0,205.0,307.0,20.495446989524442,2610.8849668184002,0.0,Steel,2.4097560975609755,0,1006.0,/Users/ulukbekrahmanov/Desktop/fusion_subset/21563_c72d37a2/assembly.json
23214_0c411aa1,medium_rotor,1,9.0,483.0,210.0,294.0,37.94208537192349,4833.386671582609,0.0,Steel,2.3,0,987.0,/Users/ulukbekrahmanov/Desktop/fusion_subset/23214_0c411aa1/assembly.json
21619_19435db0,simple_rotor,1,2.0,91.0,55.0,65.0,1.539517025551666,196.1168185416135,0.0,Steel,1.6545454545454545,0,211.0,/Users/ulukbekrahmanov/Desktop/fusion_subset/21619_19435db0/assembly.json
22900_09de4c7a,high_complexity_rotor,1,6.0,1579.0,679.0,886.0,0.7406845126919246,94.35471499260184,0.0,Steel,2.325478645066274,0,3144.0,/Users/ulukbekrahmanov/Desktop/fusion_subset/22900_09de4c7a/assembly.json
21570_9cb1d1c4,simple_rotor,1,10.0,20.0,18.0,16.0,77.91836706237474,5638.6677039926,0.0,"Bronze, Gold, Brass",1.1111111111111112,0,54.0,/Users/ulukbekrahmanov/Desktop/fusion_subset/21570_9cb1d1c4/assembly.json
21051_5d118b91,simple_rotor,1,2.0,201.0,94.0,116.0,0.677172514004242,86.26401452283339,0.0,Steel,2.1382978723404253,0,411.0,/Users/ulukbekrahmanov/Desktop/fusion_subset/21051_5d118b91/assembly.json
21614_5d6afa62,simple_rotor,1,2.0,93.0,55.0,67.0,1.7918996722444884,228.26747417127243,0.0,Steel,1.690909090909091,0,215.0,/Users/ulukbekrahmanov/Desktop/fusion_subset/21614_5d6afa62/assembly.json
21974_1997ebc3,medium_rotor,1,2.0,812.0,336.0,504.0,0.3102099246772102,39.51718785696946,0.0,Steel,2.4166666666666665,0,1652.0,/Users/ulukbekrahmanov/Desktop/fusion_subset/21974_1997ebc3/assembly.json
22652_dc7405ef,high_complexity_rotor,18,20.0,1594.0,602.0,1093.0,3.2969009614158855,422.5250959147694,0.0,"Steel, ABS Plastic, Brass",2.647840531561462,1,3289.0,/Users/ulukbekrahmanov/Desktop/fusion_subset/22652_dc7405ef/assembly.json
20341_6a1588fb,simple_rotor,3,2.0,87.0,39.0,56.0,0.5093351290821112,189.64881425122124,0.0,"Aluminum, Anodized Red, Rubber, Silicone",2.230769230769231,0,182.0,/Users/ulukbekrahmanov/Desktop/fusion_subset/20341_6a1588fb/assembly.json
21426_51651a10,simple_rotor,1,3.0,37.0,21.0,22.0,30355.007107237736,3866879.886272323,0.0,Steel,1.7619047619047619,0,80.0,/Users/ulukbekrahmanov/Desktop/fusion_subset/21426_51651a10/assembly.json
22298_51433023,complex_assembly,39,52.0,3108.0,1273.0,2109.0,5.318609620839944,677.5298880050882,0.0,Steel,2.4414768263943443,0,6490.0,/Users/ulukbekrahmanov/Desktop/fusion_subset/22298_51433023/assembly.json
22491_a33562ad,complex_assembly,26,26.0,1820.0,741.0,1357.0,23.56072238167195,3001.36590849324,0.0,Steel,2.456140350877193,0,3918.0,/Users/ulukbekrahmanov/Desktop/fusion_subset/22491_a33562ad/assembly.json
20421_0fd51709,high_complexity_rotor,1,3.0,2028.0,798.0,1310.0,5.599446615038395,5599.446615038394,0.0,Generic,2.5413533834586466,1,4136.0,/Users/ulukbekrahmanov/Desktop/fusion_subset/20421_0fd51709/assembly.json
23136_2b469508,simple_rotor,9,22.0,148.0,111.0,119.0,0.8958506794233753,321.76524704818917,0.0,"Acrylic, Clear, Steel, Aluminum",1.3333333333333333,0,378.0,/Users/ulukbekrahmanov/Desktop/fusion_subset/23136_2b469508/assembly.json
23168_7fdf5427,high_complexity_rotor,1,41.0,1955.0,770.0,1262.0,37.64945957144709,4796.109499547403,0.0,Steel,2.538961038961039,1,3987.0,/Users/ulukbekrahmanov/Desktop/fusion_subset/23168_7fdf5427/assembly.json
20841_1620ae7d,simple_rotor,6,16.0,12.0,26.0,12.0,0.11764054520697839,14.986056714264762,0.0,Steel,0.46153846153846156,0,50.0,/Users/ulukbekrahmanov/Desktop/fusion_subset/20841_1620ae7d/assembly.json
20216_89b90993,simple_rotor,1,2.0,130.0,48.0,88.0,0.0003421098676046699,0.04358087485409808,0.0,"Steel, Mild",2.7083333333333335,1,266.0,/Users/ulukbekrahmanov/Desktop/fusion_subset/20216_89b90993/assembly.json
20157_db99ab88,medium_rotor,7,22.0,299.0,175.0,198.0,351.2748928612268,44748.393995060695,0.0,"Steel, Mild",1.7085714285714286,0,672.0,/Users/ulukbekrahmanov/Desktop/fusion_subset/20157_db99ab88/assembly.json
21329_1bfecd1d,high_complexity_rotor,2,2.0,3742.0,1482.0,2266.0,0.08039412814971923,29.775603018414536,0.0,Aluminum,2.524966261808367,1,7490.0,/Users/ulukbekrahmanov/Desktop/fusion_subset/21329_1bfecd1d/assembly.json
23403_e539620b,simple_rotor,1,2.0,18.0,15.0,15.0,4.660225180797988,593.6592587003806,0.0,Steel,1.2,0,48.0,/Users/ulukbekrahmanov/Desktop/fusion_subset/23403_e539620b/assembly.json
22074_c0265b0d,medium_rotor,1,6.0,234.0,108.0,165.0,1.2896658917793358,164.2886486343103,0.0,Steel,2.1666666666666665,0,507.0,/Users/ulukbekrahmanov/Desktop/fusion_subset/22074_c0265b0d/assembly.json
21281_6e562106,medium_rotor,1,16.0,547.0,282.0,321.0,3009.1454008735263,383330.6243150989,0.0,Steel,1.9397163120567376,0,1150.0,/Users/ulukbekrahmanov/Desktop/fusion_subset/21281_6e562106/assembly.json
21793_4ad5e2c0,simple_rotor,1,6.0,163.0,75.0,108.0,0.05886532571420861,7.498767606905558,0.0,Steel,2.1733333333333333,0,346.0,/Users/ulukbekrahmanov/Desktop/fusion_subset/21793_4ad5e2c0/assembly.json
20319_9f53cd7c,medium_rotor,19,29.0,1357.0,565.0,849.0,120.49164199097211,941231.9605183797,0.0,"Steel, Mild, Leather, Dark Brown, Rubber, Nitrile",2.4017699115044246,0,2771.0,/Users/ulukbekrahmanov/Desktop/fusion_subset/20319_9f53cd7c/assembly.json
23387_c4aa9424,simple_rotor,1,15.0,219.0,103.0,134.0,0.7478412169463505,95.26639706322942,0.0,Steel,2.1262135922330097,0,456.0,/Users/ulukbekrahmanov/Desktop/fusion_subset/23387_c4aa9424/assembly.json
22892_68138f24,symmetric_rotor,1,3.0,406.0,136.0,278.0,0.2994880618724295,38.151345461455996,0.0,Steel,2.985294117647059,1,820.0,/Users/ulukbekrahmanov/Desktop/fusion_subset/22892_68138f24/assembly.json
21300_ec7da33e,high_complexity_rotor,1,47.0,2723.0,1080.0,1820.0,0.5422647399240333,69.0783108183482,0.0,Steel,2.5212962962962964,1,5623.0,/Users/ulukbekrahmanov/Desktop/fusion_subset/21300_ec7da33e/assembly.json
21805_2ba39d00,high_complexity_rotor,9,9.0,4169.0,1525.0,2726.0,1.330241264668278,169.45748594500358,0.0,Steel,2.733770491803279,1,8420.0,/Users/ulukbekrahmanov/Desktop/fusion_subset/21805_2ba39d00/assembly.json
22442_7d5c5d5f,high_complexity_rotor,2,13.0,3462.0,2209.0,1286.0,1.4165192802118138,180.44831595054953,0.0,Steel,1.567224988682662,0,6957.0,/Users/ulukbekrahmanov/Desktop/fusion_subset/22442_7d5c5d5f/assembly.json
21009_907a2a95,medium_rotor,18,17.0,416.0,211.0,348.0,0.6414571151435231,81.7142821838883,0.0,Steel,1.971563981042654,0,975.0,/Users/ulukbekrahmanov/Desktop/fusion_subset/21009_907a2a95/assembly.json
21806_616e985a,simple_rotor,1,2.0,89.0,37.0,54.0,6.794655320302207,865.5611872996442,0.0,Steel,2.4054054054054053,0,180.0,/Users/ulukbekrahmanov/Desktop/fusion_subset/21806_616e985a/assembly.json
21352_d60bc953,complex_assembly,21,44.0,11499.0,5259.0,8188.0,667.0736641452107,84977.5368337848,0.0,"Steel, Mild, Steel",2.186537364517969,0,24946.0,/Users/ulukbekrahmanov/Desktop/fusion_subset/21352_d60bc953/assembly.json
22886_a6331748,symmetric_rotor,1,1.0,659.0,222.0,440.0,0.6030842416768138,76.82601804800177,0.0,Steel,2.9684684684684686,1,1321.0,/Users/ulukbekrahmanov/Desktop/fusion_subset/22886_a6331748/assembly.json
22142_7891a26a,simple_rotor,1,2.0,22.0,15.0,18.0,1.7695328374113461,225.41819584857913,0.0,Steel,1.4666666666666666,0,55.0,/Users/ulukbekrahmanov/Desktop/fusion_subset/22142_7891a26a/assembly.json
22331_152ee5c0,high_complexity_rotor,3,1.0,4220.0,1485.0,2775.0,0.04628203166704311,17.14149321001597,0.0,Aluminum,2.8417508417508417,1,8480.0,/Users/ulukbekrahmanov/Desktop/fusion_subset/22331_152ee5c0/assembly.json
23128_cb135b1b,medium_rotor,1,2.0,347.0,145.0,207.0,0.17252265786547422,21.97740864528334,0.0,Steel,2.393103448275862,0,699.0,/Users/ulukbekrahmanov/Desktop/fusion_subset/23128_cb135b1b/assembly.json
22653_58d6287d,simple_rotor,1,2.0,126.0,58.0,72.0,3.3972069888142907e-06,0.00043276522150500525,0.0,Steel,2.1724137931034484,0,256.0,/Users/ulukbekrahmanov/Desktop/fusion_subset/22653_58d6287d/assembly.json
23368_648717d8,medium_rotor,17,104.0,1288.0,654.0,882.0,0.6409641990292246,100.23355333012756,0.0,"Phenolic Resin, Copper, Steel",1.9694189602446484,0,2824.0,/Users/ulukbekrahmanov/Desktop/fusion_subset/23368_648717d8/assembly.json
23501_6c48b3c1,medium_rotor,2,28.0,454.0,219.0,304.0,0.006668886439173681,0.56710197566192,0.0,"Steel, Palladium",2.0730593607305936,0,977.0,/Users/ulukbekrahmanov/Desktop/fusion_subset/23501_6c48b3c1/assembly.json
21024_9be3d461,high_complexity_rotor,8,7.0,1961.0,935.0,1333.0,11.944897220542554,1521.6429580308984,0.0,Steel,2.097326203208556,0,4229.0,/Users/ulukbekrahmanov/Desktop/fusion_subset/21024_9be3d461/assembly.json
19566_19d85d3b,high_complexity_rotor,3,16.0,2559.0,1087.0,1584.0,0.2588668902216643,244.21404737892863,0.0,"Steel, Mild, ABS Plastic",2.354185832566697,0,5230.0,/Users/ulukbekrahmanov/Desktop/fusion_subset/19566_19d85d3b/assembly.json
22134_5e72e871,medium_rotor,1,3.0,406.0,188.0,220.0,0.9852787434735728,125.51321572911758,0.0,Steel,2.1595744680851063,0,814.0,/Users/ulukbekrahmanov/Desktop/fusion_subset/22134_5e72e871/assembly.json
22706_58a933f4,symmetric_rotor,4,2.0,1148.0,418.0,760.0,0.8947226027593117,113.97740162539003,0.0,Steel,2.7464114832535884,1,2326.0,/Users/ulukbekrahmanov/Desktop/fusion_subset/22706_58a933f4/assembly.json
20823_f144e996,medium_rotor,1,12.0,695.0,326.0,360.0,1.2925447653833289,164.65538412526485,0.0,Steel,2.1319018404907975,0,1381.0,/Users/ulukbekrahmanov/Desktop/fusion_subset/20823_f144e996/assembly.json
23406_1d36b046,simple_rotor,1,2.0,41.0,36.0,37.0,3.424351766190723,436.2231549287545,0.0,Steel,1.1388888888888888,0,114.0,/Users/ulukbekrahmanov/Desktop/fusion_subset/23406_1d36b046/assembly.json
22717_08784417,complex_assembly,30,94.0,15181.0,5613.0,9957.0,0.14693042108158957,18.717251093196126,0.0,Steel,2.704614288259398,1,30751.0,/Users/ulukbekrahmanov/Desktop/fusion_subset/22717_08784417/assembly.json
23414_f7d4a688,medium_rotor,1,110.0,1288.0,640.0,869.0,4.976762002588617,2290.332687597029,0.0,"Plastic, Glass, Cast, Clear",2.0125,0,2797.0,/Users/ulukbekrahmanov/Desktop/fusion_subset/23414_f7d4a688/assembly.json
21692_777db9e2,symmetric_rotor,1,5.0,666.0,210.0,461.0,1.175284851579056,532.5853177791877,0.0,"Steel, Rubber, Silicone",3.1714285714285713,1,1337.0,/Users/ulukbekrahmanov/Desktop/fusion_subset/21692_777db9e2/assembly.json
20792_d2ea0500,symmetric_rotor,1,50.0,228.0,65.0,212.0,7539.434142053198,2792383.0155752585,0.0,Aluminum,3.5076923076923077,1,505.0,/Users/ulukbekrahmanov/Desktop/fusion_subset/20792_d2ea0500/assembly.json
20926_4c0f33f6,symmetric_rotor,1,2.0,1232.0,413.0,823.0,1.999500240233732,959.5487635311188,0.0,"Wood, Glass, Cast, Clear",2.983050847457627,1,2468.0,/Users/ulukbekrahmanov/Desktop/fusion_subset/20926_4c0f33f6/assembly.json
21248_0a862e3e,symmetric_rotor,1,3.0,786.0,274.0,535.0,0.39910580627652736,50.84150398427101,0.0,Steel,2.8686131386861313,1,1595.0,/Users/ulukbekrahmanov/Desktop/fusion_subset/21248_0a862e3e/assembly.json
22365_a4eb929c,symmetric_rotor,1,3.0,1221.0,444.0,803.0,0.05198536595086062,6.622339611574602,0.0,Steel,2.75,1,2468.0,/Users/ulukbekrahmanov/Desktop/fusion_subset/22365_a4eb929c/assembly.json
22257_6fb4c50c,simple_rotor,1,3.0,77.0,39.0,45.0,8.467567205168217,1078.6709815500917,0.0,Steel,1.9743589743589745,0,161.0,/Users/ulukbekrahmanov/Desktop/fusion_subset/22257_6fb4c50c/assembly.json
20674_2fb6cabd,simple_rotor,1,31.0,92.0,46.0,48.0,118.94045360600356,15151.650140892178,0.0,Steel,2.0,0,186.0,/Users/ulukbekrahmanov/Desktop/fusion_subset/20674_2fb6cabd/assembly.json
22028_776fbf0d,complex_assembly,46,22.0,1697.0,667.0,1142.0,2.908465461077799,370.50515427742704,0.0,Steel,2.5442278860569716,1,3506.0,/Users/ulukbekrahmanov/Desktop/fusion_subset/22028_776fbf0d/assembly.json
23036_7f9d143f,medium_rotor,1,25.0,467.0,229.0,329.0,0.685193839311377,71.75327851997969,0.0,"Steel, Platinum",2.039301310043668,0,1025.0,/Users/ulukbekrahmanov/Desktop/fusion_subset/23036_7f9d143f/assembly.json
20743_c8ea8159,medium_rotor,1,3.0,330.0,138.0,196.0,3.33662445032297,425.04770067808545,0.0,Steel,2.391304347826087,0,664.0,/Users/ulukbekrahmanov/Desktop/fusion_subset/20743_c8ea8159/assembly.json
22668_9c30f6c0,simple_rotor,1,2.0,71.0,39.0,47.0,1.0805146200579543,137.64517452967573,0.0,Steel,1.8205128205128205,0,157.0,/Users/ulukbekrahmanov/Desktop/fusion_subset/22668_9c30f6c0/assembly.json
22266_078a1f68,medium_rotor,24,34.0,938.0,470.0,660.0,8.679713474866372,8501.188516029746,0.0,Polystyrene,1.995744680851064,0,2068.0,/Users/ulukbekrahmanov/Desktop/fusion_subset/22266_078a1f68/assembly.json
21882_795be793,simple_rotor,1,2.0,181.0,79.0,123.0,4.41093373324594,561.9023864007568,0.0,Steel,2.2911392405063293,0,383.0,/Users/ulukbekrahmanov/Desktop/fusion_subset/21882_795be793/assembly.json
21601_360ce1c7,medium_rotor,7,10.0,1218.0,551.0,827.0,1.1073335679432499,141.06160101187896,0.0,Steel,2.210526315789474,0,2596.0,/Users/ulukbekrahmanov/Desktop/fusion_subset/21601_360ce1c7/assembly.json
23102_211ad1db,symmetric_rotor,1,1.0,503.0,190.0,311.0,0.09221067061797801,11.74658224432841,0.0,Steel,2.6473684210526316,1,1004.0,/Users/ulukbekrahmanov/Desktop/fusion_subset/23102_211ad1db/assembly.json
21092_32622a83,medium_rotor,2,24.0,1038.0,462.0,618.0,39.12258137109018,7275.722822831157,0.0,"Steel, Bamboo",2.2467532467532467,0,2118.0,/Users/ulukbekrahmanov/Desktop/fusion_subset/21092_32622a83/assembly.json
23039_b3d04774,simple_rotor,4,5.0,111.0,54.0,72.0,0.5703956350601282,814.8509072287545,0.0,Bamboo,2.0555555555555554,0,237.0,/Users/ulukbekrahmanov/Desktop/fusion_subset/23039_b3d04774/assembly.json
23132_1847c4ef,medium_rotor,21,23.0,699.0,338.0,493.0,34.43837206062936,4387.05376568527,0.0,Steel,2.0680473372781063,0,1530.0,/Users/ulukbekrahmanov/Desktop/fusion_subset/23132_1847c4ef/assembly.json
19810_f77c5501,medium_rotor,10,14.0,1318.0,565.0,869.0,1.471106213511227,187.40206541544296,0.0,"Steel, Mild",2.3327433628318586,0,2752.0,/Users/ulukbekrahmanov/Desktop/fusion_subset/19810_f77c5501/assembly.json
20385_f2d30908,simple_rotor,1,2.0,107.0,47.0,60.0,0.358285621940782,138.31762262734972,0.0,"Aluminum 6061, Glass",2.276595744680851,0,214.0,/Users/ulukbekrahmanov/Desktop/fusion_subset/20385_f2d30908/assembly.json
22727_c514268a,medium_rotor,1,32.0,528.0,242.0,356.0,4335.919931315482,1414648.8000051097,0.0,"Wood, Gold, Bamboo",2.1818181818181817,0,1126.0,/Users/ulukbekrahmanov/Desktop/fusion_subset/22727_c514268a/assembly.json
22278_12f1fb79,high_complexity_rotor,1,30.0,3952.0,1463.0,2636.0,0.13598765099911028,17.323267643198765,0.0,Steel,2.7012987012987013,1,8051.0,/Users/ulukbekrahmanov/Desktop/fusion_subset/22278_12f1fb79/assembly.json
21599_80057f94,simple_rotor,2,19.0,213.0,130.0,152.0,0.07742610155939234,11.086010771138,0.0,"Steel, Glass, Cast, Clear",1.6384615384615384,0,495.0,/Users/ulukbekrahmanov/Desktop/fusion_subset/21599_80057f94/assembly.json
23226_8d1b5098,complex_assembly,30,59.0,1814.0,887.0,1222.0,4.104370261984017,522.8497149024225,0.0,Steel,2.0450958286358514,0,3923.0,/Users/ulukbekrahmanov/Desktop/fusion_subset/23226_8d1b5098/assembly.json
21292_f94bd96b,medium_rotor,8,6.0,406.0,168.0,284.0,0.8077929240340681,299.1825644570623,0.0,Aluminum 6061,2.4166666666666665,0,858.0,/Users/ulukbekrahmanov/Desktop/fusion_subset/21292_f94bd96b/assembly.json
23502_5a80f907,medium_rotor,1,7.0,1425.0,608.0,833.0,4.475186520847074e-06,0.0015697784034853597,0.0,"Steel, Glass, Cast, Clear",2.34375,0,2866.0,/Users/ulukbekrahmanov/Desktop/fusion_subset/23502_5a80f907/assembly.json
23144_88ca00a5,complex_assembly,24,62.0,4077.0,1737.0,2736.0,522.3484390459305,66541.20242623324,0.0,Steel,2.3471502590673574,0,8550.0,/Users/ulukbekrahmanov/Desktop/fusion_subset/23144_88ca00a5/assembly.json
23048_8a1a5553,high_complexity_rotor,1,191.0,2584.0,1264.0,1739.0,7.795025040861959,992.9968204919683,0.0,Steel,2.0443037974683542,0,5587.0,/Users/ulukbekrahmanov/Desktop/fusion_subset/23048_8a1a5553/assembly.json
20278_d442e77d,medium_rotor,55,38.0,1358.0,656.0,924.0,43.168520677998345,18786.03476698145,0.0,"Steel, Mild, Wood, Aluminum, Anodized Blue",2.0701219512195124,0,2938.0,/Users/ulukbekrahmanov/Desktop/fusion_subset/20278_d442e77d/assembly.json
21202_e452c491,medium_rotor,26,19.0,364.0,179.0,229.0,0.06223897157020357,7.928531410217018,0.0,"Steel, Mild",2.0335195530726256,0,772.0,/Users/ulukbekrahmanov/Desktop/fusion_subset/21202_e452c491/assembly.json
23026_e6f08109,medium_rotor,2,73.0,1215.0,581.0,795.0,497.414608799523,110291.48753869702,0.0,"Titanium, Steel",2.091222030981067,0,2591.0,/Users/ulukbekrahmanov/Desktop/fusion_subset/23026_e6f08109/assembly.json
20822_5bb36119,simple_rotor,1,2.0,168.0,63.0,110.0,0.5283101949073299,67.30066177163438,0.0,Steel,2.6666666666666665,1,341.0,/Users/ulukbekrahmanov/Desktop/fusion_subset/20822_5bb36119/assembly.json
22405_20f11d58,high_complexity_rotor,1,2.0,2792.0,1363.0,1168.0,246.90922880631783,31453.40494347998,0.0,Steel,2.0484225972120322,0,5323.0,/Users/ulukbekrahmanov/Desktop/fusion_subset/22405_20f11d58/assembly.json
20188_98b86c0f,simple_rotor,2,2.0,23.0,13.0,18.0,0.012582315970061967,11.870109405718837,0.0,ABS Plastic,1.7692307692307692,0,54.0,/Users/ulukbekrahmanov/Desktop/fusion_subset/20188_98b86c0f/assembly.json
20349_a12428da,medium_rotor,105,106.0,864.0,615.0,725.0,61.82547385837642,45971.094666222896,0.0,"Steel, Mild, Wood",1.4048780487804877,0,2204.0,/Users/ulukbekrahmanov/Desktop/fusion_subset/20349_a12428da/assembly.json
21244_24c3ce72,complex_assembly,90,174.0,4549.0,2413.0,3321.0,20.771298334894464,5252.275042097885,0.0,"Steel, Mild, Stainless Steel, 440C, rubber, Black",1.8852051388313302,0,10283.0,/Users/ulukbekrahmanov/Desktop/fusion_subset/21244_24c3ce72/assembly.json
21274_2fb8c3f5,simple_rotor,1,11.0,58.0,40.0,42.0,0.09614070128389868,12.247223093490277,0.0,Steel,1.45,0,140.0,/Users/ulukbekrahmanov/Desktop/fusion_subset/21274_2fb8c3f5/assembly.json
20898_5f5b9bc7,simple_rotor,1,2.0,32.0,15.0,22.0,80.01051993676265,10192.422921880592,0.0,Steel,2.1333333333333333,0,69.0,/Users/ulukbekrahmanov/Desktop/fusion_subset/20898_5f5b9bc7/assembly.json
22440_014f1bac,medium_rotor,38,37.0,1295.0,609.0,874.0,2.9824024796659905,379.92388275999843,0.0,Steel,2.1264367816091956,0,2778.0,/Users/ulukbekrahmanov/Desktop/fusion_subset/22440_014f1bac/assembly.json
22199_8ec9eeb2,medium_rotor,21,20.0,1292.0,635.0,901.0,5.7518951956774,925.8937809778453,0.0,"Steel, Aluminum",2.0346456692913386,0,2828.0,/Users/ulukbekrahmanov/Desktop/fusion_subset/22199_8ec9eeb2/assembly.json
22729_232da678,medium_rotor,4,4.0,307.0,147.0,224.0,2.8279408102069565,360.2472369690391,0.0,Steel,2.0884353741496597,0,678.0,/Users/ulukbekrahmanov/Desktop/fusion_subset/22729_232da678/assembly.json
20636_ca9eb29a,high_complexity_rotor,20,83.0,2753.0,1309.0,1848.0,12.245494190956613,4871.012656346084,0.0,"Steel, Wood",2.1031321619556915,0,5910.0,/Users/ulukbekrahmanov/Desktop/fusion_subset/20636_ca9eb29a/assembly.json
21611_1d3ff1b6,simple_rotor,1,2.0,109.0,66.0,76.0,1.4947481822647806,190.41378118022686,0.0,Steel,1.6515151515151516,0,251.0,/Users/ulukbekrahmanov/Desktop/fusion_subset/21611_1d3ff1b6/assembly.json
22125_e3a4cad4,complex_assembly,93,136.0,24143.0,9358.0,16390.0,75.56476253729423,9626.084399655323,0.0,Steel,2.5799316093182303,1,49891.0,/Users/ulukbekrahmanov/Desktop/fusion_subset/22125_e3a4cad4/assembly.json
21979_29f59427,high_complexity_rotor,14,29.0,1576.0,774.0,1006.0,1.4953780753098977,553.8437315962598,0.0,Aluminum,2.0361757105943155,0,3356.0,/Users/ulukbekrahmanov/Desktop/fusion_subset/21979_29f59427/assembly.json
21048_75cc125c,medium_rotor,6,21.0,252.0,126.0,168.0,505.16320257479975,64352.00032799998,0.0,Steel,2.0,0,546.0,/Users/ulukbekrahmanov/Desktop/fusion_subset/21048_75cc125c/assembly.json
21831_54ca67d1,symmetric_rotor,2,2.0,950.0,333.0,633.0,0.015286435365560942,1.947316607077827,0.0,Steel,2.8528528528528527,1,1916.0,/Users/ulukbekrahmanov/Desktop/fusion_subset/21831_54ca67d1/assembly.json
22586_ff3651b2,medium_rotor,1,2.0,630.0,272.0,354.0,0.3109003112593435,39.60513519227305,0.0,Steel,2.3161764705882355,0,1256.0,/Users/ulukbekrahmanov/Desktop/fusion_subset/22586_ff3651b2/assembly.json
21422_b2a6bf27,simple_rotor,2,1.0,15.0,13.0,12.0,0.007800856855618467,0.743646983376403,0.0,Silver,1.1538461538461537,0,40.0,/Users/ulukbekrahmanov/Desktop/fusion_subset/21422_b2a6bf27/assembly.json
23259_d655fcc1,symmetric_rotor,1,6.0,1234.0,441.0,818.0,0.745334310612581,94.94704593790841,0.0,Steel,2.798185941043084,1,2493.0,/Users/ulukbekrahmanov/Desktop/fusion_subset/23259_d655fcc1/assembly.json
21497_9833a679,symmetric_rotor,1,6.0,459.0,175.0,296.0,0.4486007307993143,57.14658991074067,0.0,Steel,2.6228571428571428,1,930.0,/Users/ulukbekrahmanov/Desktop/fusion_subset/21497_9833a679/assembly.json
22245_ca848576,symmetric_rotor,1,21.0,730.0,286.0,501.0,0.7122650444727554,90.73440056977775,0.0,Steel,2.5524475524475525,1,1517.0,/Users/ulukbekrahmanov/Desktop/fusion_subset/22245_ca848576/assembly.json
21848_0fff9631,simple_rotor,1,7.0,119.0,68.0,71.0,2.745410712074073,349.73384867185644,0.0,Steel,1.75,0,258.0,/Users/ulukbekrahmanov/Desktop/fusion_subset/21848_0fff9631/assembly.json
20731_fbdc7731,simple_rotor,1,3.0,140.0,52.0,95.0,22.844314964234187,2910.1038170998963,0.0,Steel,2.6923076923076925,1,287.0,/Users/ulukbekrahmanov/Desktop/fusion_subset/20731_fbdc7731/assembly.json
21015_10304cb9,simple_rotor,6,4.0,93.0,39.0,62.0,0.003311719418692438,0.42187508518375005,0.0,Steel,2.3846153846153846,0,194.0,/Users/ulukbekrahmanov/Desktop/fusion_subset/21015_10304cb9/assembly.json
23210_f535bfd2,simple_rotor,11,12.0,121.0,80.0,100.0,0.2223322290083592,389.8805604317646,0.0,Wood,1.5125,0,301.0,/Users/ulukbekrahmanov/Desktop/fusion_subset/23210_f535bfd2/assembly.json
22784_bcace961,medium_rotor,1,1.0,559.0,233.0,323.0,7.094032686140029,835.5751102638433,0.0,"Steel, Brass",2.3991416309012874,0,1115.0,/Users/ulukbekrahmanov/Desktop/fusion_subset/22784_bcace961/assembly.json
22630_b6010fff,medium_rotor,15,49.0,1114.0,637.0,846.0,12.033949807308751,1881.113377181689,0.0,"Steel, Aluminum",1.748822605965463,0,2597.0,/Users/ulukbekrahmanov/Desktop/fusion_subset/22630_b6010fff/assembly.json
20755_4b5e61bf,medium_rotor,7,8.0,807.0,373.0,502.0,0.17943616546004482,111.85825798211857,0.0,"Polystyrene, Phenolic Resin, Steel",2.163538873994638,0,1682.0,/Users/ulukbekrahmanov/Desktop/fusion_subset/20755_4b5e61bf/assembly.json
23002_4d53fb3f,high_complexity_rotor,1,29.0,1969.0,825.0,1323.0,0.35231944861990144,44.88145842291735,0.0,Steel,2.3866666666666667,0,4117.0,/Users/ulukbekrahmanov/Desktop/fusion_subset/23002_4d53fb3f/assembly.json
20291_42287610,simple_rotor,1,3.0,10.0,9.0,10.0,2.634273865644511,335.5762886171352,0.0,"Steel, Mild",1.1111111111111112,0,29.0,/Users/ulukbekrahmanov/Desktop/fusion_subset/20291_42287610/assembly.json
23245_ccd099b6,medium_rotor,14,19.0,247.0,132.0,184.0,0.5706484746985901,1000.6859919380059,0.0,Wood,1.871212121212121,0,563.0,/Users/ulukbekrahmanov/Desktop/fusion_subset/23245_ccd099b6/assembly.json
21580_b8b2571b,high_complexity_rotor,17,38.0,4039.0,1671.0,2716.0,15.653394101669067,1994.0629428877794,0.0,Steel,2.417115499700778,0,8426.0,/Users/ulukbekrahmanov/Desktop/fusion_subset/21580_b8b2571b/assembly.json
21365_ab403591,medium_rotor,5,17.0,842.0,357.0,521.0,274.1255704118496,34920.45482953499,0.0,Steel,2.358543417366947,0,1720.0,/Users/ulukbekrahmanov/Desktop/fusion_subset/21365_ab403591/assembly.json
22014_5880c417,simple_rotor,2,4.0,129.0,55.0,84.0,0.5090752547787978,64.85035092723538,0.0,Steel,2.3454545454545452,0,268.0,/Users/ulukbekrahmanov/Desktop/fusion_subset/22014_5880c417/assembly.json
21630_316322ff,simple_rotor,1,3.0,77.0,36.0,48.0,0.00018756601315659296,0.023893759637782546,0.0,Steel,2.138888888888889,0,161.0,/Users/ulukbekrahmanov/Desktop/fusion_subset/21630_316322ff/assembly.json
22349_6f67a96e,simple_rotor,1,4.0,44.0,34.0,36.0,0.5439956609418708,69.29881031106635,0.0,Steel,1.2941176470588236,0,114.0,/Users/ulukbekrahmanov/Desktop/fusion_subset/22349_6f67a96e/assembly.json
21316_69ed56f5,complex_assembly,45,635.0,6911.0,2363.0,5470.0,54.05994952416859,6886.617773779441,0.0,"Steel, Mild",2.924672027084215,1,14744.0,/Users/ulukbekrahmanov/Desktop/fusion_subset/21316_69ed56f5/assembly.json
20281_a29f9a18,medium_rotor,5,4.0,330.0,148.0,210.0,0.19195237111975078,24.452531352834498,0.0,"Steel, Mild",2.22972972972973,0,688.0,/Users/ulukbekrahmanov/Desktop/fusion_subset/20281_a29f9a18/assembly.json
21243_3ec5d732,simple_rotor,1,2.0,27.0,14.0,19.0,13.22571798987936,1684.8048394750779,0.0,Steel,1.9285714285714286,0,60.0,/Users/ulukbekrahmanov/Desktop/fusion_subset/21243_3ec5d732/assembly.json
21545_4384f96e,complex_assembly,31,43.0,1507.0,690.0,1031.0,72.4195770968614,11392.267966052203,0.0,"ABS Plastic, Rubber, Natural, Stainless Steel",2.184057971014493,0,3228.0,/Users/ulukbekrahmanov/Desktop/fusion_subset/21545_4384f96e/assembly.json
23258_87a2ba81,high_complexity_rotor,11,24.0,8650.0,3219.0,5797.0,58.578835815783236,7848.649346368708,0.0,"Steel, Rubber, Natural, Glass, Cast, Clear",2.6871699285492388,1,17666.0,/Users/ulukbekrahmanov/Desktop/fusion_subset/23258_87a2ba81/assembly.json
21839_a8eb6d34,high_complexity_rotor,2,2.0,3486.0,1234.0,2323.0,0.06274647703861887,7.993181788359093,0.0,Steel,2.824959481361426,1,7043.0,/Users/ulukbekrahmanov/Desktop/fusion_subset/21839_a8eb6d34/assembly.json
23123_f35404c4,complex_assembly,36,35.0,1775.0,816.0,1159.0,0.15461979194569492,19.696788782891073,0.0,Steel,2.1752450980392157,0,3750.0,/Users/ulukbekrahmanov/Desktop/fusion_subset/23123_f35404c4/assembly.json
21425_d0d47a2a,high_complexity_rotor,2,6.0,1551.0,688.0,882.0,0.0009855601037005064,0.12554905779624287,0.0,Steel,2.254360465116279,0,3121.0,/Users/ulukbekrahmanov/Desktop/fusion_subset/21425_d0d47a2a/assembly.json
22419_dfeb5d33,high_complexity_rotor,1,4.0,3010.0,1044.0,1952.0,0.0038014967737721637,0.4842671049391291,0.0,Steel,2.8831417624521074,1,6006.0,/Users/ulukbekrahmanov/Desktop/fusion_subset/22419_dfeb5d33/assembly.json
21986_67c5509a,complex_assembly,27,36.0,1656.0,805.0,1137.0,0.19168900212445947,45.99733073667842,0.0,"Steel, Aluminum, Brass",2.057142857142857,0,3598.0,/Users/ulukbekrahmanov/Desktop/fusion_subset/21986_67c5509a/assembly.json
21035_d308c5c4,medium_rotor,2,9.0,1445.0,626.0,777.0,1701.5073658313736,216752.5306791559,0.0,Steel,2.308306709265176,0,2848.0,/Users/ulukbekrahmanov/Desktop/fusion_subset/21035_d308c5c4/assembly.json
21859_35124f79,complex_assembly,40,162.0,20338.0,8766.0,14264.0,642.1894907209677,81807.57843579205,0.0,Steel,2.320100387862195,0,43368.0,/Users/ulukbekrahmanov/Desktop/fusion_subset/21859_35124f79/assembly.json
22421_19401bdd,high_complexity_rotor,1,14.0,2582.0,993.0,1617.0,0.0007621472987741863,0.09708882786932313,0.0,Steel,2.6002014098690838,1,5192.0,/Users/ulukbekrahmanov/Desktop/fusion_subset/22421_19401bdd/assembly.json
22787_49022c32,complex_assembly,70,28.0,2761.0,1301.0,1799.0,2.149948930816162,440.04916212218336,0.0,"Copper, Steel, ABS Plastic",2.1222136817832435,0,5861.0,/Users/ulukbekrahmanov/Desktop/fusion_subset/22787_49022c32/assembly.json
23103_66470b7e,simple_rotor,1,5.0,200.0,82.0,139.0,0.1890251171583604,24.0796327590268,0.0,Steel,2.4390243902439024,0,421.0,/Users/ulukbekrahmanov/Desktop/fusion_subset/23103_66470b7e/assembly.json
20505_017d4cc4,medium_rotor,12,15.0,615.0,312.0,413.0,0.3754912769509091,47.83328368801392,0.0,Steel,1.9711538461538463,0,1340.0,/Users/ulukbekrahmanov/Desktop/fusion_subset/20505_017d4cc4/assembly.json
23044_9a964a68,medium_rotor,63,48.0,579.0,341.0,445.0,10.3067592896782,1312.9629668379873,0.0,Steel,1.6979472140762464,0,1365.0,/Users/ulukbekrahmanov/Desktop/fusion_subset/23044_9a964a68/assembly.json
20682_e208cc63,symmetric_rotor,1,2.0,431.0,145.0,301.0,1.988334805995252,253.29105808856713,0.0,Steel,2.972413793103448,1,877.0,/Users/ulukbekrahmanov/Desktop/fusion_subset/20682_e208cc63/assembly.json
21976_807c9b26,simple_rotor,9,8.0,90.0,47.0,54.0,12.4562581896995,1586.784482764268,0.0,Steel,1.9148936170212767,0,191.0,/Users/ulukbekrahmanov/Desktop/fusion_subset/21976_807c9b26/assembly.json
21865_c190b734,simple_rotor,1,7.0,64.0,46.0,46.0,791.1531772797335,100783.84423945652,0.0,Steel,1.391304347826087,0,156.0,/Users/ulukbekrahmanov/Desktop/fusion_subset/21865_c190b734/assembly.json
20426_79358492,simple_rotor,1,1.0,27.0,11.0,18.0,0.0025990095183394614,1.8238663286592713,0.0,"Steel, Mild, Acetal Resin, Black",2.4545454545454546,0,56.0,/Users/ulukbekrahmanov/Desktop/fusion_subset/20426_79358492/assembly.json
22076_20e8a107,high_complexity_rotor,20,159.0,3463.0,1646.0,2417.0,10.466470706930014,1333.3083703095576,0.0,Steel,2.103888213851762,0,7526.0,/Users/ulukbekrahmanov/Desktop/fusion_subset/22076_20e8a107/assembly.json
23217_7c6062e3,high_complexity_rotor,1,36.0,2293.0,904.0,1514.0,128.06319887060084,25752.689543626188,0.0,"Titanium, Steel, Glass, Cast, Clear",2.536504424778761,1,4711.0,/Users/ulukbekrahmanov/Desktop/fusion_subset/23217_7c6062e3/assembly.json
23408_e5fd25ba,simple_rotor,1,3.0,50.0,47.0,46.0,5.475750204955585,697.5477968096287,0.0,Steel,1.0638297872340425,0,143.0,/Users/ulukbekrahmanov/Desktop/fusion_subset/23408_e5fd25ba/assembly.json
22443_fa24c6f9,medium_rotor,1,26.0,1350.0,608.0,739.0,16088.88707431296,2049539.754689549,0.0,Steel,2.2203947368421053,0,2697.0,/Users/ulukbekrahmanov/Desktop/fusion_subset/22443_fa24c6f9/assembly.json
21706_adfb2ece,medium_rotor,1,4.0,302.0,134.0,205.0,4.167071669033202,530.8371552908537,0.0,Steel,2.253731343283582,0,641.0,/Users/ulukbekrahmanov/Desktop/fusion_subset/21706_adfb2ece/assembly.json
23265_07de6a0b,simple_rotor,4,4.0,157.0,71.0,110.0,0.6509595893728999,82.9247884551465,0.0,Steel,2.211267605633803,0,338.0,/Users/ulukbekrahmanov/Desktop/fusion_subset/23265_07de6a0b/assembly.json
21745_56cbe841,medium_rotor,13,17.0,474.0,299.0,385.0,0.38099653959979973,216.93960712288998,0.0,"Steel, Bamboo",1.585284280936455,0,1158.0,/Users/ulukbekrahmanov/Desktop/fusion_subset/21745_56cbe841/assembly.json
20466_4b3e5186,simple_rotor,1,1.0,28.0,13.0,16.0,0.0,0.0,0.0,"Steel, Mild",2.1538461538461537,0,57.0,/Users/ulukbekrahmanov/Desktop/fusion_subset/20466_4b3e5186/assembly.json
21695_1f33863f,medium_rotor,17,15.0,220.0,140.0,167.0,0.14972826771187195,19.073664676671584,0.0,Steel,1.5714285714285714,0,527.0,/Users/ulukbekrahmanov/Desktop/fusion_subset/21695_1f33863f/assembly.json
19518_f220b68a,simple_rotor,8,8.0,64.0,26.0,40.0,3.2751506772667476,3275.1506772667476,0.0,Generic,2.4615384615384617,0,130.0,/Users/ulukbekrahmanov/Desktop/fusion_subset/19518_f220b68a/assembly.json
22313_3a8b93dc,medium_rotor,1,10.0,332.0,136.0,220.0,200.8981821706633,25592.12511728195,0.0,Steel,2.4411764705882355,0,688.0,/Users/ulukbekrahmanov/Desktop/fusion_subset/22313_3a8b93dc/assembly.json
22251_88fd728c,medium_rotor,1,54.0,733.0,442.0,613.0,860.4087788791069,109606.21386994996,0.0,Steel,1.658371040723982,0,1788.0,/Users/ulukbekrahmanov/Desktop/fusion_subset/22251_88fd728c/assembly.json
21613_d57e983a,simple_rotor,1,2.0,93.0,56.0,66.0,1.67760714401804,213.70791643541912,0.0,Steel,1.6607142857142858,0,215.0,/Users/ulukbekrahmanov/Desktop/fusion_subset/21613_d57e983a/assembly.json
22067_624b28e3,simple_rotor,3,10.0,60.0,45.0,47.0,0.4148033699315411,52.841193621852355,0.0,Steel,1.3333333333333333,0,152.0,/Users/ulukbekrahmanov/Desktop/fusion_subset/22067_624b28e3/assembly.json
21005_9feee615,high_complexity_rotor,13,10.0,5032.0,2249.0,3083.0,1338.53139116284,1912187.7016612003,0.0,Bamboo,2.2374388617163183,0,10364.0,/Users/ulukbekrahmanov/Desktop/fusion_subset/21005_9feee615/assembly.json
23250_aa321310,simple_rotor,1,2.0,53.0,26.0,37.0,0.00545980233314074,5.347504733732361,0.0,Polystyrene,2.0384615384615383,0,116.0,/Users/ulukbekrahmanov/Desktop/fusion_subset/23250_aa321310/assembly.json
23155_d7305c5f,high_complexity_rotor,1,17.0,1721.0,619.0,1161.0,3.5776193221900865,455.7476843554252,0.0,Steel,2.780290791599354,1,3501.0,/Users/ulukbekrahmanov/Desktop/fusion_subset/23155_d7305c5f/assembly.json
22749_346e10ae,simple_rotor,1,7.0,43.0,29.0,30.0,0.39668607522636645,50.53325799061994,0.0,Steel,1.4827586206896552,0,102.0,/Users/ulukbekrahmanov/Desktop/fusion_subset/22749_346e10ae/assembly.json
20818_098cad7c,high_complexity_rotor,16,37.0,4231.0,1557.0,2822.0,0.908134451761824,844.2497110968015,0.0,"Acrylic, Clear, Steel, Wood",2.7174052665382145,1,8610.0,/Users/ulukbekrahmanov/Desktop/fusion_subset/20818_098cad7c/assembly.json
7780_6c885e81,symmetric_rotor,7,6.0,954.0,354.0,624.0,0.1204601872865391,24.724829581673983,0.0,"Steel, Mild, Rubber, Nitrile, ABS Plastic",2.694915254237288,1,1932.0,/Users/ulukbekrahmanov/Desktop/fusion_subset/7780_6c885e81/assembly.json
21581_8f948e0b,simple_rotor,1,4.0,82.0,42.0,55.0,7.304046495472459,930.4517828627338,0.0,Steel,1.9523809523809523,0,179.0,/Users/ulukbekrahmanov/Desktop/fusion_subset/21581_8f948e0b/assembly.json
20186_f66e4ad3,simple_rotor,3,5.0,159.0,73.0,123.0,0.048845699877757096,6.318977991947876,0.0,"Steel, Alloy",2.1780821917808217,0,355.0,/Users/ulukbekrahmanov/Desktop/fusion_subset/20186_f66e4ad3/assembly.json
23322_8f85d82d,medium_rotor,12,9.0,965.0,392.0,628.0,1.7192277867872012,1077.8204174173202,0.0,"Glass, Cast, Clear, Steel, Wood",2.461734693877551,0,1985.0,/Users/ulukbekrahmanov/Desktop/fusion_subset/23322_8f85d82d/assembly.json
23235_f9ccb8b0,complex_assembly,56,77.0,3925.0,1732.0,2627.0,10.645101483774042,1356.0638832833156,0.0,Steel,2.266166281755196,0,8284.0,/Users/ulukbekrahmanov/Desktop/fusion_subset/23235_f9ccb8b0/assembly.json
21528_a5d5490f,medium_rotor,19,18.0,332.0,151.0,232.0,0.4760753644000125,60.64654323567039,0.0,Steel,2.198675496688742,0,715.0,/Users/ulukbekrahmanov/Desktop/fusion_subset/21528_a5d5490f/assembly.json
23466_1cf60d09,medium_rotor,24,23.0,1118.0,581.0,772.0,0.5298009803854562,67.49057074973963,0.0,Steel,1.9242685025817556,0,2471.0,/Users/ulukbekrahmanov/Desktop/fusion_subset/23466_1cf60d09/assembly.json
21467_67965037,symmetric_rotor,6,5.0,439.0,166.0,290.0,0.07396053984867942,8.732059014011739,0.0,Bronze,2.644578313253012,1,895.0,/Users/ulukbekrahmanov/Desktop/fusion_subset/21467_67965037/assembly.json
20165_2b088be5,high_complexity_rotor,8,10.0,3419.0,1455.0,3141.0,8.021406322798743,1021.8352003565278,0.0,"Steel, Mild",2.349828178694158,0,8015.0,/Users/ulukbekrahmanov/Desktop/fusion_subset/20165_2b088be5/assembly.json
22581_406c16c4,complex_assembly,34,42.0,1577.0,677.0,1063.0,3.1195652901258373,397.3968522453297,0.0,Steel,2.3293943870014773,0,3317.0,/Users/ulukbekrahmanov/Desktop/fusion_subset/22581_406c16c4/assembly.json
21781_5985da6d,simple_rotor,1,4.0,99.0,41.0,66.0,0.0322642715850992,4.110098291095439,0.0,Steel,2.4146341463414633,0,206.0,/Users/ulukbekrahmanov/Desktop/fusion_subset/21781_5985da6d/assembly.json
21267_35a558cc,simple_rotor,1,2.0,24.0,12.0,16.0,0.1961807417361014,24.99117729122311,0.0,Steel,2.0,0,52.0,/Users/ulukbekrahmanov/Desktop/fusion_subset/21267_35a558cc/assembly.json
21849_a5f563a6,high_complexity_rotor,2,14.0,2025.0,703.0,1350.0,661.3177605374359,84244.30070540585,0.0,Steel,2.880512091038407,1,4078.0,/Users/ulukbekrahmanov/Desktop/fusion_subset/21849_a5f563a6/assembly.json
20722_90d46353,medium_rotor,5,41.0,546.0,267.0,366.0,334.5749201098822,337064.9134078656,0.0,"Steel, Wood, Aluminum",2.044943820224719,0,1179.0,/Users/ulukbekrahmanov/Desktop/fusion_subset/20722_90d46353/assembly.json
23213_3df3cb34,medium_rotor,1,12.0,652.0,288.0,392.0,7.437478874975864,947.4495382134859,0.0,Steel,2.263888888888889,0,1332.0,/Users/ulukbekrahmanov/Desktop/fusion_subset/23213_3df3cb34/assembly.json
22073_951645ae,simple_rotor,5,5.0,134.0,95.0,108.0,3.267294020827449e-05,0.004162157988315223,0.0,Steel,1.4105263157894736,0,337.0,/Users/ulukbekrahmanov/Desktop/fusion_subset/22073_951645ae/assembly.json
22341_0f9c52ed,medium_rotor,14,15.0,376.0,217.0,268.0,3.9663310480335907,505.26510166032995,0.0,"Steel, Mild, Steel, Carbon",1.7327188940092166,0,861.0,/Users/ulukbekrahmanov/Desktop/fusion_subset/22341_0f9c52ed/assembly.json
22075_12b129d5,simple_rotor,1,4.0,90.0,37.0,53.0,0.0,0.0,0.0,Steel,2.4324324324324325,0,180.0,/Users/ulukbekrahmanov/Desktop/fusion_subset/22075_12b129d5/assembly.json
22762_dcbdd14d,symmetric_rotor,1,2.0,541.0,208.0,345.0,7.54262960950821,960.8445362430842,0.0,Steel,2.6009615384615383,1,1094.0,/Users/ulukbekrahmanov/Desktop/fusion_subset/22762_dcbdd14d/assembly.json
21722_68aeba65,complex_assembly,76,64.0,3358.0,1322.0,2296.0,10.164588788822863,1294.8520750092814,0.0,Steel,2.540090771558245,1,6976.0,/Users/ulukbekrahmanov/Desktop/fusion_subset/21722_68aeba65/assembly.json
22133_465d7a91,simple_rotor,2,2.0,79.0,36.0,43.0,1.2721384939201688,162.0558590981107,0.0,Steel,2.1944444444444446,0,158.0,/Users/ulukbekrahmanov/Desktop/fusion_subset/22133_465d7a91/assembly.json
21592_c5e77a82,medium_rotor,2,48.0,755.0,377.0,504.0,109845.78741977297,13993093.938824566,0.0,Steel,2.0026525198938994,0,1636.0,/Users/ulukbekrahmanov/Desktop/fusion_subset/21592_c5e77a82/assembly.json
21511_d07c59c2,high_complexity_rotor,8,7.0,1628.0,618.0,1046.0,0.25952493330350224,33.060501057771006,0.0,Steel,2.634304207119741,1,3292.0,/Users/ulukbekrahmanov/Desktop/fusion_subset/21511_d07c59c2/assembly.json
21994_357aac6f,simple_rotor,15,7.0,146.0,87.0,112.0,11.49951555900979,1216.2237732090878,0.0,"Steel, Lead",1.6781609195402298,0,345.0,/Users/ulukbekrahmanov/Desktop/fusion_subset/21994_357aac6f/assembly.json
20671_33532794,simple_rotor,2,3.0,62.0,32.0,44.0,0.06719446954734769,24.88684057309174,0.0,Aluminum,1.9375,0,138.0,/Users/ulukbekrahmanov/Desktop/fusion_subset/20671_33532794/assembly.json
20697_d3e106b4,high_complexity_rotor,1,12.0,2019.0,795.0,1351.0,0.15907187536250378,20.263933167197933,0.0,Steel,2.539622641509434,1,4165.0,/Users/ulukbekrahmanov/Desktop/fusion_subset/20697_d3e106b4/assembly.json
20241_ccb70dc8,simple_rotor,3,1.0,42.0,19.0,30.0,1.2222250770622862,155.69746204615112,0.0,"Steel, Mild",2.210526315789474,0,91.0,/Users/ulukbekrahmanov/Desktop/fusion_subset/20241_ccb70dc8/assembly.json
21557_53eafe15,complex_assembly,101,62.0,3314.0,1349.0,2303.0,7.52086795249605,958.072350636439,0.0,Steel,2.4566345441067456,0,6966.0,/Users/ulukbekrahmanov/Desktop/fusion_subset/21557_53eafe15/assembly.json
7778_3a9748b3,complex_assembly,27,167.0,2424.0,1333.0,1736.0,6.141148072246107,3288.7493546946394,0.0,"Titanium, Steel, ABS Plastic",1.8184546136534134,0,5493.0,/Users/ulukbekrahmanov/Desktop/fusion_subset/7778_3a9748b3/assembly.json
20488_589ac9c0,simple_rotor,1,4.0,97.0,41.0,62.0,581.7304354142548,74105.78795086048,0.0,"Steel, Mild",2.3658536585365852,0,200.0,/Users/ulukbekrahmanov/Desktop/fusion_subset/20488_589ac9c0/assembly.json
23374_57cca189,medium_rotor,2,4.0,379.0,164.0,236.0,16.775766077010662,2799.583045922163,0.0,"Aluminum, Anodized Red, Aluminum, Aluminum, Anodized Blue",2.3109756097560976,0,779.0,/Users/ulukbekrahmanov/Desktop/fusion_subset/23374_57cca189/assembly.json
22129_48b47c52,simple_rotor,1,1.0,149.0,41.0,94.0,0.45791586556141434,58.33323128170884,0.0,Steel,3.6341463414634148,1,284.0,/Users/ulukbekrahmanov/Desktop/fusion_subset/22129_48b47c52/assembly.json
20176_a02bde39,medium_rotor,40,38.0,628.0,288.0,424.0,173.66378748102298,304535.85350286635,0.0,Wood,2.1805555555555554,0,1340.0,/Users/ulukbekrahmanov/Desktop/fusion_subset/20176_a02bde39/assembly.json
19596_fb9531a5,high_complexity_rotor,5,25.0,1501.0,588.0,1027.0,2.5743526414847553,810.8631646870265,0.0,"Steel, Mild, Glass, ABS Plastic",2.552721088435374,1,3116.0,/Users/ulukbekrahmanov/Desktop/fusion_subset/19596_fb9531a5/assembly.json
20438_5f344b00,simple_rotor,1,6.0,127.0,49.0,93.0,0.4205209467282519,329.5108234222386,0.0,"Steel, Mild, Rubber, Nitrile, ABS Plastic",2.5918367346938775,1,269.0,/Users/ulukbekrahmanov/Desktop/fusion_subset/20438_5f344b00/assembly.json
23419_ea47995f,complex_assembly,30,34.0,1881.0,750.0,1283.0,0.5552682172875236,70.73480475000304,0.0,Steel,2.508,1,3914.0,/Users/ulukbekrahmanov/Desktop/fusion_subset/23419_ea47995f/assembly.json
22035_101c7ab4,medium_rotor,6,14.0,1158.0,474.0,737.0,0.38884307150722536,172.57749143808041,0.0,"Steel, Rubber, Natural",2.4430379746835444,0,2369.0,/Users/ulukbekrahmanov/Desktop/fusion_subset/22035_101c7ab4/assembly.json
20989_a261efa3,simple_rotor,2,1.0,114.0,40.0,83.0,0.0072932941994583896,0.9290820636252727,0.0,"Steel, Mild",2.85,1,237.0,/Users/ulukbekrahmanov/Desktop/fusion_subset/20989_a261efa3/assembly.json
23127_38d73061,symmetric_rotor,9,8.0,655.0,239.0,432.0,113.0164322816556,14396.997742886062,0.0,Steel,2.7405857740585775,1,1326.0,/Users/ulukbekrahmanov/Desktop/fusion_subset/23127_38d73061/assembly.json
23354_8182b4eb,medium_rotor,1,12.0,280.0,145.0,149.0,909.8915953418359,115909.75736838674,0.0,Steel,1.9310344827586208,0,574.0,/Users/ulukbekrahmanov/Desktop/fusion_subset/23354_8182b4eb/assembly.json
21685_93737a7a,high_complexity_rotor,1,42.0,5028.0,1936.0,3195.0,2776.345572085728,2776345.572085729,0.0,Generic,2.597107438016529,1,10159.0,/Users/ulukbekrahmanov/Desktop/fusion_subset/21685_93737a7a/assembly.json
21989_a0b5037d,medium_rotor,2,128.0,541.0,243.0,321.0,563.9599934273842,71842.0373792841,0.0,Steel,2.2263374485596708,0,1105.0,/Users/ulukbekrahmanov/Desktop/fusion_subset/21989_a0b5037d/assembly.json
22027_11a2e852,high_complexity_rotor,1,12.0,2929.0,1125.0,1984.0,0.07863885250037007,78.63885250037006,0.0,Generic,2.6035555555555554,1,6038.0,/Users/ulukbekrahmanov/Desktop/fusion_subset/22027_11a2e852/assembly.json
21184_971559b6,simple_rotor,13,12.0,82.0,58.0,68.0,0.5323177755311926,67.81118159633027,0.0,Steel,1.4137931034482758,0,208.0,/Users/ulukbekrahmanov/Desktop/fusion_subset/21184_971559b6/assembly.json
20547_ec8cfd0d,simple_rotor,1,3.0,0.0,3.0,0.0,0.0986460093227195,12.566370614359172,0.0,Steel,0.0,0,3.0,/Users/ulukbekrahmanov/Desktop/fusion_subset/20547_ec8cfd0d/assembly.json
20479_77930584,simple_rotor,1,2.0,24.0,12.0,16.0,10.627237362777999,1353.78819908,0.0,"Steel, Mild",2.0,0,52.0,/Users/ulukbekrahmanov/Desktop/fusion_subset/20479_77930584/assembly.json
22589_2c8f7c0b,simple_rotor,1,9.0,186.0,88.0,118.0,0.04490450625061884,5.720319267594757,0.0,Steel,2.1136363636363638,0,392.0,/Users/ulukbekrahmanov/Desktop/fusion_subset/22589_2c8f7c0b/assembly.json
20741_c337946f,simple_rotor,1,2.0,121.0,55.0,68.0,0.0002940626337385291,0.037460208119557845,0.0,Steel,2.2,0,244.0,/Users/ulukbekrahmanov/Desktop/fusion_subset/20741_c337946f/assembly.json
20237_06b27bf5,symmetric_rotor,1,3.0,1273.0,481.0,843.0,0.5700932682660844,72.62334627593432,0.0,"Steel, Mild",2.6465696465696467,1,2597.0,/Users/ulukbekrahmanov/Desktop/fusion_subset/20237_06b27bf5/assembly.json
20431_0088a0dd,medium_rotor,3,8.0,326.0,167.0,230.0,0.49756759254626454,184.18018501934753,0.0,"Steel, Mild, ABS Plastic, Aluminum, Anodized Blue",1.9520958083832336,0,723.0,/Users/ulukbekrahmanov/Desktop/fusion_subset/20431_0088a0dd/assembly.json
22417_4a15d62e,high_complexity_rotor,3,15.0,1902.0,730.0,1222.0,0.01673136125065677,2.131383598809779,0.0,"Steel, Mild",2.6054794520547944,1,3854.0,/Users/ulukbekrahmanov/Desktop/fusion_subset/22417_4a15d62e/assembly.json
20672_0bc07cce,simple_rotor,1,2.0,15.0,10.0,11.0,8.264132073718075,1052.7556781806466,0.0,Steel,1.5,0,36.0,/Users/ulukbekrahmanov/Desktop/fusion_subset/20672_0bc07cce/assembly.json
21616_c6c3347a,simple_rotor,1,2.0,46.0,34.0,36.0,2.3399375482491065,298.0812163374658,0.0,Steel,1.3529411764705883,0,116.0,/Users/ulukbekrahmanov/Desktop/fusion_subset/21616_c6c3347a/assembly.json
22576_d05619d1,high_complexity_rotor,1,1.0,1605.0,507.0,953.0,0.2960695904806787,279.31093441573466,0.0,"ABS Plastic, Steel, Silver",3.165680473372781,1,3065.0,/Users/ulukbekrahmanov/Desktop/fusion_subset/22576_d05619d1/assembly.json
20946_6573271d,simple_rotor,1,1.0,62.0,16.0,48.0,0.06178514782282302,7.870719467875544,0.0,Steel,3.875,1,126.0,/Users/ulukbekrahmanov/Desktop/fusion_subset/20946_6573271d/assembly.json
22483_f4e4b62a,complex_assembly,37,177.0,4288.0,2348.0,2940.0,7.258219328073821,3179.701090792395,0.0,"Wood, Steel, Rubber, Natural",1.8262350936967633,0,9576.0,/Users/ulukbekrahmanov/Desktop/fusion_subset/22483_f4e4b62a/assembly.json
20467_f1fcc009,simple_rotor,1,6.0,104.0,44.0,68.0,0.0,13.72406088492881,0.0,"Steel, Mild, Acetal Resin, Black, Magnesium",2.3636363636363638,0,216.0,/Users/ulukbekrahmanov/Desktop/fusion_subset/20467_f1fcc009/assembly.json
20279_aed6b3b3,high_complexity_rotor,14,23.0,4556.0,1718.0,2981.0,0.6896523942386898,167.21814574400832,0.0,"Steel, Mild, Acetal Resin, Black, Aluminum",2.6519208381839348,1,9255.0,/Users/ulukbekrahmanov/Desktop/fusion_subset/20279_aed6b3b3/assembly.json
22058_71feafda,simple_rotor,1,5.0,98.0,43.0,60.0,0.0,0.0,0.0,Steel,2.2790697674418605,0,201.0,/Users/ulukbekrahmanov/Desktop/fusion_subset/22058_71feafda/assembly.json
23413_6702ec7f,medium_rotor,3,16.0,635.0,283.0,407.0,0.5793314376654063,163.615692366238,0.0,"Steel, Plastic",2.243816254416961,0,1325.0,/Users/ulukbekrahmanov/Desktop/fusion_subset/23413_6702ec7f/assembly.json
21093_1bda9bbe,high_complexity_rotor,1,27.0,3004.0,1315.0,1707.0,1.5668704666666666,199.60133333333334,0.0,"Steel, Mild, Aluminum, Anodized Blue",2.284410646387833,0,6026.0,/Users/ulukbekrahmanov/Desktop/fusion_subset/21093_1bda9bbe/assembly.json
20544_43691724,high_complexity_rotor,5,161.0,17777.0,10037.0,17226.0,4.7870163970113,1550.922210191181,0.0,"Steel, Mild, Aluminum 6061, Nylon 6",1.7711467569991033,0,45040.0,/Users/ulukbekrahmanov/Desktop/fusion_subset/20544_43691724/assembly.json
22764_b884dce6,high_complexity_rotor,1,3.0,3543.0,1419.0,2160.0,97.30246653747082,9573.873386645588,0.0,"Gold, Aluminum, Brass",2.496828752642706,0,7122.0,/Users/ulukbekrahmanov/Desktop/fusion_subset/22764_b884dce6/assembly.json
21069_508a9947,complex_assembly,60,199.0,3309.0,1783.0,2410.0,5.709204628572951,720.5138288165224,0.0,"Steel, Silver",1.8558609085810431,0,7502.0,/Users/ulukbekrahmanov/Desktop/fusion_subset/21069_508a9947/assembly.json
20959_d4905d19,high_complexity_rotor,12,45.0,3551.0,1249.0,2408.0,0.04293433093887948,27.469488935590455,0.0,"Stainless Steel, ABS Plastic, Aluminum",2.8430744595676543,1,7208.0,/Users/ulukbekrahmanov/Desktop/fusion_subset/20959_d4905d19/assembly.json
20421_83f66ddc,medium_rotor,7,9.0,268.0,134.0,169.0,0.5607741219052677,8220.199086669496,0.0,"Steel, Mild, Generic",2.0,0,571.0,/Users/ulukbekrahmanov/Desktop/fusion_subset/20421_83f66ddc/assembly.json
22472_f65d3470,simple_rotor,1,13.0,64.0,28.0,46.0,1.2095739961076644,154.08585937677253,0.0,Steel,2.2857142857142856,0,138.0,/Users/ulukbekrahmanov/Desktop/fusion_subset/22472_f65d3470/assembly.json
20260_4a01a99d,high_complexity_rotor,11,36.0,4221.0,1936.0,2429.0,0.00018358113860728991,3059.685643454833,0.0,"Steel, Mild",2.1802685950413223,0,8586.0,/Users/ulukbekrahmanov/Desktop/fusion_subset/20260_4a01a99d/assembly.json
23309_76dcf100,high_complexity_rotor,10,10.0,2709.0,960.0,1791.0,0.15529886510772467,19.78329491818149,0.0,Steel,2.821875,1,5460.0,/Users/ulukbekrahmanov/Desktop/fusion_subset/23309_76dcf100/assembly.json
21790_aaf9224a,medium_rotor,7,30.0,765.0,360.0,410.0,104.4442013591903,13304.993803718517,0.0,Steel,2.125,0,1535.0,/Users/ulukbekrahmanov/Desktop/fusion_subset/21790_aaf9224a/assembly.json
23152_6f2706c9,medium_rotor,1,19.0,284.0,179.0,198.0,0.2649358174198657,33.74978565858163,0.0,Steel,1.5865921787709498,0,661.0,/Users/ulukbekrahmanov/Desktop/fusion_subset/23152_6f2706c9/assembly.json
21257_770fee9a,simple_rotor,1,1.0,4.0,1.0,4.0,0.0,0.0,0.0,Steel,4.0,1,9.0,/Users/ulukbekrahmanov/Desktop/fusion_subset/21257_770fee9a/assembly.json
22306_c3dca308,complex_assembly,25,48.0,3337.0,1273.0,2234.0,12.662865208298244,1631.8716104326372,0.0,"Steel, Aluminum",2.621366849960723,1,6844.0,/Users/ulukbekrahmanov/Desktop/fusion_subset/22306_c3dca308/assembly.json
20628_e0551f7c,medium_rotor,2,17.0,631.0,313.0,455.0,0.0423853934047482,5.399413172579389,0.0,"Steel, Mild",2.015974440894569,0,1399.0,/Users/ulukbekrahmanov/Desktop/fusion_subset/20628_e0551f7c/assembly.json
20838_86c931be,simple_rotor,1,3.0,78.0,33.0,52.0,0.10555346257934906,11.696643040803274,0.0,"Nickel-Copper Alloy 400, Gold",2.3636363636363638,0,163.0,/Users/ulukbekrahmanov/Desktop/fusion_subset/20838_86c931be/assembly.json
22154_24342da4,simple_rotor,1,1.0,76.0,22.0,50.0,0.053476577922444965,6.812302920056684,0.0,Steel,3.4545454545454546,1,148.0,/Users/ulukbekrahmanov/Desktop/fusion_subset/22154_24342da4/assembly.json
22980_3cb3bcc8,medium_rotor,15,17.0,1330.0,562.0,870.0,2.537936930498772,323.3040675794615,0.0,Steel,2.3665480427046264,0,2762.0,/Users/ulukbekrahmanov/Desktop/fusion_subset/22980_3cb3bcc8/assembly.json
20478_c02790cb,simple_rotor,2,2.0,71.0,29.0,50.0,2.216237147888126,282.3232035526276,0.0,"Steel, Mild",2.4482758620689653,0,150.0,/Users/ulukbekrahmanov/Desktop/fusion_subset/20478_c02790cb/assembly.json
20477_633cca4f,high_complexity_rotor,1,2.0,2761.0,976.0,1849.0,0.18321020441189828,183.2102044118983,0.0,Generic,2.8288934426229506,1,5586.0,/Users/ulukbekrahmanov/Desktop/fusion_subset/20477_633cca4f/assembly.json
20225_4ce6d59b,symmetric_rotor,1,5.0,994.0,297.0,660.0,0.04838436962605176,5.796778639744782,0.0,"Nickel-Copper Alloy 400, Rubber, Nitrile, Iron, Wrought",3.346801346801347,1,1951.0,/Users/ulukbekrahmanov/Desktop/fusion_subset/20225_4ce6d59b/assembly.json
20797_78b83489,medium_rotor,1,32.0,370.0,190.0,248.0,4324.070980051501,550837.0675224846,0.0,Steel,1.9473684210526316,0,808.0,/Users/ulukbekrahmanov/Desktop/fusion_subset/20797_78b83489/assembly.json
23376_9b48819a,high_complexity_rotor,16,85.0,9569.0,4758.0,5976.0,0.21442827145477772,82.72004027293117,0.0,"Steel, Rubber, Natural, Aluminum",2.011139134089954,0,20303.0,/Users/ulukbekrahmanov/Desktop/fusion_subset/23376_9b48819a/assembly.json
22534_e899f645,medium_rotor,19,19.0,1147.0,538.0,791.0,5.912709625547881,743.5080520127382,0.0,"Bronze, Titanium, Steel",2.1319702602230484,0,2476.0,/Users/ulukbekrahmanov/Desktop/fusion_subset/22534_e899f645/assembly.json
22079_31335df2,complex_assembly,41,139.0,4824.0,2358.0,3232.0,33.88860836989512,4971.6558987249855,0.0,"Steel, Mild, Copper, Generic",2.045801526717557,0,10414.0,/Users/ulukbekrahmanov/Desktop/fusion_subset/22079_31335df2/assembly.json
22414_14ead4a3,symmetric_rotor,14,11.0,1130.0,434.0,728.0,0.09339404728665836,11.897330864542468,0.0,Steel,2.6036866359447006,1,2292.0,/Users/ulukbekrahmanov/Desktop/fusion_subset/22414_14ead4a3/assembly.json
23313_210c6783,medium_rotor,1,69.0,1352.0,615.0,924.0,11.072143729439443,1410.4641693553424,0.0,Steel,2.1983739837398373,0,2891.0,/Users/ulukbekrahmanov/Desktop/fusion_subset/23313_210c6783/assembly.json
21600_0027c6fc,medium_rotor,1,4.0,260.0,134.0,164.0,26.754959442410318,3408.275088205137,0.0,Steel,1.9402985074626866,0,558.0,/Users/ulukbekrahmanov/Desktop/fusion_subset/21600_0027c6fc/assembly.json
21081_72fa4ad1,high_complexity_rotor,2,6.0,1696.0,660.0,1053.0,1428.8299925454792,182016.5595599337,0.0,Steel,2.56969696969697,1,3409.0,/Users/ulukbekrahmanov/Desktop/fusion_subset/21081_72fa4ad1/assembly.json
21423_196855d1,simple_rotor,1,5.0,34.0,24.0,25.0,42129.46816181476,5366811.230804428,0.0,Steel,1.4166666666666667,0,83.0,/Users/ulukbekrahmanov/Desktop/fusion_subset/21423_196855d1/assembly.json
22670_9353c710,complex_assembly,50,64.0,3113.0,1644.0,2176.0,0.642597763796882,182.750455782341,0.0,"Copper, Wood, Steel",1.893552311435523,0,6933.0,/Users/ulukbekrahmanov/Desktop/fusion_subset/22670_9353c710/assembly.json
20421_38b63ca5,medium_rotor,5,16.0,1189.0,518.0,775.0,9.99155912030917,9991.559120309168,0.0,Generic,2.2953667953667956,0,2482.0,/Users/ulukbekrahmanov/Desktop/fusion_subset/20421_38b63ca5/assembly.json
21718_1551037b,complex_assembly,27,60.0,8713.0,3634.0,5431.0,3.5952334892160516,1100.1991166640657,0.0,"Steel, Mild, Aluminio-6061, AISI 1020",2.3976334617501376,0,17778.0,/Users/ulukbekrahmanov/Desktop/fusion_subset/21718_1551037b/assembly.json
20585_09b72895,symmetric_rotor,2,5.0,661.0,227.0,440.0,0.4200237536697677,53.506210658569124,0.0,Steel,2.9118942731277535,1,1328.0,/Users/ulukbekrahmanov/Desktop/fusion_subset/20585_09b72895/assembly.json
21828_21ab2114,symmetric_rotor,2,3.0,1201.0,442.0,796.0,0.06592192014682653,8.397696833990642,0.0,Steel,2.7171945701357467,1,2439.0,/Users/ulukbekrahmanov/Desktop/fusion_subset/21828_21ab2114/assembly.json
20511_e1b972aa,medium_rotor,1,17.0,335.0,157.0,214.0,15.484243640877418,1972.5151134875698,0.0,"Steel, Mild",2.1337579617834397,0,706.0,/Users/ulukbekrahmanov/Desktop/fusion_subset/20511_e1b972aa/assembly.json
22671_fdd1b1e6,simple_rotor,1,8.0,108.0,57.0,72.0,0.17117597661486023,21.805856893612773,0.0,Steel,1.894736842105263,0,237.0,/Users/ulukbekrahmanov/Desktop/fusion_subset/22671_fdd1b1e6/assembly.json
21139_cd619b26,simple_rotor,1,2.0,33.0,17.0,22.0,0.8407613450537488,107.1033560578024,0.0,Steel,1.9411764705882353,0,72.0,/Users/ulukbekrahmanov/Desktop/fusion_subset/21139_cd619b26/assembly.json
23184_731e5af0,simple_rotor,1,8.0,84.0,48.0,60.0,3.01072383382672,383.5316985766523,0.0,Steel,1.75,0,192.0,/Users/ulukbekrahmanov/Desktop/fusion_subset/23184_731e5af0/assembly.json
20990_0a226634,symmetric_rotor,2,1.0,292.0,105.0,197.0,0.024966075768270136,23.552901668179373,0.0,"Steel, ABS Plastic",2.780952380952381,1,594.0,/Users/ulukbekrahmanov/Desktop/fusion_subset/20990_0a226634/assembly.json
20586_cbec2689,simple_rotor,1,52.0,44.0,89.0,44.0,0.16901132634394578,159.44464749428883,0.0,Plastic,0.4943820224719101,0,177.0,/Users/ulukbekrahmanov/Desktop/fusion_subset/20586_cbec2689/assembly.json
20182_71b9e491,medium_rotor,11,16.0,624.0,311.0,444.0,0.3841423272054571,100.1680993226523,0.0,"Steel, Mild, Aluminum, Anodized Red, Aluminum 6061",2.0064308681672025,0,1379.0,/Users/ulukbekrahmanov/Desktop/fusion_subset/20182_71b9e491/assembly.json
22981_93f268ae,simple_rotor,6,8.0,188.0,89.0,118.0,0.106013562508163,151.44794644023287,0.0,Bamboo,2.1123595505617976,0,395.0,/Users/ulukbekrahmanov/Desktop/fusion_subset/22981_93f268ae/assembly.json
20989_d1b8b0f8,medium_rotor,14,16.0,453.0,190.0,316.0,0.034574702139816574,4.404420654753705,0.0,"Steel, Mild",2.3842105263157896,0,959.0,/Users/ulukbekrahmanov/Desktop/fusion_subset/20989_d1b8b0f8/assembly.json
20451_557fe5cd,simple_rotor,1,2.0,72.0,22.0,56.0,226.76316659988458,28887.027592341987,0.0,"Steel, Mild",3.272727272727273,1,150.0,/Users/ulukbekrahmanov/Desktop/fusion_subset/20451_557fe5cd/assembly.json
22825_f4c18d65,simple_rotor,1,20.0,111.0,89.0,92.0,208.21412432564196,26524.092270782414,0.0,Steel,1.247191011235955,0,292.0,/Users/ulukbekrahmanov/Desktop/fusion_subset/22825_f4c18d65/assembly.json
20533_0a3e112b,high_complexity_rotor,10,122.0,4159.0,2117.0,2708.0,5.28997511827525,673.8821806720059,0.0,"Steel, Mild",1.9645725082664147,0,8984.0,/Users/ulukbekrahmanov/Desktop/fusion_subset/20533_0a3e112b/assembly.json
22196_e5bf8c9d,medium_rotor,3,3.0,941.0,381.0,612.0,0.08169076120736535,77.06675585600505,0.0,ABS Plastic,2.4698162729658795,0,1934.0,/Users/ulukbekrahmanov/Desktop/fusion_subset/22196_e5bf8c9d/assembly.json
21165_5cb2d287,simple_rotor,2,3.0,91.0,39.0,59.0,25702.123115208342,3274155.8108545663,0.0,Steel,2.3333333333333335,0,189.0,/Users/ulukbekrahmanov/Desktop/fusion_subset/21165_5cb2d287/assembly.json
23101_6aec02ee,high_complexity_rotor,1,2.0,2607.0,964.0,1775.0,8.419690142991174,1072.571992737729,0.0,Steel,2.704356846473029,1,5346.0,/Users/ulukbekrahmanov/Desktop/fusion_subset/23101_6aec02ee/assembly.json
20817_ef63b1a7,medium_rotor,1,20.0,296.0,162.0,194.0,88.57971375477874,11284.039968761625,0.0,Steel,1.8271604938271604,0,652.0,/Users/ulukbekrahmanov/Desktop/fusion_subset/20817_ef63b1a7/assembly.json
22141_5db99710,symmetric_rotor,1,9.0,354.0,141.0,234.0,0.4925403935889652,62.74399918330767,0.0,Steel,2.5106382978723403,1,729.0,/Users/ulukbekrahmanov/Desktop/fusion_subset/22141_5db99710/assembly.json
20860_b8e9a191,medium_rotor,2,210.0,859.0,842.0,843.0,0.02648115822385879,3.3733959520839303,0.0,Steel,1.020190023752969,0,2544.0,/Users/ulukbekrahmanov/Desktop/fusion_subset/20860_b8e9a191/assembly.json
21610_5dcf1187,simple_rotor,1,2.0,82.0,52.0,61.0,1.7823927851623689,227.05640575316804,0.0,Steel,1.5769230769230769,0,195.0,/Users/ulukbekrahmanov/Desktop/fusion_subset/21610_5dcf1187/assembly.json
20285_b64b1a7e,medium_rotor,8,7.0,251.0,105.0,153.0,0.5898843646695517,84.5802315981893,0.0,"Steel, Mild, Aluminum, Anodized Blue",2.3904761904761904,0,509.0,/Users/ulukbekrahmanov/Desktop/fusion_subset/20285_b64b1a7e/assembly.json
21741_c6faf98e,complex_assembly,27,105.0,2634.0,1517.0,2054.0,294.00076676641345,37452.32697661313,0.0,Steel,1.7363216875411998,0,6205.0,/Users/ulukbekrahmanov/Desktop/fusion_subset/21741_c6faf98e/assembly.json
21377_19909a40,medium_rotor,1,2.0,360.0,153.0,205.0,0.0,0.0,0.0,Steel,2.3529411764705883,0,718.0,/Users/ulukbekrahmanov/Desktop/fusion_subset/21377_19909a40/assembly.json
23174_8ef93daf,medium_rotor,1,5.0,687.0,300.0,395.0,12.292006776165113,1565.8607358172121,0.0,Steel,2.29,0,1382.0,/Users/ulukbekrahmanov/Desktop/fusion_subset/23174_8ef93daf/assembly.json
22448_1f21757a,medium_rotor,1,11.0,845.0,378.0,533.0,1.5513694483708782,197.626681321131,0.0,Steel,2.2354497354497354,0,1756.0,/Users/ulukbekrahmanov/Desktop/fusion_subset/22448_1f21757a/assembly.json
21621_711e1918,medium_rotor,9,26.0,958.0,453.0,702.0,3.336684730956265,425.0553797396516,0.0,Steel,2.1147902869757176,0,2113.0,/Users/ulukbekrahmanov/Desktop/fusion_subset/21621_711e1918/assembly.json
22261_6efe61e3,simple_rotor,1,3.0,47.0,22.0,29.0,0.398678622630647,399.35753043238213,0.0,Water,2.1363636363636362,0,98.0,/Users/ulukbekrahmanov/Desktop/fusion_subset/22261_6efe61e3/assembly.json
20495_e8e7e80c,simple_rotor,5,6.0,224.0,103.0,140.0,19.140423766930713,2438.2705435580524,0.0,"Steel, Mild",2.174757281553398,0,467.0,/Users/ulukbekrahmanov/Desktop/fusion_subset/20495_e8e7e80c/assembly.json
23282_a1b17daa,complex_assembly,56,58.0,2347.0,955.0,1607.0,3.457901881435011,440.4970549598741,0.0,Steel,2.4575916230366492,0,4909.0,/Users/ulukbekrahmanov/Desktop/fusion_subset/23282_a1b17daa/assembly.json
22078_1758e9fc,medium_rotor,4,10.0,235.0,130.0,142.0,381.7175719802731,48626.442290480634,0.0,Steel,1.8076923076923077,0,507.0,/Users/ulukbekrahmanov/Desktop/fusion_subset/22078_1758e9fc/assembly.json
21744_5ae4d9d5,high_complexity_rotor,1,10.0,2507.0,1042.0,1571.0,3.0433940292274477,2135.715108229788,0.0,"Acetal Resin, White",2.4059500959692897,0,5120.0,/Users/ulukbekrahmanov/Desktop/fusion_subset/21744_5ae4d9d5/assembly.json
22812_cf865ed1,symmetric_rotor,2,6.0,915.0,350.0,613.0,0.02735887201113991,25.056045746586587,0.0,"Steel, Plastic",2.6142857142857143,1,1878.0,/Users/ulukbekrahmanov/Desktop/fusion_subset/22812_cf865ed1/assembly.json
21566_ff590631,medium_rotor,1,2.0,553.0,226.0,345.0,0.5647238923940221,71.93934934955695,0.0,Steel,2.4469026548672566,0,1124.0,/Users/ulukbekrahmanov/Desktop/fusion_subset/21566_ff590631/assembly.json
21337_062b39fa,high_complexity_rotor,2,9.0,2302.0,1128.0,2218.0,0.0006433816539931664,0.08634773067127345,0.0,"Steel, Plastic",2.0407801418439715,0,5648.0,/Users/ulukbekrahmanov/Desktop/fusion_subset/21337_062b39fa/assembly.json
23467_9f431540,high_complexity_rotor,9,9.0,1821.0,711.0,1154.0,0.01181595016639126,2.9538926727330574,0.0,"Steel, Generic",2.561181434599156,1,3686.0,/Users/ulukbekrahmanov/Desktop/fusion_subset/23467_9f431540/assembly.json
22434_2ad62ed6,symmetric_rotor,1,5.0,752.0,285.0,498.0,1.9986940950206529,254.61071274148446,0.0,Steel,2.6385964912280704,1,1535.0,/Users/ulukbekrahmanov/Desktop/fusion_subset/22434_2ad62ed6/assembly.json
22236_db209dff,simple_rotor,3,2.0,208.0,80.0,144.0,1.1109347905822946,141.52035548819043,0.0,Steel,2.6,1,432.0,/Users/ulukbekrahmanov/Desktop/fusion_subset/22236_db209dff/assembly.json
20951_2918f2fa,simple_rotor,4,1.0,76.0,32.0,54.0,0.30543279092698294,38.908635786876815,0.0,Steel,2.375,0,162.0,/Users/ulukbekrahmanov/Desktop/fusion_subset/20951_2918f2fa/assembly.json
21186_d1698d8c,symmetric_rotor,1,3.0,397.0,156.0,297.0,0.033298828202199426,13.973695359037404,0.0,"Plastic, Aluminum",2.5448717948717947,1,850.0,/Users/ulukbekrahmanov/Desktop/fusion_subset/21186_d1698d8c/assembly.json
20609_69f28932,symmetric_rotor,4,3.0,452.0,178.0,292.0,180.30465336182021,22968.74565118729,0.0,Steel,2.539325842696629,1,922.0,/Users/ulukbekrahmanov/Desktop/fusion_subset/20609_69f28932/assembly.json
22064_e1ba20dd,simple_rotor,1,14.0,218.0,120.0,154.0,14.167804087607129,1804.8158073384886,0.0,Steel,1.8166666666666667,0,492.0,/Users/ulukbekrahmanov/Desktop/fusion_subset/22064_e1ba20dd/assembly.json
21008_a3fec63b,medium_rotor,4,8.0,574.0,260.0,385.0,0.8925172749862629,113.69646815111635,0.0,"Steel, Mild, Steel",2.207692307692308,0,1219.0,/Users/ulukbekrahmanov/Desktop/fusion_subset/21008_a3fec63b/assembly.json
21739_57582b8f,high_complexity_rotor,1,9.0,3406.0,1438.0,1978.0,1.337976643003234,938.9309775461293,0.0,"Acetal Resin, White",2.368567454798331,0,6822.0,/Users/ulukbekrahmanov/Desktop/fusion_subset/21739_57582b8f/assembly.json
21990_7bb6efcf,simple_rotor,1,37.0,172.0,66.0,126.0,0.5211122117842104,66.38372124639623,0.0,Steel,2.606060606060606,1,364.0,/Users/ulukbekrahmanov/Desktop/fusion_subset/21990_7bb6efcf/assembly.json
22357_e2f7b060,complex_assembly,75,77.0,2791.0,1338.0,1978.0,4.249522131996095,1150.6501378403525,0.0,"Steel, Mild, Copper, Bronze",2.085949177877429,0,6107.0,/Users/ulukbekrahmanov/Desktop/fusion_subset/22357_e2f7b060/assembly.json
23021_047d1f8a,simple_rotor,1,5.0,59.0,30.0,40.0,217.69803904137493,27732.234272786616,0.0,Steel,1.9666666666666666,0,129.0,/Users/ulukbekrahmanov/Desktop/fusion_subset/23021_047d1f8a/assembly.json
20812_462bd352,simple_rotor,1,3.0,154.0,72.0,88.0,21.285092147313843,2711.4767066641843,0.0,Steel,2.138888888888889,0,314.0,/Users/ulukbekrahmanov/Desktop/fusion_subset/20812_462bd352/assembly.json
21119_4f5c95a6,simple_rotor,1,2.0,30.0,16.0,22.0,0.3186280197523562,40.58955665635111,0.0,Steel,1.875,0,68.0,/Users/ulukbekrahmanov/Desktop/fusion_subset/21119_4f5c95a6/assembly.json
21174_861bd902,high_complexity_rotor,1,20.0,2370.0,799.0,1577.0,56.954936952641766,7255.405981228253,0.0,Steel,2.9662077596996244,1,4746.0,/Users/ulukbekrahmanov/Desktop/fusion_subset/21174_861bd902/assembly.json
22057_4947db57,symmetric_rotor,1,2.0,435.0,145.0,295.0,34.21672322030763,4358.818244625177,0.0,Steel,3.0,1,875.0,/Users/ulukbekrahmanov/Desktop/fusion_subset/22057_4947db57/assembly.json
20858_15bdad00,medium_rotor,2,40.0,1112.0,518.0,780.0,459.8253617336469,58576.47920173849,0.0,Steel,2.146718146718147,0,2410.0,/Users/ulukbekrahmanov/Desktop/fusion_subset/20858_15bdad00/assembly.json
20384_767d849a,simple_rotor,3,2.0,122.0,30.0,100.0,0.456542443895522,58.15827310770982,0.0,"Steel, Mild",4.066666666666666,1,252.0,/Users/ulukbekrahmanov/Desktop/fusion_subset/20384_767d849a/assembly.json
22059_b7d76712,medium_rotor,6,5.0,534.0,235.0,360.0,125.36851097267196,15970.510951932732,0.0,Steel,2.272340425531915,0,1129.0,/Users/ulukbekrahmanov/Desktop/fusion_subset/22059_b7d76712/assembly.json
22197_94c66357,medium_rotor,2,2.0,727.0,322.0,522.0,0.09291495247613525,87.65561554352382,0.0,ABS Plastic,2.2577639751552794,0,1571.0,/Users/ulukbekrahmanov/Desktop/fusion_subset/22197_94c66357/assembly.json
22080_594bcb66,symmetric_rotor,2,2.0,255.0,92.0,159.0,171124.3165692849,21799275.996087253,0.0,Steel,2.7717391304347827,1,506.0,/Users/ulukbekrahmanov/Desktop/fusion_subset/22080_594bcb66/assembly.json
21450_ea24ffcc,high_complexity_rotor,1,30.0,6712.0,3001.0,3871.0,0.02314496146432726,2.9484027343092025,0.0,Steel,2.2365878040653118,0,13584.0,/Users/ulukbekrahmanov/Desktop/fusion_subset/21450_ea24ffcc/assembly.json
20799_213bf924,high_complexity_rotor,3,11.0,26981.0,9218.0,17473.0,4.623515055906808,588.9828096696572,0.0,Steel,2.9269906704274247,1,53672.0,/Users/ulukbekrahmanov/Desktop/fusion_subset/20799_213bf924/assembly.json
20504_c9e14c9d,medium_rotor,8,10.0,265.0,164.0,210.0,155.01383870776056,19746.985822644645,0.0,"Steel, Mild",1.6158536585365855,0,639.0,/Users/ulukbekrahmanov/Desktop/fusion_subset/20504_c9e14c9d/assembly.json
21533_8837772a,simple_rotor,8,5.0,18.0,19.0,18.0,0.4054626278282039,150.17134364007552,0.0,Aluminum,0.9473684210526315,0,55.0,/Users/ulukbekrahmanov/Desktop/fusion_subset/21533_8837772a/assembly.json
20436_41b730a3,simple_rotor,2,3.0,9.0,6.0,6.0,0.0,0.0,0.0,"Steel, Mild, Generic",1.5,0,21.0,/Users/ulukbekrahmanov/Desktop/fusion_subset/20436_41b730a3/assembly.json
20229_d1ae2ae3,medium_rotor,1,8.0,324.0,157.0,234.0,0.004171246653212607,3.249906331529261,0.0,"Steel, Mild, Rubber, Nitrile, Stainless Steel",2.0636942675159236,0,715.0,/Users/ulukbekrahmanov/Desktop/fusion_subset/20229_d1ae2ae3/assembly.json
21244_d67bbabc,complex_assembly,116,137.0,3978.0,2132.0,2929.0,54.27476794465428,6913.983177662976,0.0,Steel,1.8658536585365855,0,9039.0,/Users/ulukbekrahmanov/Desktop/fusion_subset/21244_d67bbabc/assembly.json
23318_65e3a7c9,medium_rotor,5,4.0,487.0,211.0,334.0,0.09321873410092579,87.94220198200547,0.0,Plastic,2.308056872037915,0,1032.0,/Users/ulukbekrahmanov/Desktop/fusion_subset/23318_65e3a7c9/assembly.json
22893_eb8aa8ac,high_complexity_rotor,1,3.0,1816.0,642.0,1178.0,0.006235839556913029,0.7943744658487936,0.0,Steel,2.8286604361370715,1,3636.0,/Users/ulukbekrahmanov/Desktop/fusion_subset/22893_eb8aa8ac/assembly.json
23409_e27e3b8b,medium_rotor,1,6.0,327.0,139.0,186.0,34.57103537401924,4403.953550830477,0.0,Steel,2.352517985611511,0,652.0,/Users/ulukbekrahmanov/Desktop/fusion_subset/23409_e27e3b8b/assembly.json
22066_308cdcfe,medium_rotor,1,10.0,317.0,148.0,209.0,1.0557414504464937,134.4893567447763,0.0,Steel,2.141891891891892,0,674.0,/Users/ulukbekrahmanov/Desktop/fusion_subset/22066_308cdcfe/assembly.json
23363_60e39812,medium_rotor,22,21.0,323.0,160.0,215.0,404.3280045239016,51506.75216864988,0.0,Steel,2.01875,0,698.0,/Users/ulukbekrahmanov/Desktop/fusion_subset/23363_60e39812/assembly.json
20737_5249e274,high_complexity_rotor,10,8.0,9166.0,3163.0,6071.0,3.1538583091573074,401.76538970156787,0.0,Steel,2.89788175782485,1,18400.0,/Users/ulukbekrahmanov/Desktop/fusion_subset/20737_5249e274/assembly.json
23329_6939d5d9,high_complexity_rotor,1,10.0,2044.0,798.0,1281.0,0.306389423273309,38.726631060365584,0.0,"Polyurethane Foam, Steel, Lead",2.56140350877193,1,4123.0,/Users/ulukbekrahmanov/Desktop/fusion_subset/23329_6939d5d9/assembly.json
21884_cc2c39f9,medium_rotor,1,8.0,252.0,108.0,163.0,1359.3333044107137,196802.37091366987,0.0,"Steel, Water",2.3333333333333335,0,523.0,/Users/ulukbekrahmanov/Desktop/fusion_subset/21884_cc2c39f9/assembly.json
20231_f54462bb,simple_rotor,1,2.0,24.0,12.0,16.0,4.66458544932237,594.2147069200472,0.0,"Steel, Mild",2.0,0,52.0,/Users/ulukbekrahmanov/Desktop/fusion_subset/20231_f54462bb/assembly.json
20322_5a8c6077,medium_rotor,1,10.0,415.0,196.0,280.0,1.1580280052424336e-05,193.00466754040565,0.0,"Steel, Mild, Zinc",2.11734693877551,0,891.0,/Users/ulukbekrahmanov/Desktop/fusion_subset/20322_5a8c6077/assembly.json
22528_f3370a64,high_complexity_rotor,1,62.0,2000.0,808.0,1309.0,15.422248748218628,1964.6176749323104,0.0,Steel,2.4752475247524752,0,4117.0,/Users/ulukbekrahmanov/Desktop/fusion_subset/22528_f3370a64/assembly.json
22168_a84560a9,high_complexity_rotor,2,10.0,1664.0,662.0,1094.0,0.6238178881956946,220.27456972991044,0.0,"Steel, Mild, ABS Plastic",2.513595166163142,1,3420.0,/Users/ulukbekrahmanov/Desktop/fusion_subset/22168_a84560a9/assembly.json
21513_50fb4d62,medium_rotor,5,6.0,536.0,243.0,358.0,3.3702367442070718,429.329521555041,0.0,Steel,2.205761316872428,0,1137.0,/Users/ulukbekrahmanov/Desktop/fusion_subset/21513_50fb4d62/assembly.json
22043_041e1b7c,simple_rotor,8,7.0,101.0,73.0,83.0,9.084729098640707,1157.2903310370325,0.0,Steel,1.3835616438356164,0,257.0,/Users/ulukbekrahmanov/Desktop/fusion_subset/22043_041e1b7c/assembly.json
21224_18ba4aba,medium_rotor,7,6.0,355.0,149.0,231.0,0.0014879643236652567,0.1895495953713703,0.0,Steel,2.38255033557047,0,735.0,/Users/ulukbekrahmanov/Desktop/fusion_subset/21224_18ba4aba/assembly.json
20246_40be7668,complex_assembly,21,432.0,8632.0,3783.0,5784.0,0.009937484811285023,1.2659216320108302,0.0,"Steel, Mild",2.281786941580756,0,18199.0,/Users/ulukbekrahmanov/Desktop/fusion_subset/20246_40be7668/assembly.json
22837_7644c972,simple_rotor,7,10.0,194.0,120.0,172.0,2.1733906100215385,276.8650458626164,0.0,Steel,1.6166666666666667,0,486.0,/Users/ulukbekrahmanov/Desktop/fusion_subset/22837_7644c972/assembly.json
22843_ff77027f,simple_rotor,1,4.0,100.0,44.0,72.0,0.3412874366438195,43.47610657883051,0.0,Steel,2.272727272727273,0,216.0,/Users/ulukbekrahmanov/Desktop/fusion_subset/22843_ff77027f/assembly.json
23244_34b5f55e,simple_rotor,11,11.0,141.0,79.0,109.0,0.45996103902683383,806.5851202607978,0.0,Wood,1.7848101265822784,0,329.0,/Users/ulukbekrahmanov/Desktop/fusion_subset/23244_34b5f55e/assembly.json
21840_6847d36c,symmetric_rotor,2,3.0,927.0,332.0,617.0,0.01306938217947628,1.664889449614813,0.0,Steel,2.7921686746987953,1,1876.0,/Users/ulukbekrahmanov/Desktop/fusion_subset/21840_6847d36c/assembly.json
21282_b2d83538,medium_rotor,2,53.0,608.0,266.0,425.0,15616.403797247985,1989350.8021971947,0.0,Steel,2.2857142857142856,0,1299.0,/Users/ulukbekrahmanov/Desktop/fusion_subset/21282_b2d83538/assembly.json
23176_1bf2a2d5,medium_rotor,16,24.0,707.0,375.0,539.0,2.325734313560973,296.271887077831,0.0,Steel,1.8853333333333333,0,1621.0,/Users/ulukbekrahmanov/Desktop/fusion_subset/23176_1bf2a2d5/assembly.json
23341_d5ead6d2,simple_rotor,4,6.0,218.0,91.0,142.0,0.02651416787051074,8.664596729635035,0.0,"ABS Plastic, Steel, Stainless Steel",2.3956043956043955,0,451.0,/Users/ulukbekrahmanov/Desktop/fusion_subset/23341_d5ead6d2/assembly.json
21503_34f299ca,medium_rotor,4,15.0,587.0,282.0,359.0,98.4197584684438,12537.548849483288,0.0,Steel,2.0815602836879434,0,1228.0,/Users/ulukbekrahmanov/Desktop/fusion_subset/21503_34f299ca/assembly.json
20322_daa5c577,medium_rotor,1,12.0,449.0,214.0,304.0,1.17629308315704e-05,196.04884719284004,0.0,"Steel, Mild, Zinc",2.0981308411214954,0,967.0,/Users/ulukbekrahmanov/Desktop/fusion_subset/20322_daa5c577/assembly.json
21531_79015e13,medium_rotor,1,2.0,950.0,440.0,480.0,2267.687229439624,288877.35406874196,0.0,Steel,2.159090909090909,0,1870.0,/Users/ulukbekrahmanov/Desktop/fusion_subset/21531_79015e13/assembly.json
22383_e5f707a7,medium_rotor,1,5.0,452.0,205.0,303.0,7.768682069791205,989.6410279988796,0.0,Steel,2.204878048780488,0,960.0,/Users/ulukbekrahmanov/Desktop/fusion_subset/22383_e5f707a7/assembly.json
20779_fc5a7c3d,medium_rotor,4,6.0,797.0,379.0,506.0,0.12515582216676113,123.07252670366779,0.0,"Steel, High Strength Low Alloy, Generic",2.1029023746701845,0,1682.0,/Users/ulukbekrahmanov/Desktop/fusion_subset/20779_fc5a7c3d/assembly.json
20910_c64b5d1b,simple_rotor,1,2.0,176.0,71.0,109.0,0.09404539232585367,83.2260109078351,0.0,Nylon 6/6,2.4788732394366195,0,356.0,/Users/ulukbekrahmanov/Desktop/fusion_subset/20910_c64b5d1b/assembly.json
21453_679a343c,simple_rotor,1,1.0,169.0,79.0,92.0,17343.211697863764,2209326.3309380594,0.0,Steel,2.1392405063291138,0,340.0,/Users/ulukbekrahmanov/Desktop/fusion_subset/21453_679a343c/assembly.json
23158_c7e753c2,simple_rotor,2,18.0,197.0,100.0,135.0,37.289374570749445,3613.16248528919,0.0,"Bronze, Water, Steel",1.97,0,432.0,/Users/ulukbekrahmanov/Desktop/fusion_subset/23158_c7e753c2/assembly.json
21856_f84d9348,medium_rotor,1,24.0,550.0,236.0,341.0,56959.89565137063,7256037.662594989,0.0,Steel,2.330508474576271,0,1127.0,/Users/ulukbekrahmanov/Desktop/fusion_subset/21856_f84d9348/assembly.json
20469_b6211bfd,simple_rotor,1,5.0,9.0,5.0,8.0,2.879633799315485,366.8323311229918,0.0,"Steel, Mild",1.8,0,22.0,/Users/ulukbekrahmanov/Desktop/fusion_subset/20469_b6211bfd/assembly.json
22126_e1cca10f,medium_rotor,20,19.0,510.0,263.0,379.0,19.96648886160833,2572.3835744120656,0.0,"Steel, Mild, Steel, Rubber, Natural",1.9391634980988592,0,1152.0,/Users/ulukbekrahmanov/Desktop/fusion_subset/22126_e1cca10f/assembly.json
20908_10574fbf,simple_rotor,1,7.0,162.0,85.0,92.0,0.3891402630035323,49.57200802592769,0.0,Steel,1.9058823529411764,0,339.0,/Users/ulukbekrahmanov/Desktop/fusion_subset/20908_10574fbf/assembly.json
23096_7da0f913,simple_rotor,1,1.0,218.0,92.0,142.0,8.512132022828231,3152.641489936382,0.0,Aluminum,2.369565217391304,0,452.0,/Users/ulukbekrahmanov/Desktop/fusion_subset/23096_7da0f913/assembly.json
22072_5163223a,medium_rotor,6,9.0,306.0,140.0,191.0,184.9627027745513,23562.12774198106,0.0,Steel,2.1857142857142855,0,637.0,/Users/ulukbekrahmanov/Desktop/fusion_subset/22072_5163223a/assembly.json
23120_f7c9092f,medium_rotor,1,91.0,963.0,525.0,675.0,42.49379169236838,5413.221871639291,0.0,Steel,1.8342857142857143,0,2163.0,/Users/ulukbekrahmanov/Desktop/fusion_subset/23120_f7c9092f/assembly.json
23438_b1ef78f4,symmetric_rotor,1,7.0,270.0,104.0,178.0,13.62743548358064,1735.9790424943496,0.0,Steel,2.5961538461538463,1,552.0,/Users/ulukbekrahmanov/Desktop/fusion_subset/23438_b1ef78f4/assembly.json
22678_ff42f120,symmetric_rotor,3,8.0,561.0,221.0,382.0,1403.5657672387342,178798.18690939294,0.0,Steel,2.5384615384615383,1,1164.0,/Users/ulukbekrahmanov/Desktop/fusion_subset/22678_ff42f120/assembly.json
23194_b675acc0,simple_rotor,8,11.0,141.0,98.0,117.0,0.4741875924709937,55.852484389987474,0.0,Brass,1.4387755102040816,0,356.0,/Users/ulukbekrahmanov/Desktop/fusion_subset/23194_b675acc0/assembly.json
20406_dacb0300,simple_rotor,1,10.0,101.0,64.0,80.0,3.953871564391818,503.67790629195144,0.0,"Steel, Mild",1.578125,0,245.0,/Users/ulukbekrahmanov/Desktop/fusion_subset/20406_dacb0300/assembly.json
22228_1c82530b,medium_rotor,26,35.0,806.0,389.0,587.0,0.0009834500302272065,0.12528025862766962,0.0,Steel,2.0719794344473006,0,1782.0,/Users/ulukbekrahmanov/Desktop/fusion_subset/22228_1c82530b/assembly.json
23199_75dc1efd,simple_rotor,1,2.0,54.0,22.0,36.0,58.37687613611552,7436.544730715354,0.0,Steel,2.4545454545454546,0,112.0,/Users/ulukbekrahmanov/Desktop/fusion_subset/23199_75dc1efd/assembly.json
23310_7daded69,high_complexity_rotor,9,55.0,7242.0,2683.0,4816.0,23.568789761971143,3002.3936002510914,0.0,Steel,2.699217294073798,1,14741.0,/Users/ulukbekrahmanov/Desktop/fusion_subset/23310_7daded69/assembly.json
21923_41fa6eda,medium_rotor,20,21.0,722.0,354.0,487.0,20.663574004765326,2856.025399340688,0.0,"Steel, Iron, Cast",2.0395480225988702,0,1563.0,/Users/ulukbekrahmanov/Desktop/fusion_subset/21923_41fa6eda/assembly.json
20788_d25efea2,medium_rotor,1,10.0,724.0,351.0,487.0,2.211008997498031,281.6571971335071,0.0,Steel,2.0626780626780628,0,1562.0,/Users/ulukbekrahmanov/Desktop/fusion_subset/20788_d25efea2/assembly.json
20340_86125547,simple_rotor,3,2.0,46.0,22.0,32.0,0.1305597569067889,123.1695819875367,0.0,ABS Plastic,2.090909090909091,0,100.0,/Users/ulukbekrahmanov/Desktop/fusion_subset/20340_86125547/assembly.json
21958_e48ddf4e,symmetric_rotor,1,12.0,927.0,356.0,618.0,9.038118819432786,1151.3527158513102,0.0,Steel,2.603932584269663,1,1901.0,/Users/ulukbekrahmanov/Desktop/fusion_subset/21958_e48ddf4e/assembly.json
16550_e88d6986,simple_rotor,1,2.0,61.0,27.0,40.0,0.008135962679759474,1.0364283668483407,0.0,Steel,2.259259259259259,0,128.0,/Users/ulukbekrahmanov/Desktop/fusion_subset/16550_e88d6986/assembly.json
21358_a69a36f3,medium_rotor,1,19.0,386.0,182.0,246.0,2.071790136310731,263.922310358055,0.0,Steel,2.120879120879121,0,814.0,/Users/ulukbekrahmanov/Desktop/fusion_subset/21358_a69a36f3/assembly.json
20701_6dcbc975,high_complexity_rotor,17,28.0,2106.0,849.0,1562.0,3.9545573742601587,503.76527060638955,0.0,Steel,2.480565371024735,0,4517.0,/Users/ulukbekrahmanov/Desktop/fusion_subset/20701_6dcbc975/assembly.json
21924_bbd9f7a9,high_complexity_rotor,4,91.0,4718.0,1854.0,3146.0,27.417200861796267,3492.6370524581216,0.0,Steel,2.5447680690399137,1,9718.0,/Users/ulukbekrahmanov/Desktop/fusion_subset/21924_bbd9f7a9/assembly.json
20451_84d8b290,simple_rotor,1,2.0,72.0,22.0,56.0,306.46293275866526,39039.86404568985,0.0,"Steel, Mild",3.272727272727273,1,150.0,/Users/ulukbekrahmanov/Desktop/fusion_subset/20451_84d8b290/assembly.json
22085_e039a7d3,medium_rotor,47,23.0,1218.0,624.0,845.0,7.497882304353051,955.1442425927454,0.0,Steel,1.9519230769230769,0,2687.0,/Users/ulukbekrahmanov/Desktop/fusion_subset/22085_e039a7d3/assembly.json
22983_0ab3faaf,symmetric_rotor,1,3.0,530.0,206.0,335.0,0.004789554831952507,0.6101343734971346,0.0,Steel,2.5728155339805827,1,1071.0,/Users/ulukbekrahmanov/Desktop/fusion_subset/22983_0ab3faaf/assembly.json
20947_115d4058,simple_rotor,1,3.0,53.0,26.0,35.0,0.0316895299696373,31.6895299696373,0.0,Generic,2.0384615384615383,0,114.0,/Users/ulukbekrahmanov/Desktop/fusion_subset/20947_115d4058/assembly.json
23045_a8c4e4bc,medium_rotor,1,49.0,901.0,423.0,616.0,1.3191971007024272,168.05058607674263,0.0,Steel,2.1300236406619386,0,1940.0,/Users/ulukbekrahmanov/Desktop/fusion_subset/23045_a8c4e4bc/assembly.json
20259_de1ab632,simple_rotor,4,3.0,42.0,25.0,30.0,1.631889625565453,207.8840287344526,0.0,"Steel, Mild",1.68,0,97.0,/Users/ulukbekrahmanov/Desktop/fusion_subset/20259_de1ab632/assembly.json
22367_b4a67e61,simple_rotor,1,3.0,143.0,56.0,99.0,1.2747389422984001,162.38712640743952,0.0,Steel,2.5535714285714284,1,298.0,/Users/ulukbekrahmanov/Desktop/fusion_subset/22367_b4a67e61/assembly.json
20849_9821b6fe,medium_rotor,1,10.0,317.0,153.0,169.0,0.044914532213418804,5.7215964603081275,0.0,Steel,2.0718954248366015,0,639.0,/Users/ulukbekrahmanov/Desktop/fusion_subset/20849_9821b6fe/assembly.json
22469_9d87f800,medium_rotor,1,4.0,889.0,388.0,485.0,255.93420808466814,32603.083832441807,0.0,Steel,2.2912371134020617,0,1762.0,/Users/ulukbekrahmanov/Desktop/fusion_subset/22469_9d87f800/assembly.json
23435_e1c96b4d,simple_rotor,1,10.0,205.0,114.0,144.0,0.1351878917924467,17.221387489483657,0.0,Steel,1.7982456140350878,0,463.0,/Users/ulukbekrahmanov/Desktop/fusion_subset/23435_e1c96b4d/assembly.json
23043_c0827516,medium_rotor,1,14.0,900.0,372.0,616.0,5.223887135945625,694.6347337013975,0.0,"Steel, Stainless Steel, Wood",2.4193548387096775,0,1888.0,/Users/ulukbekrahmanov/Desktop/fusion_subset/23043_c0827516/assembly.json
23154_7c74d190,high_complexity_rotor,1,99.0,3762.0,1476.0,2530.0,11.280578094283445,1437.0163177431136,0.0,Steel,2.548780487804878,1,7768.0,/Users/ulukbekrahmanov/Desktop/fusion_subset/23154_7c74d190/assembly.json
20387_0d507234,medium_rotor,1,3.0,624.0,258.0,374.0,1112.8687173366018,141766.7155842805,0.0,"Steel, Mild",2.4186046511627906,0,1256.0,/Users/ulukbekrahmanov/Desktop/fusion_subset/20387_0d507234/assembly.json
22862_f5406bb0,simple_rotor,2,4.0,24.0,18.0,18.0,2.259139533053596,287.7884755482288,0.0,Steel,1.3333333333333333,0,60.0,/Users/ulukbekrahmanov/Desktop/fusion_subset/22862_f5406bb0/assembly.json
22890_4ecfa491,high_complexity_rotor,1,16.0,2193.0,916.0,1334.0,15.839155286966143,2017.7267881485539,0.0,Steel,2.3941048034934496,0,4443.0,/Users/ulukbekrahmanov/Desktop/fusion_subset/22890_4ecfa491/assembly.json
21625_d5d4c9a7,medium_rotor,6,5.0,267.0,113.0,178.0,0.2674140717359023,34.06548684533787,0.0,Steel,2.3628318584070795,0,558.0,/Users/ulukbekrahmanov/Desktop/fusion_subset/21625_d5d4c9a7/assembly.json
22216_4b032400,symmetric_rotor,1,1.0,905.0,316.0,620.0,0.13864676844369503,17.662008718942044,0.0,Steel,2.8639240506329116,1,1841.0,/Users/ulukbekrahmanov/Desktop/fusion_subset/22216_4b032400/assembly.json
21564_fa5b2db7,simple_rotor,4,3.0,141.0,54.0,94.0,0.0370864978156981,4.724394626203581,0.0,Steel,2.611111111111111,1,289.0,/Users/ulukbekrahmanov/Desktop/fusion_subset/21564_fa5b2db7/assembly.json
21918_976c2754,high_complexity_rotor,16,15.0,1817.0,745.0,1182.0,1.5766963466205366,200.85303778605567,0.0,Steel,2.438926174496644,0,3744.0,/Users/ulukbekrahmanov/Desktop/fusion_subset/21918_976c2754/assembly.json
21615_f2ecc6e8,simple_rotor,1,2.0,86.0,52.0,63.0,0.5124184559887933,235.0543376095382,0.0,"Steel, Glass, Cast, Clear",1.6538461538461537,0,201.0,/Users/ulukbekrahmanov/Desktop/fusion_subset/21615_f2ecc6e8/assembly.json
23164_659c91ef,simple_rotor,1,7.0,130.0,59.0,86.0,12.157145114352886,1548.6809062869918,0.0,Steel,2.2033898305084745,0,275.0,/Users/ulukbekrahmanov/Desktop/fusion_subset/23164_659c91ef/assembly.json
21271_ec7f62b8,symmetric_rotor,1,7.0,611.0,234.0,422.0,0.6054031326586207,77.1214181730727,0.0,Steel,2.611111111111111,1,1267.0,/Users/ulukbekrahmanov/Desktop/fusion_subset/21271_ec7f62b8/assembly.json
22746_920025a0,simple_rotor,1,7.0,81.0,45.0,56.0,0.36996004017273193,117.6460546012937,0.0,"Steel, Glass, Cast, Clear",1.8,0,182.0,/Users/ulukbekrahmanov/Desktop/fusion_subset/22746_920025a0/assembly.json
20429_9dd95c38,simple_rotor,1,1.0,66.0,26.0,42.0,0.64561738298514,82.24425260957199,0.0,"Steel, Mild",2.5384615384615383,1,134.0,/Users/ulukbekrahmanov/Desktop/fusion_subset/20429_9dd95c38/assembly.json
20806_ca60b7ae,simple_rotor,1,1.0,100.0,29.0,76.0,1.30093869783891,165.72467488393758,0.0,Steel,3.4482758620689653,1,205.0,/Users/ulukbekrahmanov/Desktop/fusion_subset/20806_ca60b7ae/assembly.json
23178_eb4b4280,symmetric_rotor,1,6.0,312.0,116.0,208.0,39.38452857520811,5017.137398115683,0.0,Steel,2.689655172413793,1,636.0,/Users/ulukbekrahmanov/Desktop/fusion_subset/23178_eb4b4280/assembly.json
21478_8fbd4409,symmetric_rotor,3,2.0,509.0,184.0,339.0,0.10777615336372118,13.729446288372127,0.0,"Steel, ABS Plastic",2.766304347826087,1,1032.0,/Users/ulukbekrahmanov/Desktop/fusion_subset/21478_8fbd4409/assembly.json
23511_8651ac1f,high_complexity_rotor,14,246.0,14676.0,5688.0,9524.0,681.9321187840326,86870.33360306147,0.0,Steel,2.580168776371308,1,29888.0,/Users/ulukbekrahmanov/Desktop/fusion_subset/23511_8651ac1f/assembly.json
22372_e91792a1,medium_rotor,3,12.0,434.0,249.0,326.0,24.42969950095955,16718.876492690444,0.0,"Steel, Wood",1.7429718875502007,0,1009.0,/Users/ulukbekrahmanov/Desktop/fusion_subset/22372_e91792a1/assembly.json
21634_e5e20375,simple_rotor,1,2.0,221.0,101.0,149.0,0.060115105477279024,22.264853880473716,0.0,Aluminum 6061,2.1881188118811883,0,471.0,/Users/ulukbekrahmanov/Desktop/fusion_subset/21634_e5e20375/assembly.json
22430_c6f08b03,complex_assembly,74,130.0,3767.0,1983.0,2859.0,0.8024176702970617,102.21881150281035,0.0,Steel,1.8996469994957135,0,8609.0,/Users/ulukbekrahmanov/Desktop/fusion_subset/22430_c6f08b03/assembly.json
22461_0ba0e480,medium_rotor,14,13.0,415.0,215.0,303.0,0.8225036617822657,105.60206444528302,0.0,"Steel, Brass, Stainless Steel",1.930232558139535,0,933.0,/Users/ulukbekrahmanov/Desktop/fusion_subset/22461_0ba0e480/assembly.json
23305_2662b29a,medium_rotor,17,50.0,797.0,371.0,535.0,79362.13170108703,10109825.694405992,0.0,Steel,2.1482479784366575,0,1703.0,/Users/ulukbekrahmanov/Desktop/fusion_subset/23305_2662b29a/assembly.json
23163_7b143a6f,simple_rotor,1,2.0,70.0,28.0,50.0,0.0335839025703936,4.2782041490947265,0.0,Steel,2.5,0,148.0,/Users/ulukbekrahmanov/Desktop/fusion_subset/23163_7b143a6f/assembly.json
20970_d20c6c35,symmetric_rotor,8,8.0,309.0,119.0,206.0,8.539488825144073,14974.800190440481,0.0,Wood,2.596638655462185,1,634.0,/Users/ulukbekrahmanov/Desktop/fusion_subset/20970_d20c6c35/assembly.json
23218_02d26ab4,simple_rotor,10,11.0,122.0,76.0,97.0,0.22073769644114372,387.0843969888599,0.0,Wood,1.605263157894737,0,295.0,/Users/ulukbekrahmanov/Desktop/fusion_subset/23218_02d26ab4/assembly.json
22987_37973191,medium_rotor,6,31.0,504.0,271.0,361.0,42.2230916269009,5378.737786866353,0.0,Steel,1.8597785977859778,0,1136.0,/Users/ulukbekrahmanov/Desktop/fusion_subset/22987_37973191/assembly.json
22147_12995368,simple_rotor,1,2.0,149.0,38.0,111.0,4.2384870945299875,539.9346617235653,0.0,Steel,3.9210526315789473,1,298.0,/Users/ulukbekrahmanov/Desktop/fusion_subset/22147_12995368/assembly.json
21552_4e9c19b1,medium_rotor,14,29.0,955.0,408.0,583.0,237.26879311273606,30225.32396340589,0.0,Steel,2.340686274509804,0,1946.0,/Users/ulukbekrahmanov/Desktop/fusion_subset/21552_4e9c19b1/assembly.json
21582_a3d32115,complex_assembly,57,79.0,4529.0,2492.0,2877.0,3.575310451849312,455.45356074513626,0.0,Steel,1.8174157303370786,0,9898.0,/Users/ulukbekrahmanov/Desktop/fusion_subset/21582_a3d32115/assembly.json
21911_429c1a72,simple_rotor,4,2.0,8.0,7.0,8.0,0.0014151710910341587,1.132136872827327,0.0,"Steel, Rubber, Silicone",1.1428571428571428,0,23.0,/Users/ulukbekrahmanov/Desktop/fusion_subset/21911_429c1a72/assembly.json
20657_913a7675,medium_rotor,1,52.0,636.0,316.0,424.0,211.70465939441468,482729.96744136093,0.0,"Steel, Mild, Wood",2.0126582278481013,0,1376.0,/Users/ulukbekrahmanov/Desktop/fusion_subset/20657_913a7675/assembly.json
21926_b4c7068b,high_complexity_rotor,1,203.0,13488.0,5789.0,8806.0,5.06033403627144,644.628539652412,0.0,Steel,2.3299360856797375,0,28083.0,/Users/ulukbekrahmanov/Desktop/fusion_subset/21926_b4c7068b/assembly.json
22732_cd2af0ac,simple_rotor,1,7.0,90.0,44.0,60.0,260.1688863158098,117871.43937622583,0.0,"Aluminum, Glass, Cast, Clear",2.0454545454545454,0,194.0,/Users/ulukbekrahmanov/Desktop/fusion_subset/22732_cd2af0ac/assembly.json
21049_f644930a,medium_rotor,1,15.0,396.0,236.0,328.0,42.58819666407997,4675.476315144717,0.0,"Steel, Palladium, Brass",1.6779661016949152,0,960.0,/Users/ulukbekrahmanov/Desktop/fusion_subset/21049_f644930a/assembly.json
22345_bc482c26,medium_rotor,1,7.0,311.0,138.0,185.0,882.2612416067506,112389.9670836625,0.0,Steel,2.253623188405797,0,634.0,/Users/ulukbekrahmanov/Desktop/fusion_subset/22345_bc482c26/assembly.json
21697_06656699,high_complexity_rotor,14,16.0,1951.0,731.0,1332.0,1.2236537534673515,155.87945904042698,0.0,Steel,2.6689466484268127,1,4014.0,/Users/ulukbekrahmanov/Desktop/fusion_subset/21697_06656699/assembly.json
20412_42170125,simple_rotor,1,1.0,138.0,64.0,76.0,0.2951672734354376,37.600926552285046,0.0,"Steel, Mild, Glass",2.15625,0,278.0,/Users/ulukbekrahmanov/Desktop/fusion_subset/20412_42170125/assembly.json
21845_dff8b3a1,high_complexity_rotor,2,7.0,1856.0,683.0,1237.0,0.014937512253473962,1.9028678029903137,0.0,Steel,2.717423133235725,1,3776.0,/Users/ulukbekrahmanov/Desktop/fusion_subset/21845_dff8b3a1/assembly.json
23083_fdb942ac,high_complexity_rotor,1,65.0,1552.0,696.0,1092.0,21.7971074168396,2776.70158176301,0.0,Steel,2.2298850574712645,0,3340.0,/Users/ulukbekrahmanov/Desktop/fusion_subset/23083_fdb942ac/assembly.json
22050_e8702dd4,symmetric_rotor,5,5.0,300.0,110.0,200.0,16.15868179027057,23083.831128957958,0.0,Bamboo,2.727272727272727,1,610.0,/Users/ulukbekrahmanov/Desktop/fusion_subset/22050_e8702dd4/assembly.json
21495_ebbbd369,simple_rotor,1,3.0,58.0,29.0,42.0,0.05739519945719014,7.31149037671212,0.0,Steel,2.0,0,129.0,/Users/ulukbekrahmanov/Desktop/fusion_subset/21495_ebbbd369/assembly.json
22140_9cda24cc,simple_rotor,1,1.0,155.0,53.0,106.0,0.38925476015514954,49.58659365033753,0.0,Steel,2.9245283018867925,1,314.0,/Users/ulukbekrahmanov/Desktop/fusion_subset/22140_9cda24cc/assembly.json
23035_6087bb57,medium_rotor,1,20.0,339.0,172.0,244.0,2.039445939182852,259.80203046915307,0.0,Steel,1.9709302325581395,0,755.0,/Users/ulukbekrahmanov/Desktop/fusion_subset/23035_6087bb57/assembly.json
21836_5bc91e49,symmetric_rotor,16,12.0,1200.0,442.0,799.0,0.06899407491290144,8.78905412903203,0.0,Steel,2.7149321266968327,1,2441.0,/Users/ulukbekrahmanov/Desktop/fusion_subset/21836_5bc91e49/assembly.json
21539_cfe1f7fd,medium_rotor,28,39.0,1188.0,491.0,799.0,60.6906296487324,11842.802573859202,0.0,"Steel, Glass, Cast, Clear",2.419551934826884,0,2478.0,/Users/ulukbekrahmanov/Desktop/fusion_subset/21539_cfe1f7fd/assembly.json
21626_b34008e6,medium_rotor,13,16.0,555.0,338.0,449.0,1.0553416585628623,217.5266593869407,0.0,"Wood, Stainless Steel, Brass",1.6420118343195267,0,1342.0,/Users/ulukbekrahmanov/Desktop/fusion_subset/21626_b34008e6/assembly.json
21862_ec534e16,simple_rotor,1,3.0,94.0,29.0,69.0,0.22076954446723607,28.123508849329436,0.0,Steel,3.2413793103448274,1,192.0,/Users/ulukbekrahmanov/Desktop/fusion_subset/21862_ec534e16/assembly.json
21451_fea6f0d1,simple_rotor,3,1.0,12.0,7.0,8.0,0.46387196199573294,59.091969680985095,0.0,Steel,1.7142857142857142,0,27.0,/Users/ulukbekrahmanov/Desktop/fusion_subset/21451_fea6f0d1/assembly.json
20431_27e7f151,medium_rotor,3,25.0,582.0,304.0,401.0,0.2047317299452175,191.96759538602188,0.0,"Rubber, Nitrile, ABS Plastic, Aluminum, Anodized Blue",1.9144736842105263,0,1287.0,/Users/ulukbekrahmanov/Desktop/fusion_subset/20431_27e7f151/assembly.json
23493_57512264,medium_rotor,16,15.0,1384.0,592.0,863.0,0.2159338290467302,27.507494146080276,0.0,Steel,2.3378378378378377,0,2839.0,/Users/ulukbekrahmanov/Desktop/fusion_subset/23493_57512264/assembly.json
23170_6ea8ded5,symmetric_rotor,1,13.0,588.0,224.0,385.0,0.23022992142880996,29.328652411313357,0.0,Steel,2.625,1,1197.0,/Users/ulukbekrahmanov/Desktop/fusion_subset/23170_6ea8ded5/assembly.json
22747_3f6faf4c,simple_rotor,7,9.0,133.0,64.0,91.0,1.199824853725384,152.84393041087694,0.0,Steel,2.078125,0,288.0,/Users/ulukbekrahmanov/Desktop/fusion_subset/22747_3f6faf4c/assembly.json
20925_dc64a33a,medium_rotor,1,1.0,532.0,239.0,325.0,0.029231354576048276,3.723739436439271,0.0,Steel,2.225941422594142,0,1096.0,/Users/ulukbekrahmanov/Desktop/fusion_subset/20925_dc64a33a/assembly.json
21603_98a15295,symmetric_rotor,4,3.0,320.0,126.0,215.0,0.11084654500609296,158.35220715156137,0.0,Bamboo,2.5396825396825395,1,661.0,/Users/ulukbekrahmanov/Desktop/fusion_subset/21603_98a15295/assembly.json
23417_9a9e9937,medium_rotor,1,7.0,873.0,375.0,486.0,15.403850819944875,1962.2739898018954,0.0,Steel,2.328,0,1734.0,/Users/ulukbekrahmanov/Desktop/fusion_subset/23417_9a9e9937/assembly.json
21797_69df08d5,high_complexity_rotor,19,21.0,4152.0,1432.0,2768.0,0.19295666647844456,182.03459101740057,0.0,ABS Plastic,2.899441340782123,1,8352.0,/Users/ulukbekrahmanov/Desktop/fusion_subset/21797_69df08d5/assembly.json
21991_ab98f156,high_complexity_rotor,5,90.0,2982.0,1520.0,1990.0,46.08749934755497,15240.395778292861,0.0,"Acrylic, Clear, Steel, Plastic",1.9618421052631578,0,6492.0,/Users/ulukbekrahmanov/Desktop/fusion_subset/21991_ab98f156/assembly.json
23034_b38134ee,medium_rotor,1,25.0,245.0,154.0,191.0,2.0202954312703065,279.003446371105,0.0,"Steel, Aluminum",1.5909090909090908,0,590.0,/Users/ulukbekrahmanov/Desktop/fusion_subset/23034_b38134ee/assembly.json
21612_e2981dae,simple_rotor,1,2.0,91.0,54.0,64.0,1.7654620252215576,224.89962104733218,0.0,Steel,1.6851851851851851,0,209.0,/Users/ulukbekrahmanov/Desktop/fusion_subset/21612_e2981dae/assembly.json
21785_d595ced5,simple_rotor,1,2.0,152.0,61.0,96.0,0.021582147806069672,20.360516798178935,0.0,ABS Plastic,2.4918032786885247,0,309.0,/Users/ulukbekrahmanov/Desktop/fusion_subset/21785_d595ced5/assembly.json
21175_85118898,simple_rotor,1,6.0,178.0,82.0,110.0,0.45133952069742733,205.13307203549002,0.0,"Bamboo, Stainless Steel",2.1707317073170733,0,370.0,/Users/ulukbekrahmanov/Desktop/fusion_subset/21175_85118898/assembly.json
20163_3742f394,medium_rotor,9,21.0,1395.0,652.0,906.0,16.37446123792233,2085.9186290346915,0.0,"Steel, Mild",2.1395705521472395,0,2953.0,/Users/ulukbekrahmanov/Desktop/fusion_subset/20163_3742f394/assembly.json
22002_315afcfc,medium_rotor,16,15.0,471.0,239.0,355.0,4.4823602411755195,571.0013046083465,0.0,Steel,1.9707112970711298,0,1065.0,/Users/ulukbekrahmanov/Desktop/fusion_subset/22002_315afcfc/assembly.json
22162_439af02a,medium_rotor,1,1.0,349.0,147.0,208.0,0.00047724370392519436,0.06079537629620311,0.0,Steel,2.3741496598639458,0,704.0,/Users/ulukbekrahmanov/Desktop/fusion_subset/22162_439af02a/assembly.json
21656_964b0c84,high_complexity_rotor,12,37.0,5304.0,2168.0,3347.0,3.546196066521344,451.74472184985285,0.0,Steel,2.4464944649446494,0,10819.0,/Users/ulukbekrahmanov/Desktop/fusion_subset/21656_964b0c84/assembly.json
23369_447545f6,simple_rotor,1,6.0,186.0,98.0,122.0,0.0634522784151072,8.792472659448176,0.0,"Steel, Glass, Cast, Clear",1.8979591836734695,0,406.0,/Users/ulukbekrahmanov/Desktop/fusion_subset/23369_447545f6/assembly.json
20141_b9376856,medium_rotor,18,16.0,750.0,324.0,459.0,10.437570808479114,1329.626854583327,0.0,"Steel, Mild",2.314814814814815,0,1533.0,/Users/ulukbekrahmanov/Desktop/fusion_subset/20141_b9376856/assembly.json
23103_43bde2a6,simple_rotor,1,2.0,169.0,61.0,114.0,0.07142484499654506,9.098706368986631,0.0,Steel,2.7704918032786887,1,344.0,/Users/ulukbekrahmanov/Desktop/fusion_subset/23103_43bde2a6/assembly.json
21384_b9774b93,simple_rotor,4,4.0,216.0,86.0,156.0,15.279805655181129,1946.4720579848577,0.0,Steel,2.511627906976744,1,458.0,/Users/ulukbekrahmanov/Desktop/fusion_subset/21384_b9774b93/assembly.json
20239_49b65a55,medium_rotor,7,24.0,495.0,215.0,331.0,0.00032393855034912295,0.04126605736931503,0.0,"Steel, Mild",2.302325581395349,0,1041.0,/Users/ulukbekrahmanov/Desktop/fusion_subset/20239_49b65a55/assembly.json
21424_9d516e3a,medium_rotor,2,4.0,319.0,130.0,203.0,5.145553482407197,655.4845200518722,0.0,Steel,2.453846153846154,0,652.0,/Users/ulukbekrahmanov/Desktop/fusion_subset/21424_9d516e3a/assembly.json
21551_c6c2d516,high_complexity_rotor,4,4.0,2453.0,950.0,1563.0,0.025522586218442424,24.077911526832473,0.0,Plastic,2.582105263157895,1,4966.0,/Users/ulukbekrahmanov/Desktop/fusion_subset/21551_c6c2d516/assembly.json
20940_9777847c,simple_rotor,13,12.0,210.0,97.0,142.0,6.714676393231979,12208.502533149054,0.0,MaterialInv_066,2.1649484536082473,0,449.0,/Users/ulukbekrahmanov/Desktop/fusion_subset/20940_9777847c/assembly.json
23451_14c8d09e,medium_rotor,14,12.0,755.0,350.0,474.0,73.03094107302314,9303.304595289574,0.0,Steel,2.157142857142857,0,1579.0,/Users/ulukbekrahmanov/Desktop/fusion_subset/23451_14c8d09e/assembly.json
21037_62248d34,symmetric_rotor,3,2.0,356.0,117.0,242.0,5.242459626211949,667.8292517467453,0.0,Steel,3.0427350427350426,1,715.0,/Users/ulukbekrahmanov/Desktop/fusion_subset/21037_62248d34/assembly.json
21817_945cd3c9,medium_rotor,1,21.0,453.0,186.0,309.0,398.4068719376253,50752.46776275482,0.0,Steel,2.435483870967742,0,948.0,/Users/ulukbekrahmanov/Desktop/fusion_subset/21817_945cd3c9/assembly.json
23283_fadf3820,medium_rotor,1,53.0,854.0,492.0,634.0,365.0177073415754,46499.070998926814,0.0,Steel,1.7357723577235773,0,1980.0,/Users/ulukbekrahmanov/Desktop/fusion_subset/23283_fadf3820/assembly.json
23323_075a079e,medium_rotor,12,11.0,213.0,143.0,168.0,6.433707144390331,1095.9516111569549,0.0,"Steel, Polystyrene",1.4895104895104896,0,524.0,/Users/ulukbekrahmanov/Desktop/fusion_subset/23323_075a079e/assembly.json
23172_4ab01e83,medium_rotor,1,11.0,608.0,258.0,393.0,0.09366242881013555,11.93151959364784,0.0,Steel,2.356589147286822,0,1259.0,/Users/ulukbekrahmanov/Desktop/fusion_subset/23172_4ab01e83/assembly.json
21762_90d34d16,high_complexity_rotor,15,14.0,3606.0,1568.0,2072.0,0.09613665893743172,12.246708144895763,0.0,Steel,2.2997448979591835,0,7246.0,/Users/ulukbekrahmanov/Desktop/fusion_subset/21762_90d34d16/assembly.json
22612_28fe0ac2,medium_rotor,14,12.0,733.0,329.0,490.0,15.378115718841123,1958.9956329733923,0.0,Steel,2.2279635258358663,0,1552.0,/Users/ulukbekrahmanov/Desktop/fusion_subset/22612_28fe0ac2/assembly.json
22535_0ba01cc9,complex_assembly,25,36.0,1918.0,885.0,1210.0,1.8257706857318208,232.58225295946758,0.0,"Steel, Mild, Steel",2.167231638418079,0,4013.0,/Users/ulukbekrahmanov/Desktop/fusion_subset/22535_0ba01cc9/assembly.json
21715_53df62c9,medium_rotor,1,4.0,249.0,100.0,163.0,0.8244082808614103,105.02016316705863,0.0,Steel,2.49,0,512.0,/Users/ulukbekrahmanov/Desktop/fusion_subset/21715_53df62c9/assembly.json
22283_36ba29c9,simple_rotor,4,3.0,100.0,38.0,67.0,0.14103583802336375,17.96634879278519,0.0,Steel,2.6315789473684212,1,205.0,/Users/ulukbekrahmanov/Desktop/fusion_subset/22283_36ba29c9/assembly.json
20620_8a5226b4,high_complexity_rotor,1,2.0,1553.0,488.0,1094.0,521.4532691278266,66427.16804176135,0.0,Steel,3.182377049180328,1,3135.0,/Users/ulukbekrahmanov/Desktop/fusion_subset/20620_8a5226b4/assembly.json
20329_414757bb,medium_rotor,1,13.0,334.0,179.0,211.0,6.577615054631445,837.912745812923,0.0,"Steel, Mild",1.8659217877094971,0,724.0,/Users/ulukbekrahmanov/Desktop/fusion_subset/20329_414757bb/assembly.json
22377_d490f505,simple_rotor,5,3.0,196.0,83.0,131.0,3.9859756365511934,507.767597012891,0.0,Steel,2.36144578313253,0,410.0,/Users/ulukbekrahmanov/Desktop/fusion_subset/22377_d490f505/assembly.json
22492_047b125b,complex_assembly,32,146.0,4198.0,1877.0,2808.0,29.671598564274806,3779.821473156026,0.0,Steel,2.23654768247203,0,8883.0,/Users/ulukbekrahmanov/Desktop/fusion_subset/22492_047b125b/assembly.json
22402_a62e84b4,high_complexity_rotor,1,6.0,2721.0,1352.0,1115.0,61.46534619884663,7829.980407496387,0.0,Steel,2.0125739644970415,0,5188.0,/Users/ulukbekrahmanov/Desktop/fusion_subset/22402_a62e84b4/assembly.json
20287_072b5bf6,high_complexity_rotor,10,6.0,3840.0,1812.0,2040.0,0.04275764588010826,15.836165140780837,0.0,"Aluminum, Wood Flooring",2.119205298013245,0,7692.0,/Users/ulukbekrahmanov/Desktop/fusion_subset/20287_072b5bf6/assembly.json
20810_f6674f2d,simple_rotor,1,2.0,162.0,66.0,100.0,0.1080847616076547,14.87915029478076,0.0,"Steel, Rubber, Natural",2.4545454545454546,0,328.0,/Users/ulukbekrahmanov/Desktop/fusion_subset/20810_f6674f2d/assembly.json
22049_4da0d894,symmetric_rotor,3,3.0,342.0,120.0,228.0,30.58956610641171,3896.760013555632,0.0,Steel,2.85,1,690.0,/Users/ulukbekrahmanov/Desktop/fusion_subset/22049_4da0d894/assembly.json
20758_cdccf572,simple_rotor,10,9.0,222.0,86.0,147.0,0.3342570505795227,42.58051599739143,0.0,Steel,2.5813953488372094,1,455.0,/Users/ulukbekrahmanov/Desktop/fusion_subset/20758_cdccf572/assembly.json
22681_124bf3a9,medium_rotor,2,12.0,270.0,133.0,193.0,67.89866810199868,8649.511860127222,0.0,Steel,2.030075187969925,0,596.0,/Users/ulukbekrahmanov/Desktop/fusion_subset/22681_124bf3a9/assembly.json
21690_5d1f3475,simple_rotor,1,5.0,35.0,25.0,31.0,0.3527472450259154,44.935954780371404,0.0,Steel,1.4,0,91.0,/Users/ulukbekrahmanov/Desktop/fusion_subset/21690_5d1f3475/assembly.json
20546_87dbd755,complex_assembly,23,38.0,17605.0,6458.0,11615.0,0.25957948492935895,74.89739804878536,0.0,"Steel, Mild, Aluminum, Anodized Red, Rubber, Silicone",2.7260761845772685,1,35678.0,/Users/ulukbekrahmanov/Desktop/fusion_subset/20546_87dbd755/assembly.json
22092_897b0ffa,medium_rotor,14,12.0,358.0,164.0,242.0,0.0389964191590143,4.985726526779862,0.0,"Steel, Iron, Cast",2.182926829268293,0,764.0,/Users/ulukbekrahmanov/Desktop/fusion_subset/22092_897b0ffa/assembly.json
20991_6795af4f,high_complexity_rotor,1,45.0,2700.0,990.0,1800.0,10.881350713899565,19081.476195971696,0.0,Wood,2.727272727272727,1,5490.0,/Users/ulukbekrahmanov/Desktop/fusion_subset/20991_6795af4f/assembly.json
23049_207a41f0,medium_rotor,11,10.0,504.0,296.0,386.0,26.60051885000871,3295.341169716545,0.0,"Steel, Stainless Steel, Brass",1.7027027027027026,0,1186.0,/Users/ulukbekrahmanov/Desktop/fusion_subset/23049_207a41f0/assembly.json
22533_e7298b05,complex_assembly,30,51.0,5310.0,2141.0,3472.0,14.930445043173066,1901.9675214233225,0.0,Steel,2.4801494628678187,0,10923.0,/Users/ulukbekrahmanov/Desktop/fusion_subset/22533_e7298b05/assembly.json
22638_37f9fe91,symmetric_rotor,13,16.0,839.0,329.0,570.0,20.340488351223254,2591.1450128946817,0.0,Steel,2.5501519756838906,1,1738.0,/Users/ulukbekrahmanov/Desktop/fusion_subset/22638_37f9fe91/assembly.json
21617_ddd3657b,simple_rotor,1,2.0,94.0,56.0,68.0,1.7583160510128497,223.98930586150954,0.0,Steel,1.6785714285714286,0,218.0,/Users/ulukbekrahmanov/Desktop/fusion_subset/21617_ddd3657b/assembly.json
21858_f1409ea2,medium_rotor,6,17.0,727.0,319.0,511.0,7.131417491745183,908.4608269739086,0.0,Steel,2.2789968652037618,0,1557.0,/Users/ulukbekrahmanov/Desktop/fusion_subset/21858_f1409ea2/assembly.json
21028_d4d30a2e,medium_rotor,17,31.0,1278.0,599.0,846.0,0.09519824729755201,35.25861011020444,0.0,Aluminum,2.1335559265442403,0,2723.0,/Users/ulukbekrahmanov/Desktop/fusion_subset/21028_d4d30a2e/assembly.json
21541_abc67be6,medium_rotor,1,25.0,1379.0,660.0,775.0,0.7092976058019113,467.76875589046415,0.0,"Polycarbonate, Smoke, Rubber, Nitrile, Steel",2.0893939393939394,0,2814.0,/Users/ulukbekrahmanov/Desktop/fusion_subset/21541_abc67be6/assembly.json
22826_199df203,medium_rotor,1,14.0,414.0,197.0,292.0,12.366420976546202,1575.3402517893248,0.0,Steel,2.1015228426395938,0,903.0,/Users/ulukbekrahmanov/Desktop/fusion_subset/22826_199df203/assembly.json
22227_aca28ff2,simple_rotor,3,5.0,105.0,44.0,72.0,4.384682769772711,642.2948742584686,0.0,"Steel, Glass, Cast, Clear",2.3863636363636362,0,221.0,/Users/ulukbekrahmanov/Desktop/fusion_subset/22227_aca28ff2/assembly.json
22902_83870421,simple_rotor,1,2.0,65.0,35.0,48.0,0.05210431911870683,6.6374928813639285,0.0,Steel,1.8571428571428572,0,148.0,/Users/ulukbekrahmanov/Desktop/fusion_subset/22902_83870421/assembly.json
21665_2e14b6ff,simple_rotor,1,1.0,112.0,40.0,72.0,3.935321734687447,501.3148706608213,0.0,Steel,2.8,1,224.0,/Users/ulukbekrahmanov/Desktop/fusion_subset/21665_2e14b6ff/assembly.json
20813_726b2714,simple_rotor,1,3.0,231.0,102.0,130.0,4.682077796858347,596.4430314469232,0.0,Steel,2.264705882352941,0,463.0,/Users/ulukbekrahmanov/Desktop/fusion_subset/20813_726b2714/assembly.json
20429_4c909f3f,simple_rotor,1,1.0,44.0,18.0,28.0,0.2250451299959828,28.66816942623985,0.0,"Steel, Mild",2.4444444444444446,0,90.0,/Users/ulukbekrahmanov/Desktop/fusion_subset/20429_4c909f3f/assembly.json
23373_f5dac851,medium_rotor,16,13.0,472.0,259.0,357.0,3.464206605185629,446.58540986924345,0.0,"Steel, Plastic, Stainless Steel",1.8223938223938223,0,1088.0,/Users/ulukbekrahmanov/Desktop/fusion_subset/23373_f5dac851/assembly.json
21794_4d137e7d,medium_rotor,1,9.0,674.0,285.0,401.0,0.01604547873996807,2.044010030569181,0.0,Steel,2.364912280701754,0,1360.0,/Users/ulukbekrahmanov/Desktop/fusion_subset/21794_4d137e7d/assembly.json
22065_0d414124,complex_assembly,22,21.0,2592.0,985.0,1749.0,0.07169110785108307,9.132625203959625,0.0,Steel,2.631472081218274,1,5326.0,/Users/ulukbekrahmanov/Desktop/fusion_subset/22065_0d414124/assembly.json
22224_1e749c32,medium_rotor,4,3.0,248.0,118.0,164.0,0.2839482126013974,36.171746828203496,0.0,Steel,2.1016949152542375,0,530.0,/Users/ulukbekrahmanov/Desktop/fusion_subset/22224_1e749c32/assembly.json
22047_5a090f16,simple_rotor,1,1.0,177.0,57.0,113.0,0.4581429719224638,432.2103508702489,0.0,"Steel, ABS Plastic",3.1052631578947367,1,347.0,/Users/ulukbekrahmanov/Desktop/fusion_subset/22047_5a090f16/assembly.json
20952_b8a54213,complex_assembly,98,140.0,11909.0,4805.0,8103.0,316.7826971396508,62501.36733689045,0.0,"Steel, Mild, Pine, Aluminio-6061",2.4784599375650362,0,24817.0,/Users/ulukbekrahmanov/Desktop/fusion_subset/20952_b8a54213/assembly.json
21490_d07ff9f8,symmetric_rotor,6,5.0,1340.0,462.0,898.0,0.25655002633884655,30.616460497392296,0.0,"Bronze, Steel",2.9004329004329006,1,2700.0,/Users/ulukbekrahmanov/Desktop/fusion_subset/21490_d07ff9f8/assembly.json
23041_8d3ea25c,medium_rotor,10,9.0,1298.0,602.0,766.0,0.01689349139541764,2.1520371204353683,0.0,Steel,2.1561461794019934,0,2666.0,/Users/ulukbekrahmanov/Desktop/fusion_subset/23041_8d3ea25c/assembly.json
22241_535ad84b,simple_rotor,1,10.0,157.0,52.0,110.0,0.0,0.0,0.0,Steel,3.019230769230769,1,319.0,/Users/ulukbekrahmanov/Desktop/fusion_subset/22241_535ad84b/assembly.json
23022_86e6a8a0,simple_rotor,1,2.0,34.0,24.0,30.0,0.1419110774635336,18.07784426287052,0.0,Steel,1.4166666666666667,0,88.0,/Users/ulukbekrahmanov/Desktop/fusion_subset/23022_86e6a8a0/assembly.json
23053_139f2009,high_complexity_rotor,1,142.0,3615.0,1556.0,2437.0,19.545021384220654,2489.8116413019948,0.0,Steel,2.3232647814910026,0,7608.0,/Users/ulukbekrahmanov/Desktop/fusion_subset/23053_139f2009/assembly.json
23037_d0df320c,symmetric_rotor,1,4.0,642.0,252.0,403.0,2.6897278703548038,342.64049303882854,0.0,Steel,2.5476190476190474,1,1297.0,/Users/ulukbekrahmanov/Desktop/fusion_subset/23037_d0df320c/assembly.json
22416_4cd31921,high_complexity_rotor,1,3.0,1568.0,562.0,998.0,0.001215088038798058,0.15478828519720486,0.0,Steel,2.790035587188612,1,3128.0,/Users/ulukbekrahmanov/Desktop/fusion_subset/22416_4cd31921/assembly.json
21391_78fc6345,simple_rotor,4,8.0,204.0,88.0,138.0,0.03329205639058321,6.473417372832165,0.0,"Copper, Titanium, Steel",2.3181818181818183,0,430.0,/Users/ulukbekrahmanov/Desktop/fusion_subset/21391_78fc6345/assembly.json
21134_7aa7cd89,high_complexity_rotor,7,37.0,2910.0,1119.0,2139.0,117.76687903613728,15002.15019568628,0.0,"Steel, Plastic, Glass, Cast, Clear",2.6005361930294906,1,6168.0,/Users/ulukbekrahmanov/Desktop/fusion_subset/21134_7aa7cd89/assembly.json
21700_28d193ac,high_complexity_rotor,7,21.0,1690.0,693.0,1178.0,38.46171757403396,4812.462010996691,0.0,"Steel, Stainless Steel",2.4386724386724388,0,3561.0,/Users/ulukbekrahmanov/Desktop/fusion_subset/21700_28d193ac/assembly.json
