QueryAssembly,RetrievedAssembly,OntologySimilarity
21448_5646a1b6,23103_43bde2a6,1.0
21448_5646a1b6,22508_6bb410af,1.0
21448_5646a1b6,22283_36ba29c9,1.0
21448_5646a1b6,22236_db209dff,1.0
21448_5646a1b6,22304_33009be6,1.0
22312_3f366a4a,23178_eb4b4280,1.0
22312_3f366a4a,22762_dcbdd14d,1.0
22312_3f366a4a,22678_ff42f120,1.0
22312_3f366a4a,23259_d655fcc1,1.0
22312_3f366a4a,21497_9833a679,1.0
20756_75f43564,23158_c7e753c2,0.7999999999999999
20756_75f43564,20804_0dcacc66,0.7999999999999999
20756_75f43564,23006_92c5b990,0.7999999999999999
20756_75f43564,20958_94222947,0.7999999999999999
20756_75f43564,21761_fdb5f86d,0.7999999999999999
21708_e61bd657,22787_49022c32,0.7999999999999999
21708_e61bd657,21545_4384f96e,0.7999999999999999
21708_e61bd657,21718_1551037b,0.7999999999999999
21708_e61bd657,22670_9353c710,0.7999999999999999
21708_e61bd657,22079_31335df2,0.7999999999999999
23311_ad36a9ec,22349_6f67a96e,1.0
23311_ad36a9ec,22214_b098105d,1.0
23311_ad36a9ec,22891_b8c84495,1.0
23311_ad36a9ec,23199_75dc1efd,1.0
23311_ad36a9ec,22378_234fea2c,1.0
22680_1f4026f6,22162_439af02a,1.0
22680_1f4026f6,21282_b2d83538,1.0
22680_1f4026f6,21563_c72d37a2,1.0
22680_1f4026f6,22085_e039a7d3,1.0
22680_1f4026f6,21496_f4025ad5,1.0
21265_7329c813,22349_6f67a96e,1.0
21265_7329c813,22214_b098105d,1.0
21265_7329c813,22891_b8c84495,1.0
21265_7329c813,23199_75dc1efd,1.0
21265_7329c813,22378_234fea2c,1.0
22832_731d3b9f,20176_a02bde39,0.7999999999999999
22832_731d3b9f,22577_cd96733e,0.7999999999999999
22832_731d3b9f,23305_2662b29a,0.7999999999999999
22832_731d3b9f,23363_60e39812,0.7999999999999999
22832_731d3b9f,22017_6d3be48d,0.7999999999999999
23476_705b76d1,20176_a02bde39,0.7999999999999999
23476_705b76d1,22577_cd96733e,0.7999999999999999
23476_705b76d1,23305_2662b29a,0.7999999999999999
23476_705b76d1,23363_60e39812,0.7999999999999999
23476_705b76d1,22017_6d3be48d,0.7999999999999999
22131_6b4b60f8,22349_6f67a96e,1.0
22131_6b4b60f8,22214_b098105d,1.0
22131_6b4b60f8,22891_b8c84495,1.0
22131_6b4b60f8,23199_75dc1efd,1.0
22131_6b4b60f8,22378_234fea2c,1.0
20994_9c88b1ba,22349_6f67a96e,1.0
20994_9c88b1ba,22214_b098105d,1.0
20994_9c88b1ba,22891_b8c84495,1.0
20994_9c88b1ba,23199_75dc1efd,1.0
20994_9c88b1ba,22378_234fea2c,1.0
22026_62afa265,21448_5646a1b6,0.7999999999999999
22026_62afa265,20946_6573271d,0.7999999999999999
22026_62afa265,21825_ce32b0a0,0.7999999999999999
22026_62afa265,22136_a539c50b,0.7999999999999999
22026_62afa265,21665_2e14b6ff,0.7999999999999999
22021_520ec8c3,20176_a02bde39,0.7999999999999999
22021_520ec8c3,22577_cd96733e,0.7999999999999999
22021_520ec8c3,23305_2662b29a,0.7999999999999999
22021_520ec8c3,23363_60e39812,0.7999999999999999
22021_520ec8c3,22017_6d3be48d,0.7999999999999999
20351_dc6e4e1e,20246_40be7668,1.0
20351_dc6e4e1e,22787_49022c32,0.7999999999999999
20351_dc6e4e1e,22581_406c16c4,0.7999999999999999
20351_dc6e4e1e,21545_4384f96e,0.7999999999999999
20351_dc6e4e1e,23123_f35404c4,0.7999999999999999
22218_2f85f6ae,23354_8182b4eb,0.7999999999999999
22218_2f85f6ae,23323_075a079e,0.7999999999999999
22218_2f85f6ae,21625_d5d4c9a7,0.7999999999999999
22218_2f85f6ae,22224_1e749c32,0.7999999999999999
22218_2f85f6ae,23152_6f2706c9,0.7999999999999999
21810_718ae2fe,21448_5646a1b6,1.0
21810_718ae2fe,21862_ec534e16,1.0
21810_718ae2fe,22136_a539c50b,1.0
21810_718ae2fe,21665_2e14b6ff,1.0
21810_718ae2fe,22304_33009be6,1.0
20215_e2eb3082,20989_d1b8b0f8,1.0
20215_e2eb3082,20163_3742f394,1.0
20215_e2eb3082,20511_e1b972aa,1.0
20215_e2eb3082,20281_a29f9a18,1.0
20215_e2eb3082,20408_b4fda9eb,1.0
22561_067b78ae,22095_af226cbc,0.7999999999999999
22561_067b78ae,21467_67965037,0.7999999999999999
22561_067b78ae,20225_4ce6d59b,0.7999999999999999
22561_067b78ae,22638_37f9fe91,0.7999999999999999
22561_067b78ae,20502_58b65de9,0.7999999999999999
21421_fb12b69b,22787_49022c32,0.7999999999999999
21421_fb12b69b,21545_4384f96e,0.7999999999999999
21421_fb12b69b,21718_1551037b,0.7999999999999999
21421_fb12b69b,22670_9353c710,0.7999999999999999
21421_fb12b69b,22079_31335df2,0.7999999999999999
22082_39503fa6,22162_439af02a,1.0
22082_39503fa6,21282_b2d83538,1.0
22082_39503fa6,21563_c72d37a2,1.0
22082_39503fa6,22085_e039a7d3,1.0
22082_39503fa6,21496_f4025ad5,1.0
23308_245d257c,22162_439af02a,1.0
23308_245d257c,21282_b2d83538,1.0
23308_245d257c,21563_c72d37a2,1.0
23308_245d257c,22085_e039a7d3,1.0
23308_245d257c,21496_f4025ad5,1.0
22844_9b75b8e0,22349_6f67a96e,1.0
22844_9b75b8e0,22214_b098105d,1.0
22844_9b75b8e0,22891_b8c84495,1.0
22844_9b75b8e0,23199_75dc1efd,1.0
22844_9b75b8e0,22378_234fea2c,1.0
20408_b4fda9eb,20215_e2eb3082,1.0
20408_b4fda9eb,20163_3742f394,1.0
20408_b4fda9eb,20511_e1b972aa,1.0
20408_b4fda9eb,20281_a29f9a18,1.0
20408_b4fda9eb,20899_a8d7c6d5,1.0
21326_ab4d6c43,22349_6f67a96e,1.0
21326_ab4d6c43,22214_b098105d,1.0
21326_ab4d6c43,22891_b8c84495,1.0
21326_ab4d6c43,23199_75dc1efd,1.0
21326_ab4d6c43,22378_234fea2c,1.0
22211_b1ee53f0,22125_e3a4cad4,1.0
22211_b1ee53f0,23419_ea47995f,1.0
22211_b1ee53f0,21722_68aeba65,1.0
22211_b1ee53f0,22717_08784417,1.0
22211_b1ee53f0,22065_0d414124,1.0
23211_3aac9c7e,23244_34b5f55e,1.0
23211_3aac9c7e,23218_02d26ab4,1.0
23211_3aac9c7e,23210_f535bfd2,1.0
23211_3aac9c7e,23219_40625e2c,1.0
23211_3aac9c7e,23236_d5867507,1.0
20676_9715ec9c,22196_e5bf8c9d,1.0
20676_9715ec9c,22196_0deb2e34,1.0
20676_9715ec9c,22197_94c66357,1.0
20676_9715ec9c,23502_5a80f907,0.7999999999999999
20676_9715ec9c,23045_a8c4e4bc,0.7999999999999999
20220_3de82b2a,20342_c140780b,1.0
20220_3de82b2a,20291_42287610,1.0
20220_3de82b2a,20495_e8e7e80c,1.0
20220_3de82b2a,20259_de1ab632,1.0
20220_3de82b2a,20193_2da4f0a0,1.0
22776_facf9bcf,22162_439af02a,1.0
22776_facf9bcf,21282_b2d83538,1.0
22776_facf9bcf,21563_c72d37a2,1.0
22776_facf9bcf,22085_e039a7d3,1.0
22776_facf9bcf,21496_f4025ad5,1.0
21837_b67d788c,22162_439af02a,1.0
21837_b67d788c,21282_b2d83538,1.0
21837_b67d788c,21563_c72d37a2,1.0
21837_b67d788c,22085_e039a7d3,1.0
21837_b67d788c,21496_f4025ad5,1.0
20668_b2f2633e,20870_dedaef5b,1.0
20668_b2f2633e,21580_b8b2571b,1.0
20668_b2f2633e,20701_6dcbc975,1.0
20668_b2f2633e,22528_f3370a64,1.0
20668_b2f2633e,21450_ea24ffcc,1.0
21459_a9de5e5b,20467_f1fcc009,1.0
21459_a9de5e5b,23158_c7e753c2,0.7999999999999999
21459_a9de5e5b,22839_113f2990,0.7999999999999999
21459_a9de5e5b,20958_94222947,0.7999999999999999
21459_a9de5e5b,21761_fdb5f86d,0.7999999999999999
21386_e234c6b6,23178_eb4b4280,1.0
21386_e234c6b6,22155_ab18f2b6,1.0
21386_e234c6b6,23259_d655fcc1,1.0
21386_e234c6b6,21497_9833a679,1.0
21386_e234c6b6,22245_ca848576,1.0
22474_b10fea1a,22162_439af02a,1.0
22474_b10fea1a,21282_b2d83538,1.0
22474_b10fea1a,21563_c72d37a2,1.0
22474_b10fea1a,22085_e039a7d3,1.0
22474_b10fea1a,21496_f4025ad5,1.0
19051_26735260,21700_28d193ac,0.7999999999999999
19051_26735260,21580_b8b2571b,0.7999999999999999
19051_26735260,22827_f33929ec,0.7999999999999999
19051_26735260,22076_20e8a107,0.7999999999999999
19051_26735260,21809_8bd6b10e,0.7999999999999999
20332_0c2a24aa,20342_c140780b,1.0
20332_0c2a24aa,20291_42287610,1.0
20332_0c2a24aa,20495_e8e7e80c,1.0
20332_0c2a24aa,20259_de1ab632,1.0
20332_0c2a24aa,20193_2da4f0a0,1.0
20807_88c198d5,21448_5646a1b6,1.0
20807_88c198d5,21825_ce32b0a0,1.0
20807_88c198d5,21665_2e14b6ff,1.0
20807_88c198d5,22304_33009be6,1.0
20807_88c198d5,20758_cdccf572,1.0
21825_ce32b0a0,21448_5646a1b6,1.0
21825_ce32b0a0,20807_88c198d5,1.0
21825_ce32b0a0,21665_2e14b6ff,1.0
21825_ce32b0a0,22304_33009be6,1.0
21825_ce32b0a0,20758_cdccf572,1.0
23366_cc0bc28e,22224_1e749c32,1.0
23366_cc0bc28e,21185_ac5324ba,1.0
23366_cc0bc28e,21737_87d83240,1.0
23366_cc0bc28e,20815_b3d9e6c9,1.0
23366_cc0bc28e,23152_6f2706c9,1.0
22136_a539c50b,21448_5646a1b6,1.0
22136_a539c50b,20807_88c198d5,1.0
22136_a539c50b,21665_2e14b6ff,1.0
22136_a539c50b,22304_33009be6,1.0
22136_a539c50b,20758_cdccf572,1.0
20414_a33bd0d7,20157_db99ab88,1.0
20414_a33bd0d7,20504_c9e14c9d,1.0
20414_a33bd0d7,20815_b3d9e6c9,0.7999999999999999
20414_a33bd0d7,20387_0d507234,0.7999999999999999
20414_a33bd0d7,21737_87d83240,0.7999999999999999
22196_0deb2e34,22196_e5bf8c9d,1.0
22196_0deb2e34,20676_9715ec9c,1.0
22196_0deb2e34,22197_94c66357,1.0
22196_0deb2e34,23502_5a80f907,0.7999999999999999
22196_0deb2e34,23045_a8c4e4bc,0.7999999999999999
23273_8f301ce3,22125_e3a4cad4,0.7999999999999999
23273_8f301ce3,23419_ea47995f,0.7999999999999999
23273_8f301ce3,22415_658c81dd,0.7999999999999999
23273_8f301ce3,21722_68aeba65,0.7999999999999999
23273_8f301ce3,22717_08784417,0.7999999999999999
21063_037107dc,20870_dedaef5b,1.0
21063_037107dc,21580_b8b2571b,1.0
21063_037107dc,20668_b2f2633e,1.0
21063_037107dc,20701_6dcbc975,1.0
21063_037107dc,22528_f3370a64,1.0
23351_6104d55d,22349_6f67a96e,1.0
23351_6104d55d,22214_b098105d,1.0
23351_6104d55d,22891_b8c84495,1.0
23351_6104d55d,23199_75dc1efd,1.0
23351_6104d55d,22378_234fea2c,1.0
21236_b696e901,22787_49022c32,0.7999999999999999
21236_b696e901,23282_a1b17daa,0.7999999999999999
21236_b696e901,21718_1551037b,0.7999999999999999
21236_b696e901,22670_9353c710,0.7999999999999999
21236_b696e901,22079_31335df2,0.7999999999999999
23321_c9497b79,21599_80057f94,1.0
23321_c9497b79,22227_aca28ff2,1.0
23321_c9497b79,22746_920025a0,1.0
23321_c9497b79,21615_f2ecc6e8,1.0
23321_c9497b79,23343_f000bdae,1.0
21351_675c66b1,22787_49022c32,0.7999999999999999
21351_675c66b1,23282_a1b17daa,0.7999999999999999
21351_675c66b1,21718_1551037b,0.7999999999999999
21351_675c66b1,22670_9353c710,0.7999999999999999
21351_675c66b1,22079_31335df2,0.7999999999999999
20675_66ac9773,22027_11a2e852,0.7999999999999999
20675_66ac9773,20245_f1b25d43,0.7999999999999999
20675_66ac9773,20477_633cca4f,0.7999999999999999
20675_66ac9773,21352_c1101acb,0.7999999999999999
20675_66ac9773,21081_72fa4ad1,0.7999999999999999
23238_3c864758,21600_0027c6fc,1.0
23238_3c864758,21625_d5d4c9a7,1.0
23238_3c864758,22224_1e749c32,1.0
23238_3c864758,21695_1f33863f,1.0
23238_3c864758,21715_53df62c9,1.0
20193_2da4f0a0,20488_589ac9c0,1.0
20193_2da4f0a0,20291_42287610,1.0
20193_2da4f0a0,20495_e8e7e80c,1.0
20193_2da4f0a0,20220_3de82b2a,1.0
20193_2da4f0a0,20259_de1ab632,1.0
23473_1dfa6e40,22162_439af02a,1.0
23473_1dfa6e40,21282_b2d83538,1.0
23473_1dfa6e40,21563_c72d37a2,1.0
23473_1dfa6e40,22085_e039a7d3,1.0
23473_1dfa6e40,21496_f4025ad5,1.0
21709_4dd88551,22027_11a2e852,0.7999999999999999
21709_4dd88551,20245_f1b25d43,0.7999999999999999
21709_4dd88551,21352_c1101acb,0.7999999999999999
21709_4dd88551,21081_72fa4ad1,0.7999999999999999
21709_4dd88551,21204_96d26a7f,0.7999999999999999
20646_4cd14a72,22349_6f67a96e,1.0
20646_4cd14a72,22214_b098105d,1.0
20646_4cd14a72,22891_b8c84495,1.0
20646_4cd14a72,23199_75dc1efd,1.0
20646_4cd14a72,22378_234fea2c,1.0
21588_0c48dc5f,22349_6f67a96e,1.0
21588_0c48dc5f,22214_b098105d,1.0
21588_0c48dc5f,22891_b8c84495,1.0
21588_0c48dc5f,23199_75dc1efd,1.0
21588_0c48dc5f,22378_234fea2c,1.0
23377_690165aa,21924_bbd9f7a9,1.0
23377_690165aa,20799_213bf924,1.0
23377_690165aa,21849_a5f563a6,1.0
23377_690165aa,22278_12f1fb79,1.0
23377_690165aa,21805_2ba39d00,1.0
23468_a0bfb573,23178_eb4b4280,1.0
23468_a0bfb573,22155_ab18f2b6,1.0
23468_a0bfb573,21831_54ca67d1,1.0
23468_a0bfb573,23259_d655fcc1,1.0
23468_a0bfb573,21497_9833a679,1.0
20468_1c33550a,20193_2da4f0a0,1.0
20468_1c33550a,20478_c02790cb,1.0
20468_1c33550a,20495_e8e7e80c,1.0
20468_1c33550a,20429_4c909f3f,1.0
20468_1c33550a,20259_de1ab632,1.0
21176_b5c72bfb,20970_d20c6c35,1.0
21176_b5c72bfb,23178_eb4b4280,0.7999999999999999
21176_b5c72bfb,22365_a4eb929c,0.7999999999999999
21176_b5c72bfb,21478_8fbd4409,0.7999999999999999
21176_b5c72bfb,20682_e208cc63,0.7999999999999999
23252_ef165bed,22162_439af02a,1.0
23252_ef165bed,21282_b2d83538,1.0
23252_ef165bed,21563_c72d37a2,1.0
23252_ef165bed,22085_e039a7d3,1.0
23252_ef165bed,21496_f4025ad5,1.0
21164_de08f61e,20176_a02bde39,0.7999999999999999
21164_de08f61e,22577_cd96733e,0.7999999999999999
21164_de08f61e,23305_2662b29a,0.7999999999999999
21164_de08f61e,23363_60e39812,0.7999999999999999
21164_de08f61e,22017_6d3be48d,0.7999999999999999
20789_1809f41f,20176_a02bde39,0.7999999999999999
20789_1809f41f,22577_cd96733e,0.7999999999999999
20789_1809f41f,23305_2662b29a,0.7999999999999999
20789_1809f41f,23363_60e39812,0.7999999999999999
20789_1809f41f,22017_6d3be48d,0.7999999999999999
22197_66c5655e,20176_a02bde39,0.7999999999999999
22197_66c5655e,22577_cd96733e,0.7999999999999999
22197_66c5655e,23305_2662b29a,0.7999999999999999
22197_66c5655e,23363_60e39812,0.7999999999999999
22197_66c5655e,22017_6d3be48d,0.7999999999999999
21352_c1101acb,20799_213bf924,1.0
21352_c1101acb,23155_d7305c5f,1.0
21352_c1101acb,21300_ec7da33e,1.0
21352_c1101acb,21849_a5f563a6,1.0
21352_c1101acb,22278_12f1fb79,1.0
22376_3ebc82a2,22162_439af02a,1.0
22376_3ebc82a2,21282_b2d83538,1.0
22376_3ebc82a2,21563_c72d37a2,1.0
22376_3ebc82a2,22085_e039a7d3,1.0
22376_3ebc82a2,21496_f4025ad5,1.0
20502_58b65de9,20237_06b27bf5,1.0
20502_58b65de9,22216_4b032400,0.7999999999999999
20502_58b65de9,23468_a0bfb573,0.7999999999999999
20502_58b65de9,22886_a6331748,0.7999999999999999
20502_58b65de9,21840_6847d36c,0.7999999999999999
21153_a2fb81fe,20870_dedaef5b,1.0
21153_a2fb81fe,21580_b8b2571b,1.0
21153_a2fb81fe,20668_b2f2633e,1.0
21153_a2fb81fe,20701_6dcbc975,1.0
21153_a2fb81fe,22528_f3370a64,1.0
20409_dafedec6,23194_b675acc0,1.0
20409_dafedec6,23158_c7e753c2,0.7999999999999999
20409_dafedec6,20804_0dcacc66,0.7999999999999999
20409_dafedec6,23006_92c5b990,0.7999999999999999
20409_dafedec6,20958_94222947,0.7999999999999999
21492_8bd34fc1,22717_08784417,0.7999999999999999
21492_8bd34fc1,23419_ea47995f,0.7999999999999999
21492_8bd34fc1,23273_8f301ce3,0.7999999999999999
21492_8bd34fc1,22415_658c81dd,0.7999999999999999
21492_8bd34fc1,21722_68aeba65,0.7999999999999999
20622_38dd90d0,20165_2b088be5,1.0
20622_38dd90d0,20293_a1999339,1.0
20622_38dd90d0,20500_e88d8065,1.0
20622_38dd90d0,20533_0a3e112b,1.0
20622_38dd90d0,20260_4a01a99d,1.0
22428_c1ffa51a,20799_213bf924,1.0
22428_c1ffa51a,23155_d7305c5f,1.0
22428_c1ffa51a,21300_ec7da33e,1.0
22428_c1ffa51a,21849_a5f563a6,1.0
22428_c1ffa51a,22278_12f1fb79,1.0
21047_60d69af3,22349_6f67a96e,1.0
21047_60d69af3,22214_b098105d,1.0
21047_60d69af3,22891_b8c84495,1.0
21047_60d69af3,23199_75dc1efd,1.0
21047_60d69af3,22378_234fea2c,1.0
23215_08a54de0,22349_6f67a96e,1.0
23215_08a54de0,22214_b098105d,1.0
23215_08a54de0,22891_b8c84495,1.0
23215_08a54de0,23199_75dc1efd,1.0
23215_08a54de0,22378_234fea2c,1.0
20680_b095cb77,22095_af226cbc,0.7999999999999999
20680_b095cb77,22311_553b3456,0.7999999999999999
20680_b095cb77,21133_f9a1614e,0.7999999999999999
20680_b095cb77,22762_dcbdd14d,0.7999999999999999
20680_b095cb77,22050_e8702dd4,0.7999999999999999
23130_7417d5b3,21700_28d193ac,0.7999999999999999
23130_7417d5b3,21580_b8b2571b,0.7999999999999999
23130_7417d5b3,22827_f33929ec,0.7999999999999999
23130_7417d5b3,22076_20e8a107,0.7999999999999999
23130_7417d5b3,21809_8bd6b10e,0.7999999999999999
22193_c8773ded,20870_dedaef5b,1.0
22193_c8773ded,21580_b8b2571b,1.0
22193_c8773ded,20668_b2f2633e,1.0
22193_c8773ded,20701_6dcbc975,1.0
22193_c8773ded,22528_f3370a64,1.0
20735_fb18051a,22162_439af02a,1.0
20735_fb18051a,21282_b2d83538,1.0
20735_fb18051a,21563_c72d37a2,1.0
20735_fb18051a,22085_e039a7d3,1.0
20735_fb18051a,21496_f4025ad5,1.0
20989_885bd9b9,20451_84d8b290,1.0
20989_885bd9b9,20989_a261efa3,1.0
20989_885bd9b9,20216_89b90993,1.0
20989_885bd9b9,20429_419c4cdd,1.0
20989_885bd9b9,20451_557fe5cd,1.0
20927_826f4b56,22349_6f67a96e,1.0
20927_826f4b56,22053_de30641b,1.0
20927_826f4b56,23199_75dc1efd,1.0
20927_826f4b56,22378_234fea2c,1.0
20927_826f4b56,21611_1d3ff1b6,1.0
21719_d60b8a4a,22162_439af02a,1.0
21719_d60b8a4a,21282_b2d83538,1.0
21719_d60b8a4a,21563_c72d37a2,1.0
21719_d60b8a4a,22085_e039a7d3,1.0
21719_d60b8a4a,21496_f4025ad5,1.0
21776_fb0bfbc6,22349_6f67a96e,1.0
21776_fb0bfbc6,22053_de30641b,1.0
21776_fb0bfbc6,23199_75dc1efd,1.0
21776_fb0bfbc6,22378_234fea2c,1.0
21776_fb0bfbc6,21611_1d3ff1b6,1.0
23372_4cb88567,22162_439af02a,1.0
23372_4cb88567,21282_b2d83538,1.0
23372_4cb88567,21563_c72d37a2,1.0
23372_4cb88567,22085_e039a7d3,1.0
23372_4cb88567,21496_f4025ad5,1.0
22895_4533b542,22349_6f67a96e,1.0
22895_4533b542,22053_de30641b,1.0
22895_4533b542,23199_75dc1efd,1.0
22895_4533b542,22378_234fea2c,1.0
22895_4533b542,21611_1d3ff1b6,1.0
20870_dedaef5b,22910_97f0cc18,1.0
20870_dedaef5b,20746_57a7b346,1.0
20870_dedaef5b,21153_a2fb81fe,1.0
20870_dedaef5b,23495_6366269c,1.0
20870_dedaef5b,23048_8a1a5553,1.0
22399_97987ada,22095_af226cbc,0.7999999999999999
22399_97987ada,23127_38d73061,0.7999999999999999
22399_97987ada,22638_37f9fe91,0.7999999999999999
22399_97987ada,20502_58b65de9,0.7999999999999999
22399_97987ada,22706_58a933f4,0.7999999999999999
20376_eefa9511,20193_2da4f0a0,1.0
20376_eefa9511,20291_42287610,1.0
20376_eefa9511,20495_e8e7e80c,1.0
20376_eefa9511,20220_3de82b2a,1.0
20376_eefa9511,20259_de1ab632,1.0
22180_ce7c3bd8,22349_6f67a96e,1.0
22180_ce7c3bd8,22053_de30641b,1.0
22180_ce7c3bd8,23199_75dc1efd,1.0
22180_ce7c3bd8,22378_234fea2c,1.0
22180_ce7c3bd8,21611_1d3ff1b6,1.0
20421_49bd1188,20520_7e357152,1.0
20421_49bd1188,20389_c835706f,1.0
20421_49bd1188,20421_38b63ca5,1.0
20421_49bd1188,22035_101c7ab4,0.7999999999999999
20421_49bd1188,23043_c0827516,0.7999999999999999
20530_2246503a,22162_439af02a,1.0
20530_2246503a,21282_b2d83538,1.0
20530_2246503a,21563_c72d37a2,1.0
20530_2246503a,22085_e039a7d3,1.0
20530_2246503a,21496_f4025ad5,1.0
20815_b3d9e6c9,21600_0027c6fc,1.0
20815_b3d9e6c9,21695_1f33863f,1.0
20815_b3d9e6c9,22078_1758e9fc,1.0
20815_b3d9e6c9,21185_ac5324ba,1.0
20815_b3d9e6c9,22062_2d6b3b72,1.0
21809_8bd6b10e,22910_97f0cc18,1.0
21809_8bd6b10e,21024_9be3d461,1.0
21809_8bd6b10e,22890_4ecfa491,1.0
21809_8bd6b10e,22900_09de4c7a,1.0
21809_8bd6b10e,20668_b2f2633e,1.0
22210_649a5363,22349_6f67a96e,1.0
22210_649a5363,22053_de30641b,1.0
22210_649a5363,23199_75dc1efd,1.0
22210_649a5363,22378_234fea2c,1.0
22210_649a5363,21611_1d3ff1b6,1.0
23195_2629864e,23235_f9ccb8b0,1.0
23195_2629864e,21582_a3d32115,1.0
23195_2629864e,21557_53eafe15,1.0
23195_2629864e,21244_d67bbabc,1.0
23195_2629864e,23123_f35404c4,1.0
22827_f33929ec,22910_97f0cc18,1.0
22827_f33929ec,21024_9be3d461,1.0
22827_f33929ec,22890_4ecfa491,1.0
22827_f33929ec,22900_09de4c7a,1.0
22827_f33929ec,20668_b2f2633e,1.0
20745_3e22ad07,22417_4a15d62e,1.0
20745_3e22ad07,20245_f1b25d43,1.0
20745_3e22ad07,22576_d05619d1,0.7999999999999999
20745_3e22ad07,23233_ac09e2e5,0.7999999999999999
20745_3e22ad07,22428_c1ffa51a,0.7999999999999999
21779_b99623fc,23026_e6f08109,1.0
21779_b99623fc,22617_a286f13c,0.7999999999999999
21779_b99623fc,20387_0d507234,0.7999999999999999
21779_b99623fc,23174_8ef93daf,0.7999999999999999
21779_b99623fc,22448_1f21757a,0.7999999999999999
20212_5d1f2de1,23158_c7e753c2,0.7999999999999999
20212_5d1f2de1,20804_0dcacc66,0.7999999999999999
20212_5d1f2de1,23006_92c5b990,0.7999999999999999
20212_5d1f2de1,20958_94222947,0.7999999999999999
20212_5d1f2de1,21761_fdb5f86d,0.7999999999999999
21550_0b16151d,22162_439af02a,1.0
21550_0b16151d,21282_b2d83538,1.0
21550_0b16151d,21563_c72d37a2,1.0
21550_0b16151d,22085_e039a7d3,1.0
21550_0b16151d,21496_f4025ad5,1.0
23209_1592b0a4,23244_34b5f55e,1.0
23209_1592b0a4,23211_3aac9c7e,1.0
23209_1592b0a4,23218_02d26ab4,1.0
23209_1592b0a4,23210_f535bfd2,1.0
23209_1592b0a4,23219_40625e2c,1.0
22498_b8bdb105,20340_86125547,1.0
22498_b8bdb105,20188_98b86c0f,1.0
22498_b8bdb105,21785_d595ced5,1.0
22498_b8bdb105,20469_b6211bfd,0.7999999999999999
22498_b8bdb105,21634_e5e20375,0.7999999999999999
23380_abffc859,22162_439af02a,1.0
23380_abffc859,21282_b2d83538,1.0
23380_abffc859,21563_c72d37a2,1.0
23380_abffc859,22085_e039a7d3,1.0
23380_abffc859,21496_f4025ad5,1.0
20389_c835706f,20421_49bd1188,1.0
20389_c835706f,20520_7e357152,1.0
20389_c835706f,20421_38b63ca5,1.0
20389_c835706f,22035_101c7ab4,0.7999999999999999
20389_c835706f,23043_c0827516,0.7999999999999999
21429_6d2d3974,22035_101c7ab4,1.0
21429_6d2d3974,23318_65e3a7c9,0.7999999999999999
21429_6d2d3974,22729_232da678,0.7999999999999999
21429_6d2d3974,22586_ff3651b2,0.7999999999999999
21429_6d2d3974,21816_3891a442,0.7999999999999999
21843_effbd24d,22421_19401bdd,1.0
21843_effbd24d,21805_2ba39d00,1.0
21843_effbd24d,21081_72fa4ad1,1.0
21843_effbd24d,21121_1e9e7540,1.0
21843_effbd24d,23155_d7305c5f,1.0
23439_18900af2,22377_d490f505,1.0
23439_18900af2,22053_de30641b,1.0
23439_18900af2,23199_75dc1efd,1.0
23439_18900af2,22378_234fea2c,1.0
23439_18900af2,21611_1d3ff1b6,1.0
21737_87d83240,21600_0027c6fc,1.0
21737_87d83240,21695_1f33863f,1.0
21737_87d83240,22078_1758e9fc,1.0
21737_87d83240,21185_ac5324ba,1.0
21737_87d83240,22062_2d6b3b72,1.0
21496_f4025ad5,22162_439af02a,1.0
21496_f4025ad5,21282_b2d83538,1.0
21496_f4025ad5,23380_abffc859,1.0
21496_f4025ad5,21563_c72d37a2,1.0
21496_f4025ad5,22085_e039a7d3,1.0
22053_de30641b,22377_d490f505,1.0
22053_de30641b,21848_0fff9631,1.0
22053_de30641b,23199_75dc1efd,1.0
22053_de30641b,22378_234fea2c,1.0
22053_de30641b,21611_1d3ff1b6,1.0
22891_b8c84495,22377_d490f505,1.0
22891_b8c84495,21848_0fff9631,1.0
22891_b8c84495,23199_75dc1efd,1.0
22891_b8c84495,22378_234fea2c,1.0
22891_b8c84495,21611_1d3ff1b6,1.0
21390_4d1e2d9c,22162_439af02a,1.0
21390_4d1e2d9c,21282_b2d83538,1.0
21390_4d1e2d9c,23380_abffc859,1.0
21390_4d1e2d9c,21563_c72d37a2,1.0
21390_4d1e2d9c,22085_e039a7d3,1.0
22378_234fea2c,22377_d490f505,1.0
22378_234fea2c,21848_0fff9631,1.0
22378_234fea2c,22891_b8c84495,1.0
22378_234fea2c,23199_75dc1efd,1.0
22378_234fea2c,21611_1d3ff1b6,1.0
22659_0e686e14,23178_eb4b4280,1.0
22659_0e686e14,22057_4947db57,1.0
22659_0e686e14,21831_54ca67d1,1.0
22659_0e686e14,23259_d655fcc1,1.0
22659_0e686e14,21497_9833a679,1.0
22304_33009be6,21448_5646a1b6,1.0
22304_33009be6,20807_88c198d5,1.0
22304_33009be6,22136_a539c50b,1.0
22304_33009be6,21665_2e14b6ff,1.0
22304_33009be6,20758_cdccf572,1.0
20765_99d0665e,22910_97f0cc18,1.0
20765_99d0665e,21024_9be3d461,1.0
20765_99d0665e,22890_4ecfa491,1.0
20765_99d0665e,22900_09de4c7a,1.0
20765_99d0665e,20668_b2f2633e,1.0
23422_f214bd4d,22787_49022c32,0.7999999999999999
23422_f214bd4d,23123_f35404c4,0.7999999999999999
23422_f214bd4d,21718_1551037b,0.7999999999999999
23422_f214bd4d,22670_9353c710,0.7999999999999999
23422_f214bd4d,22079_31335df2,0.7999999999999999
23343_f000bdae,21599_80057f94,1.0
23343_f000bdae,21615_f2ecc6e8,1.0
23343_f000bdae,22227_aca28ff2,1.0
23343_f000bdae,23369_447545f6,1.0
23343_f000bdae,23321_c9497b79,1.0
23161_e7f63a9f,23156_7788f78a,1.0
23161_e7f63a9f,21063_037107dc,0.7999999999999999
23161_e7f63a9f,22405_20f11d58,0.7999999999999999
23161_e7f63a9f,23495_6366269c,0.7999999999999999
23161_e7f63a9f,20668_b2f2633e,0.7999999999999999
22011_0832eefe,22092_897b0ffa,1.0
22011_0832eefe,22778_7d85debd,1.0
22011_0832eefe,22040_6461a147,1.0
22011_0832eefe,21923_41fa6eda,1.0
22011_0832eefe,22577_cd96733e,0.7999999999999999
22214_b098105d,22377_d490f505,1.0
22214_b098105d,21848_0fff9631,1.0
22214_b098105d,22891_b8c84495,1.0
22214_b098105d,23199_75dc1efd,1.0
22214_b098105d,22378_234fea2c,1.0
22046_fe3bae6e,23318_65e3a7c9,0.7999999999999999
22046_fe3bae6e,22199_8ec9eeb2,0.7999999999999999
22046_fe3bae6e,22586_ff3651b2,0.7999999999999999
22046_fe3bae6e,21816_3891a442,0.7999999999999999
22046_fe3bae6e,21912_3f74887c,0.7999999999999999
23204_ff1672a9,23226_8d1b5098,1.0
23204_ff1672a9,23123_f35404c4,1.0
23204_ff1672a9,21741_c6faf98e,1.0
23204_ff1672a9,23282_a1b17daa,1.0
23204_ff1672a9,22056_79373464,1.0
21529_93e51dd9,20176_a02bde39,0.7999999999999999
21529_93e51dd9,22577_cd96733e,0.7999999999999999
21529_93e51dd9,22066_308cdcfe,0.7999999999999999
21529_93e51dd9,23305_2662b29a,0.7999999999999999
21529_93e51dd9,22017_6d3be48d,0.7999999999999999
20429_419c4cdd,20451_84d8b290,1.0
20429_419c4cdd,20989_a261efa3,1.0
20429_419c4cdd,20216_89b90993,1.0
20429_419c4cdd,20451_557fe5cd,1.0
20429_419c4cdd,20989_885bd9b9,1.0
20241_8c0d3f83,20193_2da4f0a0,1.0
20241_8c0d3f83,20488_589ac9c0,1.0
20241_8c0d3f83,20495_e8e7e80c,1.0
20241_8c0d3f83,20429_4c909f3f,1.0
20241_8c0d3f83,20259_de1ab632,1.0
20440_27177360,20176_a02bde39,1.0
20440_27177360,22040_6461a147,0.7999999999999999
20440_27177360,22066_308cdcfe,0.7999999999999999
20440_27177360,23363_60e39812,0.7999999999999999
20440_27177360,23475_b14d1dc8,0.7999999999999999
20554_abcb705e,22199_8ec9eeb2,1.0
20554_abcb705e,22630_b6010fff,1.0
20554_abcb705e,20592_573e41b2,0.7999999999999999
20554_abcb705e,22372_e91792a1,0.7999999999999999
20554_abcb705e,20989_d1b8b0f8,0.7999999999999999
22135_2aa77ff2,22377_d490f505,1.0
22135_2aa77ff2,21848_0fff9631,1.0
22135_2aa77ff2,22891_b8c84495,1.0
22135_2aa77ff2,23199_75dc1efd,1.0
22135_2aa77ff2,22378_234fea2c,1.0
21204_96d26a7f,22421_19401bdd,1.0
21204_96d26a7f,21805_2ba39d00,1.0
21204_96d26a7f,21121_1e9e7540,1.0
21204_96d26a7f,23155_d7305c5f,1.0
21204_96d26a7f,23101_6aec02ee,1.0
22259_613f9d44,23178_eb4b4280,1.0
22259_613f9d44,22057_4947db57,1.0
22259_613f9d44,21831_54ca67d1,1.0
22259_613f9d44,23259_d655fcc1,1.0
22259_613f9d44,21497_9833a679,1.0
20520_7e357152,20421_49bd1188,1.0
20520_7e357152,20389_c835706f,1.0
20520_7e357152,20421_38b63ca5,1.0
20520_7e357152,22035_101c7ab4,0.7999999999999999
20520_7e357152,22040_6461a147,0.7999999999999999
20802_802b7d69,20810_f6674f2d,1.0
20802_802b7d69,22073_951645ae,0.7999999999999999
20802_802b7d69,21062_c4ed6d45,0.7999999999999999
20802_802b7d69,20951_2918f2fa,0.7999999999999999
20802_802b7d69,23218_02d26ab4,0.7999999999999999
20392_8b23d193,20193_2da4f0a0,1.0
20392_8b23d193,20488_589ac9c0,1.0
20392_8b23d193,20495_e8e7e80c,1.0
20392_8b23d193,20429_4c909f3f,1.0
20392_8b23d193,20259_de1ab632,1.0
22178_976d2411,22377_d490f505,1.0
22178_976d2411,21848_0fff9631,1.0
22178_976d2411,22891_b8c84495,1.0
22178_976d2411,23199_75dc1efd,1.0
22178_976d2411,22378_234fea2c,1.0
22710_77324fc2,22162_439af02a,1.0
22710_77324fc2,21390_4d1e2d9c,1.0
22710_77324fc2,23380_abffc859,1.0
22710_77324fc2,21563_c72d37a2,1.0
22710_77324fc2,22085_e039a7d3,1.0
20245_f1b25d43,20745_3e22ad07,1.0
20245_f1b25d43,22417_4a15d62e,1.0
20245_f1b25d43,22576_d05619d1,0.7999999999999999
20245_f1b25d43,23233_ac09e2e5,0.7999999999999999
20245_f1b25d43,22428_c1ffa51a,0.7999999999999999
22617_a286f13c,22162_439af02a,1.0
22617_a286f13c,21390_4d1e2d9c,1.0
22617_a286f13c,23380_abffc859,1.0
22617_a286f13c,21563_c72d37a2,1.0
22617_a286f13c,22085_e039a7d3,1.0
23233_ac09e2e5,22421_19401bdd,1.0
23233_ac09e2e5,21805_2ba39d00,1.0
23233_ac09e2e5,21121_1e9e7540,1.0
23233_ac09e2e5,23155_d7305c5f,1.0
23233_ac09e2e5,23101_6aec02ee,1.0
21469_abec26c4,23158_c7e753c2,0.7999999999999999
21469_abec26c4,20804_0dcacc66,0.7999999999999999
21469_abec26c4,23006_92c5b990,0.7999999999999999
21469_abec26c4,20958_94222947,0.7999999999999999
21469_abec26c4,21761_fdb5f86d,0.7999999999999999
22413_901f5867,23226_8d1b5098,1.0
22413_901f5867,23123_f35404c4,1.0
22413_901f5867,21741_c6faf98e,1.0
22413_901f5867,23282_a1b17daa,1.0
22413_901f5867,23162_7e2f3d77,1.0
22061_b50b6b66,23366_cc0bc28e,0.7999999999999999
22061_b50b6b66,22011_0832eefe,0.7999999999999999
22061_b50b6b66,21695_1f33863f,0.7999999999999999
22061_b50b6b66,21625_d5d4c9a7,0.7999999999999999
22061_b50b6b66,22224_1e749c32,0.7999999999999999
23475_b14d1dc8,22162_439af02a,1.0
23475_b14d1dc8,21390_4d1e2d9c,1.0
23475_b14d1dc8,23380_abffc859,1.0
23475_b14d1dc8,21563_c72d37a2,1.0
23475_b14d1dc8,22085_e039a7d3,1.0
20787_ed64ff5e,22787_49022c32,0.7999999999999999
20787_ed64ff5e,23123_f35404c4,0.7999999999999999
20787_ed64ff5e,21718_1551037b,0.7999999999999999
20787_ed64ff5e,22670_9353c710,0.7999999999999999
20787_ed64ff5e,22079_31335df2,0.7999999999999999
20746_57a7b346,22910_97f0cc18,1.0
20746_57a7b346,23495_6366269c,1.0
20746_57a7b346,22890_4ecfa491,1.0
20746_57a7b346,22900_09de4c7a,1.0
20746_57a7b346,20668_b2f2633e,1.0
23219_40625e2c,23244_34b5f55e,1.0
23219_40625e2c,23211_3aac9c7e,1.0
23219_40625e2c,23210_f535bfd2,1.0
23219_40625e2c,23218_02d26ab4,1.0
23219_40625e2c,23236_d5867507,1.0
22311_553b3456,23178_eb4b4280,1.0
22311_553b3456,22057_4947db57,1.0
22311_553b3456,21831_54ca67d1,1.0
22311_553b3456,23259_d655fcc1,1.0
22311_553b3456,21497_9833a679,1.0
22017_6d3be48d,22162_439af02a,1.0
22017_6d3be48d,21390_4d1e2d9c,1.0
22017_6d3be48d,23380_abffc859,1.0
22017_6d3be48d,21563_c72d37a2,1.0
22017_6d3be48d,22085_e039a7d3,1.0
21091_bbf490e7,22162_439af02a,1.0
21091_bbf490e7,21390_4d1e2d9c,1.0
21091_bbf490e7,23380_abffc859,1.0
21091_bbf490e7,21563_c72d37a2,1.0
21091_bbf490e7,22085_e039a7d3,1.0
23480_3f7a8d50,22162_439af02a,1.0
23480_3f7a8d50,21390_4d1e2d9c,1.0
23480_3f7a8d50,23380_abffc859,1.0
23480_3f7a8d50,21563_c72d37a2,1.0
23480_3f7a8d50,22085_e039a7d3,1.0
20814_5a2be0fb,23158_c7e753c2,0.7999999999999999
20814_5a2be0fb,20804_0dcacc66,0.7999999999999999
20814_5a2be0fb,23006_92c5b990,0.7999999999999999
20814_5a2be0fb,20958_94222947,0.7999999999999999
20814_5a2be0fb,21761_fdb5f86d,0.7999999999999999
22654_4c426b0f,22095_af226cbc,0.7999999999999999
22654_4c426b0f,23127_38d73061,0.7999999999999999
22654_4c426b0f,21133_f9a1614e,0.7999999999999999
22654_4c426b0f,22762_dcbdd14d,0.7999999999999999
22654_4c426b0f,23221_42f37ae3,0.7999999999999999
21594_428d32af,20176_a02bde39,0.7999999999999999
21594_428d32af,22577_cd96733e,0.7999999999999999
21594_428d32af,22066_308cdcfe,0.7999999999999999
21594_428d32af,23305_2662b29a,0.7999999999999999
21594_428d32af,23363_60e39812,0.7999999999999999
22270_c6999138,22377_d490f505,1.0
22270_c6999138,21848_0fff9631,1.0
22270_c6999138,22891_b8c84495,1.0
22270_c6999138,23199_75dc1efd,1.0
22270_c6999138,22378_234fea2c,1.0
21062_c4ed6d45,22377_d490f505,1.0
21062_c4ed6d45,21848_0fff9631,1.0
21062_c4ed6d45,22891_b8c84495,1.0
21062_c4ed6d45,23199_75dc1efd,1.0
21062_c4ed6d45,22378_234fea2c,1.0
21816_3891a442,22162_439af02a,1.0
21816_3891a442,21390_4d1e2d9c,1.0
21816_3891a442,23380_abffc859,1.0
21816_3891a442,21563_c72d37a2,1.0
21816_3891a442,22085_e039a7d3,1.0
21912_3f74887c,20176_a02bde39,0.7999999999999999
21912_3f74887c,22577_cd96733e,0.7999999999999999
21912_3f74887c,22066_308cdcfe,0.7999999999999999
21912_3f74887c,23305_2662b29a,0.7999999999999999
21912_3f74887c,23363_60e39812,0.7999999999999999
22577_cd96733e,22162_439af02a,1.0
22577_cd96733e,21390_4d1e2d9c,1.0
22577_cd96733e,23380_abffc859,1.0
22577_cd96733e,21563_c72d37a2,1.0
22577_cd96733e,22085_e039a7d3,1.0
21590_7d092186,23043_c0827516,1.0
21590_7d092186,20176_a02bde39,0.7999999999999999
21590_7d092186,21912_3f74887c,0.7999999999999999
21590_7d092186,22066_308cdcfe,0.7999999999999999
21590_7d092186,23305_2662b29a,0.7999999999999999
21647_6b6cca6f,23419_ea47995f,0.7999999999999999
21647_6b6cca6f,20546_87dbd755,0.7999999999999999
21647_6b6cca6f,21316_69ed56f5,0.7999999999999999
21647_6b6cca6f,22028_776fbf0d,0.7999999999999999
21647_6b6cca6f,22717_08784417,0.7999999999999999
20342_c140780b,20193_2da4f0a0,1.0
20342_c140780b,20291_42287610,1.0
20342_c140780b,20495_e8e7e80c,1.0
20342_c140780b,20429_4c909f3f,1.0
20342_c140780b,20259_de1ab632,1.0
21982_bdafa78d,23178_eb4b4280,1.0
21982_bdafa78d,22057_4947db57,1.0
21982_bdafa78d,21831_54ca67d1,1.0
21982_bdafa78d,23259_d655fcc1,1.0
21982_bdafa78d,21497_9833a679,1.0
20232_e5b060d9,23158_c7e753c2,0.7999999999999999
20232_e5b060d9,20804_0dcacc66,0.7999999999999999
20232_e5b060d9,23006_92c5b990,0.7999999999999999
20232_e5b060d9,20958_94222947,0.7999999999999999
20232_e5b060d9,21761_fdb5f86d,0.7999999999999999
22852_dc1dbed6,22162_439af02a,1.0
22852_dc1dbed6,21390_4d1e2d9c,1.0
22852_dc1dbed6,23380_abffc859,1.0
22852_dc1dbed6,21563_c72d37a2,1.0
22852_dc1dbed6,22085_e039a7d3,1.0
22666_bdaa1303,20176_a02bde39,0.7999999999999999
22666_bdaa1303,21912_3f74887c,0.7999999999999999
22666_bdaa1303,22066_308cdcfe,0.7999999999999999
22666_bdaa1303,23305_2662b29a,0.7999999999999999
22666_bdaa1303,23363_60e39812,0.7999999999999999
21977_ce9f4e71,22428_c1ffa51a,1.0
21977_ce9f4e71,23154_7c74d190,1.0
21977_ce9f4e71,21849_a5f563a6,1.0
21977_ce9f4e71,21805_2ba39d00,1.0
21977_ce9f4e71,21182_a480d230,1.0
22404_66db7dd7,22787_49022c32,0.7999999999999999
22404_66db7dd7,23282_a1b17daa,0.7999999999999999
22404_66db7dd7,21718_1551037b,0.7999999999999999
22404_66db7dd7,22670_9353c710,0.7999999999999999
22404_66db7dd7,22079_31335df2,0.7999999999999999
22374_aa5bb54d,22377_d490f505,1.0
22374_aa5bb54d,21848_0fff9631,1.0
22374_aa5bb54d,22891_b8c84495,1.0
22374_aa5bb54d,23199_75dc1efd,1.0
22374_aa5bb54d,22378_234fea2c,1.0
22907_ff18dbd5,22377_d490f505,1.0
22907_ff18dbd5,21848_0fff9631,1.0
22907_ff18dbd5,22891_b8c84495,1.0
22907_ff18dbd5,23199_75dc1efd,1.0
22907_ff18dbd5,22378_234fea2c,1.0
20801_0796e2ee,22377_d490f505,1.0
20801_0796e2ee,21848_0fff9631,1.0
20801_0796e2ee,22891_b8c84495,1.0
20801_0796e2ee,23199_75dc1efd,1.0
20801_0796e2ee,22378_234fea2c,1.0
22045_ead71aca,22162_439af02a,1.0
22045_ead71aca,21390_4d1e2d9c,1.0
22045_ead71aca,23380_abffc859,1.0
22045_ead71aca,21563_c72d37a2,1.0
22045_ead71aca,22085_e039a7d3,1.0
23339_87a4d11f,22377_d490f505,1.0
23339_87a4d11f,21848_0fff9631,1.0
23339_87a4d11f,22891_b8c84495,1.0
23339_87a4d11f,23199_75dc1efd,1.0
23339_87a4d11f,22378_234fea2c,1.0
22095_af226cbc,23178_eb4b4280,1.0
22095_af226cbc,22057_4947db57,1.0
22095_af226cbc,21831_54ca67d1,1.0
22095_af226cbc,23259_d655fcc1,1.0
22095_af226cbc,21497_9833a679,1.0
23442_28996649,22377_d490f505,1.0
23442_28996649,21848_0fff9631,1.0
23442_28996649,22891_b8c84495,1.0
23442_28996649,23199_75dc1efd,1.0
23442_28996649,22378_234fea2c,1.0
23028_2ca87745,22162_439af02a,1.0
23028_2ca87745,21390_4d1e2d9c,1.0
23028_2ca87745,23380_abffc859,1.0
23028_2ca87745,21563_c72d37a2,1.0
23028_2ca87745,22085_e039a7d3,1.0
21573_31a18ad0,22377_d490f505,1.0
21573_31a18ad0,21848_0fff9631,1.0
21573_31a18ad0,22891_b8c84495,1.0
21573_31a18ad0,23199_75dc1efd,1.0
21573_31a18ad0,22378_234fea2c,1.0
20592_573e41b2,22162_439af02a,1.0
20592_573e41b2,21377_19909a40,1.0
20592_573e41b2,23214_0c411aa1,1.0
20592_573e41b2,23380_abffc859,1.0
20592_573e41b2,21563_c72d37a2,1.0
22899_5b97e4f5,22377_d490f505,1.0
22899_5b97e4f5,21848_0fff9631,1.0
22899_5b97e4f5,22891_b8c84495,1.0
22899_5b97e4f5,23199_75dc1efd,1.0
22899_5b97e4f5,22378_234fea2c,1.0
22062_2d6b3b72,21625_d5d4c9a7,1.0
22062_2d6b3b72,21695_1f33863f,1.0
22062_2d6b3b72,22224_1e749c32,1.0
22062_2d6b3b72,23238_3c864758,1.0
22062_2d6b3b72,23366_cc0bc28e,1.0
22040_6461a147,22778_7d85debd,1.0
22040_6461a147,21923_41fa6eda,1.0
22040_6461a147,22092_897b0ffa,1.0
22040_6461a147,22011_0832eefe,1.0
22040_6461a147,20899_a8d7c6d5,0.7999999999999999
20293_a1999339,20500_e88d8065,1.0
20293_a1999339,20533_0a3e112b,1.0
20293_a1999339,20165_2b088be5,1.0
20293_a1999339,20622_38dd90d0,1.0
20293_a1999339,20260_4a01a99d,1.0
22910_97f0cc18,22442_7d5c5d5f,1.0
22910_97f0cc18,23048_8a1a5553,1.0
22910_97f0cc18,22890_4ecfa491,1.0
22910_97f0cc18,22900_09de4c7a,1.0
22910_97f0cc18,20746_57a7b346,1.0
20934_fe7fbd78,22053_de30641b,0.7999999999999999
20934_fe7fbd78,21614_5d6afa62,0.7999999999999999
20934_fe7fbd78,21051_5d118b91,0.7999999999999999
20934_fe7fbd78,21469_abec26c4,0.7999999999999999
20934_fe7fbd78,20467_f1fcc009,0.7999999999999999
23379_636204a6,21224_18ba4aba,1.0
23379_636204a6,23480_3f7a8d50,1.0
23379_636204a6,23213_3df3cb34,1.0
23379_636204a6,23505_161e8ec5,1.0
23379_636204a6,20849_9821b6fe,1.0
20803_473c87ac,22377_d490f505,1.0
20803_473c87ac,21848_0fff9631,1.0
20803_473c87ac,22891_b8c84495,1.0
20803_473c87ac,23199_75dc1efd,1.0
20803_473c87ac,22378_234fea2c,1.0
22323_aa6edb8b,20176_a02bde39,0.7999999999999999
22323_aa6edb8b,22228_1c82530b,0.7999999999999999
22323_aa6edb8b,23008_3d1bb7b2,0.7999999999999999
22323_aa6edb8b,23045_a8c4e4bc,0.7999999999999999
22323_aa6edb8b,21706_adfb2ece,0.7999999999999999
22242_4ceddc2b,21859_35124f79,0.7999999999999999
22242_4ceddc2b,23161_e7f63a9f,0.7999999999999999
22242_4ceddc2b,22533_e7298b05,0.7999999999999999
22242_4ceddc2b,23144_88ca00a5,0.7999999999999999
22242_4ceddc2b,23226_8d1b5098,0.7999999999999999
23271_f833d903,23226_8d1b5098,1.0
23271_f833d903,23123_f35404c4,1.0
23271_f833d903,21741_c6faf98e,1.0
23271_f833d903,23282_a1b17daa,1.0
23271_f833d903,23162_7e2f3d77,1.0
23121_cbdf3ebc,21224_18ba4aba,1.0
23121_cbdf3ebc,23480_3f7a8d50,1.0
23121_cbdf3ebc,23213_3df3cb34,1.0
23121_cbdf3ebc,23505_161e8ec5,1.0
23121_cbdf3ebc,20849_9821b6fe,1.0
21519_3e869afd,21700_28d193ac,0.7999999999999999
21519_3e869afd,21425_d0d47a2a,0.7999999999999999
21519_3e869afd,22076_20e8a107,0.7999999999999999
21519_3e869afd,21809_8bd6b10e,0.7999999999999999
21519_3e869afd,21005_9feee615,0.7999999999999999
23008_3d1bb7b2,21224_18ba4aba,1.0
23008_3d1bb7b2,23480_3f7a8d50,1.0
23008_3d1bb7b2,23213_3df3cb34,1.0
23008_3d1bb7b2,23505_161e8ec5,1.0
23008_3d1bb7b2,20849_9821b6fe,1.0
20500_e88d8065,20293_a1999339,1.0
20500_e88d8065,20533_0a3e112b,1.0
20500_e88d8065,20165_2b088be5,1.0
20500_e88d8065,20622_38dd90d0,1.0
20500_e88d8065,20260_4a01a99d,1.0
22155_ab18f2b6,23178_eb4b4280,1.0
22155_ab18f2b6,22057_4947db57,1.0
22155_ab18f2b6,21831_54ca67d1,1.0
22155_ab18f2b6,23259_d655fcc1,1.0
22155_ab18f2b6,21497_9833a679,1.0
20430_975b8dcf,21700_28d193ac,0.7999999999999999
20430_975b8dcf,21425_d0d47a2a,0.7999999999999999
20430_975b8dcf,22076_20e8a107,0.7999999999999999
20430_975b8dcf,21809_8bd6b10e,0.7999999999999999
20430_975b8dcf,21005_9feee615,0.7999999999999999
20647_cea2e07c,22377_d490f505,1.0
20647_cea2e07c,21614_5d6afa62,1.0
20647_cea2e07c,21619_19435db0,1.0
20647_cea2e07c,22014_5880c417,1.0
20647_cea2e07c,21630_316322ff,1.0
22894_5f7c276d,22428_c1ffa51a,1.0
22894_5f7c276d,21300_ec7da33e,1.0
22894_5f7c276d,22278_12f1fb79,1.0
22894_5f7c276d,21805_2ba39d00,1.0
22894_5f7c276d,21182_a480d230,1.0
23440_5956321f,22377_d490f505,1.0
23440_5956321f,21614_5d6afa62,1.0
23440_5956321f,21619_19435db0,1.0
23440_5956321f,22014_5880c417,1.0
23440_5956321f,21630_316322ff,1.0
22508_6bb410af,21448_5646a1b6,1.0
22508_6bb410af,20807_88c198d5,1.0
22508_6bb410af,22136_a539c50b,1.0
22508_6bb410af,21665_2e14b6ff,1.0
22508_6bb410af,22304_33009be6,1.0
21549_18160a0a,21224_18ba4aba,1.0
21549_18160a0a,23480_3f7a8d50,1.0
21549_18160a0a,23213_3df3cb34,1.0
21549_18160a0a,23505_161e8ec5,1.0
21549_18160a0a,20849_9821b6fe,1.0
21941_1a683ec2,22242_4ceddc2b,0.7999999999999999
21941_1a683ec2,22787_49022c32,0.6
21941_1a683ec2,22581_406c16c4,0.6
21941_1a683ec2,21741_c6faf98e,0.6
21941_1a683ec2,22056_79373464,0.6
22761_ca309655,23178_eb4b4280,1.0
22761_ca309655,22057_4947db57,1.0
22761_ca309655,21831_54ca67d1,1.0
22761_ca309655,23259_d655fcc1,1.0
22761_ca309655,21497_9833a679,1.0
23221_42f37ae3,23178_eb4b4280,1.0
23221_42f37ae3,22057_4947db57,1.0
23221_42f37ae3,21831_54ca67d1,1.0
23221_42f37ae3,23259_d655fcc1,1.0
23221_42f37ae3,21497_9833a679,1.0
22360_42cd6a21,22428_c1ffa51a,1.0
22360_42cd6a21,21300_ec7da33e,1.0
22360_42cd6a21,21805_2ba39d00,1.0
22360_42cd6a21,21182_a480d230,1.0
22360_42cd6a21,21081_72fa4ad1,1.0
21140_8d150c65,22377_d490f505,1.0
21140_8d150c65,21848_0fff9631,1.0
21140_8d150c65,22891_b8c84495,1.0
21140_8d150c65,23199_75dc1efd,1.0
21140_8d150c65,22378_234fea2c,1.0
22232_cb53774e,20176_a02bde39,0.7999999999999999
22232_cb53774e,22228_1c82530b,0.7999999999999999
22232_cb53774e,20797_78b83489,0.7999999999999999
22232_cb53774e,23008_3d1bb7b2,0.7999999999999999
22232_cb53774e,23045_a8c4e4bc,0.7999999999999999
23331_192866b6,21224_18ba4aba,1.0
23331_192866b6,23480_3f7a8d50,1.0
23331_192866b6,23213_3df3cb34,1.0
23331_192866b6,23505_161e8ec5,1.0
23331_192866b6,20849_9821b6fe,1.0
23378_8d6426ae,22428_c1ffa51a,1.0
23378_8d6426ae,21300_ec7da33e,1.0
23378_8d6426ae,21805_2ba39d00,1.0
23378_8d6426ae,21182_a480d230,1.0
23378_8d6426ae,21081_72fa4ad1,1.0
23505_161e8ec5,21224_18ba4aba,1.0
23505_161e8ec5,23480_3f7a8d50,1.0
23505_161e8ec5,23213_3df3cb34,1.0
23505_161e8ec5,23331_192866b6,1.0
23505_161e8ec5,20849_9821b6fe,1.0
23239_ba13cf5e,22377_d490f505,1.0
23239_ba13cf5e,21848_0fff9631,1.0
23239_ba13cf5e,22891_b8c84495,1.0
23239_ba13cf5e,23199_75dc1efd,1.0
23239_ba13cf5e,22378_234fea2c,1.0
23251_3eb3d2e6,22442_7d5c5d5f,1.0
23251_3eb3d2e6,23048_8a1a5553,1.0
23251_3eb3d2e6,22890_4ecfa491,1.0
23251_3eb3d2e6,22900_09de4c7a,1.0
23251_3eb3d2e6,20746_57a7b346,1.0
21133_f9a1614e,23178_eb4b4280,1.0
21133_f9a1614e,22057_4947db57,1.0
21133_f9a1614e,21831_54ca67d1,1.0
21133_f9a1614e,23259_d655fcc1,1.0
21133_f9a1614e,21497_9833a679,1.0
22081_ab3124af,22442_7d5c5d5f,1.0
22081_ab3124af,23048_8a1a5553,1.0
22081_ab3124af,22890_4ecfa491,1.0
22081_ab3124af,22900_09de4c7a,1.0
22081_ab3124af,20746_57a7b346,1.0
21275_c8049742,21224_18ba4aba,1.0
21275_c8049742,23480_3f7a8d50,1.0
21275_c8049742,23213_3df3cb34,1.0
21275_c8049742,23331_192866b6,1.0
21275_c8049742,20849_9821b6fe,1.0
21961_1a090a8b,23178_eb4b4280,1.0
21961_1a090a8b,22057_4947db57,1.0
21961_1a090a8b,21831_54ca67d1,1.0
21961_1a090a8b,23259_d655fcc1,1.0
21961_1a090a8b,21497_9833a679,1.0
22056_79373464,23226_8d1b5098,1.0
22056_79373464,23123_f35404c4,1.0
22056_79373464,21741_c6faf98e,1.0
22056_79373464,23282_a1b17daa,1.0
22056_79373464,23162_7e2f3d77,1.0
22843_cb38a007,22377_d490f505,1.0
22843_cb38a007,21848_0fff9631,1.0
22843_cb38a007,22891_b8c84495,1.0
22843_cb38a007,23199_75dc1efd,1.0
22843_cb38a007,22378_234fea2c,1.0
21121_1e9e7540,22421_19401bdd,1.0
21121_1e9e7540,21805_2ba39d00,1.0
21121_1e9e7540,21081_72fa4ad1,1.0
21121_1e9e7540,23155_d7305c5f,1.0
21121_1e9e7540,23101_6aec02ee,1.0
21182_a480d230,22421_19401bdd,1.0
21182_a480d230,21805_2ba39d00,1.0
21182_a480d230,21081_72fa4ad1,1.0
21182_a480d230,23155_d7305c5f,1.0
21182_a480d230,23101_6aec02ee,1.0
22418_2722dfe8,20176_a02bde39,0.7999999999999999
22418_2722dfe8,21275_c8049742,0.7999999999999999
22418_2722dfe8,20797_78b83489,0.7999999999999999
22418_2722dfe8,23008_3d1bb7b2,0.7999999999999999
22418_2722dfe8,23045_a8c4e4bc,0.7999999999999999
21357_9edfc0a0,22377_d490f505,1.0
21357_9edfc0a0,21848_0fff9631,1.0
21357_9edfc0a0,22891_b8c84495,1.0
21357_9edfc0a0,23199_75dc1efd,1.0
21357_9edfc0a0,22378_234fea2c,1.0
21185_ac5324ba,21625_d5d4c9a7,1.0
21185_ac5324ba,21695_1f33863f,1.0
21185_ac5324ba,22224_1e749c32,1.0
21185_ac5324ba,23238_3c864758,1.0
21185_ac5324ba,22681_124bf3a9,1.0
23156_7788f78a,23161_e7f63a9f,1.0
23156_7788f78a,22405_20f11d58,0.7999999999999999
23156_7788f78a,23002_4d53fb3f,0.7999999999999999
23156_7788f78a,23495_6366269c,0.7999999999999999
23156_7788f78a,20668_b2f2633e,0.7999999999999999
23162_7e2f3d77,23226_8d1b5098,1.0
23162_7e2f3d77,23123_f35404c4,1.0
23162_7e2f3d77,21741_c6faf98e,1.0
23162_7e2f3d77,23282_a1b17daa,1.0
23162_7e2f3d77,22056_79373464,1.0
21838_5bc448b4,22421_19401bdd,1.0
21838_5bc448b4,21182_a480d230,1.0
21838_5bc448b4,21081_72fa4ad1,1.0
21838_5bc448b4,23155_d7305c5f,1.0
21838_5bc448b4,23101_6aec02ee,1.0
20688_955aae0c,21008_a3fec63b,1.0
20688_955aae0c,22418_2722dfe8,0.7999999999999999
20688_955aae0c,22085_e039a7d3,0.7999999999999999
20688_955aae0c,22666_bdaa1303,0.7999999999999999
20688_955aae0c,23174_8ef93daf,0.7999999999999999
20419_8ce893b6,22414_14ead4a3,0.7999999999999999
20419_8ce893b6,21828_21ab2114,0.7999999999999999
20419_8ce893b6,20225_4ce6d59b,0.7999999999999999
20419_8ce893b6,22638_37f9fe91,0.7999999999999999
20419_8ce893b6,20502_58b65de9,0.7999999999999999
23495_6366269c,22442_7d5c5d5f,1.0
23495_6366269c,21918_976c2754,1.0
23495_6366269c,22900_09de4c7a,1.0
23495_6366269c,20746_57a7b346,1.0
23495_6366269c,20668_b2f2633e,1.0
22334_677d00e0,22418_2722dfe8,0.7999999999999999
22334_677d00e0,20779_fc5a7c3d,0.7999999999999999
22334_677d00e0,20322_daa5c577,0.7999999999999999
22334_677d00e0,21531_79015e13,0.7999999999999999
22334_677d00e0,22778_7d85debd,0.7999999999999999
20643_71ad3d26,22421_19401bdd,1.0
20643_71ad3d26,21182_a480d230,1.0
20643_71ad3d26,21081_72fa4ad1,1.0
20643_71ad3d26,23155_d7305c5f,1.0
20643_71ad3d26,23101_6aec02ee,1.0
22839_113f2990,22377_d490f505,1.0
22839_113f2990,21848_0fff9631,1.0
22839_113f2990,22891_b8c84495,1.0
22839_113f2990,23199_75dc1efd,1.0
22839_113f2990,22378_234fea2c,1.0
20804_0dcacc66,22377_d490f505,1.0
20804_0dcacc66,21848_0fff9631,1.0
20804_0dcacc66,22891_b8c84495,1.0
20804_0dcacc66,23199_75dc1efd,1.0
20804_0dcacc66,22378_234fea2c,1.0
21353_4686c90c,22377_d490f505,1.0
21353_4686c90c,21848_0fff9631,1.0
21353_4686c90c,22891_b8c84495,1.0
21353_4686c90c,23199_75dc1efd,1.0
21353_4686c90c,22378_234fea2c,1.0
23236_d5867507,23244_34b5f55e,1.0
23236_d5867507,23209_1592b0a4,1.0
23236_d5867507,23211_3aac9c7e,1.0
23236_d5867507,23218_02d26ab4,1.0
23236_d5867507,23219_40625e2c,1.0
22070_fd1b8e5e,22421_19401bdd,1.0
22070_fd1b8e5e,21182_a480d230,1.0
22070_fd1b8e5e,21081_72fa4ad1,1.0
22070_fd1b8e5e,23155_d7305c5f,1.0
22070_fd1b8e5e,23101_6aec02ee,1.0
20899_a8d7c6d5,20163_3742f394,1.0
20899_a8d7c6d5,21202_e452c491,1.0
20899_a8d7c6d5,20511_e1b972aa,1.0
20899_a8d7c6d5,20408_b4fda9eb,1.0
20899_a8d7c6d5,20281_a29f9a18,1.0
22415_658c81dd,23419_ea47995f,0.7999999999999999
22415_658c81dd,21647_6b6cca6f,0.7999999999999999
22415_658c81dd,21316_69ed56f5,0.7999999999999999
22415_658c81dd,22028_776fbf0d,0.7999999999999999
22415_658c81dd,22717_08784417,0.7999999999999999
20551_ff28a959,21448_5646a1b6,1.0
20551_ff28a959,20807_88c198d5,1.0
20551_ff28a959,22136_a539c50b,1.0
20551_ff28a959,21665_2e14b6ff,1.0
20551_ff28a959,22304_33009be6,1.0
23434_6635ed57,21224_18ba4aba,1.0
23434_6635ed57,20823_f144e996,1.0
23434_6635ed57,20797_78b83489,1.0
23434_6635ed57,23213_3df3cb34,1.0
23434_6635ed57,23331_192866b6,1.0
23320_e0711ae9,23178_eb4b4280,1.0
23320_e0711ae9,22057_4947db57,1.0
23320_e0711ae9,21831_54ca67d1,1.0
23320_e0711ae9,23259_d655fcc1,1.0
23320_e0711ae9,21497_9833a679,1.0
20892_b1f89c8d,21224_18ba4aba,1.0
20892_b1f89c8d,20823_f144e996,1.0
20892_b1f89c8d,20797_78b83489,1.0
20892_b1f89c8d,23213_3df3cb34,1.0
20892_b1f89c8d,23331_192866b6,1.0
21761_fdb5f86d,22377_d490f505,1.0
21761_fdb5f86d,21848_0fff9631,1.0
21761_fdb5f86d,22891_b8c84495,1.0
21761_fdb5f86d,23199_75dc1efd,1.0
21761_fdb5f86d,22378_234fea2c,1.0
22778_7d85debd,21923_41fa6eda,1.0
22778_7d85debd,22040_6461a147,1.0
22778_7d85debd,22092_897b0ffa,1.0
22778_7d85debd,22011_0832eefe,1.0
22778_7d85debd,22418_2722dfe8,0.7999999999999999
20958_94222947,20671_33532794,1.0
20958_94222947,23096_7da0f913,1.0
20958_94222947,21533_8837772a,1.0
20958_94222947,23406_1d36b046,0.7999999999999999
20958_94222947,20495_e8e7e80c,0.7999999999999999
23006_92c5b990,22377_d490f505,1.0
23006_92c5b990,21848_0fff9631,1.0
23006_92c5b990,22891_b8c84495,1.0
23006_92c5b990,23199_75dc1efd,1.0
23006_92c5b990,22378_234fea2c,1.0
20705_ac2a0325,22377_d490f505,1.0
20705_ac2a0325,21848_0fff9631,1.0
20705_ac2a0325,22891_b8c84495,1.0
20705_ac2a0325,23199_75dc1efd,1.0
20705_ac2a0325,22378_234fea2c,1.0
22919_3ee91d1a,22418_2722dfe8,0.7999999999999999
22919_3ee91d1a,20899_a8d7c6d5,0.7999999999999999
22919_3ee91d1a,21531_79015e13,0.7999999999999999
22919_3ee91d1a,22778_7d85debd,0.7999999999999999
22919_3ee91d1a,22383_e5f707a7,0.7999999999999999
23342_7193a931,23239_ba13cf5e,0.7999999999999999
23342_7193a931,22839_113f2990,0.7999999999999999
23342_7193a931,20958_94222947,0.7999999999999999
23342_7193a931,21761_fdb5f86d,0.7999999999999999
23342_7193a931,20231_f54462bb,0.7999999999999999
21563_c72d37a2,21224_18ba4aba,1.0
21563_c72d37a2,20823_f144e996,1.0
21563_c72d37a2,20797_78b83489,1.0
21563_c72d37a2,23213_3df3cb34,1.0
21563_c72d37a2,23331_192866b6,1.0
23214_0c411aa1,21224_18ba4aba,1.0
23214_0c411aa1,20823_f144e996,1.0
23214_0c411aa1,20797_78b83489,1.0
23214_0c411aa1,23213_3df3cb34,1.0
23214_0c411aa1,23331_192866b6,1.0
21619_19435db0,22377_d490f505,1.0
21619_19435db0,21848_0fff9631,1.0
21619_19435db0,22891_b8c84495,1.0
21619_19435db0,23199_75dc1efd,1.0
21619_19435db0,22378_234fea2c,1.0
22900_09de4c7a,22442_7d5c5d5f,1.0
22900_09de4c7a,23495_6366269c,1.0
22900_09de4c7a,22890_4ecfa491,1.0
22900_09de4c7a,20746_57a7b346,1.0
22900_09de4c7a,20668_b2f2633e,1.0
21570_9cb1d1c4,23239_ba13cf5e,0.7999999999999999
21570_9cb1d1c4,22839_113f2990,0.7999999999999999
21570_9cb1d1c4,20958_94222947,0.7999999999999999
21570_9cb1d1c4,21761_fdb5f86d,0.7999999999999999
21570_9cb1d1c4,20231_f54462bb,0.7999999999999999
21051_5d118b91,22377_d490f505,1.0
21051_5d118b91,21848_0fff9631,1.0
21051_5d118b91,22891_b8c84495,1.0
21051_5d118b91,23199_75dc1efd,1.0
21051_5d118b91,22378_234fea2c,1.0
21614_5d6afa62,22377_d490f505,1.0
21614_5d6afa62,21848_0fff9631,1.0
21614_5d6afa62,22891_b8c84495,1.0
21614_5d6afa62,23199_75dc1efd,1.0
21614_5d6afa62,22378_234fea2c,1.0
21974_1997ebc3,21224_18ba4aba,1.0
21974_1997ebc3,20823_f144e996,1.0
21974_1997ebc3,20797_78b83489,1.0
21974_1997ebc3,23213_3df3cb34,1.0
21974_1997ebc3,23331_192866b6,1.0
22652_dc7405ef,22027_11a2e852,0.7999999999999999
22652_dc7405ef,23467_9f431540,0.7999999999999999
22652_dc7405ef,21352_c1101acb,0.7999999999999999
22652_dc7405ef,21081_72fa4ad1,0.7999999999999999
22652_dc7405ef,21204_96d26a7f,0.7999999999999999
20341_6a1588fb,23239_ba13cf5e,0.7999999999999999
20341_6a1588fb,22839_113f2990,0.7999999999999999
20341_6a1588fb,20958_94222947,0.7999999999999999
20341_6a1588fb,21761_fdb5f86d,0.7999999999999999
20341_6a1588fb,20231_f54462bb,0.7999999999999999
21426_51651a10,22377_d490f505,1.0
21426_51651a10,21848_0fff9631,1.0
21426_51651a10,22891_b8c84495,1.0
21426_51651a10,23199_75dc1efd,1.0
21426_51651a10,22378_234fea2c,1.0
22298_51433023,23226_8d1b5098,1.0
22298_51433023,23123_f35404c4,1.0
22298_51433023,21741_c6faf98e,1.0
22298_51433023,23282_a1b17daa,1.0
22298_51433023,22056_79373464,1.0
22491_a33562ad,23226_8d1b5098,1.0
22491_a33562ad,23123_f35404c4,1.0
22491_a33562ad,21741_c6faf98e,1.0
22491_a33562ad,23282_a1b17daa,1.0
22491_a33562ad,22056_79373464,1.0
20421_0fd51709,21685_93737a7a,1.0
20421_0fd51709,22027_11a2e852,1.0
20421_0fd51709,20477_633cca4f,1.0
20421_0fd51709,22417_4a15d62e,0.7999999999999999
20421_0fd51709,23467_9f431540,0.7999999999999999
23136_2b469508,23239_ba13cf5e,0.7999999999999999
23136_2b469508,22839_113f2990,0.7999999999999999
23136_2b469508,20958_94222947,0.7999999999999999
23136_2b469508,21761_fdb5f86d,0.7999999999999999
23136_2b469508,20231_f54462bb,0.7999999999999999
23168_7fdf5427,22421_19401bdd,1.0
23168_7fdf5427,21182_a480d230,1.0
23168_7fdf5427,21081_72fa4ad1,1.0
23168_7fdf5427,23155_d7305c5f,1.0
23168_7fdf5427,23101_6aec02ee,1.0
20841_1620ae7d,23163_7b143a6f,1.0
20841_1620ae7d,21848_0fff9631,1.0
20841_1620ae7d,22891_b8c84495,1.0
20841_1620ae7d,23199_75dc1efd,1.0
20841_1620ae7d,22378_234fea2c,1.0
20216_89b90993,20384_767d849a,1.0
20216_89b90993,20451_84d8b290,1.0
20216_89b90993,20989_885bd9b9,1.0
20216_89b90993,20451_557fe5cd,1.0
20216_89b90993,20989_a261efa3,1.0
20157_db99ab88,20414_a33bd0d7,1.0
20157_db99ab88,20504_c9e14c9d,1.0
20157_db99ab88,20141_b9376856,0.7999999999999999
20157_db99ab88,20511_e1b972aa,0.7999999999999999
20157_db99ab88,21048_75cc125c,0.7999999999999999
21329_1bfecd1d,22331_152ee5c0,1.0
21329_1bfecd1d,22027_11a2e852,0.7999999999999999
21329_1bfecd1d,21709_4dd88551,0.7999999999999999
21329_1bfecd1d,21979_29f59427,0.7999999999999999
21329_1bfecd1d,21352_c1101acb,0.7999999999999999
23403_e539620b,23163_7b143a6f,1.0
23403_e539620b,21848_0fff9631,1.0
23403_e539620b,22891_b8c84495,1.0
23403_e539620b,23199_75dc1efd,1.0
23403_e539620b,22378_234fea2c,1.0
22074_c0265b0d,21625_d5d4c9a7,1.0
22074_c0265b0d,21695_1f33863f,1.0
22074_c0265b0d,21048_75cc125c,1.0
22074_c0265b0d,22224_1e749c32,1.0
22074_c0265b0d,23238_3c864758,1.0
21281_6e562106,21224_18ba4aba,1.0
21281_6e562106,20823_f144e996,1.0
21281_6e562106,23035_6087bb57,1.0
21281_6e562106,20797_78b83489,1.0
21281_6e562106,23213_3df3cb34,1.0
21793_4ad5e2c0,23163_7b143a6f,1.0
21793_4ad5e2c0,21848_0fff9631,1.0
21793_4ad5e2c0,22891_b8c84495,1.0
21793_4ad5e2c0,23199_75dc1efd,1.0
21793_4ad5e2c0,22378_234fea2c,1.0
20319_9f53cd7c,22418_2722dfe8,0.7999999999999999
20319_9f53cd7c,20899_a8d7c6d5,0.7999999999999999
20319_9f53cd7c,21531_79015e13,0.7999999999999999
20319_9f53cd7c,22778_7d85debd,0.7999999999999999
20319_9f53cd7c,22383_e5f707a7,0.7999999999999999
23387_c4aa9424,23163_7b143a6f,1.0
23387_c4aa9424,21848_0fff9631,1.0
23387_c4aa9424,22891_b8c84495,1.0
23387_c4aa9424,23199_75dc1efd,1.0
23387_c4aa9424,22378_234fea2c,1.0
22892_68138f24,23178_eb4b4280,1.0
22892_68138f24,22057_4947db57,1.0
22892_68138f24,23259_d655fcc1,1.0
22892_68138f24,21497_9833a679,1.0
22892_68138f24,22245_ca848576,1.0
21300_ec7da33e,22421_19401bdd,1.0
21300_ec7da33e,21182_a480d230,1.0
21300_ec7da33e,21081_72fa4ad1,1.0
21300_ec7da33e,23155_d7305c5f,1.0
21300_ec7da33e,23101_6aec02ee,1.0
21805_2ba39d00,22421_19401bdd,1.0
21805_2ba39d00,21182_a480d230,1.0
21805_2ba39d00,21081_72fa4ad1,1.0
21805_2ba39d00,23155_d7305c5f,1.0
21805_2ba39d00,23101_6aec02ee,1.0
22442_7d5c5d5f,20870_dedaef5b,1.0
22442_7d5c5d5f,22900_09de4c7a,1.0
22442_7d5c5d5f,22405_20f11d58,1.0
22442_7d5c5d5f,21918_976c2754,1.0
22442_7d5c5d5f,22890_4ecfa491,1.0
21009_907a2a95,21224_18ba4aba,1.0
21009_907a2a95,20823_f144e996,1.0
21009_907a2a95,23035_6087bb57,1.0
21009_907a2a95,20797_78b83489,1.0
21009_907a2a95,23213_3df3cb34,1.0
21806_616e985a,23163_7b143a6f,1.0
21806_616e985a,21848_0fff9631,1.0
21806_616e985a,22891_b8c84495,1.0
21806_616e985a,23199_75dc1efd,1.0
21806_616e985a,22378_234fea2c,1.0
21352_d60bc953,22535_0ba01cc9,1.0
21352_d60bc953,22787_49022c32,0.7999999999999999
21352_d60bc953,23123_f35404c4,0.7999999999999999
21352_d60bc953,21718_1551037b,0.7999999999999999
21352_d60bc953,22670_9353c710,0.7999999999999999
22886_a6331748,23178_eb4b4280,1.0
22886_a6331748,22057_4947db57,1.0
22886_a6331748,23259_d655fcc1,1.0
22886_a6331748,21497_9833a679,1.0
22886_a6331748,22245_ca848576,1.0
22142_7891a26a,23163_7b143a6f,1.0
22142_7891a26a,21848_0fff9631,1.0
22142_7891a26a,22891_b8c84495,1.0
22142_7891a26a,23199_75dc1efd,1.0
22142_7891a26a,22378_234fea2c,1.0
22331_152ee5c0,21329_1bfecd1d,1.0
22331_152ee5c0,22027_11a2e852,0.7999999999999999
22331_152ee5c0,23467_9f431540,0.7999999999999999
22331_152ee5c0,21352_c1101acb,0.7999999999999999
22331_152ee5c0,21081_72fa4ad1,0.7999999999999999
23128_cb135b1b,21009_907a2a95,1.0
23128_cb135b1b,22987_37973191,1.0
23128_cb135b1b,22586_ff3651b2,1.0
23128_cb135b1b,21496_f4025ad5,1.0
23128_cb135b1b,23305_2662b29a,1.0
22653_58d6287d,23163_7b143a6f,1.0
22653_58d6287d,21848_0fff9631,1.0
22653_58d6287d,22891_b8c84495,1.0
22653_58d6287d,23199_75dc1efd,1.0
22653_58d6287d,22378_234fea2c,1.0
23368_648717d8,22418_2722dfe8,0.7999999999999999
23368_648717d8,20899_a8d7c6d5,0.7999999999999999
23368_648717d8,21531_79015e13,0.7999999999999999
23368_648717d8,22778_7d85debd,0.7999999999999999
23368_648717d8,22383_e5f707a7,0.7999999999999999
23501_6c48b3c1,22418_2722dfe8,0.7999999999999999
23501_6c48b3c1,20899_a8d7c6d5,0.7999999999999999
23501_6c48b3c1,21531_79015e13,0.7999999999999999
23501_6c48b3c1,22778_7d85debd,0.7999999999999999
23501_6c48b3c1,22383_e5f707a7,0.7999999999999999
21024_9be3d461,20870_dedaef5b,1.0
21024_9be3d461,22900_09de4c7a,1.0
21024_9be3d461,22405_20f11d58,1.0
21024_9be3d461,21918_976c2754,1.0
21024_9be3d461,22890_4ecfa491,1.0
19566_19d85d3b,21700_28d193ac,0.7999999999999999
19566_19d85d3b,21425_d0d47a2a,0.7999999999999999
19566_19d85d3b,22076_20e8a107,0.7999999999999999
19566_19d85d3b,21809_8bd6b10e,0.7999999999999999
19566_19d85d3b,21005_9feee615,0.7999999999999999
22134_5e72e871,21009_907a2a95,1.0
22134_5e72e871,22987_37973191,1.0
22134_5e72e871,22586_ff3651b2,1.0
22134_5e72e871,21496_f4025ad5,1.0
22134_5e72e871,23305_2662b29a,1.0
22706_58a933f4,23178_eb4b4280,1.0
22706_58a933f4,22057_4947db57,1.0
22706_58a933f4,23259_d655fcc1,1.0
22706_58a933f4,21497_9833a679,1.0
22706_58a933f4,22245_ca848576,1.0
20823_f144e996,21009_907a2a95,1.0
20823_f144e996,22987_37973191,1.0
20823_f144e996,22586_ff3651b2,1.0
20823_f144e996,21496_f4025ad5,1.0
20823_f144e996,23305_2662b29a,1.0
23406_1d36b046,23163_7b143a6f,1.0
23406_1d36b046,21848_0fff9631,1.0
23406_1d36b046,22891_b8c84495,1.0
23406_1d36b046,23199_75dc1efd,1.0
23406_1d36b046,22378_234fea2c,1.0
22717_08784417,22211_b1ee53f0,1.0
22717_08784417,23419_ea47995f,1.0
22717_08784417,22125_e3a4cad4,1.0
22717_08784417,21722_68aeba65,1.0
22717_08784417,22065_0d414124,1.0
23414_f7d4a688,22418_2722dfe8,0.7999999999999999
23414_f7d4a688,20899_a8d7c6d5,0.7999999999999999
23414_f7d4a688,21531_79015e13,0.7999999999999999
23414_f7d4a688,22778_7d85debd,0.7999999999999999
23414_f7d4a688,22383_e5f707a7,0.7999999999999999
21692_777db9e2,20682_e208cc63,0.7999999999999999
21692_777db9e2,22886_a6331748,0.7999999999999999
21692_777db9e2,23102_211ad1db,0.7999999999999999
21692_777db9e2,22259_613f9d44,0.7999999999999999
21692_777db9e2,22434_2ad62ed6,0.7999999999999999
20792_d2ea0500,20990_0a226634,0.7999999999999999
20792_d2ea0500,23438_b1ef78f4,0.7999999999999999
20792_d2ea0500,22080_594bcb66,0.7999999999999999
20792_d2ea0500,21467_67965037,0.6
20792_d2ea0500,21176_b5c72bfb,0.6
20926_4c0f33f6,20682_e208cc63,0.7999999999999999
20926_4c0f33f6,21828_21ab2114,0.7999999999999999
20926_4c0f33f6,20225_4ce6d59b,0.7999999999999999
20926_4c0f33f6,23127_38d73061,0.7999999999999999
20926_4c0f33f6,22638_37f9fe91,0.7999999999999999
21248_0a862e3e,23178_eb4b4280,1.0
21248_0a862e3e,22762_dcbdd14d,1.0
21248_0a862e3e,23259_d655fcc1,1.0
21248_0a862e3e,21497_9833a679,1.0
21248_0a862e3e,22245_ca848576,1.0
22365_a4eb929c,23178_eb4b4280,1.0
22365_a4eb929c,22762_dcbdd14d,1.0
22365_a4eb929c,23259_d655fcc1,1.0
22365_a4eb929c,21497_9833a679,1.0
22365_a4eb929c,22245_ca848576,1.0
22257_6fb4c50c,23163_7b143a6f,1.0
22257_6fb4c50c,21848_0fff9631,1.0
22257_6fb4c50c,22891_b8c84495,1.0
22257_6fb4c50c,23199_75dc1efd,1.0
22257_6fb4c50c,22378_234fea2c,1.0
20674_2fb6cabd,23163_7b143a6f,1.0
20674_2fb6cabd,21848_0fff9631,1.0
20674_2fb6cabd,22891_b8c84495,1.0
20674_2fb6cabd,23199_75dc1efd,1.0
20674_2fb6cabd,22378_234fea2c,1.0
22028_776fbf0d,22211_b1ee53f0,1.0
22028_776fbf0d,23419_ea47995f,1.0
22028_776fbf0d,22125_e3a4cad4,1.0
22028_776fbf0d,21722_68aeba65,1.0
22028_776fbf0d,22065_0d414124,1.0
23036_7f9d143f,22418_2722dfe8,0.7999999999999999
23036_7f9d143f,20899_a8d7c6d5,0.7999999999999999
23036_7f9d143f,21531_79015e13,0.7999999999999999
23036_7f9d143f,22778_7d85debd,0.7999999999999999
23036_7f9d143f,22383_e5f707a7,0.7999999999999999
20743_c8ea8159,21009_907a2a95,1.0
20743_c8ea8159,22987_37973191,1.0
20743_c8ea8159,22586_ff3651b2,1.0
20743_c8ea8159,21496_f4025ad5,1.0
20743_c8ea8159,23305_2662b29a,1.0
22668_9c30f6c0,23163_7b143a6f,1.0
22668_9c30f6c0,21848_0fff9631,1.0
22668_9c30f6c0,22891_b8c84495,1.0
22668_9c30f6c0,23199_75dc1efd,1.0
22668_9c30f6c0,22378_234fea2c,1.0
22266_078a1f68,22418_2722dfe8,0.7999999999999999
22266_078a1f68,20387_0d507234,0.7999999999999999
22266_078a1f68,21377_19909a40,0.7999999999999999
22266_078a1f68,23174_8ef93daf,0.7999999999999999
22266_078a1f68,22729_232da678,0.7999999999999999
21882_795be793,23163_7b143a6f,1.0
21882_795be793,21848_0fff9631,1.0
21882_795be793,22891_b8c84495,1.0
21882_795be793,23199_75dc1efd,1.0
21882_795be793,22378_234fea2c,1.0
21601_360ce1c7,21009_907a2a95,1.0
21601_360ce1c7,22987_37973191,1.0
21601_360ce1c7,22586_ff3651b2,1.0
21601_360ce1c7,21496_f4025ad5,1.0
21601_360ce1c7,23305_2662b29a,1.0
23102_211ad1db,23178_eb4b4280,1.0
23102_211ad1db,22762_dcbdd14d,1.0
23102_211ad1db,23259_d655fcc1,1.0
23102_211ad1db,21497_9833a679,1.0
23102_211ad1db,22245_ca848576,1.0
21092_32622a83,21745_56cbe841,1.0
21092_32622a83,22418_2722dfe8,0.7999999999999999
21092_32622a83,20899_a8d7c6d5,0.7999999999999999
21092_32622a83,21531_79015e13,0.7999999999999999
21092_32622a83,22778_7d85debd,0.7999999999999999
23039_b3d04774,22981_93f268ae,1.0
23039_b3d04774,20469_b6211bfd,0.7999999999999999
23039_b3d04774,23021_047d1f8a,0.7999999999999999
23039_b3d04774,21469_abec26c4,0.7999999999999999
23039_b3d04774,20951_2918f2fa,0.7999999999999999
23132_1847c4ef,21009_907a2a95,1.0
23132_1847c4ef,22987_37973191,1.0
23132_1847c4ef,22586_ff3651b2,1.0
23132_1847c4ef,21496_f4025ad5,1.0
23132_1847c4ef,23305_2662b29a,1.0
19810_f77c5501,20281_a29f9a18,1.0
19810_f77c5501,20239_49b65a55,1.0
19810_f77c5501,20408_b4fda9eb,1.0
19810_f77c5501,20163_3742f394,1.0
19810_f77c5501,20387_0d507234,1.0
20385_f2d30908,23239_ba13cf5e,0.7999999999999999
20385_f2d30908,22839_113f2990,0.7999999999999999
20385_f2d30908,20958_94222947,0.7999999999999999
20385_f2d30908,21761_fdb5f86d,0.7999999999999999
20385_f2d30908,20231_f54462bb,0.7999999999999999
22727_c514268a,22418_2722dfe8,0.7999999999999999
22727_c514268a,20899_a8d7c6d5,0.7999999999999999
22727_c514268a,21531_79015e13,0.7999999999999999
22727_c514268a,22778_7d85debd,0.7999999999999999
22727_c514268a,22383_e5f707a7,0.7999999999999999
22278_12f1fb79,22428_c1ffa51a,1.0
22278_12f1fb79,21300_ec7da33e,1.0
22278_12f1fb79,21182_a480d230,1.0
22278_12f1fb79,21121_1e9e7540,1.0
22278_12f1fb79,21081_72fa4ad1,1.0
21599_80057f94,23343_f000bdae,1.0
21599_80057f94,23369_447545f6,1.0
21599_80057f94,22746_920025a0,1.0
21599_80057f94,21615_f2ecc6e8,1.0
21599_80057f94,23321_c9497b79,1.0
23226_8d1b5098,22413_901f5867,1.0
23226_8d1b5098,23195_2629864e,1.0
23226_8d1b5098,23235_f9ccb8b0,1.0
23226_8d1b5098,22491_a33562ad,1.0
23226_8d1b5098,22298_51433023,1.0
21292_f94bd96b,22418_2722dfe8,0.7999999999999999
21292_f94bd96b,20899_a8d7c6d5,0.7999999999999999
21292_f94bd96b,21531_79015e13,0.7999999999999999
21292_f94bd96b,22778_7d85debd,0.7999999999999999
21292_f94bd96b,22383_e5f707a7,0.7999999999999999
23502_5a80f907,21539_cfe1f7fd,1.0
23502_5a80f907,20755_4b5e61bf,0.7999999999999999
23502_5a80f907,21912_3f74887c,0.7999999999999999
23502_5a80f907,23475_b14d1dc8,0.7999999999999999
23502_5a80f907,22987_37973191,0.7999999999999999
23144_88ca00a5,22413_901f5867,1.0
23144_88ca00a5,23195_2629864e,1.0
23144_88ca00a5,23235_f9ccb8b0,1.0
23144_88ca00a5,22491_a33562ad,1.0
23144_88ca00a5,22298_51433023,1.0
23048_8a1a5553,20870_dedaef5b,1.0
23048_8a1a5553,21926_b4c7068b,1.0
23048_8a1a5553,22405_20f11d58,1.0
23048_8a1a5553,21918_976c2754,1.0
23048_8a1a5553,22890_4ecfa491,1.0
20278_d442e77d,22418_2722dfe8,0.7999999999999999
20278_d442e77d,20899_a8d7c6d5,0.7999999999999999
20278_d442e77d,21531_79015e13,0.7999999999999999
20278_d442e77d,22778_7d85debd,0.7999999999999999
20278_d442e77d,22383_e5f707a7,0.7999999999999999
21202_e452c491,20281_a29f9a18,1.0
21202_e452c491,20239_49b65a55,1.0
21202_e452c491,20511_e1b972aa,1.0
21202_e452c491,20408_b4fda9eb,1.0
21202_e452c491,20387_0d507234,1.0
23026_e6f08109,21779_b99623fc,1.0
23026_e6f08109,20520_7e357152,0.7999999999999999
23026_e6f08109,21816_3891a442,0.7999999999999999
23026_e6f08109,22577_cd96733e,0.7999999999999999
23026_e6f08109,21590_7d092186,0.7999999999999999
20822_5bb36119,21448_5646a1b6,1.0
20822_5bb36119,22136_a539c50b,1.0
20822_5bb36119,22283_36ba29c9,1.0
20822_5bb36119,22236_db209dff,1.0
20822_5bb36119,22304_33009be6,1.0
22405_20f11d58,20870_dedaef5b,1.0
22405_20f11d58,21926_b4c7068b,1.0
22405_20f11d58,23048_8a1a5553,1.0
22405_20f11d58,21918_976c2754,1.0
22405_20f11d58,22890_4ecfa491,1.0
20188_98b86c0f,20340_86125547,1.0
20188_98b86c0f,22498_b8bdb105,1.0
20188_98b86c0f,21785_d595ced5,1.0
20188_98b86c0f,21165_5cb2d287,0.7999999999999999
20188_98b86c0f,23163_7b143a6f,0.7999999999999999
20349_a12428da,20657_913a7675,1.0
20349_a12428da,21503_34f299ca,0.7999999999999999
20349_a12428da,21531_79015e13,0.7999999999999999
20349_a12428da,22778_7d85debd,0.7999999999999999
20349_a12428da,22383_e5f707a7,0.7999999999999999
21244_24c3ce72,22787_49022c32,0.7999999999999999
21244_24c3ce72,23123_f35404c4,0.7999999999999999
21244_24c3ce72,21718_1551037b,0.7999999999999999
21244_24c3ce72,22670_9353c710,0.7999999999999999
21244_24c3ce72,22079_31335df2,0.7999999999999999
21274_2fb8c3f5,23163_7b143a6f,1.0
21274_2fb8c3f5,21848_0fff9631,1.0
21274_2fb8c3f5,22891_b8c84495,1.0
21274_2fb8c3f5,23199_75dc1efd,1.0
21274_2fb8c3f5,22378_234fea2c,1.0
20898_5f5b9bc7,23163_7b143a6f,1.0
20898_5f5b9bc7,21848_0fff9631,1.0
20898_5f5b9bc7,22891_b8c84495,1.0
20898_5f5b9bc7,23199_75dc1efd,1.0
20898_5f5b9bc7,22378_234fea2c,1.0
22440_014f1bac,21009_907a2a95,1.0
22440_014f1bac,21552_4e9c19b1,1.0
22440_014f1bac,22586_ff3651b2,1.0
22440_014f1bac,21496_f4025ad5,1.0
22440_014f1bac,23305_2662b29a,1.0
22199_8ec9eeb2,20554_abcb705e,1.0
22199_8ec9eeb2,22630_b6010fff,1.0
22199_8ec9eeb2,22418_2722dfe8,0.7999999999999999
22199_8ec9eeb2,22040_6461a147,0.7999999999999999
22199_8ec9eeb2,22666_bdaa1303,0.7999999999999999
22729_232da678,21009_907a2a95,1.0
22729_232da678,21552_4e9c19b1,1.0
22729_232da678,22586_ff3651b2,1.0
22729_232da678,21496_f4025ad5,1.0
22729_232da678,23305_2662b29a,1.0
20636_ca9eb29a,21700_28d193ac,0.7999999999999999
20636_ca9eb29a,21425_d0d47a2a,0.7999999999999999
20636_ca9eb29a,22076_20e8a107,0.7999999999999999
20636_ca9eb29a,21809_8bd6b10e,0.7999999999999999
20636_ca9eb29a,21005_9feee615,0.7999999999999999
21611_1d3ff1b6,23163_7b143a6f,1.0
21611_1d3ff1b6,21848_0fff9631,1.0
21611_1d3ff1b6,22891_b8c84495,1.0
21611_1d3ff1b6,23199_75dc1efd,1.0
21611_1d3ff1b6,22378_234fea2c,1.0
22125_e3a4cad4,22211_b1ee53f0,1.0
22125_e3a4cad4,22028_776fbf0d,1.0
22125_e3a4cad4,21722_68aeba65,1.0
22125_e3a4cad4,22065_0d414124,1.0
22125_e3a4cad4,22717_08784417,1.0
21979_29f59427,21700_28d193ac,0.7999999999999999
21979_29f59427,20622_38dd90d0,0.7999999999999999
21979_29f59427,21425_d0d47a2a,0.7999999999999999
21979_29f59427,22827_f33929ec,0.7999999999999999
21979_29f59427,22076_20e8a107,0.7999999999999999
21048_75cc125c,20815_b3d9e6c9,1.0
21048_75cc125c,21185_ac5324ba,1.0
21048_75cc125c,22224_1e749c32,1.0
21048_75cc125c,21715_53df62c9,1.0
21048_75cc125c,23238_3c864758,1.0
21831_54ca67d1,23178_eb4b4280,1.0
21831_54ca67d1,22057_4947db57,1.0
21831_54ca67d1,23259_d655fcc1,1.0
21831_54ca67d1,21497_9833a679,1.0
21831_54ca67d1,22245_ca848576,1.0
22586_ff3651b2,21009_907a2a95,1.0
22586_ff3651b2,21552_4e9c19b1,1.0
22586_ff3651b2,21496_f4025ad5,1.0
22586_ff3651b2,23305_2662b29a,1.0
22586_ff3651b2,22729_232da678,1.0
21422_b2a6bf27,23239_ba13cf5e,0.7999999999999999
21422_b2a6bf27,22839_113f2990,0.7999999999999999
21422_b2a6bf27,20958_94222947,0.7999999999999999
21422_b2a6bf27,21761_fdb5f86d,0.7999999999999999
21422_b2a6bf27,20231_f54462bb,0.7999999999999999
23259_d655fcc1,23178_eb4b4280,1.0
23259_d655fcc1,22057_4947db57,1.0
23259_d655fcc1,21831_54ca67d1,1.0
23259_d655fcc1,21497_9833a679,1.0
23259_d655fcc1,22245_ca848576,1.0
21497_9833a679,23178_eb4b4280,1.0
21497_9833a679,22057_4947db57,1.0
21497_9833a679,21831_54ca67d1,1.0
21497_9833a679,23259_d655fcc1,1.0
21497_9833a679,22245_ca848576,1.0
22245_ca848576,23178_eb4b4280,1.0
22245_ca848576,22057_4947db57,1.0
22245_ca848576,21831_54ca67d1,1.0
22245_ca848576,23259_d655fcc1,1.0
22245_ca848576,21497_9833a679,1.0
21848_0fff9631,23163_7b143a6f,1.0
21848_0fff9631,23199_75dc1efd,1.0
21848_0fff9631,22891_b8c84495,1.0
21848_0fff9631,22378_234fea2c,1.0
21848_0fff9631,21611_1d3ff1b6,1.0
20731_fbdc7731,21448_5646a1b6,1.0
20731_fbdc7731,22136_a539c50b,1.0
20731_fbdc7731,22283_36ba29c9,1.0
20731_fbdc7731,22236_db209dff,1.0
20731_fbdc7731,22304_33009be6,1.0
21015_10304cb9,23163_7b143a6f,1.0
21015_10304cb9,23199_75dc1efd,1.0
21015_10304cb9,22891_b8c84495,1.0
21015_10304cb9,22378_234fea2c,1.0
21015_10304cb9,21611_1d3ff1b6,1.0
23210_f535bfd2,23218_02d26ab4,1.0
23210_f535bfd2,23244_34b5f55e,1.0
23210_f535bfd2,23209_1592b0a4,1.0
23210_f535bfd2,23236_d5867507,1.0
23210_f535bfd2,23219_40625e2c,1.0
22784_bcace961,22418_2722dfe8,0.7999999999999999
22784_bcace961,21202_e452c491,0.7999999999999999
22784_bcace961,22852_dc1dbed6,0.7999999999999999
22784_bcace961,22666_bdaa1303,0.7999999999999999
22784_bcace961,22448_1f21757a,0.7999999999999999
22630_b6010fff,20554_abcb705e,1.0
22630_b6010fff,22199_8ec9eeb2,1.0
22630_b6010fff,22418_2722dfe8,0.7999999999999999
22630_b6010fff,21202_e452c491,0.7999999999999999
22630_b6010fff,22852_dc1dbed6,0.7999999999999999
20755_4b5e61bf,22418_2722dfe8,0.7999999999999999
20755_4b5e61bf,20899_a8d7c6d5,0.7999999999999999
20755_4b5e61bf,21531_79015e13,0.7999999999999999
20755_4b5e61bf,22778_7d85debd,0.7999999999999999
20755_4b5e61bf,22383_e5f707a7,0.7999999999999999
23002_4d53fb3f,20870_dedaef5b,1.0
23002_4d53fb3f,22900_09de4c7a,1.0
23002_4d53fb3f,23048_8a1a5553,1.0
23002_4d53fb3f,21918_976c2754,1.0
23002_4d53fb3f,22890_4ecfa491,1.0
20291_42287610,20469_b6211bfd,1.0
20291_42287610,20479_77930584,1.0
20291_42287610,20193_2da4f0a0,1.0
20291_42287610,20478_c02790cb,1.0
20291_42287610,20406_dacb0300,1.0
23245_ccd099b6,20421_83f66ddc,0.7999999999999999
23245_ccd099b6,20157_db99ab88,0.7999999999999999
23245_ccd099b6,22061_b50b6b66,0.7999999999999999
23245_ccd099b6,22224_1e749c32,0.7999999999999999
23245_ccd099b6,23366_cc0bc28e,0.7999999999999999
21580_b8b2571b,20870_dedaef5b,1.0
21580_b8b2571b,22900_09de4c7a,1.0
21580_b8b2571b,23048_8a1a5553,1.0
21580_b8b2571b,21918_976c2754,1.0
21580_b8b2571b,22890_4ecfa491,1.0
21365_ab403591,21009_907a2a95,1.0
21365_ab403591,21552_4e9c19b1,1.0
21365_ab403591,21496_f4025ad5,1.0
21365_ab403591,23305_2662b29a,1.0
21365_ab403591,22729_232da678,1.0
22014_5880c417,23163_7b143a6f,1.0
22014_5880c417,23199_75dc1efd,1.0
22014_5880c417,22891_b8c84495,1.0
22014_5880c417,22378_234fea2c,1.0
22014_5880c417,21611_1d3ff1b6,1.0
21630_316322ff,23163_7b143a6f,1.0
21630_316322ff,23199_75dc1efd,1.0
21630_316322ff,22891_b8c84495,1.0
21630_316322ff,22378_234fea2c,1.0
21630_316322ff,21611_1d3ff1b6,1.0
22349_6f67a96e,23163_7b143a6f,1.0
22349_6f67a96e,23199_75dc1efd,1.0
22349_6f67a96e,22891_b8c84495,1.0
22349_6f67a96e,22378_234fea2c,1.0
22349_6f67a96e,21611_1d3ff1b6,1.0
21316_69ed56f5,22125_e3a4cad4,0.7999999999999999
21316_69ed56f5,20745_3e22ad07,0.7999999999999999
21316_69ed56f5,22211_b1ee53f0,0.7999999999999999
21316_69ed56f5,22717_08784417,0.7999999999999999
21316_69ed56f5,21722_68aeba65,0.7999999999999999
20281_a29f9a18,20899_a8d7c6d5,1.0
20281_a29f9a18,21202_e452c491,1.0
20281_a29f9a18,20511_e1b972aa,1.0
20281_a29f9a18,20408_b4fda9eb,1.0
20281_a29f9a18,20387_0d507234,1.0
21243_3ec5d732,23163_7b143a6f,1.0
21243_3ec5d732,23199_75dc1efd,1.0
21243_3ec5d732,22891_b8c84495,1.0
21243_3ec5d732,22378_234fea2c,1.0
21243_3ec5d732,21611_1d3ff1b6,1.0
21545_4384f96e,22787_49022c32,0.7999999999999999
21545_4384f96e,23123_f35404c4,0.7999999999999999
21545_4384f96e,21718_1551037b,0.7999999999999999
21545_4384f96e,22670_9353c710,0.7999999999999999
21545_4384f96e,22079_31335df2,0.7999999999999999
23258_87a2ba81,22417_4a15d62e,0.7999999999999999
23258_87a2ba81,20245_f1b25d43,0.7999999999999999
23258_87a2ba81,21081_72fa4ad1,0.7999999999999999
23258_87a2ba81,21204_96d26a7f,0.7999999999999999
23258_87a2ba81,23101_6aec02ee,0.7999999999999999
21839_a8eb6d34,22428_c1ffa51a,1.0
21839_a8eb6d34,22421_19401bdd,1.0
21839_a8eb6d34,21849_a5f563a6,1.0
21839_a8eb6d34,21182_a480d230,1.0
21839_a8eb6d34,21121_1e9e7540,1.0
23123_f35404c4,22413_901f5867,1.0
23123_f35404c4,23195_2629864e,1.0
23123_f35404c4,23235_f9ccb8b0,1.0
23123_f35404c4,22491_a33562ad,1.0
23123_f35404c4,22298_51433023,1.0
21425_d0d47a2a,20870_dedaef5b,1.0
21425_d0d47a2a,22900_09de4c7a,1.0
21425_d0d47a2a,23048_8a1a5553,1.0
21425_d0d47a2a,21918_976c2754,1.0
21425_d0d47a2a,22890_4ecfa491,1.0
22419_dfeb5d33,22428_c1ffa51a,1.0
22419_dfeb5d33,22421_19401bdd,1.0
22419_dfeb5d33,21849_a5f563a6,1.0
22419_dfeb5d33,21182_a480d230,1.0
22419_dfeb5d33,21121_1e9e7540,1.0
21986_67c5509a,22787_49022c32,0.7999999999999999
21986_67c5509a,21545_4384f96e,0.7999999999999999
21986_67c5509a,21718_1551037b,0.7999999999999999
21986_67c5509a,22670_9353c710,0.7999999999999999
21986_67c5509a,22079_31335df2,0.7999999999999999
21035_d308c5c4,21009_907a2a95,1.0
21035_d308c5c4,21552_4e9c19b1,1.0
21035_d308c5c4,21496_f4025ad5,1.0
21035_d308c5c4,23305_2662b29a,1.0
21035_d308c5c4,22729_232da678,1.0
21859_35124f79,22413_901f5867,1.0
21859_35124f79,23195_2629864e,1.0
21859_35124f79,23235_f9ccb8b0,1.0
21859_35124f79,22491_a33562ad,1.0
21859_35124f79,22298_51433023,1.0
22421_19401bdd,22428_c1ffa51a,1.0
22421_19401bdd,21977_ce9f4e71,1.0
22421_19401bdd,21849_a5f563a6,1.0
22421_19401bdd,21182_a480d230,1.0
22421_19401bdd,21121_1e9e7540,1.0
22787_49022c32,20787_ed64ff5e,0.7999999999999999
22787_49022c32,22483_f4e4b62a,0.7999999999999999
22787_49022c32,21582_a3d32115,0.7999999999999999
22787_49022c32,22430_c6f08b03,0.7999999999999999
22787_49022c32,22413_901f5867,0.7999999999999999
23103_66470b7e,23163_7b143a6f,1.0
23103_66470b7e,23199_75dc1efd,1.0
23103_66470b7e,22891_b8c84495,1.0
23103_66470b7e,22378_234fea2c,1.0
23103_66470b7e,21611_1d3ff1b6,1.0
20505_017d4cc4,21009_907a2a95,1.0
20505_017d4cc4,21552_4e9c19b1,1.0
20505_017d4cc4,21496_f4025ad5,1.0
20505_017d4cc4,23305_2662b29a,1.0
20505_017d4cc4,22729_232da678,1.0
23044_9a964a68,21009_907a2a95,1.0
23044_9a964a68,21552_4e9c19b1,1.0
23044_9a964a68,21496_f4025ad5,1.0
23044_9a964a68,23305_2662b29a,1.0
23044_9a964a68,22729_232da678,1.0
20682_e208cc63,21271_ec7f62b8,1.0
20682_e208cc63,22049_4da0d894,1.0
20682_e208cc63,23468_a0bfb573,1.0
20682_e208cc63,21497_9833a679,1.0
20682_e208cc63,22245_ca848576,1.0
21976_807c9b26,23163_7b143a6f,1.0
21976_807c9b26,23199_75dc1efd,1.0
21976_807c9b26,22891_b8c84495,1.0
21976_807c9b26,22378_234fea2c,1.0
21976_807c9b26,21611_1d3ff1b6,1.0
21865_c190b734,23163_7b143a6f,1.0
21865_c190b734,23199_75dc1efd,1.0
21865_c190b734,22891_b8c84495,1.0
21865_c190b734,22378_234fea2c,1.0
21865_c190b734,21611_1d3ff1b6,1.0
20426_79358492,23239_ba13cf5e,0.7999999999999999
20426_79358492,22839_113f2990,0.7999999999999999
20426_79358492,20958_94222947,0.7999999999999999
20426_79358492,21761_fdb5f86d,0.7999999999999999
20426_79358492,20231_f54462bb,0.7999999999999999
22076_20e8a107,23002_4d53fb3f,1.0
22076_20e8a107,22081_ab3124af,1.0
22076_20e8a107,21024_9be3d461,1.0
22076_20e8a107,20701_6dcbc975,1.0
22076_20e8a107,22442_7d5c5d5f,1.0
23217_7c6062e3,22421_19401bdd,0.7999999999999999
23217_7c6062e3,19596_fb9531a5,0.7999999999999999
23217_7c6062e3,22419_dfeb5d33,0.7999999999999999
23217_7c6062e3,22428_c1ffa51a,0.7999999999999999
23217_7c6062e3,23155_d7305c5f,0.7999999999999999
23408_e5fd25ba,23163_7b143a6f,1.0
23408_e5fd25ba,23199_75dc1efd,1.0
23408_e5fd25ba,22891_b8c84495,1.0
23408_e5fd25ba,22378_234fea2c,1.0
23408_e5fd25ba,21611_1d3ff1b6,1.0
22443_fa24c6f9,21009_907a2a95,1.0
22443_fa24c6f9,21552_4e9c19b1,1.0
22443_fa24c6f9,21496_f4025ad5,1.0
22443_fa24c6f9,23305_2662b29a,1.0
22443_fa24c6f9,22729_232da678,1.0
21706_adfb2ece,21009_907a2a95,1.0
21706_adfb2ece,21552_4e9c19b1,1.0
21706_adfb2ece,21496_f4025ad5,1.0
21706_adfb2ece,23305_2662b29a,1.0
21706_adfb2ece,22729_232da678,1.0
23265_07de6a0b,23163_7b143a6f,1.0
23265_07de6a0b,23199_75dc1efd,1.0
23265_07de6a0b,22891_b8c84495,1.0
23265_07de6a0b,22378_234fea2c,1.0
23265_07de6a0b,21611_1d3ff1b6,1.0
21745_56cbe841,21092_32622a83,1.0
21745_56cbe841,21202_e452c491,0.7999999999999999
21745_56cbe841,20278_d442e77d,0.7999999999999999
21745_56cbe841,22729_232da678,0.7999999999999999
21745_56cbe841,22199_8ec9eeb2,0.7999999999999999
20466_4b3e5186,20469_b6211bfd,1.0
20466_4b3e5186,20495_e8e7e80c,1.0
20466_4b3e5186,20220_3de82b2a,1.0
20466_4b3e5186,20429_4c909f3f,1.0
20466_4b3e5186,20392_8b23d193,1.0
21695_1f33863f,20815_b3d9e6c9,1.0
21695_1f33863f,21185_ac5324ba,1.0
21695_1f33863f,22224_1e749c32,1.0
21695_1f33863f,21715_53df62c9,1.0
21695_1f33863f,23238_3c864758,1.0
19518_f220b68a,20947_115d4058,1.0
19518_f220b68a,20469_b6211bfd,0.7999999999999999
19518_f220b68a,22075_12b129d5,0.7999999999999999
19518_f220b68a,21761_fdb5f86d,0.7999999999999999
19518_f220b68a,22043_041e1b7c,0.7999999999999999
22313_3a8b93dc,21009_907a2a95,1.0
22313_3a8b93dc,21552_4e9c19b1,1.0
22313_3a8b93dc,21496_f4025ad5,1.0
22313_3a8b93dc,23305_2662b29a,1.0
22313_3a8b93dc,22729_232da678,1.0
22251_88fd728c,21009_907a2a95,1.0
22251_88fd728c,21552_4e9c19b1,1.0
22251_88fd728c,21496_f4025ad5,1.0
22251_88fd728c,23305_2662b29a,1.0
22251_88fd728c,22729_232da678,1.0
21613_d57e983a,23163_7b143a6f,1.0
21613_d57e983a,21848_0fff9631,1.0
21613_d57e983a,22053_de30641b,1.0
21613_d57e983a,22891_b8c84495,1.0
21613_d57e983a,22378_234fea2c,1.0
22067_624b28e3,23163_7b143a6f,1.0
22067_624b28e3,21848_0fff9631,1.0
22067_624b28e3,22053_de30641b,1.0
22067_624b28e3,22891_b8c84495,1.0
22067_624b28e3,22378_234fea2c,1.0
21005_9feee615,21700_28d193ac,0.7999999999999999
21005_9feee615,21580_b8b2571b,0.7999999999999999
21005_9feee615,22827_f33929ec,0.7999999999999999
21005_9feee615,21809_8bd6b10e,0.7999999999999999
21005_9feee615,22076_20e8a107,0.7999999999999999
23250_aa321310,23239_ba13cf5e,0.7999999999999999
23250_aa321310,22839_113f2990,0.7999999999999999
23250_aa321310,20958_94222947,0.7999999999999999
23250_aa321310,21761_fdb5f86d,0.7999999999999999
23250_aa321310,20231_f54462bb,0.7999999999999999
23155_d7305c5f,22421_19401bdd,1.0
23155_d7305c5f,23310_7daded69,1.0
23155_d7305c5f,22893_eb8aa8ac,1.0
23155_d7305c5f,20799_213bf924,1.0
23155_d7305c5f,21174_861bd902,1.0
22749_346e10ae,23163_7b143a6f,1.0
22749_346e10ae,21848_0fff9631,1.0
22749_346e10ae,22053_de30641b,1.0
22749_346e10ae,22891_b8c84495,1.0
22749_346e10ae,22378_234fea2c,1.0
20818_098cad7c,22421_19401bdd,0.7999999999999999
20818_098cad7c,19596_fb9531a5,0.7999999999999999
20818_098cad7c,22419_dfeb5d33,0.7999999999999999
20818_098cad7c,22428_c1ffa51a,0.7999999999999999
20818_098cad7c,23217_7c6062e3,0.7999999999999999
7780_6c885e81,22892_68138f24,0.7999999999999999
7780_6c885e81,21186_d1698d8c,0.7999999999999999
7780_6c885e81,22434_2ad62ed6,0.7999999999999999
7780_6c885e81,21692_777db9e2,0.7999999999999999
7780_6c885e81,20926_4c0f33f6,0.7999999999999999
21581_8f948e0b,23163_7b143a6f,1.0
21581_8f948e0b,21848_0fff9631,1.0
21581_8f948e0b,22053_de30641b,1.0
21581_8f948e0b,22891_b8c84495,1.0
21581_8f948e0b,22378_234fea2c,1.0
20186_f66e4ad3,23239_ba13cf5e,0.7999999999999999
20186_f66e4ad3,22839_113f2990,0.7999999999999999
20186_f66e4ad3,20958_94222947,0.7999999999999999
20186_f66e4ad3,21761_fdb5f86d,0.7999999999999999
20186_f66e4ad3,20231_f54462bb,0.7999999999999999
23322_8f85d82d,21202_e452c491,0.7999999999999999
23322_8f85d82d,20278_d442e77d,0.7999999999999999
23322_8f85d82d,22729_232da678,0.7999999999999999
23322_8f85d82d,22199_8ec9eeb2,0.7999999999999999
23322_8f85d82d,22440_014f1bac,0.7999999999999999
23235_f9ccb8b0,23123_f35404c4,1.0
23235_f9ccb8b0,22491_a33562ad,1.0
23235_f9ccb8b0,21741_c6faf98e,1.0
23235_f9ccb8b0,23162_7e2f3d77,1.0
23235_f9ccb8b0,21244_d67bbabc,1.0
21528_a5d5490f,21009_907a2a95,1.0
21528_a5d5490f,21552_4e9c19b1,1.0
21528_a5d5490f,21496_f4025ad5,1.0
21528_a5d5490f,23305_2662b29a,1.0
21528_a5d5490f,22729_232da678,1.0
23466_1cf60d09,21009_907a2a95,1.0
23466_1cf60d09,21552_4e9c19b1,1.0
23466_1cf60d09,21496_f4025ad5,1.0
23466_1cf60d09,23305_2662b29a,1.0
23466_1cf60d09,22729_232da678,1.0
21467_67965037,23102_211ad1db,0.7999999999999999
21467_67965037,21271_ec7f62b8,0.7999999999999999
21467_67965037,23468_a0bfb573,0.7999999999999999
21467_67965037,22983_0ab3faaf,0.7999999999999999
21467_67965037,22892_68138f24,0.7999999999999999
20165_2b088be5,20622_38dd90d0,1.0
20165_2b088be5,20293_a1999339,1.0
20165_2b088be5,20500_e88d8065,1.0
20165_2b088be5,20260_4a01a99d,1.0
20165_2b088be5,20533_0a3e112b,1.0
22581_406c16c4,23123_f35404c4,1.0
22581_406c16c4,22491_a33562ad,1.0
22581_406c16c4,21741_c6faf98e,1.0
22581_406c16c4,23162_7e2f3d77,1.0
22581_406c16c4,21244_d67bbabc,1.0
21781_5985da6d,23163_7b143a6f,1.0
21781_5985da6d,21848_0fff9631,1.0
21781_5985da6d,22053_de30641b,1.0
21781_5985da6d,22891_b8c84495,1.0
21781_5985da6d,22378_234fea2c,1.0
21267_35a558cc,23163_7b143a6f,1.0
21267_35a558cc,21848_0fff9631,1.0
21267_35a558cc,22053_de30641b,1.0
21267_35a558cc,22891_b8c84495,1.0
21267_35a558cc,22378_234fea2c,1.0
21849_a5f563a6,22421_19401bdd,1.0
21849_a5f563a6,23310_7daded69,1.0
21849_a5f563a6,22893_eb8aa8ac,1.0
21849_a5f563a6,20799_213bf924,1.0
21849_a5f563a6,21174_861bd902,1.0
20722_90d46353,21202_e452c491,0.7999999999999999
20722_90d46353,20278_d442e77d,0.7999999999999999
20722_90d46353,22729_232da678,0.7999999999999999
20722_90d46353,22199_8ec9eeb2,0.7999999999999999
20722_90d46353,22440_014f1bac,0.7999999999999999
23213_3df3cb34,21009_907a2a95,1.0
23213_3df3cb34,21552_4e9c19b1,1.0
23213_3df3cb34,21496_f4025ad5,1.0
23213_3df3cb34,23305_2662b29a,1.0
23213_3df3cb34,22729_232da678,1.0
22073_951645ae,23163_7b143a6f,1.0
22073_951645ae,21848_0fff9631,1.0
22073_951645ae,22053_de30641b,1.0
22073_951645ae,22891_b8c84495,1.0
22073_951645ae,22378_234fea2c,1.0
22341_0f9c52ed,21202_e452c491,0.7999999999999999
22341_0f9c52ed,20278_d442e77d,0.7999999999999999
22341_0f9c52ed,22729_232da678,0.7999999999999999
22341_0f9c52ed,22199_8ec9eeb2,0.7999999999999999
22341_0f9c52ed,22440_014f1bac,0.7999999999999999
22075_12b129d5,23163_7b143a6f,1.0
22075_12b129d5,21848_0fff9631,1.0
22075_12b129d5,22053_de30641b,1.0
22075_12b129d5,22891_b8c84495,1.0
22075_12b129d5,22378_234fea2c,1.0
22762_dcbdd14d,21271_ec7f62b8,1.0
22762_dcbdd14d,22678_ff42f120,1.0
22762_dcbdd14d,23468_a0bfb573,1.0
22762_dcbdd14d,21497_9833a679,1.0
22762_dcbdd14d,22245_ca848576,1.0
21722_68aeba65,22211_b1ee53f0,1.0
21722_68aeba65,22065_0d414124,1.0
21722_68aeba65,22028_776fbf0d,1.0
21722_68aeba65,22717_08784417,1.0
21722_68aeba65,23419_ea47995f,1.0
22133_465d7a91,23163_7b143a6f,1.0
22133_465d7a91,21848_0fff9631,1.0
22133_465d7a91,22053_de30641b,1.0
22133_465d7a91,22891_b8c84495,1.0
22133_465d7a91,22378_234fea2c,1.0
21592_c5e77a82,21009_907a2a95,1.0
21592_c5e77a82,21552_4e9c19b1,1.0
21592_c5e77a82,21496_f4025ad5,1.0
21592_c5e77a82,23305_2662b29a,1.0
21592_c5e77a82,22729_232da678,1.0
21511_d07c59c2,22421_19401bdd,1.0
21511_d07c59c2,23310_7daded69,1.0
21511_d07c59c2,22893_eb8aa8ac,1.0
21511_d07c59c2,20799_213bf924,1.0
21511_d07c59c2,21174_861bd902,1.0
21994_357aac6f,23239_ba13cf5e,0.7999999999999999
21994_357aac6f,22261_6efe61e3,0.7999999999999999
21994_357aac6f,21469_abec26c4,0.7999999999999999
21994_357aac6f,20495_e8e7e80c,0.7999999999999999
21994_357aac6f,23218_02d26ab4,0.7999999999999999
20671_33532794,20958_94222947,1.0
20671_33532794,23096_7da0f913,1.0
20671_33532794,21533_8837772a,1.0
20671_33532794,23158_c7e753c2,0.7999999999999999
20671_33532794,20804_0dcacc66,0.7999999999999999
20697_d3e106b4,22421_19401bdd,1.0
20697_d3e106b4,23310_7daded69,1.0
20697_d3e106b4,22893_eb8aa8ac,1.0
20697_d3e106b4,20799_213bf924,1.0
20697_d3e106b4,21174_861bd902,1.0
20241_ccb70dc8,20469_b6211bfd,1.0
20241_ccb70dc8,20466_4b3e5186,1.0
20241_ccb70dc8,20231_f54462bb,1.0
20241_ccb70dc8,20332_0c2a24aa,1.0
20241_ccb70dc8,20406_dacb0300,1.0
21557_53eafe15,22581_406c16c4,1.0
21557_53eafe15,23123_f35404c4,1.0
21557_53eafe15,21741_c6faf98e,1.0
21557_53eafe15,23282_a1b17daa,1.0
21557_53eafe15,22056_79373464,1.0
7778_3a9748b3,20787_ed64ff5e,0.7999999999999999
7778_3a9748b3,22483_f4e4b62a,0.7999999999999999
7778_3a9748b3,22430_c6f08b03,0.7999999999999999
7778_3a9748b3,22413_901f5867,0.7999999999999999
7778_3a9748b3,21352_d60bc953,0.7999999999999999
20488_589ac9c0,20469_b6211bfd,1.0
20488_589ac9c0,20466_4b3e5186,1.0
20488_589ac9c0,20231_f54462bb,1.0
20488_589ac9c0,20332_0c2a24aa,1.0
20488_589ac9c0,20406_dacb0300,1.0
23374_57cca189,21202_e452c491,0.7999999999999999
23374_57cca189,20278_d442e77d,0.7999999999999999
23374_57cca189,22729_232da678,0.7999999999999999
23374_57cca189,22199_8ec9eeb2,0.7999999999999999
23374_57cca189,22440_014f1bac,0.7999999999999999
22129_48b47c52,21448_5646a1b6,1.0
22129_48b47c52,23103_43bde2a6,1.0
22129_48b47c52,20758_cdccf572,1.0
22129_48b47c52,20807_88c198d5,1.0
22129_48b47c52,21825_ce32b0a0,1.0
20176_a02bde39,20440_27177360,1.0
20176_a02bde39,21202_e452c491,0.7999999999999999
20176_a02bde39,20278_d442e77d,0.7999999999999999
20176_a02bde39,22729_232da678,0.7999999999999999
20176_a02bde39,22199_8ec9eeb2,0.7999999999999999
19596_fb9531a5,22421_19401bdd,0.7999999999999999
19596_fb9531a5,20697_d3e106b4,0.7999999999999999
19596_fb9531a5,22419_dfeb5d33,0.7999999999999999
19596_fb9531a5,22428_c1ffa51a,0.7999999999999999
19596_fb9531a5,23217_7c6062e3,0.7999999999999999
20438_5f344b00,21448_5646a1b6,0.7999999999999999
20438_5f344b00,21665_2e14b6ff,0.7999999999999999
20438_5f344b00,21990_7bb6efcf,0.7999999999999999
20438_5f344b00,22236_db209dff,0.7999999999999999
20438_5f344b00,22508_6bb410af,0.7999999999999999
23419_ea47995f,22211_b1ee53f0,1.0
23419_ea47995f,22065_0d414124,1.0
23419_ea47995f,22028_776fbf0d,1.0
23419_ea47995f,22717_08784417,1.0
23419_ea47995f,21722_68aeba65,1.0
22035_101c7ab4,21429_6d2d3974,1.0
22035_101c7ab4,21202_e452c491,0.7999999999999999
22035_101c7ab4,20278_d442e77d,0.7999999999999999
22035_101c7ab4,22199_8ec9eeb2,0.7999999999999999
22035_101c7ab4,22440_014f1bac,0.7999999999999999
20989_a261efa3,20429_419c4cdd,1.0
20989_a261efa3,20216_89b90993,1.0
20989_a261efa3,20451_84d8b290,1.0
20989_a261efa3,20384_767d849a,1.0
20989_a261efa3,20429_9dd95c38,1.0
23127_38d73061,21271_ec7f62b8,1.0
23127_38d73061,22049_4da0d894,1.0
23127_38d73061,22762_dcbdd14d,1.0
23127_38d73061,21497_9833a679,1.0
23127_38d73061,22245_ca848576,1.0
23354_8182b4eb,20815_b3d9e6c9,1.0
23354_8182b4eb,21185_ac5324ba,1.0
23354_8182b4eb,22224_1e749c32,1.0
23354_8182b4eb,21715_53df62c9,1.0
23354_8182b4eb,23238_3c864758,1.0
21685_93737a7a,20477_633cca4f,1.0
21685_93737a7a,20421_0fd51709,1.0
21685_93737a7a,22027_11a2e852,1.0
21685_93737a7a,21204_96d26a7f,0.7999999999999999
21685_93737a7a,22419_dfeb5d33,0.7999999999999999
21989_a0b5037d,21009_907a2a95,1.0
21989_a0b5037d,21552_4e9c19b1,1.0
21989_a0b5037d,21496_f4025ad5,1.0
21989_a0b5037d,23305_2662b29a,1.0
21989_a0b5037d,22729_232da678,1.0
22027_11a2e852,20477_633cca4f,1.0
22027_11a2e852,20421_0fd51709,1.0
22027_11a2e852,21685_93737a7a,1.0
22027_11a2e852,21204_96d26a7f,0.7999999999999999
22027_11a2e852,22419_dfeb5d33,0.7999999999999999
21184_971559b6,23163_7b143a6f,1.0
21184_971559b6,21848_0fff9631,1.0
21184_971559b6,22053_de30641b,1.0
21184_971559b6,22891_b8c84495,1.0
21184_971559b6,22378_234fea2c,1.0
20547_ec8cfd0d,23163_7b143a6f,1.0
20547_ec8cfd0d,21848_0fff9631,1.0
20547_ec8cfd0d,22053_de30641b,1.0
20547_ec8cfd0d,22891_b8c84495,1.0
20547_ec8cfd0d,22378_234fea2c,1.0
20479_77930584,20469_b6211bfd,1.0
20479_77930584,20466_4b3e5186,1.0
20479_77930584,20231_f54462bb,1.0
20479_77930584,20332_0c2a24aa,1.0
20479_77930584,20406_dacb0300,1.0
22589_2c8f7c0b,23163_7b143a6f,1.0
22589_2c8f7c0b,21848_0fff9631,1.0
22589_2c8f7c0b,22053_de30641b,1.0
22589_2c8f7c0b,22891_b8c84495,1.0
22589_2c8f7c0b,22378_234fea2c,1.0
20741_c337946f,23163_7b143a6f,1.0
20741_c337946f,21848_0fff9631,1.0
20741_c337946f,22053_de30641b,1.0
20741_c337946f,22891_b8c84495,1.0
20741_c337946f,22378_234fea2c,1.0
20237_06b27bf5,20502_58b65de9,1.0
20237_06b27bf5,21982_bdafa78d,0.7999999999999999
20237_06b27bf5,23170_6ea8ded5,0.7999999999999999
20237_06b27bf5,22141_5db99710,0.7999999999999999
20237_06b27bf5,21603_98a15295,0.7999999999999999
20431_0088a0dd,21202_e452c491,0.7999999999999999
20431_0088a0dd,20278_d442e77d,0.7999999999999999
20431_0088a0dd,22729_232da678,0.7999999999999999
20431_0088a0dd,22199_8ec9eeb2,0.7999999999999999
20431_0088a0dd,22440_014f1bac,0.7999999999999999
22417_4a15d62e,20245_f1b25d43,1.0
22417_4a15d62e,20745_3e22ad07,1.0
22417_4a15d62e,21316_69ed56f5,0.7999999999999999
22417_4a15d62e,21839_a8eb6d34,0.7999999999999999
22417_4a15d62e,22419_dfeb5d33,0.7999999999999999
20672_0bc07cce,23163_7b143a6f,1.0
20672_0bc07cce,21848_0fff9631,1.0
20672_0bc07cce,22053_de30641b,1.0
20672_0bc07cce,22891_b8c84495,1.0
20672_0bc07cce,22378_234fea2c,1.0
21616_c6c3347a,23163_7b143a6f,1.0
21616_c6c3347a,21848_0fff9631,1.0
21616_c6c3347a,22053_de30641b,1.0
21616_c6c3347a,22891_b8c84495,1.0
21616_c6c3347a,22378_234fea2c,1.0
22576_d05619d1,22421_19401bdd,0.7999999999999999
22576_d05619d1,20697_d3e106b4,0.7999999999999999
22576_d05619d1,22419_dfeb5d33,0.7999999999999999
22576_d05619d1,22428_c1ffa51a,0.7999999999999999
22576_d05619d1,23217_7c6062e3,0.7999999999999999
20946_6573271d,21448_5646a1b6,1.0
20946_6573271d,23103_43bde2a6,1.0
20946_6573271d,20758_cdccf572,1.0
20946_6573271d,20807_88c198d5,1.0
20946_6573271d,21825_ce32b0a0,1.0
22483_f4e4b62a,20787_ed64ff5e,0.7999999999999999
22483_f4e4b62a,20246_40be7668,0.7999999999999999
22483_f4e4b62a,21582_a3d32115,0.7999999999999999
22483_f4e4b62a,22430_c6f08b03,0.7999999999999999
22483_f4e4b62a,22413_901f5867,0.7999999999999999
20467_f1fcc009,21459_a9de5e5b,1.0
20467_f1fcc009,23239_ba13cf5e,0.7999999999999999
20467_f1fcc009,21806_616e985a,0.7999999999999999
20467_f1fcc009,20495_e8e7e80c,0.7999999999999999
20467_f1fcc009,23218_02d26ab4,0.7999999999999999
20279_aed6b3b3,22421_19401bdd,0.7999999999999999
20279_aed6b3b3,20697_d3e106b4,0.7999999999999999
20279_aed6b3b3,22419_dfeb5d33,0.7999999999999999
20279_aed6b3b3,22428_c1ffa51a,0.7999999999999999
20279_aed6b3b3,23217_7c6062e3,0.7999999999999999
22058_71feafda,23163_7b143a6f,1.0
22058_71feafda,21848_0fff9631,1.0
22058_71feafda,22053_de30641b,1.0
22058_71feafda,22891_b8c84495,1.0
22058_71feafda,22378_234fea2c,1.0
23413_6702ec7f,21202_e452c491,0.7999999999999999
23413_6702ec7f,20278_d442e77d,0.7999999999999999
23413_6702ec7f,22729_232da678,0.7999999999999999
23413_6702ec7f,22199_8ec9eeb2,0.7999999999999999
23413_6702ec7f,22440_014f1bac,0.7999999999999999
21093_1bda9bbe,21700_28d193ac,0.7999999999999999
21093_1bda9bbe,21580_b8b2571b,0.7999999999999999
21093_1bda9bbe,22827_f33929ec,0.7999999999999999
21093_1bda9bbe,21809_8bd6b10e,0.7999999999999999
21093_1bda9bbe,22076_20e8a107,0.7999999999999999
20544_43691724,21700_28d193ac,0.7999999999999999
20544_43691724,21580_b8b2571b,0.7999999999999999
20544_43691724,22827_f33929ec,0.7999999999999999
20544_43691724,21809_8bd6b10e,0.7999999999999999
20544_43691724,22076_20e8a107,0.7999999999999999
22764_b884dce6,21700_28d193ac,0.7999999999999999
22764_b884dce6,21580_b8b2571b,0.7999999999999999
22764_b884dce6,22827_f33929ec,0.7999999999999999
22764_b884dce6,21809_8bd6b10e,0.7999999999999999
22764_b884dce6,22076_20e8a107,0.7999999999999999
21069_508a9947,20787_ed64ff5e,0.7999999999999999
21069_508a9947,22483_f4e4b62a,0.7999999999999999
21069_508a9947,22430_c6f08b03,0.7999999999999999
21069_508a9947,22413_901f5867,0.7999999999999999
21069_508a9947,21352_d60bc953,0.7999999999999999
20959_d4905d19,22421_19401bdd,0.7999999999999999
20959_d4905d19,20697_d3e106b4,0.7999999999999999
20959_d4905d19,22419_dfeb5d33,0.7999999999999999
20959_d4905d19,22428_c1ffa51a,0.7999999999999999
20959_d4905d19,23217_7c6062e3,0.7999999999999999
20421_83f66ddc,20414_a33bd0d7,0.7999999999999999
20421_83f66ddc,21600_0027c6fc,0.7999999999999999
20421_83f66ddc,22062_2d6b3b72,0.7999999999999999
20421_83f66ddc,23034_b38134ee,0.7999999999999999
20421_83f66ddc,21625_d5d4c9a7,0.7999999999999999
22472_f65d3470,23163_7b143a6f,1.0
22472_f65d3470,21848_0fff9631,1.0
22472_f65d3470,22053_de30641b,1.0
22472_f65d3470,22891_b8c84495,1.0
22472_f65d3470,22378_234fea2c,1.0
20260_4a01a99d,20533_0a3e112b,1.0
20260_4a01a99d,20293_a1999339,1.0
20260_4a01a99d,20500_e88d8065,1.0
20260_4a01a99d,20165_2b088be5,1.0
20260_4a01a99d,20622_38dd90d0,1.0
23309_76dcf100,22421_19401bdd,1.0
23309_76dcf100,23310_7daded69,1.0
23309_76dcf100,22893_eb8aa8ac,1.0
23309_76dcf100,20799_213bf924,1.0
23309_76dcf100,21174_861bd902,1.0
21790_aaf9224a,21009_907a2a95,1.0
21790_aaf9224a,21552_4e9c19b1,1.0
21790_aaf9224a,21496_f4025ad5,1.0
21790_aaf9224a,23305_2662b29a,1.0
21790_aaf9224a,22729_232da678,1.0
23152_6f2706c9,20815_b3d9e6c9,1.0
23152_6f2706c9,21695_1f33863f,1.0
23152_6f2706c9,22078_1758e9fc,1.0
23152_6f2706c9,22062_2d6b3b72,1.0
23152_6f2706c9,21185_ac5324ba,1.0
21257_770fee9a,21448_5646a1b6,1.0
21257_770fee9a,23103_43bde2a6,1.0
21257_770fee9a,20758_cdccf572,1.0
21257_770fee9a,20807_88c198d5,1.0
21257_770fee9a,21825_ce32b0a0,1.0
22306_c3dca308,23273_8f301ce3,0.7999999999999999
22306_c3dca308,21492_8bd34fc1,0.7999999999999999
22306_c3dca308,22415_658c81dd,0.7999999999999999
22306_c3dca308,21722_68aeba65,0.7999999999999999
22306_c3dca308,22211_b1ee53f0,0.7999999999999999
20628_e0551f7c,20329_414757bb,1.0
20628_e0551f7c,20239_49b65a55,1.0
20628_e0551f7c,19810_f77c5501,1.0
20628_e0551f7c,20899_a8d7c6d5,1.0
20628_e0551f7c,20141_b9376856,1.0
20838_86c931be,23239_ba13cf5e,0.7999999999999999
20838_86c931be,22261_6efe61e3,0.7999999999999999
20838_86c931be,21469_abec26c4,0.7999999999999999
20838_86c931be,20495_e8e7e80c,0.7999999999999999
20838_86c931be,23218_02d26ab4,0.7999999999999999
22154_24342da4,21448_5646a1b6,1.0
22154_24342da4,23103_43bde2a6,1.0
22154_24342da4,20758_cdccf572,1.0
22154_24342da4,20807_88c198d5,1.0
22154_24342da4,21825_ce32b0a0,1.0
22980_3cb3bcc8,21009_907a2a95,1.0
22980_3cb3bcc8,21552_4e9c19b1,1.0
22980_3cb3bcc8,21496_f4025ad5,1.0
22980_3cb3bcc8,23305_2662b29a,1.0
22980_3cb3bcc8,22729_232da678,1.0
20478_c02790cb,20469_b6211bfd,1.0
20478_c02790cb,20479_77930584,1.0
20478_c02790cb,20193_2da4f0a0,1.0
20478_c02790cb,20291_42287610,1.0
20478_c02790cb,20406_dacb0300,1.0
20477_633cca4f,22027_11a2e852,1.0
20477_633cca4f,21685_93737a7a,1.0
20477_633cca4f,20421_0fd51709,1.0
20477_633cca4f,22421_19401bdd,0.7999999999999999
20477_633cca4f,21204_96d26a7f,0.7999999999999999
20225_4ce6d59b,22892_68138f24,0.7999999999999999
20225_4ce6d59b,21186_d1698d8c,0.7999999999999999
20225_4ce6d59b,22434_2ad62ed6,0.7999999999999999
20225_4ce6d59b,20419_8ce893b6,0.7999999999999999
20225_4ce6d59b,20237_06b27bf5,0.7999999999999999
20797_78b83489,21009_907a2a95,1.0
20797_78b83489,21552_4e9c19b1,1.0
20797_78b83489,21496_f4025ad5,1.0
20797_78b83489,23305_2662b29a,1.0
20797_78b83489,22729_232da678,1.0
23376_9b48819a,21700_28d193ac,0.7999999999999999
23376_9b48819a,21580_b8b2571b,0.7999999999999999
23376_9b48819a,22827_f33929ec,0.7999999999999999
23376_9b48819a,21809_8bd6b10e,0.7999999999999999
23376_9b48819a,22076_20e8a107,0.7999999999999999
22534_e899f645,21202_e452c491,0.7999999999999999
22534_e899f645,20278_d442e77d,0.7999999999999999
22534_e899f645,22729_232da678,0.7999999999999999
22534_e899f645,22199_8ec9eeb2,0.7999999999999999
22534_e899f645,22440_014f1bac,0.7999999999999999
22079_31335df2,21582_a3d32115,0.7999999999999999
22079_31335df2,21244_24c3ce72,0.7999999999999999
22079_31335df2,22413_901f5867,0.7999999999999999
22079_31335df2,23235_f9ccb8b0,0.7999999999999999
22079_31335df2,21352_d60bc953,0.7999999999999999
22414_14ead4a3,21271_ec7f62b8,1.0
22414_14ead4a3,22678_ff42f120,1.0
22414_14ead4a3,22762_dcbdd14d,1.0
22414_14ead4a3,21497_9833a679,1.0
22414_14ead4a3,22245_ca848576,1.0
23313_210c6783,21009_907a2a95,1.0
23313_210c6783,21552_4e9c19b1,1.0
23313_210c6783,21496_f4025ad5,1.0
23313_210c6783,23305_2662b29a,1.0
23313_210c6783,22729_232da678,1.0
21600_0027c6fc,23366_cc0bc28e,1.0
21600_0027c6fc,23354_8182b4eb,1.0
21600_0027c6fc,21715_53df62c9,1.0
21600_0027c6fc,23238_3c864758,1.0
21600_0027c6fc,22074_c0265b0d,1.0
21081_72fa4ad1,22421_19401bdd,1.0
21081_72fa4ad1,23310_7daded69,1.0
21081_72fa4ad1,22893_eb8aa8ac,1.0
21081_72fa4ad1,20799_213bf924,1.0
21081_72fa4ad1,21174_861bd902,1.0
21423_196855d1,23163_7b143a6f,1.0
21423_196855d1,21848_0fff9631,1.0
21423_196855d1,22053_de30641b,1.0
21423_196855d1,22891_b8c84495,1.0
21423_196855d1,22378_234fea2c,1.0
22670_9353c710,20787_ed64ff5e,0.7999999999999999
22670_9353c710,22483_f4e4b62a,0.7999999999999999
22670_9353c710,21582_a3d32115,0.7999999999999999
22670_9353c710,22430_c6f08b03,0.7999999999999999
22670_9353c710,22413_901f5867,0.7999999999999999
20421_38b63ca5,20421_49bd1188,1.0
20421_38b63ca5,20520_7e357152,1.0
20421_38b63ca5,20389_c835706f,1.0
20421_38b63ca5,21592_c5e77a82,0.7999999999999999
20421_38b63ca5,23409_e27e3b8b,0.7999999999999999
21718_1551037b,20787_ed64ff5e,0.7999999999999999
21718_1551037b,22483_f4e4b62a,0.7999999999999999
21718_1551037b,21582_a3d32115,0.7999999999999999
21718_1551037b,22430_c6f08b03,0.7999999999999999
21718_1551037b,22413_901f5867,0.7999999999999999
20585_09b72895,21271_ec7f62b8,1.0
20585_09b72895,22678_ff42f120,1.0
20585_09b72895,22762_dcbdd14d,1.0
20585_09b72895,21497_9833a679,1.0
20585_09b72895,22245_ca848576,1.0
21828_21ab2114,21271_ec7f62b8,1.0
21828_21ab2114,22678_ff42f120,1.0
21828_21ab2114,22762_dcbdd14d,1.0
21828_21ab2114,21497_9833a679,1.0
21828_21ab2114,22245_ca848576,1.0
20511_e1b972aa,19810_f77c5501,1.0
20511_e1b972aa,20163_3742f394,1.0
20511_e1b972aa,20899_a8d7c6d5,1.0
20511_e1b972aa,20141_b9376856,1.0
20511_e1b972aa,20215_e2eb3082,1.0
22671_fdd1b1e6,23163_7b143a6f,1.0
22671_fdd1b1e6,21848_0fff9631,1.0
22671_fdd1b1e6,22053_de30641b,1.0
22671_fdd1b1e6,22891_b8c84495,1.0
22671_fdd1b1e6,22378_234fea2c,1.0
21139_cd619b26,23163_7b143a6f,1.0
21139_cd619b26,21848_0fff9631,1.0
21139_cd619b26,22053_de30641b,1.0
21139_cd619b26,22891_b8c84495,1.0
21139_cd619b26,22378_234fea2c,1.0
23184_731e5af0,23163_7b143a6f,1.0
23184_731e5af0,21848_0fff9631,1.0
23184_731e5af0,22053_de30641b,1.0
23184_731e5af0,22891_b8c84495,1.0
23184_731e5af0,22378_234fea2c,1.0
20990_0a226634,20792_d2ea0500,0.7999999999999999
20990_0a226634,21478_8fbd4409,0.7999999999999999
20990_0a226634,22080_594bcb66,0.7999999999999999
20990_0a226634,23438_b1ef78f4,0.7999999999999999
20990_0a226634,22434_2ad62ed6,0.6
20586_cbec2689,23239_ba13cf5e,0.7999999999999999
20586_cbec2689,20804_0dcacc66,0.7999999999999999
20586_cbec2689,20958_94222947,0.7999999999999999
20586_cbec2689,21761_fdb5f86d,0.7999999999999999
20586_cbec2689,20231_f54462bb,0.7999999999999999
20182_71b9e491,21202_e452c491,0.7999999999999999
20182_71b9e491,20278_d442e77d,0.7999999999999999
20182_71b9e491,22729_232da678,0.7999999999999999
20182_71b9e491,22199_8ec9eeb2,0.7999999999999999
20182_71b9e491,22440_014f1bac,0.7999999999999999
22981_93f268ae,23039_b3d04774,1.0
22981_93f268ae,20469_b6211bfd,0.7999999999999999
22981_93f268ae,23021_047d1f8a,0.7999999999999999
22981_93f268ae,21469_abec26c4,0.7999999999999999
22981_93f268ae,20951_2918f2fa,0.7999999999999999
20989_d1b8b0f8,19810_f77c5501,1.0
20989_d1b8b0f8,20163_3742f394,1.0
20989_d1b8b0f8,20141_b9376856,1.0
20989_d1b8b0f8,20215_e2eb3082,1.0
20989_d1b8b0f8,21202_e452c491,1.0
20451_557fe5cd,20216_89b90993,1.0
20451_557fe5cd,20451_84d8b290,1.0
20451_557fe5cd,20384_767d849a,1.0
20451_557fe5cd,20429_9dd95c38,1.0
20451_557fe5cd,20989_885bd9b9,1.0
22825_f4c18d65,23163_7b143a6f,1.0
22825_f4c18d65,21848_0fff9631,1.0
22825_f4c18d65,22053_de30641b,1.0
22825_f4c18d65,22891_b8c84495,1.0
22825_f4c18d65,22378_234fea2c,1.0
20533_0a3e112b,20293_a1999339,1.0
20533_0a3e112b,20500_e88d8065,1.0
20533_0a3e112b,20260_4a01a99d,1.0
20533_0a3e112b,20165_2b088be5,1.0
20533_0a3e112b,20622_38dd90d0,1.0
22196_e5bf8c9d,22196_0deb2e34,1.0
22196_e5bf8c9d,22197_94c66357,1.0
22196_e5bf8c9d,20676_9715ec9c,1.0
22196_e5bf8c9d,21292_f94bd96b,0.7999999999999999
22196_e5bf8c9d,22440_014f1bac,0.7999999999999999
21165_5cb2d287,23163_7b143a6f,1.0
21165_5cb2d287,21848_0fff9631,1.0
21165_5cb2d287,22053_de30641b,1.0
21165_5cb2d287,22891_b8c84495,1.0
21165_5cb2d287,22378_234fea2c,1.0
23101_6aec02ee,22421_19401bdd,1.0
23101_6aec02ee,23310_7daded69,1.0
23101_6aec02ee,22893_eb8aa8ac,1.0
23101_6aec02ee,20799_213bf924,1.0
23101_6aec02ee,21174_861bd902,1.0
20817_ef63b1a7,23366_cc0bc28e,1.0
20817_ef63b1a7,23354_8182b4eb,1.0
20817_ef63b1a7,21715_53df62c9,1.0
20817_ef63b1a7,23238_3c864758,1.0
20817_ef63b1a7,22074_c0265b0d,1.0
22141_5db99710,21271_ec7f62b8,1.0
22141_5db99710,22678_ff42f120,1.0
22141_5db99710,21497_9833a679,1.0
22141_5db99710,22245_ca848576,1.0
22141_5db99710,22095_af226cbc,1.0
20860_b8e9a191,21009_907a2a95,1.0
20860_b8e9a191,21552_4e9c19b1,1.0
20860_b8e9a191,21496_f4025ad5,1.0
20860_b8e9a191,23305_2662b29a,1.0
20860_b8e9a191,22729_232da678,1.0
21610_5dcf1187,23163_7b143a6f,1.0
21610_5dcf1187,21848_0fff9631,1.0
21610_5dcf1187,22053_de30641b,1.0
21610_5dcf1187,22891_b8c84495,1.0
21610_5dcf1187,22378_234fea2c,1.0
20285_b64b1a7e,23152_6f2706c9,0.7999999999999999
20285_b64b1a7e,21737_87d83240,0.7999999999999999
20285_b64b1a7e,23034_b38134ee,0.7999999999999999
20285_b64b1a7e,21625_d5d4c9a7,0.7999999999999999
20285_b64b1a7e,22224_1e749c32,0.7999999999999999
21741_c6faf98e,22581_406c16c4,1.0
21741_c6faf98e,23123_f35404c4,1.0
21741_c6faf98e,23282_a1b17daa,1.0
21741_c6faf98e,22056_79373464,1.0
21741_c6faf98e,23162_7e2f3d77,1.0
21377_19909a40,21009_907a2a95,1.0
21377_19909a40,21552_4e9c19b1,1.0
21377_19909a40,21496_f4025ad5,1.0
21377_19909a40,23305_2662b29a,1.0
21377_19909a40,22729_232da678,1.0
23174_8ef93daf,21009_907a2a95,1.0
23174_8ef93daf,21552_4e9c19b1,1.0
23174_8ef93daf,21496_f4025ad5,1.0
23174_8ef93daf,23305_2662b29a,1.0
23174_8ef93daf,22729_232da678,1.0
22448_1f21757a,21009_907a2a95,1.0
22448_1f21757a,21552_4e9c19b1,1.0
22448_1f21757a,21496_f4025ad5,1.0
22448_1f21757a,23305_2662b29a,1.0
22448_1f21757a,22729_232da678,1.0
21621_711e1918,21009_907a2a95,1.0
21621_711e1918,21552_4e9c19b1,1.0
21621_711e1918,21496_f4025ad5,1.0
21621_711e1918,23305_2662b29a,1.0
21621_711e1918,22729_232da678,1.0
22261_6efe61e3,23239_ba13cf5e,0.7999999999999999
22261_6efe61e3,21610_5dcf1187,0.7999999999999999
22261_6efe61e3,21469_abec26c4,0.7999999999999999
22261_6efe61e3,20495_e8e7e80c,0.7999999999999999
22261_6efe61e3,23218_02d26ab4,0.7999999999999999
20495_e8e7e80c,20469_b6211bfd,1.0
20495_e8e7e80c,20479_77930584,1.0
20495_e8e7e80c,20193_2da4f0a0,1.0
20495_e8e7e80c,20478_c02790cb,1.0
20495_e8e7e80c,20291_42287610,1.0
23282_a1b17daa,22581_406c16c4,1.0
23282_a1b17daa,23123_f35404c4,1.0
23282_a1b17daa,21741_c6faf98e,1.0
23282_a1b17daa,22056_79373464,1.0
23282_a1b17daa,23162_7e2f3d77,1.0
22078_1758e9fc,20817_ef63b1a7,1.0
22078_1758e9fc,22062_2d6b3b72,1.0
22078_1758e9fc,21600_0027c6fc,1.0
22078_1758e9fc,21625_d5d4c9a7,1.0
22078_1758e9fc,23366_cc0bc28e,1.0
21744_5ae4d9d5,21739_57582b8f,1.0
21744_5ae4d9d5,21700_28d193ac,0.7999999999999999
21744_5ae4d9d5,20622_38dd90d0,0.7999999999999999
21744_5ae4d9d5,22827_f33929ec,0.7999999999999999
21744_5ae4d9d5,21809_8bd6b10e,0.7999999999999999
22812_cf865ed1,22654_4c426b0f,0.7999999999999999
22812_cf865ed1,23468_a0bfb573,0.7999999999999999
22812_cf865ed1,22678_ff42f120,0.7999999999999999
22812_cf865ed1,22311_553b3456,0.7999999999999999
22812_cf865ed1,21958_e48ddf4e,0.7999999999999999
21566_ff590631,21009_907a2a95,1.0
21566_ff590631,21552_4e9c19b1,1.0
21566_ff590631,21496_f4025ad5,1.0
21566_ff590631,23305_2662b29a,1.0
21566_ff590631,22729_232da678,1.0
21337_062b39fa,21700_28d193ac,0.7999999999999999
21337_062b39fa,21580_b8b2571b,0.7999999999999999
21337_062b39fa,22827_f33929ec,0.7999999999999999
21337_062b39fa,22076_20e8a107,0.7999999999999999
21337_062b39fa,21809_8bd6b10e,0.7999999999999999
23467_9f431540,22421_19401bdd,0.7999999999999999
23467_9f431540,20697_d3e106b4,0.7999999999999999
23467_9f431540,22419_dfeb5d33,0.7999999999999999
23467_9f431540,22428_c1ffa51a,0.7999999999999999
23467_9f431540,23217_7c6062e3,0.7999999999999999
22434_2ad62ed6,21271_ec7f62b8,1.0
22434_2ad62ed6,22678_ff42f120,1.0
22434_2ad62ed6,22762_dcbdd14d,1.0
22434_2ad62ed6,21497_9833a679,1.0
22434_2ad62ed6,22245_ca848576,1.0
22236_db209dff,21448_5646a1b6,1.0
22236_db209dff,22508_6bb410af,1.0
22236_db209dff,20807_88c198d5,1.0
22236_db209dff,21825_ce32b0a0,1.0
22236_db209dff,22136_a539c50b,1.0
20951_2918f2fa,23163_7b143a6f,1.0
20951_2918f2fa,21848_0fff9631,1.0
20951_2918f2fa,22053_de30641b,1.0
20951_2918f2fa,22891_b8c84495,1.0
20951_2918f2fa,22378_234fea2c,1.0
21186_d1698d8c,22892_68138f24,0.7999999999999999
21186_d1698d8c,22434_2ad62ed6,0.7999999999999999
21186_d1698d8c,20680_b095cb77,0.7999999999999999
21186_d1698d8c,20419_8ce893b6,0.7999999999999999
21186_d1698d8c,20237_06b27bf5,0.7999999999999999
20609_69f28932,21271_ec7f62b8,1.0
20609_69f28932,22678_ff42f120,1.0
20609_69f28932,22762_dcbdd14d,1.0
20609_69f28932,21497_9833a679,1.0
20609_69f28932,22245_ca848576,1.0
22064_e1ba20dd,23163_7b143a6f,1.0
22064_e1ba20dd,21848_0fff9631,1.0
22064_e1ba20dd,22053_de30641b,1.0
22064_e1ba20dd,22891_b8c84495,1.0
22064_e1ba20dd,22378_234fea2c,1.0
21008_a3fec63b,20688_955aae0c,1.0
21008_a3fec63b,21202_e452c491,0.7999999999999999
21008_a3fec63b,21566_ff590631,0.7999999999999999
21008_a3fec63b,22448_1f21757a,0.7999999999999999
21008_a3fec63b,21621_711e1918,0.7999999999999999
21739_57582b8f,21744_5ae4d9d5,1.0
21739_57582b8f,21700_28d193ac,0.7999999999999999
21739_57582b8f,20622_38dd90d0,0.7999999999999999
21739_57582b8f,22827_f33929ec,0.7999999999999999
21739_57582b8f,21809_8bd6b10e,0.7999999999999999
21990_7bb6efcf,21448_5646a1b6,1.0
21990_7bb6efcf,22236_db209dff,1.0
21990_7bb6efcf,20758_cdccf572,1.0
21990_7bb6efcf,20807_88c198d5,1.0
21990_7bb6efcf,21825_ce32b0a0,1.0
22357_e2f7b060,20787_ed64ff5e,0.7999999999999999
22357_e2f7b060,22670_9353c710,0.7999999999999999
22357_e2f7b060,22430_c6f08b03,0.7999999999999999
22357_e2f7b060,22413_901f5867,0.7999999999999999
22357_e2f7b060,21352_d60bc953,0.7999999999999999
23021_047d1f8a,23163_7b143a6f,1.0
23021_047d1f8a,21848_0fff9631,1.0
23021_047d1f8a,22053_de30641b,1.0
23021_047d1f8a,22891_b8c84495,1.0
23021_047d1f8a,22378_234fea2c,1.0
20812_462bd352,23163_7b143a6f,1.0
20812_462bd352,21848_0fff9631,1.0
20812_462bd352,22053_de30641b,1.0
20812_462bd352,22891_b8c84495,1.0
20812_462bd352,22378_234fea2c,1.0
21119_4f5c95a6,23163_7b143a6f,1.0
21119_4f5c95a6,21848_0fff9631,1.0
21119_4f5c95a6,22053_de30641b,1.0
21119_4f5c95a6,22891_b8c84495,1.0
21119_4f5c95a6,22378_234fea2c,1.0
21174_861bd902,22421_19401bdd,1.0
21174_861bd902,23310_7daded69,1.0
21174_861bd902,22893_eb8aa8ac,1.0
21174_861bd902,20799_213bf924,1.0
21174_861bd902,23101_6aec02ee,1.0
22057_4947db57,21271_ec7f62b8,1.0
22057_4947db57,22678_ff42f120,1.0
22057_4947db57,22762_dcbdd14d,1.0
22057_4947db57,21497_9833a679,1.0
22057_4947db57,22245_ca848576,1.0
20858_15bdad00,21009_907a2a95,1.0
20858_15bdad00,21552_4e9c19b1,1.0
20858_15bdad00,21496_f4025ad5,1.0
20858_15bdad00,23305_2662b29a,1.0
20858_15bdad00,22729_232da678,1.0
20384_767d849a,20216_89b90993,1.0
20384_767d849a,20989_885bd9b9,1.0
20384_767d849a,20429_9dd95c38,1.0
20384_767d849a,20429_419c4cdd,1.0
20384_767d849a,20451_557fe5cd,1.0
22059_b7d76712,21009_907a2a95,1.0
22059_b7d76712,21552_4e9c19b1,1.0
22059_b7d76712,21496_f4025ad5,1.0
22059_b7d76712,23305_2662b29a,1.0
22059_b7d76712,22729_232da678,1.0
22197_94c66357,22196_e5bf8c9d,1.0
22197_94c66357,20676_9715ec9c,1.0
22197_94c66357,22196_0deb2e34,1.0
22197_94c66357,22266_078a1f68,0.7999999999999999
22197_94c66357,21601_360ce1c7,0.7999999999999999
22080_594bcb66,23438_b1ef78f4,1.0
22080_594bcb66,22761_ca309655,0.7999999999999999
22080_594bcb66,22762_dcbdd14d,0.7999999999999999
22080_594bcb66,21836_5bc91e49,0.7999999999999999
22080_594bcb66,21840_6847d36c,0.7999999999999999
21450_ea24ffcc,22076_20e8a107,1.0
21450_ea24ffcc,21063_037107dc,1.0
21450_ea24ffcc,23251_3eb3d2e6,1.0
21450_ea24ffcc,22081_ab3124af,1.0
21450_ea24ffcc,22827_f33929ec,1.0
20799_213bf924,22421_19401bdd,1.0
20799_213bf924,23310_7daded69,1.0
20799_213bf924,22893_eb8aa8ac,1.0
20799_213bf924,21174_861bd902,1.0
20799_213bf924,23101_6aec02ee,1.0
20504_c9e14c9d,20157_db99ab88,1.0
20504_c9e14c9d,20414_a33bd0d7,1.0
20504_c9e14c9d,23245_ccd099b6,0.7999999999999999
20504_c9e14c9d,23366_cc0bc28e,0.7999999999999999
20504_c9e14c9d,20989_d1b8b0f8,0.7999999999999999
21533_8837772a,20958_94222947,1.0
21533_8837772a,23096_7da0f913,1.0
21533_8837772a,20671_33532794,1.0
21533_8837772a,23158_c7e753c2,0.7999999999999999
21533_8837772a,22839_113f2990,0.7999999999999999
20436_41b730a3,23239_ba13cf5e,0.7999999999999999
20436_41b730a3,21610_5dcf1187,0.7999999999999999
20436_41b730a3,23406_1d36b046,0.7999999999999999
20436_41b730a3,22261_6efe61e3,0.7999999999999999
20436_41b730a3,23218_02d26ab4,0.7999999999999999
20229_d1ae2ae3,21202_e452c491,0.7999999999999999
20229_d1ae2ae3,20278_d442e77d,0.7999999999999999
20229_d1ae2ae3,22729_232da678,0.7999999999999999
20229_d1ae2ae3,22199_8ec9eeb2,0.7999999999999999
20229_d1ae2ae3,22440_014f1bac,0.7999999999999999
21244_d67bbabc,22581_406c16c4,1.0
21244_d67bbabc,23123_f35404c4,1.0
21244_d67bbabc,21741_c6faf98e,1.0
21244_d67bbabc,23282_a1b17daa,1.0
21244_d67bbabc,23162_7e2f3d77,1.0
23318_65e3a7c9,21202_e452c491,0.7999999999999999
23318_65e3a7c9,20278_d442e77d,0.7999999999999999
23318_65e3a7c9,22729_232da678,0.7999999999999999
23318_65e3a7c9,22199_8ec9eeb2,0.7999999999999999
23318_65e3a7c9,22440_014f1bac,0.7999999999999999
22893_eb8aa8ac,22421_19401bdd,1.0
22893_eb8aa8ac,23310_7daded69,1.0
22893_eb8aa8ac,20799_213bf924,1.0
22893_eb8aa8ac,21174_861bd902,1.0
22893_eb8aa8ac,23101_6aec02ee,1.0
23409_e27e3b8b,21009_907a2a95,1.0
23409_e27e3b8b,21989_a0b5037d,1.0
23409_e27e3b8b,23331_192866b6,1.0
23409_e27e3b8b,21550_0b16151d,1.0
23409_e27e3b8b,22228_1c82530b,1.0
22066_308cdcfe,21009_907a2a95,1.0
22066_308cdcfe,21989_a0b5037d,1.0
22066_308cdcfe,23331_192866b6,1.0
22066_308cdcfe,21550_0b16151d,1.0
22066_308cdcfe,22228_1c82530b,1.0
23363_60e39812,21009_907a2a95,1.0
23363_60e39812,21989_a0b5037d,1.0
23363_60e39812,23331_192866b6,1.0
23363_60e39812,21550_0b16151d,1.0
23363_60e39812,22228_1c82530b,1.0
20737_5249e274,22421_19401bdd,1.0
20737_5249e274,23310_7daded69,1.0
20737_5249e274,20799_213bf924,1.0
20737_5249e274,21174_861bd902,1.0
20737_5249e274,23101_6aec02ee,1.0
23329_6939d5d9,22421_19401bdd,0.7999999999999999
23329_6939d5d9,20697_d3e106b4,0.7999999999999999
23329_6939d5d9,22419_dfeb5d33,0.7999999999999999
23329_6939d5d9,22428_c1ffa51a,0.7999999999999999
23329_6939d5d9,23217_7c6062e3,0.7999999999999999
21884_cc2c39f9,23152_6f2706c9,0.7999999999999999
21884_cc2c39f9,22062_2d6b3b72,0.7999999999999999
21884_cc2c39f9,23034_b38134ee,0.7999999999999999
21884_cc2c39f9,21048_75cc125c,0.7999999999999999
21884_cc2c39f9,21625_d5d4c9a7,0.7999999999999999
20231_f54462bb,20469_b6211bfd,1.0
20231_f54462bb,20392_8b23d193,1.0
20231_f54462bb,20332_0c2a24aa,1.0
20231_f54462bb,20241_8c0d3f83,1.0
20231_f54462bb,20406_dacb0300,1.0
20322_5a8c6077,20322_daa5c577,1.0
20322_5a8c6077,21202_e452c491,0.7999999999999999
20322_5a8c6077,23414_f7d4a688,0.7999999999999999
20322_5a8c6077,22199_8ec9eeb2,0.7999999999999999
20322_5a8c6077,22440_014f1bac,0.7999999999999999
22528_f3370a64,22076_20e8a107,1.0
22528_f3370a64,21063_037107dc,1.0
22528_f3370a64,22081_ab3124af,1.0
22528_f3370a64,22827_f33929ec,1.0
22528_f3370a64,21450_ea24ffcc,1.0
22168_a84560a9,22421_19401bdd,0.7999999999999999
22168_a84560a9,23309_76dcf100,0.7999999999999999
22168_a84560a9,21839_a8eb6d34,0.7999999999999999
22168_a84560a9,22419_dfeb5d33,0.7999999999999999
22168_a84560a9,22428_c1ffa51a,0.7999999999999999
21513_50fb4d62,21009_907a2a95,1.0
21513_50fb4d62,21989_a0b5037d,1.0
21513_50fb4d62,23331_192866b6,1.0
21513_50fb4d62,21550_0b16151d,1.0
21513_50fb4d62,22228_1c82530b,1.0
22043_041e1b7c,23163_7b143a6f,1.0
22043_041e1b7c,21848_0fff9631,1.0
22043_041e1b7c,22053_de30641b,1.0
22043_041e1b7c,22891_b8c84495,1.0
22043_041e1b7c,22378_234fea2c,1.0
21224_18ba4aba,21009_907a2a95,1.0
21224_18ba4aba,21989_a0b5037d,1.0
21224_18ba4aba,23331_192866b6,1.0
21224_18ba4aba,21550_0b16151d,1.0
21224_18ba4aba,22228_1c82530b,1.0
20246_40be7668,20351_dc6e4e1e,1.0
20246_40be7668,23195_2629864e,0.7999999999999999
20246_40be7668,22581_406c16c4,0.7999999999999999
20246_40be7668,21557_53eafe15,0.7999999999999999
20246_40be7668,23226_8d1b5098,0.7999999999999999
22837_7644c972,23163_7b143a6f,1.0
22837_7644c972,21848_0fff9631,1.0
22837_7644c972,22053_de30641b,1.0
22837_7644c972,22891_b8c84495,1.0
22837_7644c972,22378_234fea2c,1.0
22843_ff77027f,23163_7b143a6f,1.0
22843_ff77027f,21848_0fff9631,1.0
22843_ff77027f,22053_de30641b,1.0
22843_ff77027f,22891_b8c84495,1.0
22843_ff77027f,22378_234fea2c,1.0
23244_34b5f55e,23209_1592b0a4,1.0
23244_34b5f55e,23211_3aac9c7e,1.0
23244_34b5f55e,23219_40625e2c,1.0
23244_34b5f55e,23218_02d26ab4,1.0
23244_34b5f55e,23210_f535bfd2,1.0
21840_6847d36c,22057_4947db57,1.0
21840_6847d36c,23178_eb4b4280,1.0
21840_6847d36c,21497_9833a679,1.0
21840_6847d36c,22141_5db99710,1.0
21840_6847d36c,22216_4b032400,1.0
21282_b2d83538,21009_907a2a95,1.0
21282_b2d83538,21989_a0b5037d,1.0
21282_b2d83538,23331_192866b6,1.0
21282_b2d83538,21550_0b16151d,1.0
21282_b2d83538,22228_1c82530b,1.0
23176_1bf2a2d5,21009_907a2a95,1.0
23176_1bf2a2d5,21989_a0b5037d,1.0
23176_1bf2a2d5,23331_192866b6,1.0
23176_1bf2a2d5,21550_0b16151d,1.0
23176_1bf2a2d5,22228_1c82530b,1.0
23341_d5ead6d2,23239_ba13cf5e,0.7999999999999999
23341_d5ead6d2,21610_5dcf1187,0.7999999999999999
23341_d5ead6d2,21469_abec26c4,0.7999999999999999
23341_d5ead6d2,22261_6efe61e3,0.7999999999999999
23341_d5ead6d2,20495_e8e7e80c,0.7999999999999999
21503_34f299ca,21009_907a2a95,1.0
21503_34f299ca,21989_a0b5037d,1.0
21503_34f299ca,23331_192866b6,1.0
21503_34f299ca,21550_0b16151d,1.0
21503_34f299ca,22228_1c82530b,1.0
20322_daa5c577,20322_5a8c6077,1.0
20322_daa5c577,23414_f7d4a688,0.7999999999999999
20322_daa5c577,22199_8ec9eeb2,0.7999999999999999
20322_daa5c577,22440_014f1bac,0.7999999999999999
20322_daa5c577,20349_a12428da,0.7999999999999999
21531_79015e13,21009_907a2a95,1.0
21531_79015e13,21989_a0b5037d,1.0
21531_79015e13,23331_192866b6,1.0
21531_79015e13,21550_0b16151d,1.0
21531_79015e13,22228_1c82530b,1.0
22383_e5f707a7,21009_907a2a95,1.0
22383_e5f707a7,21989_a0b5037d,1.0
22383_e5f707a7,23331_192866b6,1.0
22383_e5f707a7,21550_0b16151d,1.0
22383_e5f707a7,22228_1c82530b,1.0
20779_fc5a7c3d,21202_e452c491,0.7999999999999999
20779_fc5a7c3d,20278_d442e77d,0.7999999999999999
20779_fc5a7c3d,22729_232da678,0.7999999999999999
20779_fc5a7c3d,22199_8ec9eeb2,0.7999999999999999
20779_fc5a7c3d,22440_014f1bac,0.7999999999999999
20910_c64b5d1b,23239_ba13cf5e,0.7999999999999999
20910_c64b5d1b,21610_5dcf1187,0.7999999999999999
20910_c64b5d1b,21469_abec26c4,0.7999999999999999
20910_c64b5d1b,22261_6efe61e3,0.7999999999999999
20910_c64b5d1b,20495_e8e7e80c,0.7999999999999999
21453_679a343c,23163_7b143a6f,1.0
21453_679a343c,23199_75dc1efd,1.0
21453_679a343c,22891_b8c84495,1.0
21453_679a343c,22378_234fea2c,1.0
21453_679a343c,21611_1d3ff1b6,1.0
23158_c7e753c2,23239_ba13cf5e,0.7999999999999999
23158_c7e753c2,21610_5dcf1187,0.7999999999999999
23158_c7e753c2,21469_abec26c4,0.7999999999999999
23158_c7e753c2,22261_6efe61e3,0.7999999999999999
23158_c7e753c2,20495_e8e7e80c,0.7999999999999999
21856_f84d9348,21009_907a2a95,1.0
21856_f84d9348,21989_a0b5037d,1.0
21856_f84d9348,23331_192866b6,1.0
21856_f84d9348,21550_0b16151d,1.0
21856_f84d9348,22228_1c82530b,1.0
20469_b6211bfd,20193_2da4f0a0,1.0
20469_b6211bfd,20291_42287610,1.0
20469_b6211bfd,20332_0c2a24aa,1.0
20469_b6211bfd,20479_77930584,1.0
20469_b6211bfd,20466_4b3e5186,1.0
22126_e1cca10f,21202_e452c491,0.7999999999999999
22126_e1cca10f,20278_d442e77d,0.7999999999999999
22126_e1cca10f,22729_232da678,0.7999999999999999
22126_e1cca10f,22199_8ec9eeb2,0.7999999999999999
22126_e1cca10f,22440_014f1bac,0.7999999999999999
20908_10574fbf,23163_7b143a6f,1.0
20908_10574fbf,23199_75dc1efd,1.0
20908_10574fbf,22891_b8c84495,1.0
20908_10574fbf,22378_234fea2c,1.0
20908_10574fbf,21611_1d3ff1b6,1.0
23096_7da0f913,20958_94222947,1.0
23096_7da0f913,21533_8837772a,1.0
23096_7da0f913,20671_33532794,1.0
23096_7da0f913,21453_679a343c,0.7999999999999999
23096_7da0f913,20804_0dcacc66,0.7999999999999999
22072_5163223a,21009_907a2a95,1.0
22072_5163223a,21989_a0b5037d,1.0
22072_5163223a,23331_192866b6,1.0
22072_5163223a,21550_0b16151d,1.0
22072_5163223a,22228_1c82530b,1.0
23120_f7c9092f,21009_907a2a95,1.0
23120_f7c9092f,21989_a0b5037d,1.0
23120_f7c9092f,23331_192866b6,1.0
23120_f7c9092f,21550_0b16151d,1.0
23120_f7c9092f,22228_1c82530b,1.0
23438_b1ef78f4,22080_594bcb66,1.0
23438_b1ef78f4,22155_ab18f2b6,0.7999999999999999
23438_b1ef78f4,22659_0e686e14,0.7999999999999999
23438_b1ef78f4,21836_5bc91e49,0.7999999999999999
23438_b1ef78f4,22259_613f9d44,0.7999999999999999
22678_ff42f120,22057_4947db57,1.0
22678_ff42f120,23178_eb4b4280,1.0
22678_ff42f120,21497_9833a679,1.0
22678_ff42f120,22141_5db99710,1.0
22678_ff42f120,22216_4b032400,1.0
23194_b675acc0,20409_dafedec6,1.0
23194_b675acc0,23406_1d36b046,0.7999999999999999
23194_b675acc0,22261_6efe61e3,0.7999999999999999
23194_b675acc0,20495_e8e7e80c,0.7999999999999999
23194_b675acc0,23218_02d26ab4,0.7999999999999999
20406_dacb0300,20342_c140780b,1.0
20406_dacb0300,20291_42287610,1.0
20406_dacb0300,20332_0c2a24aa,1.0
20406_dacb0300,20479_77930584,1.0
20406_dacb0300,20466_4b3e5186,1.0
22228_1c82530b,21009_907a2a95,1.0
22228_1c82530b,21989_a0b5037d,1.0
22228_1c82530b,23331_192866b6,1.0
22228_1c82530b,23120_f7c9092f,1.0
22228_1c82530b,21550_0b16151d,1.0
23199_75dc1efd,23163_7b143a6f,1.0
23199_75dc1efd,21848_0fff9631,1.0
23199_75dc1efd,22891_b8c84495,1.0
23199_75dc1efd,22378_234fea2c,1.0
23199_75dc1efd,21611_1d3ff1b6,1.0
23310_7daded69,22421_19401bdd,1.0
23310_7daded69,20737_5249e274,1.0
23310_7daded69,20799_213bf924,1.0
23310_7daded69,21174_861bd902,1.0
23310_7daded69,23101_6aec02ee,1.0
21923_41fa6eda,22011_0832eefe,1.0
21923_41fa6eda,22092_897b0ffa,1.0
21923_41fa6eda,22778_7d85debd,1.0
21923_41fa6eda,22040_6461a147,1.0
21923_41fa6eda,20278_d442e77d,0.7999999999999999
20788_d25efea2,21009_907a2a95,1.0
20788_d25efea2,22228_1c82530b,1.0
20788_d25efea2,23331_192866b6,1.0
20788_d25efea2,23120_f7c9092f,1.0
20788_d25efea2,21550_0b16151d,1.0
20340_86125547,20188_98b86c0f,1.0
20340_86125547,22498_b8bdb105,1.0
20340_86125547,21785_d595ced5,1.0
20340_86125547,20469_b6211bfd,0.7999999999999999
20340_86125547,21634_e5e20375,0.7999999999999999
21958_e48ddf4e,22057_4947db57,1.0
21958_e48ddf4e,23178_eb4b4280,1.0
21958_e48ddf4e,21497_9833a679,1.0
21958_e48ddf4e,22141_5db99710,1.0
21958_e48ddf4e,22216_4b032400,1.0
16550_e88d6986,23163_7b143a6f,1.0
16550_e88d6986,21848_0fff9631,1.0
16550_e88d6986,22891_b8c84495,1.0
16550_e88d6986,23199_75dc1efd,1.0
16550_e88d6986,22378_234fea2c,1.0
21358_a69a36f3,21009_907a2a95,1.0
21358_a69a36f3,22228_1c82530b,1.0
21358_a69a36f3,23331_192866b6,1.0
21358_a69a36f3,23120_f7c9092f,1.0
21358_a69a36f3,21550_0b16151d,1.0
20701_6dcbc975,22076_20e8a107,1.0
20701_6dcbc975,21063_037107dc,1.0
20701_6dcbc975,22081_ab3124af,1.0
20701_6dcbc975,22827_f33929ec,1.0
20701_6dcbc975,21450_ea24ffcc,1.0
21924_bbd9f7a9,22421_19401bdd,1.0
21924_bbd9f7a9,20737_5249e274,1.0
21924_bbd9f7a9,20799_213bf924,1.0
21924_bbd9f7a9,21174_861bd902,1.0
21924_bbd9f7a9,23101_6aec02ee,1.0
20451_84d8b290,20451_557fe5cd,1.0
20451_84d8b290,20216_89b90993,1.0
20451_84d8b290,20429_419c4cdd,1.0
20451_84d8b290,20384_767d849a,1.0
20451_84d8b290,20989_885bd9b9,1.0
22085_e039a7d3,21009_907a2a95,1.0
22085_e039a7d3,22228_1c82530b,1.0
22085_e039a7d3,23331_192866b6,1.0
22085_e039a7d3,23120_f7c9092f,1.0
22085_e039a7d3,21550_0b16151d,1.0
22983_0ab3faaf,22057_4947db57,1.0
22983_0ab3faaf,23178_eb4b4280,1.0
22983_0ab3faaf,21497_9833a679,1.0
22983_0ab3faaf,22141_5db99710,1.0
22983_0ab3faaf,22216_4b032400,1.0
20947_115d4058,19518_f220b68a,1.0
20947_115d4058,22073_951645ae,0.7999999999999999
20947_115d4058,21634_e5e20375,0.7999999999999999
20947_115d4058,20951_2918f2fa,0.7999999999999999
20947_115d4058,22064_e1ba20dd,0.7999999999999999
23045_a8c4e4bc,21009_907a2a95,1.0
23045_a8c4e4bc,22228_1c82530b,1.0
23045_a8c4e4bc,23331_192866b6,1.0
23045_a8c4e4bc,23120_f7c9092f,1.0
23045_a8c4e4bc,21550_0b16151d,1.0
20259_de1ab632,20231_f54462bb,1.0
20259_de1ab632,20291_42287610,1.0
20259_de1ab632,20332_0c2a24aa,1.0
20259_de1ab632,20376_eefa9511,1.0
20259_de1ab632,20479_77930584,1.0
22367_b4a67e61,21448_5646a1b6,1.0
22367_b4a67e61,21564_fa5b2db7,1.0
22367_b4a67e61,21825_ce32b0a0,1.0
22367_b4a67e61,22136_a539c50b,1.0
22367_b4a67e61,22283_36ba29c9,1.0
20849_9821b6fe,21009_907a2a95,1.0
20849_9821b6fe,22228_1c82530b,1.0
20849_9821b6fe,23331_192866b6,1.0
20849_9821b6fe,23120_f7c9092f,1.0
20849_9821b6fe,21550_0b16151d,1.0
22469_9d87f800,21009_907a2a95,1.0
22469_9d87f800,22228_1c82530b,1.0
22469_9d87f800,23331_192866b6,1.0
22469_9d87f800,23120_f7c9092f,1.0
22469_9d87f800,21550_0b16151d,1.0
23435_e1c96b4d,23163_7b143a6f,1.0
23435_e1c96b4d,21848_0fff9631,1.0
23435_e1c96b4d,22891_b8c84495,1.0
23435_e1c96b4d,23199_75dc1efd,1.0
23435_e1c96b4d,22378_234fea2c,1.0
23043_c0827516,21590_7d092186,1.0
23043_c0827516,21202_e452c491,0.7999999999999999
23043_c0827516,23502_5a80f907,0.7999999999999999
23043_c0827516,22199_8ec9eeb2,0.7999999999999999
23043_c0827516,22440_014f1bac,0.7999999999999999
23154_7c74d190,22421_19401bdd,1.0
23154_7c74d190,20737_5249e274,1.0
23154_7c74d190,20799_213bf924,1.0
23154_7c74d190,21174_861bd902,1.0
23154_7c74d190,23101_6aec02ee,1.0
20387_0d507234,19810_f77c5501,1.0
20387_0d507234,20239_49b65a55,1.0
20387_0d507234,20899_a8d7c6d5,1.0
20387_0d507234,20989_d1b8b0f8,1.0
20387_0d507234,20141_b9376856,1.0
22862_f5406bb0,23163_7b143a6f,1.0
22862_f5406bb0,21848_0fff9631,1.0
22862_f5406bb0,22891_b8c84495,1.0
22862_f5406bb0,23199_75dc1efd,1.0
22862_f5406bb0,22378_234fea2c,1.0
22890_4ecfa491,22076_20e8a107,1.0
22890_4ecfa491,20701_6dcbc975,1.0
22890_4ecfa491,23251_3eb3d2e6,1.0
22890_4ecfa491,22081_ab3124af,1.0
22890_4ecfa491,22827_f33929ec,1.0
21625_d5d4c9a7,22062_2d6b3b72,1.0
21625_d5d4c9a7,21695_1f33863f,1.0
21625_d5d4c9a7,21048_75cc125c,1.0
21625_d5d4c9a7,21185_ac5324ba,1.0
21625_d5d4c9a7,22681_124bf3a9,1.0
22216_4b032400,22057_4947db57,1.0
22216_4b032400,23178_eb4b4280,1.0
22216_4b032400,21497_9833a679,1.0
22216_4b032400,22095_af226cbc,1.0
22216_4b032400,22141_5db99710,1.0
21564_fa5b2db7,21448_5646a1b6,1.0
21564_fa5b2db7,22367_b4a67e61,1.0
21564_fa5b2db7,21825_ce32b0a0,1.0
21564_fa5b2db7,22136_a539c50b,1.0
21564_fa5b2db7,22283_36ba29c9,1.0
21918_976c2754,22076_20e8a107,1.0
21918_976c2754,20701_6dcbc975,1.0
21918_976c2754,23251_3eb3d2e6,1.0
21918_976c2754,22081_ab3124af,1.0
21918_976c2754,22827_f33929ec,1.0
21615_f2ecc6e8,21599_80057f94,1.0
21615_f2ecc6e8,23343_f000bdae,1.0
21615_f2ecc6e8,22227_aca28ff2,1.0
21615_f2ecc6e8,23321_c9497b79,1.0
21615_f2ecc6e8,23369_447545f6,1.0
23164_659c91ef,23163_7b143a6f,1.0
23164_659c91ef,21848_0fff9631,1.0
23164_659c91ef,22891_b8c84495,1.0
23164_659c91ef,23199_75dc1efd,1.0
23164_659c91ef,22378_234fea2c,1.0
21271_ec7f62b8,22057_4947db57,1.0
21271_ec7f62b8,23178_eb4b4280,1.0
21271_ec7f62b8,21497_9833a679,1.0
21271_ec7f62b8,22095_af226cbc,1.0
21271_ec7f62b8,22141_5db99710,1.0
22746_920025a0,21599_80057f94,1.0
22746_920025a0,21615_f2ecc6e8,1.0
22746_920025a0,22227_aca28ff2,1.0
22746_920025a0,23321_c9497b79,1.0
22746_920025a0,23343_f000bdae,1.0
20429_9dd95c38,20989_a261efa3,1.0
20429_9dd95c38,20451_84d8b290,1.0
20429_9dd95c38,20429_419c4cdd,1.0
20429_9dd95c38,20216_89b90993,1.0
20429_9dd95c38,20384_767d849a,1.0
20806_ca60b7ae,21448_5646a1b6,1.0
20806_ca60b7ae,22367_b4a67e61,1.0
20806_ca60b7ae,21825_ce32b0a0,1.0
20806_ca60b7ae,22136_a539c50b,1.0
20806_ca60b7ae,22283_36ba29c9,1.0
23178_eb4b4280,22057_4947db57,1.0
23178_eb4b4280,21271_ec7f62b8,1.0
23178_eb4b4280,21497_9833a679,1.0
23178_eb4b4280,22095_af226cbc,1.0
23178_eb4b4280,22141_5db99710,1.0
21478_8fbd4409,22892_68138f24,0.7999999999999999
21478_8fbd4409,21037_62248d34,0.7999999999999999
21478_8fbd4409,23127_38d73061,0.7999999999999999
21478_8fbd4409,23468_a0bfb573,0.7999999999999999
21478_8fbd4409,22983_0ab3faaf,0.7999999999999999
23511_8651ac1f,22421_19401bdd,1.0
23511_8651ac1f,20737_5249e274,1.0
23511_8651ac1f,20799_213bf924,1.0
23511_8651ac1f,21174_861bd902,1.0
23511_8651ac1f,23101_6aec02ee,1.0
22372_e91792a1,21202_e452c491,0.7999999999999999
22372_e91792a1,22334_677d00e0,0.7999999999999999
22372_e91792a1,22778_7d85debd,0.7999999999999999
22372_e91792a1,20892_b1f89c8d,0.7999999999999999
22372_e91792a1,23434_6635ed57,0.7999999999999999
21634_e5e20375,23239_ba13cf5e,0.7999999999999999
21634_e5e20375,20804_0dcacc66,0.7999999999999999
21634_e5e20375,23006_92c5b990,0.7999999999999999
21634_e5e20375,20958_94222947,0.7999999999999999
21634_e5e20375,21761_fdb5f86d,0.7999999999999999
22430_c6f08b03,22581_406c16c4,1.0
22430_c6f08b03,23123_f35404c4,1.0
22430_c6f08b03,21741_c6faf98e,1.0
22430_c6f08b03,23282_a1b17daa,1.0
22430_c6f08b03,23162_7e2f3d77,1.0
22461_0ba0e480,21202_e452c491,0.7999999999999999
22461_0ba0e480,20278_d442e77d,0.7999999999999999
22461_0ba0e480,22729_232da678,0.7999999999999999
22461_0ba0e480,22199_8ec9eeb2,0.7999999999999999
22461_0ba0e480,22440_014f1bac,0.7999999999999999
23305_2662b29a,21009_907a2a95,1.0
23305_2662b29a,22228_1c82530b,1.0
23305_2662b29a,23331_192866b6,1.0
23305_2662b29a,23120_f7c9092f,1.0
23305_2662b29a,21550_0b16151d,1.0
23163_7b143a6f,21614_5d6afa62,1.0
23163_7b143a6f,23215_08a54de0,1.0
23163_7b143a6f,23103_66470b7e,1.0
23163_7b143a6f,23439_18900af2,1.0
23163_7b143a6f,22053_de30641b,1.0
20970_d20c6c35,21176_b5c72bfb,1.0
20970_d20c6c35,22312_3f366a4a,0.7999999999999999
20970_d20c6c35,21186_d1698d8c,0.7999999999999999
20970_d20c6c35,20680_b095cb77,0.7999999999999999
20970_d20c6c35,20419_8ce893b6,0.7999999999999999
23218_02d26ab4,23244_34b5f55e,1.0
23218_02d26ab4,23211_3aac9c7e,1.0
23218_02d26ab4,23210_f535bfd2,1.0
23218_02d26ab4,23219_40625e2c,1.0
23218_02d26ab4,23236_d5867507,1.0
22987_37973191,21009_907a2a95,1.0
22987_37973191,22228_1c82530b,1.0
22987_37973191,23331_192866b6,1.0
22987_37973191,23120_f7c9092f,1.0
22987_37973191,21550_0b16151d,1.0
22147_12995368,21448_5646a1b6,1.0
22147_12995368,22367_b4a67e61,1.0
22147_12995368,21825_ce32b0a0,1.0
22147_12995368,22136_a539c50b,1.0
22147_12995368,22283_36ba29c9,1.0
21552_4e9c19b1,21009_907a2a95,1.0
21552_4e9c19b1,22228_1c82530b,1.0
21552_4e9c19b1,23331_192866b6,1.0
21552_4e9c19b1,23120_f7c9092f,1.0
21552_4e9c19b1,21550_0b16151d,1.0
21582_a3d32115,22581_406c16c4,1.0
21582_a3d32115,23123_f35404c4,1.0
21582_a3d32115,21741_c6faf98e,1.0
21582_a3d32115,23282_a1b17daa,1.0
21582_a3d32115,23162_7e2f3d77,1.0
21911_429c1a72,23239_ba13cf5e,0.7999999999999999
21911_429c1a72,23406_1d36b046,0.7999999999999999
21911_429c1a72,21469_abec26c4,0.7999999999999999
21911_429c1a72,23218_02d26ab4,0.7999999999999999
21911_429c1a72,20495_e8e7e80c,0.7999999999999999
20657_913a7675,20349_a12428da,1.0
20657_913a7675,21202_e452c491,0.7999999999999999
20657_913a7675,20278_d442e77d,0.7999999999999999
20657_913a7675,22586_ff3651b2,0.7999999999999999
20657_913a7675,22729_232da678,0.7999999999999999
21926_b4c7068b,22076_20e8a107,1.0
21926_b4c7068b,20701_6dcbc975,1.0
21926_b4c7068b,23251_3eb3d2e6,1.0
21926_b4c7068b,22081_ab3124af,1.0
21926_b4c7068b,22827_f33929ec,1.0
22732_cd2af0ac,23239_ba13cf5e,0.7999999999999999
22732_cd2af0ac,23406_1d36b046,0.7999999999999999
22732_cd2af0ac,21469_abec26c4,0.7999999999999999
22732_cd2af0ac,23218_02d26ab4,0.7999999999999999
22732_cd2af0ac,20495_e8e7e80c,0.7999999999999999
21049_f644930a,21202_e452c491,0.7999999999999999
21049_f644930a,20278_d442e77d,0.7999999999999999
21049_f644930a,22586_ff3651b2,0.7999999999999999
21049_f644930a,22729_232da678,0.7999999999999999
21049_f644930a,22199_8ec9eeb2,0.7999999999999999
22345_bc482c26,21009_907a2a95,1.0
22345_bc482c26,22228_1c82530b,1.0
22345_bc482c26,23331_192866b6,1.0
22345_bc482c26,23120_f7c9092f,1.0
22345_bc482c26,21550_0b16151d,1.0
21697_06656699,22421_19401bdd,1.0
21697_06656699,20737_5249e274,1.0
21697_06656699,20799_213bf924,1.0
21697_06656699,21174_861bd902,1.0
21697_06656699,23101_6aec02ee,1.0
20412_42170125,23239_ba13cf5e,0.7999999999999999
20412_42170125,23406_1d36b046,0.7999999999999999
20412_42170125,21469_abec26c4,0.7999999999999999
20412_42170125,23218_02d26ab4,0.7999999999999999
20412_42170125,20495_e8e7e80c,0.7999999999999999
21845_dff8b3a1,22421_19401bdd,1.0
21845_dff8b3a1,20737_5249e274,1.0
21845_dff8b3a1,20799_213bf924,1.0
21845_dff8b3a1,21174_861bd902,1.0
21845_dff8b3a1,23101_6aec02ee,1.0
23083_fdb942ac,22076_20e8a107,1.0
23083_fdb942ac,20701_6dcbc975,1.0
23083_fdb942ac,23251_3eb3d2e6,1.0
23083_fdb942ac,22081_ab3124af,1.0
23083_fdb942ac,22827_f33929ec,1.0
22050_e8702dd4,21603_98a15295,1.0
22050_e8702dd4,21186_d1698d8c,0.7999999999999999
22050_e8702dd4,20419_8ce893b6,0.7999999999999999
22050_e8702dd4,22434_2ad62ed6,0.7999999999999999
22050_e8702dd4,21692_777db9e2,0.7999999999999999
21495_ebbbd369,21614_5d6afa62,1.0
21495_ebbbd369,23215_08a54de0,1.0
21495_ebbbd369,22058_71feafda,1.0
21495_ebbbd369,23103_66470b7e,1.0
21495_ebbbd369,23439_18900af2,1.0
22140_9cda24cc,21448_5646a1b6,1.0
22140_9cda24cc,22367_b4a67e61,1.0
22140_9cda24cc,21825_ce32b0a0,1.0
22140_9cda24cc,22136_a539c50b,1.0
22140_9cda24cc,22283_36ba29c9,1.0
23035_6087bb57,21009_907a2a95,1.0
23035_6087bb57,22228_1c82530b,1.0
23035_6087bb57,23331_192866b6,1.0
23035_6087bb57,23120_f7c9092f,1.0
23035_6087bb57,21550_0b16151d,1.0
21836_5bc91e49,22057_4947db57,1.0
21836_5bc91e49,23127_38d73061,1.0
21836_5bc91e49,20682_e208cc63,1.0
21836_5bc91e49,21037_62248d34,1.0
21836_5bc91e49,22678_ff42f120,1.0
21539_cfe1f7fd,23502_5a80f907,1.0
21539_cfe1f7fd,20278_d442e77d,0.7999999999999999
21539_cfe1f7fd,22586_ff3651b2,0.7999999999999999
21539_cfe1f7fd,22729_232da678,0.7999999999999999
21539_cfe1f7fd,22199_8ec9eeb2,0.7999999999999999
21626_b34008e6,21202_e452c491,0.7999999999999999
21626_b34008e6,20278_d442e77d,0.7999999999999999
21626_b34008e6,22586_ff3651b2,0.7999999999999999
21626_b34008e6,22729_232da678,0.7999999999999999
21626_b34008e6,22199_8ec9eeb2,0.7999999999999999
21862_ec534e16,21448_5646a1b6,1.0
21862_ec534e16,22367_b4a67e61,1.0
21862_ec534e16,21825_ce32b0a0,1.0
21862_ec534e16,22136_a539c50b,1.0
21862_ec534e16,22283_36ba29c9,1.0
21451_fea6f0d1,21614_5d6afa62,1.0
21451_fea6f0d1,23215_08a54de0,1.0
21451_fea6f0d1,22058_71feafda,1.0
21451_fea6f0d1,23103_66470b7e,1.0
21451_fea6f0d1,23439_18900af2,1.0
20431_27e7f151,21202_e452c491,0.7999999999999999
20431_27e7f151,20278_d442e77d,0.7999999999999999
20431_27e7f151,22586_ff3651b2,0.7999999999999999
20431_27e7f151,22729_232da678,0.7999999999999999
20431_27e7f151,22199_8ec9eeb2,0.7999999999999999
23493_57512264,21009_907a2a95,1.0
23493_57512264,22228_1c82530b,1.0
23493_57512264,23331_192866b6,1.0
23493_57512264,23120_f7c9092f,1.0
23493_57512264,21550_0b16151d,1.0
23170_6ea8ded5,22057_4947db57,1.0
23170_6ea8ded5,21836_5bc91e49,1.0
23170_6ea8ded5,20682_e208cc63,1.0
23170_6ea8ded5,21037_62248d34,1.0
23170_6ea8ded5,22678_ff42f120,1.0
22747_3f6faf4c,21614_5d6afa62,1.0
22747_3f6faf4c,23215_08a54de0,1.0
22747_3f6faf4c,22058_71feafda,1.0
22747_3f6faf4c,23103_66470b7e,1.0
22747_3f6faf4c,23439_18900af2,1.0
20925_dc64a33a,21009_907a2a95,1.0
20925_dc64a33a,22228_1c82530b,1.0
20925_dc64a33a,23331_192866b6,1.0
20925_dc64a33a,23120_f7c9092f,1.0
20925_dc64a33a,21550_0b16151d,1.0
21603_98a15295,22050_e8702dd4,1.0
21603_98a15295,22312_3f366a4a,0.7999999999999999
21603_98a15295,20680_b095cb77,0.7999999999999999
21603_98a15295,20419_8ce893b6,0.7999999999999999
21603_98a15295,22434_2ad62ed6,0.7999999999999999
23417_9a9e9937,21009_907a2a95,1.0
23417_9a9e9937,22228_1c82530b,1.0
23417_9a9e9937,23331_192866b6,1.0
23417_9a9e9937,23120_f7c9092f,1.0
23417_9a9e9937,21550_0b16151d,1.0
21797_69df08d5,22421_19401bdd,0.7999999999999999
21797_69df08d5,20697_d3e106b4,0.7999999999999999
21797_69df08d5,22419_dfeb5d33,0.7999999999999999
21797_69df08d5,22428_c1ffa51a,0.7999999999999999
21797_69df08d5,23217_7c6062e3,0.7999999999999999
21991_ab98f156,21700_28d193ac,0.7999999999999999
21991_ab98f156,21580_b8b2571b,0.7999999999999999
21991_ab98f156,22827_f33929ec,0.7999999999999999
21991_ab98f156,21809_8bd6b10e,0.7999999999999999
21991_ab98f156,22076_20e8a107,0.7999999999999999
23034_b38134ee,23152_6f2706c9,0.7999999999999999
23034_b38134ee,21715_53df62c9,0.7999999999999999
23034_b38134ee,23354_8182b4eb,0.7999999999999999
23034_b38134ee,21048_75cc125c,0.7999999999999999
23034_b38134ee,20554_abcb705e,0.7999999999999999
21612_e2981dae,21614_5d6afa62,1.0
21612_e2981dae,23215_08a54de0,1.0
21612_e2981dae,22058_71feafda,1.0
21612_e2981dae,23103_66470b7e,1.0
21612_e2981dae,23439_18900af2,1.0
21785_d595ced5,20340_86125547,1.0
21785_d595ced5,22498_b8bdb105,1.0
21785_d595ced5,20188_98b86c0f,1.0
21785_d595ced5,20469_b6211bfd,0.7999999999999999
21785_d595ced5,21634_e5e20375,0.7999999999999999
21175_85118898,23239_ba13cf5e,0.7999999999999999
21175_85118898,23406_1d36b046,0.7999999999999999
21175_85118898,21469_abec26c4,0.7999999999999999
21175_85118898,23218_02d26ab4,0.7999999999999999
21175_85118898,20495_e8e7e80c,0.7999999999999999
20163_3742f394,20989_d1b8b0f8,1.0
20163_3742f394,20239_49b65a55,1.0
20163_3742f394,20899_a8d7c6d5,1.0
20163_3742f394,20141_b9376856,1.0
20163_3742f394,20215_e2eb3082,1.0
22002_315afcfc,21009_907a2a95,1.0
22002_315afcfc,22228_1c82530b,1.0
22002_315afcfc,22072_5163223a,1.0
22002_315afcfc,23331_192866b6,1.0
22002_315afcfc,23120_f7c9092f,1.0
22162_439af02a,21009_907a2a95,1.0
22162_439af02a,22228_1c82530b,1.0
22162_439af02a,22072_5163223a,1.0
22162_439af02a,23331_192866b6,1.0
22162_439af02a,23120_f7c9092f,1.0
21656_964b0c84,22076_20e8a107,1.0
21656_964b0c84,20701_6dcbc975,1.0
21656_964b0c84,23251_3eb3d2e6,1.0
21656_964b0c84,22081_ab3124af,1.0
21656_964b0c84,22827_f33929ec,1.0
23369_447545f6,23343_f000bdae,1.0
23369_447545f6,22227_aca28ff2,1.0
23369_447545f6,22746_920025a0,1.0
23369_447545f6,21615_f2ecc6e8,1.0
23369_447545f6,23321_c9497b79,1.0
20141_b9376856,20899_a8d7c6d5,1.0
20141_b9376856,20239_49b65a55,1.0
20141_b9376856,19810_f77c5501,1.0
20141_b9376856,20989_d1b8b0f8,1.0
20141_b9376856,20215_e2eb3082,1.0
23103_43bde2a6,21448_5646a1b6,1.0
23103_43bde2a6,22367_b4a67e61,1.0
23103_43bde2a6,21825_ce32b0a0,1.0
23103_43bde2a6,22136_a539c50b,1.0
23103_43bde2a6,22283_36ba29c9,1.0
21384_b9774b93,21448_5646a1b6,1.0
21384_b9774b93,22367_b4a67e61,1.0
21384_b9774b93,21825_ce32b0a0,1.0
21384_b9774b93,22136_a539c50b,1.0
21384_b9774b93,22283_36ba29c9,1.0
20239_49b65a55,20989_d1b8b0f8,1.0
20239_49b65a55,20281_a29f9a18,1.0
20239_49b65a55,20899_a8d7c6d5,1.0
20239_49b65a55,20215_e2eb3082,1.0
20239_49b65a55,20163_3742f394,1.0
21424_9d516e3a,21009_907a2a95,1.0
21424_9d516e3a,21549_18160a0a,1.0
21424_9d516e3a,23331_192866b6,1.0
21424_9d516e3a,23120_f7c9092f,1.0
21424_9d516e3a,21550_0b16151d,1.0
21551_c6c2d516,22421_19401bdd,0.7999999999999999
21551_c6c2d516,20697_d3e106b4,0.7999999999999999
21551_c6c2d516,22419_dfeb5d33,0.7999999999999999
21551_c6c2d516,22428_c1ffa51a,0.7999999999999999
21551_c6c2d516,23217_7c6062e3,0.7999999999999999
20940_9777847c,23239_ba13cf5e,0.7999999999999999
20940_9777847c,23406_1d36b046,0.7999999999999999
20940_9777847c,21469_abec26c4,0.7999999999999999
20940_9777847c,23218_02d26ab4,0.7999999999999999
20940_9777847c,20495_e8e7e80c,0.7999999999999999
23451_14c8d09e,21009_907a2a95,1.0
23451_14c8d09e,21549_18160a0a,1.0
23451_14c8d09e,23331_192866b6,1.0
23451_14c8d09e,23120_f7c9092f,1.0
23451_14c8d09e,21550_0b16151d,1.0
21037_62248d34,22057_4947db57,1.0
21037_62248d34,21836_5bc91e49,1.0
21037_62248d34,20682_e208cc63,1.0
21037_62248d34,22678_ff42f120,1.0
21037_62248d34,20609_69f28932,1.0
21817_945cd3c9,21009_907a2a95,1.0
21817_945cd3c9,21549_18160a0a,1.0
21817_945cd3c9,23331_192866b6,1.0
21817_945cd3c9,23120_f7c9092f,1.0
21817_945cd3c9,21550_0b16151d,1.0
23283_fadf3820,21009_907a2a95,1.0
23283_fadf3820,21549_18160a0a,1.0
23283_fadf3820,23331_192866b6,1.0
23283_fadf3820,23120_f7c9092f,1.0
23283_fadf3820,21550_0b16151d,1.0
23323_075a079e,23152_6f2706c9,0.7999999999999999
23323_075a079e,21737_87d83240,0.7999999999999999
23323_075a079e,21048_75cc125c,0.7999999999999999
23323_075a079e,23034_b38134ee,0.7999999999999999
23323_075a079e,22224_1e749c32,0.7999999999999999
23172_4ab01e83,21009_907a2a95,1.0
23172_4ab01e83,23372_4cb88567,1.0
23172_4ab01e83,23213_3df3cb34,1.0
23172_4ab01e83,23451_14c8d09e,1.0
23172_4ab01e83,20849_9821b6fe,1.0
21762_90d34d16,22076_20e8a107,1.0
21762_90d34d16,20701_6dcbc975,1.0
21762_90d34d16,23251_3eb3d2e6,1.0
21762_90d34d16,22081_ab3124af,1.0
21762_90d34d16,22827_f33929ec,1.0
22612_28fe0ac2,21009_907a2a95,1.0
22612_28fe0ac2,23372_4cb88567,1.0
22612_28fe0ac2,23213_3df3cb34,1.0
22612_28fe0ac2,23451_14c8d09e,1.0
22612_28fe0ac2,20849_9821b6fe,1.0
22535_0ba01cc9,21352_d60bc953,1.0
22535_0ba01cc9,22483_f4e4b62a,0.7999999999999999
22535_0ba01cc9,22787_49022c32,0.7999999999999999
22535_0ba01cc9,23123_f35404c4,0.7999999999999999
22535_0ba01cc9,22430_c6f08b03,0.7999999999999999
21715_53df62c9,22062_2d6b3b72,1.0
21715_53df62c9,23152_6f2706c9,1.0
21715_53df62c9,21185_ac5324ba,1.0
21715_53df62c9,22681_124bf3a9,1.0
21715_53df62c9,23354_8182b4eb,1.0
22283_36ba29c9,21448_5646a1b6,1.0
22283_36ba29c9,22367_b4a67e61,1.0
22283_36ba29c9,21825_ce32b0a0,1.0
22283_36ba29c9,22136_a539c50b,1.0
22283_36ba29c9,21384_b9774b93,1.0
20620_8a5226b4,22421_19401bdd,1.0
20620_8a5226b4,20737_5249e274,1.0
20620_8a5226b4,20799_213bf924,1.0
20620_8a5226b4,21174_861bd902,1.0
20620_8a5226b4,23101_6aec02ee,1.0
20329_414757bb,20239_49b65a55,1.0
20329_414757bb,20215_e2eb3082,1.0
20329_414757bb,20281_a29f9a18,1.0
20329_414757bb,20628_e0551f7c,1.0
20329_414757bb,20163_3742f394,1.0
22377_d490f505,21614_5d6afa62,1.0
22377_d490f505,23215_08a54de0,1.0
22377_d490f505,23103_66470b7e,1.0
22377_d490f505,23439_18900af2,1.0
22377_d490f505,22053_de30641b,1.0
22492_047b125b,22581_406c16c4,1.0
22492_047b125b,23123_f35404c4,1.0
22492_047b125b,21741_c6faf98e,1.0
22492_047b125b,23282_a1b17daa,1.0
22492_047b125b,23162_7e2f3d77,1.0
22402_a62e84b4,22076_20e8a107,1.0
22402_a62e84b4,20701_6dcbc975,1.0
22402_a62e84b4,23251_3eb3d2e6,1.0
22402_a62e84b4,22081_ab3124af,1.0
22402_a62e84b4,22827_f33929ec,1.0
20287_072b5bf6,21700_28d193ac,0.7999999999999999
20287_072b5bf6,21580_b8b2571b,0.7999999999999999
20287_072b5bf6,22827_f33929ec,0.7999999999999999
20287_072b5bf6,21809_8bd6b10e,0.7999999999999999
20287_072b5bf6,22076_20e8a107,0.7999999999999999
20810_f6674f2d,20802_802b7d69,1.0
20810_f6674f2d,23239_ba13cf5e,0.7999999999999999
20810_f6674f2d,20705_ac2a0325,0.7999999999999999
20810_f6674f2d,20958_94222947,0.7999999999999999
20810_f6674f2d,21761_fdb5f86d,0.7999999999999999
22049_4da0d894,22057_4947db57,1.0
22049_4da0d894,22312_3f366a4a,1.0
22049_4da0d894,20682_e208cc63,1.0
22049_4da0d894,21037_62248d34,1.0
22049_4da0d894,22678_ff42f120,1.0
20758_cdccf572,21448_5646a1b6,1.0
20758_cdccf572,22367_b4a67e61,1.0
20758_cdccf572,22283_36ba29c9,1.0
20758_cdccf572,22136_a539c50b,1.0
20758_cdccf572,21384_b9774b93,1.0
22681_124bf3a9,22078_1758e9fc,1.0
22681_124bf3a9,23152_6f2706c9,1.0
22681_124bf3a9,23354_8182b4eb,1.0
22681_124bf3a9,21185_ac5324ba,1.0
22681_124bf3a9,20817_ef63b1a7,1.0
21690_5d1f3475,21051_5d118b91,1.0
21690_5d1f3475,20841_1620ae7d,1.0
21690_5d1f3475,23103_66470b7e,1.0
21690_5d1f3475,23439_18900af2,1.0
21690_5d1f3475,22053_de30641b,1.0
20546_87dbd755,23273_8f301ce3,0.7999999999999999
20546_87dbd755,21492_8bd34fc1,0.7999999999999999
20546_87dbd755,22125_e3a4cad4,0.7999999999999999
20546_87dbd755,22415_658c81dd,0.7999999999999999
20546_87dbd755,21722_68aeba65,0.7999999999999999
22092_897b0ffa,22011_0832eefe,1.0
22092_897b0ffa,22778_7d85debd,1.0
22092_897b0ffa,21923_41fa6eda,1.0
22092_897b0ffa,22040_6461a147,1.0
22092_897b0ffa,20278_d442e77d,0.7999999999999999
20991_6795af4f,22421_19401bdd,0.7999999999999999
20991_6795af4f,20697_d3e106b4,0.7999999999999999
20991_6795af4f,22419_dfeb5d33,0.7999999999999999
20991_6795af4f,22428_c1ffa51a,0.7999999999999999
20991_6795af4f,23217_7c6062e3,0.7999999999999999
23049_207a41f0,21202_e452c491,0.7999999999999999
23049_207a41f0,20278_d442e77d,0.7999999999999999
23049_207a41f0,22586_ff3651b2,0.7999999999999999
23049_207a41f0,23172_4ab01e83,0.7999999999999999
23049_207a41f0,22729_232da678,0.7999999999999999
22533_e7298b05,22581_406c16c4,1.0
22533_e7298b05,23123_f35404c4,1.0
22533_e7298b05,21741_c6faf98e,1.0
22533_e7298b05,23282_a1b17daa,1.0
22533_e7298b05,23162_7e2f3d77,1.0
22638_37f9fe91,22057_4947db57,1.0
22638_37f9fe91,22312_3f366a4a,1.0
22638_37f9fe91,20682_e208cc63,1.0
22638_37f9fe91,21037_62248d34,1.0
22638_37f9fe91,22678_ff42f120,1.0
21617_ddd3657b,21051_5d118b91,1.0
21617_ddd3657b,20841_1620ae7d,1.0
21617_ddd3657b,23103_66470b7e,1.0
21617_ddd3657b,23439_18900af2,1.0
21617_ddd3657b,22053_de30641b,1.0
21858_f1409ea2,21009_907a2a95,1.0
21858_f1409ea2,23372_4cb88567,1.0
21858_f1409ea2,23213_3df3cb34,1.0
21858_f1409ea2,23451_14c8d09e,1.0
21858_f1409ea2,20849_9821b6fe,1.0
21028_d4d30a2e,23026_e6f08109,0.7999999999999999
21028_d4d30a2e,22334_677d00e0,0.7999999999999999
21028_d4d30a2e,21621_711e1918,0.7999999999999999
21028_d4d30a2e,22778_7d85debd,0.7999999999999999
21028_d4d30a2e,20892_b1f89c8d,0.7999999999999999
21541_abc67be6,21202_e452c491,0.7999999999999999
21541_abc67be6,20278_d442e77d,0.7999999999999999
21541_abc67be6,22586_ff3651b2,0.7999999999999999
21541_abc67be6,23172_4ab01e83,0.7999999999999999
21541_abc67be6,22729_232da678,0.7999999999999999
22826_199df203,21009_907a2a95,1.0
22826_199df203,23372_4cb88567,1.0
22826_199df203,23213_3df3cb34,1.0
22826_199df203,23451_14c8d09e,1.0
22826_199df203,20849_9821b6fe,1.0
22227_aca28ff2,23369_447545f6,1.0
22227_aca28ff2,23343_f000bdae,1.0
22227_aca28ff2,22746_920025a0,1.0
22227_aca28ff2,21615_f2ecc6e8,1.0
22227_aca28ff2,21599_80057f94,1.0
22902_83870421,21051_5d118b91,1.0
22902_83870421,20841_1620ae7d,1.0
22902_83870421,23103_66470b7e,1.0
22902_83870421,23439_18900af2,1.0
22902_83870421,22053_de30641b,1.0
21665_2e14b6ff,21448_5646a1b6,1.0
21665_2e14b6ff,20758_cdccf572,1.0
21665_2e14b6ff,21825_ce32b0a0,1.0
21665_2e14b6ff,22283_36ba29c9,1.0
21665_2e14b6ff,22136_a539c50b,1.0
20813_726b2714,21051_5d118b91,1.0
20813_726b2714,20841_1620ae7d,1.0
20813_726b2714,23103_66470b7e,1.0
20813_726b2714,23439_18900af2,1.0
20813_726b2714,22053_de30641b,1.0
20429_4c909f3f,20479_77930584,1.0
20429_4c909f3f,20478_c02790cb,1.0
20429_4c909f3f,20332_0c2a24aa,1.0
20429_4c909f3f,20376_eefa9511,1.0
20429_4c909f3f,20466_4b3e5186,1.0
23373_f5dac851,21202_e452c491,0.7999999999999999
23373_f5dac851,20278_d442e77d,0.7999999999999999
23373_f5dac851,22586_ff3651b2,0.7999999999999999
23373_f5dac851,23172_4ab01e83,0.7999999999999999
23373_f5dac851,22729_232da678,0.7999999999999999
21794_4d137e7d,21009_907a2a95,1.0
21794_4d137e7d,23372_4cb88567,1.0
21794_4d137e7d,23213_3df3cb34,1.0
21794_4d137e7d,23451_14c8d09e,1.0
21794_4d137e7d,20849_9821b6fe,1.0
22065_0d414124,22717_08784417,1.0
22065_0d414124,22211_b1ee53f0,1.0
22065_0d414124,22125_e3a4cad4,1.0
22065_0d414124,22028_776fbf0d,1.0
22065_0d414124,21722_68aeba65,1.0
22224_1e749c32,22681_124bf3a9,1.0
22224_1e749c32,21695_1f33863f,1.0
22224_1e749c32,21048_75cc125c,1.0
22224_1e749c32,21185_ac5324ba,1.0
22224_1e749c32,23354_8182b4eb,1.0
22047_5a090f16,21448_5646a1b6,0.7999999999999999
22047_5a090f16,22508_6bb410af,0.7999999999999999
22047_5a090f16,20807_88c198d5,0.7999999999999999
22047_5a090f16,21825_ce32b0a0,0.7999999999999999
22047_5a090f16,22136_a539c50b,0.7999999999999999
20952_b8a54213,21582_a3d32115,0.7999999999999999
20952_b8a54213,21244_24c3ce72,0.7999999999999999
20952_b8a54213,22413_901f5867,0.7999999999999999
20952_b8a54213,21352_d60bc953,0.7999999999999999
20952_b8a54213,22787_49022c32,0.7999999999999999
21490_d07ff9f8,23102_211ad1db,0.7999999999999999
21490_d07ff9f8,21037_62248d34,0.7999999999999999
21490_d07ff9f8,23127_38d73061,0.7999999999999999
21490_d07ff9f8,22983_0ab3faaf,0.7999999999999999
21490_d07ff9f8,22399_97987ada,0.7999999999999999
23041_8d3ea25c,21009_907a2a95,1.0
23041_8d3ea25c,23372_4cb88567,1.0
23041_8d3ea25c,23213_3df3cb34,1.0
23041_8d3ea25c,23451_14c8d09e,1.0
23041_8d3ea25c,20849_9821b6fe,1.0
22241_535ad84b,21448_5646a1b6,1.0
22241_535ad84b,20758_cdccf572,1.0
22241_535ad84b,21825_ce32b0a0,1.0
22241_535ad84b,22283_36ba29c9,1.0
22241_535ad84b,22136_a539c50b,1.0
23022_86e6a8a0,21051_5d118b91,1.0
23022_86e6a8a0,20841_1620ae7d,1.0
23022_86e6a8a0,23103_66470b7e,1.0
23022_86e6a8a0,23439_18900af2,1.0
23022_86e6a8a0,22053_de30641b,1.0
23053_139f2009,22076_20e8a107,1.0
23053_139f2009,20701_6dcbc975,1.0
23053_139f2009,23251_3eb3d2e6,1.0
23053_139f2009,22081_ab3124af,1.0
23053_139f2009,22827_f33929ec,1.0
23037_d0df320c,22057_4947db57,1.0
23037_d0df320c,22312_3f366a4a,1.0
23037_d0df320c,20682_e208cc63,1.0
23037_d0df320c,21037_62248d34,1.0
23037_d0df320c,22678_ff42f120,1.0
22416_4cd31921,22421_19401bdd,1.0
22416_4cd31921,20737_5249e274,1.0
22416_4cd31921,20799_213bf924,1.0
22416_4cd31921,21174_861bd902,1.0
22416_4cd31921,23101_6aec02ee,1.0
21391_78fc6345,23239_ba13cf5e,0.7999999999999999
21391_78fc6345,23406_1d36b046,0.7999999999999999
21391_78fc6345,21469_abec26c4,0.7999999999999999
21391_78fc6345,23218_02d26ab4,0.7999999999999999
21391_78fc6345,20495_e8e7e80c,0.7999999999999999
21134_7aa7cd89,22421_19401bdd,0.7999999999999999
21134_7aa7cd89,20697_d3e106b4,0.7999999999999999
21134_7aa7cd89,22419_dfeb5d33,0.7999999999999999
21134_7aa7cd89,22428_c1ffa51a,0.7999999999999999
21134_7aa7cd89,23217_7c6062e3,0.7999999999999999
21700_28d193ac,23130_7417d5b3,0.7999999999999999
21700_28d193ac,20544_43691724,0.7999999999999999
21700_28d193ac,21450_ea24ffcc,0.7999999999999999
21700_28d193ac,21063_037107dc,0.7999999999999999
21700_28d193ac,21739_57582b8f,0.7999999999999999
