assembly_name,family,component_count,body_count,edge_count,face_count,vertex_count,mass,volume,surface_area,material,complexity_ratio,rotational_symmetry,geometric_complexity,source_file,json_found,properties_name,properties_vertex_count,properties_edge_count,properties_face_count,properties_loop_count,properties_shell_count,properties_body_count,properties_area,properties_volume,properties_density,properties_mass,properties_design_type,properties_likes_count,properties_comments_count,properties_views_count
21448_5646a1b6,simple_rotor,3,5.0,219.0,87.0,151.0,0.1534065350216913,19.54223376072501,0.0,Steel,2.5172413793103448,1,457.0,/Users/ulukbekrahmanov/Desktop/fusion_subset/21448_5646a1b6/assembly.json,True,Untitled,151,219,87,96,5,5,139.39872031245264,19.54223376072501,0.00785,0.15340653502169133,ParametricDesignType,0,0,496
22312_3f366a4a,symmetric_rotor,1,14.0,656.0,248.0,440.0,6.360785256082966,810.2911154245817,0.0,Steel,2.6451612903225805,1,1344.0,/Users/ulukbekrahmanov/Desktop/fusion_subset/22312_3f366a4a/assembly.json,True,Untitled,440,656,248,304,14,14,4869.019706664225,810.2911154245817,0.00785,6.360785256082966,ParametricDesignType,1,0,506
20756_75f43564,simple_rotor,3,2.0,147.0,67.0,89.0,0.0136551715244948,4.779930369789627,0.0,"Steel, Mild, Aluminum 6061",2.194029850746269,0,303.0,/Users/ulukbekrahmanov/Desktop/fusion_subset/20756_75f43564/assembly.json,True,Untitled,89,147,67,76,2,2,33.258835646709585,4.779930369789627,0.0028567720590239104,0.013655171524494834,ParametricDesignType,6,2,823
21708_e61bd657,complex_assembly,26,90.0,1789.0,772.0,1214.0,51.79057815693621,337497.6557103915,0.0,"Steel, Wood, Polyurethane Foam",2.3173575129533677,0,3775.0,/Users/ulukbekrahmanov/Desktop/fusion_subset/21708_e61bd657/assembly.json,True,Untitled,1214,1789,772,867,90,90,722195.032834366,337497.6557103915,0.00015345463081194844,51.79057815693621,ParametricDesignType,2,0,676
23311_ad36a9ec,simple_rotor,1,5.0,105.0,46.0,69.0,1.4034615878569097,178.78491565056177,0.0,Steel,2.282608695652174,0,220.0,/Users/ulukbekrahmanov/Desktop/fusion_subset/23311_ad36a9ec/assembly.json,True,Untitled,69,105,46,47,5,5,417.66812362484455,178.78491565056177,0.00785,1.4034615878569097,ParametricDesignType,0,0,371
22680_1f4026f6,medium_rotor,3,12.0,399.0,188.0,254.0,6.23206980259829,793.894242369209,0.0,Steel,2.122340425531915,0,841.0,/Users/ulukbekrahmanov/Desktop/fusion_subset/22680_1f4026f6/assembly.json,True,Untitled,254,399,188,222,12,12,3220.0990528615926,793.894242369209,0.00785,6.23206980259829,ParametricDesignType,2,0,1032
21265_7329c813,simple_rotor,1,2.0,101.0,51.0,76.0,0.9147685246391526,116.53102224702582,0.0,Steel,1.9803921568627452,0,228.0,/Users/ulukbekrahmanov/Desktop/fusion_subset/21265_7329c813/assembly.json,True,Untitled,76,101,51,89,2,2,265.44220884578954,116.53102224702582,0.00785,0.9147685246391526,ParametricDesignType,0,0,215
22832_731d3b9f,medium_rotor,7,34.0,543.0,285.0,392.0,0.753910239041522,625.6801457603831,0.0,"Steel, Wood, Brass",1.9052631578947368,0,1220.0,/Users/ulukbekrahmanov/Desktop/fusion_subset/22832_731d3b9f/assembly.json,True,Untitled,392,543,285,429,34,34,1820.1836354200811,625.6801457603831,0.0012049451211613917,0.753910239041522,ParametricDesignType,1,0,503
23476_705b76d1,medium_rotor,1,12.0,346.0,196.0,224.0,1.3322929414867692,167.88724872103847,0.0,"Titanium, Stainless Steel",1.7653061224489797,0,766.0,/Users/ulukbekrahmanov/Desktop/fusion_subset/23476_705b76d1/assembly.json,True,Untitled,224,346,196,262,12,12,846.0378724056768,167.88724872103847,0.007935641042641111,1.3322929414867692,ParametricDesignType,0,0,560
22131_6b4b60f8,simple_rotor,8,6.0,79.0,51.0,59.0,10.439197328925902,1329.8340546402424,0.0,Steel,1.5490196078431373,0,189.0,/Users/ulukbekrahmanov/Desktop/fusion_subset/22131_6b4b60f8/assembly.json,True,Untitled,59,79,51,76,7,6,1818.2551244047922,1329.8340546402424,0.00785,10.439197328925902,ParametricDesignType,0,0,614
20994_9c88b1ba,simple_rotor,3,2.0,54.0,25.0,38.0,0.1277410171552564,16.272741038886174,0.0,Steel,2.16,0,117.0,/Users/ulukbekrahmanov/Desktop/fusion_subset/20994_9c88b1ba/assembly.json,True,Untitled,38,54,25,34,2,2,274.7924832160452,16.272741038886174,0.00785,0.12774101715525646,ParametricDesignType,0,0,509
22026_62afa265,simple_rotor,1,3.0,84.0,33.0,56.0,0.1270884832052328,182.79951785715068,0.0,"Wood, Rubber, Silicone",2.5454545454545454,1,173.0,/Users/ulukbekrahmanov/Desktop/fusion_subset/22026_62afa265/assembly.json,True,Untitled,56,84,33,33,3,3,1144.744026001743,182.79951785715068,0.0006952342363645979,0.12708848320523283,ParametricDesignType,1,0,715
22021_520ec8c3,medium_rotor,13,29.0,342.0,228.0,298.0,0.3045645280151469,189.71244726899135,0.0,"Wood, Steel, Aluminum",1.5,0,868.0,/Users/ulukbekrahmanov/Desktop/fusion_subset/22021_520ec8c3/assembly.json,True,Untitled,298,342,228,426,29,29,479.7915981427929,189.71244726899138,0.0016054008706308444,0.30456452801514694,ParametricDesignType,0,0,205
20351_dc6e4e1e,complex_assembly,30,258.0,6203.0,2974.0,4254.0,2.224503193543919,283.3762029992252,0.0,"Steel, Mild",2.085743106926698,0,13431.0,/Users/ulukbekrahmanov/Desktop/fusion_subset/20351_dc6e4e1e/assembly.json,True,Untitled,4254,6203,2974,3703,258,258,3604.662428129706,283.3762029992252,0.007850000000000005,2.224503193543919,ParametricDesignType,7,5,978
22218_2f85f6ae,medium_rotor,10,9.0,278.0,155.0,209.0,9.40221309614378,1175.2766370179722,0.0,Stainless Steel,1.793548387096774,0,642.0,/Users/ulukbekrahmanov/Desktop/fusion_subset/22218_2f85f6ae/assembly.json,True,Untitled,209,278,155,250,9,9,1756.755593674391,1175.2766370179722,0.008,9.402213096143779,ParametricDesignType,0,0,432
21810_718ae2fe,simple_rotor,1,6.0,206.0,70.0,138.0,5.222655082364009,665.3063799189823,0.0,Steel,2.942857142857143,1,414.0,/Users/ulukbekrahmanov/Desktop/fusion_subset/21810_718ae2fe/assembly.json,True,Untitled,138,206,70,70,6,6,4468.618337508643,665.3063799189823,0.007849999999999998,5.222655082364009,ParametricDesignType,0,0,403
20215_e2eb3082,medium_rotor,9,13.0,577.0,256.0,404.0,0.7446153049976135,94.85545286593803,0.0,"Steel, Mild",2.25390625,0,1237.0,/Users/ulukbekrahmanov/Desktop/fusion_subset/20215_e2eb3082/assembly.json,True,Untitled,404,577,256,353,13,13,428.9601246745099,94.85545286593803,0.00785,0.7446153049976135,ParametricDesignType,0,0,185
22561_067b78ae,symmetric_rotor,2,4.0,626.0,243.0,410.0,0.0332226187901349,1.5601919878534107,0.0,"Phenolic Resin, Platinum",2.5761316872427984,1,1279.0,/Users/ulukbekrahmanov/Desktop/fusion_subset/22561_067b78ae/assembly.json,True,Untitled,410,626,243,262,4,4,22.5738366096764,1.5601919878534107,0.021293929880927216,0.033222618790134974,ParametricDesignType,1,0,1414
21421_fb12b69b,complex_assembly,89,95.0,5152.0,2455.0,3532.0,4.119396720203721,1632.8409370843815,0.0,"Wood, Steel, Brass",2.0985743380855397,0,11139.0,/Users/ulukbekrahmanov/Desktop/fusion_subset/21421_fb12b69b/assembly.json,True,Untitled,3532,5152,2455,3309,95,95,5259.353044151714,1632.8409370843815,0.0025228401779045055,4.119396720203721,ParametricDesignType,2,2,758
22082_39503fa6,medium_rotor,22,56.0,1128.0,509.0,757.0,2.9355372303480243,373.9537873054807,0.0,Steel,2.2161100196463654,0,2394.0,/Users/ulukbekrahmanov/Desktop/fusion_subset/22082_39503fa6/assembly.json,True,Untitled,757,1128,509,557,56,56,1039.2861887050437,373.9537873054807,0.007850000000000001,2.9355372303480243,ParametricDesignType,3,0,1432
23308_245d257c,medium_rotor,1,3.0,444.0,178.0,278.0,0.1244151336468581,15.84906161106473,0.0,Steel,2.49438202247191,0,900.0,/Users/ulukbekrahmanov/Desktop/fusion_subset/23308_245d257c/assembly.json,True,Untitled,278,444,178,193,3,3,481.1881124343452,15.84906161106473,0.007849999999999998,0.1244151336468581,ParametricDesignType,0,1,370
22844_9b75b8e0,simple_rotor,1,3.0,63.0,32.0,46.0,0.1630665513237929,20.772809085833497,0.0,Steel,1.96875,0,141.0,/Users/ulukbekrahmanov/Desktop/fusion_subset/22844_9b75b8e0/assembly.json,True,Untitled,46,63,32,53,3,3,179.5565856703286,20.772809085833494,0.00785,0.1630665513237929,ParametricDesignType,0,0,370
20408_b4fda9eb,medium_rotor,1,7.0,327.0,167.0,194.0,0.0143255106754153,1.824905818524248,0.0,"Steel, Mild",1.9580838323353291,0,688.0,/Users/ulukbekrahmanov/Desktop/fusion_subset/20408_b4fda9eb/assembly.json,True,Untitled,194,327,167,187,7,7,33.37055656521418,1.824905818524248,0.00785,0.014325510675415345,ParametricDesignType,10,6,1333
21326_ab4d6c43,simple_rotor,6,5.0,227.0,115.0,148.0,0.0186962195812487,2.381684023089007,0.0,Steel,1.9739130434782608,0,490.0,/Users/ulukbekrahmanov/Desktop/fusion_subset/21326_ab4d6c43/assembly.json,True,Untitled,148,227,115,153,5,5,30.311853109543517,2.381684023089007,0.00785,0.018696219581248702,ParametricDesignType,1,1,846
22211_b1ee53f0,complex_assembly,22,41.0,3187.0,1227.0,2147.0,1.39189092924748,177.31094640095287,0.0,Steel,2.5973920130399346,1,6561.0,/Users/ulukbekrahmanov/Desktop/fusion_subset/22211_b1ee53f0/assembly.json,True,Untitled,2147,3187,1227,1382,41,41,972.6530803582699,177.31094640095287,0.00785,1.39189092924748,ParametricDesignType,1,0,488
23211_3aac9c7e,simple_rotor,10,14.0,156.0,98.0,125.0,0.2339411015118468,410.2378146986235,0.0,Wood,1.5918367346938775,0,379.0,/Users/ulukbekrahmanov/Desktop/fusion_subset/23211_3aac9c7e/assembly.json,True,Untitled,125,156,98,163,14,14,743.08307912991,410.2378146986235,0.0005702572827999998,0.23394110151184686,ParametricDesignType,0,0,1425
20676_9715ec9c,medium_rotor,1,12.0,406.0,192.0,231.0,0.0331019088970785,31.2282159406401,0.0,ABS Plastic,2.1145833333333335,0,829.0,/Users/ulukbekrahmanov/Desktop/fusion_subset/20676_9715ec9c/assembly.json,True,Untitled,231,406,192,205,12,12,190.69264861008887,31.2282159406401,0.00106,0.03310190889707851,ParametricDesignType,4,0,806
20220_3de82b2a,simple_rotor,1,3.0,52.0,24.0,28.0,329.95006825578696,42031.855828762666,0.0,"Steel, Mild",2.1666666666666665,0,104.0,/Users/ulukbekrahmanov/Desktop/fusion_subset/20220_3de82b2a/assembly.json,True,Untitled,28,52,24,24,3,3,25037.754993549657,42031.855828762666,0.007850000000000001,329.95006825578696,ParametricDesignType,0,0,451
22776_facf9bcf,medium_rotor,17,16.0,593.0,287.0,400.0,1.133859809687112,144.44074008753023,0.0,Steel,2.0662020905923346,0,1280.0,/Users/ulukbekrahmanov/Desktop/fusion_subset/22776_facf9bcf/assembly.json,True,Untitled,400,593,287,393,16,16,686.4926605089847,144.44074008753023,0.007849999999999998,1.133859809687112,ParametricDesignType,0,0,438
21837_b67d788c,medium_rotor,2,16.0,645.0,259.0,432.0,0.0176948655548477,2.2541230006175477,0.0,Steel,2.4903474903474905,0,1336.0,/Users/ulukbekrahmanov/Desktop/fusion_subset/21837_b67d788c/assembly.json,True,Untitled,432,645,259,284,16,16,31.85911346668277,2.2541230006175477,0.00785,0.017694865554847748,ParametricDesignType,0,0,468
20668_b2f2633e,high_complexity_rotor,3,11.0,2862.0,1326.0,1574.0,0.2200027281497328,28.025825242004192,0.0,Steel,2.158371040723982,0,5762.0,/Users/ulukbekrahmanov/Desktop/fusion_subset/20668_b2f2633e/assembly.json,True,Untitled,1574,2862,1326,1358,11,11,281.930030581953,28.025825242004192,0.00785,0.22000272814973287,ParametricDesignType,5,1,995
21459_a9de5e5b,simple_rotor,1,4.0,76.0,32.0,50.0,0.0,13.72406088492881,0.0,"Steel, Mild, Acetal Resin, Black, Magnesium",2.375,0,158.0,/Users/ulukbekrahmanov/Desktop/fusion_subset/21459_a9de5e5b/assembly.json,True,Untitled,50,76,32,32,4,4,479.94184771290804,13.72406088492881,1.4132166890967644e+39,1.9395071884761507e+40,ParametricDesignType,0,0,154
21386_e234c6b6,symmetric_rotor,3,7.0,839.0,324.0,572.0,10.533118485391029,1341.7985331708314,0.0,Steel,2.5895061728395063,1,1735.0,/Users/ulukbekrahmanov/Desktop/fusion_subset/21386_e234c6b6/assembly.json,True,Untitled,572,839,324,381,7,7,1442.6342499914756,1341.7985331708314,0.007850000000000001,10.533118485391029,ParametricDesignType,2,2,1121
22474_b10fea1a,medium_rotor,18,26.0,471.0,313.0,390.0,17.67149771143742,2251.1462052786565,0.0,Steel,1.5047923322683705,0,1174.0,/Users/ulukbekrahmanov/Desktop/fusion_subset/22474_b10fea1a/assembly.json,True,Untitled,390,471,313,584,26,26,5239.023007326342,2251.1462052786565,0.007849999999999985,17.67149771143742,ParametricDesignType,0,0,442
19051_26735260,high_complexity_rotor,14,20.0,3156.0,1263.0,2072.0,7.85613562612075,1004.986441720196,0.0,"Stainless Steel, 440C, Steel, Mild, Rubber",2.498812351543943,0,6491.0,/Users/ulukbekrahmanov/Desktop/fusion_subset/19051_26735260/assembly.json,True,Untitled,2072,3156,1263,1446,20,20,2351.641213859555,1004.9864417201959,0.007817155834136141,7.85613562612075,ParametricDesignType,1,0,515
20332_0c2a24aa,simple_rotor,3,2.0,42.0,18.0,30.0,0.6733832410354295,85.78130459050058,0.0,"Steel, Mild",2.3333333333333335,0,90.0,/Users/ulukbekrahmanov/Desktop/fusion_subset/20332_0c2a24aa/assembly.json,True,Untitled,30,42,18,20,2,2,129.37839707937167,85.78130459050058,0.00785,0.6733832410354295,ParametricDesignType,0,1,395
20807_88c198d5,simple_rotor,1,2.0,119.0,42.0,84.0,2.8499240343751713,363.0476476911047,0.0,Steel,2.8333333333333335,1,245.0,/Users/ulukbekrahmanov/Desktop/fusion_subset/20807_88c198d5/assembly.json,True,Untitled,84,119,42,49,2,2,1294.4573913497275,363.0476476911047,0.007849999999999998,2.8499240343751713,ParametricDesignType,0,1,512
21825_ce32b0a0,simple_rotor,2,2.0,168.0,62.0,109.0,0.0481237493004103,6.130413923619155,0.0,Steel,2.7096774193548385,1,339.0,/Users/ulukbekrahmanov/Desktop/fusion_subset/21825_ce32b0a0/assembly.json,True,Untitled,109,168,62,63,2,2,50.9107260089491,6.130413923619155,0.007850000000000001,0.04812374930041037,ParametricDesignType,0,0,452
23366_cc0bc28e,medium_rotor,1,2.0,268.0,117.0,167.0,0.8735185367921723,111.27624672511747,0.0,Steel,2.2905982905982905,0,552.0,/Users/ulukbekrahmanov/Desktop/fusion_subset/23366_cc0bc28e/assembly.json,True,Untitled,167,268,117,131,2,2,322.52443306297124,111.27624672511749,0.00785,0.8735185367921723,ParametricDesignType,0,0,412
22136_a539c50b,simple_rotor,1,3.0,84.0,26.0,62.0,0.0003326436342151,0.042374985250343,0.0,Steel,3.230769230769231,1,172.0,/Users/ulukbekrahmanov/Desktop/fusion_subset/22136_a539c50b/assembly.json,True,Untitled,62,84,26,26,3,3,1.690562137470709,0.04237498525034303,0.00785,0.00033264363421519277,ParametricDesignType,0,0,431
20414_a33bd0d7,medium_rotor,1,10.0,265.0,134.0,190.0,1.055489072812649,134.45720672772595,0.0,"Steel, Mild",1.9776119402985075,0,589.0,/Users/ulukbekrahmanov/Desktop/fusion_subset/20414_a33bd0d7/assembly.json,True,Untitled,190,265,134,201,10,10,408.9118457610069,134.45720672772597,0.00785,1.055489072812649,ParametricDesignType,0,0,645
22196_0deb2e34,medium_rotor,3,3.0,972.0,396.0,638.0,0.0778560411846075,73.44909545717695,0.0,ABS Plastic,2.4545454545454546,0,2006.0,/Users/ulukbekrahmanov/Desktop/fusion_subset/22196_0deb2e34/assembly.json,True,Untitled,638,972,396,498,3,3,685.936726179169,73.44909545717695,0.00106,0.07785604118460757,ParametricDesignType,1,0,709
23273_8f301ce3,complex_assembly,23,22.0,4300.0,1558.0,2885.0,8.276125481392897,1183.5460994164237,0.0,"Steel, Bamboo, ABS Plastic",2.7599486521181,1,8743.0,/Users/ulukbekrahmanov/Desktop/fusion_subset/23273_8f301ce3/assembly.json,True,Untitled,2885,4300,1558,1740,22,22,8991.496028091537,1183.5460994164237,0.006992651562515093,8.276125481392897,ParametricDesignType,0,2,846
21063_037107dc,high_complexity_rotor,1,220.0,2477.0,1040.0,1449.0,0.1401155829442215,17.849118846397687,0.0,Steel,2.3817307692307694,0,4966.0,/Users/ulukbekrahmanov/Desktop/fusion_subset/21063_037107dc/assembly.json,True,Untitled,1449,2477,1040,1050,220,220,390.5094929736174,17.849118846397687,0.007849999999999984,0.14011558294422155,ParametricDesignType,7,4,1552
23351_6104d55d,simple_rotor,1,3.0,55.0,26.0,38.0,2.798639212558206,356.5145493704721,0.0,Steel,2.1153846153846154,0,119.0,/Users/ulukbekrahmanov/Desktop/fusion_subset/23351_6104d55d/assembly.json,True,Untitled,38,55,26,33,3,3,782.0758153246534,356.5145493704721,0.00785,2.798639212558206,ParametricDesignType,1,0,738
21236_b696e901,complex_assembly,149,161.0,9740.0,3974.0,6733.0,1.7505252510981446,421.31917654214647,0.0,"Copper, Polyurethane Foam, Steel",2.4509310518369403,0,20447.0,/Users/ulukbekrahmanov/Desktop/fusion_subset/21236_b696e901/assembly.json,True,Untitled,6733,9740,3974,4932,161,161,5035.036793359508,421.31917654214647,0.004154867256375717,1.7505252510981446,ParametricDesignType,1,0,465
23321_c9497b79,simple_rotor,6,4.0,55.0,50.0,51.0,7.841093828090134,1016.6692229670456,0.0,"Steel, Glass, Cast, Clear",1.1,0,156.0,/Users/ulukbekrahmanov/Desktop/fusion_subset/23321_c9497b79/assembly.json,True,Untitled,51,55,50,92,4,4,2507.00185232411,1016.6692229670456,0.00771253191397562,7.841093828090134,ParametricDesignType,1,1,544
21351_675c66b1,complex_assembly,38,108.0,1519.0,840.0,1027.0,51.90083926247319,7354.476400459955,0.0,"Steel, Plastic",1.8083333333333331,0,3386.0,/Users/ulukbekrahmanov/Desktop/fusion_subset/21351_675c66b1/assembly.json,True,Untitled,1027,1519,840,1078,108,108,80551.8373361851,7354.476400459955,0.007057040696904986,51.90083926247319,ParametricDesignType,0,0,417
20675_66ac9773,high_complexity_rotor,8,32.0,29792.0,10128.0,19530.0,627.3053685544205,79911.51191776055,0.0,"Steel, Mild, Steel",2.941548183254344,1,59450.0,/Users/ulukbekrahmanov/Desktop/fusion_subset/20675_66ac9773/assembly.json,True,Untitled,19530,29792,10128,10966,32,32,321058.05636657786,79911.51191776055,0.007850000000000003,627.3053685544205,ParametricDesignType,4,7,1427
23238_3c864758,medium_rotor,1,6.0,244.0,125.0,163.0,21.438347226872068,2730.999646735295,0.0,Steel,1.952,0,532.0,/Users/ulukbekrahmanov/Desktop/fusion_subset/23238_3c864758/assembly.json,True,Untitled,163,244,125,157,6,6,3112.4542556456836,2730.999646735295,0.007850000000000001,21.438347226872068,ParametricDesignType,0,0,345
20193_2da4f0a0,simple_rotor,3,3.0,68.0,32.0,46.0,2.914357291516537,371.25570592567345,0.0,"Steel, Mild",2.125,0,146.0,/Users/ulukbekrahmanov/Desktop/fusion_subset/20193_2da4f0a0/assembly.json,True,Untitled,46,68,32,36,3,3,4977.069843188179,371.25570592567345,0.00785,2.9143572915165366,ParametricDesignType,0,0,580
23473_1dfa6e40,medium_rotor,1,34.0,666.0,300.0,448.0,0.3223613995195525,41.065146435611794,0.0,Steel,2.22,0,1414.0,/Users/ulukbekrahmanov/Desktop/fusion_subset/23473_1dfa6e40/assembly.json,True,Untitled,448,666,300,336,34,34,197.0154545921577,41.065146435611794,0.00785,0.32236139951955256,ParametricDesignType,1,0,644
21709_4dd88551,high_complexity_rotor,13,16.0,2084.0,735.0,1404.0,5.4933542843715975,1457.045226327639,0.0,"Acetal Resin, White, Steel, ABS Plastic",2.835374149659864,1,4223.0,/Users/ulukbekrahmanov/Desktop/fusion_subset/21709_4dd88551/assembly.json,True,Untitled,1404,2084,735,838,16,16,3891.2139513986267,1457.045226327639,0.003770201628001032,5.4933542843715975,ParametricDesignType,6,0,850
20646_4cd14a72,simple_rotor,6,5.0,168.0,82.0,117.0,0.3029761972836224,38.59569392148057,0.0,Steel,2.048780487804878,0,367.0,/Users/ulukbekrahmanov/Desktop/fusion_subset/20646_4cd14a72/assembly.json,True,Untitled,117,168,82,113,5,5,158.36368843151348,38.59569392148057,0.007850000000000001,0.30297619728362246,ParametricDesignType,3,1,904
21588_0c48dc5f,simple_rotor,5,8.0,188.0,90.0,131.0,2.5246212018838756,321.60779641832806,0.0,Steel,2.088888888888889,0,409.0,/Users/ulukbekrahmanov/Desktop/fusion_subset/21588_0c48dc5f/assembly.json,True,Untitled,131,188,90,115,8,8,1633.915735713323,321.60779641832806,0.007850000000000001,2.5246212018838756,ParametricDesignType,0,0,338
23377_690165aa,high_complexity_rotor,2,35.0,2899.0,1140.0,1952.0,0.0706914818768006,9.00528431551598,0.0,Steel,2.5429824561403507,1,5991.0,/Users/ulukbekrahmanov/Desktop/fusion_subset/23377_690165aa/assembly.json,True,Untitled,1952,2899,1140,1271,35,35,159.08091914239125,9.00528431551598,0.007850000000000022,0.07069148187680063,ParametricDesignType,10,0,4786
23468_a0bfb573,symmetric_rotor,8,17.0,1282.0,479.0,866.0,0.4752187844623831,60.53742477227811,0.0,Steel,2.6764091858037578,1,2627.0,/Users/ulukbekrahmanov/Desktop/fusion_subset/23468_a0bfb573/assembly.json,True,Untitled,866,1282,479,548,17,17,427.3844757012688,60.53742477227811,0.00785,0.4752187844623831,ParametricDesignType,1,0,381
20468_1c33550a,simple_rotor,1,4.0,123.0,53.0,76.0,0.9617498800915052,122.5159082919115,0.0,"Steel, Mild",2.320754716981132,0,252.0,/Users/ulukbekrahmanov/Desktop/fusion_subset/20468_1c33550a/assembly.json,True,Untitled,76,123,53,53,4,4,502.63453426552564,122.5159082919115,0.00785,0.9617498800915052,ParametricDesignType,0,0,168
21176_b5c72bfb,symmetric_rotor,7,7.0,414.0,152.0,276.0,6.458829599617194,11326.167724885852,0.0,Wood,2.723684210526316,1,842.0,/Users/ulukbekrahmanov/Desktop/fusion_subset/21176_b5c72bfb/assembly.json,True,Untitled,276,414,152,152,7,7,15176.803148688221,11326.167724885852,0.00057025728,6.458829599617194,ParametricDesignType,0,0,908
23252_ef165bed,medium_rotor,1,53.0,644.0,338.0,443.0,0.031036444338005,3.953687176815931,0.0,Steel,1.9053254437869824,0,1425.0,/Users/ulukbekrahmanov/Desktop/fusion_subset/23252_ef165bed/assembly.json,True,Untitled,443,644,338,373,53,53,43.38066512272765,3.9536871768159316,0.007850000000000001,0.031036444338005068,ParametricDesignType,0,0,428
21164_de08f61e,medium_rotor,12,39.0,1251.0,689.0,847.0,3.7082462226144894,200.98401051800823,0.0,"Copper, Titanium, Gold",1.8156748911465892,0,2787.0,/Users/ulukbekrahmanov/Desktop/fusion_subset/21164_de08f61e/assembly.json,True,Untitled,847,1251,689,956,39,39,1198.680653701725,200.98401051800826,0.018450453909527438,3.7082462226144894,ParametricDesignType,5,1,832
20789_1809f41f,medium_rotor,8,10.0,424.0,176.0,283.0,159.62700053586423,87444.51662877313,0.0,"Wood, Aluminum",2.409090909090909,0,883.0,/Users/ulukbekrahmanov/Desktop/fusion_subset/20789_1809f41f/assembly.json,True,Untitled,283,424,176,195,10,10,88993.02995099557,87444.51662877313,0.001825466097703145,159.62700053586425,ParametricDesignType,1,0,965
22197_66c5655e,medium_rotor,3,3.0,837.0,365.0,598.0,0.1553720810226121,102.2018810627136,0.0,"ABS Plastic, Glass, Cast, Clear",2.293150684931507,0,1800.0,/Users/ulukbekrahmanov/Desktop/fusion_subset/22197_66c5655e/assembly.json,True,Untitled,598,837,365,577,3,3,951.3704343953682,102.20188106271361,0.0015202467841787762,0.15537208102261213,ParametricDesignType,0,1,827
21352_c1101acb,high_complexity_rotor,5,4.0,1892.0,712.0,1209.0,875.2769490942155,111500.24829225671,0.0,Steel,2.657303370786517,1,3813.0,/Users/ulukbekrahmanov/Desktop/fusion_subset/21352_c1101acb/assembly.json,True,Untitled,1209,1892,712,749,4,4,171903.30908957624,111500.24829225673,0.007850000000000001,875.2769490942155,ParametricDesignType,6,3,790
22376_3ebc82a2,medium_rotor,9,40.0,1149.0,514.0,779.0,14.697756774990223,1872.3257038204104,0.0,Steel,2.235408560311284,0,2442.0,/Users/ulukbekrahmanov/Desktop/fusion_subset/22376_3ebc82a2/assembly.json,True,Untitled,779,1149,514,636,40,40,2451.4087982529963,1872.3257038204104,0.007850000000000001,14.697756774990223,ParametricDesignType,1,0,652
20502_58b65de9,symmetric_rotor,19,18.0,1091.0,435.0,694.0,13.80761742828632,1758.9321564695952,0.0,"Steel, Mild",2.5080459770114945,1,2220.0,/Users/ulukbekrahmanov/Desktop/fusion_subset/20502_58b65de9/assembly.json,True,Untitled,694,1091,435,443,18,18,5754.763132741028,1758.9321564695952,0.00785,13.80761742828632,ParametricDesignType,5,9,1157
21153_a2fb81fe,high_complexity_rotor,3,16.0,1634.0,681.0,1145.0,298.48447896882084,38023.50050558228,0.0,Steel,2.3994126284875184,0,3460.0,/Users/ulukbekrahmanov/Desktop/fusion_subset/21153_a2fb81fe/assembly.json,True,Untitled,1145,1634,681,913,16,16,39107.94322256728,38023.50050558228,0.00785,298.48447896882084,ParametricDesignType,0,0,426
20409_dafedec6,simple_rotor,1,1.0,52.0,26.0,28.0,0.2577306786880475,30.35697039906331,0.0,Brass,2.0,0,106.0,/Users/ulukbekrahmanov/Desktop/fusion_subset/20409_dafedec6/assembly.json,True,Untitled,28,52,26,26,1,1,100.99372573498235,30.35697039906331,0.00849,0.2577306786880475,ParametricDesignType,0,0,656
21492_8bd34fc1,complex_assembly,86,87.0,5389.0,2051.0,3710.0,12.022523230745945,1805.6258068030104,0.0,"Steel, Wood",2.627498781082399,1,11150.0,/Users/ulukbekrahmanov/Desktop/fusion_subset/21492_8bd34fc1/assembly.json,True,Untitled,3710,5389,2051,2637,87,87,6021.727071650024,1805.6258068030102,0.006658369184494922,12.022523230745945,ParametricDesignType,1,0,612
20622_38dd90d0,high_complexity_rotor,5,43.0,1797.0,885.0,1292.0,2.3679177396010425,301.6455719236995,0.0,"Steel, Mild",2.0305084745762714,0,3974.0,/Users/ulukbekrahmanov/Desktop/fusion_subset/20622_38dd90d0/assembly.json,True,Untitled,1292,1797,885,1187,55,43,1326.0186848899748,301.6455719236995,0.007850000000000005,2.3679177396010425,ParametricDesignType,4,1,915
22428_c1ffa51a,high_complexity_rotor,2,57.0,4909.0,1899.0,3156.0,0.915579070196148,116.63427645810808,0.0,Steel,2.5850447604002107,1,9964.0,/Users/ulukbekrahmanov/Desktop/fusion_subset/22428_c1ffa51a/assembly.json,True,Untitled,3156,4909,1899,2021,57,57,518.613966663584,116.63427645810808,0.007849999999999998,0.9155790701961481,ParametricDesignType,7,1,890
21047_60d69af3,simple_rotor,1,2.0,88.0,43.0,60.0,0.024297201990781,3.095184966978481,0.0,Steel,2.046511627906977,0,191.0,/Users/ulukbekrahmanov/Desktop/fusion_subset/21047_60d69af3/assembly.json,True,Untitled,60,88,43,60,2,2,65.89412831616336,3.0951849669784806,0.00785,0.02429720199078107,ParametricDesignType,1,0,438
23215_08a54de0,simple_rotor,3,5.0,93.0,41.0,62.0,75.90801228801443,9669.81048254961,0.0,Steel,2.268292682926829,0,196.0,/Users/ulukbekrahmanov/Desktop/fusion_subset/23215_08a54de0/assembly.json,True,Untitled,62,93,41,49,5,5,6312.155410473034,9669.81048254961,0.00785,75.90801228801443,ParametricDesignType,0,0,354
20680_b095cb77,symmetric_rotor,1,1.0,1191.0,429.0,763.0,0.0253494915005452,23.91461462315594,0.0,ABS Plastic,2.7762237762237763,1,2383.0,/Users/ulukbekrahmanov/Desktop/fusion_subset/20680_b095cb77/assembly.json,True,Untitled,763,1191,429,430,1,1,263.9382464050678,23.91461462315594,0.00106,0.025349491500545298,ParametricDesignType,5,0,1408
23130_7417d5b3,high_complexity_rotor,1,18.0,1639.0,661.0,1184.0,196.0331344651597,27395.01931563561,0.0,"Titanium, Steel",2.479576399394856,0,3484.0,/Users/ulukbekrahmanov/Desktop/fusion_subset/23130_7417d5b3/assembly.json,True,Untitled,1184,1639,661,1112,18,18,33403.64740324544,27395.01931563561,0.0071557947160590055,196.0331344651597,ParametricDesignType,2,0,821
22193_c8773ded,high_complexity_rotor,1,52.0,2672.0,1179.0,1775.0,8.099622551510908,1031.7990511478856,0.0,Steel,2.2663273960983883,0,5626.0,/Users/ulukbekrahmanov/Desktop/fusion_subset/22193_c8773ded/assembly.json,True,Untitled,1775,2672,1179,1477,52,52,2226.291802199722,1031.7990511478856,0.007850000000000006,8.099622551510908,ParametricDesignType,2,0,715
20735_fb18051a,medium_rotor,1,37.0,972.0,546.0,679.0,2.382297433126372,303.4773800160983,0.0,Steel,1.78021978021978,0,2197.0,/Users/ulukbekrahmanov/Desktop/fusion_subset/20735_fb18051a/assembly.json,True,Untitled,679,972,546,723,38,37,1169.553167522917,303.4773800160983,0.007850000000000001,2.382297433126372,ParametricDesignType,1,0,500
20989_885bd9b9,simple_rotor,2,1.0,136.0,50.0,95.0,0.007903870730397,1.006862513426374,0.0,"Steel, Mild",2.72,1,281.0,/Users/ulukbekrahmanov/Desktop/fusion_subset/20989_885bd9b9/assembly.json,True,Untitled,95,136,50,57,1,1,19.411317434420805,1.006862513426374,0.00785,0.007903870730397035,ParametricDesignType,4,0,802
20927_826f4b56,simple_rotor,1,1.0,12.0,6.0,8.0,1.6844135586020348e-06,0.000214574975618,0.0,Steel,2.0,0,26.0,/Users/ulukbekrahmanov/Desktop/fusion_subset/20927_826f4b56/assembly.json,True,Untitled,8,12,6,6,1,1,0.4323689563235267,0.00021457497561809362,0.00785,1.6844135586020348e-06,ParametricDesignType,2,0,737
21719_d60b8a4a,medium_rotor,2,12.0,970.0,429.0,562.0,0.2810514772330804,35.80273595325865,0.0,Steel,2.261072261072261,0,1961.0,/Users/ulukbekrahmanov/Desktop/fusion_subset/21719_d60b8a4a/assembly.json,True,Untitled,562,970,429,431,12,12,254.0879667994354,35.80273595325865,0.00785,0.2810514772330804,ParametricDesignType,1,1,614
21776_fb0bfbc6,simple_rotor,2,1.0,202.0,82.0,122.0,0.2206370799845645,28.10663439293816,0.0,Steel,2.4634146341463414,0,406.0,/Users/ulukbekrahmanov/Desktop/fusion_subset/21776_fb0bfbc6/assembly.json,True,Untitled,122,202,82,88,1,1,190.6212980387947,28.10663439293816,0.00785,0.22063707998456455,ParametricDesignType,0,0,672
23372_4cb88567,medium_rotor,11,10.0,329.0,154.0,223.0,80.65828495309415,10274.940758355946,0.0,Steel,2.136363636363636,0,706.0,/Users/ulukbekrahmanov/Desktop/fusion_subset/23372_4cb88567/assembly.json,True,Untitled,223,329,154,185,10,10,15517.77659227842,10274.940758355946,0.007849999999999998,80.65828495309415,ParametricDesignType,3,0,735
22895_4533b542,simple_rotor,1,6.0,216.0,96.0,140.0,0.0552832011388471,7.042446004948675,0.0,Steel,2.25,0,452.0,/Users/ulukbekrahmanov/Desktop/fusion_subset/22895_4533b542/assembly.json,True,Untitled,140,216,96,112,6,6,28.87250886008263,7.042446004948675,0.00785,0.0552832011388471,ParametricDesignType,2,0,942
20870_dedaef5b,high_complexity_rotor,2,25.0,10245.0,4425.0,6472.0,0.612656149942258,78.04536941939591,0.0,Steel,2.3152542372881357,0,21142.0,/Users/ulukbekrahmanov/Desktop/fusion_subset/20870_dedaef5b/assembly.json,True,Untitled,6472,10245,4425,5129,25,25,440.10616142605943,78.04536941939591,0.007850000000000001,0.612656149942258,ParametricDesignType,10,4,1674
22399_97987ada,symmetric_rotor,3,6.0,1335.0,489.0,891.0,0.1219894168978966,100.30548479622198,0.0,"Nylon 6/6, Steel",2.7300613496932513,1,2715.0,/Users/ulukbekrahmanov/Desktop/fusion_subset/22399_97987ada/assembly.json,True,Untitled,891,1335,489,524,6,6,221.63074214940036,100.30548479622198,0.0012161789272613277,0.12198941689789666,ParametricDesignType,1,2,418
20376_eefa9511,simple_rotor,1,2.0,24.0,12.0,16.0,0.0931532633352198,11.866657749709535,0.0,"Steel, Mild",2.0,0,52.0,/Users/ulukbekrahmanov/Desktop/fusion_subset/20376_eefa9511/assembly.json,True,Untitled,16,24,12,12,2,2,46.701218193843516,11.866657749709537,0.00785,0.09315326333521987,ParametricDesignType,0,0,453
22180_ce7c3bd8,simple_rotor,5,4.0,35.0,24.0,23.0,2.74868565377696,350.151038697702,0.0,Steel,1.4583333333333333,0,82.0,/Users/ulukbekrahmanov/Desktop/fusion_subset/22180_ce7c3bd8/assembly.json,True,Untitled,23,35,24,30,4,4,1193.8744200285446,350.151038697702,0.007849999999999998,2.74868565377696,ParametricDesignType,2,0,762
20421_49bd1188,medium_rotor,4,5.0,799.0,327.0,529.0,6.444060365257177,6444.060365257178,0.0,Generic,2.4434250764525993,0,1655.0,/Users/ulukbekrahmanov/Desktop/fusion_subset/20421_49bd1188/assembly.json,True,Untitled,529,799,327,410,5,5,13551.71127890733,6444.060365257178,0.0009999999999999998,6.444060365257177,ParametricDesignType,24,6,3244
20530_2246503a,medium_rotor,1,8.0,446.0,286.0,304.0,0.8380039541480461,106.7520960698148,0.0,Steel,1.5594405594405594,0,1036.0,/Users/ulukbekrahmanov/Desktop/fusion_subset/20530_2246503a/assembly.json,True,Untitled,304,446,286,416,8,8,695.8225909877347,106.7520960698148,0.00785,0.8380039541480461,ParametricDesignType,16,0,1169
20815_b3d9e6c9,medium_rotor,1,19.0,267.0,150.0,175.0,7.436952966387593,947.3825434888656,0.0,Steel,1.78,0,592.0,/Users/ulukbekrahmanov/Desktop/fusion_subset/20815_b3d9e6c9/assembly.json,True,Untitled,175,267,150,162,23,19,2130.398288736069,947.3825434888656,0.007849999999999998,7.436952966387593,ParametricDesignType,0,0,613
21809_8bd6b10e,high_complexity_rotor,14,11.0,2773.0,1176.0,1697.0,0.888883549428679,113.23357317562792,0.0,Steel,2.357993197278911,0,5646.0,/Users/ulukbekrahmanov/Desktop/fusion_subset/21809_8bd6b10e/assembly.json,True,Untitled,1697,2773,1176,1293,11,11,550.5711495720155,113.23357317562791,0.00785,0.888883549428679,ParametricDesignType,42,6,4355
22210_649a5363,simple_rotor,1,2.0,41.0,37.0,36.0,5.659038475752863,720.8966211150145,0.0,Steel,1.108108108108108,0,114.0,/Users/ulukbekrahmanov/Desktop/fusion_subset/22210_649a5363/assembly.json,True,Untitled,36,41,37,65,4,2,1587.4982564247082,720.8966211150145,0.00785,5.659038475752863,ParametricDesignType,1,0,456
23195_2629864e,complex_assembly,38,59.0,4057.0,1775.0,2737.0,80.78124172367416,10290.604041232376,0.0,Steel,2.285633802816901,0,8569.0,/Users/ulukbekrahmanov/Desktop/fusion_subset/23195_2629864e/assembly.json,True,Untitled,2737,4057,1775,2278,59,59,21056.90570079343,10290.604041232375,0.007850000000000001,80.78124172367416,ParametricDesignType,1,0,519
22827_f33929ec,high_complexity_rotor,3,55.0,2201.0,1081.0,1522.0,1.3758134215478794,175.26285624813752,0.0,Steel,2.036077705827937,0,4804.0,/Users/ulukbekrahmanov/Desktop/fusion_subset/22827_f33929ec/assembly.json,True,Untitled,1522,2201,1081,1414,55,55,457.16341964542585,175.26285624813752,0.00785,1.3758134215478794,ParametricDesignType,1,0,482
20745_3e22ad07,high_complexity_rotor,1,36.0,11012.0,3496.0,7303.0,2.2069083524550757,281.13482196879943,0.0,"Steel, Mild",3.1498855835240276,1,21811.0,/Users/ulukbekrahmanov/Desktop/fusion_subset/20745_3e22ad07/assembly.json,True,Untitled,7303,11012,3496,4010,36,36,3629.198550744131,281.13482196879943,0.007850000000000001,2.2069083524550757,ParametricDesignType,1,0,365
21779_b99623fc,medium_rotor,1,10.0,780.0,363.0,468.0,0.0625585337452409,11.21800274995142,0.0,"Titanium, Steel",2.1487603305785123,0,1611.0,/Users/ulukbekrahmanov/Desktop/fusion_subset/21779_b99623fc/assembly.json,True,Untitled,468,780,363,448,10,10,130.11500795979822,11.218002749951419,0.005576619576556255,0.06255853374524098,ParametricDesignType,7,1,1260
20212_5d1f2de1,simple_rotor,1,4.0,151.0,64.0,106.0,0.0342683543051454,8.86849257185893,0.0,"Steel, Mild, Acetal Resin, Black, Brass",2.359375,0,321.0,/Users/ulukbekrahmanov/Desktop/fusion_subset/20212_5d1f2de1/assembly.json,True,Untitled,106,151,64,85,4,4,64.02063849850687,8.86849257185893,0.0038640562674522707,0.0342683543051454,ParametricDesignType,2,0,1714
21550_0b16151d,medium_rotor,1,15.0,833.0,382.0,522.0,0.0613029089275959,7.809287761477193,0.0,Steel,2.180628272251309,0,1737.0,/Users/ulukbekrahmanov/Desktop/fusion_subset/21550_0b16151d/assembly.json,True,Untitled,522,833,382,464,15,15,84.57761204007579,7.809287761477193,0.00785,0.061302908927595955,ParametricDesignType,0,0,386
23209_1592b0a4,simple_rotor,11,13.0,126.0,85.0,102.0,0.2253811557020487,395.2271413271791,0.0,Wood,1.4823529411764709,0,313.0,/Users/ulukbekrahmanov/Desktop/fusion_subset/23209_1592b0a4/assembly.json,True,Untitled,102,126,85,138,13,13,694.7979823502891,395.2271413271791,0.0005702572827999999,0.2253811557020487,ParametricDesignType,2,0,1420
22498_b8bdb105,simple_rotor,1,2.0,16.0,18.0,16.0,0.010071489652536,9.50140533258121,0.0,ABS Plastic,0.8888888888888888,0,50.0,/Users/ulukbekrahmanov/Desktop/fusion_subset/22498_b8bdb105/assembly.json,True,Untitled,16,16,18,32,2,2,169.7575298330513,9.50140533258121,0.00106,0.010071489652536084,ParametricDesignType,0,0,426
23380_abffc859,medium_rotor,1,79.0,1221.0,675.0,945.0,13.909122377250148,1771.8627232165798,0.0,Steel,1.808888888888889,0,2841.0,/Users/ulukbekrahmanov/Desktop/fusion_subset/23380_abffc859/assembly.json,True,Untitled,945,1221,675,1128,79,79,7577.002409639628,1771.8627232165798,0.007849999999999998,13.909122377250148,ParametricDesignType,0,0,504
20389_c835706f,medium_rotor,1,38.0,993.0,509.0,659.0,4.700816513665376,4700.816513665375,0.0,Generic,1.950884086444008,0,2161.0,/Users/ulukbekrahmanov/Desktop/fusion_subset/20389_c835706f/assembly.json,True,Untitled,659,993,509,608,38,38,4804.08591095904,4700.816513665375,0.001,4.700816513665376,ParametricDesignType,3,1,597
21429_6d2d3974,medium_rotor,3,57.0,767.0,446.0,563.0,286.6812744885461,37428.77403471894,0.0,"Steel, Rubber, Natural",1.7197309417040358,0,1776.0,/Users/ulukbekrahmanov/Desktop/fusion_subset/21429_6d2d3974/assembly.json,True,Untitled,563,767,446,582,57,57,30206.70371762054,37428.77403471894,0.007659381902880935,286.6812744885461,ParametricDesignType,1,0,527
21843_effbd24d,high_complexity_rotor,2,6.0,1650.0,622.0,1081.0,0.1703483548608055,21.700427370803247,0.0,Steel,2.652733118971061,1,3353.0,/Users/ulukbekrahmanov/Desktop/fusion_subset/21843_effbd24d/assembly.json,True,Untitled,1081,1650,622,713,6,6,157.84707239795773,21.700427370803247,0.00785,0.1703483548608055,ParametricDesignType,0,0,570
23439_18900af2,simple_rotor,1,8.0,93.0,43.0,62.0,3.179617093078604,405.0467634495037,0.0,Steel,2.1627906976744184,0,198.0,/Users/ulukbekrahmanov/Desktop/fusion_subset/23439_18900af2/assembly.json,True,Untitled,62,93,43,43,8,8,426.75299982592105,405.0467634495037,0.00785,3.179617093078604,ParametricDesignType,1,0,433
21737_87d83240,medium_rotor,7,7.0,279.0,133.0,188.0,2.2409691115672867,285.47377217417664,0.0,Steel,2.0977443609022557,0,600.0,/Users/ulukbekrahmanov/Desktop/fusion_subset/21737_87d83240/assembly.json,True,Untitled,188,279,133,171,7,7,816.0623721333405,285.47377217417664,0.007850000000000001,2.2409691115672867,ParametricDesignType,0,1,253
21496_f4025ad5,medium_rotor,1,5.0,392.0,174.0,208.0,18748.36109681067,2388326.2543707862,0.0,Steel,2.2528735632183907,0,774.0,/Users/ulukbekrahmanov/Desktop/fusion_subset/21496_f4025ad5/assembly.json,True,Untitled,208,392,174,174,5,5,305700.6165106858,2388326.2543707862,0.00785,18748.36109681067,ParametricDesignType,0,0,640
22053_de30641b,simple_rotor,10,6.0,60.0,40.0,46.0,11.996276542058093,1528.1880945296932,0.0,Steel,1.5,0,146.0,/Users/ulukbekrahmanov/Desktop/fusion_subset/22053_de30641b/assembly.json,True,Untitled,46,60,40,60,6,6,2019.3886573070733,1528.1880945296932,0.007850000000000001,11.996276542058093,ParametricDesignType,2,0,568
22891_b8c84495,simple_rotor,1,3.0,222.0,99.0,143.0,0.0138444523638518,1.7636245049492765,0.0,Steel,2.242424242424242,0,464.0,/Users/ulukbekrahmanov/Desktop/fusion_subset/22891_b8c84495/assembly.json,True,Untitled,143,222,99,117,3,3,35.40432050026595,1.7636245049492763,0.00785,0.013844452363851817,ParametricDesignType,2,0,390
21390_4d1e2d9c,medium_rotor,1,9.0,916.0,386.0,610.0,0.0022873456029686,0.2913816054737082,0.0,Steel,2.373056994818653,0,1912.0,/Users/ulukbekrahmanov/Desktop/fusion_subset/21390_4d1e2d9c/assembly.json,True,Untitled,610,916,386,490,9,9,23.182671478125354,0.2913816054737082,0.00785,0.002287345602968609,ParametricDesignType,7,3,1215
22378_234fea2c,simple_rotor,4,7.0,80.0,56.0,66.0,0.016371249402132,2.0855094779786048,0.0,Steel,1.4285714285714286,0,202.0,/Users/ulukbekrahmanov/Desktop/fusion_subset/22378_234fea2c/assembly.json,True,Untitled,66,80,56,94,7,7,34.70448661948559,2.0855094779786048,0.00785,0.016371249402132047,ParametricDesignType,0,0,386
22659_0e686e14,symmetric_rotor,1,5.0,889.0,349.0,586.0,0.1189684461795313,15.155216073825644,0.0,Steel,2.5472779369627507,1,1824.0,/Users/ulukbekrahmanov/Desktop/fusion_subset/22659_0e686e14/assembly.json,True,Untitled,586,889,349,393,5,5,88.2758127147006,15.155216073825645,0.007850000000000001,0.11896844617953133,ParametricDesignType,1,0,630
22304_33009be6,simple_rotor,1,13.0,141.0,50.0,102.0,0.0,0.0,0.0,Steel,2.82,1,293.0,/Users/ulukbekrahmanov/Desktop/fusion_subset/22304_33009be6/assembly.json,True,Untitled,102,141,50,50,13,13,11157.617662299435,0.0,,0.0,ParametricDesignType,2,0,668
20765_99d0665e,high_complexity_rotor,1,70.0,2228.0,1002.0,1502.0,5183.989443335028,660380.8208070097,0.0,Steel,2.223552894211577,0,4732.0,/Users/ulukbekrahmanov/Desktop/fusion_subset/20765_99d0665e/assembly.json,True,Untitled,1502,2228,1002,1181,72,70,255952.00246277443,660380.8208070097,0.007850000000000003,5183.989443335028,ParametricDesignType,2,0,777
23422_f214bd4d,complex_assembly,34,268.0,4773.0,2155.0,3361.0,68.58072126756927,10012.29044115404,0.0,"Wood, Steel, ABS Plastic",2.2148491879350347,0,10289.0,/Users/ulukbekrahmanov/Desktop/fusion_subset/23422_f214bd4d/assembly.json,True,Untitled,3361,4773,2155,2618,269,268,22205.369695233745,10012.29044115404,0.006849653600306914,68.58072126756927,ParametricDesignType,0,0,718
23343_f000bdae,simple_rotor,1,2.0,7.0,6.0,6.0,1.2868925342377258e-05,0.0016393535467996,0.0,"Steel, Glass, Cast, Clear",1.1666666666666667,0,19.0,/Users/ulukbekrahmanov/Desktop/fusion_subset/23343_f000bdae/assembly.json,True,Untitled,6,7,6,8,2,2,1.9525803120222742,0.0016393535467996508,0.00785,1.2868925342377258e-05,ParametricDesignType,1,0,487
23161_e7f63a9f,high_complexity_rotor,1,100.0,1398.0,783.0,942.0,19.068035907243768,2429.0491601584076,0.0,Steel,1.78544061302682,0,3123.0,/Users/ulukbekrahmanov/Desktop/fusion_subset/23161_e7f63a9f/assembly.json,True,Untitled,942,1398,783,932,100,100,3271.9949681807507,2429.0491601584076,0.00785000000000011,19.068035907243768,ParametricDesignType,1,0,562
22011_0832eefe,medium_rotor,18,18.0,1005.0,454.0,644.0,11.145127146855485,1549.421451472751,0.0,"Steel, Iron, Cast",2.2136563876651985,0,2103.0,/Users/ulukbekrahmanov/Desktop/fusion_subset/22011_0832eefe/assembly.json,True,Untitled,644,1005,454,575,18,18,2461.4102884381264,1549.421451472751,0.007193089482698109,11.145127146855483,ParametricDesignType,0,0,948
22214_b098105d,simple_rotor,3,10.0,168.0,93.0,115.0,19.646320446105054,2502.7159803955487,0.0,Steel,1.8064516129032255,0,376.0,/Users/ulukbekrahmanov/Desktop/fusion_subset/22214_b098105d/assembly.json,True,Untitled,115,168,93,126,12,10,2865.843472322586,2502.7159803955487,0.00785,19.646320446105058,ParametricDesignType,0,0,490
22046_fe3bae6e,medium_rotor,57,50.0,794.0,398.0,552.0,0.1063881248855227,97.29148265923276,0.0,"Wood, Steel, ABS Plastic",1.9949748743718592,0,1744.0,/Users/ulukbekrahmanov/Desktop/fusion_subset/22046_fe3bae6e/assembly.json,True,Untitled,552,794,398,485,50,50,537.3676079201482,97.29148265923277,0.0010934988549629915,0.10638812488552278,ParametricDesignType,1,0,443
23204_ff1672a9,complex_assembly,22,123.0,3523.0,1565.0,2401.0,11.425101011325085,1455.4268804235774,0.0,Steel,2.25111821086262,0,7489.0,/Users/ulukbekrahmanov/Desktop/fusion_subset/23204_ff1672a9/assembly.json,True,Untitled,2401,3523,1565,1890,123,123,10821.305199201373,1455.4268804235774,0.007850000000000001,11.425101011325083,ParametricDesignType,0,0,314
21529_93e51dd9,medium_rotor,10,9.0,348.0,168.0,251.0,0.7623181738448058,95.28977173060076,0.0,Stainless Steel,2.0714285714285716,0,767.0,/Users/ulukbekrahmanov/Desktop/fusion_subset/21529_93e51dd9/assembly.json,True,Untitled,251,348,168,248,9,9,444.42873491296206,95.28977173060075,0.007999999999999998,0.7623181738448058,ParametricDesignType,1,0,696
20429_419c4cdd,simple_rotor,1,1.0,28.0,10.0,20.0,0.0,0.0,0.0,"Steel, Mild",2.8,1,58.0,/Users/ulukbekrahmanov/Desktop/fusion_subset/20429_419c4cdd/assembly.json,True,Untitled,20,28,10,10,1,1,198.32839178847428,0.0,,0.0,ParametricDesignType,2,2,968
20241_8c0d3f83,simple_rotor,3,1.0,42.0,19.0,30.0,1.2222250770622862,155.69746204615112,0.0,"Steel, Mild",2.210526315789474,0,91.0,/Users/ulukbekrahmanov/Desktop/fusion_subset/20241_8c0d3f83/assembly.json,True,Untitled,30,42,19,27,1,1,238.59406561796223,155.69746204615112,0.00785,1.2222250770622862,ParametricDesignType,1,0,293
20440_27177360,medium_rotor,6,17.0,590.0,268.0,412.0,1.953265792560747,3425.2360488247455,0.0,Wood,2.201492537313433,0,1270.0,/Users/ulukbekrahmanov/Desktop/fusion_subset/20440_27177360/assembly.json,True,Untitled,412,590,268,340,17,17,5017.138887817931,3425.2360488247455,0.0005702572800000002,1.953265792560747,ParametricDesignType,1,4,750
20554_abcb705e,medium_rotor,9,9.0,314.0,162.0,224.0,2.0164728529040232,263.4458232373796,0.0,"Steel, Aluminum",1.9382716049382716,0,700.0,/Users/ulukbekrahmanov/Desktop/fusion_subset/20554_abcb705e/assembly.json,True,Untitled,224,314,162,228,9,9,424.77815349891375,263.4458232373796,0.007654222139961835,2.0164728529040232,ParametricDesignType,8,1,3333
22135_2aa77ff2,simple_rotor,2,1.0,101.0,50.0,56.0,0.2763762696652849,35.207168110227386,0.0,Steel,2.02,0,207.0,/Users/ulukbekrahmanov/Desktop/fusion_subset/22135_2aa77ff2/assembly.json,True,Untitled,56,101,50,50,1,1,374.37109922197595,35.207168110227386,0.00785,0.27637626966528495,ParametricDesignType,0,0,504
21204_96d26a7f,high_complexity_rotor,10,10.0,6449.0,2213.0,4397.0,1.73216449561149,220.65789753012615,0.0,Steel,2.9141436963398104,1,13059.0,/Users/ulukbekrahmanov/Desktop/fusion_subset/21204_96d26a7f/assembly.json,True,Untitled,4397,6449,2213,2628,10,10,2188.28641915231,220.65789753012618,0.007849999999999998,1.7321644956114899,ParametricDesignType,14,3,2434
22259_613f9d44,symmetric_rotor,6,6.0,518.0,194.0,343.0,0.3142568077208113,40.032714359339025,0.0,Steel,2.670103092783505,1,1055.0,/Users/ulukbekrahmanov/Desktop/fusion_subset/22259_613f9d44/assembly.json,True,Untitled,343,518,194,229,6,6,484.2252415391692,40.032714359339025,0.00785,0.3142568077208113,ParametricDesignType,0,0,534
20520_7e357152,medium_rotor,1,3.0,382.0,179.0,248.0,0.0926112897023969,92.61128970239692,0.0,Generic,2.1340782122905027,0,809.0,/Users/ulukbekrahmanov/Desktop/fusion_subset/20520_7e357152/assembly.json,True,Untitled,248,382,179,230,3,3,334.7724617905596,92.61128970239693,0.001,0.09261128970239693,ParametricDesignType,1,0,2765
20802_802b7d69,simple_rotor,3,2.0,83.0,40.0,47.0,0.1660298648146213,172.6013688847118,0.0,"Steel, Rubber, Natural",2.075,0,170.0,/Users/ulukbekrahmanov/Desktop/fusion_subset/20802_802b7d69/assembly.json,True,Untitled,47,83,40,40,2,2,237.31601742636263,172.6013688847118,0.0009619266978439792,0.16602986481462137,ParametricDesignType,5,3,1388
20392_8b23d193,simple_rotor,1,2.0,29.0,18.0,22.0,0.4939334043576402,62.92145278441277,0.0,"Steel, Mild",1.6111111111111112,0,69.0,/Users/ulukbekrahmanov/Desktop/fusion_subset/20392_8b23d193/assembly.json,True,Untitled,22,29,18,25,2,2,266.47660626206493,62.92145278441277,0.00785,0.4939334043576402,ParametricDesignType,0,0,345
22178_976d2411,simple_rotor,1,2.0,59.0,24.0,39.0,0.3669211985806475,46.74155395931817,0.0,Steel,2.4583333333333335,0,122.0,/Users/ulukbekrahmanov/Desktop/fusion_subset/22178_976d2411/assembly.json,True,Untitled,39,59,24,26,2,2,140.48961088365348,46.74155395931817,0.007849999999999998,0.36692119858064753,ParametricDesignType,0,0,408
22710_77324fc2,medium_rotor,1,9.0,571.0,233.0,380.0,30.418631167438697,3874.984862094102,0.0,Steel,2.4506437768240343,0,1184.0,/Users/ulukbekrahmanov/Desktop/fusion_subset/22710_77324fc2/assembly.json,True,Untitled,380,571,233,271,9,9,4196.594740766485,3874.984862094102,0.007849999999999998,30.418631167438694,ParametricDesignType,1,0,515
20245_f1b25d43,high_complexity_rotor,1,110.0,4787.0,1914.0,3402.0,16.344384998953494,2082.087261013184,0.0,"Steel, Mild",2.501044932079415,1,10103.0,/Users/ulukbekrahmanov/Desktop/fusion_subset/20245_f1b25d43/assembly.json,True,Untitled,3402,4787,1914,2394,110,110,367880.8342065782,2082.087261013184,0.00785,16.344384998953494,ParametricDesignType,1,0,406
22617_a286f13c,medium_rotor,1,4.0,806.0,339.0,565.0,322.37138658606915,41066.418673384615,0.0,Steel,2.377581120943953,0,1710.0,/Users/ulukbekrahmanov/Desktop/fusion_subset/22617_a286f13c/assembly.json,True,Untitled,565,806,339,552,4,4,16677.69296769611,41066.418673384615,0.007849999999999998,322.37138658606915,ParametricDesignType,2,5,826
23233_ac09e2e5,high_complexity_rotor,12,17.0,1892.0,689.0,1329.0,2.9292532202442825,373.15327646423975,0.0,Steel,2.7460087082728593,1,3910.0,/Users/ulukbekrahmanov/Desktop/fusion_subset/23233_ac09e2e5/assembly.json,True,Untitled,1329,1892,689,933,17,17,3360.8398112889704,373.15327646423975,0.007850000000000001,2.9292532202442825,ParametricDesignType,0,0,260
21469_abec26c4,simple_rotor,4,4.0,210.0,88.0,150.0,0.2590630805845695,30.52956805484918,0.0,"Steel, Brass",2.386363636363636,0,448.0,/Users/ulukbekrahmanov/Desktop/fusion_subset/21469_abec26c4/assembly.json,True,Untitled,150,210,88,128,4,4,214.0582805943863,30.52956805484918,0.00848564513324063,0.25906308058456956,ParametricDesignType,0,0,179
22413_901f5867,complex_assembly,53,83.0,5095.0,2053.0,3467.0,1.3466608974356933,171.5491589090056,0.0,Steel,2.481734047735022,0,10615.0,/Users/ulukbekrahmanov/Desktop/fusion_subset/22413_901f5867/assembly.json,True,Untitled,3467,5095,2053,2428,83,83,881.5085152138196,171.5491589090056,0.007849999999999996,1.3466608974356933,ParametricDesignType,24,2,3301
22061_b50b6b66,medium_rotor,8,7.0,249.0,117.0,142.0,7.296473252392294,968.464152159816,0.0,"Steel, Iron, Cast",2.128205128205128,0,508.0,/Users/ulukbekrahmanov/Desktop/fusion_subset/22061_b50b6b66/assembly.json,True,Untitled,142,249,117,117,7,7,1073.9171039547414,968.4641521598161,0.00753406642478206,7.296473252392294,ParametricDesignType,1,0,579
23475_b14d1dc8,medium_rotor,1,31.0,608.0,354.0,442.0,1.7751936436693965,226.13931766489117,0.0,Steel,1.7175141242937852,0,1404.0,/Users/ulukbekrahmanov/Desktop/fusion_subset/23475_b14d1dc8/assembly.json,True,Untitled,442,608,354,482,31,31,538.3918580767382,226.13931766489117,0.007850000000000003,1.7751936436693965,ParametricDesignType,0,0,503
20787_ed64ff5e,complex_assembly,34,41.0,1827.0,883.0,1187.0,238.55689895987484,98131.18376286275,0.0,"Steel, Mild, Steel, Paint Finish, Ivory, Glossy, Generic",2.069082672706682,0,3897.0,/Users/ulukbekrahmanov/Desktop/fusion_subset/20787_ed64ff5e/assembly.json,True,Untitled,1187,1827,883,1106,41,41,237162.200753934,98131.18376286275,0.0024309999106538393,238.55689895987484,ParametricDesignType,1,1,541
20746_57a7b346,high_complexity_rotor,4,247.0,9265.0,3931.0,6315.0,6.642745635401791,846.2096350830335,0.0,Steel,2.3569066395319256,0,19511.0,/Users/ulukbekrahmanov/Desktop/fusion_subset/20746_57a7b346/assembly.json,True,Untitled,6315,9265,3931,4772,247,247,6148.499154579296,846.2096350830335,0.007849999999999975,6.642745635401791,ParametricDesignType,3,3,780
23219_40625e2c,simple_rotor,13,11.0,158.0,91.0,123.0,0.2272628322066053,398.5268387818394,0.0,Wood,1.7362637362637363,0,372.0,/Users/ulukbekrahmanov/Desktop/fusion_subset/23219_40625e2c/assembly.json,True,Untitled,123,158,91,145,11,11,745.5132499097728,398.52683878183933,0.0005702572827999999,0.22726283220660531,ParametricDesignType,1,0,896
22311_553b3456,symmetric_rotor,1,2.0,930.0,343.0,596.0,6.494477701679042,827.3220002138908,0.0,Steel,2.7113702623906706,1,1869.0,/Users/ulukbekrahmanov/Desktop/fusion_subset/22311_553b3456/assembly.json,True,Untitled,596,930,343,357,2,2,2812.0800361148977,827.3220002138908,0.00785,6.494477701679042,ParametricDesignType,1,0,316
22017_6d3be48d,medium_rotor,20,58.0,1265.0,567.0,891.0,21477.858145448623,2736032.8847705214,0.0,Steel,2.2310405643738975,0,2723.0,/Users/ulukbekrahmanov/Desktop/fusion_subset/22017_6d3be48d/assembly.json,True,Untitled,891,1265,567,793,58,58,518382.75434967875,2736032.8847705214,0.007850000000000011,21477.858145448623,ParametricDesignType,0,0,398
21091_bbf490e7,medium_rotor,1,17.0,964.0,516.0,484.0,2.62514911452279,334.41389993920893,0.0,Steel,1.868217054263566,0,1964.0,/Users/ulukbekrahmanov/Desktop/fusion_subset/21091_bbf490e7/assembly.json,True,Untitled,484,964,516,520,17,17,851.5090367469153,334.41389993920893,0.00785,2.62514911452279,ParametricDesignType,4,0,601
23480_3f7a8d50,medium_rotor,1,38.0,527.0,312.0,378.0,51.99106500793559,6623.065606106443,0.0,Steel,1.689102564102564,0,1217.0,/Users/ulukbekrahmanov/Desktop/fusion_subset/23480_3f7a8d50/assembly.json,True,Untitled,378,527,312,399,38,38,5003.763624944459,6623.065606106443,0.007850000000000001,51.99106500793559,ParametricDesignType,0,0,402
20814_5a2be0fb,simple_rotor,3,2.0,78.0,36.0,50.0,0.2904630654462869,244.47929200458728,0.0,"Acrylic, Clear, Bamboo",2.1666666666666665,0,164.0,/Users/ulukbekrahmanov/Desktop/fusion_subset/20814_5a2be0fb/assembly.json,True,Untitled,50,78,36,40,2,2,261.1039784507778,244.47929200458728,0.0011880886232312749,0.2904630654462869,ParametricDesignType,1,1,468
22654_4c426b0f,symmetric_rotor,11,11.0,1070.0,414.0,701.0,0.4115282476437927,74.87916180667847,0.0,"Acetal Resin, White, Steel, ABS Plastic",2.5845410628019323,1,2185.0,/Users/ulukbekrahmanov/Desktop/fusion_subset/22654_4c426b0f/assembly.json,True,Untitled,701,1070,414,461,11,11,398.9784642908925,74.87916180667847,0.0054958981606427195,0.41152824764379276,ParametricDesignType,1,0,711
21594_428d32af,medium_rotor,1,9.0,434.0,198.0,250.0,229.92257342348248,38375.35373858625,0.0,"Steel, Bamboo, Glass, Cast, Clear",2.191919191919192,0,882.0,/Users/ulukbekrahmanov/Desktop/fusion_subset/21594_428d32af/assembly.json,True,Untitled,250,434,198,198,9,9,17833.14477352494,38375.35373858625,0.005991412482858662,229.92257342348248,ParametricDesignType,1,0,711
22270_c6999138,simple_rotor,8,7.0,57.0,58.0,57.0,13.543325598782896,1725.264407488267,0.0,Steel,0.9827586206896552,0,172.0,/Users/ulukbekrahmanov/Desktop/fusion_subset/22270_c6999138/assembly.json,True,Untitled,57,57,58,113,7,7,2631.53763430264,1725.2644074882667,0.007850000000000001,13.543325598782895,ParametricDesignType,0,0,514
21062_c4ed6d45,simple_rotor,1,2.0,71.0,34.0,43.0,69.96513779152703,8912.756406563954,0.0,Steel,2.088235294117647,0,148.0,/Users/ulukbekrahmanov/Desktop/fusion_subset/21062_c4ed6d45/assembly.json,True,Untitled,43,71,34,36,2,2,4023.595244785276,8912.756406563954,0.007849999999999998,69.96513779152703,ParametricDesignType,0,0,317
21816_3891a442,medium_rotor,12,20.0,558.0,320.0,412.0,1.7230484724727104,219.49662069716055,0.0,Steel,1.74375,0,1290.0,/Users/ulukbekrahmanov/Desktop/fusion_subset/21816_3891a442/assembly.json,True,Untitled,412,558,320,524,20,20,830.6855191183066,219.49662069716058,0.00785,1.7230484724727104,ParametricDesignType,0,0,369
21912_3f74887c,medium_rotor,19,18.0,332.0,151.0,232.0,0.0535194052428178,60.64654323567039,0.0,"Steel, Phenolic Resin, Wood",2.198675496688742,0,715.0,/Users/ulukbekrahmanov/Desktop/fusion_subset/21912_3f74887c/assembly.json,True,Untitled,232,332,151,184,18,18,480.9929889362169,60.64654323567039,0.0008824807216932924,0.05351940524281787,ParametricDesignType,0,0,395
22577_cd96733e,medium_rotor,1,14.0,380.0,157.0,258.0,0.0396673063254836,5.053160041462884,0.0,Steel,2.420382165605095,0,795.0,/Users/ulukbekrahmanov/Desktop/fusion_subset/22577_cd96733e/assembly.json,True,Untitled,258,380,157,224,14,14,121.64373368462168,5.053160041462884,0.007849999999999998,0.039667306325483626,ParametricDesignType,0,0,594
21590_7d092186,medium_rotor,31,16.0,583.0,361.0,473.0,1.056699466024974,220.1352878087209,0.0,"Steel, Stainless Steel, Wood",1.6149584487534625,0,1417.0,/Users/ulukbekrahmanov/Desktop/fusion_subset/21590_7d092186/assembly.json,True,Untitled,473,583,361,644,16,16,836.185042598698,220.1352878087209,0.004800227517103742,1.056699466024974,ParametricDesignType,2,0,982
21647_6b6cca6f,complex_assembly,40,76.0,17367.0,6063.0,11685.0,242.85312455252165,31963.3730280756,0.0,"Steel, Paper",2.864423552696685,1,35115.0,/Users/ulukbekrahmanov/Desktop/fusion_subset/21647_6b6cca6f/assembly.json,True,Untitled,11685,17367,6063,8478,76,76,82316.89493262768,31963.3730280756,0.007597856594772,242.85312455252165,ParametricDesignType,4,3,712
20342_c140780b,simple_rotor,1,3.0,60.0,25.0,40.0,0.0069719415376426,0.8881454188079811,0.0,"Steel, Mild",2.4,0,125.0,/Users/ulukbekrahmanov/Desktop/fusion_subset/20342_c140780b/assembly.json,True,Untitled,40,60,25,28,3,3,13.42617040511932,0.8881454188079811,0.007849999999999998,0.006971941537642651,ParametricDesignType,0,0,501
21982_bdafa78d,symmetric_rotor,2,189.0,945.0,364.0,687.0,158.96482439167596,20250.296100850435,0.0,Steel,2.5961538461538463,1,1996.0,/Users/ulukbekrahmanov/Desktop/fusion_subset/21982_bdafa78d/assembly.json,True,Untitled,687,945,364,364,189,189,44932.569771500974,20250.296100850435,0.007850000000000003,158.96482439167596,ParametricDesignType,0,0,663
20232_e5b060d9,simple_rotor,11,12.0,170.0,113.0,129.0,0.0356159635362619,9.66304627855813,0.0,"Steel, Mild, Stainless Steel, 440C, Acetal Resin, Black",1.5044247787610618,0,412.0,/Users/ulukbekrahmanov/Desktop/fusion_subset/20232_e5b060d9/assembly.json,True,Untitled,129,170,113,178,12,12,87.07030243976129,9.66304627855813,0.0036857904339433986,0.03561596353626192,ParametricDesignType,1,2,1282
22852_dc1dbed6,medium_rotor,1,42.0,741.0,361.0,519.0,66819.2149711045,8512001.907147074,0.0,Steel,2.0526315789473686,0,1621.0,/Users/ulukbekrahmanov/Desktop/fusion_subset/22852_dc1dbed6/assembly.json,True,Untitled,519,741,361,492,42,42,626359.8571457597,8512001.907147074,0.007849999999999998,66819.2149711045,ParametricDesignType,1,0,378
22666_bdaa1303,medium_rotor,37,36.0,1125.0,642.0,911.0,0.1822078994058249,39.68630428635393,0.0,"Bronze, Steel, Aluminum",1.7523364485981308,0,2678.0,/Users/ulukbekrahmanov/Desktop/fusion_subset/22666_bdaa1303/assembly.json,True,Untitled,911,1125,642,1329,36,36,439.60799688658005,39.68630428635393,0.004591203506658513,0.18220789940582494,ParametricDesignType,2,0,655
21977_ce9f4e71,high_complexity_rotor,5,4.0,3065.0,1220.0,1877.0,0.7229930822700152,92.10102958853696,0.0,Steel,2.512295081967213,1,6162.0,/Users/ulukbekrahmanov/Desktop/fusion_subset/21977_ce9f4e71/assembly.json,True,Untitled,1877,3065,1220,1269,4,4,211.4000519334817,92.10102958853696,0.007850000000000001,0.7229930822700152,ParametricDesignType,0,0,627
22404_66db7dd7,complex_assembly,26,50.0,26275.0,12139.0,14453.0,0.1929937518831493,37.41855167465565,0.0,"Steel, ABS Plastic, Brass",2.1645110799901146,0,52867.0,/Users/ulukbekrahmanov/Desktop/fusion_subset/22404_66db7dd7/assembly.json,True,Untitled,14453,26275,12139,12466,50,50,661.8851373652449,37.41855167465565,0.005157702349390181,0.19299375188314935,ParametricDesignType,0,0,404
22374_aa5bb54d,simple_rotor,3,2.0,92.0,39.0,64.0,0.0169391990595568,2.1578597528097943,0.0,Steel,2.358974358974359,0,195.0,/Users/ulukbekrahmanov/Desktop/fusion_subset/22374_aa5bb54d/assembly.json,True,Untitled,64,92,39,46,2,2,17.501385570462645,2.1578597528097943,0.007850000000000001,0.016939199059556886,ParametricDesignType,2,0,1543
22907_ff18dbd5,simple_rotor,1,2.0,85.0,41.0,63.0,0.1678698076238674,21.38468886928248,0.0,Steel,2.073170731707317,0,189.0,/Users/ulukbekrahmanov/Desktop/fusion_subset/22907_ff18dbd5/assembly.json,True,Untitled,63,85,41,70,2,2,194.73237382601718,21.38468886928248,0.00785,0.16786980762386747,ParametricDesignType,0,0,180
20801_0796e2ee,simple_rotor,1,7.0,52.0,33.0,38.0,0.8626737941918814,109.89475085246896,0.0,Steel,1.5757575757575757,0,123.0,/Users/ulukbekrahmanov/Desktop/fusion_subset/20801_0796e2ee/assembly.json,True,Untitled,38,52,33,38,7,7,736.6998015170824,109.89475085246897,0.00785,0.8626737941918814,ParametricDesignType,3,0,1528
22045_ead71aca,medium_rotor,4,6.0,444.0,228.0,228.0,32.98075422027485,4201.369964366223,0.0,Steel,1.9473684210526316,0,900.0,/Users/ulukbekrahmanov/Desktop/fusion_subset/22045_ead71aca/assembly.json,True,Untitled,228,444,228,228,6,6,5174.990970223776,4201.369964366223,0.00785,32.98075422027485,ParametricDesignType,0,0,437
23339_87a4d11f,simple_rotor,1,14.0,214.0,102.0,132.0,291.2687995906349,37104.30568033566,0.0,Steel,2.0980392156862746,0,448.0,/Users/ulukbekrahmanov/Desktop/fusion_subset/23339_87a4d11f/assembly.json,True,Untitled,132,214,102,102,14,14,27084.439633627968,37104.30568033566,0.00785,291.2687995906349,ParametricDesignType,2,0,662
22095_af226cbc,symmetric_rotor,11,7.0,406.0,148.0,296.0,2.9310503429219525,373.3822092894207,0.0,Steel,2.743243243243243,1,850.0,/Users/ulukbekrahmanov/Desktop/fusion_subset/22095_af226cbc/assembly.json,True,Untitled,296,406,148,187,7,7,499.9518280028926,373.3822092894207,0.00785,2.9310503429219525,ParametricDesignType,1,0,606
23442_28996649,simple_rotor,1,3.0,21.0,12.0,16.0,0.0417168594761248,5.314249614792973,0.0,Steel,1.75,0,49.0,/Users/ulukbekrahmanov/Desktop/fusion_subset/23442_28996649/assembly.json,True,Untitled,16,21,12,15,3,3,281.20342752834483,5.314249614792973,0.00785,0.041716859476124836,ParametricDesignType,1,1,421
23028_2ca87745,medium_rotor,4,9.0,690.0,295.0,458.0,0.7041166659814928,89.69639057089083,0.0,Steel,2.3389830508474576,0,1443.0,/Users/ulukbekrahmanov/Desktop/fusion_subset/23028_2ca87745/assembly.json,True,Untitled,458,690,295,362,9,9,618.4251465750715,89.69639057089083,0.007849999999999998,0.7041166659814928,ParametricDesignType,0,0,313
21573_31a18ad0,simple_rotor,1,3.0,193.0,81.0,130.0,11.45527344104895,1459.2705020444523,0.0,Steel,2.382716049382716,0,404.0,/Users/ulukbekrahmanov/Desktop/fusion_subset/21573_31a18ad0/assembly.json,True,Untitled,130,193,81,101,3,3,2725.0994747334416,1459.2705020444523,0.00785,11.45527344104895,ParametricDesignType,0,0,484
20592_573e41b2,medium_rotor,1,19.0,604.0,290.0,338.0,413247.94450952334,52643050.25599022,0.0,Steel,2.0827586206896553,0,1232.0,/Users/ulukbekrahmanov/Desktop/fusion_subset/20592_573e41b2/assembly.json,True,Untitled,338,604,290,290,19,19,4986877.180856067,52643050.25599022,0.007850000000000001,413247.94450952334,ParametricDesignType,6,0,1685
22899_5b97e4f5,simple_rotor,1,4.0,12.0,16.0,12.0,0.098003741243882,12.48455302469835,0.0,Steel,0.75,0,40.0,/Users/ulukbekrahmanov/Desktop/fusion_subset/22899_5b97e4f5/assembly.json,True,Untitled,12,12,16,24,4,4,36.72038874081195,12.48455302469835,0.007849999999999998,0.09800374124388202,ParametricDesignType,2,0,742
22062_2d6b3b72,medium_rotor,3,4.0,232.0,112.0,164.0,10.255366148493415,1306.416069871773,0.0,Steel,2.0714285714285716,0,508.0,/Users/ulukbekrahmanov/Desktop/fusion_subset/22062_2d6b3b72/assembly.json,True,Untitled,164,232,112,151,4,4,1097.2384376677835,1306.416069871773,0.00785,10.255366148493417,ParametricDesignType,1,0,422
22040_6461a147,medium_rotor,10,9.0,720.0,302.0,500.0,10.66986578572098,1362.623440078487,0.0,"Steel, Iron, Cast",2.384105960264901,0,1522.0,/Users/ulukbekrahmanov/Desktop/fusion_subset/22040_6461a147/assembly.json,True,Untitled,500,720,302,400,9,9,2715.694919607285,1362.623440078487,0.007830384735717151,10.66986578572098,ParametricDesignType,3,0,1055
20293_a1999339,high_complexity_rotor,6,5.0,2082.0,971.0,1822.0,1.5628557829154883,199.08990865165455,0.0,"Steel, Mild",2.144181256436663,0,4875.0,/Users/ulukbekrahmanov/Desktop/fusion_subset/20293_a1999339/assembly.json,True,Untitled,1822,2082,971,3194,5,5,1343.0209181990092,199.08990865165458,0.007850000000000001,1.5628557829154885,ParametricDesignType,0,0,139
22910_97f0cc18,high_complexity_rotor,1,66.0,1800.0,964.0,1276.0,67.66550069290219,8619.809005465237,0.0,Steel,1.867219917012448,0,4040.0,/Users/ulukbekrahmanov/Desktop/fusion_subset/22910_97f0cc18/assembly.json,True,Untitled,1276,1800,964,1422,66,66,5695.18080147494,8619.809005465237,0.00785000000000001,67.66550069290219,ParametricDesignType,2,0,690
20934_fe7fbd78,simple_rotor,1,3.0,87.0,37.0,54.0,0.071162010617739,9.06522428251453,0.0,"Titanium, Steel",2.3513513513513513,0,178.0,/Users/ulukbekrahmanov/Desktop/fusion_subset/20934_fe7fbd78/assembly.json,True,Untitled,54,87,37,41,3,3,47.53359997003449,9.06522428251453,0.00785,0.07116201061773905,ParametricDesignType,3,0,672
23379_636204a6,medium_rotor,1,66.0,1117.0,549.0,793.0,4.058746815805582,517.0378109306471,0.0,Steel,2.034608378870674,0,2459.0,/Users/ulukbekrahmanov/Desktop/fusion_subset/23379_636204a6/assembly.json,True,Untitled,793,1117,549,714,66,66,1925.6767438017873,517.0378109306471,0.007850000000000005,4.058746815805582,ParametricDesignType,0,0,372
20803_473c87ac,simple_rotor,3,2.0,110.0,51.0,64.0,0.8130845960707984,103.5776555504202,0.0,Steel,2.156862745098039,0,225.0,/Users/ulukbekrahmanov/Desktop/fusion_subset/20803_473c87ac/assembly.json,True,Untitled,64,110,51,52,2,2,154.20529721613195,103.57765555042019,0.00785,0.8130845960707984,ParametricDesignType,0,0,277
22323_aa6edb8b,medium_rotor,14,23.0,455.0,258.0,346.0,32.25607688986541,4447.492331821926,0.0,"Steel, Stainless Steel, Iron, Cast",1.7635658914728682,0,1059.0,/Users/ulukbekrahmanov/Desktop/fusion_subset/22323_aa6edb8b/assembly.json,True,Untitled,346,455,258,417,23,23,7196.466555508967,4447.492331821926,0.0072526436210069035,32.25607688986541,ParametricDesignType,1,0,389
22242_4ceddc2b,complex_assembly,39,58.0,1477.0,767.0,1030.0,5.6774017874348,723.2358964885105,0.0,Steel,1.925684485006519,0,3274.0,/Users/ulukbekrahmanov/Desktop/fusion_subset/22242_4ceddc2b/assembly.json,True,Untitled,1030,1477,767,1062,58,58,1810.105213119054,723.2358964885105,0.007849999999999989,5.6774017874348,ParametricDesignType,0,0,701
23271_f833d903,complex_assembly,51,50.0,4138.0,1880.0,2680.0,8.122163484831413,1034.6705076218366,0.0,Steel,2.201063829787234,0,8698.0,/Users/ulukbekrahmanov/Desktop/fusion_subset/23271_f833d903/assembly.json,True,Untitled,2680,4138,1880,2332,53,50,4355.7684956229405,1034.6705076218366,0.007849999999999996,8.122163484831413,ParametricDesignType,0,0,470
23121_cbdf3ebc,medium_rotor,1,32.0,614.0,309.0,426.0,24.26320271304194,3090.853848795153,0.0,Steel,1.9870550161812297,0,1349.0,/Users/ulukbekrahmanov/Desktop/fusion_subset/23121_cbdf3ebc/assembly.json,True,Untitled,426,614,309,370,32,32,4057.456632577813,3090.853848795153,0.007849999999999996,24.26320271304194,ParametricDesignType,0,0,446
21519_3e869afd,high_complexity_rotor,7,6.0,8132.0,5301.0,2850.0,3.107068596741553,394.3353154317155,0.0,"Steel, Mild, Brass",1.5340501792114696,0,16283.0,/Users/ulukbekrahmanov/Desktop/fusion_subset/21519_3e869afd/assembly.json,True,Untitled,2850,8132,5301,5326,6,6,1987.4371207258062,394.3353154317155,0.00787925523064034,3.107068596741553,ParametricDesignType,6,2,1794
23008_3d1bb7b2,medium_rotor,1,6.0,601.0,244.0,387.0,7.756851965469462,988.134008340059,0.0,Steel,2.4631147540983607,0,1232.0,/Users/ulukbekrahmanov/Desktop/fusion_subset/23008_3d1bb7b2/assembly.json,True,Untitled,387,601,244,262,6,6,2395.109996092745,988.134008340059,0.007849999999999998,7.756851965469462,ParametricDesignType,2,0,543
20500_e88d8065,high_complexity_rotor,1,3.0,2237.0,959.0,1328.0,1.0173602832189934,129.60003607885267,0.0,"Steel, Mild",2.332638164754953,0,4524.0,/Users/ulukbekrahmanov/Desktop/fusion_subset/20500_e88d8065/assembly.json,True,Untitled,1328,2237,959,1019,3,3,933.9791726527849,129.60003607885267,0.00785,1.0173602832189934,ParametricDesignType,0,0,757
22155_ab18f2b6,symmetric_rotor,1,3.0,608.0,204.0,406.0,0.7287936840838078,92.83995975589907,0.0,Steel,2.980392156862745,1,1218.0,/Users/ulukbekrahmanov/Desktop/fusion_subset/22155_ab18f2b6/assembly.json,True,Untitled,406,608,204,220,3,3,261.8214535493658,92.83995975589909,0.00785,0.7287936840838078,ParametricDesignType,0,0,402
20430_975b8dcf,high_complexity_rotor,20,67.0,2256.0,1118.0,1520.0,10.344567339434764,1645.0971410169086,0.0,"Steel, Mild, Copper, Generic",2.0178890876565294,0,4894.0,/Users/ulukbekrahmanov/Desktop/fusion_subset/20430_975b8dcf/assembly.json,True,Untitled,1520,2256,1118,1498,67,67,4662.851242209294,1645.0971410169086,0.00628811945599779,10.344567339434763,ParametricDesignType,0,0,347
20647_cea2e07c,simple_rotor,6,5.0,192.0,91.0,133.0,0.2366573905822243,30.147438290729223,0.0,Steel,2.10989010989011,0,416.0,/Users/ulukbekrahmanov/Desktop/fusion_subset/20647_cea2e07c/assembly.json,True,Untitled,133,192,91,121,5,5,145.74466911420342,30.147438290729223,0.007849999999999998,0.23665739058222435,ParametricDesignType,6,3,767
22894_5f7c276d,high_complexity_rotor,7,10.0,2629.0,979.0,1698.0,0.1694226952112135,21.582508944103644,0.0,Steel,2.6853932584269664,1,5306.0,/Users/ulukbekrahmanov/Desktop/fusion_subset/22894_5f7c276d/assembly.json,True,Untitled,1698,2629,979,1019,10,10,200.64608255650927,21.582508944103644,0.007849999999999998,0.16942269521121356,ParametricDesignType,5,3,844
23440_5956321f,simple_rotor,1,7.0,124.0,65.0,78.0,0.6123630139310448,78.00802725236241,0.0,Steel,1.907692307692308,0,267.0,/Users/ulukbekrahmanov/Desktop/fusion_subset/23440_5956321f/assembly.json,True,Untitled,78,124,65,68,8,7,8398.80278840368,78.00802725236241,0.007849999999999998,0.6123630139310448,ParametricDesignType,1,0,502
22508_6bb410af,simple_rotor,1,3.0,99.0,37.0,65.0,72.5279132150592,9239.22461338334,0.0,Steel,2.675675675675676,1,201.0,/Users/ulukbekrahmanov/Desktop/fusion_subset/22508_6bb410af/assembly.json,True,Untitled,65,99,37,44,3,3,5157.317414162921,9239.22461338334,0.007849999999999998,72.5279132150592,ParametricDesignType,2,0,2000
21549_18160a0a,medium_rotor,1,14.0,665.0,283.0,411.0,0.0917520007912539,11.68815296703872,0.0,Steel,2.34982332155477,0,1359.0,/Users/ulukbekrahmanov/Desktop/fusion_subset/21549_18160a0a/assembly.json,True,Untitled,411,665,283,322,14,14,177.84786136851756,11.68815296703872,0.00785,0.09175200079125394,ParametricDesignType,0,0,677
21941_1a683ec2,complex_assembly,30,60.0,1300.0,739.0,965.0,549.2387416128748,60202.83094236754,0.0,"Copper, Bronze, Wood",1.7591339648173208,0,3004.0,/Users/ulukbekrahmanov/Desktop/fusion_subset/21941_1a683ec2/assembly.json,True,Untitled,965,1300,739,1171,60,60,47762.71186731075,60202.83094236754,0.009123138115193682,549.2387416128748,ParametricDesignType,0,0,133
22761_ca309655,symmetric_rotor,2,12.0,1069.0,383.0,714.0,174.06272825433174,22173.59595596583,0.0,Steel,2.7911227154046996,1,2166.0,/Users/ulukbekrahmanov/Desktop/fusion_subset/22761_ca309655/assembly.json,True,Untitled,714,1069,383,433,12,12,40267.285189735114,22173.59595596583,0.00785,174.06272825433174,ParametricDesignType,1,0,630
23221_42f37ae3,symmetric_rotor,8,3.0,419.0,156.0,281.0,0.1362598697447589,17.35794519041516,0.0,Steel,2.6858974358974357,1,856.0,/Users/ulukbekrahmanov/Desktop/fusion_subset/23221_42f37ae3/assembly.json,True,Untitled,281,419,156,168,3,3,346.9009667301069,17.35794519041516,0.00785,0.13625986974475898,ParametricDesignType,0,0,485
22360_42cd6a21,high_complexity_rotor,4,18.0,2000.0,692.0,1322.0,0.0196991839993068,2.5094501909945026,0.0,Steel,2.8901734104046244,1,4014.0,/Users/ulukbekrahmanov/Desktop/fusion_subset/22360_42cd6a21/assembly.json,True,Untitled,1322,2000,692,716,18,18,408.1834255000952,2.5094501909945026,0.00785,0.019699183999306844,ParametricDesignType,5,2,728
21140_8d150c65,simple_rotor,1,3.0,105.0,51.0,68.0,0.0573806523148941,7.30963723756613,0.0,Steel,2.0588235294117645,0,224.0,/Users/ulukbekrahmanov/Desktop/fusion_subset/21140_8d150c65/assembly.json,True,Untitled,68,105,51,59,3,3,58.80746666795619,7.30963723756613,0.00785,0.057380652314894115,ParametricDesignType,1,0,546
22232_cb53774e,medium_rotor,13,18.0,358.0,192.0,268.0,13.996704806361784,4790.116887430174,0.0,"Titanium, Rubber, Natural, Rubber, Silicone",1.8645833333333333,0,818.0,/Users/ulukbekrahmanov/Desktop/fusion_subset/22232_cb53774e/assembly.json,True,Untitled,268,358,192,294,18,18,7710.767650502995,4790.116887430174,0.0029219965055739604,13.996704806361784,ParametricDesignType,0,0,508
23331_192866b6,medium_rotor,4,18.0,594.0,263.0,402.0,51.879555743167366,6608.86060422514,0.0,Steel,2.258555133079848,0,1259.0,/Users/ulukbekrahmanov/Desktop/fusion_subset/23331_192866b6/assembly.json,True,Untitled,402,594,263,354,18,18,7618.205090196996,6608.86060422514,0.007850000000000003,51.879555743167366,ParametricDesignType,0,0,191
23378_8d6426ae,high_complexity_rotor,2,55.0,4294.0,1596.0,2867.0,0.0094356111422484,1.201988680541204,0.0,Steel,2.6904761904761907,1,8757.0,/Users/ulukbekrahmanov/Desktop/fusion_subset/23378_8d6426ae/assembly.json,True,Untitled,2867,4294,1596,1761,55,55,28.05380259990146,1.2019886805412041,0.007849999999999998,0.009435611142248449,ParametricDesignType,0,0,435
23505_161e8ec5,medium_rotor,1,8.0,341.0,150.0,231.0,567.1280726853232,72245.61435481824,0.0,Steel,2.2733333333333334,0,722.0,/Users/ulukbekrahmanov/Desktop/fusion_subset/23505_161e8ec5/assembly.json,True,Untitled,231,341,150,192,8,8,49388.93241342612,72245.61435481824,0.00785,567.1280726853232,ParametricDesignType,1,0,559
23239_ba13cf5e,simple_rotor,1,6.0,67.0,41.0,50.0,3.5614106675337283,453.6828875839144,0.0,Steel,1.6341463414634143,0,158.0,/Users/ulukbekrahmanov/Desktop/fusion_subset/23239_ba13cf5e/assembly.json,True,Untitled,50,67,41,57,6,6,909.6184808636485,453.6828875839144,0.007850000000000001,3.5614106675337283,ParametricDesignType,0,0,405
23251_3eb3d2e6,high_complexity_rotor,1,111.0,2440.0,1058.0,1623.0,2.544169065859799,324.0979701732228,0.0,Steel,2.3062381852551983,0,5121.0,/Users/ulukbekrahmanov/Desktop/fusion_subset/23251_3eb3d2e6/assembly.json,True,Untitled,1623,2440,1058,1099,111,111,881.660869360321,324.0979701732228,0.007850000000000001,2.544169065859799,ParametricDesignType,0,0,551
21133_f9a1614e,symmetric_rotor,2,2.0,853.0,319.0,572.0,0.2921011827093041,37.21034174640817,0.0,Steel,2.6739811912225706,1,1744.0,/Users/ulukbekrahmanov/Desktop/fusion_subset/21133_f9a1614e/assembly.json,True,Untitled,572,853,319,355,2,2,198.80346490896642,37.21034174640817,0.00785,0.2921011827093041,ParametricDesignType,0,0,545
22081_ab3124af,high_complexity_rotor,3,54.0,1533.0,799.0,1132.0,2.8568991968154016,363.93620341597466,0.0,Steel,1.918648310387985,0,3464.0,/Users/ulukbekrahmanov/Desktop/fusion_subset/22081_ab3124af/assembly.json,True,Untitled,1132,1533,799,1109,54,54,1135.7672162666847,363.93620341597466,0.007850000000000001,2.8568991968154016,ParametricDesignType,5,0,802
21275_c8049742,medium_rotor,2,2.0,328.0,145.0,193.0,1.1931947422967597,151.9993302288866,0.0,Steel,2.2620689655172415,0,666.0,/Users/ulukbekrahmanov/Desktop/fusion_subset/21275_c8049742/assembly.json,True,Untitled,193,328,145,151,2,2,379.7610162764894,151.9993302288866,0.007849999999999998,1.1931947422967595,ParametricDesignType,0,0,439
21961_1a090a8b,symmetric_rotor,1,3.0,406.0,145.0,268.0,3.40066530698487,433.2057715904293,0.0,Steel,2.8,1,819.0,/Users/ulukbekrahmanov/Desktop/fusion_subset/21961_1a090a8b/assembly.json,True,Untitled,268,406,145,156,3,3,789.7974213192849,433.2057715904293,0.00785,3.40066530698487,ParametricDesignType,0,0,315
22056_79373464,complex_assembly,25,46.0,1953.0,890.0,1337.0,68.21351881826338,8689.620231625913,0.0,Steel,2.19438202247191,0,4180.0,/Users/ulukbekrahmanov/Desktop/fusion_subset/22056_79373464/assembly.json,True,Untitled,1337,1953,890,1090,46,46,12363.954440766658,8689.620231625913,0.007849999999999996,68.21351881826338,ParametricDesignType,4,0,962
22843_cb38a007,simple_rotor,1,4.0,88.0,40.0,64.0,0.3110388849945179,39.622787897390815,0.0,Steel,2.2,0,192.0,/Users/ulukbekrahmanov/Desktop/fusion_subset/22843_cb38a007/assembly.json,True,Untitled,64,88,40,64,4,4,167.0761041672824,39.622787897390815,0.00785,0.3110388849945179,ParametricDesignType,0,0,393
21121_1e9e7540,high_complexity_rotor,1,9.0,1975.0,728.0,1294.0,0.1260040043327426,16.051465520094595,0.0,Steel,2.712912087912088,1,3997.0,/Users/ulukbekrahmanov/Desktop/fusion_subset/21121_1e9e7540/assembly.json,True,Untitled,1294,1975,728,769,9,9,331.95003898962875,16.051465520094595,0.007850000000000003,0.12600400433274261,ParametricDesignType,1,1,776
21182_a480d230,high_complexity_rotor,4,8.0,2882.0,1031.0,1930.0,1.7413578482399794,221.82902525350056,0.0,Steel,2.795344325897187,1,5843.0,/Users/ulukbekrahmanov/Desktop/fusion_subset/21182_a480d230/assembly.json,True,Untitled,1930,2882,1031,1134,8,8,1006.2707765310878,221.82902525350056,0.00785,1.7413578482399794,ParametricDesignType,0,0,198
22418_2722dfe8,medium_rotor,1,6.0,897.0,364.0,540.0,0.0013832045776341,0.4909229950908317,0.0,"Steel, Mild, Acetal Resin, Black, Brass, Soft Yellow",2.4642857142857144,0,1801.0,/Users/ulukbekrahmanov/Desktop/fusion_subset/22418_2722dfe8/assembly.json,True,Untitled,540,897,364,381,6,6,15.552237423009457,0.4909229950908317,0.0028175591517732683,0.0013832045776341162,ParametricDesignType,9,1,1717
21357_9edfc0a0,simple_rotor,2,4.0,92.0,40.0,53.0,144.4457056452218,18400.72683378622,0.0,Steel,2.3,0,185.0,/Users/ulukbekrahmanov/Desktop/fusion_subset/21357_9edfc0a0/assembly.json,True,Untitled,53,92,40,40,4,4,46410.03119439774,18400.72683378622,0.00785,144.4457056452218,ParametricDesignType,0,0,377
21185_ac5324ba,medium_rotor,13,12.0,223.0,162.0,172.0,5.208559028503287,663.5107042679347,0.0,Steel,1.376543209876543,0,557.0,/Users/ulukbekrahmanov/Desktop/fusion_subset/21185_ac5324ba/assembly.json,True,Untitled,172,223,162,261,12,12,839.5660181986542,663.5107042679347,0.00785,5.208559028503287,ParametricDesignType,0,0,227
23156_7788f78a,high_complexity_rotor,1,114.0,1386.0,726.0,1023.0,20.943828008843823,2668.0035680055803,0.0,Steel,1.9090909090909092,0,3135.0,/Users/ulukbekrahmanov/Desktop/fusion_subset/23156_7788f78a/assembly.json,True,Untitled,1023,1386,726,1035,114,114,4739.271334958709,2668.0035680055803,0.007850000000000006,20.943828008843823,ParametricDesignType,0,0,456
23162_7e2f3d77,complex_assembly,23,67.0,1672.0,784.0,1158.0,5.770389660306916,735.0814853894165,0.0,Steel,2.13265306122449,0,3614.0,/Users/ulukbekrahmanov/Desktop/fusion_subset/23162_7e2f3d77/assembly.json,True,Untitled,1158,1672,784,1082,67,67,2581.405804498291,735.0814853894165,0.007849999999999996,5.770389660306916,ParametricDesignType,0,0,367
21838_5bc448b4,high_complexity_rotor,2,3.0,1905.0,666.0,1251.0,0.0159322317006097,2.02958365612863,0.0,Steel,2.86036036036036,1,3822.0,/Users/ulukbekrahmanov/Desktop/fusion_subset/21838_5bc448b4/assembly.json,True,Untitled,1251,1905,666,716,3,3,29.26510147073948,2.02958365612863,0.00785,0.015932231700609742,ParametricDesignType,0,0,414
20688_955aae0c,medium_rotor,14,16.0,586.0,266.0,409.0,83.56694006154531,10645.470071534435,0.0,"Steel, Mild, Steel",2.2030075187969924,0,1261.0,/Users/ulukbekrahmanov/Desktop/fusion_subset/20688_955aae0c/assembly.json,True,Untitled,409,586,266,365,16,16,5912.367894248749,10645.470071534435,0.00785,83.56694006154531,ParametricDesignType,1,0,472
20419_8ce893b6,symmetric_rotor,2,3.0,702.0,176.0,496.0,727.5535654078503,91480.269153857,0.0,"Steel, Mild, Copper",3.988636363636364,1,1374.0,/Users/ulukbekrahmanov/Desktop/fusion_subset/20419_8ce893b6/assembly.json,True,Untitled,496,702,176,204,3,3,26881.910477340585,91480.269153857,0.007953120078650042,727.5535654078503,ParametricDesignType,0,0,518
23495_6366269c,high_complexity_rotor,2,105.0,1996.0,980.0,1388.0,40.925094111470486,5213.387784900702,0.0,Steel,2.036734693877551,0,4364.0,/Users/ulukbekrahmanov/Desktop/fusion_subset/23495_6366269c/assembly.json,True,Untitled,1388,1996,980,1148,105,105,13069.753539714335,5213.387784900702,0.007849999999999994,40.925094111470486,ParametricDesignType,0,0,186
22334_677d00e0,medium_rotor,2,64.0,960.0,468.0,560.0,1.5566270499787964,216.20702534438567,0.0,"Aluminum 6061, Steel, Glass",2.051282051282051,0,1988.0,/Users/ulukbekrahmanov/Desktop/fusion_subset/22334_677d00e0/assembly.json,True,Untitled,560,960,468,522,64,64,2282.2505547684186,216.20702534438567,0.007199706149692966,1.5566270499787964,ParametricDesignType,0,0,222
20643_71ad3d26,high_complexity_rotor,2,1.0,1983.0,762.0,1221.0,0.4948035380648096,63.03229784265091,0.0,Steel,2.6023622047244093,1,3966.0,/Users/ulukbekrahmanov/Desktop/fusion_subset/20643_71ad3d26/assembly.json,True,Untitled,1221,1983,762,778,1,1,314.00069376977683,63.03229784265091,0.00785,0.49480353806480964,ParametricDesignType,4,4,927
22839_113f2990,simple_rotor,1,2.0,42.0,19.0,27.0,0.6649931249999989,84.71249999999986,0.0,Steel,2.210526315789474,0,88.0,/Users/ulukbekrahmanov/Desktop/fusion_subset/22839_113f2990/assembly.json,True,Untitled,27,42,19,19,2,2,1491.7049999999997,84.71249999999986,0.00785,0.6649931249999989,ParametricDesignType,0,0,489
20804_0dcacc66,simple_rotor,1,2.0,28.0,16.0,20.0,2.1682176172804297,276.2060658955961,0.0,Steel,1.75,0,64.0,/Users/ulukbekrahmanov/Desktop/fusion_subset/20804_0dcacc66/assembly.json,True,Untitled,20,28,16,20,2,2,280.32511747684526,276.2060658955961,0.007850000000000001,2.1682176172804297,ParametricDesignType,1,0,311
21353_4686c90c,simple_rotor,1,9.0,183.0,104.0,121.0,4.096185335963922,521.8070491673786,0.0,Steel,1.7596153846153846,0,408.0,/Users/ulukbekrahmanov/Desktop/fusion_subset/21353_4686c90c/assembly.json,True,Untitled,121,183,104,128,9,9,698.9977064102692,521.8070491673786,0.00785,4.096185335963922,ParametricDesignType,3,2,878
23236_d5867507,simple_rotor,11,12.0,194.0,98.0,141.0,0.4774033580342133,837.1718738779311,0.0,Wood,1.979591836734694,0,433.0,/Users/ulukbekrahmanov/Desktop/fusion_subset/23236_d5867507/assembly.json,True,Untitled,141,194,98,138,12,12,1391.8283341979115,837.1718738779311,0.0005702572828,0.47740335803421335,ParametricDesignType,1,0,696
22070_fd1b8e5e,high_complexity_rotor,3,11.0,1972.0,694.0,1323.0,0.0676250875112782,8.614660829462192,0.0,Steel,2.84149855907781,1,3989.0,/Users/ulukbekrahmanov/Desktop/fusion_subset/22070_fd1b8e5e/assembly.json,True,Untitled,1323,1972,694,749,11,11,148.01103286998816,8.614660829462192,0.00785,0.0676250875112782,ParametricDesignType,1,0,716
20899_a8d7c6d5,medium_rotor,21,24.0,1213.0,573.0,847.0,36.76511809166028,4683.4545339694605,0.0,"Steel, Mild",2.1169284467713787,0,2633.0,/Users/ulukbekrahmanov/Desktop/fusion_subset/20899_a8d7c6d5/assembly.json,True,Untitled,847,1213,573,790,24,24,6703.40608773268,4683.4545339694605,0.007850000000000003,36.76511809166028,ParametricDesignType,0,0,569
22415_658c81dd,complex_assembly,39,158.0,21537.0,8428.0,14234.0,0.0579557139730182,12.19816829151234,0.0,"Phenolic Resin, Steel",2.555410536307546,1,44199.0,/Users/ulukbekrahmanov/Desktop/fusion_subset/22415_658c81dd/assembly.json,True,Untitled,14234,21537,8428,9523,158,158,216.42339688966032,12.198168291512339,0.004751181701054633,0.057955713973018276,ParametricDesignType,0,0,129
20551_ff28a959,simple_rotor,1,1.0,50.0,12.0,30.0,42.16887207524886,5371.830837611321,0.0,Steel,4.166666666666667,1,92.0,/Users/ulukbekrahmanov/Desktop/fusion_subset/20551_ff28a959/assembly.json,True,Untitled,30,50,12,20,1,1,21344.492231219425,5371.830837611321,0.00785,42.16887207524886,ParametricDesignType,2,1,1231
23434_6635ed57,medium_rotor,1,13.0,439.0,187.0,282.0,4.513455387308238,574.9624697207947,0.0,Steel,2.3475935828877006,0,908.0,/Users/ulukbekrahmanov/Desktop/fusion_subset/23434_6635ed57/assembly.json,True,Untitled,282,439,187,201,13,13,2509.5219101472985,574.9624697207947,0.00785,4.513455387308238,ParametricDesignType,1,0,415
23320_e0711ae9,symmetric_rotor,5,4.0,581.0,230.0,420.0,1.2384082998306716,157.75901908670977,0.0,Steel,2.526086956521739,1,1231.0,/Users/ulukbekrahmanov/Desktop/fusion_subset/23320_e0711ae9/assembly.json,True,Untitled,420,581,230,325,4,4,1452.199649113002,157.75901908670977,0.00785,1.2384082998306716,ParametricDesignType,8,1,1399
20892_b1f89c8d,medium_rotor,6,7.0,493.0,220.0,295.0,0.8646732341268233,110.1494565766654,0.0,Steel,2.2409090909090907,0,1008.0,/Users/ulukbekrahmanov/Desktop/fusion_subset/20892_b1f89c8d/assembly.json,True,Untitled,295,493,220,251,7,7,4005.129576711354,110.14945657666539,0.00785,0.8646732341268233,ParametricDesignType,14,0,2239
21761_fdb5f86d,simple_rotor,1,2.0,146.0,60.0,102.0,0.8830465139201251,112.49000177326435,0.0,Steel,2.433333333333333,0,308.0,/Users/ulukbekrahmanov/Desktop/fusion_subset/21761_fdb5f86d/assembly.json,True,Untitled,102,146,60,88,2,2,522.5241013213684,112.49000177326435,0.00785,0.8830465139201251,ParametricDesignType,0,0,419
22778_7d85debd,medium_rotor,11,15.0,540.0,277.0,390.0,6.457604231812467,867.8519729984542,0.0,"Steel, Iron, Cast",1.9494584837545128,0,1207.0,/Users/ulukbekrahmanov/Desktop/fusion_subset/22778_7d85debd/assembly.json,True,Untitled,390,540,277,402,15,15,1785.1327040338388,867.8519729984542,0.007440905169001637,6.457604231812467,ParametricDesignType,0,0,1155
20958_94222947,simple_rotor,1,4.0,116.0,67.0,86.0,0.8482776252258011,314.1768982317782,0.0,Aluminum,1.7313432835820894,0,269.0,/Users/ulukbekrahmanov/Desktop/fusion_subset/20958_94222947/assembly.json,True,Untitled,86,116,67,98,4,4,583.5432714792471,314.1768982317782,0.0027,0.8482776252258011,ParametricDesignType,0,0,179
23006_92c5b990,simple_rotor,1,3.0,21.0,16.0,19.0,0.1654031098015547,21.07045984733182,0.0,Steel,1.3125,0,56.0,/Users/ulukbekrahmanov/Desktop/fusion_subset/23006_92c5b990/assembly.json,True,Untitled,19,21,16,34,3,3,179.09515725334091,21.07045984733182,0.00785,0.16540310980155476,ParametricDesignType,0,0,377
20705_ac2a0325,simple_rotor,1,3.0,14.0,9.0,10.0,1.2061160129014223,153.64535196196462,0.0,Steel,1.5555555555555556,0,33.0,/Users/ulukbekrahmanov/Desktop/fusion_subset/20705_ac2a0325/assembly.json,True,Untitled,10,14,9,10,3,3,1618.4420692501067,153.64535196196462,0.007850000000000001,1.2061160129014223,ParametricDesignType,0,0,365
22919_3ee91d1a,medium_rotor,24,35.0,471.0,287.0,353.0,0.0463741445836901,6.883158893300764,0.0,"Nylon 6/6, Steel, Aluminum",1.6411149825783973,0,1111.0,/Users/ulukbekrahmanov/Desktop/fusion_subset/22919_3ee91d1a/assembly.json,True,Untitled,353,471,287,456,35,35,95.83079006961526,6.883158893300764,0.006737334602114895,0.0463741445836901,ParametricDesignType,0,0,451
23342_7193a931,simple_rotor,8,9.0,178.0,93.0,133.0,1.0777088188717885,132.284256116638,0.0,"Steel, Stainless Steel, Brass",1.913978494623656,0,404.0,/Users/ulukbekrahmanov/Desktop/fusion_subset/23342_7193a931/assembly.json,True,Untitled,133,178,93,135,9,9,943.1311880865176,132.284256116638,0.008146916726972772,1.0777088188717885,ParametricDesignType,0,0,480
21563_c72d37a2,medium_rotor,1,6.0,494.0,205.0,307.0,20.49544698952444,2610.8849668184,0.0,Steel,2.4097560975609755,0,1006.0,/Users/ulukbekrahmanov/Desktop/fusion_subset/21563_c72d37a2/assembly.json,True,Untitled,307,494,205,216,6,6,4911.906145972242,2610.8849668184002,0.00785,20.495446989524442,ParametricDesignType,0,0,442
23214_0c411aa1,medium_rotor,1,9.0,483.0,210.0,294.0,37.94208537192349,4833.386671582609,0.0,Steel,2.3,0,987.0,/Users/ulukbekrahmanov/Desktop/fusion_subset/23214_0c411aa1/assembly.json,True,Untitled,294,483,210,213,9,9,5821.375670080375,4833.386671582609,0.007850000000000003,37.94208537192349,ParametricDesignType,1,0,532
21619_19435db0,simple_rotor,1,2.0,91.0,55.0,65.0,1.539517025551666,196.1168185416135,0.0,Steel,1.6545454545454543,0,211.0,/Users/ulukbekrahmanov/Desktop/fusion_subset/21619_19435db0/assembly.json,True,Untitled,65,91,55,81,2,2,823.7474022083179,196.1168185416135,0.00785,1.539517025551666,ParametricDesignType,2,0,1961
22900_09de4c7a,high_complexity_rotor,1,6.0,1579.0,679.0,886.0,0.7406845126919246,94.35471499260184,0.0,Steel,2.325478645066274,0,3144.0,/Users/ulukbekrahmanov/Desktop/fusion_subset/22900_09de4c7a/assembly.json,True,Untitled,886,1579,679,731,6,6,430.4695060949171,94.35471499260184,0.007850000000000001,0.7406845126919246,ParametricDesignType,0,0,513
21570_9cb1d1c4,simple_rotor,1,10.0,20.0,18.0,16.0,77.91836706237474,5638.6677039926,0.0,"Bronze, Gold, Brass",1.1111111111111112,0,54.0,/Users/ulukbekrahmanov/Desktop/fusion_subset/21570_9cb1d1c4/assembly.json,True,Untitled,16,20,18,20,10,10,3579.7473452808786,5638.6677039926,0.013818577570585104,77.91836706237474,ParametricDesignType,0,0,300
21051_5d118b91,simple_rotor,1,2.0,201.0,94.0,116.0,0.677172514004242,86.26401452283339,0.0,Steel,2.1382978723404253,0,411.0,/Users/ulukbekrahmanov/Desktop/fusion_subset/21051_5d118b91/assembly.json,True,Untitled,116,201,94,103,2,2,1025.851202718847,86.26401452283339,0.00785,0.677172514004242,ParametricDesignType,0,0,809
21614_5d6afa62,simple_rotor,1,2.0,93.0,55.0,67.0,1.7918996722444884,228.26747417127245,0.0,Steel,1.690909090909091,0,215.0,/Users/ulukbekrahmanov/Desktop/fusion_subset/21614_5d6afa62/assembly.json,True,Untitled,67,93,55,81,2,2,818.2373149707491,228.26747417127243,0.00785,1.7918996722444884,ParametricDesignType,0,0,142
21974_1997ebc3,medium_rotor,1,2.0,812.0,336.0,504.0,0.3102099246772102,39.51718785696946,0.0,Steel,2.4166666666666665,0,1652.0,/Users/ulukbekrahmanov/Desktop/fusion_subset/21974_1997ebc3/assembly.json,True,Untitled,504,812,336,408,2,2,286.69588012102474,39.51718785696946,0.00785,0.3102099246772102,ParametricDesignType,2,1,1436
22652_dc7405ef,high_complexity_rotor,18,20.0,1594.0,602.0,1093.0,3.2969009614158855,422.5250959147694,0.0,"Steel, ABS Plastic, Brass",2.647840531561462,1,3289.0,/Users/ulukbekrahmanov/Desktop/fusion_subset/22652_dc7405ef/assembly.json,True,Untitled,1093,1594,602,719,23,20,5299.897990502061,422.5250959147694,0.007802852406383282,3.2969009614158855,ParametricDesignType,0,0,489
20341_6a1588fb,simple_rotor,3,2.0,87.0,39.0,56.0,0.5093351290821112,189.64881425122124,0.0,"Aluminum, Anodized Red, Rubber, Silicone",2.230769230769231,0,182.0,/Users/ulukbekrahmanov/Desktop/fusion_subset/20341_6a1588fb/assembly.json,True,Untitled,56,87,39,43,2,2,229.91964587599116,189.64881425122124,0.002685675262948982,0.5093351290821112,ParametricDesignType,2,1,386
21426_51651a10,simple_rotor,1,3.0,37.0,21.0,22.0,30355.007107237736,3866879.886272323,0.0,Steel,1.761904761904762,0,80.0,/Users/ulukbekrahmanov/Desktop/fusion_subset/21426_51651a10/assembly.json,True,Untitled,22,37,21,21,3,3,156713.18993354964,3866879.886272323,0.007850000000000001,30355.007107237736,ParametricDesignType,5,1,1239
22298_51433023,complex_assembly,39,52.0,3108.0,1273.0,2109.0,5.318609620839944,677.5298880050882,0.0,Steel,2.4414768263943443,0,6490.0,/Users/ulukbekrahmanov/Desktop/fusion_subset/22298_51433023/assembly.json,True,Untitled,2109,3108,1273,1543,54,52,2189.837397043348,677.5298880050882,0.007850000000000003,5.318609620839944,ParametricDesignType,2,0,676
22491_a33562ad,complex_assembly,26,26.0,1820.0,741.0,1357.0,23.56072238167195,3001.36590849324,0.0,Steel,2.456140350877193,0,3918.0,/Users/ulukbekrahmanov/Desktop/fusion_subset/22491_a33562ad/assembly.json,True,Untitled,1357,1820,741,1319,26,26,7180.0416438953225,3001.36590849324,0.007850000000000005,23.56072238167195,ParametricDesignType,0,0,262
20421_0fd51709,high_complexity_rotor,1,3.0,2028.0,798.0,1310.0,5.599446615038395,5599.446615038394,0.0,Generic,2.5413533834586466,1,4136.0,/Users/ulukbekrahmanov/Desktop/fusion_subset/20421_0fd51709/assembly.json,True,Untitled,1310,2028,798,950,3,3,12930.98638938655,5599.446615038394,0.001,5.599446615038395,ParametricDesignType,24,6,3244
23136_2b469508,simple_rotor,9,22.0,148.0,111.0,119.0,0.8958506794233753,321.76524704818917,0.0,"Acrylic, Clear, Steel, Aluminum",1.3333333333333333,0,378.0,/Users/ulukbekrahmanov/Desktop/fusion_subset/23136_2b469508/assembly.json,True,Untitled,119,148,111,164,22,22,987.543992598708,321.76524704818917,0.0027841747598341725,0.8958506794233753,ParametricDesignType,1,0,855
23168_7fdf5427,high_complexity_rotor,1,41.0,1955.0,770.0,1262.0,37.64945957144709,4796.109499547403,0.0,Steel,2.538961038961039,1,3987.0,/Users/ulukbekrahmanov/Desktop/fusion_subset/23168_7fdf5427/assembly.json,True,Untitled,1262,1955,770,798,41,41,8207.765432478154,4796.109499547403,0.007849999999999994,37.64945957144709,ParametricDesignType,0,0,183
20841_1620ae7d,simple_rotor,6,16.0,12.0,26.0,12.0,0.1176405452069783,14.986056714264762,0.0,Steel,0.4615384615384615,0,50.0,/Users/ulukbekrahmanov/Desktop/fusion_subset/20841_1620ae7d/assembly.json,True,Untitled,12,12,26,24,16,16,124.98851558364275,14.986056714264762,0.007850000000000001,0.11764054520697839,ParametricDesignType,0,0,722
20216_89b90993,simple_rotor,1,2.0,130.0,48.0,88.0,0.0003421098676046,0.043580874854098,0.0,"Steel, Mild",2.7083333333333335,1,266.0,/Users/ulukbekrahmanov/Desktop/fusion_subset/20216_89b90993/assembly.json,True,Untitled,88,130,48,54,2,2,1.744356576041199,0.04358087485409808,0.00785,0.0003421098676046699,ParametricDesignType,0,0,511
20157_db99ab88,medium_rotor,7,22.0,299.0,175.0,198.0,351.2748928612268,44748.393995060695,0.0,"Steel, Mild",1.7085714285714286,0,672.0,/Users/ulukbekrahmanov/Desktop/fusion_subset/20157_db99ab88/assembly.json,True,Untitled,198,299,175,211,22,22,18452.181375299726,44748.393995060695,0.007850000000000008,351.2748928612268,ParametricDesignType,6,4,2119
21329_1bfecd1d,high_complexity_rotor,2,2.0,3742.0,1482.0,2266.0,0.0803941281497192,29.775603018414536,0.0,Aluminum,2.524966261808367,1,7490.0,/Users/ulukbekrahmanov/Desktop/fusion_subset/21329_1bfecd1d/assembly.json,True,Untitled,2266,3742,1482,1508,2,2,193.69308179576115,29.775603018414536,0.0026999999999999997,0.08039412814971923,ParametricDesignType,8,4,1723
23403_e539620b,simple_rotor,1,2.0,18.0,15.0,15.0,4.660225180797988,593.6592587003806,0.0,Steel,1.2,0,48.0,/Users/ulukbekrahmanov/Desktop/fusion_subset/23403_e539620b/assembly.json,True,Untitled,15,18,15,25,2,2,1088.536410795837,593.6592587003806,0.00785,4.660225180797988,ParametricDesignType,0,0,208
22074_c0265b0d,medium_rotor,1,6.0,234.0,108.0,165.0,1.2896658917793358,164.2886486343103,0.0,Steel,2.1666666666666665,0,507.0,/Users/ulukbekrahmanov/Desktop/fusion_subset/22074_c0265b0d/assembly.json,True,Untitled,165,234,108,135,6,6,360.26115910619524,164.2886486343103,0.00785,1.2896658917793358,ParametricDesignType,0,0,468
21281_6e562106,medium_rotor,1,16.0,547.0,282.0,321.0,3009.1454008735263,383330.6243150989,0.0,Steel,1.9397163120567376,0,1150.0,/Users/ulukbekrahmanov/Desktop/fusion_subset/21281_6e562106/assembly.json,True,Untitled,321,547,282,306,16,16,136276.56105815555,383330.6243150989,0.00785,3009.1454008735263,ParametricDesignType,0,1,600
21793_4ad5e2c0,simple_rotor,1,6.0,163.0,75.0,108.0,0.0588653257142086,7.498767606905558,0.0,Steel,2.1733333333333333,0,346.0,/Users/ulukbekrahmanov/Desktop/fusion_subset/21793_4ad5e2c0/assembly.json,True,Untitled,108,163,75,89,6,6,64.88129628438612,7.498767606905558,0.007849999999999998,0.05886532571420861,ParametricDesignType,1,0,449
20319_9f53cd7c,medium_rotor,19,29.0,1357.0,565.0,849.0,120.49164199097213,941231.9605183796,0.0,"Steel, Mild, Leather, Dark Brown, Rubber, Nitrile",2.4017699115044246,0,2771.0,/Users/ulukbekrahmanov/Desktop/fusion_subset/20319_9f53cd7c/assembly.json,True,Untitled,849,1357,565,585,29,29,173891.62677094803,941231.9605183797,0.00012801482211102547,120.49164199097211,ParametricDesignType,11,3,1196
23387_c4aa9424,simple_rotor,1,15.0,219.0,103.0,134.0,0.7478412169463505,95.26639706322942,0.0,Steel,2.1262135922330097,0,456.0,/Users/ulukbekrahmanov/Desktop/fusion_subset/23387_c4aa9424/assembly.json,True,Untitled,134,219,103,94,15,15,162.15423360138726,95.26639706322942,0.007849999999999996,0.7478412169463505,ParametricDesignType,1,0,552
22892_68138f24,symmetric_rotor,1,3.0,406.0,136.0,278.0,0.2994880618724295,38.151345461456,0.0,Steel,2.985294117647059,1,820.0,/Users/ulukbekrahmanov/Desktop/fusion_subset/22892_68138f24/assembly.json,True,Untitled,278,406,136,141,3,3,100.29535463484093,38.151345461455996,0.007849999999999998,0.2994880618724295,ParametricDesignType,0,0,636
21300_ec7da33e,high_complexity_rotor,1,47.0,2723.0,1080.0,1820.0,0.5422647399240333,69.0783108183482,0.0,Steel,2.5212962962962964,1,5623.0,/Users/ulukbekrahmanov/Desktop/fusion_subset/21300_ec7da33e/assembly.json,True,Untitled,1820,2723,1080,1193,48,47,1493.0600202386627,69.0783108183482,0.00785,0.5422647399240333,ParametricDesignType,2,0,1294
21805_2ba39d00,high_complexity_rotor,9,9.0,4169.0,1525.0,2726.0,1.330241264668278,169.45748594500358,0.0,Steel,2.733770491803279,1,8420.0,/Users/ulukbekrahmanov/Desktop/fusion_subset/21805_2ba39d00/assembly.json,True,Untitled,2726,4169,1525,1632,9,9,688.1913741952311,169.45748594500358,0.00785,1.330241264668278,ParametricDesignType,2,0,390
22442_7d5c5d5f,high_complexity_rotor,2,13.0,3462.0,2209.0,1286.0,1.4165192802118138,180.44831595054953,0.0,Steel,1.567224988682662,0,6957.0,/Users/ulukbekrahmanov/Desktop/fusion_subset/22442_7d5c5d5f/assembly.json,True,Untitled,1286,3462,2209,2229,13,13,1792.617526284931,180.44831595054953,0.007850000000000001,1.4165192802118138,ParametricDesignType,0,0,546
21009_907a2a95,medium_rotor,18,17.0,416.0,211.0,348.0,0.6414571151435231,81.7142821838883,0.0,Steel,1.971563981042654,0,975.0,/Users/ulukbekrahmanov/Desktop/fusion_subset/21009_907a2a95/assembly.json,True,Untitled,348,416,211,524,17,17,1082.5223623477646,81.7142821838883,0.00785,0.6414571151435231,ParametricDesignType,1,0,620
21806_616e985a,simple_rotor,1,2.0,89.0,37.0,54.0,6.794655320302207,865.5611872996442,0.0,Steel,2.4054054054054053,0,180.0,/Users/ulukbekrahmanov/Desktop/fusion_subset/21806_616e985a/assembly.json,True,Untitled,54,89,37,37,2,2,6343.196085267147,865.5611872996442,0.00785,6.794655320302207,ParametricDesignType,0,0,421
21352_d60bc953,complex_assembly,21,44.0,11499.0,5259.0,8188.0,667.0736641452107,84977.5368337848,0.0,"Steel, Mild, Steel",2.186537364517969,0,24946.0,/Users/ulukbekrahmanov/Desktop/fusion_subset/21352_d60bc953/assembly.json,True,Untitled,8188,11499,5259,7712,44,44,51135.236376480374,84977.5368337848,0.00785,667.0736641452107,ParametricDesignType,6,3,790
22886_a6331748,symmetric_rotor,1,1.0,659.0,222.0,440.0,0.6030842416768138,76.82601804800177,0.0,Steel,2.968468468468469,1,1321.0,/Users/ulukbekrahmanov/Desktop/fusion_subset/22886_a6331748/assembly.json,True,Untitled,440,659,222,241,1,1,267.8801173969523,76.82601804800177,0.00785,0.6030842416768138,ParametricDesignType,0,0,369
22142_7891a26a,simple_rotor,1,2.0,22.0,15.0,18.0,1.769532837411346,225.41819584857913,0.0,Steel,1.4666666666666666,0,55.0,/Users/ulukbekrahmanov/Desktop/fusion_subset/22142_7891a26a/assembly.json,True,Untitled,18,22,15,32,2,2,498.97073713588287,225.41819584857913,0.00785,1.7695328374113461,ParametricDesignType,0,0,457
22331_152ee5c0,high_complexity_rotor,3,1.0,4220.0,1485.0,2775.0,0.0462820316670431,17.14149321001597,0.0,Aluminum,2.8417508417508417,1,8480.0,/Users/ulukbekrahmanov/Desktop/fusion_subset/22331_152ee5c0/assembly.json,True,Untitled,2775,4220,1485,1533,1,1,138.73540246741285,17.14149321001597,0.0026999999999999997,0.04628203166704311,ParametricDesignType,7,3,1104
23128_cb135b1b,medium_rotor,1,2.0,347.0,145.0,207.0,0.1725226578654742,21.97740864528334,0.0,Steel,2.393103448275862,0,699.0,/Users/ulukbekrahmanov/Desktop/fusion_subset/23128_cb135b1b/assembly.json,True,Untitled,207,347,145,150,2,2,152.97073179831875,21.97740864528334,0.00785,0.17252265786547422,ParametricDesignType,0,0,411
22653_58d6287d,simple_rotor,1,2.0,126.0,58.0,72.0,3.3972069888142907e-06,0.000432765221505,0.0,Steel,2.1724137931034484,0,256.0,/Users/ulukbekrahmanov/Desktop/fusion_subset/22653_58d6287d/assembly.json,True,Untitled,72,126,58,58,2,2,0.054972412639546234,0.00043276522150500525,0.00785,3.3972069888142907e-06,ParametricDesignType,0,0,507
23368_648717d8,medium_rotor,17,104.0,1288.0,654.0,882.0,0.6409641990292246,100.23355333012756,0.0,"Phenolic Resin, Copper, Steel",1.9694189602446484,0,2824.0,/Users/ulukbekrahmanov/Desktop/fusion_subset/23368_648717d8/assembly.json,True,Untitled,882,1288,654,732,104,104,1176.8117168343235,100.23355333012756,0.006394706939283651,0.6409641990292246,ParametricDesignType,0,0,388
23501_6c48b3c1,medium_rotor,2,28.0,454.0,219.0,304.0,0.0066688864391736,0.56710197566192,0.0,"Steel, Palladium",2.0730593607305936,0,977.0,/Users/ulukbekrahmanov/Desktop/fusion_subset/23501_6c48b3c1/assembly.json,True,Untitled,304,454,219,258,28,28,15.353180333842996,0.56710197566192,0.011759589501323414,0.006668886439173681,ParametricDesignType,0,0,474
21024_9be3d461,high_complexity_rotor,8,7.0,1961.0,935.0,1333.0,11.944897220542554,1521.6429580308984,0.0,Steel,2.097326203208556,0,4229.0,/Users/ulukbekrahmanov/Desktop/fusion_subset/21024_9be3d461/assembly.json,True,4 inch kurt vise,1333,1961,935,1262,7,7,2519.9836690378643,1521.6429580308984,0.007850000000000001,11.944897220542554,ParametricDesignType,2,0,848
19566_19d85d3b,high_complexity_rotor,3,16.0,2559.0,1087.0,1584.0,0.2588668902216643,244.21404737892863,0.0,"Steel, Mild, ABS Plastic",2.354185832566697,0,5230.0,/Users/ulukbekrahmanov/Desktop/fusion_subset/19566_19d85d3b/assembly.json,True,Untitled,1584,2559,1087,1189,16,16,1680.0815891891561,244.21404737892863,0.00106,0.2588668902216643,ParametricDesignType,9,5,1455
22134_5e72e871,medium_rotor,1,3.0,406.0,188.0,220.0,0.9852787434735728,125.51321572911758,0.0,Steel,2.1595744680851063,0,814.0,/Users/ulukbekrahmanov/Desktop/fusion_subset/22134_5e72e871/assembly.json,True,Untitled,220,406,188,198,3,3,911.2741249259661,125.51321572911758,0.00785,0.9852787434735728,ParametricDesignType,0,0,410
22706_58a933f4,symmetric_rotor,4,2.0,1148.0,418.0,760.0,0.8947226027593117,113.97740162539004,0.0,Steel,2.7464114832535884,1,2326.0,/Users/ulukbekrahmanov/Desktop/fusion_subset/22706_58a933f4/assembly.json,True,Untitled,760,1148,418,446,2,2,1179.5870893710003,113.97740162539003,0.00785,0.8947226027593117,ParametricDesignType,0,0,520
20823_f144e996,medium_rotor,1,12.0,695.0,326.0,360.0,1.2925447653833289,164.65538412526485,0.0,Steel,2.1319018404907975,0,1381.0,/Users/ulukbekrahmanov/Desktop/fusion_subset/20823_f144e996/assembly.json,True,Untitled,360,695,326,327,12,12,444.0661847374387,164.65538412526485,0.00785,1.2925447653833289,ParametricDesignType,2,0,681
23406_1d36b046,simple_rotor,1,2.0,41.0,36.0,37.0,3.424351766190723,436.2231549287545,0.0,Steel,1.1388888888888888,0,114.0,/Users/ulukbekrahmanov/Desktop/fusion_subset/23406_1d36b046/assembly.json,True,Untitled,37,41,36,66,2,2,904.7351493613851,436.2231549287545,0.00785,3.424351766190723,ParametricDesignType,0,0,499
22717_08784417,complex_assembly,30,94.0,15181.0,5613.0,9957.0,0.1469304210815895,18.71725109319613,0.0,Steel,2.704614288259398,1,30751.0,/Users/ulukbekrahmanov/Desktop/fusion_subset/22717_08784417/assembly.json,True,Untitled,9957,15181,5613,6104,94,94,265.64709988771426,18.717251093196126,0.00785,0.14693042108158957,ParametricDesignType,12,1,1752
23414_f7d4a688,medium_rotor,1,110.0,1288.0,640.0,869.0,4.976762002588617,2290.332687597029,0.0,"Plastic, Glass, Cast, Clear",2.0125,0,2797.0,/Users/ulukbekrahmanov/Desktop/fusion_subset/23414_f7d4a688/assembly.json,True,Untitled,869,1288,640,645,110,110,1490.748530003446,2290.332687597029,0.002172942834698018,4.976762002588617,ParametricDesignType,0,0,668
21692_777db9e2,symmetric_rotor,1,5.0,666.0,210.0,461.0,1.175284851579056,532.5853177791877,0.0,"Steel, Rubber, Silicone",3.1714285714285713,1,1337.0,/Users/ulukbekrahmanov/Desktop/fusion_subset/21692_777db9e2/assembly.json,True,Untitled,461,666,210,211,5,5,1020.0522149575107,532.5853177791877,0.00220675413374113,1.175284851579056,ParametricDesignType,1,0,1190
20792_d2ea0500,symmetric_rotor,1,50.0,228.0,65.0,212.0,7539.434142053198,2792383.0155752585,0.0,Aluminum,3.5076923076923077,1,505.0,/Users/ulukbekrahmanov/Desktop/fusion_subset/20792_d2ea0500/assembly.json,True,Untitled,212,228,65,65,50,50,384823.1555064703,2792383.0155752585,0.0027,7539.434142053198,ParametricDesignType,10,2,1561
20926_4c0f33f6,symmetric_rotor,1,2.0,1232.0,413.0,823.0,1.999500240233732,959.5487635311188,0.0,"Wood, Glass, Cast, Clear",2.983050847457627,1,2468.0,/Users/ulukbekrahmanov/Desktop/fusion_subset/20926_4c0f33f6/assembly.json,True,Untitled,823,1232,413,413,2,2,6076.199681932637,959.5487635311188,0.0020837922117429596,1.999500240233732,ParametricDesignType,0,0,615
21248_0a862e3e,symmetric_rotor,1,3.0,786.0,274.0,535.0,0.3991058062765273,50.84150398427101,0.0,Steel,2.8686131386861313,1,1595.0,/Users/ulukbekrahmanov/Desktop/fusion_subset/21248_0a862e3e/assembly.json,True,Untitled,535,786,274,297,3,3,185.2740609135834,50.84150398427101,0.00785,0.39910580627652736,ParametricDesignType,2,1,810
22365_a4eb929c,symmetric_rotor,1,3.0,1221.0,444.0,803.0,0.0519853659508606,6.622339611574602,0.0,Steel,2.75,1,2468.0,/Users/ulukbekrahmanov/Desktop/fusion_subset/22365_a4eb929c/assembly.json,True,Untitled,803,1221,444,464,4,3,38.85768436118225,6.622339611574602,0.00785,0.05198536595086062,ParametricDesignType,2,0,1457
22257_6fb4c50c,simple_rotor,1,3.0,77.0,39.0,45.0,8.467567205168217,1078.6709815500917,0.0,Steel,1.9743589743589745,0,161.0,/Users/ulukbekrahmanov/Desktop/fusion_subset/22257_6fb4c50c/assembly.json,True,Untitled,45,77,39,44,3,3,1476.0036769891813,1078.6709815500917,0.007849999999999998,8.467567205168217,ParametricDesignType,0,0,414
20674_2fb6cabd,simple_rotor,1,31.0,92.0,46.0,48.0,118.94045360600356,15151.650140892178,0.0,Steel,2.0,0,186.0,/Users/ulukbekrahmanov/Desktop/fusion_subset/20674_2fb6cabd/assembly.json,True,Untitled,48,92,46,46,31,31,26170.13435791766,15151.650140892178,0.007849999999999998,118.94045360600356,ParametricDesignType,5,0,518
22028_776fbf0d,complex_assembly,46,22.0,1697.0,667.0,1142.0,2.908465461077799,370.50515427742704,0.0,Steel,2.5442278860569716,1,3506.0,/Users/ulukbekrahmanov/Desktop/fusion_subset/22028_776fbf0d/assembly.json,True,Untitled,1142,1697,667,919,22,22,2181.466174917946,370.50515427742704,0.007849999999999992,2.908465461077799,ParametricDesignType,0,0,458
23036_7f9d143f,medium_rotor,1,25.0,467.0,229.0,329.0,0.685193839311377,71.75327851997969,0.0,"Steel, Platinum",2.039301310043668,0,1025.0,/Users/ulukbekrahmanov/Desktop/fusion_subset/23036_7f9d143f/assembly.json,True,Untitled,329,467,229,278,25,25,416.45502608690117,71.75327851997969,0.0095493035781018,0.685193839311377,ParametricDesignType,0,0,406
20743_c8ea8159,medium_rotor,1,3.0,330.0,138.0,196.0,3.33662445032297,425.04770067808545,0.0,Steel,2.391304347826087,0,664.0,/Users/ulukbekrahmanov/Desktop/fusion_subset/20743_c8ea8159/assembly.json,True,Untitled,196,330,138,140,3,3,2289.028459953167,425.04770067808545,0.007849999999999998,3.33662445032297,ParametricDesignType,2,0,670
22668_9c30f6c0,simple_rotor,1,2.0,71.0,39.0,47.0,1.0805146200579543,137.64517452967573,0.0,Steel,1.8205128205128205,0,157.0,/Users/ulukbekrahmanov/Desktop/fusion_subset/22668_9c30f6c0/assembly.json,True,Untitled,47,71,39,52,2,2,1665.6730727989748,137.64517452967573,0.00785,1.0805146200579543,ParametricDesignType,0,0,336
22266_078a1f68,medium_rotor,24,34.0,938.0,470.0,660.0,8.679713474866372,8501.188516029746,0.0,Polystyrene,1.995744680851064,0,2068.0,/Users/ulukbekrahmanov/Desktop/fusion_subset/22266_078a1f68/assembly.json,True,Untitled,660,938,470,680,38,34,11741.240882729715,8501.188516029746,0.001021,8.679713474866372,ParametricDesignType,1,0,536
21882_795be793,simple_rotor,1,2.0,181.0,79.0,123.0,4.41093373324594,561.9023864007568,0.0,Steel,2.2911392405063293,0,383.0,/Users/ulukbekrahmanov/Desktop/fusion_subset/21882_795be793/assembly.json,True,Untitled,123,181,79,96,2,2,523.9703181520119,561.9023864007568,0.00785,4.41093373324594,ParametricDesignType,2,0,717
21601_360ce1c7,medium_rotor,7,10.0,1218.0,551.0,827.0,1.10733356794325,141.06160101187896,0.0,Steel,2.210526315789474,0,2596.0,/Users/ulukbekrahmanov/Desktop/fusion_subset/21601_360ce1c7/assembly.json,True,Untitled,827,1218,551,740,10,10,603.9892697007118,141.06160101187896,0.00785,1.1073335679432499,ParametricDesignType,3,0,753
23102_211ad1db,symmetric_rotor,1,1.0,503.0,190.0,311.0,0.092210670617978,11.74658224432841,0.0,Steel,2.6473684210526316,1,1004.0,/Users/ulukbekrahmanov/Desktop/fusion_subset/23102_211ad1db/assembly.json,True,Untitled,311,503,190,190,1,1,51.90086649646438,11.74658224432841,0.00785,0.09221067061797801,ParametricDesignType,0,0,144
21092_32622a83,medium_rotor,2,24.0,1038.0,462.0,618.0,39.12258137109018,7275.722822831157,0.0,"Steel, Bamboo",2.2467532467532467,0,2118.0,/Users/ulukbekrahmanov/Desktop/fusion_subset/21092_32622a83/assembly.json,True,Untitled,618,1038,462,480,24,24,11155.11349330416,7275.722822831157,0.00537714015827044,39.12258137109018,ParametricDesignType,2,0,1504
23039_b3d04774,simple_rotor,4,5.0,111.0,54.0,72.0,0.5703956350601282,814.8509072287545,0.0,Bamboo,2.0555555555555554,0,237.0,/Users/ulukbekrahmanov/Desktop/fusion_subset/23039_b3d04774/assembly.json,True,Untitled,72,111,54,61,5,5,1233.7484966744519,814.8509072287545,0.0007000000000000001,0.5703956350601282,ParametricDesignType,0,0,346
23132_1847c4ef,medium_rotor,21,23.0,699.0,338.0,493.0,34.43837206062936,4387.05376568527,0.0,Steel,2.0680473372781063,0,1530.0,/Users/ulukbekrahmanov/Desktop/fusion_subset/23132_1847c4ef/assembly.json,True,Untitled,493,699,338,458,24,23,7070.738881489907,4387.05376568527,0.007849999999999998,34.43837206062936,ParametricDesignType,0,0,424
19810_f77c5501,medium_rotor,10,14.0,1318.0,565.0,869.0,1.471106213511227,187.40206541544296,0.0,"Steel, Mild",2.3327433628318586,0,2752.0,/Users/ulukbekrahmanov/Desktop/fusion_subset/19810_f77c5501/assembly.json,True,Untitled,869,1318,565,677,14,14,948.7607362331617,187.40206541544296,0.007849999999999998,1.471106213511227,ParametricDesignType,7,3,1635
20385_f2d30908,simple_rotor,1,2.0,107.0,47.0,60.0,0.358285621940782,138.31762262734972,0.0,"Aluminum 6061, Glass",2.276595744680851,0,214.0,/Users/ulukbekrahmanov/Desktop/fusion_subset/20385_f2d30908/assembly.json,True,Untitled,60,107,47,47,2,2,718.0368174096841,138.31762262734972,0.002590310729284742,0.358285621940782,ParametricDesignType,4,0,574
22727_c514268a,medium_rotor,1,32.0,528.0,242.0,356.0,4335.919931315482,1414648.8000051095,0.0,"Wood, Gold, Bamboo",2.1818181818181817,0,1126.0,/Users/ulukbekrahmanov/Desktop/fusion_subset/22727_c514268a/assembly.json,True,Untitled,356,528,242,252,32,32,508557.1457890773,1414648.8000051097,0.0030650150986589893,4335.919931315482,ParametricDesignType,1,0,532
22278_12f1fb79,high_complexity_rotor,1,30.0,3952.0,1463.0,2636.0,0.1359876509991102,17.323267643198765,0.0,Steel,2.7012987012987013,1,8051.0,/Users/ulukbekrahmanov/Desktop/fusion_subset/22278_12f1fb79/assembly.json,True,Untitled,2636,3952,1463,1578,30,30,117.46105815733657,17.323267643198765,0.00785,0.13598765099911028,ParametricDesignType,0,0,744
21599_80057f94,simple_rotor,2,19.0,213.0,130.0,152.0,0.0774261015593923,11.086010771138,0.0,"Steel, Glass, Cast, Clear",1.6384615384615384,0,495.0,/Users/ulukbekrahmanov/Desktop/fusion_subset/21599_80057f94/assembly.json,True,Untitled,152,213,130,175,19,19,163.19857358400395,11.086010771138,0.006984126495796684,0.07742610155939234,ParametricDesignType,6,0,1327
23226_8d1b5098,complex_assembly,30,59.0,1814.0,887.0,1222.0,4.104370261984017,522.8497149024225,0.0,Steel,2.0450958286358514,0,3923.0,/Users/ulukbekrahmanov/Desktop/fusion_subset/23226_8d1b5098/assembly.json,True,Untitled,1222,1814,887,1218,59,59,2490.153585252377,522.8497149024225,0.007850000000000001,4.104370261984017,ParametricDesignType,1,0,545
21292_f94bd96b,medium_rotor,8,6.0,406.0,168.0,284.0,0.8077929240340681,299.1825644570623,0.0,Aluminum 6061,2.4166666666666665,0,858.0,/Users/ulukbekrahmanov/Desktop/fusion_subset/21292_f94bd96b/assembly.json,True,Untitled,284,406,168,226,6,6,1660.8057261412112,299.1825644570623,0.0026999999999999997,0.8077929240340681,ParametricDesignType,1,0,501
23502_5a80f907,medium_rotor,1,7.0,1425.0,608.0,833.0,4.475186520847074e-06,0.0015697784034853,0.0,"Steel, Glass, Cast, Clear",2.34375,0,2866.0,/Users/ulukbekrahmanov/Desktop/fusion_subset/23502_5a80f907/assembly.json,True,Untitled,833,1425,608,610,7,7,0.1030136106865302,0.0015697784034853597,0.0028508396541262588,4.475186520847074e-06,ParametricDesignType,2,0,596
23144_88ca00a5,complex_assembly,24,62.0,4077.0,1737.0,2736.0,522.3484390459305,66541.20242623324,0.0,Steel,2.3471502590673574,0,8550.0,/Users/ulukbekrahmanov/Desktop/fusion_subset/23144_88ca00a5/assembly.json,True,Untitled,2736,4077,1737,2111,62,62,70582.31129696127,66541.20242623324,0.007849999999999992,522.3484390459305,ParametricDesignType,0,0,474
23048_8a1a5553,high_complexity_rotor,1,191.0,2584.0,1264.0,1739.0,7.795025040861959,992.9968204919684,0.0,Steel,2.0443037974683542,0,5587.0,/Users/ulukbekrahmanov/Desktop/fusion_subset/23048_8a1a5553/assembly.json,True,Untitled,1739,2584,1264,1318,191,191,4353.1504366765585,992.9968204919683,0.007850000000000008,7.795025040861959,ParametricDesignType,1,0,2494
20278_d442e77d,medium_rotor,55,38.0,1358.0,656.0,924.0,43.168520677998345,18786.03476698145,0.0,"Steel, Mild, Wood, Aluminum, Anodized Blue",2.0701219512195124,0,2938.0,/Users/ulukbekrahmanov/Desktop/fusion_subset/20278_d442e77d/assembly.json,True,Untitled,924,1358,656,891,38,38,34307.680981699465,18786.03476698145,0.002297904864621662,43.168520677998345,ParametricDesignType,8,4,4102
21202_e452c491,medium_rotor,26,19.0,364.0,179.0,229.0,0.0622389715702035,7.928531410217018,0.0,"Steel, Mild",2.0335195530726256,0,772.0,/Users/ulukbekrahmanov/Desktop/fusion_subset/21202_e452c491/assembly.json,True,Untitled,229,364,179,227,19,19,106.2891289325341,7.928531410217018,0.007849999999999998,0.06223897157020357,ParametricDesignType,1,0,562
23026_e6f08109,medium_rotor,2,73.0,1215.0,581.0,795.0,497.414608799523,110291.48753869702,0.0,"Titanium, Steel",2.091222030981067,0,2591.0,/Users/ulukbekrahmanov/Desktop/fusion_subset/23026_e6f08109/assembly.json,True,Untitled,795,1215,581,608,73,73,59860.22857822301,110291.48753869702,0.004509999999999995,497.414608799523,ParametricDesignType,0,0,543
20822_5bb36119,simple_rotor,1,2.0,168.0,63.0,110.0,0.5283101949073299,67.30066177163438,0.0,Steel,2.6666666666666665,1,341.0,/Users/ulukbekrahmanov/Desktop/fusion_subset/20822_5bb36119/assembly.json,True,Untitled,110,168,63,66,2,2,214.1266061656656,67.30066177163438,0.00785,0.5283101949073299,ParametricDesignType,0,0,433
22405_20f11d58,high_complexity_rotor,1,2.0,2792.0,1363.0,1168.0,246.90922880631783,31453.40494347998,0.0,Steel,2.048422597212032,0,5323.0,/Users/ulukbekrahmanov/Desktop/fusion_subset/22405_20f11d58/assembly.json,True,Untitled,1168,2792,1363,1364,2,2,35634.41829982286,31453.40494347998,0.00785,246.90922880631783,ParametricDesignType,2,2,471
20188_98b86c0f,simple_rotor,2,2.0,23.0,13.0,18.0,0.0125823159700619,11.870109405718836,0.0,ABS Plastic,1.7692307692307692,0,54.0,/Users/ulukbekrahmanov/Desktop/fusion_subset/20188_98b86c0f/assembly.json,True,Untitled,18,23,13,25,2,2,64.37637553451756,11.870109405718837,0.00106,0.012582315970061967,ParametricDesignType,0,0,600
20349_a12428da,medium_rotor,105,106.0,864.0,615.0,725.0,61.82547385837642,45971.094666222896,0.0,"Steel, Mild, Wood",1.4048780487804875,0,2204.0,/Users/ulukbekrahmanov/Desktop/fusion_subset/20349_a12428da/assembly.json,True,Untitled,725,864,615,975,106,106,48538.72123165135,45971.094666222896,0.0013448771300154066,61.82547385837642,ParametricDesignType,3,0,656
21244_24c3ce72,complex_assembly,90,174.0,4549.0,2413.0,3321.0,20.771298334894464,5252.275042097885,0.0,"Steel, Mild, Stainless Steel, 440C, rubber, Black",1.8852051388313305,0,10283.0,/Users/ulukbekrahmanov/Desktop/fusion_subset/21244_24c3ce72/assembly.json,True,Untitled,3321,4549,2413,3777,178,174,26900.146616402617,5252.275042097885,0.003954724032616142,20.771298334894464,ParametricDesignType,2,0,420
21274_2fb8c3f5,simple_rotor,1,11.0,58.0,40.0,42.0,0.0961407012838986,12.247223093490277,0.0,Steel,1.45,0,140.0,/Users/ulukbekrahmanov/Desktop/fusion_subset/21274_2fb8c3f5/assembly.json,True,Untitled,42,58,40,44,11,11,487.26261305354285,12.247223093490277,0.007850000000000001,0.09614070128389868,ParametricDesignType,0,0,519
20898_5f5b9bc7,simple_rotor,1,2.0,32.0,15.0,22.0,80.01051993676265,10192.422921880592,0.0,Steel,2.1333333333333333,0,69.0,/Users/ulukbekrahmanov/Desktop/fusion_subset/20898_5f5b9bc7/assembly.json,True,Untitled,22,32,15,16,2,2,4389.133689652011,10192.422921880592,0.00785,80.01051993676265,ParametricDesignType,0,0,499
22440_014f1bac,medium_rotor,38,37.0,1295.0,609.0,874.0,2.9824024796659905,379.9238827599984,0.0,Steel,2.1264367816091956,0,2778.0,/Users/ulukbekrahmanov/Desktop/fusion_subset/22440_014f1bac/assembly.json,True,Untitled,874,1295,609,821,37,37,1332.3627331886564,379.92388275999843,0.007850000000000008,2.9824024796659905,ParametricDesignType,0,0,318
22199_8ec9eeb2,medium_rotor,21,20.0,1292.0,635.0,901.0,5.7518951956774,925.8937809778452,0.0,"Steel, Aluminum",2.0346456692913386,0,2828.0,/Users/ulukbekrahmanov/Desktop/fusion_subset/22199_8ec9eeb2/assembly.json,True,Untitled,901,1292,635,883,20,20,4069.314647635505,925.8937809778453,0.006212262479614852,5.7518951956774,ParametricDesignType,0,0,372
22729_232da678,medium_rotor,4,4.0,307.0,147.0,224.0,2.8279408102069565,360.2472369690391,0.0,Steel,2.0884353741496597,0,678.0,/Users/ulukbekrahmanov/Desktop/fusion_subset/22729_232da678/assembly.json,True,Untitled,224,307,147,313,4,4,2564.261954908404,360.2472369690391,0.00785,2.8279408102069565,ParametricDesignType,0,0,428
20636_ca9eb29a,high_complexity_rotor,20,83.0,2753.0,1309.0,1848.0,12.245494190956611,4871.012656346084,0.0,"Steel, Wood",2.1031321619556915,0,5910.0,/Users/ulukbekrahmanov/Desktop/fusion_subset/20636_ca9eb29a/assembly.json,True,Untitled,1848,2753,1309,1624,83,83,24193.331766328894,4871.012656346084,0.002513952447855552,12.245494190956613,ParametricDesignType,3,0,754
21611_1d3ff1b6,simple_rotor,1,2.0,109.0,66.0,76.0,1.4947481822647806,190.4137811802269,0.0,Steel,1.6515151515151516,0,251.0,/Users/ulukbekrahmanov/Desktop/fusion_subset/21611_1d3ff1b6/assembly.json,True,Untitled,76,109,66,94,3,2,962.3246130046969,190.41378118022686,0.007849999999999998,1.4947481822647806,ParametricDesignType,4,4,469
22125_e3a4cad4,complex_assembly,93,136.0,24143.0,9358.0,16390.0,75.56476253729423,9626.084399655325,0.0,Steel,2.5799316093182303,1,49891.0,/Users/ulukbekrahmanov/Desktop/fusion_subset/22125_e3a4cad4/assembly.json,True,Untitled,16390,24143,9358,11922,136,136,29162.589858570038,9626.084399655323,0.007849999999999994,75.56476253729423,ParametricDesignType,5,0,1661
21979_29f59427,high_complexity_rotor,14,29.0,1576.0,774.0,1006.0,1.4953780753098975,553.8437315962598,0.0,Aluminum,2.0361757105943155,0,3356.0,/Users/ulukbekrahmanov/Desktop/fusion_subset/21979_29f59427/assembly.json,True,Untitled,1006,1576,774,1052,29,29,1463.6870866532404,553.8437315962598,0.0026999999999999936,1.4953780753098977,ParametricDesignType,1,0,686
21048_75cc125c,medium_rotor,6,21.0,252.0,126.0,168.0,505.16320257479975,64352.00032799998,0.0,Steel,2.0,0,546.0,/Users/ulukbekrahmanov/Desktop/fusion_subset/21048_75cc125c/assembly.json,True,Untitled,168,252,126,126,21,21,49680.54579999996,64352.00032799998,0.00785,505.16320257479975,ParametricDesignType,0,0,785
21831_54ca67d1,symmetric_rotor,2,2.0,950.0,333.0,633.0,0.0152864353655609,1.947316607077827,0.0,Steel,2.8528528528528527,1,1916.0,/Users/ulukbekrahmanov/Desktop/fusion_subset/21831_54ca67d1/assembly.json,True,Untitled,633,950,333,365,2,2,26.791254060091674,1.947316607077827,0.00785,0.015286435365560942,ParametricDesignType,0,0,399
22586_ff3651b2,medium_rotor,1,2.0,630.0,272.0,354.0,0.3109003112593435,39.60513519227305,0.0,Steel,2.3161764705882355,0,1256.0,/Users/ulukbekrahmanov/Desktop/fusion_subset/22586_ff3651b2/assembly.json,True,Untitled,354,630,272,288,2,2,197.37502225869858,39.60513519227305,0.00785,0.3109003112593435,ParametricDesignType,1,0,556
21422_b2a6bf27,simple_rotor,2,1.0,15.0,13.0,12.0,0.0078008568556184,0.743646983376403,0.0,Silver,1.1538461538461535,0,40.0,/Users/ulukbekrahmanov/Desktop/fusion_subset/21422_b2a6bf27/assembly.json,True,Untitled,12,15,13,21,1,1,7.895766508051202,0.743646983376403,0.01049,0.007800856855618467,ParametricDesignType,1,0,643
23259_d655fcc1,symmetric_rotor,1,6.0,1234.0,441.0,818.0,0.745334310612581,94.9470459379084,0.0,Steel,2.798185941043084,1,2493.0,/Users/ulukbekrahmanov/Desktop/fusion_subset/23259_d655fcc1/assembly.json,True,Untitled,818,1234,441,510,6,6,1522.6559965554895,94.94704593790841,0.00785,0.745334310612581,ParametricDesignType,0,0,652
21497_9833a679,symmetric_rotor,1,6.0,459.0,175.0,296.0,0.4486007307993143,57.14658991074067,0.0,Steel,2.6228571428571428,1,930.0,/Users/ulukbekrahmanov/Desktop/fusion_subset/21497_9833a679/assembly.json,True,Untitled,296,459,175,181,6,6,279.41284742137833,57.14658991074067,0.00785,0.4486007307993143,ParametricDesignType,0,0,451
22245_ca848576,symmetric_rotor,1,21.0,730.0,286.0,501.0,0.7122650444727554,90.73440056977776,0.0,Steel,2.5524475524475525,1,1517.0,/Users/ulukbekrahmanov/Desktop/fusion_subset/22245_ca848576/assembly.json,True,Untitled,501,730,286,310,21,21,448.2475090136976,90.73440056977775,0.007850000000000001,0.7122650444727554,ParametricDesignType,0,1,445
21848_0fff9631,simple_rotor,1,7.0,119.0,68.0,71.0,2.745410712074073,349.73384867185644,0.0,Steel,1.75,0,258.0,/Users/ulukbekrahmanov/Desktop/fusion_subset/21848_0fff9631/assembly.json,True,Untitled,71,119,68,74,7,7,349.07393369513943,349.73384867185644,0.007850000000000001,2.745410712074073,ParametricDesignType,1,0,951
20731_fbdc7731,simple_rotor,1,3.0,140.0,52.0,95.0,22.844314964234187,2910.1038170998963,0.0,Steel,2.6923076923076925,1,287.0,/Users/ulukbekrahmanov/Desktop/fusion_subset/20731_fbdc7731/assembly.json,True,Untitled,95,140,52,53,3,3,1575.0656549649111,2910.1038170998963,0.00785,22.844314964234187,ParametricDesignType,0,0,535
21015_10304cb9,simple_rotor,6,4.0,93.0,39.0,62.0,0.0033117194186924,0.42187508518375,0.0,Steel,2.3846153846153846,0,194.0,/Users/ulukbekrahmanov/Desktop/fusion_subset/21015_10304cb9/assembly.json,True,Untitled,62,93,39,39,4,4,6.50000068147,0.42187508518375005,0.00785,0.003311719418692438,ParametricDesignType,2,0,494
23210_f535bfd2,simple_rotor,11,12.0,121.0,80.0,100.0,0.2223322290083592,389.8805604317646,0.0,Wood,1.5125,0,301.0,/Users/ulukbekrahmanov/Desktop/fusion_subset/23210_f535bfd2/assembly.json,True,Untitled,100,121,80,138,12,12,720.7890618749394,389.8805604317646,0.0005702572827999998,0.2223322290083592,ParametricDesignType,1,0,1044
22784_bcace961,medium_rotor,1,1.0,559.0,233.0,323.0,7.094032686140029,835.5751102638433,0.0,"Steel, Brass",2.3991416309012874,0,1115.0,/Users/ulukbekrahmanov/Desktop/fusion_subset/22784_bcace961/assembly.json,True,Untitled,323,559,233,242,1,1,987.2156819533622,835.5751102638433,0.00849,7.094032686140029,ParametricDesignType,4,0,672
22630_b6010fff,medium_rotor,15,49.0,1114.0,637.0,846.0,12.033949807308751,1881.113377181689,0.0,"Steel, Aluminum",1.748822605965463,0,2597.0,/Users/ulukbekrahmanov/Desktop/fusion_subset/22630_b6010fff/assembly.json,True,Untitled,846,1114,637,977,49,49,6064.847924704554,1881.113377181689,0.006397248540828617,12.033949807308751,ParametricDesignType,1,0,644
20755_4b5e61bf,medium_rotor,7,8.0,807.0,373.0,502.0,0.1794361654600448,111.85825798211856,0.0,"Polystyrene, Phenolic Resin, Steel",2.163538873994638,0,1682.0,/Users/ulukbekrahmanov/Desktop/fusion_subset/20755_4b5e61bf/assembly.json,True,Untitled,502,807,373,451,8,8,1045.7218488269086,111.85825798211857,0.0016041387439515561,0.17943616546004482,ParametricDesignType,4,1,831
23002_4d53fb3f,high_complexity_rotor,1,29.0,1969.0,825.0,1323.0,0.3523194486199014,44.88145842291735,0.0,Steel,2.3866666666666667,0,4117.0,/Users/ulukbekrahmanov/Desktop/fusion_subset/23002_4d53fb3f/assembly.json,True,Untitled,1323,1969,825,954,29,29,237.57288329416824,44.88145842291735,0.007850000000000006,0.35231944861990144,ParametricDesignType,5,2,1962
20291_42287610,simple_rotor,1,3.0,10.0,9.0,10.0,2.634273865644511,335.5762886171352,0.0,"Steel, Mild",1.1111111111111112,0,29.0,/Users/ulukbekrahmanov/Desktop/fusion_subset/20291_42287610/assembly.json,True,Untitled,10,10,9,14,3,3,484.58886193560636,335.5762886171352,0.00785,2.634273865644511,ParametricDesignType,2,1,459
23245_ccd099b6,medium_rotor,14,19.0,247.0,132.0,184.0,0.5706484746985901,1000.685991938006,0.0,Wood,1.871212121212121,0,563.0,/Users/ulukbekrahmanov/Desktop/fusion_subset/23245_ccd099b6/assembly.json,True,Untitled,184,247,132,195,19,19,1724.150065015578,1000.6859919380059,0.0005702572828000002,0.5706484746985901,ParametricDesignType,6,0,1217
21580_b8b2571b,high_complexity_rotor,17,38.0,4039.0,1671.0,2716.0,15.653394101669068,1994.0629428877792,0.0,Steel,2.417115499700778,0,8426.0,/Users/ulukbekrahmanov/Desktop/fusion_subset/21580_b8b2571b/assembly.json,True,Untitled,2716,4039,1671,2068,38,38,5935.507516644531,1994.0629428877794,0.00785,15.653394101669067,ParametricDesignType,4,2,1000
21365_ab403591,medium_rotor,5,17.0,842.0,357.0,521.0,274.1255704118496,34920.45482953499,0.0,Steel,2.358543417366947,0,1720.0,/Users/ulukbekrahmanov/Desktop/fusion_subset/21365_ab403591/assembly.json,True,Untitled,521,842,357,385,17,17,19611.369541906613,34920.45482953499,0.007849999999999998,274.1255704118496,ParametricDesignType,4,3,634
22014_5880c417,simple_rotor,2,4.0,129.0,55.0,84.0,0.5090752547787978,64.85035092723538,0.0,Steel,2.3454545454545452,0,268.0,/Users/ulukbekrahmanov/Desktop/fusion_subset/22014_5880c417/assembly.json,True,Untitled,84,129,55,59,4,4,175.18094194647708,64.85035092723538,0.007850000000000001,0.5090752547787978,ParametricDesignType,0,0,258
21630_316322ff,simple_rotor,1,3.0,77.0,36.0,48.0,0.0001875660131565,0.0238937596377825,0.0,Steel,2.138888888888889,0,161.0,/Users/ulukbekrahmanov/Desktop/fusion_subset/21630_316322ff/assembly.json,True,Untitled,48,77,36,39,3,3,1.1163307603651182,0.023893759637782546,0.00785,0.00018756601315659296,ParametricDesignType,2,0,471
22349_6f67a96e,simple_rotor,1,4.0,44.0,34.0,36.0,0.5439956609418708,69.29881031106635,0.0,Steel,1.2941176470588236,0,114.0,/Users/ulukbekrahmanov/Desktop/fusion_subset/22349_6f67a96e/assembly.json,True,Untitled,36,44,34,54,4,4,205.73988712620616,69.29881031106635,0.00785,0.5439956609418708,ParametricDesignType,0,0,526
21316_69ed56f5,complex_assembly,45,635.0,6911.0,2363.0,5470.0,54.05994952416859,6886.617773779441,0.0,"Steel, Mild",2.924672027084215,1,14744.0,/Users/ulukbekrahmanov/Desktop/fusion_subset/21316_69ed56f5/assembly.json,True,Untitled,5470,6911,2363,3113,635,635,12950.679171184247,6886.617773779441,0.007849999999999996,54.05994952416859,ParametricDesignType,6,2,1000
20281_a29f9a18,medium_rotor,5,4.0,330.0,148.0,210.0,0.1919523711197507,24.452531352834495,0.0,"Steel, Mild",2.22972972972973,0,688.0,/Users/ulukbekrahmanov/Desktop/fusion_subset/20281_a29f9a18/assembly.json,True,Untitled,210,330,148,176,4,4,132.04455147406097,24.452531352834498,0.00785,0.19195237111975078,ParametricDesignType,8,1,1602
21243_3ec5d732,simple_rotor,1,2.0,27.0,14.0,19.0,13.22571798987936,1684.804839475078,0.0,Steel,1.9285714285714288,0,60.0,/Users/ulukbekrahmanov/Desktop/fusion_subset/21243_3ec5d732/assembly.json,True,Untitled,19,27,14,18,2,2,1453.2015202736975,1684.8048394750779,0.00785,13.22571798987936,ParametricDesignType,0,0,469
21545_4384f96e,complex_assembly,31,43.0,1507.0,690.0,1031.0,72.4195770968614,11392.267966052204,0.0,"ABS Plastic, Rubber, Natural, Stainless Steel",2.184057971014493,0,3228.0,/Users/ulukbekrahmanov/Desktop/fusion_subset/21545_4384f96e/assembly.json,True,Untitled,1031,1507,690,880,43,43,18081.53646289586,11392.267966052203,0.006356906044754597,72.4195770968614,ParametricDesignType,1,0,687
23258_87a2ba81,high_complexity_rotor,11,24.0,8650.0,3219.0,5797.0,58.57883581578323,7848.649346368708,0.0,"Steel, Rubber, Natural, Glass, Cast, Clear",2.6871699285492388,1,17666.0,/Users/ulukbekrahmanov/Desktop/fusion_subset/23258_87a2ba81/assembly.json,True,Untitled,5797,8650,3219,3595,24,24,19513.488205256217,7848.649346368708,0.0074635562414169495,58.578835815783236,ParametricDesignType,1,0,220
21839_a8eb6d34,high_complexity_rotor,2,2.0,3486.0,1234.0,2323.0,0.0627464770386188,7.993181788359093,0.0,Steel,2.824959481361426,1,7043.0,/Users/ulukbekrahmanov/Desktop/fusion_subset/21839_a8eb6d34/assembly.json,True,Untitled,2323,3486,1234,1302,2,2,57.91380936813455,7.993181788359093,0.007849999999999998,0.06274647703861887,ParametricDesignType,0,0,456
23123_f35404c4,complex_assembly,36,35.0,1775.0,816.0,1159.0,0.1546197919456949,19.696788782891073,0.0,Steel,2.1752450980392157,0,3750.0,/Users/ulukbekrahmanov/Desktop/fusion_subset/23123_f35404c4/assembly.json,True,Untitled,1159,1775,816,1104,35,35,231.59245568971235,19.696788782891073,0.00785,0.15461979194569492,ParametricDesignType,5,0,893
21425_d0d47a2a,high_complexity_rotor,2,6.0,1551.0,688.0,882.0,0.0009855601037005,0.1255490577962428,0.0,Steel,2.254360465116279,0,3121.0,/Users/ulukbekrahmanov/Desktop/fusion_subset/21425_d0d47a2a/assembly.json,True,Untitled,882,1551,688,697,6,6,3.8561306888187374,0.12554905779624287,0.00785,0.0009855601037005064,ParametricDesignType,4,1,899
22419_dfeb5d33,high_complexity_rotor,1,4.0,3010.0,1044.0,1952.0,0.0038014967737721,0.4842671049391291,0.0,Steel,2.8831417624521074,1,6006.0,/Users/ulukbekrahmanov/Desktop/fusion_subset/22419_dfeb5d33/assembly.json,True,Untitled,1952,3010,1044,1076,4,4,18.844281269137014,0.4842671049391291,0.007850000000000001,0.0038014967737721637,ParametricDesignType,20,2,5259
21986_67c5509a,complex_assembly,27,36.0,1656.0,805.0,1137.0,0.1916890021244594,45.99733073667842,0.0,"Steel, Aluminum, Brass",2.057142857142857,0,3598.0,/Users/ulukbekrahmanov/Desktop/fusion_subset/21986_67c5509a/assembly.json,True,Untitled,1137,1656,805,1153,36,36,448.21953126503473,45.99733073667842,0.004167394043402741,0.19168900212445947,ParametricDesignType,2,0,1321
21035_d308c5c4,medium_rotor,2,9.0,1445.0,626.0,777.0,1701.5073658313736,216752.5306791559,0.0,Steel,2.308306709265176,0,2848.0,/Users/ulukbekrahmanov/Desktop/fusion_subset/21035_d308c5c4/assembly.json,True,Untitled,777,1445,626,626,9,9,267407.4851625388,216752.5306791559,0.00785,1701.5073658313736,ParametricDesignType,1,0,784
21859_35124f79,complex_assembly,40,162.0,20338.0,8766.0,14264.0,642.1894907209677,81807.57843579205,0.0,Steel,2.320100387862195,0,43368.0,/Users/ulukbekrahmanov/Desktop/fusion_subset/21859_35124f79/assembly.json,True,Untitled,14264,20338,8766,12640,166,162,71118.03824697436,81807.57843579205,0.007850000000000001,642.1894907209677,ParametricDesignType,0,0,187
22421_19401bdd,high_complexity_rotor,1,14.0,2582.0,993.0,1617.0,0.0007621472987741,0.0970888278693231,0.0,Steel,2.600201409869084,1,5192.0,/Users/ulukbekrahmanov/Desktop/fusion_subset/22421_19401bdd/assembly.json,True,Untitled,1617,2582,993,1057,14,14,9.530210037043018,0.09708882786932313,0.007849999999999998,0.0007621472987741863,ParametricDesignType,0,0,274
22787_49022c32,complex_assembly,70,28.0,2761.0,1301.0,1799.0,2.149948930816162,440.04916212218336,0.0,"Copper, Steel, ABS Plastic",2.1222136817832435,0,5861.0,/Users/ulukbekrahmanov/Desktop/fusion_subset/22787_49022c32/assembly.json,True,Untitled,1799,2761,1301,1710,28,28,2116.8712212720966,440.04916212218336,0.004885701680348185,2.149948930816162,ParametricDesignType,8,1,1483
23103_66470b7e,simple_rotor,1,5.0,200.0,82.0,139.0,0.1890251171583604,24.0796327590268,0.0,Steel,2.4390243902439024,0,421.0,/Users/ulukbekrahmanov/Desktop/fusion_subset/23103_66470b7e/assembly.json,True,Untitled,139,200,82,105,5,5,112.86863417275876,24.0796327590268,0.007850000000000001,0.1890251171583604,ParametricDesignType,0,0,585
20505_017d4cc4,medium_rotor,12,15.0,615.0,312.0,413.0,0.3754912769509091,47.83328368801392,0.0,Steel,1.9711538461538465,0,1340.0,/Users/ulukbekrahmanov/Desktop/fusion_subset/20505_017d4cc4/assembly.json,True,Untitled,413,615,312,418,15,15,243.6990208721245,47.83328368801392,0.007849999999999996,0.3754912769509091,ParametricDesignType,2,0,710
23044_9a964a68,medium_rotor,63,48.0,579.0,341.0,445.0,10.3067592896782,1312.962966837987,0.0,Steel,1.6979472140762464,0,1365.0,/Users/ulukbekrahmanov/Desktop/fusion_subset/23044_9a964a68/assembly.json,True,Untitled,445,579,341,517,48,48,4821.712515882395,1312.9629668379873,0.00785,10.3067592896782,ParametricDesignType,1,0,968
20682_e208cc63,symmetric_rotor,1,2.0,431.0,145.0,301.0,1.988334805995252,253.29105808856713,0.0,Steel,2.972413793103448,1,877.0,/Users/ulukbekrahmanov/Desktop/fusion_subset/20682_e208cc63/assembly.json,True,Untitled,301,431,145,160,2,2,3349.2884172801364,253.29105808856713,0.00785,1.988334805995252,ParametricDesignType,3,2,1091
21976_807c9b26,simple_rotor,9,8.0,90.0,47.0,54.0,12.4562581896995,1586.784482764268,0.0,Steel,1.9148936170212767,0,191.0,/Users/ulukbekrahmanov/Desktop/fusion_subset/21976_807c9b26/assembly.json,True,Untitled,54,90,47,54,8,8,1737.9866355692252,1586.784482764268,0.007849999999999998,12.4562581896995,ParametricDesignType,3,0,851
21865_c190b734,simple_rotor,1,7.0,64.0,46.0,46.0,791.1531772797335,100783.84423945652,0.0,Steel,1.391304347826087,0,156.0,/Users/ulukbekrahmanov/Desktop/fusion_subset/21865_c190b734/assembly.json,True,Untitled,46,64,46,60,7,7,90421.42550033753,100783.84423945652,0.00785,791.1531772797335,ParametricDesignType,0,0,486
20426_79358492,simple_rotor,1,1.0,27.0,11.0,18.0,0.0025990095183394,1.8238663286592711,0.0,"Steel, Mild, Acetal Resin, Black",2.4545454545454546,0,56.0,/Users/ulukbekrahmanov/Desktop/fusion_subset/20426_79358492/assembly.json,True,Untitled,18,27,11,11,1,1,42.78656323446912,1.8238663286592713,0.0014249999999999998,0.0025990095183394614,ParametricDesignType,0,0,561
22076_20e8a107,high_complexity_rotor,20,159.0,3463.0,1646.0,2417.0,10.466470706930014,1333.3083703095576,0.0,Steel,2.103888213851762,0,7526.0,/Users/ulukbekrahmanov/Desktop/fusion_subset/22076_20e8a107/assembly.json,True,Untitled,2417,3463,1646,2133,159,159,6366.099939196703,1333.3083703095576,0.00784999999999999,10.466470706930014,ParametricDesignType,2,1,555
23217_7c6062e3,high_complexity_rotor,1,36.0,2293.0,904.0,1514.0,128.06319887060084,25752.689543626188,0.0,"Titanium, Steel, Glass, Cast, Clear",2.536504424778761,1,4711.0,/Users/ulukbekrahmanov/Desktop/fusion_subset/23217_7c6062e3/assembly.json,True,Untitled,1514,2293,904,973,36,36,35605.97708309455,25752.689543626188,0.0049728087100827335,128.06319887060084,ParametricDesignType,0,0,382
23408_e5fd25ba,simple_rotor,1,3.0,50.0,47.0,46.0,5.475750204955585,697.5477968096287,0.0,Steel,1.0638297872340423,0,143.0,/Users/ulukbekrahmanov/Desktop/fusion_subset/23408_e5fd25ba/assembly.json,True,Untitled,46,50,47,88,3,3,2026.577447504034,697.5477968096287,0.00785,5.475750204955585,ParametricDesignType,0,0,311
22443_fa24c6f9,medium_rotor,1,26.0,1350.0,608.0,739.0,16088.88707431296,2049539.754689549,0.0,Steel,2.2203947368421053,0,2697.0,/Users/ulukbekrahmanov/Desktop/fusion_subset/22443_fa24c6f9/assembly.json,True,Untitled,739,1350,608,609,26,26,318455.1930745829,2049539.754689549,0.00785,16088.88707431296,ParametricDesignType,2,2,567
21706_adfb2ece,medium_rotor,1,4.0,302.0,134.0,205.0,4.167071669033202,530.8371552908537,0.0,Steel,2.253731343283582,0,641.0,/Users/ulukbekrahmanov/Desktop/fusion_subset/21706_adfb2ece/assembly.json,True,Untitled,205,302,134,171,4,4,1085.2461270726515,530.8371552908537,0.007850000000000001,4.167071669033202,ParametricDesignType,0,0,117
23265_07de6a0b,simple_rotor,4,4.0,157.0,71.0,110.0,0.6509595893728999,82.9247884551465,0.0,Steel,2.211267605633803,0,338.0,/Users/ulukbekrahmanov/Desktop/fusion_subset/23265_07de6a0b/assembly.json,True,Untitled,110,157,71,99,4,4,374.5906305891047,82.9247884551465,0.00785,0.6509595893728999,ParametricDesignType,0,0,1042
21745_56cbe841,medium_rotor,13,17.0,474.0,299.0,385.0,0.3809965395997997,216.93960712289,0.0,"Steel, Bamboo",1.585284280936455,0,1158.0,/Users/ulukbekrahmanov/Desktop/fusion_subset/21745_56cbe841/assembly.json,True,Untitled,385,474,299,533,17,17,819.1548668599905,216.93960712288998,0.001756233196199974,0.38099653959979973,ParametricDesignType,0,0,538
20466_4b3e5186,simple_rotor,1,1.0,28.0,13.0,16.0,0.0,0.0,0.0,"Steel, Mild",2.1538461538461537,0,57.0,/Users/ulukbekrahmanov/Desktop/fusion_subset/20466_4b3e5186/assembly.json,True,Untitled,16,28,13,13,1,1,8663.624363202454,0.0,,0.0,ParametricDesignType,0,0,496
21695_1f33863f,medium_rotor,17,15.0,220.0,140.0,167.0,0.1497282677118719,19.073664676671584,0.0,Steel,1.5714285714285714,0,527.0,/Users/ulukbekrahmanov/Desktop/fusion_subset/21695_1f33863f/assembly.json,True,Untitled,167,220,140,212,15,15,215.00154837997735,19.073664676671584,0.007850000000000001,0.14972826771187195,ParametricDesignType,1,1,721
19518_f220b68a,simple_rotor,8,8.0,64.0,26.0,40.0,3.2751506772667476,3275.1506772667476,0.0,Generic,2.4615384615384617,0,130.0,/Users/ulukbekrahmanov/Desktop/fusion_subset/19518_f220b68a/assembly.json,True,Untitled,40,64,26,26,8,8,9059.267948498884,3275.1506772667476,0.001,3.2751506772667476,ParametricDesignType,16,5,1431
22313_3a8b93dc,medium_rotor,1,10.0,332.0,136.0,220.0,200.8981821706633,25592.12511728195,0.0,Steel,2.4411764705882355,0,688.0,/Users/ulukbekrahmanov/Desktop/fusion_subset/22313_3a8b93dc/assembly.json,True,Untitled,220,332,136,140,10,10,19800.0150016346,25592.12511728195,0.00785,200.8981821706633,ParametricDesignType,2,0,601
22251_88fd728c,medium_rotor,1,54.0,733.0,442.0,613.0,860.4087788791069,109606.21386994996,0.0,Steel,1.658371040723982,0,1788.0,/Users/ulukbekrahmanov/Desktop/fusion_subset/22251_88fd728c/assembly.json,True,Untitled,613,733,442,914,54,54,318803.7603107613,109606.21386994996,0.007849999999999998,860.4087788791069,ParametricDesignType,0,0,967
21613_d57e983a,simple_rotor,1,2.0,93.0,56.0,66.0,1.67760714401804,213.70791643541912,0.0,Steel,1.6607142857142858,0,215.0,/Users/ulukbekrahmanov/Desktop/fusion_subset/21613_d57e983a/assembly.json,True,Untitled,66,93,56,82,2,2,806.0700688354661,213.70791643541912,0.00785,1.67760714401804,ParametricDesignType,3,0,391
22067_624b28e3,simple_rotor,3,10.0,60.0,45.0,47.0,0.4148033699315411,52.841193621852355,0.0,Steel,1.3333333333333333,0,152.0,/Users/ulukbekrahmanov/Desktop/fusion_subset/22067_624b28e3/assembly.json,True,Untitled,47,60,45,63,10,10,367.63815782867005,52.841193621852355,0.007850000000000003,0.4148033699315411,ParametricDesignType,0,0,482
21005_9feee615,high_complexity_rotor,13,10.0,5032.0,2249.0,3083.0,1338.53139116284,1912187.7016612005,0.0,Bamboo,2.2374388617163183,0,10364.0,/Users/ulukbekrahmanov/Desktop/fusion_subset/21005_9feee615/assembly.json,True,Untitled,3083,5032,2249,2856,10,10,1487101.700532148,1912187.7016612003,0.0006999999999999999,1338.53139116284,ParametricDesignType,0,0,437
23250_aa321310,simple_rotor,1,2.0,53.0,26.0,37.0,0.0054598023331407,5.347504733732361,0.0,Polystyrene,2.0384615384615383,0,116.0,/Users/ulukbekrahmanov/Desktop/fusion_subset/23250_aa321310/assembly.json,True,Untitled,37,53,26,40,2,2,48.89430191242497,5.347504733732361,0.001021,0.00545980233314074,ParametricDesignType,0,0,558
23155_d7305c5f,high_complexity_rotor,1,17.0,1721.0,619.0,1161.0,3.5776193221900865,455.7476843554252,0.0,Steel,2.780290791599354,1,3501.0,/Users/ulukbekrahmanov/Desktop/fusion_subset/23155_d7305c5f/assembly.json,True,Untitled,1161,1721,619,660,17,17,2098.8721182993154,455.7476843554252,0.007849999999999998,3.5776193221900865,ParametricDesignType,3,0,1284
22749_346e10ae,simple_rotor,1,7.0,43.0,29.0,30.0,0.3966860752263664,50.53325799061994,0.0,Steel,1.4827586206896552,0,102.0,/Users/ulukbekrahmanov/Desktop/fusion_subset/22749_346e10ae/assembly.json,True,Untitled,30,43,29,33,7,7,384.135895001702,50.53325799061994,0.00785,0.39668607522636645,ParametricDesignType,0,0,358
20818_098cad7c,high_complexity_rotor,16,37.0,4231.0,1557.0,2822.0,0.908134451761824,844.2497110968015,0.0,"Acrylic, Clear, Steel, Wood",2.7174052665382145,1,8610.0,/Users/ulukbekrahmanov/Desktop/fusion_subset/20818_098cad7c/assembly.json,True,Untitled,2822,4231,1557,1717,37,37,3407.948411426794,844.2497110968015,0.0010756704323677255,0.908134451761824,ParametricDesignType,1,0,629
7780_6c885e81,symmetric_rotor,7,6.0,954.0,354.0,624.0,0.1204601872865391,24.724829581673983,0.0,"Steel, Mild, Rubber, Nitrile, ABS Plastic",2.694915254237288,1,1932.0,/Users/ulukbekrahmanov/Desktop/fusion_subset/7780_6c885e81/assembly.json,True,Untitled,624,954,354,374,6,6,408.7734606288766,24.724829581673983,0.004872033066542309,0.1204601872865391,ParametricDesignType,0,0,347
21581_8f948e0b,simple_rotor,1,4.0,82.0,42.0,55.0,7.304046495472459,930.4517828627338,0.0,Steel,1.9523809523809523,0,179.0,/Users/ulukbekrahmanov/Desktop/fusion_subset/21581_8f948e0b/assembly.json,True,Untitled,55,82,42,54,4,4,976.443871526342,930.4517828627338,0.00785,7.304046495472459,ParametricDesignType,2,0,852
20186_f66e4ad3,simple_rotor,3,5.0,159.0,73.0,123.0,0.048845699877757,6.318977991947876,0.0,"Steel, Alloy",2.1780821917808217,0,355.0,/Users/ulukbekrahmanov/Desktop/fusion_subset/20186_f66e4ad3/assembly.json,True,Untitled,123,159,73,112,5,5,57.57639098154981,6.318977991947876,0.0077300000000000025,0.048845699877757096,ParametricDesignType,16,1,1532
23322_8f85d82d,medium_rotor,12,9.0,965.0,392.0,628.0,1.7192277867872012,1077.8204174173202,0.0,"Glass, Cast, Clear, Steel, Wood",2.461734693877551,0,1985.0,/Users/ulukbekrahmanov/Desktop/fusion_subset/23322_8f85d82d/assembly.json,True,Untitled,628,965,392,447,9,9,2634.750977166185,1077.8204174173202,0.0015950966960774646,1.7192277867872012,ParametricDesignType,0,0,411
23235_f9ccb8b0,complex_assembly,56,77.0,3925.0,1732.0,2627.0,10.645101483774042,1356.0638832833156,0.0,Steel,2.266166281755196,0,8284.0,/Users/ulukbekrahmanov/Desktop/fusion_subset/23235_f9ccb8b0/assembly.json,True,Untitled,2627,3925,1732,2332,77,77,6811.905200259269,1356.0638832833156,0.00785000000000001,10.645101483774042,ParametricDesignType,0,0,712
21528_a5d5490f,medium_rotor,19,18.0,332.0,151.0,232.0,0.4760753644000125,60.64654323567039,0.0,Steel,2.198675496688742,0,715.0,/Users/ulukbekrahmanov/Desktop/fusion_subset/21528_a5d5490f/assembly.json,True,Untitled,232,332,151,184,18,18,480.9929889362169,60.64654323567039,0.00785,0.4760753644000125,ParametricDesignType,1,0,582
23466_1cf60d09,medium_rotor,24,23.0,1118.0,581.0,772.0,0.5298009803854562,67.49057074973963,0.0,Steel,1.9242685025817556,0,2471.0,/Users/ulukbekrahmanov/Desktop/fusion_subset/23466_1cf60d09/assembly.json,True,Untitled,772,1118,581,820,23,23,461.81129175127217,67.49057074973963,0.007850000000000001,0.5298009803854562,ParametricDesignType,0,0,334
21467_67965037,symmetric_rotor,6,5.0,439.0,166.0,290.0,0.0739605398486794,8.732059014011739,0.0,Bronze,2.644578313253012,1,895.0,/Users/ulukbekrahmanov/Desktop/fusion_subset/21467_67965037/assembly.json,True,Untitled,290,439,166,183,5,5,58.31814060440285,8.732059014011739,0.00847,0.07396053984867942,ParametricDesignType,0,0,162
20165_2b088be5,high_complexity_rotor,8,10.0,3419.0,1455.0,3141.0,8.021406322798743,1021.8352003565278,0.0,"Steel, Mild",2.349828178694158,0,8015.0,/Users/ulukbekrahmanov/Desktop/fusion_subset/20165_2b088be5/assembly.json,True,Untitled,3141,3419,1455,4924,10,10,4840.834867402653,1021.8352003565278,0.00785,8.021406322798743,ParametricDesignType,6,3,1209
22581_406c16c4,complex_assembly,34,42.0,1577.0,677.0,1063.0,3.1195652901258373,397.3968522453297,0.0,Steel,2.3293943870014773,0,3317.0,/Users/ulukbekrahmanov/Desktop/fusion_subset/22581_406c16c4/assembly.json,True,Untitled,1063,1577,677,818,43,42,1247.3835496645838,397.3968522453297,0.007849999999999998,3.1195652901258373,ParametricDesignType,3,1,788
21781_5985da6d,simple_rotor,1,4.0,99.0,41.0,66.0,0.0322642715850992,4.110098291095439,0.0,Steel,2.4146341463414633,0,206.0,/Users/ulukbekrahmanov/Desktop/fusion_subset/21781_5985da6d/assembly.json,True,Untitled,66,99,41,41,4,4,58.295249201921436,4.110098291095439,0.007850000000000001,0.0322642715850992,ParametricDesignType,0,0,215
21267_35a558cc,simple_rotor,1,2.0,24.0,12.0,16.0,0.1961807417361014,24.99117729122311,0.0,Steel,2.0,0,52.0,/Users/ulukbekrahmanov/Desktop/fusion_subset/21267_35a558cc/assembly.json,True,Untitled,16,24,12,12,2,2,121.50300922581289,24.99117729122311,0.00785,0.1961807417361014,ParametricDesignType,12,0,4874
21849_a5f563a6,high_complexity_rotor,2,14.0,2025.0,703.0,1350.0,661.3177605374359,84244.30070540585,0.0,Steel,2.880512091038407,1,4078.0,/Users/ulukbekrahmanov/Desktop/fusion_subset/21849_a5f563a6/assembly.json,True,Untitled,1350,2025,703,797,14,14,96782.58204324142,84244.30070540585,0.00785,661.3177605374359,ParametricDesignType,0,0,410
20722_90d46353,medium_rotor,5,41.0,546.0,267.0,366.0,334.5749201098822,337064.9134078656,0.0,"Steel, Wood, Aluminum",2.044943820224719,0,1179.0,/Users/ulukbekrahmanov/Desktop/fusion_subset/20722_90d46353/assembly.json,True,Untitled,366,546,267,282,42,41,422949.8251910173,337064.9134078656,0.000992612718800042,334.5749201098822,ParametricDesignType,4,1,948
23213_3df3cb34,medium_rotor,1,12.0,652.0,288.0,392.0,7.437478874975864,947.449538213486,0.0,Steel,2.263888888888889,0,1332.0,/Users/ulukbekrahmanov/Desktop/fusion_subset/23213_3df3cb34/assembly.json,True,Untitled,392,652,288,292,12,12,2258.7515780889726,947.4495382134859,0.00785,7.437478874975864,ParametricDesignType,2,0,473
22073_951645ae,simple_rotor,5,5.0,134.0,95.0,108.0,3.267294020827449e-05,0.0041621579883152,0.0,Steel,1.4105263157894736,0,337.0,/Users/ulukbekrahmanov/Desktop/fusion_subset/22073_951645ae/assembly.json,True,Untitled,108,134,95,163,5,5,0.919420989097335,0.004162157988315223,0.007849999999999998,3.267294020827449e-05,ParametricDesignType,1,0,359
22341_0f9c52ed,medium_rotor,14,15.0,376.0,217.0,268.0,3.9663310480335903,505.26510166032995,0.0,"Steel, Mild, Steel, Carbon",1.7327188940092166,0,861.0,/Users/ulukbekrahmanov/Desktop/fusion_subset/22341_0f9c52ed/assembly.json,True,Untitled,268,376,217,329,15,15,1212.6943161564145,505.26510166032995,0.007850000000000001,3.9663310480335907,ParametricDesignType,1,0,261
22075_12b129d5,simple_rotor,1,4.0,90.0,37.0,53.0,0.0,0.0,0.0,Steel,2.4324324324324325,0,180.0,/Users/ulukbekrahmanov/Desktop/fusion_subset/22075_12b129d5/assembly.json,True,Untitled,53,90,37,37,4,4,7246.744703278969,0.0,,0.0,ParametricDesignType,2,0,606
22762_dcbdd14d,symmetric_rotor,1,2.0,541.0,208.0,345.0,7.54262960950821,960.8445362430842,0.0,Steel,2.6009615384615383,1,1094.0,/Users/ulukbekrahmanov/Desktop/fusion_subset/22762_dcbdd14d/assembly.json,True,Untitled,345,541,208,228,2,2,1141.6370934615043,960.8445362430842,0.00785,7.54262960950821,ParametricDesignType,1,0,1154
21722_68aeba65,complex_assembly,76,64.0,3358.0,1322.0,2296.0,10.164588788822863,1294.8520750092814,0.0,Steel,2.540090771558245,1,6976.0,/Users/ulukbekrahmanov/Desktop/fusion_subset/21722_68aeba65/assembly.json,True,Untitled,2296,3358,1322,1646,64,64,4506.16840207212,1294.8520750092814,0.007850000000000003,10.164588788822863,ParametricDesignType,6,1,1186
22133_465d7a91,simple_rotor,2,2.0,79.0,36.0,43.0,1.2721384939201688,162.0558590981107,0.0,Steel,2.1944444444444446,0,158.0,/Users/ulukbekrahmanov/Desktop/fusion_subset/22133_465d7a91/assembly.json,True,Untitled,43,79,36,50,2,2,614.4751347058083,162.0558590981107,0.00785,1.2721384939201688,ParametricDesignType,2,0,530
21592_c5e77a82,medium_rotor,2,48.0,755.0,377.0,504.0,109845.78741977295,13993093.938824566,0.0,Steel,2.0026525198938994,0,1636.0,/Users/ulukbekrahmanov/Desktop/fusion_subset/21592_c5e77a82/assembly.json,True,Untitled,504,755,377,409,48,48,90650735.58386092,13993093.938824566,0.00785000000000001,109845.78741977297,ParametricDesignType,5,1,908
21511_d07c59c2,high_complexity_rotor,8,7.0,1628.0,618.0,1046.0,0.2595249333035022,33.060501057771006,0.0,Steel,2.634304207119741,1,3292.0,/Users/ulukbekrahmanov/Desktop/fusion_subset/21511_d07c59c2/assembly.json,True,Untitled,1046,1628,618,708,7,7,346.40335919383676,33.060501057771006,0.007849999999999996,0.25952493330350224,ParametricDesignType,17,0,10579
21994_357aac6f,simple_rotor,15,7.0,146.0,87.0,112.0,11.49951555900979,1216.2237732090878,0.0,"Steel, Lead",1.6781609195402298,0,345.0,/Users/ulukbekrahmanov/Desktop/fusion_subset/21994_357aac6f/assembly.json,True,Untitled,112,146,87,137,7,7,2383.1248436558735,1216.2237732090878,0.009455098487893844,11.49951555900979,ParametricDesignType,0,0,349
20671_33532794,simple_rotor,2,3.0,62.0,32.0,44.0,0.0671944695473476,24.88684057309174,0.0,Aluminum,1.9375,0,138.0,/Users/ulukbekrahmanov/Desktop/fusion_subset/20671_33532794/assembly.json,True,Untitled,44,62,32,42,3,3,177.10083805958897,24.88684057309174,0.0026999999999999997,0.06719446954734769,ParametricDesignType,0,0,749
20697_d3e106b4,high_complexity_rotor,1,12.0,2019.0,795.0,1351.0,0.1590718753625037,20.263933167197933,0.0,Steel,2.539622641509434,1,4165.0,/Users/ulukbekrahmanov/Desktop/fusion_subset/20697_d3e106b4/assembly.json,True,Untitled,1351,2019,795,902,12,12,134.255626725764,20.263933167197933,0.00785,0.15907187536250378,ParametricDesignType,2,0,708
20241_ccb70dc8,simple_rotor,3,1.0,42.0,19.0,30.0,1.2222250770622862,155.69746204615112,0.0,"Steel, Mild",2.210526315789474,0,91.0,/Users/ulukbekrahmanov/Desktop/fusion_subset/20241_ccb70dc8/assembly.json,True,Untitled,30,42,19,27,1,1,238.59406561796223,155.69746204615112,0.00785,1.2222250770622862,ParametricDesignType,1,0,293
21557_53eafe15,complex_assembly,101,62.0,3314.0,1349.0,2303.0,7.52086795249605,958.072350636439,0.0,Steel,2.4566345441067456,0,6966.0,/Users/ulukbekrahmanov/Desktop/fusion_subset/21557_53eafe15/assembly.json,True,Untitled,2303,3314,1349,1730,62,62,3286.239864065018,958.072350636439,0.007850000000000005,7.52086795249605,ParametricDesignType,0,0,845
7778_3a9748b3,complex_assembly,27,167.0,2424.0,1333.0,1736.0,6.141148072246107,3288.7493546946394,0.0,"Titanium, Steel, ABS Plastic",1.8184546136534137,0,5493.0,/Users/ulukbekrahmanov/Desktop/fusion_subset/7778_3a9748b3/assembly.json,True,Untitled,1736,2424,1333,1814,167,167,8654.306834534616,3288.7493546946394,0.0018673201907222611,6.141148072246107,ParametricDesignType,0,0,365
20488_589ac9c0,simple_rotor,1,4.0,97.0,41.0,62.0,581.7304354142548,74105.78795086048,0.0,"Steel, Mild",2.3658536585365852,0,200.0,/Users/ulukbekrahmanov/Desktop/fusion_subset/20488_589ac9c0/assembly.json,True,Untitled,62,97,41,41,4,4,34734.1430752721,74105.78795086048,0.00785,581.7304354142548,ParametricDesignType,0,0,618
23374_57cca189,medium_rotor,2,4.0,379.0,164.0,236.0,16.775766077010662,2799.583045922163,0.0,"Aluminum, Anodized Red, Aluminum, Aluminum, Anodized Blue",2.3109756097560976,0,779.0,/Users/ulukbekrahmanov/Desktop/fusion_subset/23374_57cca189/assembly.json,True,Untitled,236,379,164,197,4,4,2083.605098218891,2799.583045922163,0.005992237344573875,16.775766077010662,ParametricDesignType,0,2,2199
22129_48b47c52,simple_rotor,1,1.0,149.0,41.0,94.0,0.4579158655614143,58.33323128170884,0.0,Steel,3.6341463414634143,1,284.0,/Users/ulukbekrahmanov/Desktop/fusion_subset/22129_48b47c52/assembly.json,True,Untitled,94,149,41,53,1,1,811.7172043037526,58.33323128170884,0.00785,0.45791586556141434,ParametricDesignType,0,0,383
20176_a02bde39,medium_rotor,40,38.0,628.0,288.0,424.0,173.66378748102298,304535.85350286635,0.0,Wood,2.1805555555555554,0,1340.0,/Users/ulukbekrahmanov/Desktop/fusion_subset/20176_a02bde39/assembly.json,True,Untitled,424,628,288,310,38,38,1507697.3957822565,304535.85350286635,0.0005702572799999999,173.66378748102298,ParametricDesignType,0,0,709
19596_fb9531a5,high_complexity_rotor,5,25.0,1501.0,588.0,1027.0,2.5743526414847553,810.8631646870265,0.0,"Steel, Mild, Glass, ABS Plastic",2.552721088435374,1,3116.0,/Users/ulukbekrahmanov/Desktop/fusion_subset/19596_fb9531a5/assembly.json,True,Untitled,1027,1501,588,791,25,25,5902.321964701451,810.8631646870265,0.0031748299264258636,2.5743526414847553,ParametricDesignType,10,4,1413
20438_5f344b00,simple_rotor,1,6.0,127.0,49.0,93.0,0.4205209467282519,329.5108234222386,0.0,"Steel, Mild, Rubber, Nitrile, ABS Plastic",2.5918367346938775,1,269.0,/Users/ulukbekrahmanov/Desktop/fusion_subset/20438_5f344b00/assembly.json,True,Untitled,93,127,49,53,7,6,1365.1243991365309,329.5108234222386,0.0012761976749679994,0.4205209467282519,ParametricDesignType,0,0,413
23419_ea47995f,complex_assembly,30,34.0,1881.0,750.0,1283.0,0.5552682172875236,70.73480475000304,0.0,Steel,2.508,1,3914.0,/Users/ulukbekrahmanov/Desktop/fusion_subset/23419_ea47995f/assembly.json,True,Untitled,1283,1881,750,924,35,34,710.0794395740809,70.73480475000304,0.007849999999999998,0.5552682172875236,ParametricDesignType,1,0,679
22035_101c7ab4,medium_rotor,6,14.0,1158.0,474.0,737.0,0.3888430715072253,172.5774914380804,0.0,"Steel, Rubber, Natural",2.4430379746835444,0,2369.0,/Users/ulukbekrahmanov/Desktop/fusion_subset/22035_101c7ab4/assembly.json,True,Untitled,737,1158,474,512,14,14,582.168229871399,172.57749143808041,0.002253150560174526,0.38884307150722536,ParametricDesignType,0,0,616
20989_a261efa3,simple_rotor,2,1.0,114.0,40.0,83.0,0.0072932941994583,0.9290820636252728,0.0,"Steel, Mild",2.85,1,237.0,/Users/ulukbekrahmanov/Desktop/fusion_subset/20989_a261efa3/assembly.json,True,Untitled,83,114,40,47,1,1,18.469840406166895,0.9290820636252727,0.00785,0.0072932941994583896,ParametricDesignType,4,0,802
23127_38d73061,symmetric_rotor,9,8.0,655.0,239.0,432.0,113.0164322816556,14396.997742886062,0.0,Steel,2.7405857740585775,1,1326.0,/Users/ulukbekrahmanov/Desktop/fusion_subset/23127_38d73061/assembly.json,True,Untitled,432,655,239,271,8,8,16602.3041508795,14396.997742886062,0.007850000000000001,113.0164322816556,ParametricDesignType,2,0,1021
23354_8182b4eb,medium_rotor,1,12.0,280.0,145.0,149.0,909.891595341836,115909.75736838674,0.0,Steel,1.9310344827586208,0,574.0,/Users/ulukbekrahmanov/Desktop/fusion_subset/23354_8182b4eb/assembly.json,True,Untitled,149,280,145,145,12,12,95442.6604003018,115909.75736838674,0.00785,909.8915953418359,ParametricDesignType,4,1,574
21685_93737a7a,high_complexity_rotor,1,42.0,5028.0,1936.0,3195.0,2776.345572085728,2776345.572085729,0.0,Generic,2.597107438016529,1,10159.0,/Users/ulukbekrahmanov/Desktop/fusion_subset/21685_93737a7a/assembly.json,True,Untitled,3195,5028,1936,2083,42,42,686470.1433596015,2776345.572085729,0.0009999999999999996,2776.345572085728,ParametricDesignType,2,0,799
21989_a0b5037d,medium_rotor,2,128.0,541.0,243.0,321.0,563.9599934273842,71842.0373792841,0.0,Steel,2.2263374485596708,0,1105.0,/Users/ulukbekrahmanov/Desktop/fusion_subset/21989_a0b5037d/assembly.json,True,Untitled,321,541,243,244,128,128,43507.10208242123,71842.0373792841,0.007850000000000057,563.9599934273842,ParametricDesignType,0,0,584
22027_11a2e852,high_complexity_rotor,1,12.0,2929.0,1125.0,1984.0,0.07863885250037,78.63885250037006,0.0,Generic,2.6035555555555554,1,6038.0,/Users/ulukbekrahmanov/Desktop/fusion_subset/22027_11a2e852/assembly.json,True,Untitled,1984,2929,1125,1343,12,12,841.893698647236,78.63885250037006,0.0010000000000000002,0.07863885250037007,ParametricDesignType,2,0,612
21184_971559b6,simple_rotor,13,12.0,82.0,58.0,68.0,0.5323177755311926,67.81118159633027,0.0,Steel,1.4137931034482758,0,208.0,/Users/ulukbekrahmanov/Desktop/fusion_subset/21184_971559b6/assembly.json,True,Untitled,68,82,58,106,12,12,283.63738995799747,67.81118159633027,0.00785,0.5323177755311926,ParametricDesignType,0,0,187
20547_ec8cfd0d,simple_rotor,1,3.0,0.0,3.0,0.0,0.0986460093227195,12.566370614359172,0.0,Steel,0.0,0,3.0,/Users/ulukbekrahmanov/Desktop/fusion_subset/20547_ec8cfd0d/assembly.json,True,Untitled,0,0,3,0,3,3,37.69911184307752,12.566370614359172,0.00785,0.0986460093227195,ParametricDesignType,0,0,412
20479_77930584,simple_rotor,1,2.0,24.0,12.0,16.0,10.627237362778,1353.78819908,0.0,"Steel, Mild",2.0,0,52.0,/Users/ulukbekrahmanov/Desktop/fusion_subset/20479_77930584/assembly.json,True,Untitled,16,24,12,12,2,2,769.28059816,1353.78819908,0.00785,10.627237362777999,ParametricDesignType,0,0,402
22589_2c8f7c0b,simple_rotor,1,9.0,186.0,88.0,118.0,0.0449045062506188,5.720319267594757,0.0,Steel,2.113636363636364,0,392.0,/Users/ulukbekrahmanov/Desktop/fusion_subset/22589_2c8f7c0b/assembly.json,True,Untitled,118,186,88,90,9,9,59.6872266417199,5.720319267594757,0.00785,0.04490450625061884,ParametricDesignType,0,0,190
20741_c337946f,simple_rotor,1,2.0,121.0,55.0,68.0,0.0002940626337385,0.0374602081195578,0.0,Steel,2.2,0,244.0,/Users/ulukbekrahmanov/Desktop/fusion_subset/20741_c337946f/assembly.json,True,Untitled,68,121,55,55,2,2,0.9844126106397455,0.037460208119557845,0.007850000000000001,0.0002940626337385291,ParametricDesignType,1,0,749
20237_06b27bf5,symmetric_rotor,1,3.0,1273.0,481.0,843.0,0.5700932682660844,72.62334627593432,0.0,"Steel, Mild",2.6465696465696467,1,2597.0,/Users/ulukbekrahmanov/Desktop/fusion_subset/20237_06b27bf5/assembly.json,True,Untitled,843,1273,481,640,3,3,233.8723330880187,72.62334627593432,0.00785,0.5700932682660844,ParametricDesignType,5,1,1053
20431_0088a0dd,medium_rotor,3,8.0,326.0,167.0,230.0,0.4975675925462645,184.18018501934753,0.0,"Steel, Mild, ABS Plastic, Aluminum, Anodized Blue",1.9520958083832336,0,723.0,/Users/ulukbekrahmanov/Desktop/fusion_subset/20431_0088a0dd/assembly.json,True,Untitled,230,326,167,228,8,8,670.4987494083915,184.18018501934753,0.002701526184773876,0.49756759254626454,ParametricDesignType,1,1,598
22417_4a15d62e,high_complexity_rotor,3,15.0,1902.0,730.0,1222.0,0.0167313612506567,2.131383598809779,0.0,"Steel, Mild",2.6054794520547944,1,3854.0,/Users/ulukbekrahmanov/Desktop/fusion_subset/22417_4a15d62e/assembly.json,True,Untitled,1222,1902,730,770,15,15,41.060130203196394,2.131383598809779,0.007850000000000001,0.01673136125065677,ParametricDesignType,3,1,1021
20672_0bc07cce,simple_rotor,1,2.0,15.0,10.0,11.0,8.264132073718075,1052.7556781806466,0.0,Steel,1.5,0,36.0,/Users/ulukbekrahmanov/Desktop/fusion_subset/20672_0bc07cce/assembly.json,True,Untitled,11,15,10,12,2,2,925.9263117046397,1052.7556781806466,0.00785,8.264132073718075,ParametricDesignType,2,0,424
21616_c6c3347a,simple_rotor,1,2.0,46.0,34.0,36.0,2.3399375482491065,298.0812163374658,0.0,Steel,1.3529411764705883,0,116.0,/Users/ulukbekrahmanov/Desktop/fusion_subset/21616_c6c3347a/assembly.json,True,Untitled,36,46,34,55,2,2,763.2397737281507,298.0812163374658,0.007850000000000001,2.3399375482491065,ParametricDesignType,6,2,505
22576_d05619d1,high_complexity_rotor,1,1.0,1605.0,507.0,953.0,0.2960695904806787,279.31093441573466,0.0,"ABS Plastic, Steel, Silver",3.165680473372781,1,3065.0,/Users/ulukbekrahmanov/Desktop/fusion_subset/22576_d05619d1/assembly.json,True,Untitled,953,1605,507,522,1,1,1871.187026922905,279.31093441573466,0.00106,0.2960695904806787,ParametricDesignType,3,0,802
20946_6573271d,simple_rotor,1,1.0,62.0,16.0,48.0,0.061785147822823,7.870719467875544,0.0,Steel,3.875,1,126.0,/Users/ulukbekrahmanov/Desktop/fusion_subset/20946_6573271d/assembly.json,True,Untitled,48,62,16,16,1,1,162.0880384431644,7.870719467875544,0.00785,0.06178514782282302,ParametricDesignType,7,0,1397
22483_f4e4b62a,complex_assembly,37,177.0,4288.0,2348.0,2940.0,7.258219328073821,3179.701090792395,0.0,"Wood, Steel, Rubber, Natural",1.8262350936967633,0,9576.0,/Users/ulukbekrahmanov/Desktop/fusion_subset/22483_f4e4b62a/assembly.json,True,Untitled,2940,4288,2348,3186,177,177,9204.83851608414,3179.701090792395,0.0022826734717586433,7.258219328073821,ParametricDesignType,7,2,610
20467_f1fcc009,simple_rotor,1,6.0,104.0,44.0,68.0,0.0,13.72406088492881,0.0,"Steel, Mild, Acetal Resin, Black, Magnesium",2.363636363636364,0,216.0,/Users/ulukbekrahmanov/Desktop/fusion_subset/20467_f1fcc009/assembly.json,True,Untitled,68,104,44,44,6,6,644.3303650130017,13.72406088492881,1.4132166890967644e+39,1.9395071884761507e+40,ParametricDesignType,0,0,498
20279_aed6b3b3,high_complexity_rotor,14,23.0,4556.0,1718.0,2981.0,0.6896523942386898,167.21814574400832,0.0,"Steel, Mild, Acetal Resin, Black, Aluminum",2.6519208381839348,1,9255.0,/Users/ulukbekrahmanov/Desktop/fusion_subset/20279_aed6b3b3/assembly.json,True,Untitled,2981,4556,1718,2153,23,23,1096.9798629730192,167.21814574400832,0.0041242676814181875,0.6896523942386898,ParametricDesignType,6,1,639
22058_71feafda,simple_rotor,1,5.0,98.0,43.0,60.0,0.0,0.0,0.0,Steel,2.2790697674418605,0,201.0,/Users/ulukbekrahmanov/Desktop/fusion_subset/22058_71feafda/assembly.json,True,Untitled,60,98,43,43,5,5,1639.848227183966,0.0,,0.0,ParametricDesignType,0,0,403
23413_6702ec7f,medium_rotor,3,16.0,635.0,283.0,407.0,0.5793314376654063,163.615692366238,0.0,"Steel, Plastic",2.243816254416961,0,1325.0,/Users/ulukbekrahmanov/Desktop/fusion_subset/23413_6702ec7f/assembly.json,True,Untitled,407,635,283,299,32,16,2143.724071032642,163.615692366238,0.0035408060760371844,0.5793314376654063,ParametricDesignType,1,0,502
21093_1bda9bbe,high_complexity_rotor,1,27.0,3004.0,1315.0,1707.0,1.5668704666666666,199.60133333333337,0.0,"Steel, Mild, Aluminum, Anodized Blue",2.284410646387833,0,6026.0,/Users/ulukbekrahmanov/Desktop/fusion_subset/21093_1bda9bbe/assembly.json,True,Untitled,1707,3004,1315,1315,27,27,1079.423221167683,199.60133333333334,0.00785,1.5668704666666666,ParametricDesignType,1,0,412
20544_43691724,high_complexity_rotor,5,161.0,17777.0,10037.0,17226.0,4.7870163970113,1550.922210191181,0.0,"Steel, Mild, Aluminum 6061, Nylon 6",1.7711467569991033,0,45040.0,/Users/ulukbekrahmanov/Desktop/fusion_subset/20544_43691724/assembly.json,True,Untitled,17226,17777,10037,33451,161,161,18578.129871764468,1550.922210191181,0.003086561250819413,4.7870163970113,ParametricDesignType,8,3,1828
22764_b884dce6,high_complexity_rotor,1,3.0,3543.0,1419.0,2160.0,97.30246653747082,9573.873386645588,0.0,"Gold, Aluminum, Brass",2.496828752642706,0,7122.0,/Users/ulukbekrahmanov/Desktop/fusion_subset/22764_b884dce6/assembly.json,True,Untitled,2160,3543,1419,1449,3,3,5321.657995977864,9573.873386645588,0.010163333335199122,97.30246653747082,ParametricDesignType,0,0,997
21069_508a9947,complex_assembly,60,199.0,3309.0,1783.0,2410.0,5.709204628572951,720.5138288165224,0.0,"Steel, Silver",1.8558609085810431,0,7502.0,/Users/ulukbekrahmanov/Desktop/fusion_subset/21069_508a9947/assembly.json,True,Untitled,2410,3309,1783,2419,199,199,2510.614430158267,720.5138288165224,0.007923796046983006,5.709204628572951,ParametricDesignType,4,0,7340
20959_d4905d19,high_complexity_rotor,12,45.0,3551.0,1249.0,2408.0,0.0429343309388794,27.469488935590455,0.0,"Stainless Steel, ABS Plastic, Aluminum",2.8430744595676543,1,7208.0,/Users/ulukbekrahmanov/Desktop/fusion_subset/20959_d4905d19/assembly.json,True,Untitled,2408,3551,1249,1306,45,45,397.0161452338493,27.469488935590455,0.0015629825163311366,0.04293433093887948,ParametricDesignType,15,3,1731
20421_83f66ddc,medium_rotor,7,9.0,268.0,134.0,169.0,0.5607741219052677,8220.199086669496,0.0,"Steel, Mild, Generic",2.0,0,571.0,/Users/ulukbekrahmanov/Desktop/fusion_subset/20421_83f66ddc/assembly.json,True,Untitled,169,268,134,166,9,9,21953.666269875725,8220.199086669496,6.821904384465114e-05,0.5607741219052677,ParametricDesignType,24,6,3244
22472_f65d3470,simple_rotor,1,13.0,64.0,28.0,46.0,1.2095739961076644,154.08585937677253,0.0,Steel,2.2857142857142856,0,138.0,/Users/ulukbekrahmanov/Desktop/fusion_subset/22472_f65d3470/assembly.json,True,Untitled,46,64,28,28,13,13,4155.51243753299,154.08585937677253,0.00785,1.2095739961076644,ParametricDesignType,0,0,489
20260_4a01a99d,high_complexity_rotor,11,36.0,4221.0,1936.0,2429.0,0.0001835811386072,3059.685643454833,0.0,"Steel, Mild",2.1802685950413223,0,8586.0,/Users/ulukbekrahmanov/Desktop/fusion_subset/20260_4a01a99d/assembly.json,True,Untitled,2429,4221,1936,2022,36,36,7257.197651968284,3059.685643454833,5.999999999999998e-08,0.00018358113860728991,ParametricDesignType,3,3,725
23309_76dcf100,high_complexity_rotor,10,10.0,2709.0,960.0,1791.0,0.1552988651077246,19.78329491818149,0.0,Steel,2.821875,1,5460.0,/Users/ulukbekrahmanov/Desktop/fusion_subset/23309_76dcf100/assembly.json,True,Untitled,1791,2709,960,1000,10,10,186.29695080883226,19.78329491818149,0.00785,0.15529886510772467,ParametricDesignType,0,0,388
21790_aaf9224a,medium_rotor,7,30.0,765.0,360.0,410.0,104.4442013591903,13304.993803718517,0.0,Steel,2.125,0,1535.0,/Users/ulukbekrahmanov/Desktop/fusion_subset/21790_aaf9224a/assembly.json,True,Untitled,410,765,360,365,30,30,20891.56453175832,13304.993803718517,0.007849999999999996,104.4442013591903,ParametricDesignType,8,1,1357
23152_6f2706c9,medium_rotor,1,19.0,284.0,179.0,198.0,0.2649358174198657,33.74978565858163,0.0,Steel,1.5865921787709498,0,661.0,/Users/ulukbekrahmanov/Desktop/fusion_subset/23152_6f2706c9/assembly.json,True,Untitled,198,284,179,236,19,19,408.11740526580235,33.74978565858163,0.007849999999999998,0.2649358174198657,ParametricDesignType,0,0,440
21257_770fee9a,simple_rotor,1,1.0,4.0,1.0,4.0,0.0,0.0,0.0,Steel,4.0,1,9.0,/Users/ulukbekrahmanov/Desktop/fusion_subset/21257_770fee9a/assembly.json,True,Untitled,4,4,1,1,1,1,29581.22927759239,0.0,,0.0,ParametricDesignType,1,0,745
22306_c3dca308,complex_assembly,25,48.0,3337.0,1273.0,2234.0,12.662865208298244,1631.8716104326372,0.0,"Steel, Aluminum",2.621366849960723,1,6844.0,/Users/ulukbekrahmanov/Desktop/fusion_subset/22306_c3dca308/assembly.json,True,Untitled,2234,3337,1273,1520,48,48,6755.101547188364,1631.8716104326372,0.007759719041218629,12.662865208298244,ParametricDesignType,0,0,523
20628_e0551f7c,medium_rotor,2,17.0,631.0,313.0,455.0,0.0423853934047482,5.399413172579389,0.0,"Steel, Mild",2.015974440894569,0,1399.0,/Users/ulukbekrahmanov/Desktop/fusion_subset/20628_e0551f7c/assembly.json,True,Untitled,455,631,313,464,17,17,55.75945423847266,5.399413172579389,0.00785,0.0423853934047482,ParametricDesignType,1,0,310
20838_86c931be,simple_rotor,1,3.0,78.0,33.0,52.0,0.105553462579349,11.696643040803274,0.0,"Nickel-Copper Alloy 400, Gold",2.363636363636364,0,163.0,/Users/ulukbekrahmanov/Desktop/fusion_subset/20838_86c931be/assembly.json,True,Untitled,52,78,33,36,3,3,45.51884113870969,11.696643040803274,0.009024252703201252,0.10555346257934906,ParametricDesignType,0,0,601
22154_24342da4,simple_rotor,1,1.0,76.0,22.0,50.0,0.0534765779224449,6.812302920056684,0.0,Steel,3.4545454545454546,1,148.0,/Users/ulukbekrahmanov/Desktop/fusion_subset/22154_24342da4/assembly.json,True,Untitled,50,76,22,36,1,1,81.52696541982084,6.812302920056684,0.00785,0.053476577922444965,ParametricDesignType,1,0,454
22980_3cb3bcc8,medium_rotor,15,17.0,1330.0,562.0,870.0,2.537936930498772,323.3040675794615,0.0,Steel,2.3665480427046264,0,2762.0,/Users/ulukbekrahmanov/Desktop/fusion_subset/22980_3cb3bcc8/assembly.json,True,Untitled,870,1330,562,702,17,17,1682.887360636248,323.3040675794615,0.007849999999999998,2.537936930498772,ParametricDesignType,3,0,686
20478_c02790cb,simple_rotor,2,2.0,71.0,29.0,50.0,2.216237147888126,282.3232035526276,0.0,"Steel, Mild",2.4482758620689653,0,150.0,/Users/ulukbekrahmanov/Desktop/fusion_subset/20478_c02790cb/assembly.json,True,Untitled,50,71,29,43,2,2,1958.5426548245746,282.3232035526276,0.007849999999999998,2.216237147888126,ParametricDesignType,0,0,470
20477_633cca4f,high_complexity_rotor,1,2.0,2761.0,976.0,1849.0,0.1832102044118982,183.2102044118983,0.0,Generic,2.8288934426229506,1,5586.0,/Users/ulukbekrahmanov/Desktop/fusion_subset/20477_633cca4f/assembly.json,True,Untitled,1849,2761,976,1228,2,2,1686.4033770399,183.2102044118983,0.0009999999999999998,0.18321020441189828,ParametricDesignType,8,2,1013
20225_4ce6d59b,symmetric_rotor,1,5.0,994.0,297.0,660.0,0.0483843696260517,5.796778639744782,0.0,"Nickel-Copper Alloy 400, Rubber, Nitrile, Iron, Wrought",3.346801346801347,1,1951.0,/Users/ulukbekrahmanov/Desktop/fusion_subset/20225_4ce6d59b/assembly.json,True,Untitled,660,994,297,304,6,5,64.3103622271274,5.796778639744782,0.008346768547329247,0.04838436962605176,ParametricDesignType,4,0,455
20797_78b83489,medium_rotor,1,32.0,370.0,190.0,248.0,4324.070980051501,550837.0675224846,0.0,Steel,1.9473684210526316,0,808.0,/Users/ulukbekrahmanov/Desktop/fusion_subset/20797_78b83489/assembly.json,True,Untitled,248,370,190,194,32,32,272687.4832306901,550837.0675224846,0.007849999999999994,4324.070980051501,ParametricDesignType,0,0,474
23376_9b48819a,high_complexity_rotor,16,85.0,9569.0,4758.0,5976.0,0.2144282714547777,82.72004027293117,0.0,"Steel, Rubber, Natural, Aluminum",2.011139134089954,0,20303.0,/Users/ulukbekrahmanov/Desktop/fusion_subset/23376_9b48819a/assembly.json,True,Untitled,5976,9569,4758,6211,85,85,957.680267404641,82.72004027293117,0.0025922167197607857,0.21442827145477772,ParametricDesignType,19,1,3204
22534_e899f645,medium_rotor,19,19.0,1147.0,538.0,791.0,5.912709625547881,743.5080520127382,0.0,"Bronze, Titanium, Steel",2.1319702602230484,0,2476.0,/Users/ulukbekrahmanov/Desktop/fusion_subset/22534_e899f645/assembly.json,True,Untitled,791,1147,538,721,19,19,1472.97525286245,743.5080520127382,0.007952448678318525,5.912709625547881,ParametricDesignType,0,0,667
22079_31335df2,complex_assembly,41,139.0,4824.0,2358.0,3232.0,33.88860836989512,4971.6558987249855,0.0,"Steel, Mild, Copper, Generic",2.045801526717557,0,10414.0,/Users/ulukbekrahmanov/Desktop/fusion_subset/22079_31335df2/assembly.json,True,Untitled,3232,4824,2358,3084,140,139,8467.330997916362,4971.6558987249855,0.006816362407258732,33.88860836989512,ParametricDesignType,2,0,618
22414_14ead4a3,symmetric_rotor,14,11.0,1130.0,434.0,728.0,0.0933940472866583,11.897330864542468,0.0,Steel,2.6036866359447006,1,2292.0,/Users/ulukbekrahmanov/Desktop/fusion_subset/22414_14ead4a3/assembly.json,True,Untitled,728,1130,434,456,11,11,155.65629225278855,11.897330864542468,0.00785,0.09339404728665836,ParametricDesignType,1,0,422
23313_210c6783,medium_rotor,1,69.0,1352.0,615.0,924.0,11.072143729439444,1410.4641693553424,0.0,Steel,2.1983739837398373,0,2891.0,/Users/ulukbekrahmanov/Desktop/fusion_subset/23313_210c6783/assembly.json,True,Untitled,924,1352,615,742,69,69,1595.091159345594,1410.4641693553424,0.007850000000000003,11.072143729439443,ParametricDesignType,1,0,1030
21600_0027c6fc,medium_rotor,1,4.0,260.0,134.0,164.0,26.75495944241032,3408.275088205137,0.0,Steel,1.9402985074626864,0,558.0,/Users/ulukbekrahmanov/Desktop/fusion_subset/21600_0027c6fc/assembly.json,True,Untitled,164,260,134,166,4,4,3998.3299986755874,3408.275088205137,0.007849999999999998,26.754959442410318,ParametricDesignType,0,0,729
21081_72fa4ad1,high_complexity_rotor,2,6.0,1696.0,660.0,1053.0,1428.8299925454792,182016.5595599337,0.0,Steel,2.56969696969697,1,3409.0,/Users/ulukbekrahmanov/Desktop/fusion_subset/21081_72fa4ad1/assembly.json,True,Untitled,1053,1696,660,665,6,6,49351.993178683035,182016.5595599337,0.007849999999999998,1428.8299925454792,ParametricDesignType,0,0,526
21423_196855d1,simple_rotor,1,5.0,34.0,24.0,25.0,42129.46816181476,5366811.230804428,0.0,Steel,1.4166666666666667,0,83.0,/Users/ulukbekrahmanov/Desktop/fusion_subset/21423_196855d1/assembly.json,True,Untitled,25,34,24,31,5,5,415730.7880986038,5366811.230804428,0.00785,42129.46816181476,ParametricDesignType,0,0,718
22670_9353c710,complex_assembly,50,64.0,3113.0,1644.0,2176.0,0.642597763796882,182.750455782341,0.0,"Copper, Wood, Steel",1.893552311435523,0,6933.0,/Users/ulukbekrahmanov/Desktop/fusion_subset/22670_9353c710/assembly.json,True,Untitled,2176,3113,1644,2427,64,64,905.1154966334058,182.750455782341,0.0035162580637403567,0.642597763796882,ParametricDesignType,0,0,679
20421_38b63ca5,medium_rotor,5,16.0,1189.0,518.0,775.0,9.99155912030917,9991.559120309168,0.0,Generic,2.2953667953667956,0,2482.0,/Users/ulukbekrahmanov/Desktop/fusion_subset/20421_38b63ca5/assembly.json,True,Untitled,775,1189,518,650,16,16,20674.14846333109,9991.559120309168,0.0010000000000000002,9.99155912030917,ParametricDesignType,24,6,3244
21718_1551037b,complex_assembly,27,60.0,8713.0,3634.0,5431.0,3.5952334892160516,1100.1991166640655,0.0,"Steel, Mild, Aluminio-6061, AISI 1020",2.3976334617501376,0,17778.0,/Users/ulukbekrahmanov/Desktop/fusion_subset/21718_1551037b/assembly.json,True,Untitled,5431,8713,3634,3963,60,60,5290.964353041059,1100.1991166640657,0.003267802559337828,3.5952334892160516,ParametricDesignType,2,0,964
20585_09b72895,symmetric_rotor,2,5.0,661.0,227.0,440.0,0.4200237536697677,53.50621065856912,0.0,Steel,2.9118942731277535,1,1328.0,/Users/ulukbekrahmanov/Desktop/fusion_subset/20585_09b72895/assembly.json,True,Untitled,440,661,227,323,5,5,1276.6210196884626,53.506210658569124,0.007850000000000001,0.4200237536697677,ParametricDesignType,1,0,468
21828_21ab2114,symmetric_rotor,2,3.0,1201.0,442.0,796.0,0.0659219201468265,8.397696833990642,0.0,Steel,2.7171945701357467,1,2439.0,/Users/ulukbekrahmanov/Desktop/fusion_subset/21828_21ab2114/assembly.json,True,Untitled,796,1201,442,475,3,3,66.73054977784581,8.397696833990642,0.00785,0.06592192014682653,ParametricDesignType,0,0,367
20511_e1b972aa,medium_rotor,1,17.0,335.0,157.0,214.0,15.484243640877418,1972.5151134875696,0.0,"Steel, Mild",2.1337579617834397,0,706.0,/Users/ulukbekrahmanov/Desktop/fusion_subset/20511_e1b972aa/assembly.json,True,Untitled,214,335,157,157,18,17,2860.87473328296,1972.5151134875698,0.007849999999999998,15.484243640877418,ParametricDesignType,7,6,1391
22671_fdd1b1e6,simple_rotor,1,8.0,108.0,57.0,72.0,0.1711759766148602,21.805856893612773,0.0,Steel,1.894736842105263,0,237.0,/Users/ulukbekrahmanov/Desktop/fusion_subset/22671_fdd1b1e6/assembly.json,True,Untitled,72,108,57,70,8,8,209.68359709869137,21.805856893612773,0.007849999999999998,0.17117597661486023,ParametricDesignType,0,0,178
21139_cd619b26,simple_rotor,1,2.0,33.0,17.0,22.0,0.8407613450537488,107.1033560578024,0.0,Steel,1.9411764705882353,0,72.0,/Users/ulukbekrahmanov/Desktop/fusion_subset/21139_cd619b26/assembly.json,True,Untitled,22,33,17,19,2,2,148.4834149885404,107.1033560578024,0.00785,0.8407613450537488,ParametricDesignType,3,0,705
23184_731e5af0,simple_rotor,1,8.0,84.0,48.0,60.0,3.01072383382672,383.5316985766523,0.0,Steel,1.75,0,192.0,/Users/ulukbekrahmanov/Desktop/fusion_subset/23184_731e5af0/assembly.json,True,Untitled,60,84,48,60,8,8,625.2192054037127,383.5316985766523,0.00785,3.01072383382672,ParametricDesignType,14,0,1882
20990_0a226634,symmetric_rotor,2,1.0,292.0,105.0,197.0,0.0249660757682701,23.552901668179373,0.0,"Steel, ABS Plastic",2.780952380952381,1,594.0,/Users/ulukbekrahmanov/Desktop/fusion_subset/20990_0a226634/assembly.json,True,Untitled,197,292,105,141,1,1,313.982289641622,23.552901668179373,0.00106,0.024966075768270136,ParametricDesignType,0,0,685
20586_cbec2689,simple_rotor,1,52.0,44.0,89.0,44.0,0.1690113263439457,159.44464749428883,0.0,Plastic,0.4943820224719101,0,177.0,/Users/ulukbekrahmanov/Desktop/fusion_subset/20586_cbec2689/assembly.json,True,Untitled,44,44,89,88,52,52,2565.2280202347047,159.44464749428883,0.0010599999999999976,0.16901132634394578,ParametricDesignType,3,1,892
20182_71b9e491,medium_rotor,11,16.0,624.0,311.0,444.0,0.3841423272054571,100.1680993226523,0.0,"Steel, Mild, Aluminum, Anodized Red, Aluminum 6061",2.0064308681672025,0,1379.0,/Users/ulukbekrahmanov/Desktop/fusion_subset/20182_71b9e491/assembly.json,True,Untitled,444,624,311,433,16,16,619.5924060028545,100.1680993226523,0.003834976702194309,0.3841423272054571,ParametricDesignType,3,4,869
22981_93f268ae,simple_rotor,6,8.0,188.0,89.0,118.0,0.106013562508163,151.44794644023287,0.0,Bamboo,2.1123595505617976,0,395.0,/Users/ulukbekrahmanov/Desktop/fusion_subset/22981_93f268ae/assembly.json,True,Untitled,118,188,89,100,8,8,1522.0334068288673,151.44794644023287,0.0007,0.106013562508163,ParametricDesignType,0,0,489
20989_d1b8b0f8,medium_rotor,14,16.0,453.0,190.0,316.0,0.0345747021398165,4.404420654753705,0.0,"Steel, Mild",2.3842105263157896,0,959.0,/Users/ulukbekrahmanov/Desktop/fusion_subset/20989_d1b8b0f8/assembly.json,True,Untitled,316,453,190,211,16,16,72.7670471786858,4.404420654753705,0.007849999999999998,0.034574702139816574,ParametricDesignType,4,0,802
20451_557fe5cd,simple_rotor,1,2.0,72.0,22.0,56.0,226.76316659988456,28887.027592341987,0.0,"Steel, Mild",3.272727272727273,1,150.0,/Users/ulukbekrahmanov/Desktop/fusion_subset/20451_557fe5cd/assembly.json,True,Untitled,56,72,22,24,2,2,72778.16442335231,28887.027592341987,0.00785,226.76316659988458,ParametricDesignType,0,0,495
22825_f4c18d65,simple_rotor,1,20.0,111.0,89.0,92.0,208.21412432564196,26524.092270782417,0.0,Steel,1.247191011235955,0,292.0,/Users/ulukbekrahmanov/Desktop/fusion_subset/22825_f4c18d65/assembly.json,True,Untitled,92,111,89,133,20,20,19632.968227784368,26524.092270782414,0.007850000000000001,208.21412432564196,ParametricDesignType,0,0,562
20533_0a3e112b,high_complexity_rotor,10,122.0,4159.0,2117.0,2708.0,5.28997511827525,673.8821806720059,0.0,"Steel, Mild",1.9645725082664147,0,8984.0,/Users/ulukbekrahmanov/Desktop/fusion_subset/20533_0a3e112b/assembly.json,True,Untitled,2708,4159,2117,2659,122,122,3135.535707727703,673.8821806720059,0.007850000000000006,5.28997511827525,ParametricDesignType,5,2,1150
22196_e5bf8c9d,medium_rotor,3,3.0,941.0,381.0,612.0,0.0816907612073653,77.06675585600505,0.0,ABS Plastic,2.4698162729658795,0,1934.0,/Users/ulukbekrahmanov/Desktop/fusion_subset/22196_e5bf8c9d/assembly.json,True,Untitled,612,941,381,455,3,3,684.133996813141,77.06675585600505,0.00106,0.08169076120736535,ParametricDesignType,1,0,709
21165_5cb2d287,simple_rotor,2,3.0,91.0,39.0,59.0,25702.123115208346,3274155.8108545663,0.0,Steel,2.3333333333333335,0,189.0,/Users/ulukbekrahmanov/Desktop/fusion_subset/21165_5cb2d287/assembly.json,True,Untitled,59,91,39,41,3,3,578376.8376813979,3274155.8108545663,0.00785,25702.123115208342,ParametricDesignType,0,1,566
23101_6aec02ee,high_complexity_rotor,1,2.0,2607.0,964.0,1775.0,8.419690142991174,1072.571992737729,0.0,Steel,2.704356846473029,1,5346.0,/Users/ulukbekrahmanov/Desktop/fusion_subset/23101_6aec02ee/assembly.json,True,Untitled,1775,2607,964,1156,2,2,3156.707914574057,1072.571992737729,0.007850000000000001,8.419690142991174,ParametricDesignType,0,0,409
20817_ef63b1a7,medium_rotor,1,20.0,296.0,162.0,194.0,88.57971375477874,11284.039968761625,0.0,Steel,1.8271604938271604,0,652.0,/Users/ulukbekrahmanov/Desktop/fusion_subset/20817_ef63b1a7/assembly.json,True,Untitled,194,296,162,174,24,20,8850.314980875317,11284.039968761625,0.00785,88.57971375477874,ParametricDesignType,1,0,413
22141_5db99710,symmetric_rotor,1,9.0,354.0,141.0,234.0,0.4925403935889652,62.74399918330767,0.0,Steel,2.5106382978723403,1,729.0,/Users/ulukbekrahmanov/Desktop/fusion_subset/22141_5db99710/assembly.json,True,Untitled,234,354,141,170,9,9,625.021900188442,62.74399918330767,0.00785,0.4925403935889652,ParametricDesignType,0,0,500
20860_b8e9a191,medium_rotor,2,210.0,859.0,842.0,843.0,0.0264811582238587,3.3733959520839303,0.0,Steel,1.020190023752969,0,2544.0,/Users/ulukbekrahmanov/Desktop/fusion_subset/20860_b8e9a191/assembly.json,True,Untitled,843,859,842,1656,210,210,66.51787721249553,3.3733959520839303,0.007849999999999982,0.02648115822385879,ParametricDesignType,4,0,539
21610_5dcf1187,simple_rotor,1,2.0,82.0,52.0,61.0,1.7823927851623689,227.05640575316804,0.0,Steel,1.5769230769230769,0,195.0,/Users/ulukbekrahmanov/Desktop/fusion_subset/21610_5dcf1187/assembly.json,True,Untitled,61,82,52,80,2,2,804.5221568041374,227.05640575316804,0.00785,1.7823927851623689,ParametricDesignType,4,1,469
20285_b64b1a7e,medium_rotor,8,7.0,251.0,105.0,153.0,0.5898843646695517,84.5802315981893,0.0,"Steel, Mild, Aluminum, Anodized Blue",2.3904761904761904,0,509.0,/Users/ulukbekrahmanov/Desktop/fusion_subset/20285_b64b1a7e/assembly.json,True,Untitled,153,251,105,107,7,7,359.4781455990465,84.5802315981893,0.006974258092267745,0.5898843646695517,ParametricDesignType,4,3,1078
21741_c6faf98e,complex_assembly,27,105.0,2634.0,1517.0,2054.0,294.00076676641345,37452.32697661313,0.0,Steel,1.7363216875411998,0,6205.0,/Users/ulukbekrahmanov/Desktop/fusion_subset/21741_c6faf98e/assembly.json,True,Untitled,2054,2634,1517,2526,105,105,31766.45299868814,37452.32697661313,0.007850000000000011,294.00076676641345,ParametricDesignType,2,0,908
21377_19909a40,medium_rotor,1,2.0,360.0,153.0,205.0,0.0,0.0,0.0,Steel,2.3529411764705883,0,718.0,/Users/ulukbekrahmanov/Desktop/fusion_subset/21377_19909a40/assembly.json,True,Untitled,205,360,153,153,2,2,11921194.986272011,0.0,,0.0,ParametricDesignType,2,1,697
23174_8ef93daf,medium_rotor,1,5.0,687.0,300.0,395.0,12.292006776165112,1565.860735817212,0.0,Steel,2.29,0,1382.0,/Users/ulukbekrahmanov/Desktop/fusion_subset/23174_8ef93daf/assembly.json,True,Untitled,395,687,300,302,5,5,4731.672091417473,1565.8607358172121,0.00785,12.292006776165113,ParametricDesignType,1,0,541
22448_1f21757a,medium_rotor,1,11.0,845.0,378.0,533.0,1.5513694483708782,197.626681321131,0.0,Steel,2.2354497354497354,0,1756.0,/Users/ulukbekrahmanov/Desktop/fusion_subset/22448_1f21757a/assembly.json,True,Untitled,533,845,378,426,11,11,634.0531947349194,197.626681321131,0.00785,1.5513694483708782,ParametricDesignType,8,1,5170
21621_711e1918,medium_rotor,9,26.0,958.0,453.0,702.0,3.336684730956265,425.0553797396516,0.0,Steel,2.1147902869757176,0,2113.0,/Users/ulukbekrahmanov/Desktop/fusion_subset/21621_711e1918/assembly.json,True,Untitled,702,958,453,688,26,26,2229.186195795397,425.0553797396516,0.00785,3.336684730956265,ParametricDesignType,3,0,1143
22261_6efe61e3,simple_rotor,1,3.0,47.0,22.0,29.0,0.398678622630647,399.35753043238213,0.0,Water,2.136363636363636,0,98.0,/Users/ulukbekrahmanov/Desktop/fusion_subset/22261_6efe61e3/assembly.json,True,Untitled,29,47,22,24,3,3,685.2788553718161,399.35753043238213,0.0009983,0.398678622630647,ParametricDesignType,0,0,428
20495_e8e7e80c,simple_rotor,5,6.0,224.0,103.0,140.0,19.140423766930713,2438.2705435580524,0.0,"Steel, Mild",2.174757281553398,0,467.0,/Users/ulukbekrahmanov/Desktop/fusion_subset/20495_e8e7e80c/assembly.json,True,Untitled,140,224,103,114,6,6,6174.413114594803,2438.2705435580524,0.007850000000000001,19.140423766930713,ParametricDesignType,0,0,661
23282_a1b17daa,complex_assembly,56,58.0,2347.0,955.0,1607.0,3.457901881435011,440.4970549598741,0.0,Steel,2.4575916230366492,0,4909.0,/Users/ulukbekrahmanov/Desktop/fusion_subset/23282_a1b17daa/assembly.json,True,Untitled,1607,2347,955,1146,58,58,1988.4603007460212,440.4970549598741,0.007849999999999998,3.457901881435011,ParametricDesignType,1,0,421
22078_1758e9fc,medium_rotor,4,10.0,235.0,130.0,142.0,381.7175719802731,48626.442290480634,0.0,Steel,1.8076923076923077,0,507.0,/Users/ulukbekrahmanov/Desktop/fusion_subset/22078_1758e9fc/assembly.json,True,Untitled,142,235,130,149,10,10,51726.63160906783,48626.442290480634,0.007850000000000003,381.7175719802731,ParametricDesignType,2,0,417
21744_5ae4d9d5,high_complexity_rotor,1,10.0,2507.0,1042.0,1571.0,3.0433940292274477,2135.715108229788,0.0,"Acetal Resin, White",2.4059500959692897,0,5120.0,/Users/ulukbekrahmanov/Desktop/fusion_subset/21744_5ae4d9d5/assembly.json,True,Untitled,1571,2507,1042,1127,11,10,1779.8865230258152,2135.715108229788,0.001425,3.0433940292274477,ParametricDesignType,0,0,446
22812_cf865ed1,symmetric_rotor,2,6.0,915.0,350.0,613.0,0.0273588720111399,25.056045746586587,0.0,"Steel, Plastic",2.6142857142857143,1,1878.0,/Users/ulukbekrahmanov/Desktop/fusion_subset/22812_cf865ed1/assembly.json,True,Untitled,613,915,350,393,6,6,71.32361713282171,25.056045746586587,0.001091907010700882,0.02735887201113991,ParametricDesignType,18,5,7170
21566_ff590631,medium_rotor,1,2.0,553.0,226.0,345.0,0.5647238923940221,71.93934934955695,0.0,Steel,2.446902654867257,0,1124.0,/Users/ulukbekrahmanov/Desktop/fusion_subset/21566_ff590631/assembly.json,True,Untitled,345,553,226,250,2,2,306.746793624636,71.93934934955695,0.007850000000000001,0.5647238923940221,ParametricDesignType,1,0,607
21337_062b39fa,high_complexity_rotor,2,9.0,2302.0,1128.0,2218.0,0.0006433816539931,0.0863477306712734,0.0,"Steel, Plastic",2.0407801418439715,0,5648.0,/Users/ulukbekrahmanov/Desktop/fusion_subset/21337_062b39fa/assembly.json,True,Untitled,2218,2302,1128,4194,9,9,10.267946649532234,0.08634773067127345,0.007451054578869315,0.0006433816539931664,ParametricDesignType,2,1,1683
23467_9f431540,high_complexity_rotor,9,9.0,1821.0,711.0,1154.0,0.0118159501663912,2.9538926727330574,0.0,"Steel, Generic",2.561181434599156,1,3686.0,/Users/ulukbekrahmanov/Desktop/fusion_subset/23467_9f431540/assembly.json,True,Untitled,1154,1821,711,752,9,9,39.58074864799907,2.9538926727330574,0.004000128466231198,0.01181595016639126,ParametricDesignType,0,0,682
22434_2ad62ed6,symmetric_rotor,1,5.0,752.0,285.0,498.0,1.9986940950206529,254.6107127414845,0.0,Steel,2.6385964912280704,1,1535.0,/Users/ulukbekrahmanov/Desktop/fusion_subset/22434_2ad62ed6/assembly.json,True,Untitled,498,752,285,306,5,5,361.8778537947291,254.61071274148446,0.00785,1.9986940950206529,ParametricDesignType,0,0,560
22236_db209dff,simple_rotor,3,2.0,208.0,80.0,144.0,1.1109347905822946,141.52035548819043,0.0,Steel,2.6,1,432.0,/Users/ulukbekrahmanov/Desktop/fusion_subset/22236_db209dff/assembly.json,True,Untitled,144,208,80,112,2,2,411.8962622632133,141.52035548819043,0.007849999999999998,1.1109347905822946,ParametricDesignType,3,0,666
20951_2918f2fa,simple_rotor,4,1.0,76.0,32.0,54.0,0.3054327909269829,38.908635786876815,0.0,Steel,2.375,0,162.0,/Users/ulukbekrahmanov/Desktop/fusion_subset/20951_2918f2fa/assembly.json,True,Untitled,54,76,32,50,1,1,206.69938505642517,38.908635786876815,0.00785,0.30543279092698294,ParametricDesignType,1,2,737
21186_d1698d8c,symmetric_rotor,1,3.0,397.0,156.0,297.0,0.0332988282021994,13.973695359037404,0.0,"Plastic, Aluminum",2.5448717948717947,1,850.0,/Users/ulukbekrahmanov/Desktop/fusion_subset/21186_d1698d8c/assembly.json,True,Untitled,297,397,156,298,3,3,216.22124940142587,13.973695359037404,0.0023829650888062054,0.033298828202199426,ParametricDesignType,1,2,1324
20609_69f28932,symmetric_rotor,4,3.0,452.0,178.0,292.0,180.3046533618202,22968.74565118729,0.0,Steel,2.539325842696629,1,922.0,/Users/ulukbekrahmanov/Desktop/fusion_subset/20609_69f28932/assembly.json,True,Untitled,292,452,178,190,3,3,11552.062876921427,22968.74565118729,0.00785,180.30465336182021,ParametricDesignType,15,6,1503
22064_e1ba20dd,simple_rotor,1,14.0,218.0,120.0,154.0,14.167804087607127,1804.8158073384889,0.0,Steel,1.8166666666666669,0,492.0,/Users/ulukbekrahmanov/Desktop/fusion_subset/22064_e1ba20dd/assembly.json,True,Untitled,154,218,120,148,14,14,4504.542974081351,1804.8158073384886,0.007849999999999996,14.167804087607129,ParametricDesignType,0,0,559
21008_a3fec63b,medium_rotor,4,8.0,574.0,260.0,385.0,0.8925172749862629,113.69646815111636,0.0,"Steel, Mild, Steel",2.207692307692308,0,1219.0,/Users/ulukbekrahmanov/Desktop/fusion_subset/21008_a3fec63b/assembly.json,True,Untitled,385,574,260,339,8,8,404.6327193605951,113.69646815111635,0.007849999999999996,0.8925172749862629,ParametricDesignType,12,5,1316
21739_57582b8f,high_complexity_rotor,1,9.0,3406.0,1438.0,1978.0,1.337976643003234,938.9309775461292,0.0,"Acetal Resin, White",2.368567454798331,0,6822.0,/Users/ulukbekrahmanov/Desktop/fusion_subset/21739_57582b8f/assembly.json,True,Untitled,1978,3406,1438,1481,9,9,1467.1636939443258,938.9309775461293,0.0014249999999999998,1.337976643003234,ParametricDesignType,1,0,492
21990_7bb6efcf,simple_rotor,1,37.0,172.0,66.0,126.0,0.5211122117842104,66.38372124639623,0.0,Steel,2.606060606060606,1,364.0,/Users/ulukbekrahmanov/Desktop/fusion_subset/21990_7bb6efcf/assembly.json,True,Untitled,126,172,66,66,37,37,1250.4699598816467,66.38372124639623,0.00785,0.5211122117842104,ParametricDesignType,4,0,502
22357_e2f7b060,complex_assembly,75,77.0,2791.0,1338.0,1978.0,4.249522131996095,1150.6501378403525,0.0,"Steel, Mild, Copper, Bronze",2.085949177877429,0,6107.0,/Users/ulukbekrahmanov/Desktop/fusion_subset/22357_e2f7b060/assembly.json,True,Untitled,1978,2791,1338,1900,77,77,3301.8139880602903,1150.6501378403525,0.003693148761944264,4.249522131996095,ParametricDesignType,6,2,817
23021_047d1f8a,simple_rotor,1,5.0,59.0,30.0,40.0,217.69803904137493,27732.234272786616,0.0,Steel,1.9666666666666663,0,129.0,/Users/ulukbekrahmanov/Desktop/fusion_subset/23021_047d1f8a/assembly.json,True,Untitled,40,59,30,39,5,5,10824.928199711872,27732.234272786616,0.00785,217.69803904137493,ParametricDesignType,1,0,396
20812_462bd352,simple_rotor,1,3.0,154.0,72.0,88.0,21.285092147313843,2711.4767066641843,0.0,Steel,2.138888888888889,0,314.0,/Users/ulukbekrahmanov/Desktop/fusion_subset/20812_462bd352/assembly.json,True,Untitled,88,154,72,72,3,3,3247.799366837027,2711.4767066641843,0.00785,21.285092147313843,ParametricDesignType,1,0,415
21119_4f5c95a6,simple_rotor,1,2.0,30.0,16.0,22.0,0.3186280197523562,40.58955665635111,0.0,Steel,1.875,0,68.0,/Users/ulukbekrahmanov/Desktop/fusion_subset/21119_4f5c95a6/assembly.json,True,Untitled,22,30,16,22,2,2,250.3276852011483,40.58955665635111,0.007850000000000001,0.3186280197523562,ParametricDesignType,0,0,335
21174_861bd902,high_complexity_rotor,1,20.0,2370.0,799.0,1577.0,56.954936952641766,7255.405981228253,0.0,Steel,2.9662077596996244,1,4746.0,/Users/ulukbekrahmanov/Desktop/fusion_subset/21174_861bd902/assembly.json,True,Untitled,1577,2370,799,1005,20,20,8441.579045500383,7255.405981228253,0.007849999999999998,56.954936952641766,ParametricDesignType,0,0,198
22057_4947db57,symmetric_rotor,1,2.0,435.0,145.0,295.0,34.21672322030763,4358.818244625177,0.0,Steel,3.0,1,875.0,/Users/ulukbekrahmanov/Desktop/fusion_subset/22057_4947db57/assembly.json,True,Untitled,295,435,145,186,2,2,7122.845147391247,4358.818244625177,0.007849999999999998,34.21672322030763,ParametricDesignType,1,0,565
20858_15bdad00,medium_rotor,2,40.0,1112.0,518.0,780.0,459.8253617336469,58576.47920173849,0.0,Steel,2.146718146718147,0,2410.0,/Users/ulukbekrahmanov/Desktop/fusion_subset/20858_15bdad00/assembly.json,True,Untitled,780,1112,518,748,40,40,46628.78317703972,58576.47920173849,0.007849999999999996,459.8253617336469,ParametricDesignType,4,0,1084
20384_767d849a,simple_rotor,3,2.0,122.0,30.0,100.0,0.456542443895522,58.15827310770982,0.0,"Steel, Mild",4.066666666666666,1,252.0,/Users/ulukbekrahmanov/Desktop/fusion_subset/20384_767d849a/assembly.json,True,Untitled,100,122,30,34,2,2,103.76933624701851,58.15827310770982,0.00785,0.456542443895522,ParametricDesignType,0,0,412
22059_b7d76712,medium_rotor,6,5.0,534.0,235.0,360.0,125.36851097267196,15970.510951932732,0.0,Steel,2.272340425531915,0,1129.0,/Users/ulukbekrahmanov/Desktop/fusion_subset/22059_b7d76712/assembly.json,True,Untitled,360,534,235,286,5,5,7317.1506406705175,15970.510951932732,0.007850000000000001,125.36851097267196,ParametricDesignType,0,0,546
22197_94c66357,medium_rotor,2,2.0,727.0,322.0,522.0,0.0929149524761352,87.65561554352382,0.0,ABS Plastic,2.2577639751552794,0,1571.0,/Users/ulukbekrahmanov/Desktop/fusion_subset/22197_94c66357/assembly.json,True,Untitled,522,727,322,525,2,2,836.2286970317446,87.65561554352382,0.00106,0.09291495247613525,ParametricDesignType,0,1,827
22080_594bcb66,symmetric_rotor,2,2.0,255.0,92.0,159.0,171124.3165692849,21799275.996087253,0.0,Steel,2.7717391304347827,1,506.0,/Users/ulukbekrahmanov/Desktop/fusion_subset/22080_594bcb66/assembly.json,True,Untitled,159,255,92,112,2,2,2019498.8401344996,21799275.996087253,0.00785,171124.3165692849,ParametricDesignType,1,0,575
21450_ea24ffcc,high_complexity_rotor,1,30.0,6712.0,3001.0,3871.0,0.0231449614643272,2.9484027343092025,0.0,Steel,2.236587804065312,0,13584.0,/Users/ulukbekrahmanov/Desktop/fusion_subset/21450_ea24ffcc/assembly.json,True,Untitled,3871,6712,3001,3104,30,30,16.314901312785093,2.9484027343092025,0.007850000000000006,0.02314496146432726,ParametricDesignType,5,2,842
20799_213bf924,high_complexity_rotor,3,11.0,26981.0,9218.0,17473.0,4.623515055906808,588.9828096696572,0.0,Steel,2.9269906704274247,1,53672.0,/Users/ulukbekrahmanov/Desktop/fusion_subset/20799_213bf924/assembly.json,True,Untitled,17473,26981,9218,9798,11,11,840.7986764369745,588.9828096696572,0.00785,4.623515055906808,ParametricDesignType,7,0,1006
20504_c9e14c9d,medium_rotor,8,10.0,265.0,164.0,210.0,155.01383870776056,19746.985822644645,0.0,"Steel, Mild",1.6158536585365857,0,639.0,/Users/ulukbekrahmanov/Desktop/fusion_subset/20504_c9e14c9d/assembly.json,True,Untitled,210,265,164,297,10,10,15550.27997059736,19746.985822644645,0.007850000000000005,155.01383870776056,ParametricDesignType,1,2,734
21533_8837772a,simple_rotor,8,5.0,18.0,19.0,18.0,0.4054626278282039,150.17134364007552,0.0,Aluminum,0.9473684210526316,0,55.0,/Users/ulukbekrahmanov/Desktop/fusion_subset/21533_8837772a/assembly.json,True,Untitled,18,18,19,36,5,5,388.4627035291887,150.17134364007552,0.0027,0.4054626278282039,ParametricDesignType,35,3,7767
20436_41b730a3,simple_rotor,2,3.0,9.0,6.0,6.0,0.0,0.0,0.0,"Steel, Mild, Generic",1.5,0,21.0,/Users/ulukbekrahmanov/Desktop/fusion_subset/20436_41b730a3/assembly.json,True,Untitled,6,9,6,6,3,3,82.68825523927794,0.0,,0.0,ParametricDesignType,4,4,525
20229_d1ae2ae3,medium_rotor,1,8.0,324.0,157.0,234.0,0.0041712466532126,3.249906331529261,0.0,"Steel, Mild, Rubber, Nitrile, Stainless Steel",2.0636942675159236,0,715.0,/Users/ulukbekrahmanov/Desktop/fusion_subset/20229_d1ae2ae3/assembly.json,True,Untitled,234,324,157,238,8,8,45.899874632724966,3.249906331529261,0.0012834975004494373,0.004171246653212607,ParametricDesignType,1,0,502
21244_d67bbabc,complex_assembly,116,137.0,3978.0,2132.0,2929.0,54.27476794465428,6913.983177662976,0.0,Steel,1.8658536585365857,0,9039.0,/Users/ulukbekrahmanov/Desktop/fusion_subset/21244_d67bbabc/assembly.json,True,Untitled,2929,3978,2132,3446,137,137,27747.42330186538,6913.983177662976,0.007849999999999987,54.27476794465428,ParametricDesignType,2,0,420
23318_65e3a7c9,medium_rotor,5,4.0,487.0,211.0,334.0,0.0932187341009257,87.94220198200547,0.0,Plastic,2.308056872037915,0,1032.0,/Users/ulukbekrahmanov/Desktop/fusion_subset/23318_65e3a7c9/assembly.json,True,Untitled,334,487,211,265,4,4,350.71614793925227,87.94220198200547,0.00106,0.09321873410092579,ParametricDesignType,1,1,456
22893_eb8aa8ac,high_complexity_rotor,1,3.0,1816.0,642.0,1178.0,0.006235839556913,0.7943744658487936,0.0,Steel,2.8286604361370715,1,3636.0,/Users/ulukbekrahmanov/Desktop/fusion_subset/22893_eb8aa8ac/assembly.json,True,Untitled,1178,1816,642,686,3,3,16.916238394583797,0.7943744658487936,0.00785,0.006235839556913029,ParametricDesignType,2,0,591
23409_e27e3b8b,medium_rotor,1,6.0,327.0,139.0,186.0,34.57103537401924,4403.953550830477,0.0,Steel,2.352517985611511,0,652.0,/Users/ulukbekrahmanov/Desktop/fusion_subset/23409_e27e3b8b/assembly.json,True,Untitled,186,327,139,139,6,6,23081.620332479302,4403.953550830477,0.00785,34.57103537401924,ParametricDesignType,27,5,2433
22066_308cdcfe,medium_rotor,1,10.0,317.0,148.0,209.0,1.0557414504464937,134.4893567447763,0.0,Steel,2.141891891891892,0,674.0,/Users/ulukbekrahmanov/Desktop/fusion_subset/22066_308cdcfe/assembly.json,True,Untitled,209,317,148,187,10,10,595.5534343002779,134.4893567447763,0.007849999999999998,1.0557414504464937,ParametricDesignType,0,0,441
23363_60e39812,medium_rotor,22,21.0,323.0,160.0,215.0,404.3280045239016,51506.75216864988,0.0,Steel,2.01875,0,698.0,/Users/ulukbekrahmanov/Desktop/fusion_subset/23363_60e39812/assembly.json,True,Untitled,215,323,160,170,21,21,58038.45889662239,51506.75216864988,0.007850000000000001,404.3280045239016,ParametricDesignType,0,0,478
20737_5249e274,high_complexity_rotor,10,8.0,9166.0,3163.0,6071.0,3.1538583091573074,401.7653897015678,0.0,Steel,2.89788175782485,1,18400.0,/Users/ulukbekrahmanov/Desktop/fusion_subset/20737_5249e274/assembly.json,True,Untitled,6071,9166,3163,3791,8,8,2687.8442929248918,401.76538970156787,0.00785,3.1538583091573074,ParametricDesignType,3,5,830
23329_6939d5d9,high_complexity_rotor,1,10.0,2044.0,798.0,1281.0,0.306389423273309,38.726631060365584,0.0,"Polyurethane Foam, Steel, Lead",2.56140350877193,1,4123.0,/Users/ulukbekrahmanov/Desktop/fusion_subset/23329_6939d5d9/assembly.json,True,Untitled,1281,2044,798,850,10,10,543.780713290134,38.726631060365584,0.007911595067376785,0.306389423273309,ParametricDesignType,1,0,673
21884_cc2c39f9,medium_rotor,1,8.0,252.0,108.0,163.0,1359.3333044107137,196802.37091366987,0.0,"Steel, Water",2.3333333333333335,0,523.0,/Users/ulukbekrahmanov/Desktop/fusion_subset/21884_cc2c39f9/assembly.json,True,Untitled,163,252,108,113,8,8,43742.73883787949,196802.37091366987,0.006907098212790355,1359.3333044107137,ParametricDesignType,2,0,536
20231_f54462bb,simple_rotor,1,2.0,24.0,12.0,16.0,4.66458544932237,594.2147069200472,0.0,"Steel, Mild",2.0,0,52.0,/Users/ulukbekrahmanov/Desktop/fusion_subset/20231_f54462bb/assembly.json,True,Untitled,16,24,12,12,2,2,600.0834808592518,594.2147069200472,0.00785,4.66458544932237,ParametricDesignType,0,0,435
20322_5a8c6077,medium_rotor,1,10.0,415.0,196.0,280.0,1.1580280052424336e-05,193.00466754040565,0.0,"Steel, Mild, Zinc",2.11734693877551,0,891.0,/Users/ulukbekrahmanov/Desktop/fusion_subset/20322_5a8c6077/assembly.json,True,Untitled,280,415,196,261,10,10,573.2628849289313,193.00466754040565,5.999999999999998e-08,1.1580280052424336e-05,ParametricDesignType,1,4,728
22528_f3370a64,high_complexity_rotor,1,62.0,2000.0,808.0,1309.0,15.422248748218628,1964.6176749323104,0.0,Steel,2.4752475247524752,0,4117.0,/Users/ulukbekrahmanov/Desktop/fusion_subset/22528_f3370a64/assembly.json,True,Untitled,1309,2000,808,846,62,62,9827.278172656512,1964.6176749323104,0.007849999999999996,15.422248748218628,ParametricDesignType,7,2,850
22168_a84560a9,high_complexity_rotor,2,10.0,1664.0,662.0,1094.0,0.6238178881956946,220.27456972991044,0.0,"Steel, Mild, ABS Plastic",2.513595166163142,1,3420.0,/Users/ulukbekrahmanov/Desktop/fusion_subset/22168_a84560a9/assembly.json,True,Untitled,1094,1664,662,784,10,10,1377.7887720201916,220.27456972991044,0.002832001392446657,0.6238178881956946,ParametricDesignType,0,0,1058
21513_50fb4d62,medium_rotor,5,6.0,536.0,243.0,358.0,3.370236744207072,429.329521555041,0.0,Steel,2.205761316872428,0,1137.0,/Users/ulukbekrahmanov/Desktop/fusion_subset/21513_50fb4d62/assembly.json,True,Untitled,358,536,243,319,6,6,1500.9046817809563,429.329521555041,0.00785,3.3702367442070718,ParametricDesignType,0,0,496
22043_041e1b7c,simple_rotor,8,7.0,101.0,73.0,83.0,9.084729098640707,1157.2903310370325,0.0,Steel,1.3835616438356164,0,257.0,/Users/ulukbekrahmanov/Desktop/fusion_subset/22043_041e1b7c/assembly.json,True,Untitled,83,101,73,124,7,7,2107.0622443569187,1157.2903310370325,0.007850000000000003,9.084729098640707,ParametricDesignType,0,0,566
21224_18ba4aba,medium_rotor,7,6.0,355.0,149.0,231.0,0.0014879643236652,0.1895495953713703,0.0,Steel,2.38255033557047,0,735.0,/Users/ulukbekrahmanov/Desktop/fusion_subset/21224_18ba4aba/assembly.json,True,Untitled,231,355,149,174,6,6,9.696720691102172,0.1895495953713703,0.00785,0.0014879643236652567,ParametricDesignType,1,0,698
20246_40be7668,complex_assembly,21,432.0,8632.0,3783.0,5784.0,0.009937484811285,1.2659216320108302,0.0,"Steel, Mild",2.281786941580756,0,18199.0,/Users/ulukbekrahmanov/Desktop/fusion_subset/20246_40be7668/assembly.json,True,Untitled,5784,8632,3783,3872,432,432,45.45032168674368,1.2659216320108302,0.007850000000000005,0.009937484811285023,ParametricDesignType,16,0,2585
22837_7644c972,simple_rotor,7,10.0,194.0,120.0,172.0,2.1733906100215385,276.8650458626164,0.0,Steel,1.6166666666666667,0,486.0,/Users/ulukbekrahmanov/Desktop/fusion_subset/22837_7644c972/assembly.json,True,Untitled,172,194,120,241,10,10,382.5022356093635,276.8650458626164,0.00785,2.1733906100215385,ParametricDesignType,0,0,383
22843_ff77027f,simple_rotor,1,4.0,100.0,44.0,72.0,0.3412874366438195,43.47610657883051,0.0,Steel,2.272727272727273,0,216.0,/Users/ulukbekrahmanov/Desktop/fusion_subset/22843_ff77027f/assembly.json,True,Untitled,72,100,44,68,4,4,193.6353960532927,43.47610657883051,0.00785,0.3412874366438195,ParametricDesignType,0,0,393
23244_34b5f55e,simple_rotor,11,11.0,141.0,79.0,109.0,0.4599610390268338,806.5851202607978,0.0,Wood,1.7848101265822784,0,329.0,/Users/ulukbekrahmanov/Desktop/fusion_subset/23244_34b5f55e/assembly.json,True,Untitled,109,141,79,128,11,11,1315.544796855914,806.5851202607978,0.0005702572828000001,0.45996103902683383,ParametricDesignType,1,0,521
21840_6847d36c,symmetric_rotor,2,3.0,927.0,332.0,617.0,0.0130693821794762,1.664889449614813,0.0,Steel,2.7921686746987953,1,1876.0,/Users/ulukbekrahmanov/Desktop/fusion_subset/21840_6847d36c/assembly.json,True,Untitled,617,927,332,358,3,3,26.842272979110643,1.664889449614813,0.00785,0.01306938217947628,ParametricDesignType,0,0,500
21282_b2d83538,medium_rotor,2,53.0,608.0,266.0,425.0,15616.403797247984,1989350.802197195,0.0,Steel,2.2857142857142856,0,1299.0,/Users/ulukbekrahmanov/Desktop/fusion_subset/21282_b2d83538/assembly.json,True,Untitled,425,608,266,271,53,53,368544.71766513365,1989350.8021971947,0.007850000000000005,15616.403797247985,ParametricDesignType,0,0,238
23176_1bf2a2d5,medium_rotor,16,24.0,707.0,375.0,539.0,2.325734313560973,296.271887077831,0.0,Steel,1.8853333333333333,0,1621.0,/Users/ulukbekrahmanov/Desktop/fusion_subset/23176_1bf2a2d5/assembly.json,True,Untitled,539,707,375,669,24,24,3867.8696429216902,296.271887077831,0.007849999999999998,2.325734313560973,ParametricDesignType,2,0,542
23341_d5ead6d2,simple_rotor,4,6.0,218.0,91.0,142.0,0.0265141678705107,8.664596729635035,0.0,"ABS Plastic, Steel, Stainless Steel",2.3956043956043955,0,451.0,/Users/ulukbekrahmanov/Desktop/fusion_subset/23341_d5ead6d2/assembly.json,True,Untitled,142,218,91,96,6,6,119.33242986812678,8.664596729635035,0.0030600579228143208,0.02651416787051074,ParametricDesignType,0,0,568
21503_34f299ca,medium_rotor,4,15.0,587.0,282.0,359.0,98.4197584684438,12537.548849483288,0.0,Steel,2.081560283687943,0,1228.0,/Users/ulukbekrahmanov/Desktop/fusion_subset/21503_34f299ca/assembly.json,True,Untitled,359,587,282,320,15,15,40005.69823628185,12537.548849483288,0.00785,98.4197584684438,ParametricDesignType,0,0,715
20322_daa5c577,medium_rotor,1,12.0,449.0,214.0,304.0,1.17629308315704e-05,196.04884719284004,0.0,"Steel, Mild, Zinc",2.0981308411214954,0,967.0,/Users/ulukbekrahmanov/Desktop/fusion_subset/20322_daa5c577/assembly.json,True,Untitled,304,449,214,283,12,12,590.8402139702366,196.04884719284004,6e-08,1.17629308315704e-05,ParametricDesignType,1,4,728
21531_79015e13,medium_rotor,1,2.0,950.0,440.0,480.0,2267.687229439624,288877.35406874196,0.0,Steel,2.159090909090909,0,1870.0,/Users/ulukbekrahmanov/Desktop/fusion_subset/21531_79015e13/assembly.json,True,Untitled,480,950,440,440,2,2,114867.90963832964,288877.35406874196,0.007849999999999998,2267.687229439624,ParametricDesignType,4,2,847
22383_e5f707a7,medium_rotor,1,5.0,452.0,205.0,303.0,7.768682069791205,989.6410279988796,0.0,Steel,2.204878048780488,0,960.0,/Users/ulukbekrahmanov/Desktop/fusion_subset/22383_e5f707a7/assembly.json,True,Untitled,303,452,205,251,6,5,1596.1579088339836,989.6410279988796,0.00785,7.768682069791205,ParametricDesignType,2,0,746
20779_fc5a7c3d,medium_rotor,4,6.0,797.0,379.0,506.0,0.1251558221667611,123.0725267036678,0.0,"Steel, High Strength Low Alloy, Generic",2.1029023746701845,0,1682.0,/Users/ulukbekrahmanov/Desktop/fusion_subset/20779_fc5a7c3d/assembly.json,True,Untitled,506,797,379,465,6,6,987.9059340973581,123.07252670366779,0.0010169273802926747,0.12515582216676113,ParametricDesignType,1,0,569
20910_c64b5d1b,simple_rotor,1,2.0,176.0,71.0,109.0,0.0940453923258536,83.2260109078351,0.0,Nylon 6/6,2.4788732394366195,0,356.0,/Users/ulukbekrahmanov/Desktop/fusion_subset/20910_c64b5d1b/assembly.json,True,Untitled,109,176,71,71,2,2,190.0363463120562,83.2260109078351,0.00113,0.09404539232585367,ParametricDesignType,2,0,568
21453_679a343c,simple_rotor,1,1.0,169.0,79.0,92.0,17343.211697863764,2209326.3309380594,0.0,Steel,2.1392405063291138,0,340.0,/Users/ulukbekrahmanov/Desktop/fusion_subset/21453_679a343c/assembly.json,True,Untitled,92,169,79,79,1,1,141360.56536480572,2209326.3309380594,0.00785,17343.211697863764,ParametricDesignType,18,3,1577
23158_c7e753c2,simple_rotor,2,18.0,197.0,100.0,135.0,37.289374570749445,3613.16248528919,0.0,"Bronze, Water, Steel",1.97,0,432.0,/Users/ulukbekrahmanov/Desktop/fusion_subset/23158_c7e753c2/assembly.json,True,Untitled,135,197,100,109,18,18,3904.742351407005,3613.16248528919,0.010320425589098544,37.289374570749445,ParametricDesignType,0,0,375
21856_f84d9348,medium_rotor,1,24.0,550.0,236.0,341.0,56959.89565137063,7256037.662594989,0.0,Steel,2.330508474576271,0,1127.0,/Users/ulukbekrahmanov/Desktop/fusion_subset/21856_f84d9348/assembly.json,True,Untitled,341,550,236,235,24,24,1951960.7517082398,7256037.662594989,0.007849999999999996,56959.89565137063,ParametricDesignType,5,0,821
20469_b6211bfd,simple_rotor,1,5.0,9.0,5.0,8.0,2.879633799315485,366.8323311229918,0.0,"Steel, Mild",1.8,0,22.0,/Users/ulukbekrahmanov/Desktop/fusion_subset/20469_b6211bfd/assembly.json,True,Untitled,8,9,5,5,5,5,516.5240022964532,366.8323311229918,0.00785,2.879633799315485,ParametricDesignType,1,0,197
22126_e1cca10f,medium_rotor,20,19.0,510.0,263.0,379.0,19.96648886160833,2572.3835744120656,0.0,"Steel, Mild, Steel, Rubber, Natural",1.9391634980988592,0,1152.0,/Users/ulukbekrahmanov/Desktop/fusion_subset/22126_e1cca10f/assembly.json,True,Untitled,379,510,263,389,19,19,3023.5702984162895,2572.3835744120656,0.007761862989726093,19.96648886160833,ParametricDesignType,0,0,424
20908_10574fbf,simple_rotor,1,7.0,162.0,85.0,92.0,0.3891402630035323,49.57200802592769,0.0,Steel,1.9058823529411764,0,339.0,/Users/ulukbekrahmanov/Desktop/fusion_subset/20908_10574fbf/assembly.json,True,Untitled,92,162,85,94,7,7,379.53035941293047,49.57200802592769,0.00785,0.3891402630035323,ParametricDesignType,4,0,689
23096_7da0f913,simple_rotor,1,1.0,218.0,92.0,142.0,8.512132022828231,3152.641489936382,0.0,Aluminum,2.369565217391304,0,452.0,/Users/ulukbekrahmanov/Desktop/fusion_subset/23096_7da0f913/assembly.json,True,Untitled,142,218,92,124,1,1,4097.419302292752,3152.641489936382,0.0026999999999999997,8.512132022828231,ParametricDesignType,1,0,772
22072_5163223a,medium_rotor,6,9.0,306.0,140.0,191.0,184.9627027745513,23562.12774198106,0.0,Steel,2.1857142857142855,0,637.0,/Users/ulukbekrahmanov/Desktop/fusion_subset/22072_5163223a/assembly.json,True,Untitled,191,306,140,159,9,9,19931.220505539117,23562.12774198106,0.00785,184.9627027745513,ParametricDesignType,1,0,731
23120_f7c9092f,medium_rotor,1,91.0,963.0,525.0,675.0,42.49379169236838,5413.221871639291,0.0,Steel,1.8342857142857143,0,2163.0,/Users/ulukbekrahmanov/Desktop/fusion_subset/23120_f7c9092f/assembly.json,True,Untitled,675,963,525,606,91,91,5599.167007557776,5413.221871639291,0.00784999999999999,42.49379169236838,ParametricDesignType,0,0,542
23438_b1ef78f4,symmetric_rotor,1,7.0,270.0,104.0,178.0,13.62743548358064,1735.9790424943496,0.0,Steel,2.5961538461538463,1,552.0,/Users/ulukbekrahmanov/Desktop/fusion_subset/23438_b1ef78f4/assembly.json,True,Untitled,178,270,104,126,7,7,4708.980926788529,1735.9790424943496,0.007849999999999998,13.62743548358064,ParametricDesignType,1,0,456
22678_ff42f120,symmetric_rotor,3,8.0,561.0,221.0,382.0,1403.5657672387342,178798.18690939294,0.0,Steel,2.5384615384615383,1,1164.0,/Users/ulukbekrahmanov/Desktop/fusion_subset/22678_ff42f120/assembly.json,True,Untitled,382,561,221,278,12,8,97959.43913616652,178798.18690939294,0.007849999999999998,1403.5657672387342,ParametricDesignType,0,0,627
23194_b675acc0,simple_rotor,8,11.0,141.0,98.0,117.0,0.4741875924709937,55.852484389987474,0.0,Brass,1.4387755102040816,0,356.0,/Users/ulukbekrahmanov/Desktop/fusion_subset/23194_b675acc0/assembly.json,True,Untitled,117,141,98,172,11,11,946.2390209199941,55.852484389987474,0.008490000000000001,0.4741875924709937,ParametricDesignType,1,0,807
20406_dacb0300,simple_rotor,1,10.0,101.0,64.0,80.0,3.953871564391818,503.67790629195144,0.0,"Steel, Mild",1.578125,0,245.0,/Users/ulukbekrahmanov/Desktop/fusion_subset/20406_dacb0300/assembly.json,True,Untitled,80,101,64,101,10,10,1965.962332467361,503.67790629195144,0.00785,3.953871564391818,ParametricDesignType,1,0,456
22228_1c82530b,medium_rotor,26,35.0,806.0,389.0,587.0,0.0009834500302272,0.1252802586276696,0.0,Steel,2.0719794344473006,0,1782.0,/Users/ulukbekrahmanov/Desktop/fusion_subset/22228_1c82530b/assembly.json,True,Untitled,587,806,389,588,35,35,18.24162093035112,0.12528025862766962,0.00785,0.0009834500302272065,ParametricDesignType,1,0,885
23199_75dc1efd,simple_rotor,1,2.0,54.0,22.0,36.0,58.37687613611552,7436.544730715354,0.0,Steel,2.4545454545454546,0,112.0,/Users/ulukbekrahmanov/Desktop/fusion_subset/23199_75dc1efd/assembly.json,True,Untitled,36,54,22,22,2,2,3788.6985402495916,7436.544730715354,0.00785,58.37687613611552,ParametricDesignType,0,0,380
23310_7daded69,high_complexity_rotor,9,55.0,7242.0,2683.0,4816.0,23.568789761971143,3002.3936002510914,0.0,Steel,2.699217294073798,1,14741.0,/Users/ulukbekrahmanov/Desktop/fusion_subset/23310_7daded69/assembly.json,True,Untitled,4816,7242,2683,3318,55,55,4459.722303060762,3002.3936002510914,0.007850000000000025,23.568789761971143,ParametricDesignType,2,0,679
21923_41fa6eda,medium_rotor,20,21.0,722.0,354.0,487.0,20.663574004765326,2856.025399340688,0.0,"Steel, Iron, Cast",2.0395480225988702,0,1563.0,/Users/ulukbekrahmanov/Desktop/fusion_subset/21923_41fa6eda/assembly.json,True,Untitled,487,722,354,475,21,21,3986.5126295560067,2856.025399340688,0.007235080615717039,20.663574004765326,ParametricDesignType,1,1,1475
20788_d25efea2,medium_rotor,1,10.0,724.0,351.0,487.0,2.211008997498031,281.6571971335071,0.0,Steel,2.0626780626780628,0,1562.0,/Users/ulukbekrahmanov/Desktop/fusion_subset/20788_d25efea2/assembly.json,True,Untitled,487,724,351,482,10,10,2049.8204159942534,281.6571971335071,0.007850000000000001,2.211008997498031,ParametricDesignType,1,0,1014
20340_86125547,simple_rotor,3,2.0,46.0,22.0,32.0,0.1305597569067889,123.1695819875367,0.0,ABS Plastic,2.090909090909091,0,100.0,/Users/ulukbekrahmanov/Desktop/fusion_subset/20340_86125547/assembly.json,True,Untitled,32,46,22,26,2,2,184.90382373819367,123.1695819875367,0.00106,0.1305597569067889,ParametricDesignType,1,0,511
21958_e48ddf4e,symmetric_rotor,1,12.0,927.0,356.0,618.0,9.038118819432786,1151.3527158513102,0.0,Steel,2.603932584269663,1,1901.0,/Users/ulukbekrahmanov/Desktop/fusion_subset/21958_e48ddf4e/assembly.json,True,Untitled,618,927,356,379,12,12,4685.1035048571675,1151.3527158513102,0.007850000000000001,9.038118819432786,ParametricDesignType,0,0,384
16550_e88d6986,simple_rotor,1,2.0,61.0,27.0,40.0,0.0081359626797594,1.0364283668483407,0.0,Steel,2.259259259259259,0,128.0,/Users/ulukbekrahmanov/Desktop/fusion_subset/16550_e88d6986/assembly.json,True,Untitled,40,61,27,31,2,2,11.648171939345907,1.0364283668483407,0.00785,0.008135962679759474,ParametricDesignType,0,0,734
21358_a69a36f3,medium_rotor,1,19.0,386.0,182.0,246.0,2.071790136310731,263.922310358055,0.0,Steel,2.120879120879121,0,814.0,/Users/ulukbekrahmanov/Desktop/fusion_subset/21358_a69a36f3/assembly.json,True,Untitled,246,386,182,201,19,19,830.3420674745516,263.922310358055,0.00785,2.071790136310731,ParametricDesignType,4,2,553
20701_6dcbc975,high_complexity_rotor,17,28.0,2106.0,849.0,1562.0,3.9545573742601583,503.7652706063895,0.0,Steel,2.480565371024735,0,4517.0,/Users/ulukbekrahmanov/Desktop/fusion_subset/20701_6dcbc975/assembly.json,True,Untitled,1562,2106,849,1616,28,28,3144.0192485835796,503.76527060638955,0.007850000000000001,3.9545573742601587,ParametricDesignType,3,0,1251
21924_bbd9f7a9,high_complexity_rotor,4,91.0,4718.0,1854.0,3146.0,27.417200861796267,3492.6370524581216,0.0,Steel,2.5447680690399137,1,9718.0,/Users/ulukbekrahmanov/Desktop/fusion_subset/21924_bbd9f7a9/assembly.json,True,Untitled,3146,4718,1854,2026,91,91,10448.444787444327,3492.6370524581216,0.007850000000000003,27.417200861796267,ParametricDesignType,0,0,1027
20451_84d8b290,simple_rotor,1,2.0,72.0,22.0,56.0,306.46293275866526,39039.86404568985,0.0,"Steel, Mild",3.272727272727273,1,150.0,/Users/ulukbekrahmanov/Desktop/fusion_subset/20451_84d8b290/assembly.json,True,Untitled,56,72,22,24,2,2,98259.90046972514,39039.86404568985,0.007849999999999998,306.46293275866526,ParametricDesignType,0,0,495
22085_e039a7d3,medium_rotor,47,23.0,1218.0,624.0,845.0,7.497882304353051,955.1442425927454,0.0,Steel,1.9519230769230769,0,2687.0,/Users/ulukbekrahmanov/Desktop/fusion_subset/22085_e039a7d3/assembly.json,True,Untitled,845,1218,624,873,23,23,4113.115447934539,955.1442425927454,0.00785,7.497882304353051,ParametricDesignType,0,0,329
22983_0ab3faaf,symmetric_rotor,1,3.0,530.0,206.0,335.0,0.0047895548319525,0.6101343734971346,0.0,Steel,2.5728155339805827,1,1071.0,/Users/ulukbekrahmanov/Desktop/fusion_subset/22983_0ab3faaf/assembly.json,True,Untitled,335,530,206,211,3,3,6.107756168346335,0.6101343734971346,0.00785,0.004789554831952507,ParametricDesignType,38,9,2293
20947_115d4058,simple_rotor,1,3.0,53.0,26.0,35.0,0.0316895299696373,31.6895299696373,0.0,Generic,2.0384615384615383,0,114.0,/Users/ulukbekrahmanov/Desktop/fusion_subset/20947_115d4058/assembly.json,True,Untitled,35,53,26,28,3,3,99.51443983161977,31.6895299696373,0.001,0.0316895299696373,ParametricDesignType,2,0,865
23045_a8c4e4bc,medium_rotor,1,49.0,901.0,423.0,616.0,1.3191971007024272,168.05058607674263,0.0,Steel,2.1300236406619386,0,1940.0,/Users/ulukbekrahmanov/Desktop/fusion_subset/23045_a8c4e4bc/assembly.json,True,Untitled,616,901,423,501,49,49,840.2249732975561,168.05058607674263,0.007849999999999985,1.3191971007024272,ParametricDesignType,0,0,467
20259_de1ab632,simple_rotor,4,3.0,42.0,25.0,30.0,1.631889625565453,207.8840287344526,0.0,"Steel, Mild",1.68,0,97.0,/Users/ulukbekrahmanov/Desktop/fusion_subset/20259_de1ab632/assembly.json,True,Untitled,30,42,25,36,3,3,491.1892846266975,207.8840287344526,0.00785,1.631889625565453,ParametricDesignType,1,0,1103
22367_b4a67e61,simple_rotor,1,3.0,143.0,56.0,99.0,1.2747389422984,162.38712640743952,0.0,Steel,2.5535714285714284,1,298.0,/Users/ulukbekrahmanov/Desktop/fusion_subset/22367_b4a67e61/assembly.json,True,Untitled,99,143,56,88,3,3,1016.4458416208973,162.38712640743952,0.00785,1.2747389422984001,ParametricDesignType,0,0,442
20849_9821b6fe,medium_rotor,1,10.0,317.0,153.0,169.0,0.0449145322134188,5.7215964603081275,0.0,Steel,2.0718954248366015,0,639.0,/Users/ulukbekrahmanov/Desktop/fusion_subset/20849_9821b6fe/assembly.json,True,Untitled,169,317,153,154,10,10,263.95578157178517,5.7215964603081275,0.007850000000000001,0.044914532213418804,ParametricDesignType,20,4,2202
22469_9d87f800,medium_rotor,1,4.0,889.0,388.0,485.0,255.93420808466817,32603.083832441807,0.0,Steel,2.2912371134020617,0,1762.0,/Users/ulukbekrahmanov/Desktop/fusion_subset/22469_9d87f800/assembly.json,True,Untitled,485,889,388,408,4,4,11033.053456230811,32603.083832441807,0.00785,255.93420808466814,ParametricDesignType,1,0,760
23435_e1c96b4d,simple_rotor,1,10.0,205.0,114.0,144.0,0.1351878917924467,17.221387489483657,0.0,Steel,1.7982456140350878,0,463.0,/Users/ulukbekrahmanov/Desktop/fusion_subset/23435_e1c96b4d/assembly.json,True,Untitled,144,205,114,147,10,10,159.10606096414102,17.221387489483657,0.00785,0.1351878917924467,ParametricDesignType,1,0,393
23043_c0827516,medium_rotor,1,14.0,900.0,372.0,616.0,5.223887135945625,694.6347337013975,0.0,"Steel, Stainless Steel, Wood",2.4193548387096775,0,1888.0,/Users/ulukbekrahmanov/Desktop/fusion_subset/23043_c0827516/assembly.json,True,Untitled,616,900,372,439,14,14,1502.2942616310388,694.6347337013975,0.007520336779172946,5.223887135945625,ParametricDesignType,0,0,395
23154_7c74d190,high_complexity_rotor,1,99.0,3762.0,1476.0,2530.0,11.280578094283443,1437.0163177431136,0.0,Steel,2.548780487804878,1,7768.0,/Users/ulukbekrahmanov/Desktop/fusion_subset/23154_7c74d190/assembly.json,True,Untitled,2530,3762,1476,1566,99,99,1747.9079609197129,1437.0163177431136,0.007850000000000003,11.280578094283445,ParametricDesignType,0,0,323
20387_0d507234,medium_rotor,1,3.0,624.0,258.0,374.0,1112.8687173366018,141766.7155842805,0.0,"Steel, Mild",2.4186046511627906,0,1256.0,/Users/ulukbekrahmanov/Desktop/fusion_subset/20387_0d507234/assembly.json,True,Untitled,374,624,258,260,3,3,29858.342633949913,141766.7155842805,0.00785,1112.8687173366018,ParametricDesignType,0,0,671
22862_f5406bb0,simple_rotor,2,4.0,24.0,18.0,18.0,2.259139533053596,287.7884755482288,0.0,Steel,1.3333333333333333,0,60.0,/Users/ulukbekrahmanov/Desktop/fusion_subset/22862_f5406bb0/assembly.json,True,Untitled,18,24,18,22,4,4,1481.5157825778242,287.7884755482288,0.00785,2.259139533053596,ParametricDesignType,0,0,330
22890_4ecfa491,high_complexity_rotor,1,16.0,2193.0,916.0,1334.0,15.839155286966143,2017.726788148554,0.0,Steel,2.3941048034934496,0,4443.0,/Users/ulukbekrahmanov/Desktop/fusion_subset/22890_4ecfa491/assembly.json,True,Untitled,1334,2193,916,941,16,16,6915.278816546558,2017.7267881485539,0.007849999999999998,15.839155286966143,ParametricDesignType,0,0,414
21625_d5d4c9a7,medium_rotor,6,5.0,267.0,113.0,178.0,0.2674140717359023,34.06548684533787,0.0,Steel,2.3628318584070795,0,558.0,/Users/ulukbekrahmanov/Desktop/fusion_subset/21625_d5d4c9a7/assembly.json,True,Untitled,178,267,113,143,5,5,240.01588022166584,34.06548684533787,0.007850000000000001,0.2674140717359023,ParametricDesignType,0,0,854
22216_4b032400,symmetric_rotor,1,1.0,905.0,316.0,620.0,0.138646768443695,17.662008718942044,0.0,Steel,2.8639240506329116,1,1841.0,/Users/ulukbekrahmanov/Desktop/fusion_subset/22216_4b032400/assembly.json,True,Untitled,620,905,316,359,1,1,120.33027710879041,17.662008718942044,0.00785,0.13864676844369503,ParametricDesignType,3,0,515
21564_fa5b2db7,simple_rotor,4,3.0,141.0,54.0,94.0,0.0370864978156981,4.724394626203581,0.0,Steel,2.611111111111111,1,289.0,/Users/ulukbekrahmanov/Desktop/fusion_subset/21564_fa5b2db7/assembly.json,True,Untitled,94,141,54,59,3,3,40.655870488106096,4.724394626203581,0.00785,0.0370864978156981,ParametricDesignType,0,0,412
21918_976c2754,high_complexity_rotor,16,15.0,1817.0,745.0,1182.0,1.5766963466205366,200.8530377860557,0.0,Steel,2.438926174496644,0,3744.0,/Users/ulukbekrahmanov/Desktop/fusion_subset/21918_976c2754/assembly.json,True,Untitled,1182,1817,745,873,15,15,2136.6001060387152,200.85303778605567,0.007849999999999998,1.5766963466205366,ParametricDesignType,2,0,613
21615_f2ecc6e8,simple_rotor,1,2.0,86.0,52.0,63.0,0.5124184559887933,235.0543376095382,0.0,"Steel, Glass, Cast, Clear",1.6538461538461535,0,201.0,/Users/ulukbekrahmanov/Desktop/fusion_subset/21615_f2ecc6e8/assembly.json,True,Untitled,63,86,52,78,2,2,799.0810243789498,235.0543376095382,0.00218,0.5124184559887933,ParametricDesignType,0,0,148
23164_659c91ef,simple_rotor,1,7.0,130.0,59.0,86.0,12.157145114352886,1548.6809062869918,0.0,Steel,2.2033898305084745,0,275.0,/Users/ulukbekrahmanov/Desktop/fusion_subset/23164_659c91ef/assembly.json,True,Untitled,86,130,59,60,7,7,3249.1076041700044,1548.6809062869918,0.007850000000000001,12.157145114352886,ParametricDesignType,0,0,220
21271_ec7f62b8,symmetric_rotor,1,7.0,611.0,234.0,422.0,0.6054031326586207,77.1214181730727,0.0,Steel,2.611111111111111,1,1267.0,/Users/ulukbekrahmanov/Desktop/fusion_subset/21271_ec7f62b8/assembly.json,True,Untitled,422,611,234,279,7,7,607.7010094365825,77.1214181730727,0.00785,0.6054031326586207,ParametricDesignType,4,0,928
22746_920025a0,simple_rotor,1,7.0,81.0,45.0,56.0,0.3699600401727319,117.6460546012937,0.0,"Steel, Glass, Cast, Clear",1.8,0,182.0,/Users/ulukbekrahmanov/Desktop/fusion_subset/22746_920025a0/assembly.json,True,Untitled,56,81,45,74,7,7,1722.3268532734692,117.6460546012937,0.0031446871841689763,0.36996004017273193,ParametricDesignType,2,0,793
20429_9dd95c38,simple_rotor,1,1.0,66.0,26.0,42.0,0.64561738298514,82.24425260957199,0.0,"Steel, Mild",2.5384615384615383,1,134.0,/Users/ulukbekrahmanov/Desktop/fusion_subset/20429_9dd95c38/assembly.json,True,Untitled,42,66,26,26,1,1,203.84628847303233,82.24425260957199,0.00785,0.64561738298514,ParametricDesignType,2,2,968
20806_ca60b7ae,simple_rotor,1,1.0,100.0,29.0,76.0,1.30093869783891,165.72467488393758,0.0,Steel,3.4482758620689653,1,205.0,/Users/ulukbekrahmanov/Desktop/fusion_subset/20806_ca60b7ae/assembly.json,True,Untitled,76,100,29,36,1,1,1110.7244763117624,165.72467488393758,0.00785,1.30093869783891,ParametricDesignType,0,0,165
23178_eb4b4280,symmetric_rotor,1,6.0,312.0,116.0,208.0,39.38452857520811,5017.137398115683,0.0,Steel,2.689655172413793,1,636.0,/Users/ulukbekrahmanov/Desktop/fusion_subset/23178_eb4b4280/assembly.json,True,Untitled,208,312,116,150,6,6,6817.684666421703,5017.137398115683,0.00785,39.38452857520811,ParametricDesignType,2,0,627
21478_8fbd4409,symmetric_rotor,3,2.0,509.0,184.0,339.0,0.1077761533637211,13.729446288372127,0.0,"Steel, ABS Plastic",2.766304347826087,1,1032.0,/Users/ulukbekrahmanov/Desktop/fusion_subset/21478_8fbd4409/assembly.json,True,Untitled,339,509,184,202,2,2,71.87994427089605,13.729446288372127,0.007849999999999998,0.10777615336372118,ParametricDesignType,0,0,520
23511_8651ac1f,high_complexity_rotor,14,246.0,14676.0,5688.0,9524.0,681.9321187840326,86870.33360306147,0.0,Steel,2.580168776371308,1,29888.0,/Users/ulukbekrahmanov/Desktop/fusion_subset/23511_8651ac1f/assembly.json,True,Untitled,9524,14676,5688,5842,246,246,54804.564449275684,86870.33360306147,0.00785,681.9321187840326,ParametricDesignType,0,0,508
22372_e91792a1,medium_rotor,3,12.0,434.0,249.0,326.0,24.42969950095955,16718.876492690444,0.0,"Steel, Wood",1.7429718875502007,0,1009.0,/Users/ulukbekrahmanov/Desktop/fusion_subset/22372_e91792a1/assembly.json,True,Untitled,326,434,249,474,12,12,11870.228401163575,16718.876492690444,0.001461204615731225,24.42969950095955,ParametricDesignType,0,1,437
21634_e5e20375,simple_rotor,1,2.0,221.0,101.0,149.0,0.060115105477279,22.264853880473716,0.0,Aluminum 6061,2.1881188118811883,0,471.0,/Users/ulukbekrahmanov/Desktop/fusion_subset/21634_e5e20375/assembly.json,True,Untitled,149,221,101,134,2,2,207.2520503989079,22.264853880473716,0.0026999999999999997,0.060115105477279024,ParametricDesignType,0,0,502
22430_c6f08b03,complex_assembly,74,130.0,3767.0,1983.0,2859.0,0.8024176702970617,102.21881150281035,0.0,Steel,1.8996469994957137,0,8609.0,/Users/ulukbekrahmanov/Desktop/fusion_subset/22430_c6f08b03/assembly.json,True,Untitled,2859,3767,1983,3391,130,130,1091.4730104610705,102.21881150281035,0.007850000000000005,0.8024176702970617,ParametricDesignType,3,0,1046
22461_0ba0e480,medium_rotor,14,13.0,415.0,215.0,303.0,0.8225036617822657,105.60206444528302,0.0,"Steel, Brass, Stainless Steel",1.930232558139535,0,933.0,/Users/ulukbekrahmanov/Desktop/fusion_subset/22461_0ba0e480/assembly.json,True,Untitled,303,415,215,321,13,13,613.3216633188014,105.60206444528302,0.007788708166860131,0.8225036617822657,ParametricDesignType,0,0,358
23305_2662b29a,medium_rotor,17,50.0,797.0,371.0,535.0,79362.13170108703,10109825.694405992,0.0,Steel,2.1482479784366575,0,1703.0,/Users/ulukbekrahmanov/Desktop/fusion_subset/23305_2662b29a/assembly.json,True,Untitled,535,797,371,379,50,50,1563806.0591444366,10109825.694405992,0.00785,79362.13170108703,ParametricDesignType,2,0,1455
23163_7b143a6f,simple_rotor,1,2.0,70.0,28.0,50.0,0.0335839025703936,4.2782041490947265,0.0,Steel,2.5,0,148.0,/Users/ulukbekrahmanov/Desktop/fusion_subset/23163_7b143a6f/assembly.json,True,Untitled,50,70,28,40,2,2,40.06469856530819,4.2782041490947265,0.00785,0.0335839025703936,ParametricDesignType,0,0,206
20970_d20c6c35,symmetric_rotor,8,8.0,309.0,119.0,206.0,8.539488825144073,14974.80019044048,0.0,Wood,2.596638655462185,1,634.0,/Users/ulukbekrahmanov/Desktop/fusion_subset/20970_d20c6c35/assembly.json,True,Untitled,206,309,119,127,8,8,22417.190429098006,14974.800190440481,0.0005702572800000001,8.539488825144073,ParametricDesignType,3,0,723
23218_02d26ab4,simple_rotor,10,11.0,122.0,76.0,97.0,0.2207376964411437,387.0843969888599,0.0,Wood,1.605263157894737,0,295.0,/Users/ulukbekrahmanov/Desktop/fusion_subset/23218_02d26ab4/assembly.json,True,Untitled,97,122,76,125,11,11,702.1245710031861,387.0843969888599,0.0005702572827999999,0.22073769644114372,ParametricDesignType,1,0,897
22987_37973191,medium_rotor,6,31.0,504.0,271.0,361.0,42.2230916269009,5378.737786866353,0.0,Steel,1.8597785977859775,0,1136.0,/Users/ulukbekrahmanov/Desktop/fusion_subset/22987_37973191/assembly.json,True,Untitled,361,504,271,346,31,31,6052.945861317859,5378.737786866353,0.007850000000000005,42.2230916269009,ParametricDesignType,3,0,690
22147_12995368,simple_rotor,1,2.0,149.0,38.0,111.0,4.2384870945299875,539.9346617235653,0.0,Steel,3.9210526315789473,1,298.0,/Users/ulukbekrahmanov/Desktop/fusion_subset/22147_12995368/assembly.json,True,Untitled,111,149,38,46,2,2,814.9179527830099,539.9346617235653,0.00785,4.2384870945299875,ParametricDesignType,0,0,494
21552_4e9c19b1,medium_rotor,14,29.0,955.0,408.0,583.0,237.2687931127361,30225.32396340589,0.0,Steel,2.340686274509804,0,1946.0,/Users/ulukbekrahmanov/Desktop/fusion_subset/21552_4e9c19b1/assembly.json,True,Untitled,583,955,408,426,29,29,13797.994734916312,30225.32396340589,0.007849999999999994,237.26879311273606,ParametricDesignType,4,4,1285
21582_a3d32115,complex_assembly,57,79.0,4529.0,2492.0,2877.0,3.575310451849312,455.45356074513626,0.0,Steel,1.8174157303370784,0,9898.0,/Users/ulukbekrahmanov/Desktop/fusion_subset/21582_a3d32115/assembly.json,True,Untitled,2877,4529,2492,3348,79,79,3377.8705438392008,455.45356074513626,0.007849999999999984,3.575310451849312,ParametricDesignType,8,4,722
21911_429c1a72,simple_rotor,4,2.0,8.0,7.0,8.0,0.0014151710910341,1.132136872827327,0.0,"Steel, Rubber, Silicone",1.1428571428571428,0,23.0,/Users/ulukbekrahmanov/Desktop/fusion_subset/21911_429c1a72/assembly.json,True,Untitled,8,8,7,13,3,2,79.96192542574238,1.132136872827327,0.00125,0.0014151710910341587,ParametricDesignType,0,0,396
20657_913a7675,medium_rotor,1,52.0,636.0,316.0,424.0,211.70465939441468,482729.96744136093,0.0,"Steel, Mild, Wood",2.0126582278481013,0,1376.0,/Users/ulukbekrahmanov/Desktop/fusion_subset/20657_913a7675/assembly.json,True,Untitled,424,636,316,316,52,52,265306.15876348637,482729.96744136093,0.00043855710992322277,211.70465939441468,ParametricDesignType,0,0,561
21926_b4c7068b,high_complexity_rotor,1,203.0,13488.0,5789.0,8806.0,5.06033403627144,644.628539652412,0.0,Steel,2.3299360856797375,0,28083.0,/Users/ulukbekrahmanov/Desktop/fusion_subset/21926_b4c7068b/assembly.json,True,Untitled,8806,13488,5789,6828,203,203,3768.472596017354,644.628539652412,0.00785000000000001,5.06033403627144,ParametricDesignType,5,4,798
22732_cd2af0ac,simple_rotor,1,7.0,90.0,44.0,60.0,260.1688863158098,117871.43937622584,0.0,"Aluminum, Glass, Cast, Clear",2.0454545454545454,0,194.0,/Users/ulukbekrahmanov/Desktop/fusion_subset/22732_cd2af0ac/assembly.json,True,Untitled,60,90,44,44,7,7,415601.20857342315,117871.43937622583,0.0022072258359838504,260.1688863158098,ParametricDesignType,0,0,360
21049_f644930a,medium_rotor,1,15.0,396.0,236.0,328.0,42.58819666407997,4675.476315144717,0.0,"Steel, Palladium, Brass",1.6779661016949152,0,960.0,/Users/ulukbekrahmanov/Desktop/fusion_subset/21049_f644930a/assembly.json,True,Untitled,328,396,236,470,15,15,13620.705653193716,4675.476315144717,0.009108846627268557,42.58819666407997,ParametricDesignType,0,0,424
22345_bc482c26,medium_rotor,1,7.0,311.0,138.0,185.0,882.2612416067506,112389.9670836625,0.0,Steel,2.253623188405797,0,634.0,/Users/ulukbekrahmanov/Desktop/fusion_subset/22345_bc482c26/assembly.json,True,Untitled,185,311,138,138,7,7,47029.27071190184,112389.9670836625,0.00785,882.2612416067506,ParametricDesignType,0,0,505
21697_06656699,high_complexity_rotor,14,16.0,1951.0,731.0,1332.0,1.2236537534673515,155.87945904042698,0.0,Steel,2.6689466484268127,1,4014.0,/Users/ulukbekrahmanov/Desktop/fusion_subset/21697_06656699/assembly.json,True,Untitled,1332,1951,731,887,17,16,1364.9436719387663,155.87945904042698,0.007849999999999998,1.2236537534673515,ParametricDesignType,7,0,886
20412_42170125,simple_rotor,1,1.0,138.0,64.0,76.0,0.2951672734354376,37.600926552285046,0.0,"Steel, Mild, Glass",2.15625,0,278.0,/Users/ulukbekrahmanov/Desktop/fusion_subset/20412_42170125/assembly.json,True,Untitled,76,138,64,64,1,1,133.7724884150352,37.600926552285046,0.00785,0.2951672734354376,ParametricDesignType,3,0,578
21845_dff8b3a1,high_complexity_rotor,2,7.0,1856.0,683.0,1237.0,0.0149375122534739,1.9028678029903137,0.0,Steel,2.717423133235725,1,3776.0,/Users/ulukbekrahmanov/Desktop/fusion_subset/21845_dff8b3a1/assembly.json,True,Untitled,1237,1856,683,739,7,7,26.745080259352573,1.9028678029903137,0.00785,0.014937512253473962,ParametricDesignType,0,0,433
23083_fdb942ac,high_complexity_rotor,1,65.0,1552.0,696.0,1092.0,21.7971074168396,2776.70158176301,0.0,Steel,2.2298850574712645,0,3340.0,/Users/ulukbekrahmanov/Desktop/fusion_subset/23083_fdb942ac/assembly.json,True,Untitled,1092,1552,696,890,65,65,5207.039703555105,2776.70158176301,0.00784999999999999,21.7971074168396,ParametricDesignType,0,0,231
22050_e8702dd4,symmetric_rotor,5,5.0,300.0,110.0,200.0,16.15868179027057,23083.83112895796,0.0,Bamboo,2.727272727272727,1,610.0,/Users/ulukbekrahmanov/Desktop/fusion_subset/22050_e8702dd4/assembly.json,True,Untitled,200,300,110,110,5,5,16171.140032025745,23083.831128957958,0.0007,16.15868179027057,ParametricDesignType,2,0,385
21495_ebbbd369,simple_rotor,1,3.0,58.0,29.0,42.0,0.0573951994571901,7.31149037671212,0.0,Steel,2.0,0,129.0,/Users/ulukbekrahmanov/Desktop/fusion_subset/21495_ebbbd369/assembly.json,True,Untitled,42,58,29,44,3,3,103.14252903005824,7.31149037671212,0.00785,0.05739519945719014,ParametricDesignType,20,2,5994
22140_9cda24cc,simple_rotor,1,1.0,155.0,53.0,106.0,0.3892547601551495,49.58659365033753,0.0,Steel,2.9245283018867925,1,314.0,/Users/ulukbekrahmanov/Desktop/fusion_subset/22140_9cda24cc/assembly.json,True,Untitled,106,155,53,81,1,1,676.758216377296,49.58659365033753,0.00785,0.38925476015514954,ParametricDesignType,0,0,328
23035_6087bb57,medium_rotor,1,20.0,339.0,172.0,244.0,2.039445939182852,259.80203046915307,0.0,Steel,1.9709302325581397,0,755.0,/Users/ulukbekrahmanov/Desktop/fusion_subset/23035_6087bb57/assembly.json,True,Untitled,244,339,172,221,20,20,875.0511571346906,259.80203046915307,0.007850000000000003,2.039445939182852,ParametricDesignType,0,0,572
21836_5bc91e49,symmetric_rotor,16,12.0,1200.0,442.0,799.0,0.0689940749129014,8.78905412903203,0.0,Steel,2.7149321266968327,1,2441.0,/Users/ulukbekrahmanov/Desktop/fusion_subset/21836_5bc91e49/assembly.json,True,Untitled,799,1200,442,474,12,12,55.41183443616172,8.78905412903203,0.007850000000000001,0.06899407491290144,ParametricDesignType,0,0,356
21539_cfe1f7fd,medium_rotor,28,39.0,1188.0,491.0,799.0,60.6906296487324,11842.802573859202,0.0,"Steel, Glass, Cast, Clear",2.419551934826884,0,2478.0,/Users/ulukbekrahmanov/Desktop/fusion_subset/21539_cfe1f7fd/assembly.json,True,Untitled,799,1188,491,529,39,39,28466.332674221798,11842.802573859202,0.00512468474165868,60.6906296487324,ParametricDesignType,1,0,1051
21626_b34008e6,medium_rotor,13,16.0,555.0,338.0,449.0,1.0553416585628623,217.5266593869407,0.0,"Wood, Stainless Steel, Brass",1.642011834319527,0,1342.0,/Users/ulukbekrahmanov/Desktop/fusion_subset/21626_b34008e6/assembly.json,True,Untitled,449,555,338,608,16,16,818.8602860855835,217.5266593869407,0.004851550892829185,1.0553416585628623,ParametricDesignType,5,0,921
21862_ec534e16,simple_rotor,1,3.0,94.0,29.0,69.0,0.220769544467236,28.123508849329436,0.0,Steel,3.2413793103448274,1,192.0,/Users/ulukbekrahmanov/Desktop/fusion_subset/21862_ec534e16/assembly.json,True,Untitled,69,94,29,29,3,3,219.69991863885645,28.123508849329436,0.00785,0.22076954446723607,ParametricDesignType,1,0,698
21451_fea6f0d1,simple_rotor,3,1.0,12.0,7.0,8.0,0.4638719619957329,59.091969680985095,0.0,Steel,1.7142857142857142,0,27.0,/Users/ulukbekrahmanov/Desktop/fusion_subset/21451_fea6f0d1/assembly.json,True,Untitled,8,12,7,8,1,1,104.24353636216814,59.091969680985095,0.00785,0.46387196199573294,ParametricDesignType,4,0,751
20431_27e7f151,medium_rotor,3,25.0,582.0,304.0,401.0,0.2047317299452175,191.96759538602188,0.0,"Rubber, Nitrile, ABS Plastic, Aluminum, Anodized Blue",1.9144736842105263,0,1287.0,/Users/ulukbekrahmanov/Desktop/fusion_subset/20431_27e7f151/assembly.json,True,Untitled,401,582,304,383,25,25,756.4306541944308,191.96759538602188,0.001066491089465014,0.2047317299452175,ParametricDesignType,1,1,598
23493_57512264,medium_rotor,16,15.0,1384.0,592.0,863.0,0.2159338290467302,27.507494146080276,0.0,Steel,2.3378378378378377,0,2839.0,/Users/ulukbekrahmanov/Desktop/fusion_subset/23493_57512264/assembly.json,True,Untitled,863,1384,592,683,15,15,659.6116636997508,27.507494146080276,0.007850000000000001,0.2159338290467302,ParametricDesignType,0,0,363
23170_6ea8ded5,symmetric_rotor,1,13.0,588.0,224.0,385.0,0.2302299214288099,29.328652411313357,0.0,Steel,2.625,1,1197.0,/Users/ulukbekrahmanov/Desktop/fusion_subset/23170_6ea8ded5/assembly.json,True,Untitled,385,588,224,229,13,13,251.39692912793666,29.328652411313357,0.007850000000000005,0.23022992142880996,ParametricDesignType,2,0,534
22747_3f6faf4c,simple_rotor,7,9.0,133.0,64.0,91.0,1.199824853725384,152.84393041087694,0.0,Steel,2.078125,0,288.0,/Users/ulukbekrahmanov/Desktop/fusion_subset/22747_3f6faf4c/assembly.json,True,Untitled,91,133,64,74,9,9,1210.141018389244,152.84393041087694,0.00785,1.199824853725384,ParametricDesignType,0,0,287
20925_dc64a33a,medium_rotor,1,1.0,532.0,239.0,325.0,0.0292313545760482,3.723739436439271,0.0,Steel,2.225941422594142,0,1096.0,/Users/ulukbekrahmanov/Desktop/fusion_subset/20925_dc64a33a/assembly.json,True,Untitled,325,532,239,271,1,1,45.416004619828385,3.723739436439271,0.00785,0.029231354576048276,ParametricDesignType,18,6,8721
21603_98a15295,symmetric_rotor,4,3.0,320.0,126.0,215.0,0.1108465450060929,158.35220715156137,0.0,Bamboo,2.5396825396825395,1,661.0,/Users/ulukbekrahmanov/Desktop/fusion_subset/21603_98a15295/assembly.json,True,Untitled,215,320,126,157,3,3,681.3438421748017,158.35220715156137,0.0007,0.11084654500609296,ParametricDesignType,1,0,1318
23417_9a9e9937,medium_rotor,1,7.0,873.0,375.0,486.0,15.403850819944877,1962.2739898018951,0.0,Steel,2.328,0,1734.0,/Users/ulukbekrahmanov/Desktop/fusion_subset/23417_9a9e9937/assembly.json,True,Untitled,486,873,375,377,7,7,3085.3548285693014,1962.2739898018954,0.007849999999999998,15.403850819944875,ParametricDesignType,10,1,749
21797_69df08d5,high_complexity_rotor,19,21.0,4152.0,1432.0,2768.0,0.1929566664784445,182.03459101740057,0.0,ABS Plastic,2.899441340782123,1,8352.0,/Users/ulukbekrahmanov/Desktop/fusion_subset/21797_69df08d5/assembly.json,True,Untitled,2768,4152,1432,1546,21,21,1164.7779043120331,182.03459101740057,0.0010599999999999997,0.19295666647844456,ParametricDesignType,1,0,509
21991_ab98f156,high_complexity_rotor,5,90.0,2982.0,1520.0,1990.0,46.08749934755497,15240.39577829286,0.0,"Acrylic, Clear, Steel, Plastic",1.9618421052631576,0,6492.0,/Users/ulukbekrahmanov/Desktop/fusion_subset/21991_ab98f156/assembly.json,True,Untitled,1990,2982,1520,2006,90,90,30424.19437794057,15240.395778292861,0.003024035597106876,46.08749934755497,ParametricDesignType,0,0,696
23034_b38134ee,medium_rotor,1,25.0,245.0,154.0,191.0,2.0202954312703065,279.003446371105,0.0,"Steel, Aluminum",1.5909090909090908,0,590.0,/Users/ulukbekrahmanov/Desktop/fusion_subset/23034_b38134ee/assembly.json,True,Untitled,191,245,154,234,25,25,1082.454142475389,279.003446371105,0.007241112816158885,2.0202954312703065,ParametricDesignType,0,0,421
21612_e2981dae,simple_rotor,1,2.0,91.0,54.0,64.0,1.7654620252215576,224.89962104733215,0.0,Steel,1.6851851851851851,0,209.0,/Users/ulukbekrahmanov/Desktop/fusion_subset/21612_e2981dae/assembly.json,True,Untitled,64,91,54,78,2,2,810.7139528993765,224.89962104733218,0.00785,1.7654620252215576,ParametricDesignType,7,3,355
21785_d595ced5,simple_rotor,1,2.0,152.0,61.0,96.0,0.0215821478060696,20.360516798178935,0.0,ABS Plastic,2.4918032786885247,0,309.0,/Users/ulukbekrahmanov/Desktop/fusion_subset/21785_d595ced5/assembly.json,True,Untitled,96,152,61,62,2,2,415.7809325625175,20.360516798178935,0.00106,0.021582147806069672,ParametricDesignType,0,0,1126
21175_85118898,simple_rotor,1,6.0,178.0,82.0,110.0,0.4513395206974273,205.13307203549,0.0,"Bamboo, Stainless Steel",2.1707317073170733,0,370.0,/Users/ulukbekrahmanov/Desktop/fusion_subset/21175_85118898/assembly.json,True,Untitled,110,178,82,82,7,6,677.2046740378821,205.13307203549002,0.0022002279604106997,0.45133952069742733,ParametricDesignType,6,1,731
20163_3742f394,medium_rotor,9,21.0,1395.0,652.0,906.0,16.37446123792233,2085.9186290346915,0.0,"Steel, Mild",2.1395705521472395,0,2953.0,/Users/ulukbekrahmanov/Desktop/fusion_subset/20163_3742f394/assembly.json,True,Untitled,906,1395,652,803,21,21,3221.1494453452287,2085.9186290346915,0.007850000000000001,16.37446123792233,ParametricDesignType,5,5,1236
22002_315afcfc,medium_rotor,16,15.0,471.0,239.0,355.0,4.4823602411755195,571.0013046083465,0.0,Steel,1.9707112970711296,0,1065.0,/Users/ulukbekrahmanov/Desktop/fusion_subset/22002_315afcfc/assembly.json,True,Untitled,355,471,239,395,15,15,1139.1948127173503,571.0013046083465,0.00785,4.4823602411755195,ParametricDesignType,1,0,794
22162_439af02a,medium_rotor,1,1.0,349.0,147.0,208.0,0.0004772437039251,0.0607953762962031,0.0,Steel,2.3741496598639458,0,704.0,/Users/ulukbekrahmanov/Desktop/fusion_subset/22162_439af02a/assembly.json,True,Untitled,208,349,147,151,1,1,1.3309980622127073,0.06079537629620311,0.00785,0.00047724370392519436,ParametricDesignType,1,0,629
21656_964b0c84,high_complexity_rotor,12,37.0,5304.0,2168.0,3347.0,3.546196066521344,451.7447218498529,0.0,Steel,2.4464944649446494,0,10819.0,/Users/ulukbekrahmanov/Desktop/fusion_subset/21656_964b0c84/assembly.json,True,Untitled,3347,5304,2168,2396,37,37,2495.2863685661387,451.74472184985285,0.007849999999999998,3.546196066521344,ParametricDesignType,14,7,1215
23369_447545f6,simple_rotor,1,6.0,186.0,98.0,122.0,0.0634522784151072,8.792472659448176,0.0,"Steel, Glass, Cast, Clear",1.8979591836734695,0,406.0,/Users/ulukbekrahmanov/Desktop/fusion_subset/23369_447545f6/assembly.json,True,Untitled,122,186,98,122,6,6,132.8612855885966,8.792472659448176,0.007216659166625094,0.0634522784151072,ParametricDesignType,2,1,419
20141_b9376856,medium_rotor,18,16.0,750.0,324.0,459.0,10.437570808479114,1329.626854583327,0.0,"Steel, Mild",2.314814814814815,0,1533.0,/Users/ulukbekrahmanov/Desktop/fusion_subset/20141_b9376856/assembly.json,True,Untitled,459,750,324,327,16,16,1371.96216050839,1329.626854583327,0.007849999999999998,10.437570808479114,ParametricDesignType,22,11,2241
23103_43bde2a6,simple_rotor,1,2.0,169.0,61.0,114.0,0.071424844996545,9.098706368986631,0.0,Steel,2.7704918032786887,1,344.0,/Users/ulukbekrahmanov/Desktop/fusion_subset/23103_43bde2a6/assembly.json,True,Untitled,114,169,61,67,2,2,45.29004951482729,9.098706368986631,0.00785,0.07142484499654506,ParametricDesignType,0,0,585
21384_b9774b93,simple_rotor,4,4.0,216.0,86.0,156.0,15.279805655181129,1946.4720579848577,0.0,Steel,2.511627906976744,1,458.0,/Users/ulukbekrahmanov/Desktop/fusion_subset/21384_b9774b93/assembly.json,True,Untitled,156,216,86,140,4,4,6553.656553456349,1946.4720579848577,0.007849999999999998,15.279805655181129,ParametricDesignType,4,0,1449
20239_49b65a55,medium_rotor,7,24.0,495.0,215.0,331.0,0.0003239385503491,0.041266057369315,0.0,"Steel, Mild",2.302325581395349,0,1041.0,/Users/ulukbekrahmanov/Desktop/fusion_subset/20239_49b65a55/assembly.json,True,Untitled,331,495,215,218,24,24,1.6962238882299836,0.04126605736931503,0.00785,0.00032393855034912295,ParametricDesignType,5,5,2191
21424_9d516e3a,medium_rotor,2,4.0,319.0,130.0,203.0,5.145553482407197,655.4845200518722,0.0,Steel,2.453846153846154,0,652.0,/Users/ulukbekrahmanov/Desktop/fusion_subset/21424_9d516e3a/assembly.json,True,Untitled,203,319,130,136,4,4,1390.085866541998,655.4845200518722,0.007850000000000001,5.145553482407197,ParametricDesignType,3,1,861
21551_c6c2d516,high_complexity_rotor,4,4.0,2453.0,950.0,1563.0,0.0255225862184424,24.077911526832473,0.0,Plastic,2.582105263157895,1,4966.0,/Users/ulukbekrahmanov/Desktop/fusion_subset/21551_c6c2d516/assembly.json,True,Untitled,1563,2453,950,1008,4,4,235.40669411505235,24.077911526832473,0.0010600000000000002,0.025522586218442424,ParametricDesignType,1,0,512
20940_9777847c,simple_rotor,13,12.0,210.0,97.0,142.0,6.714676393231979,12208.502533149054,0.0,MaterialInv_066,2.1649484536082473,0,449.0,/Users/ulukbekrahmanov/Desktop/fusion_subset/20940_9777847c/assembly.json,True,Untitled,142,210,97,102,12,12,16590.006352518543,12208.502533149054,0.0005499999999999999,6.714676393231979,ParametricDesignType,2,3,1703
23451_14c8d09e,medium_rotor,14,12.0,755.0,350.0,474.0,73.03094107302314,9303.304595289574,0.0,Steel,2.157142857142857,0,1579.0,/Users/ulukbekrahmanov/Desktop/fusion_subset/23451_14c8d09e/assembly.json,True,Untitled,474,755,350,403,12,12,8218.427114999378,9303.304595289574,0.00785,73.03094107302314,ParametricDesignType,1,1,586
21037_62248d34,symmetric_rotor,3,2.0,356.0,117.0,242.0,5.242459626211949,667.8292517467453,0.0,Steel,3.0427350427350426,1,715.0,/Users/ulukbekrahmanov/Desktop/fusion_subset/21037_62248d34/assembly.json,True,Untitled,242,356,117,122,2,2,4467.509371304134,667.8292517467453,0.007849999999999998,5.242459626211949,ParametricDesignType,0,0,473
21817_945cd3c9,medium_rotor,1,21.0,453.0,186.0,309.0,398.4068719376253,50752.46776275482,0.0,Steel,2.435483870967742,0,948.0,/Users/ulukbekrahmanov/Desktop/fusion_subset/21817_945cd3c9/assembly.json,True,Untitled,309,453,186,186,21,21,34132.02338316712,50752.46776275482,0.00785,398.4068719376253,ParametricDesignType,2,0,461
23283_fadf3820,medium_rotor,1,53.0,854.0,492.0,634.0,365.0177073415754,46499.070998926814,0.0,Steel,1.7357723577235773,0,1980.0,/Users/ulukbekrahmanov/Desktop/fusion_subset/23283_fadf3820/assembly.json,True,Untitled,634,854,492,714,53,53,43182.13478113753,46499.070998926814,0.007849999999999998,365.0177073415754,ParametricDesignType,0,0,473
23323_075a079e,medium_rotor,12,11.0,213.0,143.0,168.0,6.433707144390331,1095.9516111569549,0.0,"Steel, Polystyrene",1.4895104895104896,0,524.0,/Users/ulukbekrahmanov/Desktop/fusion_subset/23323_075a079e/assembly.json,True,Untitled,168,213,143,237,11,11,4707.359018860426,1095.9516111569549,0.005870429934035599,6.433707144390331,ParametricDesignType,0,0,392
23172_4ab01e83,medium_rotor,1,11.0,608.0,258.0,393.0,0.0936624288101355,11.93151959364784,0.0,Steel,2.356589147286822,0,1259.0,/Users/ulukbekrahmanov/Desktop/fusion_subset/23172_4ab01e83/assembly.json,True,Untitled,393,608,258,289,11,11,281.68781858554286,11.93151959364784,0.007850000000000001,0.09366242881013555,ParametricDesignType,1,0,764
21762_90d34d16,high_complexity_rotor,15,14.0,3606.0,1568.0,2072.0,0.0961366589374317,12.246708144895765,0.0,Steel,2.2997448979591835,0,7246.0,/Users/ulukbekrahmanov/Desktop/fusion_subset/21762_90d34d16/assembly.json,True,Untitled,2072,3606,1568,1616,14,14,119.694606698388,12.246708144895763,0.007849999999999998,0.09613665893743172,ParametricDesignType,9,0,1402
22612_28fe0ac2,medium_rotor,14,12.0,733.0,329.0,490.0,15.378115718841125,1958.9956329733925,0.0,Steel,2.2279635258358663,0,1552.0,/Users/ulukbekrahmanov/Desktop/fusion_subset/22612_28fe0ac2/assembly.json,True,Untitled,490,733,329,433,12,12,3297.9138417215454,1958.9956329733923,0.007849999999999996,15.378115718841123,ParametricDesignType,0,0,392
22535_0ba01cc9,complex_assembly,25,36.0,1918.0,885.0,1210.0,1.8257706857318208,232.5822529594676,0.0,"Steel, Mild, Steel",2.167231638418079,0,4013.0,/Users/ulukbekrahmanov/Desktop/fusion_subset/22535_0ba01cc9/assembly.json,True,Untitled,1210,1918,885,1025,36,36,819.5832966080534,232.58225295946758,0.007850000000000001,1.8257706857318208,ParametricDesignType,0,0,394
21715_53df62c9,medium_rotor,1,4.0,249.0,100.0,163.0,0.8244082808614103,105.02016316705864,0.0,Steel,2.49,0,512.0,/Users/ulukbekrahmanov/Desktop/fusion_subset/21715_53df62c9/assembly.json,True,Untitled,163,249,100,108,4,4,216.712406089115,105.02016316705863,0.007850000000000001,0.8244082808614103,ParametricDesignType,0,0,349
22283_36ba29c9,simple_rotor,4,3.0,100.0,38.0,67.0,0.1410358380233637,17.96634879278519,0.0,Steel,2.6315789473684212,1,205.0,/Users/ulukbekrahmanov/Desktop/fusion_subset/22283_36ba29c9/assembly.json,True,Untitled,67,100,38,42,3,3,1097.1723236317698,17.96634879278519,0.007850000000000001,0.14103583802336375,ParametricDesignType,1,0,651
20620_8a5226b4,high_complexity_rotor,1,2.0,1553.0,488.0,1094.0,521.4532691278266,66427.16804176135,0.0,Steel,3.182377049180328,1,3135.0,/Users/ulukbekrahmanov/Desktop/fusion_subset/20620_8a5226b4/assembly.json,True,Untitled,1094,1553,488,513,2,2,19739.504473819747,66427.16804176135,0.00785,521.4532691278266,ParametricDesignType,6,1,2102
20329_414757bb,medium_rotor,1,13.0,334.0,179.0,211.0,6.577615054631445,837.912745812923,0.0,"Steel, Mild",1.8659217877094971,0,724.0,/Users/ulukbekrahmanov/Desktop/fusion_subset/20329_414757bb/assembly.json,True,Untitled,211,334,179,221,13,13,1778.5540364501499,837.912745812923,0.00785,6.577615054631445,ParametricDesignType,3,2,978
22377_d490f505,simple_rotor,5,3.0,196.0,83.0,131.0,3.985975636551194,507.767597012891,0.0,Steel,2.36144578313253,0,410.0,/Users/ulukbekrahmanov/Desktop/fusion_subset/22377_d490f505/assembly.json,True,Untitled,131,196,83,113,3,3,1739.4771013195327,507.767597012891,0.007849999999999998,3.9859756365511934,ParametricDesignType,1,1,571
22492_047b125b,complex_assembly,32,146.0,4198.0,1877.0,2808.0,29.67159856427481,3779.821473156026,0.0,Steel,2.23654768247203,0,8883.0,/Users/ulukbekrahmanov/Desktop/fusion_subset/22492_047b125b/assembly.json,True,Untitled,2808,4198,1877,2114,146,146,6938.6493465214035,3779.821473156026,0.007850000000000001,29.671598564274806,ParametricDesignType,0,0,420
22402_a62e84b4,high_complexity_rotor,1,6.0,2721.0,1352.0,1115.0,61.46534619884663,7829.980407496387,0.0,Steel,2.0125739644970415,0,5188.0,/Users/ulukbekrahmanov/Desktop/fusion_subset/22402_a62e84b4/assembly.json,True,Untitled,1115,2721,1352,1352,6,6,9471.739896797857,7829.980407496387,0.00785,61.46534619884663,ParametricDesignType,1,0,540
20287_072b5bf6,high_complexity_rotor,10,6.0,3840.0,1812.0,2040.0,0.0427576458801082,15.836165140780835,0.0,"Aluminum, Wood Flooring",2.119205298013245,0,7692.0,/Users/ulukbekrahmanov/Desktop/fusion_subset/20287_072b5bf6/assembly.json,True,Untitled,2040,3840,1812,1812,6,6,113.46316353201891,15.836165140780837,0.0027,0.04275764588010826,ParametricDesignType,6,1,1033
20810_f6674f2d,simple_rotor,1,2.0,162.0,66.0,100.0,0.1080847616076547,14.87915029478076,0.0,"Steel, Rubber, Natural",2.4545454545454546,0,328.0,/Users/ulukbekrahmanov/Desktop/fusion_subset/20810_f6674f2d/assembly.json,True,Untitled,100,162,66,66,2,2,869.2493889209753,14.87915029478076,0.007264175673093925,0.1080847616076547,ParametricDesignType,0,0,630
22049_4da0d894,symmetric_rotor,3,3.0,342.0,120.0,228.0,30.58956610641171,3896.760013555632,0.0,Steel,2.85,1,690.0,/Users/ulukbekrahmanov/Desktop/fusion_subset/22049_4da0d894/assembly.json,True,Untitled,228,342,120,136,3,3,5317.129909037632,3896.760013555632,0.00785,30.58956610641171,ParametricDesignType,0,0,509
20758_cdccf572,simple_rotor,10,9.0,222.0,86.0,147.0,0.3342570505795227,42.58051599739143,0.0,Steel,2.5813953488372094,1,455.0,/Users/ulukbekrahmanov/Desktop/fusion_subset/20758_cdccf572/assembly.json,True,Untitled,147,222,86,88,10,9,374.54715551637474,42.58051599739143,0.00785,0.3342570505795227,ParametricDesignType,3,0,446
22681_124bf3a9,medium_rotor,2,12.0,270.0,133.0,193.0,67.89866810199868,8649.511860127222,0.0,Steel,2.030075187969925,0,596.0,/Users/ulukbekrahmanov/Desktop/fusion_subset/22681_124bf3a9/assembly.json,True,Untitled,193,270,133,166,12,12,8419.329608222504,8649.511860127222,0.007849999999999998,67.89866810199868,ParametricDesignType,0,0,530
21690_5d1f3475,simple_rotor,1,5.0,35.0,25.0,31.0,0.3527472450259154,44.93595478037141,0.0,Steel,1.4,0,91.0,/Users/ulukbekrahmanov/Desktop/fusion_subset/21690_5d1f3475/assembly.json,True,Untitled,31,35,25,51,5,5,289.82401067123845,44.935954780371404,0.007849999999999998,0.3527472450259154,ParametricDesignType,0,0,407
20546_87dbd755,complex_assembly,23,38.0,17605.0,6458.0,11615.0,0.2595794849293589,74.89739804878536,0.0,"Steel, Mild, Aluminum, Anodized Red, Rubber, Silicone",2.7260761845772685,1,35678.0,/Users/ulukbekrahmanov/Desktop/fusion_subset/20546_87dbd755/assembly.json,True,Untitled,11615,17605,6458,7304,38,38,999.4062995660953,74.89739804878536,0.0034658011051369045,0.25957948492935895,ParametricDesignType,1,1,611
22092_897b0ffa,medium_rotor,14,12.0,358.0,164.0,242.0,0.0389964191590143,4.985726526779862,0.0,"Steel, Iron, Cast",2.182926829268293,0,764.0,/Users/ulukbekrahmanov/Desktop/fusion_subset/22092_897b0ffa/assembly.json,True,Untitled,242,358,164,197,12,12,107.23933871983452,4.985726526779862,0.007821612146104004,0.0389964191590143,ParametricDesignType,0,0,795
20991_6795af4f,high_complexity_rotor,1,45.0,2700.0,990.0,1800.0,10.881350713899565,19081.476195971696,0.0,Wood,2.727272727272727,1,5490.0,/Users/ulukbekrahmanov/Desktop/fusion_subset/20991_6795af4f/assembly.json,True,Untitled,1800,2700,990,990,45,45,32399.999999999938,19081.476195971696,0.0005702572799999999,10.881350713899565,ParametricDesignType,1,0,397
23049_207a41f0,medium_rotor,11,10.0,504.0,296.0,386.0,26.60051885000871,3295.341169716545,0.0,"Steel, Stainless Steel, Brass",1.7027027027027026,0,1186.0,/Users/ulukbekrahmanov/Desktop/fusion_subset/23049_207a41f0/assembly.json,True,Untitled,386,504,296,494,10,10,5410.940132006024,3295.341169716545,0.008072159293994073,26.60051885000871,ParametricDesignType,0,0,642
22533_e7298b05,complex_assembly,30,51.0,5310.0,2141.0,3472.0,14.930445043173066,1901.9675214233223,0.0,Steel,2.4801494628678187,0,10923.0,/Users/ulukbekrahmanov/Desktop/fusion_subset/22533_e7298b05/assembly.json,True,Untitled,3472,5310,2141,2554,51,51,24046.196657487257,1901.9675214233225,0.007849999999999992,14.930445043173066,ParametricDesignType,0,0,408
22638_37f9fe91,symmetric_rotor,13,16.0,839.0,329.0,570.0,20.340488351223257,2591.1450128946817,0.0,Steel,2.55015197568389,1,1738.0,/Users/ulukbekrahmanov/Desktop/fusion_subset/22638_37f9fe91/assembly.json,True,Untitled,570,839,329,422,16,16,9977.43059175817,2591.1450128946817,0.007850000000000001,20.340488351223254,ParametricDesignType,2,1,1139
21617_ddd3657b,simple_rotor,1,2.0,94.0,56.0,68.0,1.7583160510128495,223.9893058615095,0.0,Steel,1.6785714285714286,0,218.0,/Users/ulukbekrahmanov/Desktop/fusion_subset/21617_ddd3657b/assembly.json,True,Untitled,68,94,56,83,2,2,803.9716283438208,223.98930586150954,0.00785,1.7583160510128497,ParametricDesignType,6,1,525
21858_f1409ea2,medium_rotor,6,17.0,727.0,319.0,511.0,7.131417491745183,908.4608269739086,0.0,Steel,2.2789968652037618,0,1557.0,/Users/ulukbekrahmanov/Desktop/fusion_subset/21858_f1409ea2/assembly.json,True,Untitled,511,727,319,474,17,17,4078.6816319533073,908.4608269739086,0.007850000000000001,7.131417491745183,ParametricDesignType,5,0,1057
21028_d4d30a2e,medium_rotor,17,31.0,1278.0,599.0,846.0,0.095198247297552,35.25861011020444,0.0,Aluminum,2.1335559265442403,0,2723.0,/Users/ulukbekrahmanov/Desktop/fusion_subset/21028_d4d30a2e/assembly.json,True,Untitled,846,1278,599,780,31,31,307.1123611121977,35.25861011020444,0.002700000000000001,0.09519824729755201,ParametricDesignType,37,11,4257
21541_abc67be6,medium_rotor,1,25.0,1379.0,660.0,775.0,0.7092976058019113,467.76875589046415,0.0,"Polycarbonate, Smoke, Rubber, Nitrile, Steel",2.0893939393939394,0,2814.0,/Users/ulukbekrahmanov/Desktop/fusion_subset/21541_abc67be6/assembly.json,True,Untitled,775,1379,660,685,25,25,2446.5540432551607,467.76875589046415,0.001516342416781691,0.7092976058019113,ParametricDesignType,2,0,624
22826_199df203,medium_rotor,1,14.0,414.0,197.0,292.0,12.366420976546202,1575.3402517893248,0.0,Steel,2.1015228426395938,0,903.0,/Users/ulukbekrahmanov/Desktop/fusion_subset/22826_199df203/assembly.json,True,Untitled,292,414,197,252,14,14,3488.3909278458814,1575.3402517893248,0.007850000000000001,12.366420976546202,ParametricDesignType,2,0,735
22227_aca28ff2,simple_rotor,3,5.0,105.0,44.0,72.0,4.384682769772711,642.2948742584686,0.0,"Steel, Glass, Cast, Clear",2.386363636363636,0,221.0,/Users/ulukbekrahmanov/Desktop/fusion_subset/22227_aca28ff2/assembly.json,True,Untitled,72,105,44,47,5,5,1571.737516933204,642.2948742584686,0.00682658844947944,4.384682769772711,ParametricDesignType,7,0,688
22902_83870421,simple_rotor,1,2.0,65.0,35.0,48.0,0.0521043191187068,6.6374928813639285,0.0,Steel,1.8571428571428572,0,148.0,/Users/ulukbekrahmanov/Desktop/fusion_subset/22902_83870421/assembly.json,True,Untitled,48,65,35,49,2,2,27.65239663368686,6.6374928813639285,0.00785,0.05210431911870683,ParametricDesignType,0,0,602
21665_2e14b6ff,simple_rotor,1,1.0,112.0,40.0,72.0,3.935321734687447,501.3148706608213,0.0,Steel,2.8,1,224.0,/Users/ulukbekrahmanov/Desktop/fusion_subset/21665_2e14b6ff/assembly.json,True,Untitled,72,112,40,40,1,1,641.8143114196322,501.3148706608213,0.00785,3.935321734687447,ParametricDesignType,3,0,398
20813_726b2714,simple_rotor,1,3.0,231.0,102.0,130.0,4.682077796858347,596.4430314469232,0.0,Steel,2.264705882352941,0,463.0,/Users/ulukbekrahmanov/Desktop/fusion_subset/20813_726b2714/assembly.json,True,Untitled,130,231,102,104,3,3,1498.1358497873189,596.4430314469232,0.00785,4.682077796858347,ParametricDesignType,3,0,1618
20429_4c909f3f,simple_rotor,1,1.0,44.0,18.0,28.0,0.2250451299959828,28.66816942623985,0.0,"Steel, Mild",2.4444444444444446,0,90.0,/Users/ulukbekrahmanov/Desktop/fusion_subset/20429_4c909f3f/assembly.json,True,Untitled,28,44,18,18,1,1,98.03864360065342,28.66816942623985,0.00785,0.2250451299959828,ParametricDesignType,2,2,968
23373_f5dac851,medium_rotor,16,13.0,472.0,259.0,357.0,3.464206605185629,446.58540986924345,0.0,"Steel, Plastic, Stainless Steel",1.8223938223938223,0,1088.0,/Users/ulukbekrahmanov/Desktop/fusion_subset/23373_f5dac851/assembly.json,True,Untitled,357,472,259,438,13,13,1889.6910096526487,446.58540986924345,0.0077570975867749924,3.464206605185629,ParametricDesignType,0,0,488
21794_4d137e7d,medium_rotor,1,9.0,674.0,285.0,401.0,0.016045478739968,2.044010030569181,0.0,Steel,2.364912280701754,0,1360.0,/Users/ulukbekrahmanov/Desktop/fusion_subset/21794_4d137e7d/assembly.json,True,Untitled,401,674,285,285,9,9,232.61738665029998,2.044010030569181,0.00785,0.01604547873996807,ParametricDesignType,4,0,958
22065_0d414124,complex_assembly,22,21.0,2592.0,985.0,1749.0,0.071691107851083,9.132625203959623,0.0,Steel,2.631472081218274,1,5326.0,/Users/ulukbekrahmanov/Desktop/fusion_subset/22065_0d414124/assembly.json,True,Untitled,1749,2592,985,1102,21,21,194.33713569330527,9.132625203959625,0.007850000000000001,0.07169110785108307,ParametricDesignType,4,1,824
22224_1e749c32,medium_rotor,4,3.0,248.0,118.0,164.0,0.2839482126013974,36.171746828203496,0.0,Steel,2.1016949152542375,0,530.0,/Users/ulukbekrahmanov/Desktop/fusion_subset/22224_1e749c32/assembly.json,True,Untitled,164,248,118,148,3,3,149.3041079502752,36.171746828203496,0.00785,0.2839482126013974,ParametricDesignType,1,0,468
22047_5a090f16,simple_rotor,1,1.0,177.0,57.0,113.0,0.4581429719224638,432.2103508702489,0.0,"Steel, ABS Plastic",3.1052631578947367,1,347.0,/Users/ulukbekrahmanov/Desktop/fusion_subset/22047_5a090f16/assembly.json,True,Untitled,113,177,57,58,1,1,1258.4770574345866,432.2103508702489,0.00106,0.4581429719224638,ParametricDesignType,2,0,602
20952_b8a54213,complex_assembly,98,140.0,11909.0,4805.0,8103.0,316.7826971396508,62501.36733689045,0.0,"Steel, Mild, Pine, Aluminio-6061",2.478459937565036,0,24817.0,/Users/ulukbekrahmanov/Desktop/fusion_subset/20952_b8a54213/assembly.json,True,Untitled,8103,11909,4805,5898,143,140,80675.67331242393,62501.36733689045,0.0050684122706012354,316.7826971396508,ParametricDesignType,5,0,935
21490_d07ff9f8,symmetric_rotor,6,5.0,1340.0,462.0,898.0,0.2565500263388465,30.616460497392296,0.0,"Bronze, Steel",2.9004329004329006,1,2700.0,/Users/ulukbekrahmanov/Desktop/fusion_subset/21490_d07ff9f8/assembly.json,True,Untitled,898,1340,462,482,5,5,147.91249851076083,30.616460497392296,0.00837948025901615,0.25655002633884655,ParametricDesignType,2,1,557
23041_8d3ea25c,medium_rotor,10,9.0,1298.0,602.0,766.0,0.0168934913954176,2.1520371204353683,0.0,Steel,2.1561461794019934,0,2666.0,/Users/ulukbekrahmanov/Desktop/fusion_subset/23041_8d3ea25c/assembly.json,True,Untitled,766,1298,602,678,9,9,52.032604729692515,2.1520371204353683,0.00785,0.01689349139541764,ParametricDesignType,4,1,552
22241_535ad84b,simple_rotor,1,10.0,157.0,52.0,110.0,0.0,0.0,0.0,Steel,3.019230769230769,1,319.0,/Users/ulukbekrahmanov/Desktop/fusion_subset/22241_535ad84b/assembly.json,True,Untitled,110,157,52,52,10,10,75390298.1622038,0.0,,0.0,ParametricDesignType,1,0,723
23022_86e6a8a0,simple_rotor,1,2.0,34.0,24.0,30.0,0.1419110774635336,18.07784426287052,0.0,Steel,1.4166666666666667,0,88.0,/Users/ulukbekrahmanov/Desktop/fusion_subset/23022_86e6a8a0/assembly.json,True,Untitled,30,34,24,50,2,2,181.2650516149534,18.07784426287052,0.007850000000000001,0.1419110774635336,ParametricDesignType,0,0,378
23053_139f2009,high_complexity_rotor,1,142.0,3615.0,1556.0,2437.0,19.545021384220657,2489.8116413019948,0.0,Steel,2.3232647814910026,0,7608.0,/Users/ulukbekrahmanov/Desktop/fusion_subset/23053_139f2009/assembly.json,True,Untitled,2437,3615,1556,1721,142,142,8906.29656608504,2489.8116413019948,0.007849999999999998,19.545021384220654,ParametricDesignType,1,0,522
23037_d0df320c,symmetric_rotor,1,4.0,642.0,252.0,403.0,2.689727870354804,342.64049303882854,0.0,Steel,2.547619047619047,1,1297.0,/Users/ulukbekrahmanov/Desktop/fusion_subset/23037_d0df320c/assembly.json,True,Untitled,403,642,252,279,4,4,981.5398675001823,342.64049303882854,0.00785,2.6897278703548038,ParametricDesignType,1,0,674
22416_4cd31921,high_complexity_rotor,1,3.0,1568.0,562.0,998.0,0.001215088038798,0.1547882851972048,0.0,Steel,2.790035587188612,1,3128.0,/Users/ulukbekrahmanov/Desktop/fusion_subset/22416_4cd31921/assembly.json,True,Untitled,998,1568,562,574,3,3,6.873876018309878,0.15478828519720486,0.00785,0.001215088038798058,ParametricDesignType,0,0,140
21391_78fc6345,simple_rotor,4,8.0,204.0,88.0,138.0,0.0332920563905832,6.473417372832165,0.0,"Copper, Titanium, Steel",2.3181818181818183,0,430.0,/Users/ulukbekrahmanov/Desktop/fusion_subset/21391_78fc6345/assembly.json,True,Untitled,138,204,88,94,8,8,64.98124555357352,6.473417372832165,0.005142887361211147,0.03329205639058321,ParametricDesignType,13,1,6633
21134_7aa7cd89,high_complexity_rotor,7,37.0,2910.0,1119.0,2139.0,117.76687903613728,15002.15019568628,0.0,"Steel, Plastic, Glass, Cast, Clear",2.6005361930294906,1,6168.0,/Users/ulukbekrahmanov/Desktop/fusion_subset/21134_7aa7cd89/assembly.json,True,Untitled,2139,2910,1119,2119,37,37,285258.09731324186,15002.15019568628,0.00785,117.76687903613728,ParametricDesignType,0,0,1389
21700_28d193ac,high_complexity_rotor,7,21.0,1690.0,693.0,1178.0,38.46171757403396,4812.462010996691,0.0,"Steel, Stainless Steel",2.4386724386724388,0,3561.0,/Users/ulukbekrahmanov/Desktop/fusion_subset/21700_28d193ac/assembly.json,True,Untitled,1178,1690,693,870,21,21,4195.369808708345,4812.462010996691,0.007992108298444168,38.46171757403396,ParametricDesignType,0,0,656
