query_assembly,query_family,rank,retrieved_assembly,retrieved_family,similarity,correct
21448_5646a1b6,topo_minimal,1,21384_b9774b93,topo_moderate,1.0,False
21448_5646a1b6,topo_minimal,2,20758_cdccf572,topo_moderate,1.0,False
21448_5646a1b6,topo_minimal,3,21469_abec26c4,topo_moderate,0.999999,False
21448_5646a1b6,topo_minimal,4,23103_66470b7e,topo_moderate,0.999999,False
21448_5646a1b6,topo_minimal,5,21391_78fc6345,topo_moderate,0.999999,False
21448_5646a1b6,topo_minimal,6,22377_d490f505,topo_moderate,0.999999,False
21448_5646a1b6,topo_minimal,7,23341_d5ead6d2,topo_moderate,0.999999,False
21448_5646a1b6,topo_minimal,8,21573_31a18ad0,topo_moderate,0.999999,False
21448_5646a1b6,topo_minimal,9,23096_7da0f913,topo_moderate,0.999998,False
21448_5646a1b6,topo_minimal,10,21882_795be793,topo_moderate,0.999998,False
22312_3f366a4a,topo_connected,1,22561_067b78ae,topo_moderate,0.999998,False
22312_3f366a4a,topo_connected,2,23037_d0df320c,topo_minimal,0.999997,False
22312_3f366a4a,topo_connected,3,23008_3d1bb7b2,topo_minimal,0.999996,False
22312_3f366a4a,topo_connected,4,23320_e0711ae9,topo_connected,0.999995,True
22312_3f366a4a,topo_connected,5,21271_ec7f62b8,topo_connected,0.999995,True
22312_3f366a4a,topo_connected,6,23127_38d73061,topo_complex,0.999994,False
22312_3f366a4a,topo_connected,7,22710_77324fc2,topo_moderate,0.999993,False
22312_3f366a4a,topo_connected,8,22059_b7d76712,topo_connected,0.999991,True
22312_3f366a4a,topo_connected,9,21837_b67d788c,topo_connected,0.99999,True
22312_3f366a4a,topo_connected,10,21513_50fb4d62,topo_connected,0.999984,True
20756_75f43564,topo_minimal,1,22747_3f6faf4c,topo_connected,1.0,False
20756_75f43564,topo_minimal,2,20910_c64b5d1b,topo_minimal,0.999999,True
20756_75f43564,topo_minimal,3,23440_5956321f,topo_isolated,0.999999,False
20756_75f43564,topo_minimal,4,20810_f6674f2d,topo_isolated,0.999999,False
20756_75f43564,topo_minimal,5,20412_42170125,topo_moderate,0.999999,False
20756_75f43564,topo_minimal,6,20812_462bd352,topo_minimal,0.999999,True
20756_75f43564,topo_minimal,7,20212_5d1f2de1,topo_moderate,0.999999,False
20756_75f43564,topo_minimal,8,22671_fdd1b1e6,topo_connected,0.999998,False
20756_75f43564,topo_minimal,9,21617_ddd3657b,topo_isolated,0.999998,False
20756_75f43564,topo_minimal,10,21613_d57e983a,topo_isolated,0.999998,False
21708_e61bd657,topo_moderate,1,22528_f3370a64,topo_isolated,0.99992,False
21708_e61bd657,topo_moderate,2,20421_0fd51709,topo_connected,0.99991,False
21708_e61bd657,topo_moderate,3,20697_d3e106b4,topo_complex,0.999908,False
21708_e61bd657,topo_moderate,4,23329_6939d5d9,topo_complex,0.999892,False
21708_e61bd657,topo_moderate,5,23168_7fdf5427,topo_complex,0.999867,False
21708_e61bd657,topo_moderate,6,23002_4d53fb3f,topo_moderate,0.999864,True
21708_e61bd657,topo_moderate,7,23419_ea47995f,topo_complex,0.999855,False
21708_e61bd657,topo_moderate,8,23162_7e2f3d77,topo_connected,0.999854,False
21708_e61bd657,topo_moderate,9,22491_a33562ad,topo_complex,0.999854,False
21708_e61bd657,topo_moderate,10,21918_976c2754,topo_complex,0.999837,False
23311_ad36a9ec,topo_minimal,1,22843_ff77027f,topo_moderate,1.0,False
23311_ad36a9ec,topo_minimal,2,21047_60d69af3,topo_minimal,1.0,True
23311_ad36a9ec,topo_minimal,3,23439_18900af2,topo_minimal,1.0,True
23311_ad36a9ec,topo_minimal,4,22227_aca28ff2,topo_moderate,1.0,False
23311_ad36a9ec,topo_minimal,5,20467_f1fcc009,topo_isolated,1.0,False
23311_ad36a9ec,topo_minimal,6,22907_ff18dbd5,topo_moderate,1.0,False
23311_ad36a9ec,topo_minimal,7,20385_f2d30908,topo_minimal,1.0,True
23311_ad36a9ec,topo_minimal,8,21581_8f948e0b,topo_moderate,1.0,False
23311_ad36a9ec,topo_minimal,9,20216_89b90993,topo_minimal,1.0,True
23311_ad36a9ec,topo_minimal,10,22058_71feafda,topo_isolated,0.999999,False
22680_1f4026f6,topo_moderate,1,21358_a69a36f3,topo_moderate,0.999999,True
22680_1f4026f6,topo_moderate,2,21202_e452c491,topo_isolated,0.999997,False
22680_1f4026f6,topo_moderate,3,21594_428d32af,topo_isolated,0.999997,False
22680_1f4026f6,topo_moderate,4,20676_9715ec9c,topo_minimal,0.999997,False
22680_1f4026f6,topo_moderate,5,20520_7e357152,topo_isolated,0.999997,False
22680_1f4026f6,topo_moderate,6,23035_6087bb57,topo_connected,0.999997,False
22680_1f4026f6,topo_moderate,7,23434_6635ed57,topo_connected,0.999995,False
22680_1f4026f6,topo_moderate,8,20329_414757bb,topo_connected,0.999995,False
22680_1f4026f6,topo_moderate,9,21563_c72d37a2,topo_moderate,0.999994,True
22680_1f4026f6,topo_moderate,10,20431_0088a0dd,topo_moderate,0.999993,True
21265_7329c813,topo_moderate,1,23039_b3d04774,topo_moderate,1.0,True
21265_7329c813,topo_moderate,2,22014_5880c417,topo_moderate,0.999999,True
21265_7329c813,topo_moderate,3,23184_731e5af0,topo_moderate,0.999999,True
21265_7329c813,topo_moderate,4,21140_8d150c65,topo_minimal,0.999999,False
21265_7329c813,topo_moderate,5,23164_659c91ef,topo_connected,0.999999,False
21265_7329c813,topo_moderate,6,22367_b4a67e61,topo_minimal,0.999999,False
21265_7329c813,topo_moderate,7,22653_58d6287d,topo_isolated,0.999999,False
21265_7329c813,topo_moderate,8,21785_d595ced5,topo_minimal,0.999999,False
21265_7329c813,topo_moderate,9,20468_1c33550a,topo_minimal,0.999999,False
21265_7329c813,topo_moderate,10,21761_fdb5f86d,topo_moderate,0.999999,True
22832_731d3b9f,topo_complex,1,22778_7d85debd,topo_complex,0.999994,True
22832_731d3b9f,topo_complex,2,22987_37973191,topo_complex,0.999992,True
22832_731d3b9f,topo_complex,3,22776_facf9bcf,topo_complex,0.999989,True
22832_731d3b9f,topo_complex,4,20431_27e7f151,topo_connected,0.999989,False
22832_731d3b9f,topo_complex,5,23121_cbdf3ebc,topo_moderate,0.999987,False
22832_731d3b9f,topo_complex,6,22323_aa6edb8b,topo_complex,0.999986,True
22832_731d3b9f,topo_complex,7,23473_1dfa6e40,topo_complex,0.999985,True
22832_731d3b9f,topo_complex,8,20505_017d4cc4,topo_connected,0.999984,False
22832_731d3b9f,topo_complex,9,23373_f5dac851,topo_complex,0.999983,True
22832_731d3b9f,topo_complex,10,20182_71b9e491,topo_connected,0.999981,False
23476_705b76d1,topo_connected,1,23152_6f2706c9,topo_moderate,0.999996,False
23476_705b76d1,topo_connected,2,22232_cb53774e,topo_connected,0.99999,True
23476_705b76d1,topo_connected,3,21185_ac5324ba,topo_moderate,0.999984,False
23476_705b76d1,topo_connected,4,20892_b1f89c8d,topo_minimal,0.999984,False
23476_705b76d1,topo_connected,5,22045_ead71aca,topo_moderate,0.999984,False
23476_705b76d1,topo_connected,6,20322_daa5c577,topo_moderate,0.999983,False
23476_705b76d1,topo_connected,7,20157_db99ab88,topo_moderate,0.999982,False
23476_705b76d1,topo_connected,8,23501_6c48b3c1,topo_complex,0.999981,False
23476_705b76d1,topo_connected,9,20504_c9e14c9d,topo_connected,0.99998,True
23476_705b76d1,topo_connected,10,22826_199df203,topo_connected,0.999979,True
22131_6b4b60f8,topo_minimal,1,21610_5dcf1187,topo_isolated,1.0,False
22131_6b4b60f8,topo_minimal,2,21615_f2ecc6e8,topo_isolated,1.0,False
22131_6b4b60f8,topo_minimal,3,21612_e2981dae,topo_isolated,1.0,False
22131_6b4b60f8,topo_minimal,4,21619_19435db0,topo_isolated,1.0,False
22131_6b4b60f8,topo_minimal,5,21614_5d6afa62,topo_isolated,1.0,False
22131_6b4b60f8,topo_minimal,6,21613_d57e983a,topo_isolated,1.0,False
22131_6b4b60f8,topo_minimal,7,21617_ddd3657b,topo_isolated,0.999999,False
22131_6b4b60f8,topo_minimal,8,22067_624b28e3,topo_moderate,0.999999,False
22131_6b4b60f8,topo_minimal,9,22671_fdd1b1e6,topo_connected,0.999999,False
22131_6b4b60f8,topo_minimal,10,23184_731e5af0,topo_moderate,0.999997,False
20994_9c88b1ba,topo_minimal,1,23351_6104d55d,topo_moderate,1.0,False
20994_9c88b1ba,topo_minimal,2,16550_e88d6986,topo_minimal,1.0,True
20994_9c88b1ba,topo_minimal,3,20947_115d4058,topo_isolated,1.0,False
20994_9c88b1ba,topo_minimal,4,20342_c140780b,topo_isolated,1.0,False
20994_9c88b1ba,topo_minimal,5,23250_aa321310,topo_moderate,1.0,False
20994_9c88b1ba,topo_minimal,6,19518_f220b68a,topo_isolated,1.0,False
20994_9c88b1ba,topo_minimal,7,20429_9dd95c38,topo_isolated,1.0,False
20994_9c88b1ba,topo_minimal,8,23163_7b143a6f,topo_moderate,1.0,False
20994_9c88b1ba,topo_minimal,9,22178_976d2411,topo_minimal,1.0,True
20994_9c88b1ba,topo_minimal,10,22472_f65d3470,topo_isolated,1.0,False
22026_62afa265,topo_minimal,1,20951_2918f2fa,topo_moderate,1.0,False
22026_62afa265,topo_minimal,2,21459_a9de5e5b,topo_isolated,1.0,False
22026_62afa265,topo_minimal,3,20838_86c931be,topo_minimal,1.0,True
22026_62afa265,topo_minimal,4,20193_2da4f0a0,topo_minimal,1.0,True
22026_62afa265,topo_minimal,5,21495_ebbbd369,topo_moderate,1.0,False
22026_62afa265,topo_minimal,6,20478_c02790cb,topo_minimal,1.0,True
22026_62afa265,topo_minimal,7,22508_6bb410af,topo_minimal,1.0,True
22026_62afa265,topo_minimal,8,22472_f65d3470,topo_isolated,0.999999,False
22026_62afa265,topo_minimal,9,22075_12b129d5,topo_isolated,0.999999,False
22026_62afa265,topo_minimal,10,21806_616e985a,topo_isolated,0.999999,False
22021_520ec8c3,topo_complex,1,21049_f644930a,topo_connected,0.999992,False
22021_520ec8c3,topo_complex,2,22323_aa6edb8b,topo_complex,0.999988,True
22021_520ec8c3,topo_complex,3,22372_e91792a1,topo_connected,0.999988,False
22021_520ec8c3,topo_complex,4,23373_f5dac851,topo_complex,0.999984,True
22021_520ec8c3,topo_complex,5,22987_37973191,topo_complex,0.999977,True
22021_520ec8c3,topo_complex,6,22126_e1cca10f,topo_connected,0.999972,False
22021_520ec8c3,topo_complex,7,22778_7d85debd,topo_complex,0.999967,True
22021_520ec8c3,topo_complex,8,22832_731d3b9f,topo_complex,0.999958,True
22021_520ec8c3,topo_complex,9,22776_facf9bcf,topo_complex,0.999952,True
22021_520ec8c3,topo_complex,10,21503_34f299ca,topo_connected,0.99994,False
20351_dc6e4e1e,topo_connected,1,21450_ea24ffcc,topo_connected,0.998738,True
20351_dc6e4e1e,topo_connected,2,23258_87a2ba81,topo_complex,0.997779,False
20351_dc6e4e1e,topo_connected,3,21718_1551037b,topo_moderate,0.997457,False
20351_dc6e4e1e,topo_connected,4,21244_24c3ce72,topo_complex,0.996941,False
20351_dc6e4e1e,topo_connected,5,20737_5249e274,topo_connected,0.996236,True
20351_dc6e4e1e,topo_connected,6,21582_a3d32115,topo_moderate,0.996122,False
20351_dc6e4e1e,topo_connected,7,21421_fb12b69b,topo_complex,0.995499,False
20351_dc6e4e1e,topo_connected,8,22483_f4e4b62a,topo_complex,0.995194,False
20351_dc6e4e1e,topo_connected,9,20246_40be7668,topo_moderate,0.994588,False
20351_dc6e4e1e,topo_connected,10,20745_3e22ad07,topo_moderate,0.994192,False
22218_2f85f6ae,topo_connected,1,20554_abcb705e,topo_moderate,0.999999,False
22218_2f85f6ae,topo_connected,2,20431_0088a0dd,topo_moderate,0.999998,False
22218_2f85f6ae,topo_connected,3,20817_ef63b1a7,topo_minimal,0.999997,False
22218_2f85f6ae,topo_connected,4,21529_93e51dd9,topo_connected,0.999996,True
22218_2f85f6ae,topo_connected,5,23035_6087bb57,topo_connected,0.999994,True
22218_2f85f6ae,topo_connected,6,21695_1f33863f,topo_connected,0.999994,True
22218_2f85f6ae,topo_connected,7,20229_d1ae2ae3,topo_connected,0.999993,True
22218_2f85f6ae,topo_connected,8,23034_b38134ee,topo_connected,0.999993,True
22218_2f85f6ae,topo_connected,9,20520_7e357152,topo_isolated,0.999993,False
22218_2f85f6ae,topo_connected,10,23323_075a079e,topo_moderate,0.999993,False
21810_718ae2fe,topo_moderate,1,21990_7bb6efcf,topo_isolated,1.0,False
21810_718ae2fe,topo_moderate,2,20212_5d1f2de1,topo_moderate,0.999999,True
21810_718ae2fe,topo_moderate,3,20910_c64b5d1b,topo_minimal,0.999998,False
21810_718ae2fe,topo_moderate,4,20822_5bb36119,topo_isolated,0.999998,False
21810_718ae2fe,topo_moderate,5,20810_f6674f2d,topo_isolated,0.999998,False
21810_718ae2fe,topo_moderate,6,21761_fdb5f86d,topo_moderate,0.999998,True
21810_718ae2fe,topo_moderate,7,21825_ce32b0a0,topo_minimal,0.999998,False
21810_718ae2fe,topo_moderate,8,23103_43bde2a6,topo_minimal,0.999998,False
21810_718ae2fe,topo_moderate,9,21785_d595ced5,topo_minimal,0.999997,False
21810_718ae2fe,topo_moderate,10,22747_3f6faf4c,topo_connected,0.999997,False
20215_e2eb3082,topo_connected,1,23331_192866b6,topo_connected,0.999999,True
20215_e2eb3082,topo_connected,2,21008_a3fec63b,topo_connected,0.999998,True
20215_e2eb3082,topo_connected,3,23172_4ab01e83,topo_connected,0.999995,True
20215_e2eb3082,topo_connected,4,20688_955aae0c,topo_connected,0.999994,True
20215_e2eb3082,topo_connected,5,22002_315afcfc,topo_complex,0.999994,False
20215_e2eb3082,topo_connected,6,21837_b67d788c,topo_connected,0.999993,True
20215_e2eb3082,topo_connected,7,20440_27177360,topo_complex,0.999991,False
20215_e2eb3082,topo_connected,8,21513_50fb4d62,topo_connected,0.999989,True
20215_e2eb3082,topo_connected,9,21549_18160a0a,topo_moderate,0.999988,False
20215_e2eb3082,topo_connected,10,22434_2ad62ed6,topo_minimal,0.999985,False
22561_067b78ae,topo_moderate,1,23008_3d1bb7b2,topo_minimal,0.999999,False
22561_067b78ae,topo_moderate,2,22312_3f366a4a,topo_connected,0.999998,False
22561_067b78ae,topo_moderate,3,22710_77324fc2,topo_moderate,0.999998,True
22561_067b78ae,topo_moderate,4,23037_d0df320c,topo_minimal,0.999998,False
22561_067b78ae,topo_moderate,5,21271_ec7f62b8,topo_connected,0.999997,False
22561_067b78ae,topo_moderate,6,23127_38d73061,topo_complex,0.999996,False
22561_067b78ae,topo_moderate,7,23320_e0711ae9,topo_connected,0.999996,False
22561_067b78ae,topo_moderate,8,22059_b7d76712,topo_connected,0.999994,False
22561_067b78ae,topo_moderate,9,21566_ff590631,topo_moderate,0.999986,True
22561_067b78ae,topo_moderate,10,20925_dc64a33a,topo_moderate,0.999986,True
21421_fb12b69b,topo_complex,1,22079_31335df2,topo_connected,0.99978,False
21421_fb12b69b,topo_complex,2,21244_24c3ce72,topo_complex,0.999527,True
21421_fb12b69b,topo_complex,3,22483_f4e4b62a,topo_complex,0.999338,True
21421_fb12b69b,topo_complex,4,21244_d67bbabc,topo_complex,0.99907,True
21421_fb12b69b,topo_complex,5,21582_a3d32115,topo_moderate,0.998461,False
21421_fb12b69b,topo_complex,6,23310_7daded69,topo_complex,0.998308,True
21421_fb12b69b,topo_complex,7,23422_f214bd4d,topo_complex,0.997724,True
21421_fb12b69b,topo_complex,8,20533_0a3e112b,topo_connected,0.997586,False
21421_fb12b69b,topo_complex,9,22430_c6f08b03,topo_complex,0.997478,True
21421_fb12b69b,topo_complex,10,21450_ea24ffcc,topo_connected,0.997416,False
22082_39503fa6,topo_complex,1,22376_3ebc82a2,topo_complex,0.999998,True
22082_39503fa6,topo_complex,2,20421_38b63ca5,topo_complex,0.999998,True
22082_39503fa6,topo_complex,3,22266_078a1f68,topo_complex,0.999976,True
22082_39503fa6,topo_complex,4,20858_15bdad00,topo_complex,0.999975,True
22082_39503fa6,topo_complex,5,21539_cfe1f7fd,topo_connected,0.999946,False
22082_39503fa6,topo_complex,6,20389_c835706f,topo_moderate,0.999942,False
22082_39503fa6,topo_complex,7,21621_711e1918,topo_complex,0.999939,True
22082_39503fa6,topo_complex,8,22980_3cb3bcc8,topo_complex,0.999938,True
22082_39503fa6,topo_complex,9,22534_e899f645,topo_complex,0.999929,True
22082_39503fa6,topo_complex,10,21601_360ce1c7,topo_connected,0.999918,False
23308_245d257c,topo_moderate,1,20609_69f28932,topo_moderate,0.999999,True
23308_245d257c,topo_moderate,2,21497_9833a679,topo_moderate,0.999999,True
23308_245d257c,topo_moderate,3,21292_f94bd96b,topo_connected,0.999998,False
23308_245d257c,topo_moderate,4,22092_897b0ffa,topo_moderate,0.999997,True
23308_245d257c,topo_moderate,5,23102_211ad1db,topo_isolated,0.999997,False
23308_245d257c,topo_moderate,6,21478_8fbd4409,topo_moderate,0.999995,True
23308_245d257c,topo_moderate,7,20789_1809f41f,topo_moderate,0.999995,True
23308_245d257c,topo_moderate,8,23374_57cca189,topo_connected,0.999995,False
23308_245d257c,topo_moderate,9,20229_d1ae2ae3,topo_connected,0.999994,False
23308_245d257c,topo_moderate,10,21467_67965037,topo_complex,0.999993,False
22844_9b75b8e0,topo_moderate,1,20671_33532794,topo_minimal,1.0,False
22844_9b75b8e0,topo_moderate,2,20193_2da4f0a0,topo_minimal,1.0,False
22844_9b75b8e0,topo_moderate,3,20814_5a2be0fb,topo_minimal,1.0,False
22844_9b75b8e0,topo_moderate,4,21630_316322ff,topo_isolated,1.0,False
22844_9b75b8e0,topo_moderate,5,21062_c4ed6d45,topo_minimal,1.0,False
22844_9b75b8e0,topo_moderate,6,20934_fe7fbd78,topo_isolated,1.0,False
22844_9b75b8e0,topo_moderate,7,21806_616e985a,topo_isolated,1.0,False
22844_9b75b8e0,topo_moderate,8,20838_86c931be,topo_minimal,1.0,False
22844_9b75b8e0,topo_moderate,9,22075_12b129d5,topo_isolated,1.0,False
22844_9b75b8e0,topo_moderate,10,20951_2918f2fa,topo_moderate,1.0,True
20408_b4fda9eb,topo_moderate,1,20817_ef63b1a7,topo_minimal,0.999998,False
20408_b4fda9eb,topo_moderate,2,20815_b3d9e6c9,topo_minimal,0.999996,False
20408_b4fda9eb,topo_moderate,3,23363_60e39812,topo_complex,0.999994,False
20408_b4fda9eb,topo_moderate,4,22134_5e72e871,topo_complex,0.999994,False
20408_b4fda9eb,topo_moderate,5,20554_abcb705e,topo_moderate,0.999993,True
20408_b4fda9eb,topo_moderate,6,21202_e452c491,topo_isolated,0.999992,False
20408_b4fda9eb,topo_moderate,7,22218_2f85f6ae,topo_connected,0.999992,False
20408_b4fda9eb,topo_moderate,8,20431_0088a0dd,topo_moderate,0.999991,True
20408_b4fda9eb,topo_moderate,9,22092_897b0ffa,topo_moderate,0.999991,True
20408_b4fda9eb,topo_moderate,10,21695_1f33863f,topo_connected,0.99999,False
21326_ab4d6c43,topo_moderate,1,22224_1e749c32,topo_moderate,0.999999,True
21326_ab4d6c43,topo_moderate,2,22062_2d6b3b72,topo_minimal,0.999998,False
21326_ab4d6c43,topo_moderate,3,23435_e1c96b4d,topo_moderate,0.999998,True
21326_ab4d6c43,topo_moderate,4,22061_b50b6b66,topo_isolated,0.999998,False
21326_ab4d6c43,topo_moderate,5,21353_4686c90c,topo_minimal,0.999997,False
21326_ab4d6c43,topo_moderate,6,23366_cc0bc28e,topo_minimal,0.999997,False
21326_ab4d6c43,topo_moderate,7,23211_3aac9c7e,topo_connected,0.999996,False
21326_ab4d6c43,topo_moderate,8,22074_c0265b0d,topo_moderate,0.999995,True
21326_ab4d6c43,topo_moderate,9,21424_9d516e3a,topo_minimal,0.999994,False
21326_ab4d6c43,topo_moderate,10,23238_3c864758,topo_moderate,0.999994,True
22211_b1ee53f0,topo_connected,1,22306_c3dca308,topo_complex,0.999949,False
22211_b1ee53f0,topo_connected,2,21839_a8eb6d34,topo_isolated,0.999932,False
22211_b1ee53f0,topo_connected,3,20959_d4905d19,topo_complex,0.99993,False
22211_b1ee53f0,topo_connected,4,19051_26735260,topo_connected,0.999926,True
22211_b1ee53f0,topo_connected,5,21977_ce9f4e71,topo_moderate,0.999854,False
22211_b1ee53f0,topo_connected,6,22193_c8773ded,topo_connected,0.999817,True
22211_b1ee53f0,topo_connected,7,22298_51433023,topo_connected,0.99981,True
22211_b1ee53f0,topo_connected,8,23377_690165aa,topo_connected,0.99979,True
22211_b1ee53f0,topo_connected,9,21134_7aa7cd89,topo_complex,0.999769,False
22211_b1ee53f0,topo_connected,10,21809_8bd6b10e,topo_complex,0.999679,False
23211_3aac9c7e,topo_connected,1,22073_951645ae,topo_connected,0.999998,True
23211_3aac9c7e,topo_connected,2,23194_b675acc0,topo_connected,0.999997,True
23211_3aac9c7e,topo_connected,3,21353_4686c90c,topo_minimal,0.999997,False
23211_3aac9c7e,topo_connected,4,23435_e1c96b4d,topo_moderate,0.999996,False
23211_3aac9c7e,topo_connected,5,21326_ab4d6c43,topo_moderate,0.999996,False
23211_3aac9c7e,topo_connected,6,22062_2d6b3b72,topo_minimal,0.999995,False
23211_3aac9c7e,topo_connected,7,22224_1e749c32,topo_moderate,0.999994,False
23211_3aac9c7e,topo_connected,8,23209_1592b0a4,topo_moderate,0.999993,False
23211_3aac9c7e,topo_connected,9,23219_40625e2c,topo_moderate,0.999992,False
23211_3aac9c7e,topo_connected,10,22825_f4c18d65,topo_moderate,0.999992,False
20676_9715ec9c,topo_minimal,1,21594_428d32af,topo_isolated,0.999998,False
20676_9715ec9c,topo_minimal,2,21202_e452c491,topo_isolated,0.999997,False
20676_9715ec9c,topo_minimal,3,22134_5e72e871,topo_complex,0.999997,False
20676_9715ec9c,topo_minimal,4,22680_1f4026f6,topo_moderate,0.999997,False
20676_9715ec9c,topo_minimal,5,20329_414757bb,topo_connected,0.999996,False
20676_9715ec9c,topo_minimal,6,21358_a69a36f3,topo_moderate,0.999996,False
20676_9715ec9c,topo_minimal,7,20520_7e357152,topo_isolated,0.999994,False
20676_9715ec9c,topo_minimal,8,23035_6087bb57,topo_connected,0.99999,False
20676_9715ec9c,topo_minimal,9,23434_6635ed57,topo_connected,0.99999,False
20676_9715ec9c,topo_minimal,10,20431_0088a0dd,topo_moderate,0.999989,False
20220_3de82b2a,topo_isolated,1,23199_75dc1efd,topo_minimal,0.999999,False
20220_3de82b2a,topo_isolated,2,22261_6efe61e3,topo_minimal,0.999999,False
20220_3de82b2a,topo_isolated,3,20340_86125547,topo_minimal,0.999999,False
20220_3de82b2a,topo_isolated,4,19518_f220b68a,topo_isolated,0.999999,True
20220_3de82b2a,topo_isolated,5,22178_976d2411,topo_minimal,0.999999,False
20220_3de82b2a,topo_isolated,6,20409_dafedec6,topo_isolated,0.999998,True
20220_3de82b2a,topo_isolated,7,20342_c140780b,topo_isolated,0.999998,True
20220_3de82b2a,topo_isolated,8,20429_9dd95c38,topo_isolated,0.999998,True
20220_3de82b2a,topo_isolated,9,20392_8b23d193,topo_minimal,0.999998,False
20220_3de82b2a,topo_isolated,10,20451_84d8b290,topo_minimal,0.999998,False
22776_facf9bcf,topo_complex,1,22778_7d85debd,topo_complex,0.999998,True
22776_facf9bcf,topo_complex,2,23473_1dfa6e40,topo_complex,0.999995,True
22776_facf9bcf,topo_complex,3,22987_37973191,topo_complex,0.999995,True
22776_facf9bcf,topo_complex,4,22126_e1cca10f,topo_connected,0.999992,False
22776_facf9bcf,topo_complex,5,23373_f5dac851,topo_complex,0.99999,True
22776_facf9bcf,topo_complex,6,23028_2ca87745,topo_connected,0.99999,False
22776_facf9bcf,topo_complex,7,22832_731d3b9f,topo_complex,0.999989,True
22776_facf9bcf,topo_complex,8,22323_aa6edb8b,topo_complex,0.999988,True
22776_facf9bcf,topo_complex,9,21503_34f299ca,topo_connected,0.999987,False
22776_facf9bcf,topo_complex,10,23413_6702ec7f,topo_minimal,0.999985,False
21837_b67d788c,topo_connected,1,23172_4ab01e83,topo_connected,0.999997,True
21837_b67d788c,topo_connected,2,20215_e2eb3082,topo_connected,0.999993,True
21837_b67d788c,topo_connected,3,21513_50fb4d62,topo_connected,0.999991,True
21837_b67d788c,topo_connected,4,23037_d0df320c,topo_minimal,0.999991,False
21837_b67d788c,topo_connected,5,22312_3f366a4a,topo_connected,0.99999,True
21837_b67d788c,topo_connected,6,23331_192866b6,topo_connected,0.999989,True
21837_b67d788c,topo_connected,7,21248_0a862e3e,topo_minimal,0.999989,False
21837_b67d788c,topo_connected,8,21008_a3fec63b,topo_connected,0.999988,True
21837_b67d788c,topo_connected,9,23008_3d1bb7b2,topo_minimal,0.999987,False
21837_b67d788c,topo_connected,10,22059_b7d76712,topo_connected,0.999985,True
20668_b2f2633e,topo_complex,1,21093_1bda9bbe,topo_isolated,0.999916,False
20668_b2f2633e,topo_complex,2,22787_49022c32,topo_complex,0.999706,True
20668_b2f2633e,topo_complex,3,23048_8a1a5553,topo_complex,0.99967,True
20668_b2f2633e,topo_complex,4,21739_57582b8f,topo_connected,0.999605,False
20668_b2f2633e,topo_complex,5,20636_ca9eb29a,topo_connected,0.99953,False
20668_b2f2633e,topo_complex,6,22764_b884dce6,topo_moderate,0.999396,False
20668_b2f2633e,topo_complex,7,20430_975b8dcf,topo_moderate,0.999343,False
20668_b2f2633e,topo_complex,8,22405_20f11d58,topo_isolated,0.999336,False
20668_b2f2633e,topo_complex,9,22193_c8773ded,topo_connected,0.999257,False
20668_b2f2633e,topo_complex,10,22402_a62e84b4,topo_isolated,0.999191,False
21459_a9de5e5b,topo_isolated,1,22026_62afa265,topo_minimal,1.0,False
21459_a9de5e5b,topo_isolated,2,20838_86c931be,topo_minimal,1.0,False
21459_a9de5e5b,topo_isolated,3,20951_2918f2fa,topo_moderate,1.0,False
21459_a9de5e5b,topo_isolated,4,21495_ebbbd369,topo_moderate,1.0,False
21459_a9de5e5b,topo_isolated,5,20193_2da4f0a0,topo_minimal,1.0,False
21459_a9de5e5b,topo_isolated,6,20478_c02790cb,topo_minimal,1.0,False
21459_a9de5e5b,topo_isolated,7,22472_f65d3470,topo_isolated,1.0,True
21459_a9de5e5b,topo_isolated,8,22075_12b129d5,topo_isolated,0.999999,True
21459_a9de5e5b,topo_isolated,9,21062_c4ed6d45,topo_minimal,0.999999,False
21459_a9de5e5b,topo_isolated,10,22844_9b75b8e0,topo_moderate,0.999999,False
21386_e234c6b6,topo_moderate,1,22638_37f9fe91,topo_connected,0.999998,False
21386_e234c6b6,topo_moderate,2,21840_6847d36c,topo_isolated,0.999997,False
21386_e234c6b6,topo_moderate,3,21133_f9a1614e,topo_minimal,0.999996,False
21386_e234c6b6,topo_moderate,4,22311_553b3456,topo_complex,0.999995,False
21386_e234c6b6,topo_moderate,5,21831_54ca67d1,topo_minimal,0.999995,False
21386_e234c6b6,topo_moderate,6,20421_49bd1188,topo_connected,0.999995,False
21386_e234c6b6,topo_moderate,7,22040_6461a147,topo_connected,0.99999,False
21386_e234c6b6,topo_moderate,8,21858_f1409ea2,topo_complex,0.999986,False
21386_e234c6b6,topo_moderate,9,22216_4b032400,topo_minimal,0.999985,False
21386_e234c6b6,topo_moderate,10,21974_1997ebc3,topo_moderate,0.999983,True
22474_b10fea1a,topo_complex,1,23044_9a964a68,topo_complex,0.999988,True
22474_b10fea1a,topo_complex,2,21626_b34008e6,topo_connected,0.999986,False
22474_b10fea1a,topo_complex,3,23475_b14d1dc8,topo_connected,0.99998,False
22474_b10fea1a,topo_complex,4,21745_56cbe841,topo_complex,0.999965,True
22474_b10fea1a,topo_complex,5,21816_3891a442,topo_complex,0.99995,True
22474_b10fea1a,topo_complex,6,23480_3f7a8d50,topo_minimal,0.999932,False
22474_b10fea1a,topo_complex,7,23176_1bf2a2d5,topo_complex,0.999927,True
22474_b10fea1a,topo_complex,8,23252_ef165bed,topo_complex,0.999922,True
22474_b10fea1a,topo_complex,9,21590_7d092186,topo_complex,0.999916,True
22474_b10fea1a,topo_complex,10,21923_41fa6eda,topo_moderate,0.999906,False
19051_26735260,topo_connected,1,22306_c3dca308,topo_complex,0.999968,False
19051_26735260,topo_connected,2,22298_51433023,topo_connected,0.999958,True
19051_26735260,topo_connected,3,22211_b1ee53f0,topo_connected,0.999926,True
19051_26735260,topo_connected,4,22193_c8773ded,topo_connected,0.999862,True
19051_26735260,topo_connected,5,21722_68aeba65,topo_complex,0.999819,False
19051_26735260,topo_connected,6,21977_ce9f4e71,topo_moderate,0.999799,False
19051_26735260,topo_connected,7,20959_d4905d19,topo_complex,0.999761,False
19051_26735260,topo_connected,8,21839_a8eb6d34,topo_isolated,0.999735,False
19051_26735260,topo_connected,9,21809_8bd6b10e,topo_complex,0.999627,False
19051_26735260,topo_connected,10,21093_1bda9bbe,topo_isolated,0.999585,False
20332_0c2a24aa,topo_minimal,1,20429_4c909f3f,topo_isolated,1.0,False
20332_0c2a24aa,topo_minimal,2,22839_113f2990,topo_minimal,1.0,True
20332_0c2a24aa,topo_minimal,3,20241_8c0d3f83,topo_isolated,1.0,False
20332_0c2a24aa,topo_minimal,4,20241_ccb70dc8,topo_isolated,1.0,False
20332_0c2a24aa,topo_minimal,5,21119_4f5c95a6,topo_minimal,1.0,True
20332_0c2a24aa,topo_minimal,6,21139_cd619b26,topo_minimal,1.0,True
20332_0c2a24aa,topo_minimal,7,20804_0dcacc66,topo_minimal,1.0,True
20332_0c2a24aa,topo_minimal,8,22154_24342da4,topo_isolated,1.0,False
20332_0c2a24aa,topo_minimal,9,22142_7891a26a,topo_minimal,1.0,True
20332_0c2a24aa,topo_minimal,10,20898_5f5b9bc7,topo_minimal,1.0,True
20807_88c198d5,topo_isolated,1,20989_a261efa3,topo_isolated,1.0,True
20807_88c198d5,topo_isolated,2,21781_5985da6d,topo_isolated,1.0,True
20807_88c198d5,topo_isolated,3,22374_aa5bb54d,topo_isolated,1.0,True
20807_88c198d5,topo_isolated,4,21665_2e14b6ff,topo_isolated,0.999999,True
20807_88c198d5,topo_isolated,5,21015_10304cb9,topo_isolated,0.999999,True
20807_88c198d5,topo_isolated,6,22843_cb38a007,topo_moderate,0.999999,False
20807_88c198d5,topo_isolated,7,22283_36ba29c9,topo_minimal,0.999999,False
20807_88c198d5,topo_isolated,8,23215_08a54de0,topo_moderate,0.999999,False
20807_88c198d5,topo_isolated,9,22227_aca28ff2,topo_moderate,0.999999,False
20807_88c198d5,topo_isolated,10,20467_f1fcc009,topo_isolated,0.999999,True
21825_ce32b0a0,topo_minimal,1,23103_43bde2a6,topo_minimal,1.0,True
21825_ce32b0a0,topo_minimal,2,20822_5bb36119,topo_isolated,1.0,False
21825_ce32b0a0,topo_minimal,3,21785_d595ced5,topo_minimal,1.0,True
21825_ce32b0a0,topo_minimal,4,21761_fdb5f86d,topo_moderate,1.0,False
21825_ce32b0a0,topo_minimal,5,22367_b4a67e61,topo_minimal,0.999999,True
21825_ce32b0a0,topo_minimal,6,23164_659c91ef,topo_connected,0.999999,False
21825_ce32b0a0,topo_minimal,7,22014_5880c417,topo_moderate,0.999999,False
21825_ce32b0a0,topo_minimal,8,20810_f6674f2d,topo_isolated,0.999999,False
21825_ce32b0a0,topo_minimal,9,21564_fa5b2db7,topo_isolated,0.999998,False
21825_ce32b0a0,topo_minimal,10,20212_5d1f2de1,topo_moderate,0.999998,False
23366_cc0bc28e,topo_minimal,1,21625_d5d4c9a7,topo_moderate,0.999999,False
23366_cc0bc28e,topo_minimal,2,22074_c0265b0d,topo_moderate,0.999999,False
23366_cc0bc28e,topo_minimal,3,22062_2d6b3b72,topo_minimal,0.999998,True
23366_cc0bc28e,topo_minimal,4,22061_b50b6b66,topo_isolated,0.999998,False
23366_cc0bc28e,topo_minimal,5,22224_1e749c32,topo_moderate,0.999998,False
23366_cc0bc28e,topo_minimal,6,20970_d20c6c35,topo_connected,0.999997,False
23366_cc0bc28e,topo_minimal,7,21326_ab4d6c43,topo_moderate,0.999997,False
23366_cc0bc28e,topo_minimal,8,23178_eb4b4280,topo_minimal,0.999996,True
23366_cc0bc28e,topo_minimal,9,23158_c7e753c2,topo_moderate,0.999996,False
23366_cc0bc28e,topo_minimal,10,21603_98a15295,topo_minimal,0.999995,True
22136_a539c50b,topo_isolated,1,21862_ec534e16,topo_minimal,1.0,False
22136_a539c50b,topo_isolated,2,20806_ca60b7ae,topo_minimal,1.0,False
22136_a539c50b,topo_isolated,3,20429_9dd95c38,topo_isolated,1.0,True
22136_a539c50b,topo_isolated,4,20342_c140780b,topo_isolated,1.0,True
22136_a539c50b,topo_isolated,5,22178_976d2411,topo_minimal,1.0,False
22136_a539c50b,topo_isolated,6,19518_f220b68a,topo_isolated,0.999999,True
22136_a539c50b,topo_isolated,7,23163_7b143a6f,topo_moderate,0.999999,False
22136_a539c50b,topo_isolated,8,20451_557fe5cd,topo_minimal,0.999999,False
22136_a539c50b,topo_isolated,9,20994_9c88b1ba,topo_minimal,0.999999,False
22136_a539c50b,topo_isolated,10,23199_75dc1efd,topo_minimal,0.999999,False
20414_a33bd0d7,topo_moderate,1,22681_124bf3a9,topo_moderate,1.0,True
20414_a33bd0d7,topo_moderate,2,23245_ccd099b6,topo_connected,0.999999,False
20414_a33bd0d7,topo_moderate,3,20281_a29f9a18,topo_minimal,0.999998,False
20414_a33bd0d7,topo_moderate,4,21737_87d83240,topo_moderate,0.999998,True
20414_a33bd0d7,topo_moderate,5,22066_308cdcfe,topo_connected,0.999997,False
20414_a33bd0d7,topo_moderate,6,22072_5163223a,topo_moderate,0.999997,True
20414_a33bd0d7,topo_moderate,7,21600_0027c6fc,topo_moderate,0.999997,True
20414_a33bd0d7,topo_moderate,8,20421_83f66ddc,topo_minimal,0.999997,False
20414_a33bd0d7,topo_moderate,9,21224_18ba4aba,topo_moderate,0.999996,True
20414_a33bd0d7,topo_moderate,10,21275_c8049742,topo_minimal,0.999995,False
22196_0deb2e34,topo_connected,1,23322_8f85d82d,topo_moderate,0.999999,False
22196_0deb2e34,topo_connected,2,21390_4d1e2d9c,topo_moderate,0.999998,False
22196_0deb2e34,topo_connected,3,22654_4c426b0f,topo_moderate,0.999992,False
22196_0deb2e34,topo_connected,4,22196_e5bf8c9d,topo_connected,0.999989,True
22196_0deb2e34,topo_connected,5,22197_66c5655e,topo_connected,0.999988,True
22196_0deb2e34,topo_connected,6,23043_c0827516,topo_moderate,0.999987,False
22196_0deb2e34,topo_connected,7,21552_4e9c19b1,topo_moderate,0.999985,False
22196_0deb2e34,topo_connected,8,22706_58a933f4,topo_moderate,0.999982,False
22196_0deb2e34,topo_connected,9,22448_1f21757a,topo_connected,0.999981,True
22196_0deb2e34,topo_connected,10,20680_b095cb77,topo_minimal,0.999978,False
23273_8f301ce3,topo_moderate,1,20818_098cad7c,topo_complex,0.999996,False
23273_8f301ce3,topo_moderate,2,21805_2ba39d00,topo_complex,0.999937,False
23273_8f301ce3,topo_moderate,3,23378_8d6426ae,topo_moderate,0.999934,True
23273_8f301ce3,topo_moderate,4,23154_7c74d190,topo_connected,0.999862,False
23273_8f301ce3,topo_moderate,5,22278_12f1fb79,topo_minimal,0.99977,False
23273_8f301ce3,topo_moderate,6,22331_152ee5c0,topo_moderate,0.999747,True
23273_8f301ce3,topo_moderate,7,23053_139f2009,topo_complex,0.999461,False
23273_8f301ce3,topo_moderate,8,21329_1bfecd1d,topo_connected,0.999456,False
23273_8f301ce3,topo_moderate,9,21797_69df08d5,topo_complex,0.999381,False
23273_8f301ce3,topo_moderate,10,21557_53eafe15,topo_complex,0.999265,False
21063_037107dc,topo_isolated,1,21744_5ae4d9d5,topo_connected,0.999954,False
21063_037107dc,topo_isolated,2,21024_9be3d461,topo_moderate,0.99987,False
21063_037107dc,topo_isolated,3,20500_e88d8065,topo_connected,0.999836,False
21063_037107dc,topo_isolated,4,19566_19d85d3b,topo_complex,0.99983,False
21063_037107dc,topo_isolated,5,22421_19401bdd,topo_complex,0.999802,False
21063_037107dc,topo_isolated,6,23251_3eb3d2e6,topo_minimal,0.999753,False
21063_037107dc,topo_isolated,7,23282_a1b17daa,topo_complex,0.999753,False
21063_037107dc,topo_isolated,8,23495_6366269c,topo_connected,0.999748,False
21063_037107dc,topo_isolated,9,20622_38dd90d0,topo_complex,0.999733,False
21063_037107dc,topo_isolated,10,23226_8d1b5098,topo_connected,0.999731,False
23351_6104d55d,topo_moderate,1,23250_aa321310,topo_moderate,1.0,True
23351_6104d55d,topo_moderate,2,16550_e88d6986,topo_minimal,1.0,False
23351_6104d55d,topo_moderate,3,20947_115d4058,topo_isolated,1.0,False
23351_6104d55d,topo_moderate,4,20994_9c88b1ba,topo_minimal,1.0,False
23351_6104d55d,topo_moderate,5,22472_f65d3470,topo_isolated,1.0,False
23351_6104d55d,topo_moderate,6,23163_7b143a6f,topo_moderate,1.0,True
23351_6104d55d,topo_moderate,7,19518_f220b68a,topo_isolated,1.0,False
23351_6104d55d,topo_moderate,8,20342_c140780b,topo_isolated,1.0,False
23351_6104d55d,topo_moderate,9,20429_9dd95c38,topo_isolated,1.0,False
23351_6104d55d,topo_moderate,10,20478_c02790cb,topo_minimal,1.0,False
21236_b696e901,topo_complex,1,20746_57a7b346,topo_complex,0.99989,True
21236_b696e901,topo_complex,2,20246_40be7668,topo_moderate,0.999429,False
21236_b696e901,topo_complex,3,20870_dedaef5b,topo_complex,0.99809,True
21236_b696e901,topo_complex,4,21718_1551037b,topo_moderate,0.997718,False
21236_b696e901,topo_complex,5,20952_b8a54213,topo_complex,0.996096,True
21236_b696e901,topo_complex,6,20745_3e22ad07,topo_moderate,0.992692,False
21236_b696e901,topo_complex,7,23258_87a2ba81,topo_complex,0.992166,True
21236_b696e901,topo_complex,8,20351_dc6e4e1e,topo_connected,0.991589,False
21236_b696e901,topo_complex,9,23376_9b48819a,topo_minimal,0.990832,False
21236_b696e901,topo_complex,10,22717_08784417,topo_connected,0.989318,False
23321_c9497b79,topo_moderate,1,23408_e5fd25ba,topo_moderate,0.999999,True
23321_c9497b79,topo_moderate,2,21184_971559b6,topo_connected,0.999998,False
23321_c9497b79,topo_moderate,3,22378_234fea2c,topo_moderate,0.999997,True
23321_c9497b79,topo_moderate,4,20406_dacb0300,topo_moderate,0.999996,True
23321_c9497b79,topo_moderate,5,21611_1d3ff1b6,topo_isolated,0.999996,False
23321_c9497b79,topo_moderate,6,20958_94222947,topo_minimal,0.999994,False
23321_c9497b79,topo_moderate,7,21848_0fff9631,topo_isolated,0.999994,False
23321_c9497b79,topo_moderate,8,21613_d57e983a,topo_isolated,0.999991,False
23321_c9497b79,topo_moderate,9,21617_ddd3657b,topo_isolated,0.99999,False
23321_c9497b79,topo_moderate,10,23440_5956321f,topo_isolated,0.99999,False
21351_675c66b1,topo_moderate,1,23226_8d1b5098,topo_connected,0.999904,False
21351_675c66b1,topo_moderate,2,20787_ed64ff5e,topo_moderate,0.999899,True
21351_675c66b1,topo_moderate,3,23161_e7f63a9f,topo_isolated,0.999872,False
21351_675c66b1,topo_moderate,4,22081_ab3124af,topo_complex,0.999841,False
21351_675c66b1,topo_moderate,5,20622_38dd90d0,topo_complex,0.999823,False
21351_675c66b1,topo_moderate,6,22535_0ba01cc9,topo_complex,0.999808,False
21351_675c66b1,topo_moderate,7,21024_9be3d461,topo_moderate,0.999761,True
21351_675c66b1,topo_moderate,8,22056_79373464,topo_complex,0.999748,False
21351_675c66b1,topo_moderate,9,21941_1a683ec2,topo_complex,0.999739,False
21351_675c66b1,topo_moderate,10,20500_e88d8065,topo_connected,0.999704,False
20675_66ac9773,topo_complex,1,20799_213bf924,topo_complex,0.99945,True
20675_66ac9773,topo_complex,2,22125_e3a4cad4,topo_complex,0.999018,True
20675_66ac9773,topo_complex,3,22415_658c81dd,topo_complex,0.997554,True
20675_66ac9773,topo_complex,4,21859_35124f79,topo_complex,0.996744,True
20675_66ac9773,topo_complex,5,20546_87dbd755,topo_complex,0.986658,True
20675_66ac9773,topo_complex,6,22404_66db7dd7,topo_connected,0.985037,False
20675_66ac9773,topo_complex,7,20544_43691724,topo_complex,0.982195,True
20675_66ac9773,topo_complex,8,21647_6b6cca6f,topo_complex,0.981705,True
20675_66ac9773,topo_complex,9,21926_b4c7068b,topo_complex,0.978306,True
20675_66ac9773,topo_complex,10,23511_8651ac1f,topo_connected,0.9762,False
23238_3c864758,topo_moderate,1,22064_e1ba20dd,topo_moderate,0.999999,True
23238_3c864758,topo_moderate,2,20421_83f66ddc,topo_minimal,0.999998,False
23238_3c864758,topo_moderate,3,21737_87d83240,topo_moderate,0.999998,True
23238_3c864758,topo_moderate,4,23435_e1c96b4d,topo_moderate,0.999998,True
23238_3c864758,topo_moderate,5,21600_0027c6fc,topo_moderate,0.999997,True
23238_3c864758,topo_moderate,6,21048_75cc125c,topo_complex,0.999997,False
23238_3c864758,topo_moderate,7,21706_adfb2ece,topo_moderate,0.999996,True
23238_3c864758,topo_moderate,8,22072_5163223a,topo_moderate,0.999996,True
23238_3c864758,topo_moderate,9,23409_e27e3b8b,topo_isolated,0.999996,False
23238_3c864758,topo_moderate,10,20743_c8ea8159,topo_minimal,0.999996,False
20193_2da4f0a0,topo_minimal,1,20838_86c931be,topo_minimal,1.0,True
20193_2da4f0a0,topo_minimal,2,20671_33532794,topo_minimal,1.0,True
20193_2da4f0a0,topo_minimal,3,21459_a9de5e5b,topo_isolated,1.0,False
20193_2da4f0a0,topo_minimal,4,21495_ebbbd369,topo_moderate,1.0,False
20193_2da4f0a0,topo_minimal,5,22844_9b75b8e0,topo_moderate,1.0,False
20193_2da4f0a0,topo_minimal,6,20951_2918f2fa,topo_moderate,1.0,False
20193_2da4f0a0,topo_minimal,7,21062_c4ed6d45,topo_minimal,1.0,True
20193_2da4f0a0,topo_minimal,8,22026_62afa265,topo_minimal,1.0,True
20193_2da4f0a0,topo_minimal,9,22075_12b129d5,topo_isolated,1.0,False
20193_2da4f0a0,topo_minimal,10,21806_616e985a,topo_isolated,1.0,False
23473_1dfa6e40,topo_complex,1,22776_facf9bcf,topo_complex,0.999995,True
23473_1dfa6e40,topo_complex,2,22040_6461a147,topo_connected,0.999994,False
23473_1dfa6e40,topo_complex,3,23028_2ca87745,topo_connected,0.999993,False
23473_1dfa6e40,topo_complex,4,22778_7d85debd,topo_complex,0.999991,True
23473_1dfa6e40,topo_complex,5,20141_b9376856,topo_moderate,0.999991,False
23473_1dfa6e40,topo_complex,6,22832_731d3b9f,topo_complex,0.999985,True
23473_1dfa6e40,topo_complex,7,20421_49bd1188,topo_connected,0.999984,False
23473_1dfa6e40,topo_complex,8,22987_37973191,topo_complex,0.999982,True
23473_1dfa6e40,topo_complex,9,22126_e1cca10f,topo_connected,0.999981,False
23473_1dfa6e40,topo_complex,10,21974_1997ebc3,topo_moderate,0.99998,False
21709_4dd88551,topo_connected,1,21697_06656699,topo_connected,0.999987,True
21709_4dd88551,topo_connected,2,21121_1e9e7540,topo_complex,0.999987,False
21709_4dd88551,topo_connected,3,23233_ac09e2e5,topo_complex,0.999964,False
21709_4dd88551,topo_connected,4,22417_4a15d62e,topo_connected,0.99996,True
21709_4dd88551,topo_connected,5,21849_a5f563a6,topo_complex,0.999948,False
21709_4dd88551,topo_connected,6,21352_c1101acb,topo_moderate,0.999944,False
21709_4dd88551,topo_connected,7,21700_28d193ac,topo_complex,0.999943,False
21709_4dd88551,topo_connected,8,22070_fd1b8e5e,topo_connected,0.999937,True
21709_4dd88551,topo_connected,9,23467_9f431540,topo_moderate,0.999927,False
21709_4dd88551,topo_connected,10,21153_a2fb81fe,topo_connected,0.999926,True
20646_4cd14a72,topo_moderate,1,22589_2c8f7c0b,topo_minimal,0.999999,False
20646_4cd14a72,topo_moderate,2,21391_78fc6345,topo_moderate,0.999999,True
20646_4cd14a72,topo_moderate,3,22981_93f268ae,topo_minimal,0.999999,False
20646_4cd14a72,topo_moderate,4,23341_d5ead6d2,topo_moderate,0.999999,True
20646_4cd14a72,topo_moderate,5,21175_85118898,topo_moderate,0.999999,True
20646_4cd14a72,topo_moderate,6,22377_d490f505,topo_moderate,0.999998,True
20646_4cd14a72,topo_moderate,7,23244_34b5f55e,topo_connected,0.999998,False
20646_4cd14a72,topo_moderate,8,23096_7da0f913,topo_moderate,0.999998,True
20646_4cd14a72,topo_moderate,9,21469_abec26c4,topo_moderate,0.999998,True
20646_4cd14a72,topo_moderate,10,21448_5646a1b6,topo_minimal,0.999998,False
21588_0c48dc5f,topo_moderate,1,20647_cea2e07c,topo_moderate,1.0,True
21588_0c48dc5f,topo_moderate,2,22895_4533b542,topo_moderate,1.0,True
21588_0c48dc5f,topo_moderate,3,22891_b8c84495,topo_moderate,0.999999,True
21588_0c48dc5f,topo_moderate,4,20940_9777847c,topo_connected,0.999999,False
21588_0c48dc5f,topo_moderate,5,23096_7da0f913,topo_moderate,0.999999,True
21588_0c48dc5f,topo_moderate,6,22981_93f268ae,topo_minimal,0.999999,False
21588_0c48dc5f,topo_moderate,7,22589_2c8f7c0b,topo_minimal,0.999998,False
21588_0c48dc5f,topo_moderate,8,23244_34b5f55e,topo_connected,0.999998,False
21588_0c48dc5f,topo_moderate,9,21051_5d118b91,topo_minimal,0.999998,False
21588_0c48dc5f,topo_moderate,10,21715_53df62c9,topo_minimal,0.999998,False
23377_690165aa,topo_connected,1,22027_11a2e852,topo_complex,0.999982,False
23377_690165aa,topo_connected,2,21134_7aa7cd89,topo_complex,0.999916,False
23377_690165aa,topo_connected,3,21300_ec7da33e,topo_connected,0.999879,True
23377_690165aa,topo_connected,4,21977_ce9f4e71,topo_moderate,0.999848,False
23377_690165aa,topo_connected,5,21839_a8eb6d34,topo_isolated,0.999823,False
23377_690165aa,topo_connected,6,23251_3eb3d2e6,topo_minimal,0.999819,False
23377_690165aa,topo_connected,7,21809_8bd6b10e,topo_complex,0.999805,False
23377_690165aa,topo_connected,8,22211_b1ee53f0,topo_connected,0.99979,True
23377_690165aa,topo_connected,9,19566_19d85d3b,topo_complex,0.999749,False
23377_690165aa,topo_connected,10,20959_d4905d19,topo_complex,0.999711,False
23468_a0bfb573,topo_complex,1,20237_06b27bf5,topo_moderate,0.999999,False
23468_a0bfb573,topo_complex,2,22399_97987ada,topo_isolated,0.999998,False
23468_a0bfb573,topo_complex,3,22035_101c7ab4,topo_connected,0.999976,False
23468_a0bfb573,topo_complex,4,21490_d07ff9f8,topo_complex,0.999965,True
23468_a0bfb573,topo_complex,5,21539_cfe1f7fd,topo_connected,0.999961,False
23468_a0bfb573,topo_complex,6,22576_d05619d1,topo_isolated,0.99996,False
23468_a0bfb573,topo_complex,7,20620_8a5226b4,topo_isolated,0.999951,False
23468_a0bfb573,topo_complex,8,21836_5bc91e49,topo_moderate,0.999937,False
23468_a0bfb573,topo_complex,9,21828_21ab2114,topo_isolated,0.999934,False
23468_a0bfb573,topo_complex,10,22365_a4eb929c,topo_moderate,0.999932,False
20468_1c33550a,topo_minimal,1,21140_8d150c65,topo_minimal,1.0,True
20468_1c33550a,topo_minimal,2,20803_473c87ac,topo_isolated,1.0,False
20468_1c33550a,topo_minimal,3,22014_5880c417,topo_moderate,1.0,False
20468_1c33550a,topo_minimal,4,20741_c337946f,topo_minimal,1.0,True
20468_1c33550a,topo_minimal,5,21564_fa5b2db7,topo_isolated,0.999999,False
20468_1c33550a,topo_minimal,6,20731_fbdc7731,topo_moderate,0.999999,False
20468_1c33550a,topo_minimal,7,23039_b3d04774,topo_moderate,0.999999,False
20468_1c33550a,topo_minimal,8,22135_2aa77ff2,topo_isolated,0.999999,False
20468_1c33550a,topo_minimal,9,22746_920025a0,topo_moderate,0.999999,False
20468_1c33550a,topo_minimal,10,22367_b4a67e61,topo_minimal,0.999999,True
21176_b5c72bfb,topo_moderate,1,23221_42f37ae3,topo_moderate,0.999999,True
21176_b5c72bfb,topo_moderate,2,22095_af226cbc,topo_complex,0.999999,False
21176_b5c72bfb,topo_moderate,3,21961_1a090a8b,topo_isolated,0.999997,False
21176_b5c72bfb,topo_moderate,4,21224_18ba4aba,topo_moderate,0.999997,True
21176_b5c72bfb,topo_moderate,5,22141_5db99710,topo_moderate,0.999996,True
21176_b5c72bfb,topo_moderate,6,20682_e208cc63,topo_isolated,0.999996,False
21176_b5c72bfb,topo_moderate,7,22057_4947db57,topo_minimal,0.999995,False
21176_b5c72bfb,topo_moderate,8,22577_cd96733e,topo_moderate,0.999993,True
21176_b5c72bfb,topo_moderate,9,22162_439af02a,topo_isolated,0.999993,False
21176_b5c72bfb,topo_moderate,10,22313_3a8b93dc,topo_connected,0.999993,False
23252_ef165bed,topo_complex,1,21923_41fa6eda,topo_moderate,0.999995,False
23252_ef165bed,topo_complex,2,20788_d25efea2,topo_connected,0.999995,False
23252_ef165bed,topo_complex,3,21816_3891a442,topo_complex,0.999994,True
23252_ef165bed,topo_complex,4,23132_1847c4ef,topo_complex,0.999988,True
23252_ef165bed,topo_complex,5,23480_3f7a8d50,topo_minimal,0.999987,False
23252_ef165bed,topo_complex,6,21779_b99623fc,topo_connected,0.999985,False
23252_ef165bed,topo_complex,7,20755_4b5e61bf,topo_connected,0.999985,False
23252_ef165bed,topo_complex,8,23451_14c8d09e,topo_connected,0.999981,False
23252_ef165bed,topo_complex,9,22448_1f21757a,topo_connected,0.999976,False
23252_ef165bed,topo_complex,10,20779_fc5a7c3d,topo_connected,0.999975,False
21164_de08f61e,topo_connected,1,22630_b6010fff,topo_connected,0.99995,True
21164_de08f61e,topo_connected,2,23380_abffc859,topo_complex,0.999926,False
21164_de08f61e,topo_connected,3,22666_bdaa1303,topo_complex,0.999908,False
21164_de08f61e,topo_connected,4,21979_29f59427,topo_connected,0.99989,True
21164_de08f61e,topo_connected,5,23156_7788f78a,topo_complex,0.99986,False
21164_de08f61e,topo_connected,6,23368_648717d8,topo_complex,0.999836,False
21164_de08f61e,topo_connected,7,22242_4ceddc2b,topo_complex,0.999769,False
21164_de08f61e,topo_connected,8,21545_4384f96e,topo_moderate,0.999768,False
21164_de08f61e,topo_connected,9,20278_d442e77d,topo_complex,0.999737,False
21164_de08f61e,topo_connected,10,23083_fdb942ac,topo_connected,0.999732,True
20789_1809f41f,topo_moderate,1,20609_69f28932,topo_moderate,0.999997,True
20789_1809f41f,topo_moderate,2,23308_245d257c,topo_moderate,0.999995,True
20789_1809f41f,topo_moderate,3,21817_945cd3c9,topo_connected,0.999994,False
20789_1809f41f,topo_moderate,4,21292_f94bd96b,topo_connected,0.999994,False
20789_1809f41f,topo_moderate,5,23102_211ad1db,topo_isolated,0.999993,False
20789_1809f41f,topo_moderate,6,21497_9833a679,topo_moderate,0.999993,True
20789_1809f41f,topo_moderate,7,22092_897b0ffa,topo_moderate,0.999993,True
20789_1809f41f,topo_moderate,8,21478_8fbd4409,topo_moderate,0.999992,True
20789_1809f41f,topo_moderate,9,21529_93e51dd9,topo_connected,0.999991,False
20789_1809f41f,topo_moderate,10,23363_60e39812,topo_complex,0.999991,False
22197_66c5655e,topo_connected,1,23043_c0827516,topo_moderate,0.999997,False
22197_66c5655e,topo_connected,2,21390_4d1e2d9c,topo_moderate,0.999994,False
22197_66c5655e,topo_connected,3,22196_e5bf8c9d,topo_connected,0.999992,True
22197_66c5655e,topo_connected,4,23322_8f85d82d,topo_moderate,0.999991,False
22197_66c5655e,topo_connected,5,22196_0deb2e34,topo_connected,0.999988,True
22197_66c5655e,topo_connected,6,22448_1f21757a,topo_connected,0.999981,True
22197_66c5655e,topo_connected,7,21982_bdafa78d,topo_isolated,0.999978,False
22197_66c5655e,topo_connected,8,23132_1847c4ef,topo_complex,0.999976,False
22197_66c5655e,topo_connected,9,20788_d25efea2,topo_connected,0.999976,True
22197_66c5655e,topo_connected,10,21923_41fa6eda,topo_moderate,0.999975,False
21352_c1101acb,topo_moderate,1,23467_9f431540,topo_moderate,0.999989,True
21352_c1101acb,topo_moderate,2,21121_1e9e7540,topo_complex,0.999979,False
21352_c1101acb,topo_moderate,3,22417_4a15d62e,topo_connected,0.999975,False
21352_c1101acb,topo_moderate,4,21845_dff8b3a1,topo_complex,0.999967,False
21352_c1101acb,topo_moderate,5,22028_776fbf0d,topo_complex,0.999966,False
21352_c1101acb,topo_moderate,6,21153_a2fb81fe,topo_connected,0.999964,False
21352_c1101acb,topo_moderate,7,21849_a5f563a6,topo_complex,0.999962,False
21352_c1101acb,topo_moderate,8,23130_7417d5b3,topo_complex,0.999959,False
21352_c1101acb,topo_moderate,9,21700_28d193ac,topo_complex,0.999959,False
21352_c1101acb,topo_moderate,10,22070_fd1b8e5e,topo_connected,0.999955,False
22376_3ebc82a2,topo_complex,1,22082_39503fa6,topo_complex,0.999998,True
22376_3ebc82a2,topo_complex,2,20421_38b63ca5,topo_complex,0.999996,True
22376_3ebc82a2,topo_complex,3,20858_15bdad00,topo_complex,0.999983,True
22376_3ebc82a2,topo_complex,4,22266_078a1f68,topo_complex,0.999965,True
22376_3ebc82a2,topo_complex,5,22980_3cb3bcc8,topo_complex,0.999954,True
22376_3ebc82a2,topo_complex,6,22534_e899f645,topo_complex,0.999944,True
22376_3ebc82a2,topo_complex,7,20389_c835706f,topo_moderate,0.999942,False
22376_3ebc82a2,topo_complex,8,19810_f77c5501,topo_complex,0.999937,True
22376_3ebc82a2,topo_complex,9,21601_360ce1c7,topo_connected,0.999936,False
22376_3ebc82a2,topo_complex,10,21539_cfe1f7fd,topo_connected,0.999935,False
20502_58b65de9,topo_connected,1,22414_14ead4a3,topo_complex,0.999997,False
20502_58b65de9,topo_connected,2,21828_21ab2114,topo_isolated,0.999987,False
20502_58b65de9,topo_connected,3,21836_5bc91e49,topo_moderate,0.999986,False
20502_58b65de9,topo_connected,4,22365_a4eb929c,topo_moderate,0.999985,False
20502_58b65de9,topo_connected,5,22654_4c426b0f,topo_moderate,0.999981,False
20502_58b65de9,topo_connected,6,23259_d655fcc1,topo_moderate,0.99998,False
20502_58b65de9,topo_connected,7,20680_b095cb77,topo_minimal,0.999977,False
20502_58b65de9,topo_connected,8,21552_4e9c19b1,topo_moderate,0.999969,False
20502_58b65de9,topo_connected,9,22706_58a933f4,topo_moderate,0.999968,False
20502_58b65de9,topo_connected,10,21719_d60b8a4a,topo_minimal,0.999966,False
21153_a2fb81fe,topo_connected,1,21700_28d193ac,topo_complex,0.999997,False
21153_a2fb81fe,topo_connected,2,22581_406c16c4,topo_moderate,0.999986,False
21153_a2fb81fe,topo_connected,3,23130_7417d5b3,topo_complex,0.999977,False
21153_a2fb81fe,topo_connected,4,23467_9f431540,topo_moderate,0.999973,False
21153_a2fb81fe,topo_connected,5,22417_4a15d62e,topo_connected,0.999971,True
21153_a2fb81fe,topo_connected,6,21352_c1101acb,topo_moderate,0.999964,False
21153_a2fb81fe,topo_connected,7,21121_1e9e7540,topo_complex,0.999963,False
21153_a2fb81fe,topo_connected,8,21697_06656699,topo_connected,0.999951,True
21153_a2fb81fe,topo_connected,9,22028_776fbf0d,topo_complex,0.999945,False
21153_a2fb81fe,topo_connected,10,23083_fdb942ac,topo_connected,0.999943,True
20409_dafedec6,topo_isolated,1,20947_115d4058,topo_isolated,1.0,True
20409_dafedec6,topo_isolated,2,23351_6104d55d,topo_moderate,1.0,False
20409_dafedec6,topo_isolated,3,16550_e88d6986,topo_minimal,1.0,False
20409_dafedec6,topo_isolated,4,20994_9c88b1ba,topo_minimal,1.0,False
20409_dafedec6,topo_isolated,5,23250_aa321310,topo_moderate,1.0,False
20409_dafedec6,topo_isolated,6,19518_f220b68a,topo_isolated,1.0,True
20409_dafedec6,topo_isolated,7,20342_c140780b,topo_isolated,0.999999,True
20409_dafedec6,topo_isolated,8,20429_9dd95c38,topo_isolated,0.999999,True
20409_dafedec6,topo_isolated,9,20259_de1ab632,topo_minimal,0.999999,False
20409_dafedec6,topo_isolated,10,20340_86125547,topo_minimal,0.999999,False
21492_8bd34fc1,topo_complex,1,22413_901f5867,topo_complex,0.999903,True
21492_8bd34fc1,topo_complex,2,20245_f1b25d43,topo_complex,0.999784,True
21492_8bd34fc1,topo_complex,3,22533_e7298b05,topo_complex,0.99965,True
21492_8bd34fc1,topo_complex,4,21204_96d26a7f,topo_complex,0.999603,True
21492_8bd34fc1,topo_complex,5,21656_964b0c84,topo_complex,0.999396,True
21492_8bd34fc1,topo_complex,6,22492_047b125b,topo_connected,0.999135,False
21492_8bd34fc1,topo_complex,7,22428_c1ffa51a,topo_minimal,0.999058,False
21492_8bd34fc1,topo_complex,8,21924_bbd9f7a9,topo_connected,0.998992,False
21492_8bd34fc1,topo_complex,9,23271_f833d903,topo_connected,0.998812,False
21492_8bd34fc1,topo_complex,10,23195_2629864e,topo_connected,0.998483,False
20622_38dd90d0,topo_complex,1,21024_9be3d461,topo_moderate,0.999965,False
20622_38dd90d0,topo_complex,2,23226_8d1b5098,topo_connected,0.999965,False
20622_38dd90d0,topo_complex,3,22056_79373464,topo_complex,0.999931,True
20622_38dd90d0,topo_complex,4,20787_ed64ff5e,topo_moderate,0.999897,False
20622_38dd90d0,topo_complex,5,22081_ab3124af,topo_complex,0.999824,True
20622_38dd90d0,topo_complex,6,23282_a1b17daa,topo_complex,0.999823,True
20622_38dd90d0,topo_complex,7,21351_675c66b1,topo_moderate,0.999823,False
20622_38dd90d0,topo_complex,8,20500_e88d8065,topo_connected,0.999822,False
20622_38dd90d0,topo_complex,9,22535_0ba01cc9,topo_complex,0.999812,True
20622_38dd90d0,topo_complex,10,21063_037107dc,topo_isolated,0.999733,False
22428_c1ffa51a,topo_minimal,1,21924_bbd9f7a9,topo_connected,0.999977,False
22428_c1ffa51a,topo_minimal,2,23195_2629864e,topo_connected,0.999774,False
22428_c1ffa51a,topo_minimal,3,23144_88ca00a5,topo_connected,0.999698,False
22428_c1ffa51a,topo_minimal,4,23235_f9ccb8b0,topo_connected,0.999631,False
22428_c1ffa51a,topo_minimal,5,20245_f1b25d43,topo_complex,0.999615,False
22428_c1ffa51a,topo_minimal,6,22492_047b125b,topo_connected,0.9995,False
22428_c1ffa51a,topo_minimal,7,23271_f833d903,topo_connected,0.99937,False
22428_c1ffa51a,topo_minimal,8,21580_b8b2571b,topo_connected,0.999242,False
22428_c1ffa51a,topo_minimal,9,22076_20e8a107,topo_complex,0.999211,False
22428_c1ffa51a,topo_minimal,10,20279_aed6b3b3,topo_complex,0.99916,False
21047_60d69af3,topo_minimal,1,21581_8f948e0b,topo_moderate,1.0,False
21047_60d69af3,topo_minimal,2,23439_18900af2,topo_minimal,1.0,True
21047_60d69af3,topo_minimal,3,22907_ff18dbd5,topo_moderate,1.0,False
21047_60d69af3,topo_minimal,4,23311_ad36a9ec,topo_minimal,1.0,True
21047_60d69af3,topo_minimal,5,22843_ff77027f,topo_moderate,1.0,False
21047_60d69af3,topo_minimal,6,20467_f1fcc009,topo_isolated,1.0,False
21047_60d69af3,topo_minimal,7,20385_f2d30908,topo_minimal,1.0,True
21047_60d69af3,topo_minimal,8,22227_aca28ff2,topo_moderate,1.0,False
21047_60d69af3,topo_minimal,9,22058_71feafda,topo_isolated,0.999999,False
21047_60d69af3,topo_minimal,10,22668_9c30f6c0,topo_minimal,0.999999,True
23215_08a54de0,topo_moderate,1,21781_5985da6d,topo_isolated,1.0,False
23215_08a54de0,topo_moderate,2,22843_cb38a007,topo_moderate,1.0,True
23215_08a54de0,topo_moderate,3,22058_71feafda,topo_isolated,1.0,False
23215_08a54de0,topo_moderate,4,22374_aa5bb54d,topo_isolated,1.0,False
23215_08a54de0,topo_moderate,5,20467_f1fcc009,topo_isolated,1.0,False
23215_08a54de0,topo_moderate,6,20341_6a1588fb,topo_minimal,1.0,False
23215_08a54de0,topo_moderate,7,21015_10304cb9,topo_isolated,1.0,False
23215_08a54de0,topo_moderate,8,23439_18900af2,topo_minimal,1.0,False
23215_08a54de0,topo_moderate,9,22227_aca28ff2,topo_moderate,1.0,True
23215_08a54de0,topo_moderate,10,22907_ff18dbd5,topo_moderate,1.0,True
20680_b095cb77,topo_minimal,1,22706_58a933f4,topo_moderate,0.999998,False
20680_b095cb77,topo_minimal,2,22654_4c426b0f,topo_moderate,0.999995,False
20680_b095cb77,topo_minimal,3,22414_14ead4a3,topo_complex,0.99999,False
20680_b095cb77,topo_minimal,4,23259_d655fcc1,topo_moderate,0.999989,False
20680_b095cb77,topo_minimal,5,22365_a4eb929c,topo_moderate,0.999985,False
20680_b095cb77,topo_minimal,6,21828_21ab2114,topo_isolated,0.999984,False
20680_b095cb77,topo_minimal,7,21836_5bc91e49,topo_moderate,0.999982,False
20680_b095cb77,topo_minimal,8,20926_4c0f33f6,topo_minimal,0.99998,True
20680_b095cb77,topo_minimal,9,22196_0deb2e34,topo_connected,0.999978,False
20680_b095cb77,topo_minimal,10,20502_58b65de9,topo_connected,0.999977,False
23130_7417d5b3,topo_complex,1,22028_776fbf0d,topo_complex,0.999979,True
23130_7417d5b3,topo_complex,2,21153_a2fb81fe,topo_connected,0.999977,False
23130_7417d5b3,topo_complex,3,23233_ac09e2e5,topo_complex,0.999977,True
23130_7417d5b3,topo_complex,4,21845_dff8b3a1,topo_complex,0.999971,True
23130_7417d5b3,topo_complex,5,21700_28d193ac,topo_complex,0.999966,True
23130_7417d5b3,topo_complex,6,21352_c1101acb,topo_moderate,0.999959,False
23130_7417d5b3,topo_complex,7,22070_fd1b8e5e,topo_connected,0.999958,False
23130_7417d5b3,topo_complex,8,22168_a84560a9,topo_connected,0.999956,False
23130_7417d5b3,topo_complex,9,22581_406c16c4,topo_moderate,0.999954,False
23130_7417d5b3,topo_complex,10,21849_a5f563a6,topo_complex,0.999952,True
22193_c8773ded,topo_connected,1,21977_ce9f4e71,topo_moderate,0.999896,False
22193_c8773ded,topo_connected,2,21809_8bd6b10e,topo_complex,0.999884,False
22193_c8773ded,topo_connected,3,20430_975b8dcf,topo_moderate,0.999882,False
22193_c8773ded,topo_connected,4,19051_26735260,topo_connected,0.999862,True
22193_c8773ded,topo_connected,5,22827_f33929ec,topo_complex,0.999857,False
22193_c8773ded,topo_connected,6,22211_b1ee53f0,topo_connected,0.999817,True
22193_c8773ded,topo_connected,7,22298_51433023,topo_connected,0.999747,True
22193_c8773ded,topo_connected,8,22306_c3dca308,topo_complex,0.999735,False
22193_c8773ded,topo_connected,9,23377_690165aa,topo_connected,0.999692,True
22193_c8773ded,topo_connected,10,21093_1bda9bbe,topo_isolated,0.999622,False
20735_fb18051a,topo_connected,1,23466_1cf60d09,topo_complex,0.999973,False
20735_fb18051a,topo_connected,2,23120_f7c9092f,topo_connected,0.999962,True
20735_fb18051a,topo_connected,3,23026_e6f08109,topo_complex,0.999933,False
20735_fb18051a,topo_connected,4,21028_d4d30a2e,topo_complex,0.999926,False
20735_fb18051a,topo_connected,5,23379_636204a6,topo_connected,0.99992,True
20735_fb18051a,topo_connected,6,23283_fadf3820,topo_connected,0.999915,True
20735_fb18051a,topo_connected,7,23041_8d3ea25c,topo_complex,0.999912,False
20735_fb18051a,topo_connected,8,20899_a8d7c6d5,topo_complex,0.999911,False
20735_fb18051a,topo_connected,9,22440_014f1bac,topo_connected,0.999908,True
20735_fb18051a,topo_connected,10,23313_210c6783,topo_connected,0.999865,True
20989_885bd9b9,topo_minimal,1,20438_5f344b00,topo_isolated,1.0,False
20989_885bd9b9,topo_minimal,2,22304_33009be6,topo_isolated,1.0,False
20989_885bd9b9,topo_minimal,3,20731_fbdc7731,topo_moderate,1.0,False
20989_885bd9b9,topo_minimal,4,22140_9cda24cc,topo_minimal,1.0,True
20989_885bd9b9,topo_minimal,5,22241_535ad84b,topo_isolated,1.0,False
20989_885bd9b9,topo_minimal,6,20216_89b90993,topo_minimal,1.0,True
20989_885bd9b9,topo_minimal,7,21564_fa5b2db7,topo_isolated,0.999999,False
20989_885bd9b9,topo_minimal,8,22047_5a090f16,topo_isolated,0.999999,False
20989_885bd9b9,topo_minimal,9,22843_ff77027f,topo_moderate,0.999999,False
20989_885bd9b9,topo_minimal,10,23311_ad36a9ec,topo_minimal,0.999999,True
20927_826f4b56,topo_isolated,1,20469_b6211bfd,topo_minimal,1.0,False
20927_826f4b56,topo_isolated,2,20436_41b730a3,topo_isolated,1.0,True
20927_826f4b56,topo_isolated,3,21451_fea6f0d1,topo_isolated,1.0,True
20927_826f4b56,topo_isolated,4,23343_f000bdae,topo_isolated,1.0,True
20927_826f4b56,topo_isolated,5,20429_419c4cdd,topo_isolated,0.999999,True
20927_826f4b56,topo_isolated,6,21911_429c1a72,topo_isolated,0.999999,True
20927_826f4b56,topo_isolated,7,20705_ac2a0325,topo_isolated,0.999999,True
20927_826f4b56,topo_isolated,8,20551_ff28a959,topo_isolated,0.999999,True
20927_826f4b56,topo_isolated,9,20426_79358492,topo_isolated,0.999999,True
20927_826f4b56,topo_isolated,10,21257_770fee9a,topo_isolated,0.999999,True
21719_d60b8a4a,topo_minimal,1,21552_4e9c19b1,topo_moderate,0.999979,False
21719_d60b8a4a,topo_minimal,2,22046_fe3bae6e,topo_complex,0.999967,False
21719_d60b8a4a,topo_minimal,3,20502_58b65de9,topo_connected,0.999966,False
21719_d60b8a4a,topo_minimal,4,20779_fc5a7c3d,topo_connected,0.999959,False
21719_d60b8a4a,topo_minimal,5,22228_1c82530b,topo_connected,0.999957,False
21719_d60b8a4a,topo_minimal,6,23045_a8c4e4bc,topo_complex,0.999954,False
21719_d60b8a4a,topo_minimal,7,21550_0b16151d,topo_complex,0.999953,False
21719_d60b8a4a,topo_minimal,8,22414_14ead4a3,topo_complex,0.999947,False
21719_d60b8a4a,topo_minimal,9,21092_32622a83,topo_connected,0.999946,False
21719_d60b8a4a,topo_minimal,10,23176_1bf2a2d5,topo_complex,0.999936,False
21776_fb0bfbc6,topo_minimal,1,21882_795be793,topo_moderate,0.999999,False
21776_fb0bfbc6,topo_minimal,2,21793_4ad5e2c0,topo_minimal,0.999999,True
21776_fb0bfbc6,topo_minimal,3,21573_31a18ad0,topo_moderate,0.999999,False
21776_fb0bfbc6,topo_minimal,4,22236_db209dff,topo_minimal,0.999999,True
21776_fb0bfbc6,topo_minimal,5,22377_d490f505,topo_moderate,0.999999,False
21776_fb0bfbc6,topo_minimal,6,21175_85118898,topo_moderate,0.999999,False
21776_fb0bfbc6,topo_minimal,7,23103_66470b7e,topo_moderate,0.999999,False
21776_fb0bfbc6,topo_minimal,8,23265_07de6a0b,topo_moderate,0.999998,False
21776_fb0bfbc6,topo_minimal,9,20758_cdccf572,topo_moderate,0.999998,False
21776_fb0bfbc6,topo_minimal,10,20186_f66e4ad3,topo_minimal,0.999998,True
23372_4cb88567,topo_isolated,1,20511_e1b972aa,topo_moderate,0.999999,False
23372_4cb88567,topo_isolated,2,21912_3f74887c,topo_connected,0.999999,False
23372_4cb88567,topo_isolated,3,21528_a5d5490f,topo_connected,0.999999,False
23372_4cb88567,topo_isolated,4,22729_232da678,topo_connected,0.999999,False
23372_4cb88567,topo_isolated,5,23374_57cca189,topo_connected,0.999999,False
23372_4cb88567,topo_isolated,6,22066_308cdcfe,topo_connected,0.999997,False
23372_4cb88567,topo_isolated,7,22577_cd96733e,topo_moderate,0.999997,False
23372_4cb88567,topo_isolated,8,22092_897b0ffa,topo_moderate,0.999997,False
23372_4cb88567,topo_isolated,9,20229_d1ae2ae3,topo_connected,0.999996,False
23372_4cb88567,topo_isolated,10,23505_161e8ec5,topo_connected,0.999995,False
22895_4533b542,topo_moderate,1,20647_cea2e07c,topo_moderate,1.0,True
22895_4533b542,topo_moderate,2,22891_b8c84495,topo_moderate,1.0,True
22895_4533b542,topo_moderate,3,21588_0c48dc5f,topo_moderate,1.0,True
22895_4533b542,topo_moderate,4,20940_9777847c,topo_connected,0.999999,False
22895_4533b542,topo_moderate,5,21715_53df62c9,topo_minimal,0.999999,False
22895_4533b542,topo_moderate,6,20813_726b2714,topo_minimal,0.999999,False
22895_4533b542,topo_moderate,7,20285_b64b1a7e,topo_minimal,0.999999,False
22895_4533b542,topo_moderate,8,23096_7da0f913,topo_moderate,0.999999,True
22895_4533b542,topo_moderate,9,21051_5d118b91,topo_minimal,0.999998,False
22895_4533b542,topo_moderate,10,22981_93f268ae,topo_minimal,0.999998,False
20870_dedaef5b,topo_complex,1,20746_57a7b346,topo_complex,0.99844,True
20870_dedaef5b,topo_complex,2,20952_b8a54213,topo_complex,0.99835,True
20870_dedaef5b,topo_complex,3,21236_b696e901,topo_complex,0.99809,True
20870_dedaef5b,topo_complex,4,20246_40be7668,topo_moderate,0.997703,False
20870_dedaef5b,topo_complex,5,23376_9b48819a,topo_minimal,0.997089,False
20870_dedaef5b,topo_complex,6,21718_1551037b,topo_moderate,0.994429,False
20870_dedaef5b,topo_complex,7,22717_08784417,topo_connected,0.993636,False
20870_dedaef5b,topo_complex,8,21352_d60bc953,topo_minimal,0.993575,False
20870_dedaef5b,topo_complex,9,23511_8651ac1f,topo_connected,0.993439,False
20870_dedaef5b,topo_complex,10,21926_b4c7068b,topo_complex,0.991576,True
22399_97987ada,topo_isolated,1,23468_a0bfb573,topo_complex,0.999998,False
22399_97987ada,topo_isolated,2,20237_06b27bf5,topo_moderate,0.999997,False
22399_97987ada,topo_isolated,3,22035_101c7ab4,topo_connected,0.99997,False
22399_97987ada,topo_isolated,4,21539_cfe1f7fd,topo_connected,0.999965,False
22399_97987ada,topo_isolated,5,22576_d05619d1,topo_isolated,0.99996,True
22399_97987ada,topo_isolated,6,21490_d07ff9f8,topo_complex,0.999955,False
22399_97987ada,topo_isolated,7,20620_8a5226b4,topo_isolated,0.999953,True
22399_97987ada,topo_isolated,8,21836_5bc91e49,topo_moderate,0.99992,False
22399_97987ada,topo_isolated,9,21828_21ab2114,topo_isolated,0.999917,True
22399_97987ada,topo_isolated,10,22011_0832eefe,topo_connected,0.999917,False
20376_eefa9511,topo_isolated,1,21267_35a558cc,topo_isolated,1.0,True
20376_eefa9511,topo_isolated,2,20231_f54462bb,topo_isolated,1.0,True
20376_eefa9511,topo_isolated,3,20479_77930584,topo_isolated,1.0,True
20376_eefa9511,topo_isolated,4,20466_4b3e5186,topo_minimal,1.0,False
20376_eefa9511,topo_isolated,5,23442_28996649,topo_isolated,1.0,True
20376_eefa9511,topo_isolated,6,20672_0bc07cce,topo_minimal,1.0,False
20376_eefa9511,topo_isolated,7,20426_79358492,topo_isolated,1.0,True
20376_eefa9511,topo_isolated,8,20705_ac2a0325,topo_isolated,1.0,True
20376_eefa9511,topo_isolated,9,20188_98b86c0f,topo_moderate,1.0,False
20376_eefa9511,topo_isolated,10,21243_3ec5d732,topo_minimal,1.0,False
22180_ce7c3bd8,topo_minimal,1,20259_de1ab632,topo_minimal,1.0,True
22180_ce7c3bd8,topo_minimal,2,21570_9cb1d1c4,topo_minimal,0.999999,True
22180_ce7c3bd8,topo_minimal,3,20409_dafedec6,topo_isolated,0.999999,False
22180_ce7c3bd8,topo_minimal,4,23022_86e6a8a0,topo_moderate,0.999999,False
22180_ce7c3bd8,topo_minimal,5,20947_115d4058,topo_isolated,0.999999,False
22180_ce7c3bd8,topo_minimal,6,23250_aa321310,topo_moderate,0.999999,False
22180_ce7c3bd8,topo_minimal,7,23351_6104d55d,topo_moderate,0.999999,False
22180_ce7c3bd8,topo_minimal,8,21533_8837772a,topo_moderate,0.999999,False
22180_ce7c3bd8,topo_minimal,9,22498_b8bdb105,topo_minimal,0.999999,True
22180_ce7c3bd8,topo_minimal,10,21690_5d1f3475,topo_moderate,0.999999,False
20421_49bd1188,topo_connected,1,22638_37f9fe91,topo_connected,0.999997,True
20421_49bd1188,topo_connected,2,21974_1997ebc3,topo_moderate,0.999996,False
20421_49bd1188,topo_connected,3,21858_f1409ea2,topo_complex,0.999996,False
20421_49bd1188,topo_connected,4,21386_e234c6b6,topo_moderate,0.999995,False
20421_49bd1188,topo_connected,5,22311_553b3456,topo_complex,0.999994,False
20421_49bd1188,topo_connected,6,20141_b9376856,topo_moderate,0.99999,False
20421_49bd1188,topo_connected,7,22197_94c66357,topo_moderate,0.99999,False
20421_49bd1188,topo_connected,8,22612_28fe0ac2,topo_connected,0.999988,True
20421_49bd1188,topo_connected,9,22659_0e686e14,topo_moderate,0.999987,False
20421_49bd1188,topo_connected,10,21840_6847d36c,topo_isolated,0.999986,False
20530_2246503a,topo_moderate,1,22919_3ee91d1a,topo_moderate,0.999986,True
20530_2246503a,topo_moderate,2,23049_207a41f0,topo_connected,0.999969,False
20530_2246503a,topo_moderate,3,23480_3f7a8d50,topo_minimal,0.999967,False
20530_2246503a,topo_moderate,4,20431_27e7f151,topo_connected,0.999957,False
20530_2246503a,topo_moderate,5,20505_017d4cc4,topo_connected,0.999952,False
20530_2246503a,topo_moderate,6,23121_cbdf3ebc,topo_moderate,0.999941,True
20530_2246503a,topo_moderate,7,21816_3891a442,topo_complex,0.999937,False
20530_2246503a,topo_moderate,8,21745_56cbe841,topo_complex,0.999935,False
20530_2246503a,topo_moderate,9,20182_71b9e491,topo_connected,0.99993,False
20530_2246503a,topo_moderate,10,22832_731d3b9f,topo_complex,0.99993,False
20815_b3d9e6c9,topo_minimal,1,21695_1f33863f,topo_connected,0.999996,False
20815_b3d9e6c9,topo_minimal,2,20408_b4fda9eb,topo_moderate,0.999996,False
20815_b3d9e6c9,topo_minimal,3,20817_ef63b1a7,topo_minimal,0.999995,True
20815_b3d9e6c9,topo_minimal,4,23363_60e39812,topo_complex,0.999994,False
20815_b3d9e6c9,topo_minimal,5,20511_e1b972aa,topo_moderate,0.999993,False
20815_b3d9e6c9,topo_minimal,6,21599_80057f94,topo_connected,0.999992,False
20815_b3d9e6c9,topo_minimal,7,22218_2f85f6ae,topo_connected,0.99999,False
20815_b3d9e6c9,topo_minimal,8,23372_4cb88567,topo_isolated,0.99999,False
20815_b3d9e6c9,topo_minimal,9,20229_d1ae2ae3,topo_connected,0.99999,False
20815_b3d9e6c9,topo_minimal,10,20554_abcb705e,topo_moderate,0.99999,False
21809_8bd6b10e,topo_complex,1,21977_ce9f4e71,topo_moderate,0.999952,False
21809_8bd6b10e,topo_complex,2,22193_c8773ded,topo_connected,0.999884,False
21809_8bd6b10e,topo_complex,3,22827_f33929ec,topo_complex,0.999847,True
21809_8bd6b10e,topo_complex,4,23377_690165aa,topo_connected,0.999805,False
21809_8bd6b10e,topo_complex,5,20430_975b8dcf,topo_moderate,0.999789,False
21809_8bd6b10e,topo_complex,6,19566_19d85d3b,topo_complex,0.999768,True
21809_8bd6b10e,topo_complex,7,23251_3eb3d2e6,topo_minimal,0.99974,False
21809_8bd6b10e,topo_complex,8,22027_11a2e852,topo_complex,0.999698,True
21809_8bd6b10e,topo_complex,9,22211_b1ee53f0,topo_connected,0.999679,False
21809_8bd6b10e,topo_complex,10,19051_26735260,topo_connected,0.999627,False
22210_649a5363,topo_minimal,1,23406_1d36b046,topo_minimal,1.0,True
22210_649a5363,topo_minimal,2,22067_624b28e3,topo_moderate,0.999999,False
22210_649a5363,topo_minimal,3,21274_2fb8c3f5,topo_isolated,0.999998,False
22210_649a5363,topo_minimal,4,22053_de30641b,topo_minimal,0.999997,True
22210_649a5363,topo_minimal,5,23184_731e5af0,topo_moderate,0.999997,False
22210_649a5363,topo_minimal,6,22131_6b4b60f8,topo_minimal,0.999996,True
22210_649a5363,topo_minimal,7,22349_6f67a96e,topo_minimal,0.999996,True
22210_649a5363,topo_minimal,8,21615_f2ecc6e8,topo_isolated,0.999996,False
22210_649a5363,topo_minimal,9,23239_ba13cf5e,topo_moderate,0.999996,False
22210_649a5363,topo_minimal,10,21610_5dcf1187,topo_isolated,0.999996,False
23195_2629864e,topo_connected,1,23235_f9ccb8b0,topo_connected,0.999948,True
23195_2629864e,topo_connected,2,23144_88ca00a5,topo_connected,0.999906,True
23195_2629864e,topo_connected,3,21924_bbd9f7a9,topo_connected,0.99981,True
23195_2629864e,topo_connected,4,22076_20e8a107,topo_complex,0.999797,False
23195_2629864e,topo_connected,5,22428_c1ffa51a,topo_minimal,0.999774,False
23195_2629864e,topo_connected,6,22492_047b125b,topo_connected,0.999674,True
23195_2629864e,topo_connected,7,23271_f833d903,topo_connected,0.999633,True
23195_2629864e,topo_connected,8,21580_b8b2571b,topo_connected,0.999458,True
23195_2629864e,topo_connected,9,22670_9353c710,topo_connected,0.999421,True
23195_2629864e,topo_connected,10,20245_f1b25d43,topo_complex,0.999326,False
22827_f33929ec,topo_complex,1,20430_975b8dcf,topo_moderate,0.999954,False
22827_f33929ec,topo_complex,2,22193_c8773ded,topo_connected,0.999857,False
22827_f33929ec,topo_complex,3,21809_8bd6b10e,topo_complex,0.999847,True
22827_f33929ec,topo_complex,4,22910_97f0cc18,topo_complex,0.999719,True
22827_f33929ec,topo_complex,5,21977_ce9f4e71,topo_moderate,0.999703,False
22827_f33929ec,topo_complex,6,23251_3eb3d2e6,topo_minimal,0.999659,False
22827_f33929ec,topo_complex,7,23495_6366269c,topo_connected,0.999619,False
22827_f33929ec,topo_complex,8,19566_19d85d3b,topo_complex,0.999612,True
22827_f33929ec,topo_complex,9,23377_690165aa,topo_connected,0.999601,False
22827_f33929ec,topo_complex,10,22027_11a2e852,topo_complex,0.999464,True
20745_3e22ad07,topo_moderate,1,23258_87a2ba81,topo_complex,0.999028,False
20745_3e22ad07,topo_moderate,2,20737_5249e274,topo_connected,0.99896,False
20745_3e22ad07,topo_moderate,3,21718_1551037b,topo_moderate,0.995518,True
20745_3e22ad07,topo_moderate,4,20351_dc6e4e1e,topo_connected,0.994192,False
20745_3e22ad07,topo_moderate,5,23310_7daded69,topo_complex,0.993119,False
20745_3e22ad07,topo_moderate,6,21236_b696e901,topo_complex,0.992692,False
20745_3e22ad07,topo_moderate,7,20246_40be7668,topo_moderate,0.992615,True
20745_3e22ad07,topo_moderate,8,21450_ea24ffcc,topo_connected,0.992463,False
20745_3e22ad07,topo_moderate,9,20746_57a7b346,topo_complex,0.991991,False
20745_3e22ad07,topo_moderate,10,21421_fb12b69b,topo_complex,0.988814,False
21779_b99623fc,topo_connected,1,23451_14c8d09e,topo_connected,0.999995,True
21779_b99623fc,topo_connected,2,23417_9a9e9937,topo_connected,0.999993,True
21779_b99623fc,topo_connected,3,20755_4b5e61bf,topo_connected,0.999992,True
21779_b99623fc,topo_connected,4,22469_9d87f800,topo_moderate,0.999992,False
21779_b99623fc,topo_connected,5,20788_d25efea2,topo_connected,0.999991,True
21779_b99623fc,topo_connected,6,21923_41fa6eda,topo_moderate,0.999987,False
21779_b99623fc,topo_connected,7,22448_1f21757a,topo_connected,0.999985,True
21779_b99623fc,topo_connected,8,23252_ef165bed,topo_complex,0.999985,False
21779_b99623fc,topo_connected,9,21790_aaf9224a,topo_connected,0.999984,True
21779_b99623fc,topo_connected,10,23132_1847c4ef,topo_complex,0.999982,False
20212_5d1f2de1,topo_moderate,1,20810_f6674f2d,topo_isolated,1.0,False
20212_5d1f2de1,topo_moderate,2,21990_7bb6efcf,topo_isolated,0.999999,False
20212_5d1f2de1,topo_moderate,3,20910_c64b5d1b,topo_minimal,0.999999,False
20212_5d1f2de1,topo_moderate,4,22747_3f6faf4c,topo_connected,0.999999,False
20212_5d1f2de1,topo_moderate,5,21761_fdb5f86d,topo_moderate,0.999999,True
20212_5d1f2de1,topo_moderate,6,21810_718ae2fe,topo_moderate,0.999999,True
20212_5d1f2de1,topo_moderate,7,20822_5bb36119,topo_isolated,0.999999,False
20212_5d1f2de1,topo_moderate,8,20756_75f43564,topo_minimal,0.999999,False
20212_5d1f2de1,topo_moderate,9,23164_659c91ef,topo_connected,0.999999,False
20212_5d1f2de1,topo_moderate,10,21785_d595ced5,topo_minimal,0.999998,False
21550_0b16151d,topo_complex,1,20779_fc5a7c3d,topo_connected,0.999998,False
21550_0b16151d,topo_complex,2,22448_1f21757a,topo_connected,0.999997,False
21550_0b16151d,topo_complex,3,20755_4b5e61bf,topo_connected,0.999997,False
21550_0b16151d,topo_complex,4,21923_41fa6eda,topo_moderate,0.99999,False
21550_0b16151d,topo_complex,5,21552_4e9c19b1,topo_moderate,0.999988,False
21550_0b16151d,topo_complex,6,20788_d25efea2,topo_connected,0.999985,False
21550_0b16151d,topo_complex,7,21390_4d1e2d9c,topo_moderate,0.999984,False
21550_0b16151d,topo_complex,8,21779_b99623fc,topo_connected,0.999979,False
21550_0b16151d,topo_complex,9,23322_8f85d82d,topo_moderate,0.999979,False
21550_0b16151d,topo_complex,10,22469_9d87f800,topo_moderate,0.999978,False
23209_1592b0a4,topo_moderate,1,23219_40625e2c,topo_moderate,0.999998,True
23209_1592b0a4,topo_moderate,2,23210_f535bfd2,topo_moderate,0.999998,True
23209_1592b0a4,topo_moderate,3,21994_357aac6f,topo_connected,0.999998,False
23209_1592b0a4,topo_moderate,4,22214_b098105d,topo_minimal,0.999997,False
23209_1592b0a4,topo_moderate,5,23369_447545f6,topo_moderate,0.999996,True
23209_1592b0a4,topo_moderate,6,23158_c7e753c2,topo_moderate,0.999995,True
23209_1592b0a4,topo_moderate,7,21353_4686c90c,topo_minimal,0.999995,False
23209_1592b0a4,topo_moderate,8,23342_7193a931,topo_moderate,0.999995,True
23209_1592b0a4,topo_moderate,9,23236_d5867507,topo_connected,0.999995,False
23209_1592b0a4,topo_moderate,10,22043_041e1b7c,topo_moderate,0.999994,True
22498_b8bdb105,topo_minimal,1,21533_8837772a,topo_moderate,1.0,False
22498_b8bdb105,topo_minimal,2,22899_5b97e4f5,topo_minimal,1.0,True
22498_b8bdb105,topo_minimal,3,22180_ce7c3bd8,topo_minimal,0.999999,True
22498_b8bdb105,topo_minimal,4,23022_86e6a8a0,topo_moderate,0.999999,False
22498_b8bdb105,topo_minimal,5,21690_5d1f3475,topo_moderate,0.999999,False
22498_b8bdb105,topo_minimal,6,21570_9cb1d1c4,topo_minimal,0.999999,True
22498_b8bdb105,topo_minimal,7,22749_346e10ae,topo_minimal,0.999998,True
22498_b8bdb105,topo_minimal,8,20259_de1ab632,topo_minimal,0.999998,True
22498_b8bdb105,topo_minimal,9,22862_f5406bb0,topo_isolated,0.999997,False
22498_b8bdb105,topo_minimal,10,21495_ebbbd369,topo_moderate,0.999997,False
23380_abffc859,topo_complex,1,22666_bdaa1303,topo_complex,0.999983,True
23380_abffc859,topo_complex,2,23156_7788f78a,topo_complex,0.999959,True
23380_abffc859,topo_complex,3,22630_b6010fff,topo_connected,0.999935,False
23380_abffc859,topo_complex,4,21164_de08f61e,topo_connected,0.999926,False
23380_abffc859,topo_complex,5,21979_29f59427,topo_connected,0.999876,False
23380_abffc859,topo_complex,6,22242_4ceddc2b,topo_complex,0.99985,True
23380_abffc859,topo_complex,7,23162_7e2f3d77,topo_connected,0.999846,False
23380_abffc859,topo_complex,8,21941_1a683ec2,topo_complex,0.999788,True
23380_abffc859,topo_complex,9,23123_f35404c4,topo_complex,0.999764,True
23380_abffc859,topo_complex,10,23083_fdb942ac,topo_connected,0.999757,False
20389_c835706f,topo_moderate,1,20858_15bdad00,topo_complex,0.99996,False
20389_c835706f,topo_moderate,2,22534_e899f645,topo_complex,0.999957,False
20389_c835706f,topo_moderate,3,23283_fadf3820,topo_connected,0.999948,False
20389_c835706f,topo_moderate,4,21429_6d2d3974,topo_complex,0.999945,False
20389_c835706f,topo_moderate,5,22082_39503fa6,topo_complex,0.999942,False
20389_c835706f,topo_moderate,6,22376_3ebc82a2,topo_complex,0.999942,False
20389_c835706f,topo_moderate,7,22266_078a1f68,topo_complex,0.999936,False
20389_c835706f,topo_moderate,8,21601_360ce1c7,topo_connected,0.999936,False
20389_c835706f,topo_moderate,9,23120_f7c9092f,topo_connected,0.99993,False
20389_c835706f,topo_moderate,10,20421_38b63ca5,topo_complex,0.999927,False
21429_6d2d3974,topo_complex,1,22266_078a1f68,topo_complex,0.999961,True
21429_6d2d3974,topo_complex,2,22251_88fd728c,topo_complex,0.999947,True
21429_6d2d3974,topo_complex,3,20389_c835706f,topo_moderate,0.999945,False
21429_6d2d3974,topo_complex,4,22082_39503fa6,topo_complex,0.9999,True
21429_6d2d3974,topo_complex,5,23283_fadf3820,topo_connected,0.999889,False
21429_6d2d3974,topo_complex,6,22376_3ebc82a2,topo_complex,0.999887,True
21429_6d2d3974,topo_complex,7,20858_15bdad00,topo_complex,0.999884,True
21429_6d2d3974,topo_complex,8,21621_711e1918,topo_complex,0.999879,True
21429_6d2d3974,topo_complex,9,20421_38b63ca5,topo_complex,0.999877,True
21429_6d2d3974,topo_complex,10,22334_677d00e0,topo_isolated,0.999864,False
21843_effbd24d,topo_connected,1,21511_d07c59c2,topo_connected,0.999997,True
21843_effbd24d,topo_connected,2,22652_dc7405ef,topo_connected,0.999992,True
21843_effbd24d,topo_connected,3,22893_eb8aa8ac,topo_minimal,0.99999,False
21843_effbd24d,topo_connected,4,23155_d7305c5f,topo_complex,0.99999,False
21843_effbd24d,topo_connected,5,19596_fb9531a5,topo_complex,0.999983,False
21843_effbd24d,topo_connected,6,21838_5bc448b4,topo_moderate,0.99995,False
21843_effbd24d,topo_connected,7,21081_72fa4ad1,topo_moderate,0.999934,False
21843_effbd24d,topo_connected,8,23493_57512264,topo_complex,0.999933,False
21843_effbd24d,topo_connected,9,19810_f77c5501,topo_complex,0.999923,False
21843_effbd24d,topo_connected,10,22980_3cb3bcc8,topo_complex,0.999909,False
23439_18900af2,topo_minimal,1,21047_60d69af3,topo_minimal,1.0,True
23439_18900af2,topo_minimal,2,20467_f1fcc009,topo_isolated,1.0,False
23439_18900af2,topo_minimal,3,22907_ff18dbd5,topo_moderate,1.0,False
23439_18900af2,topo_minimal,4,21581_8f948e0b,topo_moderate,1.0,False
23439_18900af2,topo_minimal,5,22227_aca28ff2,topo_moderate,1.0,False
23439_18900af2,topo_minimal,6,23311_ad36a9ec,topo_minimal,1.0,True
23439_18900af2,topo_minimal,7,22058_71feafda,topo_isolated,1.0,False
23439_18900af2,topo_minimal,8,22843_ff77027f,topo_moderate,1.0,False
23439_18900af2,topo_minimal,9,22843_cb38a007,topo_moderate,1.0,False
23439_18900af2,topo_minimal,10,20385_f2d30908,topo_minimal,1.0,True
21737_87d83240,topo_moderate,1,21706_adfb2ece,topo_moderate,0.999999,True
21737_87d83240,topo_moderate,2,22072_5163223a,topo_moderate,0.999999,True
21737_87d83240,topo_moderate,3,22681_124bf3a9,topo_moderate,0.999999,True
21737_87d83240,topo_moderate,4,20421_83f66ddc,topo_minimal,0.999999,False
21737_87d83240,topo_moderate,5,23238_3c864758,topo_moderate,0.999998,True
21737_87d83240,topo_moderate,6,21275_c8049742,topo_minimal,0.999998,False
21737_87d83240,topo_moderate,7,23128_cb135b1b,topo_minimal,0.999998,False
21737_87d83240,topo_moderate,8,20414_a33bd0d7,topo_moderate,0.999998,True
21737_87d83240,topo_moderate,9,22162_439af02a,topo_isolated,0.999998,False
21737_87d83240,topo_moderate,10,21600_0027c6fc,topo_moderate,0.999998,True
21496_f4025ad5,topo_isolated,1,21453_679a343c,topo_isolated,0.999678,True
21496_f4025ad5,topo_isolated,2,21282_b2d83538,topo_connected,0.999397,False
21496_f4025ad5,topo_isolated,3,20792_d2ea0500,topo_isolated,0.99935,True
21496_f4025ad5,topo_isolated,4,22727_c514268a,topo_moderate,0.999177,False
21496_f4025ad5,topo_isolated,5,21165_5cb2d287,topo_isolated,0.998978,True
21496_f4025ad5,topo_isolated,6,20797_78b83489,topo_minimal,0.998057,False
21496_f4025ad5,topo_isolated,7,21281_6e562106,topo_moderate,0.997034,False
21496_f4025ad5,topo_isolated,8,20722_90d46353,topo_minimal,0.996958,False
21496_f4025ad5,topo_isolated,9,21884_cc2c39f9,topo_moderate,0.996897,False
21496_f4025ad5,topo_isolated,10,23354_8182b4eb,topo_isolated,0.996872,True
22053_de30641b,topo_minimal,1,21274_2fb8c3f5,topo_isolated,1.0,False
22053_de30641b,topo_minimal,2,23239_ba13cf5e,topo_moderate,1.0,False
22053_de30641b,topo_minimal,3,22746_920025a0,topo_moderate,1.0,False
22053_de30641b,topo_minimal,4,22349_6f67a96e,topo_minimal,0.999999,True
22053_de30641b,topo_minimal,5,21976_807c9b26,topo_minimal,0.999999,True
22053_de30641b,topo_minimal,6,21616_c6c3347a,topo_isolated,0.999999,False
22053_de30641b,topo_minimal,7,23184_731e5af0,topo_moderate,0.999999,False
22053_de30641b,topo_minimal,8,22135_2aa77ff2,topo_isolated,0.999999,False
22053_de30641b,topo_minimal,9,23406_1d36b046,topo_minimal,0.999998,True
22053_de30641b,topo_minimal,10,21581_8f948e0b,topo_moderate,0.999998,False
22891_b8c84495,topo_moderate,1,20940_9777847c,topo_connected,1.0,False
22891_b8c84495,topo_moderate,2,22895_4533b542,topo_moderate,1.0,True
22891_b8c84495,topo_moderate,3,20285_b64b1a7e,topo_minimal,1.0,False
22891_b8c84495,topo_moderate,4,21634_e5e20375,topo_moderate,0.999999,True
22891_b8c84495,topo_moderate,5,20495_e8e7e80c,topo_moderate,0.999999,True
22891_b8c84495,topo_moderate,6,20647_cea2e07c,topo_moderate,0.999999,True
22891_b8c84495,topo_moderate,7,21715_53df62c9,topo_minimal,0.999999,False
22891_b8c84495,topo_moderate,8,20813_726b2714,topo_minimal,0.999999,False
22891_b8c84495,topo_moderate,9,21588_0c48dc5f,topo_moderate,0.999999,True
22891_b8c84495,topo_moderate,10,23387_c4aa9424,topo_minimal,0.999999,False
21390_4d1e2d9c,topo_moderate,1,23322_8f85d82d,topo_moderate,0.999999,True
21390_4d1e2d9c,topo_moderate,2,22196_0deb2e34,topo_connected,0.999998,False
21390_4d1e2d9c,topo_moderate,3,22197_66c5655e,topo_connected,0.999994,False
21390_4d1e2d9c,topo_moderate,4,22196_e5bf8c9d,topo_connected,0.999993,False
21390_4d1e2d9c,topo_moderate,5,23043_c0827516,topo_moderate,0.999992,True
21390_4d1e2d9c,topo_moderate,6,22448_1f21757a,topo_connected,0.999988,False
21390_4d1e2d9c,topo_moderate,7,21552_4e9c19b1,topo_moderate,0.999984,True
21390_4d1e2d9c,topo_moderate,8,22654_4c426b0f,topo_moderate,0.999984,True
21390_4d1e2d9c,topo_moderate,9,21550_0b16151d,topo_complex,0.999984,False
21390_4d1e2d9c,topo_moderate,10,20755_4b5e61bf,topo_connected,0.999977,False
22378_234fea2c,topo_moderate,1,21184_971559b6,topo_connected,1.0,False
22378_234fea2c,topo_moderate,2,21611_1d3ff1b6,topo_isolated,0.999999,False
22378_234fea2c,topo_moderate,3,20406_dacb0300,topo_moderate,0.999998,True
22378_234fea2c,topo_moderate,4,20958_94222947,topo_minimal,0.999998,False
22378_234fea2c,topo_moderate,5,21848_0fff9631,topo_isolated,0.999998,False
22378_234fea2c,topo_moderate,6,23408_e5fd25ba,topo_moderate,0.999998,True
22378_234fea2c,topo_moderate,7,23321_c9497b79,topo_moderate,0.999997,True
22378_234fea2c,topo_moderate,8,23440_5956321f,topo_isolated,0.999997,False
22378_234fea2c,topo_moderate,9,21617_ddd3657b,topo_isolated,0.999997,False
22378_234fea2c,topo_moderate,10,21613_d57e983a,topo_isolated,0.999997,False
22659_0e686e14,topo_moderate,1,22812_cf865ed1,topo_moderate,0.999999,True
22659_0e686e14,topo_moderate,2,21958_e48ddf4e,topo_isolated,0.999998,False
22659_0e686e14,topo_moderate,3,7780_6c885e81,topo_complex,0.999998,False
22659_0e686e14,topo_moderate,4,22617_a286f13c,topo_complex,0.999995,False
22659_0e686e14,topo_moderate,5,22197_94c66357,topo_moderate,0.99999,True
22659_0e686e14,topo_moderate,6,22311_553b3456,topo_complex,0.999989,False
22659_0e686e14,topo_moderate,7,22638_37f9fe91,topo_connected,0.999989,False
22659_0e686e14,topo_moderate,8,22418_2722dfe8,topo_connected,0.999988,False
22659_0e686e14,topo_moderate,9,21858_f1409ea2,topo_complex,0.999987,False
22659_0e686e14,topo_moderate,10,20421_49bd1188,topo_connected,0.999987,False
22304_33009be6,topo_isolated,1,20989_885bd9b9,topo_minimal,1.0,False
22304_33009be6,topo_isolated,2,22241_535ad84b,topo_isolated,1.0,True
22304_33009be6,topo_isolated,3,20438_5f344b00,topo_isolated,1.0,True
22304_33009be6,topo_isolated,4,22140_9cda24cc,topo_minimal,1.0,False
22304_33009be6,topo_isolated,5,20731_fbdc7731,topo_moderate,1.0,False
22304_33009be6,topo_isolated,6,20216_89b90993,topo_minimal,1.0,False
22304_33009be6,topo_isolated,7,22047_5a090f16,topo_isolated,0.999999,True
22304_33009be6,topo_isolated,8,21564_fa5b2db7,topo_isolated,0.999999,True
22304_33009be6,topo_isolated,9,22843_ff77027f,topo_moderate,0.999999,False
22304_33009be6,topo_isolated,10,23311_ad36a9ec,topo_minimal,0.999999,False
20765_99d0665e,topo_complex,1,21744_5ae4d9d5,topo_connected,0.999706,False
20765_99d0665e,topo_complex,2,23495_6366269c,topo_connected,0.999695,False
20765_99d0665e,topo_complex,3,23251_3eb3d2e6,topo_minimal,0.999683,False
20765_99d0665e,topo_complex,4,19566_19d85d3b,topo_complex,0.999659,True
20765_99d0665e,topo_complex,5,21024_9be3d461,topo_moderate,0.99965,False
20765_99d0665e,topo_complex,6,21063_037107dc,topo_isolated,0.999626,False
20765_99d0665e,topo_complex,7,21300_ec7da33e,topo_connected,0.9996,False
20765_99d0665e,topo_complex,8,20622_38dd90d0,topo_complex,0.999526,True
20765_99d0665e,topo_complex,9,22910_97f0cc18,topo_complex,0.99951,True
20765_99d0665e,topo_complex,10,23282_a1b17daa,topo_complex,0.999483,True
23422_f214bd4d,topo_complex,1,22430_c6f08b03,topo_complex,0.999561,True
23422_f214bd4d,topo_complex,2,21656_964b0c84,topo_complex,0.999372,True
23422_f214bd4d,topo_complex,3,22533_e7298b05,topo_complex,0.999328,True
23422_f214bd4d,topo_complex,4,20533_0a3e112b,topo_connected,0.999214,False
23422_f214bd4d,topo_complex,5,21244_d67bbabc,topo_complex,0.998905,True
23422_f214bd4d,topo_complex,6,22413_901f5867,topo_complex,0.998872,True
23422_f214bd4d,topo_complex,7,22079_31335df2,topo_connected,0.998535,False
23422_f214bd4d,topo_complex,8,21492_8bd34fc1,topo_complex,0.998285,True
23422_f214bd4d,topo_complex,9,21204_96d26a7f,topo_complex,0.998139,True
23422_f214bd4d,topo_complex,10,21069_508a9947,topo_complex,0.998041,True
23343_f000bdae,topo_isolated,1,21451_fea6f0d1,topo_isolated,1.0,True
23343_f000bdae,topo_isolated,2,20436_41b730a3,topo_isolated,1.0,True
23343_f000bdae,topo_isolated,3,21911_429c1a72,topo_isolated,1.0,True
23343_f000bdae,topo_isolated,4,20927_826f4b56,topo_isolated,1.0,True
23343_f000bdae,topo_isolated,5,20705_ac2a0325,topo_isolated,1.0,True
23343_f000bdae,topo_isolated,6,20469_b6211bfd,topo_minimal,1.0,False
23343_f000bdae,topo_isolated,7,20429_419c4cdd,topo_isolated,1.0,True
23343_f000bdae,topo_isolated,8,20426_79358492,topo_isolated,0.999999,True
23343_f000bdae,topo_isolated,9,20672_0bc07cce,topo_minimal,0.999999,False
23343_f000bdae,topo_isolated,10,20551_ff28a959,topo_isolated,0.999999,True
23161_e7f63a9f,topo_isolated,1,21941_1a683ec2,topo_complex,0.999948,False
23161_e7f63a9f,topo_isolated,2,22242_4ceddc2b,topo_complex,0.999904,False
23161_e7f63a9f,topo_isolated,3,22081_ab3124af,topo_complex,0.999881,False
23161_e7f63a9f,topo_isolated,4,21351_675c66b1,topo_moderate,0.999872,False
23161_e7f63a9f,topo_isolated,5,21986_67c5509a,topo_complex,0.999859,False
23161_e7f63a9f,topo_isolated,6,20787_ed64ff5e,topo_moderate,0.999812,False
23161_e7f63a9f,topo_isolated,7,22535_0ba01cc9,topo_complex,0.999811,False
23161_e7f63a9f,topo_isolated,8,21979_29f59427,topo_connected,0.999771,False
23161_e7f63a9f,topo_isolated,9,23123_f35404c4,topo_complex,0.999768,False
23161_e7f63a9f,topo_isolated,10,23156_7788f78a,topo_complex,0.999762,False
22011_0832eefe,topo_connected,1,21092_32622a83,topo_connected,0.999994,True
22011_0832eefe,topo_connected,2,22035_101c7ab4,topo_connected,0.999986,True
22011_0832eefe,topo_connected,3,23045_a8c4e4bc,topo_complex,0.999985,False
22011_0832eefe,topo_connected,4,22334_677d00e0,topo_isolated,0.99996,False
22011_0832eefe,topo_connected,5,21621_711e1918,topo_complex,0.999952,False
22011_0832eefe,topo_connected,6,22046_fe3bae6e,topo_complex,0.99995,False
22011_0832eefe,topo_connected,7,20237_06b27bf5,topo_moderate,0.999942,False
22011_0832eefe,topo_connected,8,21539_cfe1f7fd,topo_connected,0.999939,True
22011_0832eefe,topo_connected,9,23468_a0bfb573,topo_complex,0.999928,False
22011_0832eefe,topo_connected,10,20502_58b65de9,topo_connected,0.999925,True
22214_b098105d,topo_minimal,1,23369_447545f6,topo_moderate,1.0,False
22214_b098105d,topo_minimal,2,21994_357aac6f,topo_connected,0.999999,False
22214_b098105d,topo_minimal,3,23342_7193a931,topo_moderate,0.999999,False
22214_b098105d,topo_minimal,4,23219_40625e2c,topo_moderate,0.999999,False
22214_b098105d,topo_minimal,5,23158_c7e753c2,topo_moderate,0.999999,False
22214_b098105d,topo_minimal,6,23387_c4aa9424,topo_minimal,0.999998,True
22214_b098105d,topo_minimal,7,23236_d5867507,topo_connected,0.999998,False
22214_b098105d,topo_minimal,8,20495_e8e7e80c,topo_moderate,0.999998,False
22214_b098105d,topo_minimal,9,23210_f535bfd2,topo_moderate,0.999998,False
22214_b098105d,topo_minimal,10,23339_87a4d11f,topo_isolated,0.999998,False
22046_fe3bae6e,topo_complex,1,23176_1bf2a2d5,topo_complex,0.999992,True
22046_fe3bae6e,topo_complex,2,22228_1c82530b,topo_connected,0.99999,False
22046_fe3bae6e,topo_complex,3,23045_a8c4e4bc,topo_complex,0.999987,True
22046_fe3bae6e,topo_complex,4,21719_d60b8a4a,topo_minimal,0.999967,False
22046_fe3bae6e,topo_complex,5,23475_b14d1dc8,topo_connected,0.999963,False
22046_fe3bae6e,topo_complex,6,21626_b34008e6,topo_connected,0.999955,False
22046_fe3bae6e,topo_complex,7,23044_9a964a68,topo_complex,0.999952,True
22046_fe3bae6e,topo_complex,8,22011_0832eefe,topo_connected,0.99995,False
22046_fe3bae6e,topo_complex,9,21590_7d092186,topo_complex,0.999948,True
22046_fe3bae6e,topo_complex,10,20502_58b65de9,topo_connected,0.999947,False
23204_ff1672a9,topo_complex,1,23053_139f2009,topo_complex,0.999962,True
23204_ff1672a9,topo_complex,2,21580_b8b2571b,topo_connected,0.999822,False
23204_ff1672a9,topo_complex,3,21991_ab98f156,topo_complex,0.999627,True
23204_ff1672a9,topo_complex,4,20279_aed6b3b3,topo_complex,0.999604,True
23204_ff1672a9,topo_complex,5,23378_8d6426ae,topo_moderate,0.999495,False
23204_ff1672a9,topo_complex,6,21762_90d34d16,topo_moderate,0.999451,False
23204_ff1672a9,topo_complex,7,22076_20e8a107,topo_complex,0.999447,True
23204_ff1672a9,topo_complex,8,23144_88ca00a5,topo_connected,0.999415,False
23204_ff1672a9,topo_complex,9,23235_f9ccb8b0,topo_connected,0.999331,False
23204_ff1672a9,topo_complex,10,20818_098cad7c,topo_complex,0.99926,True
21529_93e51dd9,topo_connected,1,20431_0088a0dd,topo_moderate,0.999999,False
21529_93e51dd9,topo_connected,2,20554_abcb705e,topo_moderate,0.999998,False
21529_93e51dd9,topo_connected,3,20520_7e357152,topo_isolated,0.999998,False
21529_93e51dd9,topo_connected,4,23035_6087bb57,topo_connected,0.999997,True
21529_93e51dd9,topo_connected,5,22218_2f85f6ae,topo_connected,0.999996,True
21529_93e51dd9,topo_connected,6,21358_a69a36f3,topo_moderate,0.999996,False
21529_93e51dd9,topo_connected,7,23434_6635ed57,topo_connected,0.999996,True
21529_93e51dd9,topo_connected,8,20229_d1ae2ae3,topo_connected,0.999995,True
21529_93e51dd9,topo_connected,9,22092_897b0ffa,topo_moderate,0.999994,False
21529_93e51dd9,topo_connected,10,21202_e452c491,topo_isolated,0.999994,False
20429_419c4cdd,topo_isolated,1,20426_79358492,topo_isolated,1.0,True
20429_419c4cdd,topo_isolated,2,20551_ff28a959,topo_isolated,1.0,True
20429_419c4cdd,topo_isolated,3,20705_ac2a0325,topo_isolated,1.0,True
20429_419c4cdd,topo_isolated,4,21451_fea6f0d1,topo_isolated,1.0,True
20429_419c4cdd,topo_isolated,5,21911_429c1a72,topo_isolated,1.0,True
20429_419c4cdd,topo_isolated,6,23343_f000bdae,topo_isolated,1.0,True
20429_419c4cdd,topo_isolated,7,20376_eefa9511,topo_isolated,1.0,True
20429_419c4cdd,topo_isolated,8,21267_35a558cc,topo_isolated,1.0,True
20429_419c4cdd,topo_isolated,9,20231_f54462bb,topo_isolated,1.0,True
20429_419c4cdd,topo_isolated,10,20479_77930584,topo_isolated,1.0,True
20241_8c0d3f83,topo_isolated,1,20241_ccb70dc8,topo_isolated,1.0,True
20241_8c0d3f83,topo_isolated,2,22839_113f2990,topo_minimal,1.0,False
20241_8c0d3f83,topo_isolated,3,20332_0c2a24aa,topo_minimal,1.0,False
20241_8c0d3f83,topo_isolated,4,21139_cd619b26,topo_minimal,1.0,False
20241_8c0d3f83,topo_isolated,5,23199_75dc1efd,topo_minimal,1.0,False
20241_8c0d3f83,topo_isolated,6,21119_4f5c95a6,topo_minimal,1.0,False
20241_8c0d3f83,topo_isolated,7,20429_4c909f3f,topo_isolated,1.0,True
20241_8c0d3f83,topo_isolated,8,20804_0dcacc66,topo_minimal,1.0,False
20241_8c0d3f83,topo_isolated,9,22261_6efe61e3,topo_minimal,1.0,False
20241_8c0d3f83,topo_isolated,10,20392_8b23d193,topo_minimal,1.0,False
20440_27177360,topo_complex,1,20688_955aae0c,topo_connected,1.0,False
20440_27177360,topo_complex,2,23413_6702ec7f,topo_minimal,0.999995,False
20440_27177360,topo_complex,3,23331_192866b6,topo_connected,0.999995,False
20440_27177360,topo_complex,4,21549_18160a0a,topo_moderate,0.999994,False
20440_27177360,topo_complex,5,21008_a3fec63b,topo_connected,0.999993,False
20440_27177360,topo_complex,6,20215_e2eb3082,topo_connected,0.999991,False
20440_27177360,topo_complex,7,21794_4d137e7d,topo_isolated,0.99999,False
20440_27177360,topo_complex,8,23213_3df3cb34,topo_complex,0.99999,True
20440_27177360,topo_complex,9,22245_ca848576,topo_connected,0.999989,False
20440_27177360,topo_complex,10,22002_315afcfc,topo_complex,0.999987,True
20554_abcb705e,topo_moderate,1,20431_0088a0dd,topo_moderate,0.999999,True
20554_abcb705e,topo_moderate,2,22218_2f85f6ae,topo_connected,0.999999,False
20554_abcb705e,topo_moderate,3,21529_93e51dd9,topo_connected,0.999998,False
20554_abcb705e,topo_moderate,4,20520_7e357152,topo_isolated,0.999996,False
20554_abcb705e,topo_moderate,5,20817_ef63b1a7,topo_minimal,0.999996,False
20554_abcb705e,topo_moderate,6,20229_d1ae2ae3,topo_connected,0.999996,False
20554_abcb705e,topo_moderate,7,23035_6087bb57,topo_connected,0.999996,False
20554_abcb705e,topo_moderate,8,22092_897b0ffa,topo_moderate,0.999995,True
20554_abcb705e,topo_moderate,9,21202_e452c491,topo_isolated,0.999995,False
20554_abcb705e,topo_moderate,10,21358_a69a36f3,topo_moderate,0.999995,True
22135_2aa77ff2,topo_isolated,1,21976_807c9b26,topo_minimal,1.0,False
22135_2aa77ff2,topo_isolated,2,20803_473c87ac,topo_isolated,1.0,True
22135_2aa77ff2,topo_isolated,3,22746_920025a0,topo_moderate,0.999999,False
22135_2aa77ff2,topo_isolated,4,20741_c337946f,topo_minimal,0.999999,False
22135_2aa77ff2,topo_isolated,5,21140_8d150c65,topo_minimal,0.999999,False
22135_2aa77ff2,topo_isolated,6,20468_1c33550a,topo_minimal,0.999999,False
22135_2aa77ff2,topo_isolated,7,20674_2fb6cabd,topo_isolated,0.999999,True
22135_2aa77ff2,topo_isolated,8,23239_ba13cf5e,topo_moderate,0.999999,False
22135_2aa77ff2,topo_isolated,9,20385_f2d30908,topo_minimal,0.999999,False
22135_2aa77ff2,topo_isolated,10,22053_de30641b,topo_minimal,0.999999,False
21204_96d26a7f,topo_complex,1,21492_8bd34fc1,topo_complex,0.999603,True
21204_96d26a7f,topo_complex,2,22413_901f5867,topo_complex,0.999369,True
21204_96d26a7f,topo_complex,3,22533_e7298b05,topo_complex,0.99929,True
21204_96d26a7f,topo_complex,4,21656_964b0c84,topo_complex,0.998956,True
21204_96d26a7f,topo_complex,5,20245_f1b25d43,topo_complex,0.998869,True
21204_96d26a7f,topo_complex,6,23422_f214bd4d,topo_complex,0.998139,True
21204_96d26a7f,topo_complex,7,21316_69ed56f5,topo_complex,0.99778,True
21204_96d26a7f,topo_complex,8,22428_c1ffa51a,topo_minimal,0.997675,False
21204_96d26a7f,topo_complex,9,22492_047b125b,topo_connected,0.997612,False
21204_96d26a7f,topo_complex,10,21924_bbd9f7a9,topo_connected,0.997549,False
22259_613f9d44,topo_moderate,1,21817_945cd3c9,topo_connected,0.999997,False
22259_613f9d44,topo_moderate,2,20989_d1b8b0f8,topo_complex,0.999996,False
22259_613f9d44,topo_moderate,3,23102_211ad1db,topo_isolated,0.999996,False
22259_613f9d44,topo_moderate,4,22155_ab18f2b6,topo_isolated,0.999996,False
22259_613f9d44,topo_moderate,5,23434_6635ed57,topo_connected,0.999995,False
22259_613f9d44,topo_moderate,6,21478_8fbd4409,topo_moderate,0.999995,True
22259_613f9d44,topo_moderate,7,22983_0ab3faaf,topo_minimal,0.999994,False
22259_613f9d44,topo_moderate,8,22762_dcbdd14d,topo_minimal,0.999993,False
22259_613f9d44,topo_moderate,9,20609_69f28932,topo_moderate,0.99999,True
22259_613f9d44,topo_moderate,10,21563_c72d37a2,topo_moderate,0.999989,True
20520_7e357152,topo_isolated,1,21358_a69a36f3,topo_moderate,1.0,False
20520_7e357152,topo_isolated,2,21202_e452c491,topo_isolated,0.999999,True
20520_7e357152,topo_isolated,3,20431_0088a0dd,topo_moderate,0.999998,False
20520_7e357152,topo_isolated,4,23434_6635ed57,topo_connected,0.999998,False
20520_7e357152,topo_isolated,5,21529_93e51dd9,topo_connected,0.999998,False
20520_7e357152,topo_isolated,6,23035_6087bb57,topo_connected,0.999998,False
20520_7e357152,topo_isolated,7,22680_1f4026f6,topo_moderate,0.999997,False
20520_7e357152,topo_isolated,8,20554_abcb705e,topo_moderate,0.999996,False
20520_7e357152,topo_isolated,9,20676_9715ec9c,topo_minimal,0.999994,False
20520_7e357152,topo_isolated,10,22134_5e72e871,topo_complex,0.999994,False
20802_802b7d69,topo_isolated,1,22257_6fb4c50c,topo_minimal,1.0,False
20802_802b7d69,topo_isolated,2,20341_6a1588fb,topo_minimal,1.0,False
20802_802b7d69,topo_isolated,3,21357_9edfc0a0,topo_isolated,1.0,True
20802_802b7d69,topo_isolated,4,22058_71feafda,topo_isolated,0.999999,True
20802_802b7d69,topo_isolated,5,22902_83870421,topo_minimal,0.999999,False
20802_802b7d69,topo_isolated,6,22668_9c30f6c0,topo_minimal,0.999999,False
20802_802b7d69,topo_isolated,7,21630_316322ff,topo_isolated,0.999999,True
20802_802b7d69,topo_isolated,8,20814_5a2be0fb,topo_minimal,0.999999,False
20802_802b7d69,topo_isolated,9,23215_08a54de0,topo_moderate,0.999999,False
20802_802b7d69,topo_isolated,10,20801_0796e2ee,topo_isolated,0.999999,True
20392_8b23d193,topo_minimal,1,23006_92c5b990,topo_moderate,1.0,False
20392_8b23d193,topo_minimal,2,22261_6efe61e3,topo_minimal,1.0,True
20392_8b23d193,topo_minimal,3,23403_e539620b,topo_minimal,1.0,True
20392_8b23d193,topo_minimal,4,22142_7891a26a,topo_minimal,1.0,True
20392_8b23d193,topo_minimal,5,22862_f5406bb0,topo_isolated,1.0,False
20392_8b23d193,topo_minimal,6,20340_86125547,topo_minimal,1.0,True
20392_8b23d193,topo_minimal,7,20241_8c0d3f83,topo_isolated,1.0,False
20392_8b23d193,topo_minimal,8,20241_ccb70dc8,topo_isolated,1.0,False
20392_8b23d193,topo_minimal,9,22839_113f2990,topo_minimal,1.0,True
20392_8b23d193,topo_minimal,10,23199_75dc1efd,topo_minimal,1.0,True
22178_976d2411,topo_minimal,1,20342_c140780b,topo_isolated,1.0,False
22178_976d2411,topo_minimal,2,20340_86125547,topo_minimal,1.0,True
22178_976d2411,topo_minimal,3,20429_9dd95c38,topo_isolated,1.0,False
22178_976d2411,topo_minimal,4,19518_f220b68a,topo_isolated,1.0,False
22178_976d2411,topo_minimal,5,23199_75dc1efd,topo_minimal,1.0,True
22178_976d2411,topo_minimal,6,22261_6efe61e3,topo_minimal,1.0,True
22178_976d2411,topo_minimal,7,20994_9c88b1ba,topo_minimal,1.0,True
22178_976d2411,topo_minimal,8,22136_a539c50b,topo_isolated,1.0,False
22178_976d2411,topo_minimal,9,16550_e88d6986,topo_minimal,0.999999,True
22178_976d2411,topo_minimal,10,23351_6104d55d,topo_moderate,0.999999,False
22710_77324fc2,topo_moderate,1,22561_067b78ae,topo_moderate,0.999998,True
22710_77324fc2,topo_moderate,2,21271_ec7f62b8,topo_connected,0.999997,False
22710_77324fc2,topo_moderate,3,23008_3d1bb7b2,topo_minimal,0.999997,False
22710_77324fc2,topo_moderate,4,23320_e0711ae9,topo_connected,0.999996,False
22710_77324fc2,topo_moderate,5,23127_38d73061,topo_complex,0.999996,False
22710_77324fc2,topo_moderate,6,22059_b7d76712,topo_connected,0.999995,False
22710_77324fc2,topo_moderate,7,23037_d0df320c,topo_minimal,0.999994,False
22710_77324fc2,topo_moderate,8,22312_3f366a4a,topo_connected,0.999993,False
22710_77324fc2,topo_moderate,9,21566_ff590631,topo_moderate,0.999993,True
22710_77324fc2,topo_moderate,10,20239_49b65a55,topo_complex,0.999991,False
20245_f1b25d43,topo_complex,1,21492_8bd34fc1,topo_complex,0.999784,True
20245_f1b25d43,topo_complex,2,22413_901f5867,topo_complex,0.999654,True
20245_f1b25d43,topo_complex,3,21924_bbd9f7a9,topo_connected,0.999634,False
20245_f1b25d43,topo_complex,4,22428_c1ffa51a,topo_minimal,0.999615,False
20245_f1b25d43,topo_complex,5,22492_047b125b,topo_connected,0.999544,False
20245_f1b25d43,topo_complex,6,23195_2629864e,topo_connected,0.999326,False
20245_f1b25d43,topo_complex,7,23271_f833d903,topo_connected,0.999267,False
20245_f1b25d43,topo_complex,8,22533_e7298b05,topo_complex,0.999154,True
20245_f1b25d43,topo_complex,9,23144_88ca00a5,topo_connected,0.998979,False
20245_f1b25d43,topo_complex,10,23235_f9ccb8b0,topo_connected,0.998941,False
22617_a286f13c,topo_complex,1,22659_0e686e14,topo_moderate,0.999995,False
22617_a286f13c,topo_complex,2,21958_e48ddf4e,topo_isolated,0.999994,False
22617_a286f13c,topo_complex,3,22197_94c66357,topo_moderate,0.999994,False
22617_a286f13c,topo_complex,4,22812_cf865ed1,topo_moderate,0.999993,False
22617_a286f13c,topo_complex,5,7780_6c885e81,topo_complex,0.999989,True
22617_a286f13c,topo_complex,6,22612_28fe0ac2,topo_connected,0.999988,False
22617_a286f13c,topo_complex,7,21858_f1409ea2,topo_complex,0.999988,True
22617_a286f13c,topo_complex,8,21365_ab403591,topo_connected,0.999986,False
22617_a286f13c,topo_complex,9,22418_2722dfe8,topo_connected,0.999983,False
22617_a286f13c,topo_complex,10,22638_37f9fe91,topo_connected,0.99998,False
23233_ac09e2e5,topo_complex,1,22070_fd1b8e5e,topo_connected,0.999989,False
23233_ac09e2e5,topo_complex,2,21849_a5f563a6,topo_complex,0.999988,True
23233_ac09e2e5,topo_complex,3,21845_dff8b3a1,topo_complex,0.999979,True
23233_ac09e2e5,topo_complex,4,23130_7417d5b3,topo_complex,0.999977,True
23233_ac09e2e5,topo_complex,5,22360_42cd6a21,topo_moderate,0.999975,False
23233_ac09e2e5,topo_complex,6,21709_4dd88551,topo_connected,0.999964,False
23233_ac09e2e5,topo_complex,7,21121_1e9e7540,topo_complex,0.999962,True
23233_ac09e2e5,topo_complex,8,22028_776fbf0d,topo_complex,0.999957,True
23233_ac09e2e5,topo_complex,9,21352_c1101acb,topo_moderate,0.999955,False
23233_ac09e2e5,topo_complex,10,21153_a2fb81fe,topo_connected,0.999936,False
21469_abec26c4,topo_moderate,1,21391_78fc6345,topo_moderate,1.0,True
21469_abec26c4,topo_moderate,2,23341_d5ead6d2,topo_moderate,1.0,True
21469_abec26c4,topo_moderate,3,21384_b9774b93,topo_moderate,0.999999,True
21469_abec26c4,topo_moderate,4,21448_5646a1b6,topo_minimal,0.999999,False
21469_abec26c4,topo_moderate,5,23096_7da0f913,topo_moderate,0.999999,True
21469_abec26c4,topo_moderate,6,20646_4cd14a72,topo_moderate,0.999998,True
21469_abec26c4,topo_moderate,7,20758_cdccf572,topo_moderate,0.999998,True
21469_abec26c4,topo_moderate,8,22377_d490f505,topo_moderate,0.999998,True
21469_abec26c4,topo_moderate,9,23103_66470b7e,topo_moderate,0.999998,True
21469_abec26c4,topo_moderate,10,21588_0c48dc5f,topo_moderate,0.999998,True
22413_901f5867,topo_complex,1,21492_8bd34fc1,topo_complex,0.999903,True
22413_901f5867,topo_complex,2,22533_e7298b05,topo_complex,0.999886,True
22413_901f5867,topo_complex,3,21656_964b0c84,topo_complex,0.99974,True
22413_901f5867,topo_complex,4,20245_f1b25d43,topo_complex,0.999654,True
22413_901f5867,topo_complex,5,21204_96d26a7f,topo_complex,0.999369,True
22413_901f5867,topo_complex,6,22492_047b125b,topo_connected,0.999364,False
22413_901f5867,topo_complex,7,23271_f833d903,topo_connected,0.999123,False
22413_901f5867,topo_complex,8,22428_c1ffa51a,topo_minimal,0.998887,False
22413_901f5867,topo_complex,9,23422_f214bd4d,topo_complex,0.998872,True
22413_901f5867,topo_complex,10,21924_bbd9f7a9,topo_connected,0.998786,False
22061_b50b6b66,topo_isolated,1,23366_cc0bc28e,topo_minimal,0.999998,False
22061_b50b6b66,topo_isolated,2,21326_ab4d6c43,topo_moderate,0.999998,False
22061_b50b6b66,topo_isolated,3,21353_4686c90c,topo_minimal,0.999997,False
22061_b50b6b66,topo_isolated,4,22224_1e749c32,topo_moderate,0.999997,False
22061_b50b6b66,topo_isolated,5,22062_2d6b3b72,topo_minimal,0.999996,False
22061_b50b6b66,topo_isolated,6,22074_c0265b0d,topo_moderate,0.999996,False
22061_b50b6b66,topo_isolated,7,21625_d5d4c9a7,topo_moderate,0.999995,False
22061_b50b6b66,topo_isolated,8,23158_c7e753c2,topo_moderate,0.999995,False
22061_b50b6b66,topo_isolated,9,23369_447545f6,topo_moderate,0.999994,False
22061_b50b6b66,topo_isolated,10,23387_c4aa9424,topo_minimal,0.999994,False
23475_b14d1dc8,topo_connected,1,23044_9a964a68,topo_complex,0.999996,False
23475_b14d1dc8,topo_connected,2,21626_b34008e6,topo_connected,0.999992,True
23475_b14d1dc8,topo_connected,3,22474_b10fea1a,topo_complex,0.99998,False
23475_b14d1dc8,topo_connected,4,23176_1bf2a2d5,topo_complex,0.99997,False
23475_b14d1dc8,topo_connected,5,22046_fe3bae6e,topo_complex,0.999963,False
23475_b14d1dc8,topo_connected,6,22228_1c82530b,topo_connected,0.999949,True
23475_b14d1dc8,topo_connected,7,20779_fc5a7c3d,topo_connected,0.999949,True
23475_b14d1dc8,topo_connected,8,21590_7d092186,topo_complex,0.999946,False
23475_b14d1dc8,topo_connected,9,21816_3891a442,topo_complex,0.999935,False
23475_b14d1dc8,topo_connected,10,21745_56cbe841,topo_complex,0.99993,False
20787_ed64ff5e,topo_moderate,1,23226_8d1b5098,topo_connected,0.999977,False
20787_ed64ff5e,topo_moderate,2,22535_0ba01cc9,topo_complex,0.999968,False
20787_ed64ff5e,topo_moderate,3,22056_79373464,topo_complex,0.999941,False
20787_ed64ff5e,topo_moderate,4,20500_e88d8065,topo_connected,0.99992,False
20787_ed64ff5e,topo_moderate,5,22081_ab3124af,topo_complex,0.999905,False
20787_ed64ff5e,topo_moderate,6,21351_675c66b1,topo_moderate,0.999899,True
20787_ed64ff5e,topo_moderate,7,20622_38dd90d0,topo_complex,0.999897,False
20787_ed64ff5e,topo_moderate,8,22890_4ecfa491,topo_connected,0.999871,False
20787_ed64ff5e,topo_moderate,9,21024_9be3d461,topo_moderate,0.999838,True
20787_ed64ff5e,topo_moderate,10,21986_67c5509a,topo_complex,0.999827,False
20746_57a7b346,topo_complex,1,21236_b696e901,topo_complex,0.99989,True
20746_57a7b346,topo_complex,2,20246_40be7668,topo_moderate,0.999768,False
20746_57a7b346,topo_complex,3,20870_dedaef5b,topo_complex,0.99844,True
20746_57a7b346,topo_complex,4,21718_1551037b,topo_moderate,0.998134,False
20746_57a7b346,topo_complex,5,20952_b8a54213,topo_complex,0.995801,True
20746_57a7b346,topo_complex,6,20351_dc6e4e1e,topo_connected,0.9924,False
20746_57a7b346,topo_complex,7,23258_87a2ba81,topo_complex,0.992059,True
20746_57a7b346,topo_complex,8,20745_3e22ad07,topo_moderate,0.991991,False
20746_57a7b346,topo_complex,9,23376_9b48819a,topo_minimal,0.991828,False
20746_57a7b346,topo_complex,10,22717_08784417,topo_connected,0.988622,False
23219_40625e2c,topo_moderate,1,21994_357aac6f,topo_connected,0.999999,False
23219_40625e2c,topo_moderate,2,23342_7193a931,topo_moderate,0.999999,True
23219_40625e2c,topo_moderate,3,23236_d5867507,topo_connected,0.999999,False
23219_40625e2c,topo_moderate,4,23158_c7e753c2,topo_moderate,0.999999,True
23219_40625e2c,topo_moderate,5,22214_b098105d,topo_minimal,0.999999,False
23219_40625e2c,topo_moderate,6,23369_447545f6,topo_moderate,0.999999,True
23219_40625e2c,topo_moderate,7,23209_1592b0a4,topo_moderate,0.999998,True
23219_40625e2c,topo_moderate,8,23210_f535bfd2,topo_moderate,0.999998,True
23219_40625e2c,topo_moderate,9,21634_e5e20375,topo_moderate,0.999997,True
23219_40625e2c,topo_moderate,10,23387_c4aa9424,topo_minimal,0.999996,False
22311_553b3456,topo_complex,1,22638_37f9fe91,topo_connected,0.999997,False
22311_553b3456,topo_complex,2,21386_e234c6b6,topo_moderate,0.999995,False
22311_553b3456,topo_complex,3,21840_6847d36c,topo_isolated,0.999995,False
22311_553b3456,topo_complex,4,20421_49bd1188,topo_connected,0.999994,False
22311_553b3456,topo_complex,5,21831_54ca67d1,topo_minimal,0.999993,False
22311_553b3456,topo_complex,6,7780_6c885e81,topo_complex,0.999993,True
22311_553b3456,topo_complex,7,22812_cf865ed1,topo_moderate,0.99999,False
22311_553b3456,topo_complex,8,22659_0e686e14,topo_moderate,0.999989,False
22311_553b3456,topo_complex,9,21974_1997ebc3,topo_moderate,0.999987,False
22311_553b3456,topo_complex,10,21133_f9a1614e,topo_minimal,0.999987,False
22017_6d3be48d,topo_complex,1,22443_fa24c6f9,topo_isolated,0.999589,False
22017_6d3be48d,topo_complex,2,20319_9f53cd7c,topo_moderate,0.997826,False
22017_6d3be48d,topo_complex,3,21035_d308c5c4,topo_isolated,0.995985,False
22017_6d3be48d,topo_complex,4,21081_72fa4ad1,topo_moderate,0.995852,False
22017_6d3be48d,topo_complex,5,23026_e6f08109,topo_complex,0.995792,True
22017_6d3be48d,topo_complex,6,21282_b2d83538,topo_connected,0.99571,False
22017_6d3be48d,topo_complex,7,22251_88fd728c,topo_complex,0.995707,True
22017_6d3be48d,topo_complex,8,20858_15bdad00,topo_complex,0.99557,True
22017_6d3be48d,topo_complex,9,23283_fadf3820,topo_connected,0.995505,False
22017_6d3be48d,topo_complex,10,20899_a8d7c6d5,topo_complex,0.99545,True
21091_bbf490e7,topo_minimal,1,20389_c835706f,topo_moderate,0.999841,False
21091_bbf490e7,topo_minimal,2,21429_6d2d3974,topo_complex,0.999831,False
21091_bbf490e7,topo_minimal,3,22334_677d00e0,topo_isolated,0.999827,False
21091_bbf490e7,topo_minimal,4,22266_078a1f68,topo_complex,0.99977,False
21091_bbf490e7,topo_minimal,5,22082_39503fa6,topo_complex,0.999722,False
21091_bbf490e7,topo_minimal,6,23283_fadf3820,topo_connected,0.999722,False
21091_bbf490e7,topo_minimal,7,20421_38b63ca5,topo_complex,0.999714,False
21091_bbf490e7,topo_minimal,8,22376_3ebc82a2,topo_complex,0.999695,False
21091_bbf490e7,topo_minimal,9,23120_f7c9092f,topo_connected,0.999694,False
21091_bbf490e7,topo_minimal,10,20858_15bdad00,topo_complex,0.999674,False
23480_3f7a8d50,topo_minimal,1,21816_3891a442,topo_complex,0.999995,False
23480_3f7a8d50,topo_minimal,2,23049_207a41f0,topo_connected,0.999989,False
23480_3f7a8d50,topo_minimal,3,21745_56cbe841,topo_complex,0.999989,False
23480_3f7a8d50,topo_minimal,4,23252_ef165bed,topo_complex,0.999987,False
23480_3f7a8d50,topo_minimal,5,22919_3ee91d1a,topo_moderate,0.999982,False
23480_3f7a8d50,topo_minimal,6,20530_2246503a,topo_moderate,0.999967,False
23480_3f7a8d50,topo_minimal,7,20788_d25efea2,topo_connected,0.999966,False
23480_3f7a8d50,topo_minimal,8,21923_41fa6eda,topo_moderate,0.999966,False
23480_3f7a8d50,topo_minimal,9,23132_1847c4ef,topo_complex,0.999962,False
23480_3f7a8d50,topo_minimal,10,21779_b99623fc,topo_connected,0.999958,False
20814_5a2be0fb,topo_minimal,1,21630_316322ff,topo_isolated,1.0,False
20814_5a2be0fb,topo_minimal,2,20934_fe7fbd78,topo_isolated,1.0,False
20814_5a2be0fb,topo_minimal,3,21806_616e985a,topo_isolated,1.0,False
20814_5a2be0fb,topo_minimal,4,22075_12b129d5,topo_isolated,1.0,False
20814_5a2be0fb,topo_minimal,5,22844_9b75b8e0,topo_moderate,1.0,False
20814_5a2be0fb,topo_minimal,6,20671_33532794,topo_minimal,1.0,True
20814_5a2be0fb,topo_minimal,7,21062_c4ed6d45,topo_minimal,1.0,True
20814_5a2be0fb,topo_minimal,8,22133_465d7a91,topo_isolated,1.0,False
20814_5a2be0fb,topo_minimal,9,20341_6a1588fb,topo_minimal,1.0,True
20814_5a2be0fb,topo_minimal,10,21015_10304cb9,topo_isolated,1.0,False
22654_4c426b0f,topo_moderate,1,22706_58a933f4,topo_moderate,0.999995,True
22654_4c426b0f,topo_moderate,2,20680_b095cb77,topo_minimal,0.999995,False
22654_4c426b0f,topo_moderate,3,22196_0deb2e34,topo_connected,0.999992,False
22654_4c426b0f,topo_moderate,4,22414_14ead4a3,topo_complex,0.999989,False
22654_4c426b0f,topo_moderate,5,23322_8f85d82d,topo_moderate,0.999986,True
22654_4c426b0f,topo_moderate,6,21390_4d1e2d9c,topo_moderate,0.999984,True
22654_4c426b0f,topo_moderate,7,20502_58b65de9,topo_connected,0.999981,False
22654_4c426b0f,topo_moderate,8,23259_d655fcc1,topo_moderate,0.999978,True
22654_4c426b0f,topo_moderate,9,21552_4e9c19b1,topo_moderate,0.999976,True
22654_4c426b0f,topo_moderate,10,22365_a4eb929c,topo_moderate,0.999975,True
21594_428d32af,topo_isolated,1,20676_9715ec9c,topo_minimal,0.999998,False
21594_428d32af,topo_isolated,2,22680_1f4026f6,topo_moderate,0.999997,False
21594_428d32af,topo_isolated,3,21358_a69a36f3,topo_moderate,0.999994,False
21594_428d32af,topo_isolated,4,21202_e452c491,topo_isolated,0.999994,True
21594_428d32af,topo_isolated,5,20329_414757bb,topo_connected,0.999993,False
21594_428d32af,topo_isolated,6,22134_5e72e871,topo_complex,0.999992,False
21594_428d32af,topo_isolated,7,21563_c72d37a2,topo_moderate,0.999992,False
21594_428d32af,topo_isolated,8,23214_0c411aa1,topo_connected,0.999992,False
21594_428d32af,topo_isolated,9,20520_7e357152,topo_isolated,0.999992,True
21594_428d32af,topo_isolated,10,20322_5a8c6077,topo_moderate,0.99999,False
22270_c6999138,topo_moderate,1,22043_041e1b7c,topo_moderate,0.999995,True
22270_c6999138,topo_moderate,2,23210_f535bfd2,topo_moderate,0.99999,True
22270_c6999138,topo_moderate,3,23218_02d26ab4,topo_moderate,0.999989,True
22270_c6999138,topo_moderate,4,23209_1592b0a4,topo_moderate,0.999987,True
22270_c6999138,topo_moderate,5,21994_357aac6f,topo_connected,0.999985,False
22270_c6999138,topo_moderate,6,23244_34b5f55e,topo_connected,0.999983,False
22270_c6999138,topo_moderate,7,23321_c9497b79,topo_moderate,0.999983,True
22270_c6999138,topo_moderate,8,22214_b098105d,topo_minimal,0.999981,False
22270_c6999138,topo_moderate,9,23219_40625e2c,topo_moderate,0.999979,True
22270_c6999138,topo_moderate,10,20908_10574fbf,topo_minimal,0.999979,False
21062_c4ed6d45,topo_minimal,1,22133_465d7a91,topo_isolated,1.0,False
21062_c4ed6d45,topo_minimal,2,20671_33532794,topo_minimal,1.0,True
21062_c4ed6d45,topo_minimal,3,20193_2da4f0a0,topo_minimal,1.0,True
21062_c4ed6d45,topo_minimal,4,21630_316322ff,topo_isolated,1.0,False
21062_c4ed6d45,topo_minimal,5,22075_12b129d5,topo_isolated,1.0,False
21062_c4ed6d45,topo_minimal,6,22844_9b75b8e0,topo_moderate,1.0,False
21062_c4ed6d45,topo_minimal,7,21806_616e985a,topo_isolated,1.0,False
21062_c4ed6d45,topo_minimal,8,20814_5a2be0fb,topo_minimal,1.0,True
21062_c4ed6d45,topo_minimal,9,20934_fe7fbd78,topo_isolated,1.0,False
21062_c4ed6d45,topo_minimal,10,20838_86c931be,topo_minimal,1.0,True
21816_3891a442,topo_complex,1,23480_3f7a8d50,topo_minimal,0.999995,False
21816_3891a442,topo_complex,2,23252_ef165bed,topo_complex,0.999994,True
21816_3891a442,topo_complex,3,21745_56cbe841,topo_complex,0.999993,True
21816_3891a442,topo_complex,4,23049_207a41f0,topo_connected,0.999983,False
21816_3891a442,topo_complex,5,21923_41fa6eda,topo_moderate,0.999981,False
21816_3891a442,topo_complex,6,20788_d25efea2,topo_connected,0.99998,False
21816_3891a442,topo_complex,7,23132_1847c4ef,topo_complex,0.999974,True
21816_3891a442,topo_complex,8,22919_3ee91d1a,topo_moderate,0.999966,False
21816_3891a442,topo_complex,9,21779_b99623fc,topo_connected,0.999962,False
21816_3891a442,topo_complex,10,20755_4b5e61bf,topo_connected,0.999962,False
21912_3f74887c,topo_connected,1,21528_a5d5490f,topo_connected,1.0,True
21912_3f74887c,topo_connected,2,22729_232da678,topo_connected,1.0,True
21912_3f74887c,topo_connected,3,23372_4cb88567,topo_isolated,0.999999,False
21912_3f74887c,topo_connected,4,22577_cd96733e,topo_moderate,0.999999,False
21912_3f74887c,topo_connected,5,22066_308cdcfe,topo_connected,0.999998,True
21912_3f74887c,topo_connected,6,20511_e1b972aa,topo_moderate,0.999998,False
21912_3f74887c,topo_connected,7,23374_57cca189,topo_connected,0.999997,True
21912_3f74887c,topo_connected,8,20281_a29f9a18,topo_minimal,0.999996,False
21912_3f74887c,topo_connected,9,23505_161e8ec5,topo_connected,0.999996,True
21912_3f74887c,topo_connected,10,21224_18ba4aba,topo_moderate,0.999995,False
22577_cd96733e,topo_moderate,1,21912_3f74887c,topo_connected,0.999999,False
22577_cd96733e,topo_moderate,2,21528_a5d5490f,topo_connected,0.999999,False
22577_cd96733e,topo_moderate,3,21467_67965037,topo_complex,0.999998,False
22577_cd96733e,topo_moderate,4,22729_232da678,topo_connected,0.999997,False
22577_cd96733e,topo_moderate,5,23221_42f37ae3,topo_moderate,0.999997,True
22577_cd96733e,topo_moderate,6,21186_d1698d8c,topo_complex,0.999997,False
22577_cd96733e,topo_moderate,7,23374_57cca189,topo_connected,0.999997,False
22577_cd96733e,topo_moderate,8,23372_4cb88567,topo_isolated,0.999997,False
22577_cd96733e,topo_moderate,9,21224_18ba4aba,topo_moderate,0.999996,True
22577_cd96733e,topo_moderate,10,22066_308cdcfe,topo_connected,0.999996,False
21590_7d092186,topo_complex,1,23176_1bf2a2d5,topo_complex,0.999962,True
21590_7d092186,topo_complex,2,21626_b34008e6,topo_connected,0.99996,False
21590_7d092186,topo_complex,3,22046_fe3bae6e,topo_complex,0.999948,True
21590_7d092186,topo_complex,4,23475_b14d1dc8,topo_connected,0.999946,False
21590_7d092186,topo_complex,5,23044_9a964a68,topo_complex,0.999933,True
21590_7d092186,topo_complex,6,23045_a8c4e4bc,topo_complex,0.999924,True
21590_7d092186,topo_complex,7,22474_b10fea1a,topo_complex,0.999916,True
21590_7d092186,topo_complex,8,22228_1c82530b,topo_connected,0.999916,False
21590_7d092186,topo_complex,9,22011_0832eefe,topo_connected,0.999885,False
21590_7d092186,topo_complex,10,21092_32622a83,topo_connected,0.999866,False
21647_6b6cca6f,topo_complex,1,20546_87dbd755,topo_complex,0.999344,True
21647_6b6cca6f,topo_complex,2,22717_08784417,topo_connected,0.999186,False
21647_6b6cca6f,topo_complex,3,23511_8651ac1f,topo_connected,0.99887,False
21647_6b6cca6f,topo_complex,4,21926_b4c7068b,topo_complex,0.9971,True
21647_6b6cca6f,topo_complex,5,21352_d60bc953,topo_minimal,0.996264,False
21647_6b6cca6f,topo_complex,6,20952_b8a54213,topo_complex,0.995121,True
21647_6b6cca6f,topo_complex,7,22415_658c81dd,topo_complex,0.989022,True
21647_6b6cca6f,topo_complex,8,20870_dedaef5b,topo_complex,0.988337,True
21647_6b6cca6f,topo_complex,9,23376_9b48819a,topo_minimal,0.988217,False
21647_6b6cca6f,topo_complex,10,20799_213bf924,topo_complex,0.987361,True
20342_c140780b,topo_isolated,1,20429_9dd95c38,topo_isolated,1.0,True
20342_c140780b,topo_isolated,2,19518_f220b68a,topo_isolated,1.0,True
20342_c140780b,topo_isolated,3,22178_976d2411,topo_minimal,1.0,False
20342_c140780b,topo_isolated,4,20994_9c88b1ba,topo_minimal,1.0,False
20342_c140780b,topo_isolated,5,20340_86125547,topo_minimal,1.0,False
20342_c140780b,topo_isolated,6,16550_e88d6986,topo_minimal,1.0,False
20342_c140780b,topo_isolated,7,23351_6104d55d,topo_moderate,1.0,False
20342_c140780b,topo_isolated,8,20947_115d4058,topo_isolated,1.0,True
20342_c140780b,topo_isolated,9,22261_6efe61e3,topo_minimal,1.0,False
20342_c140780b,topo_isolated,10,23250_aa321310,topo_moderate,1.0,False
21982_bdafa78d,topo_isolated,1,22761_ca309655,topo_complex,0.999994,False
21982_bdafa78d,topo_isolated,2,23043_c0827516,topo_moderate,0.999986,False
21982_bdafa78d,topo_isolated,3,22196_e5bf8c9d,topo_connected,0.999979,False
21982_bdafa78d,topo_isolated,4,21958_e48ddf4e,topo_isolated,0.999978,True
21982_bdafa78d,topo_isolated,5,22197_66c5655e,topo_connected,0.999978,False
21982_bdafa78d,topo_isolated,6,22617_a286f13c,topo_complex,0.999971,False
21982_bdafa78d,topo_isolated,7,22812_cf865ed1,topo_moderate,0.999969,False
21982_bdafa78d,topo_isolated,8,23322_8f85d82d,topo_moderate,0.999966,False
21982_bdafa78d,topo_isolated,9,20926_4c0f33f6,topo_minimal,0.999965,False
21982_bdafa78d,topo_isolated,10,22659_0e686e14,topo_moderate,0.999964,False
20232_e5b060d9,topo_connected,1,23136_2b469508,topo_connected,0.999996,True
20232_e5b060d9,topo_connected,2,22064_e1ba20dd,topo_moderate,0.999995,False
20232_e5b060d9,topo_connected,3,21600_0027c6fc,topo_moderate,0.999993,False
20232_e5b060d9,topo_connected,4,22078_1758e9fc,topo_moderate,0.999993,False
20232_e5b060d9,topo_connected,5,21599_80057f94,topo_connected,0.999993,True
20232_e5b060d9,topo_connected,6,23194_b675acc0,topo_connected,0.999993,True
20232_e5b060d9,topo_connected,7,20421_83f66ddc,topo_minimal,0.999992,False
20232_e5b060d9,topo_connected,8,23238_3c864758,topo_moderate,0.999991,False
20232_e5b060d9,topo_connected,9,23435_e1c96b4d,topo_moderate,0.999991,False
20232_e5b060d9,topo_connected,10,23245_ccd099b6,topo_connected,0.99999,True
22852_dc1dbed6,topo_moderate,1,23305_2662b29a,topo_minimal,0.999228,False
22852_dc1dbed6,topo_moderate,2,21856_f84d9348,topo_moderate,0.996365,True
22852_dc1dbed6,topo_moderate,3,21423_196855d1,topo_minimal,0.995041,False
22852_dc1dbed6,topo_moderate,4,21426_51651a10,topo_isolated,0.984737,False
22852_dc1dbed6,topo_moderate,5,21592_c5e77a82,topo_connected,0.982543,False
22852_dc1dbed6,topo_moderate,6,21165_5cb2d287,topo_isolated,0.974509,False
22852_dc1dbed6,topo_moderate,7,22017_6d3be48d,topo_complex,0.974345,False
22852_dc1dbed6,topo_moderate,8,21496_f4025ad5,topo_isolated,0.971407,False
22852_dc1dbed6,topo_moderate,9,21282_b2d83538,topo_connected,0.969218,False
22852_dc1dbed6,topo_moderate,10,21453_679a343c,topo_isolated,0.969138,False
22666_bdaa1303,topo_complex,1,23380_abffc859,topo_complex,0.999983,True
22666_bdaa1303,topo_complex,2,22630_b6010fff,topo_connected,0.999968,False
22666_bdaa1303,topo_complex,3,21164_de08f61e,topo_connected,0.999908,False
22666_bdaa1303,topo_complex,4,23156_7788f78a,topo_complex,0.999892,True
22666_bdaa1303,topo_complex,5,23368_648717d8,topo_complex,0.999804,True
22666_bdaa1303,topo_complex,6,23083_fdb942ac,topo_connected,0.999788,False
22666_bdaa1303,topo_complex,7,21545_4384f96e,topo_moderate,0.999784,False
22666_bdaa1303,topo_complex,8,21979_29f59427,topo_connected,0.999782,False
22666_bdaa1303,topo_complex,9,23162_7e2f3d77,topo_connected,0.999743,False
22666_bdaa1303,topo_complex,10,22242_4ceddc2b,topo_complex,0.999734,True
21977_ce9f4e71,topo_moderate,1,21809_8bd6b10e,topo_complex,0.999952,False
21977_ce9f4e71,topo_moderate,2,22193_c8773ded,topo_connected,0.999896,False
21977_ce9f4e71,topo_moderate,3,22211_b1ee53f0,topo_connected,0.999854,False
21977_ce9f4e71,topo_moderate,4,23377_690165aa,topo_connected,0.999848,False
21977_ce9f4e71,topo_moderate,5,19051_26735260,topo_connected,0.999799,False
21977_ce9f4e71,topo_moderate,6,21839_a8eb6d34,topo_isolated,0.999753,False
21977_ce9f4e71,topo_moderate,7,22027_11a2e852,topo_complex,0.999739,False
21977_ce9f4e71,topo_moderate,8,22306_c3dca308,topo_complex,0.999716,False
21977_ce9f4e71,topo_moderate,9,22827_f33929ec,topo_complex,0.999703,False
21977_ce9f4e71,topo_moderate,10,20959_d4905d19,topo_complex,0.999664,False
22404_66db7dd7,topo_connected,1,21859_35124f79,topo_complex,0.990773,False
22404_66db7dd7,topo_connected,2,22125_e3a4cad4,topo_complex,0.988983,False
22404_66db7dd7,topo_connected,3,22415_658c81dd,topo_complex,0.986858,False
22404_66db7dd7,topo_connected,4,20675_66ac9773,topo_complex,0.985037,False
22404_66db7dd7,topo_connected,5,20799_213bf924,topo_complex,0.983309,False
22404_66db7dd7,topo_connected,6,20544_43691724,topo_complex,0.982733,False
22404_66db7dd7,topo_connected,7,20546_87dbd755,topo_complex,0.965654,False
22404_66db7dd7,topo_connected,8,21926_b4c7068b,topo_complex,0.964192,False
22404_66db7dd7,topo_connected,9,21352_d60bc953,topo_minimal,0.95739,False
22404_66db7dd7,topo_connected,10,21647_6b6cca6f,topo_complex,0.955639,False
22374_aa5bb54d,topo_isolated,1,21015_10304cb9,topo_isolated,1.0,True
22374_aa5bb54d,topo_isolated,2,21781_5985da6d,topo_isolated,1.0,True
22374_aa5bb54d,topo_isolated,3,20341_6a1588fb,topo_minimal,1.0,False
22374_aa5bb54d,topo_isolated,4,23215_08a54de0,topo_moderate,1.0,False
22374_aa5bb54d,topo_isolated,5,22843_cb38a007,topo_moderate,1.0,False
22374_aa5bb54d,topo_isolated,6,21665_2e14b6ff,topo_isolated,1.0,True
22374_aa5bb54d,topo_isolated,7,22283_36ba29c9,topo_minimal,1.0,False
22374_aa5bb54d,topo_isolated,8,20807_88c198d5,topo_isolated,1.0,True
22374_aa5bb54d,topo_isolated,9,20989_a261efa3,topo_isolated,1.0,True
22374_aa5bb54d,topo_isolated,10,22902_83870421,topo_minimal,0.999999,False
22907_ff18dbd5,topo_moderate,1,23439_18900af2,topo_minimal,1.0,False
22907_ff18dbd5,topo_moderate,2,21047_60d69af3,topo_minimal,1.0,False
22907_ff18dbd5,topo_moderate,3,22843_ff77027f,topo_moderate,1.0,True
22907_ff18dbd5,topo_moderate,4,22227_aca28ff2,topo_moderate,1.0,True
22907_ff18dbd5,topo_moderate,5,20467_f1fcc009,topo_isolated,1.0,False
22907_ff18dbd5,topo_moderate,6,22843_cb38a007,topo_moderate,1.0,True
22907_ff18dbd5,topo_moderate,7,21581_8f948e0b,topo_moderate,1.0,True
22907_ff18dbd5,topo_moderate,8,23311_ad36a9ec,topo_minimal,1.0,False
22907_ff18dbd5,topo_moderate,9,22058_71feafda,topo_isolated,1.0,False
22907_ff18dbd5,topo_moderate,10,23215_08a54de0,topo_moderate,1.0,True
20801_0796e2ee,topo_isolated,1,22902_83870421,topo_minimal,1.0,False
20801_0796e2ee,topo_isolated,2,22257_6fb4c50c,topo_minimal,1.0,False
20801_0796e2ee,topo_isolated,3,22668_9c30f6c0,topo_minimal,0.999999,False
20801_0796e2ee,topo_isolated,4,20802_802b7d69,topo_isolated,0.999999,True
20801_0796e2ee,topo_isolated,5,22749_346e10ae,topo_minimal,0.999999,False
20801_0796e2ee,topo_isolated,6,20341_6a1588fb,topo_minimal,0.999999,False
20801_0796e2ee,topo_isolated,7,21630_316322ff,topo_isolated,0.999999,True
20801_0796e2ee,topo_isolated,8,20814_5a2be0fb,topo_minimal,0.999999,False
20801_0796e2ee,topo_isolated,9,20671_33532794,topo_minimal,0.999999,False
20801_0796e2ee,topo_isolated,10,21616_c6c3347a,topo_isolated,0.999999,True
22045_ead71aca,topo_moderate,1,23476_705b76d1,topo_connected,0.999984,False
22045_ead71aca,topo_moderate,2,20892_b1f89c8d,topo_minimal,0.999973,False
22045_ead71aca,topo_moderate,3,20925_dc64a33a,topo_moderate,0.999972,True
22045_ead71aca,topo_moderate,4,21989_a0b5037d,topo_connected,0.999972,False
22045_ead71aca,topo_moderate,5,23501_6c48b3c1,topo_complex,0.999972,False
22045_ead71aca,topo_moderate,6,22784_bcace961,topo_isolated,0.99997,False
22045_ead71aca,topo_moderate,7,23152_6f2706c9,topo_moderate,0.999969,True
22045_ead71aca,topo_moderate,8,20322_daa5c577,topo_moderate,0.999967,True
22045_ead71aca,topo_moderate,9,22341_0f9c52ed,topo_connected,0.99996,False
22045_ead71aca,topo_moderate,10,22461_0ba0e480,topo_connected,0.999959,False
23339_87a4d11f,topo_isolated,1,23387_c4aa9424,topo_minimal,0.999999,False
23339_87a4d11f,topo_isolated,2,20495_e8e7e80c,topo_moderate,0.999999,False
23339_87a4d11f,topo_isolated,3,23369_447545f6,topo_moderate,0.999998,False
23339_87a4d11f,topo_isolated,4,20940_9777847c,topo_connected,0.999998,False
23339_87a4d11f,topo_isolated,5,23158_c7e753c2,topo_moderate,0.999998,False
23339_87a4d11f,topo_isolated,6,21634_e5e20375,topo_moderate,0.999998,False
23339_87a4d11f,topo_isolated,7,22214_b098105d,topo_minimal,0.999998,False
23339_87a4d11f,topo_isolated,8,22891_b8c84495,topo_moderate,0.999998,False
23339_87a4d11f,topo_isolated,9,20285_b64b1a7e,topo_minimal,0.999998,False
23339_87a4d11f,topo_isolated,10,20813_726b2714,topo_minimal,0.999997,False
22095_af226cbc,topo_complex,1,21176_b5c72bfb,topo_moderate,0.999999,False
22095_af226cbc,topo_complex,2,23221_42f37ae3,topo_moderate,0.999998,False
22095_af226cbc,topo_complex,3,20682_e208cc63,topo_isolated,0.999997,False
22095_af226cbc,topo_complex,4,21961_1a090a8b,topo_isolated,0.999996,False
22095_af226cbc,topo_complex,5,22057_4947db57,topo_minimal,0.999995,False
22095_af226cbc,topo_complex,6,22141_5db99710,topo_moderate,0.999993,False
22095_af226cbc,topo_complex,7,21186_d1698d8c,topo_complex,0.999993,True
22095_af226cbc,topo_complex,8,21224_18ba4aba,topo_moderate,0.999993,False
22095_af226cbc,topo_complex,9,22577_cd96733e,topo_moderate,0.999991,False
22095_af226cbc,topo_complex,10,21467_67965037,topo_complex,0.99999,True
23442_28996649,topo_isolated,1,20188_98b86c0f,topo_moderate,1.0,False
23442_28996649,topo_isolated,2,20376_eefa9511,topo_isolated,1.0,True
23442_28996649,topo_isolated,3,21267_35a558cc,topo_isolated,1.0,True
23442_28996649,topo_isolated,4,20231_f54462bb,topo_isolated,1.0,True
23442_28996649,topo_isolated,5,20479_77930584,topo_isolated,1.0,True
23442_28996649,topo_isolated,6,21243_3ec5d732,topo_minimal,1.0,False
23442_28996649,topo_isolated,7,20466_4b3e5186,topo_minimal,1.0,False
23442_28996649,topo_isolated,8,20291_42287610,topo_isolated,1.0,True
23442_28996649,topo_isolated,9,20672_0bc07cce,topo_minimal,1.0,False
23442_28996649,topo_isolated,10,20898_5f5b9bc7,topo_minimal,1.0,False
23028_2ca87745,topo_connected,1,22040_6461a147,topo_connected,0.999994,True
23028_2ca87745,topo_connected,2,23473_1dfa6e40,topo_complex,0.999993,False
23028_2ca87745,topo_connected,3,23413_6702ec7f,topo_minimal,0.999992,False
23028_2ca87745,topo_connected,4,22776_facf9bcf,topo_complex,0.99999,False
23028_2ca87745,topo_connected,5,22245_ca848576,topo_connected,0.999986,True
23028_2ca87745,topo_connected,6,20440_27177360,topo_complex,0.999986,False
23028_2ca87745,topo_connected,7,23213_3df3cb34,topo_complex,0.999986,False
23028_2ca87745,topo_connected,8,23174_8ef93daf,topo_isolated,0.999986,False
23028_2ca87745,topo_connected,9,22126_e1cca10f,topo_connected,0.999984,True
23028_2ca87745,topo_connected,10,21549_18160a0a,topo_moderate,0.999983,False
21573_31a18ad0,topo_moderate,1,21882_795be793,topo_moderate,1.0,True
21573_31a18ad0,topo_moderate,2,23103_66470b7e,topo_moderate,1.0,True
21573_31a18ad0,topo_moderate,3,22377_d490f505,topo_moderate,1.0,True
21573_31a18ad0,topo_moderate,4,20758_cdccf572,topo_moderate,0.999999,True
21573_31a18ad0,topo_moderate,5,22236_db209dff,topo_minimal,0.999999,False
21573_31a18ad0,topo_moderate,6,21776_fb0bfbc6,topo_minimal,0.999999,False
21573_31a18ad0,topo_moderate,7,20186_f66e4ad3,topo_minimal,0.999999,False
21573_31a18ad0,topo_moderate,8,21793_4ad5e2c0,topo_minimal,0.999999,False
21573_31a18ad0,topo_moderate,9,21175_85118898,topo_moderate,0.999999,True
21573_31a18ad0,topo_moderate,10,21448_5646a1b6,topo_minimal,0.999999,False
20592_573e41b2,topo_isolated,1,22080_594bcb66,topo_minimal,0.852279,False
20592_573e41b2,topo_isolated,2,21592_c5e77a82,topo_connected,0.823169,False
20592_573e41b2,topo_isolated,3,23305_2662b29a,topo_minimal,0.730639,False
20592_573e41b2,topo_isolated,4,22852_dc1dbed6,topo_moderate,0.703292,False
20592_573e41b2,topo_isolated,5,21423_196855d1,topo_minimal,0.684989,False
20592_573e41b2,topo_isolated,6,21856_f84d9348,topo_moderate,0.648736,False
20592_573e41b2,topo_isolated,7,21426_51651a10,topo_isolated,0.59342,True
20592_573e41b2,topo_isolated,8,21165_5cb2d287,topo_isolated,0.543118,True
20592_573e41b2,topo_isolated,9,22017_6d3be48d,topo_complex,0.529826,False
20592_573e41b2,topo_isolated,10,21496_f4025ad5,topo_isolated,0.521148,True
22899_5b97e4f5,topo_minimal,1,22498_b8bdb105,topo_minimal,1.0,True
22899_5b97e4f5,topo_minimal,2,21533_8837772a,topo_moderate,1.0,False
22899_5b97e4f5,topo_minimal,3,21570_9cb1d1c4,topo_minimal,0.999998,True
22899_5b97e4f5,topo_minimal,4,22180_ce7c3bd8,topo_minimal,0.999998,True
22899_5b97e4f5,topo_minimal,5,23022_86e6a8a0,topo_moderate,0.999998,False
22899_5b97e4f5,topo_minimal,6,21690_5d1f3475,topo_moderate,0.999997,False
22899_5b97e4f5,topo_minimal,7,22749_346e10ae,topo_minimal,0.999997,True
22899_5b97e4f5,topo_minimal,8,20259_de1ab632,topo_minimal,0.999997,True
22899_5b97e4f5,topo_minimal,9,22862_f5406bb0,topo_isolated,0.999997,False
22899_5b97e4f5,topo_minimal,10,20409_dafedec6,topo_isolated,0.999996,False
22062_2d6b3b72,topo_minimal,1,22224_1e749c32,topo_moderate,0.999999,False
22062_2d6b3b72,topo_minimal,2,21326_ab4d6c43,topo_moderate,0.999998,False
22062_2d6b3b72,topo_minimal,3,23366_cc0bc28e,topo_minimal,0.999998,True
22062_2d6b3b72,topo_minimal,4,22074_c0265b0d,topo_moderate,0.999998,False
22062_2d6b3b72,topo_minimal,5,21625_d5d4c9a7,topo_moderate,0.999997,False
22062_2d6b3b72,topo_minimal,6,22061_b50b6b66,topo_isolated,0.999996,False
22062_2d6b3b72,topo_minimal,7,21603_98a15295,topo_minimal,0.999996,True
22062_2d6b3b72,topo_minimal,8,20970_d20c6c35,topo_connected,0.999996,False
22062_2d6b3b72,topo_minimal,9,21424_9d516e3a,topo_minimal,0.999995,True
22062_2d6b3b72,topo_minimal,10,21353_4686c90c,topo_minimal,0.999995,True
22040_6461a147,topo_connected,1,23473_1dfa6e40,topo_complex,0.999994,False
22040_6461a147,topo_connected,2,23028_2ca87745,topo_connected,0.999994,True
22040_6461a147,topo_connected,3,21133_f9a1614e,topo_minimal,0.999993,False
22040_6461a147,topo_connected,4,21386_e234c6b6,topo_moderate,0.99999,False
22040_6461a147,topo_connected,5,20421_49bd1188,topo_connected,0.999986,True
22040_6461a147,topo_connected,6,22638_37f9fe91,topo_connected,0.999984,True
22040_6461a147,topo_connected,7,22776_facf9bcf,topo_complex,0.999982,False
22040_6461a147,topo_connected,8,21840_6847d36c,topo_isolated,0.999982,False
22040_6461a147,topo_connected,9,22216_4b032400,topo_minimal,0.999982,False
22040_6461a147,topo_connected,10,20141_b9376856,topo_moderate,0.999981,False
20293_a1999339,topo_complex,1,21134_7aa7cd89,topo_complex,0.999743,True
20293_a1999339,topo_complex,2,22027_11a2e852,topo_complex,0.999603,True
20293_a1999339,topo_complex,3,23377_690165aa,topo_connected,0.999591,False
20293_a1999339,topo_complex,4,21300_ec7da33e,topo_connected,0.999525,False
20293_a1999339,topo_complex,5,23251_3eb3d2e6,topo_minimal,0.999488,False
20293_a1999339,topo_complex,6,22827_f33929ec,topo_complex,0.999343,True
20293_a1999339,topo_complex,7,23495_6366269c,topo_connected,0.999342,False
20293_a1999339,topo_complex,8,22211_b1ee53f0,topo_connected,0.99928,False
20293_a1999339,topo_complex,9,21839_a8eb6d34,topo_isolated,0.999269,False
20293_a1999339,topo_complex,10,19566_19d85d3b,topo_complex,0.999227,True
22910_97f0cc18,topo_complex,1,23495_6366269c,topo_connected,0.999932,False
22910_97f0cc18,topo_complex,2,23251_3eb3d2e6,topo_minimal,0.999727,False
22910_97f0cc18,topo_complex,3,22827_f33929ec,topo_complex,0.999719,True
22910_97f0cc18,topo_complex,4,19566_19d85d3b,topo_complex,0.999695,True
22910_97f0cc18,topo_complex,5,21024_9be3d461,topo_moderate,0.99965,False
22910_97f0cc18,topo_complex,6,21744_5ae4d9d5,topo_connected,0.999558,False
22910_97f0cc18,topo_complex,7,20765_99d0665e,topo_complex,0.99951,True
22910_97f0cc18,topo_complex,8,20430_975b8dcf,topo_moderate,0.999508,False
22910_97f0cc18,topo_complex,9,21063_037107dc,topo_isolated,0.999489,False
22910_97f0cc18,topo_complex,10,20622_38dd90d0,topo_complex,0.999487,True
20934_fe7fbd78,topo_isolated,1,21806_616e985a,topo_isolated,1.0,True
20934_fe7fbd78,topo_isolated,2,20814_5a2be0fb,topo_minimal,1.0,False
20934_fe7fbd78,topo_isolated,3,22075_12b129d5,topo_isolated,1.0,True
20934_fe7fbd78,topo_isolated,4,21630_316322ff,topo_isolated,1.0,True
20934_fe7fbd78,topo_isolated,5,22283_36ba29c9,topo_minimal,1.0,False
20934_fe7fbd78,topo_isolated,6,22508_6bb410af,topo_minimal,1.0,False
20934_fe7fbd78,topo_isolated,7,22844_9b75b8e0,topo_moderate,1.0,False
20934_fe7fbd78,topo_isolated,8,22133_465d7a91,topo_isolated,1.0,True
20934_fe7fbd78,topo_isolated,9,20671_33532794,topo_minimal,1.0,False
20934_fe7fbd78,topo_isolated,10,21062_c4ed6d45,topo_minimal,1.0,False
23379_636204a6,topo_connected,1,20899_a8d7c6d5,topo_complex,0.999989,False
23379_636204a6,topo_connected,2,23026_e6f08109,topo_complex,0.999974,False
23379_636204a6,topo_connected,3,22534_e899f645,topo_complex,0.999969,False
23379_636204a6,topo_connected,4,21601_360ce1c7,topo_connected,0.999968,True
23379_636204a6,topo_connected,5,23120_f7c9092f,topo_connected,0.999967,True
23379_636204a6,topo_connected,6,21028_d4d30a2e,topo_complex,0.999958,False
23379_636204a6,topo_connected,7,23493_57512264,topo_complex,0.999957,False
23379_636204a6,topo_connected,8,19810_f77c5501,topo_complex,0.999946,False
23379_636204a6,topo_connected,9,23041_8d3ea25c,topo_complex,0.99994,False
23379_636204a6,topo_connected,10,23502_5a80f907,topo_isolated,0.999934,False
20803_473c87ac,topo_isolated,1,22135_2aa77ff2,topo_isolated,1.0,True
20803_473c87ac,topo_isolated,2,21976_807c9b26,topo_minimal,1.0,False
20803_473c87ac,topo_isolated,3,20468_1c33550a,topo_minimal,1.0,False
20803_473c87ac,topo_isolated,4,21140_8d150c65,topo_minimal,1.0,False
20803_473c87ac,topo_isolated,5,20741_c337946f,topo_minimal,1.0,False
20803_473c87ac,topo_isolated,6,22746_920025a0,topo_moderate,0.999999,False
20803_473c87ac,topo_isolated,7,23311_ad36a9ec,topo_minimal,0.999999,False
20803_473c87ac,topo_isolated,8,20385_f2d30908,topo_minimal,0.999999,False
20803_473c87ac,topo_isolated,9,23239_ba13cf5e,topo_moderate,0.999999,False
20803_473c87ac,topo_isolated,10,22014_5880c417,topo_moderate,0.999999,False
22323_aa6edb8b,topo_complex,1,23373_f5dac851,topo_complex,0.999999,True
22323_aa6edb8b,topo_complex,2,22987_37973191,topo_complex,0.999998,True
22323_aa6edb8b,topo_complex,3,22372_e91792a1,topo_connected,0.999995,False
22323_aa6edb8b,topo_complex,4,22778_7d85debd,topo_complex,0.999994,True
22323_aa6edb8b,topo_complex,5,22126_e1cca10f,topo_connected,0.999993,False
22323_aa6edb8b,topo_complex,6,21049_f644930a,topo_connected,0.999991,False
22323_aa6edb8b,topo_complex,7,22021_520ec8c3,topo_complex,0.999988,True
22323_aa6edb8b,topo_complex,8,22776_facf9bcf,topo_complex,0.999988,True
22323_aa6edb8b,topo_complex,9,22832_731d3b9f,topo_complex,0.999986,True
22323_aa6edb8b,topo_complex,10,21503_34f299ca,topo_connected,0.999975,False
22242_4ceddc2b,topo_complex,1,21986_67c5509a,topo_complex,0.999972,True
22242_4ceddc2b,topo_complex,2,23156_7788f78a,topo_complex,0.99996,True
22242_4ceddc2b,topo_complex,3,21941_1a683ec2,topo_complex,0.999959,True
22242_4ceddc2b,topo_complex,4,23123_f35404c4,topo_complex,0.999947,True
22242_4ceddc2b,topo_complex,5,23162_7e2f3d77,topo_connected,0.999944,False
22242_4ceddc2b,topo_complex,6,21979_29f59427,topo_connected,0.999941,False
22242_4ceddc2b,topo_complex,7,23161_e7f63a9f,topo_isolated,0.999904,False
22242_4ceddc2b,topo_complex,8,22081_ab3124af,topo_complex,0.999887,True
22242_4ceddc2b,topo_complex,9,23380_abffc859,topo_complex,0.99985,True
22242_4ceddc2b,topo_complex,10,22535_0ba01cc9,topo_complex,0.999809,True
23271_f833d903,topo_connected,1,22492_047b125b,topo_connected,0.999964,True
23271_f833d903,topo_connected,2,20260_4a01a99d,topo_minimal,0.999736,False
23271_f833d903,topo_connected,3,23195_2629864e,topo_connected,0.999633,True
23271_f833d903,topo_connected,4,22670_9353c710,topo_connected,0.999398,True
23271_f833d903,topo_connected,5,23235_f9ccb8b0,topo_connected,0.999385,True
23271_f833d903,topo_connected,6,22428_c1ffa51a,topo_minimal,0.99937,False
23271_f833d903,topo_connected,7,21069_508a9947,topo_complex,0.999351,False
23271_f833d903,topo_connected,8,21924_bbd9f7a9,topo_connected,0.999293,True
23271_f833d903,topo_connected,9,20245_f1b25d43,topo_complex,0.999267,False
23271_f833d903,topo_connected,10,23144_88ca00a5,topo_connected,0.99919,True
23121_cbdf3ebc,topo_moderate,1,20505_017d4cc4,topo_connected,0.999999,False
23121_cbdf3ebc,topo_moderate,2,20182_71b9e491,topo_connected,0.999999,False
23121_cbdf3ebc,topo_moderate,3,20431_27e7f151,topo_connected,0.999998,False
23121_cbdf3ebc,topo_moderate,4,20628_e0551f7c,topo_connected,0.999996,False
23121_cbdf3ebc,topo_moderate,5,22612_28fe0ac2,topo_connected,0.999991,False
23121_cbdf3ebc,topo_moderate,6,22832_731d3b9f,topo_complex,0.999987,False
23121_cbdf3ebc,topo_moderate,7,21858_f1409ea2,topo_complex,0.999983,False
23121_cbdf3ebc,topo_moderate,8,22197_94c66357,topo_moderate,0.999982,True
23121_cbdf3ebc,topo_moderate,9,20141_b9376856,topo_moderate,0.999977,True
23121_cbdf3ebc,topo_moderate,10,21974_1997ebc3,topo_moderate,0.999976,True
21519_3e869afd,topo_moderate,1,23376_9b48819a,topo_minimal,0.974316,False
21519_3e869afd,topo_moderate,2,21926_b4c7068b,topo_complex,0.960401,False
21519_3e869afd,topo_moderate,3,20870_dedaef5b,topo_complex,0.959146,False
21519_3e869afd,topo_moderate,4,21352_d60bc953,topo_minimal,0.959072,False
21519_3e869afd,topo_moderate,5,23511_8651ac1f,topo_connected,0.952077,False
21519_3e869afd,topo_moderate,6,20952_b8a54213,topo_complex,0.950702,False
21519_3e869afd,topo_moderate,7,20246_40be7668,topo_moderate,0.947811,True
21519_3e869afd,topo_moderate,8,22717_08784417,topo_connected,0.94678,False
21519_3e869afd,topo_moderate,9,20746_57a7b346,topo_complex,0.94649,False
21519_3e869afd,topo_moderate,10,20546_87dbd755,topo_complex,0.943118,False
23008_3d1bb7b2,topo_minimal,1,23037_d0df320c,topo_minimal,0.999999,True
23008_3d1bb7b2,topo_minimal,2,22561_067b78ae,topo_moderate,0.999999,False
23008_3d1bb7b2,topo_minimal,3,22059_b7d76712,topo_connected,0.999998,False
23008_3d1bb7b2,topo_minimal,4,22710_77324fc2,topo_moderate,0.999997,False
23008_3d1bb7b2,topo_minimal,5,22312_3f366a4a,topo_connected,0.999996,False
23008_3d1bb7b2,topo_minimal,6,21271_ec7f62b8,topo_connected,0.999993,False
23008_3d1bb7b2,topo_minimal,7,20925_dc64a33a,topo_moderate,0.999993,False
23008_3d1bb7b2,topo_minimal,8,23320_e0711ae9,topo_connected,0.999992,False
23008_3d1bb7b2,topo_minimal,9,21513_50fb4d62,topo_connected,0.999992,False
23008_3d1bb7b2,topo_minimal,10,23127_38d73061,topo_complex,0.999991,False
20500_e88d8065,topo_connected,1,22535_0ba01cc9,topo_complex,0.999932,False
20500_e88d8065,topo_connected,2,22890_4ecfa491,topo_connected,0.999924,True
20500_e88d8065,topo_connected,3,20787_ed64ff5e,topo_moderate,0.99992,False
20500_e88d8065,topo_connected,4,22056_79373464,topo_complex,0.999918,False
20500_e88d8065,topo_connected,5,23226_8d1b5098,topo_connected,0.999907,True
20500_e88d8065,topo_connected,6,22421_19401bdd,topo_complex,0.999877,False
20500_e88d8065,topo_connected,7,21551_c6c2d516,topo_moderate,0.999869,False
20500_e88d8065,topo_connected,8,21063_037107dc,topo_isolated,0.999836,False
20500_e88d8065,topo_connected,9,21024_9be3d461,topo_moderate,0.999829,False
20500_e88d8065,topo_connected,10,20622_38dd90d0,topo_complex,0.999822,False
22155_ab18f2b6,topo_isolated,1,21692_777db9e2,topo_complex,0.999997,False
22155_ab18f2b6,topo_isolated,2,22259_613f9d44,topo_moderate,0.999996,False
22155_ab18f2b6,topo_isolated,3,22762_dcbdd14d,topo_minimal,0.999991,False
22155_ab18f2b6,topo_isolated,4,22983_0ab3faaf,topo_minimal,0.999991,False
22155_ab18f2b6,topo_isolated,5,20989_d1b8b0f8,topo_complex,0.99999,False
22155_ab18f2b6,topo_isolated,6,21817_945cd3c9,topo_connected,0.999989,False
22155_ab18f2b6,topo_isolated,7,21478_8fbd4409,topo_moderate,0.999989,False
22155_ab18f2b6,topo_isolated,8,22886_a6331748,topo_minimal,0.999988,False
22155_ab18f2b6,topo_isolated,9,23102_211ad1db,topo_isolated,0.999987,True
22155_ab18f2b6,topo_isolated,10,23434_6635ed57,topo_connected,0.999983,False
20430_975b8dcf,topo_moderate,1,22827_f33929ec,topo_complex,0.999954,False
20430_975b8dcf,topo_moderate,2,22193_c8773ded,topo_connected,0.999882,False
20430_975b8dcf,topo_moderate,3,21809_8bd6b10e,topo_complex,0.999789,False
20430_975b8dcf,topo_moderate,4,21977_ce9f4e71,topo_moderate,0.99966,True
20430_975b8dcf,topo_moderate,5,21093_1bda9bbe,topo_isolated,0.999567,False
20430_975b8dcf,topo_moderate,6,19051_26735260,topo_connected,0.999521,False
20430_975b8dcf,topo_moderate,7,22910_97f0cc18,topo_complex,0.999508,False
20430_975b8dcf,topo_moderate,8,22211_b1ee53f0,topo_connected,0.999414,False
20430_975b8dcf,topo_moderate,9,23377_690165aa,topo_connected,0.999403,False
20430_975b8dcf,topo_moderate,10,22298_51433023,topo_connected,0.999398,False
20647_cea2e07c,topo_moderate,1,21588_0c48dc5f,topo_moderate,1.0,True
20647_cea2e07c,topo_moderate,2,22895_4533b542,topo_moderate,1.0,True
20647_cea2e07c,topo_moderate,3,22891_b8c84495,topo_moderate,0.999999,True
20647_cea2e07c,topo_moderate,4,20940_9777847c,topo_connected,0.999999,False
20647_cea2e07c,topo_moderate,5,23096_7da0f913,topo_moderate,0.999999,True
20647_cea2e07c,topo_moderate,6,22981_93f268ae,topo_minimal,0.999998,False
20647_cea2e07c,topo_moderate,7,21715_53df62c9,topo_minimal,0.999998,False
20647_cea2e07c,topo_moderate,8,22589_2c8f7c0b,topo_minimal,0.999998,False
20647_cea2e07c,topo_moderate,9,21051_5d118b91,topo_minimal,0.999998,False
20647_cea2e07c,topo_moderate,10,23244_34b5f55e,topo_connected,0.999998,False
22894_5f7c276d,topo_complex,1,23101_6aec02ee,topo_complex,0.999982,True
22894_5f7c276d,topo_complex,2,20991_6795af4f,topo_isolated,0.99998,False
22894_5f7c276d,topo_complex,3,22421_19401bdd,topo_complex,0.999979,True
22894_5f7c276d,topo_complex,4,21551_c6c2d516,topo_moderate,0.999971,False
22894_5f7c276d,topo_complex,5,20477_633cca4f,topo_moderate,0.999969,False
22894_5f7c276d,topo_complex,6,22065_0d414124,topo_moderate,0.999969,False
22894_5f7c276d,topo_complex,7,23309_76dcf100,topo_connected,0.999961,False
22894_5f7c276d,topo_complex,8,23282_a1b17daa,topo_complex,0.999953,True
22894_5f7c276d,topo_complex,9,22419_dfeb5d33,topo_complex,0.999898,True
22894_5f7c276d,topo_complex,10,23217_7c6062e3,topo_connected,0.999892,False
23440_5956321f,topo_isolated,1,20812_462bd352,topo_minimal,0.999999,False
23440_5956321f,topo_isolated,2,20756_75f43564,topo_minimal,0.999999,False
23440_5956321f,topo_isolated,3,22747_3f6faf4c,topo_connected,0.999999,False
23440_5956321f,topo_isolated,4,21617_ddd3657b,topo_isolated,0.999999,True
23440_5956321f,topo_isolated,5,21613_d57e983a,topo_isolated,0.999999,True
23440_5956321f,topo_isolated,6,21619_19435db0,topo_isolated,0.999999,True
23440_5956321f,topo_isolated,7,21848_0fff9631,topo_isolated,0.999998,True
23440_5956321f,topo_isolated,8,21614_5d6afa62,topo_isolated,0.999998,True
23440_5956321f,topo_isolated,9,20412_42170125,topo_moderate,0.999998,False
23440_5956321f,topo_isolated,10,20910_c64b5d1b,topo_minimal,0.999998,False
22508_6bb410af,topo_minimal,1,22283_36ba29c9,topo_minimal,1.0,True
22508_6bb410af,topo_minimal,2,21665_2e14b6ff,topo_isolated,1.0,False
22508_6bb410af,topo_minimal,3,21806_616e985a,topo_isolated,1.0,False
22508_6bb410af,topo_minimal,4,20934_fe7fbd78,topo_isolated,1.0,False
22508_6bb410af,topo_minimal,5,22075_12b129d5,topo_isolated,1.0,False
22508_6bb410af,topo_minimal,6,20838_86c931be,topo_minimal,1.0,True
22508_6bb410af,topo_minimal,7,20951_2918f2fa,topo_moderate,1.0,False
22508_6bb410af,topo_minimal,8,22026_62afa265,topo_minimal,1.0,True
22508_6bb410af,topo_minimal,9,20814_5a2be0fb,topo_minimal,0.999999,True
22508_6bb410af,topo_minimal,10,21015_10304cb9,topo_isolated,0.999999,False
21549_18160a0a,topo_moderate,1,21794_4d137e7d,topo_isolated,0.999999,False
21549_18160a0a,topo_moderate,2,23413_6702ec7f,topo_minimal,0.999997,False
21549_18160a0a,topo_moderate,3,23213_3df3cb34,topo_complex,0.999997,False
21549_18160a0a,topo_moderate,4,20688_955aae0c,topo_connected,0.999994,False
21549_18160a0a,topo_moderate,5,20440_27177360,topo_complex,0.999994,False
21549_18160a0a,topo_moderate,6,23331_192866b6,topo_connected,0.999994,False
21549_18160a0a,topo_moderate,7,21008_a3fec63b,topo_connected,0.999993,False
21549_18160a0a,topo_moderate,8,23174_8ef93daf,topo_isolated,0.999989,False
21549_18160a0a,topo_moderate,9,20215_e2eb3082,topo_connected,0.999988,False
21549_18160a0a,topo_moderate,10,22434_2ad62ed6,topo_minimal,0.999987,False
21941_1a683ec2,topo_complex,1,22242_4ceddc2b,topo_complex,0.999959,True
21941_1a683ec2,topo_complex,2,23161_e7f63a9f,topo_isolated,0.999948,False
21941_1a683ec2,topo_complex,3,22081_ab3124af,topo_complex,0.999907,True
21941_1a683ec2,topo_complex,4,21986_67c5509a,topo_complex,0.999906,True
21941_1a683ec2,topo_complex,5,23156_7788f78a,topo_complex,0.999897,True
21941_1a683ec2,topo_complex,6,21979_29f59427,topo_connected,0.999829,False
21941_1a683ec2,topo_complex,7,23162_7e2f3d77,topo_connected,0.999826,False
21941_1a683ec2,topo_complex,8,23123_f35404c4,topo_complex,0.999824,True
21941_1a683ec2,topo_complex,9,23380_abffc859,topo_complex,0.999788,True
21941_1a683ec2,topo_complex,10,20349_a12428da,topo_isolated,0.999776,False
22761_ca309655,topo_complex,1,21982_bdafa78d,topo_isolated,0.999994,False
22761_ca309655,topo_complex,2,23043_c0827516,topo_moderate,0.999983,False
22761_ca309655,topo_complex,3,22196_e5bf8c9d,topo_connected,0.999981,False
22761_ca309655,topo_complex,4,21958_e48ddf4e,topo_isolated,0.99998,False
22761_ca309655,topo_complex,5,20926_4c0f33f6,topo_minimal,0.999976,False
22761_ca309655,topo_complex,6,22812_cf865ed1,topo_moderate,0.999971,False
22761_ca309655,topo_complex,7,23322_8f85d82d,topo_moderate,0.999969,False
22761_ca309655,topo_complex,8,7780_6c885e81,topo_complex,0.999968,True
22761_ca309655,topo_complex,9,22197_66c5655e,topo_connected,0.999968,False
22761_ca309655,topo_complex,10,22659_0e686e14,topo_moderate,0.999965,False
23221_42f37ae3,topo_moderate,1,21176_b5c72bfb,topo_moderate,0.999999,True
23221_42f37ae3,topo_moderate,2,22095_af226cbc,topo_complex,0.999998,False
23221_42f37ae3,topo_moderate,3,22577_cd96733e,topo_moderate,0.999997,True
23221_42f37ae3,topo_moderate,4,21224_18ba4aba,topo_moderate,0.999997,True
23221_42f37ae3,topo_moderate,5,21467_67965037,topo_complex,0.999996,False
23221_42f37ae3,topo_moderate,6,21186_d1698d8c,topo_complex,0.999996,False
23221_42f37ae3,topo_moderate,7,21528_a5d5490f,topo_connected,0.999993,False
23221_42f37ae3,topo_moderate,8,21912_3f74887c,topo_connected,0.999993,False
23221_42f37ae3,topo_moderate,9,21961_1a090a8b,topo_isolated,0.999993,False
23221_42f37ae3,topo_moderate,10,23505_161e8ec5,topo_connected,0.999993,False
22360_42cd6a21,topo_moderate,1,22070_fd1b8e5e,topo_connected,0.999997,False
22360_42cd6a21,topo_moderate,2,21845_dff8b3a1,topo_complex,0.999991,False
22360_42cd6a21,topo_moderate,3,21849_a5f563a6,topo_complex,0.999991,False
22360_42cd6a21,topo_moderate,4,21838_5bc448b4,topo_moderate,0.999976,True
22360_42cd6a21,topo_moderate,5,23233_ac09e2e5,topo_complex,0.999975,False
22360_42cd6a21,topo_moderate,6,22028_776fbf0d,topo_complex,0.999963,False
22360_42cd6a21,topo_moderate,7,22168_a84560a9,topo_connected,0.999946,False
22360_42cd6a21,topo_moderate,8,21352_c1101acb,topo_moderate,0.999941,True
22360_42cd6a21,topo_moderate,9,23130_7417d5b3,topo_complex,0.99994,False
22360_42cd6a21,topo_moderate,10,21121_1e9e7540,topo_complex,0.999918,False
21140_8d150c65,topo_minimal,1,20468_1c33550a,topo_minimal,1.0,True
21140_8d150c65,topo_minimal,2,20741_c337946f,topo_minimal,1.0,True
21140_8d150c65,topo_minimal,3,20803_473c87ac,topo_isolated,1.0,False
21140_8d150c65,topo_minimal,4,23039_b3d04774,topo_moderate,1.0,False
21140_8d150c65,topo_minimal,5,22014_5880c417,topo_moderate,0.999999,False
21140_8d150c65,topo_minimal,6,23184_731e5af0,topo_moderate,0.999999,False
21140_8d150c65,topo_minimal,7,22746_920025a0,topo_moderate,0.999999,False
21140_8d150c65,topo_minimal,8,22135_2aa77ff2,topo_isolated,0.999999,False
21140_8d150c65,topo_minimal,9,21265_7329c813,topo_moderate,0.999999,False
21140_8d150c65,topo_minimal,10,21976_807c9b26,topo_minimal,0.999999,True
22232_cb53774e,topo_connected,1,22826_199df203,topo_connected,0.999994,True
22232_cb53774e,topo_connected,2,20322_daa5c577,topo_moderate,0.999994,False
22232_cb53774e,topo_connected,3,22383_e5f707a7,topo_moderate,0.999992,False
22232_cb53774e,topo_connected,4,20322_5a8c6077,topo_moderate,0.99999,False
22232_cb53774e,topo_connected,5,23501_6c48b3c1,topo_complex,0.99999,False
22232_cb53774e,topo_connected,6,23476_705b76d1,topo_connected,0.99999,True
22232_cb53774e,topo_connected,7,20239_49b65a55,topo_complex,0.999989,False
22232_cb53774e,topo_connected,8,23318_65e3a7c9,topo_minimal,0.999989,False
22232_cb53774e,topo_connected,9,20892_b1f89c8d,topo_minimal,0.999987,False
22232_cb53774e,topo_connected,10,23152_6f2706c9,topo_moderate,0.999983,False
23331_192866b6,topo_connected,1,21008_a3fec63b,topo_connected,0.999999,True
23331_192866b6,topo_connected,2,20215_e2eb3082,topo_connected,0.999999,True
23331_192866b6,topo_connected,3,20688_955aae0c,topo_connected,0.999997,True
23331_192866b6,topo_connected,4,20440_27177360,topo_complex,0.999995,False
23331_192866b6,topo_connected,5,21549_18160a0a,topo_moderate,0.999994,False
23331_192866b6,topo_connected,6,23172_4ab01e83,topo_connected,0.999993,True
23331_192866b6,topo_connected,7,22002_315afcfc,topo_complex,0.999992,False
23331_192866b6,topo_connected,8,21794_4d137e7d,topo_isolated,0.999992,False
23331_192866b6,topo_connected,9,21837_b67d788c,topo_connected,0.999989,True
23331_192866b6,topo_connected,10,23413_6702ec7f,topo_minimal,0.999988,False
23378_8d6426ae,topo_moderate,1,20818_098cad7c,topo_complex,0.999948,False
23378_8d6426ae,topo_moderate,2,23273_8f301ce3,topo_moderate,0.999934,True
23378_8d6426ae,topo_moderate,3,21805_2ba39d00,topo_complex,0.999782,False
23378_8d6426ae,topo_moderate,4,23154_7c74d190,topo_connected,0.999724,False
23378_8d6426ae,topo_moderate,5,23053_139f2009,topo_complex,0.999699,False
23378_8d6426ae,topo_moderate,6,20279_aed6b3b3,topo_complex,0.999632,False
23378_8d6426ae,topo_moderate,7,22278_12f1fb79,topo_minimal,0.999497,False
23378_8d6426ae,topo_moderate,8,23204_ff1672a9,topo_complex,0.999495,False
23378_8d6426ae,topo_moderate,9,22331_152ee5c0,topo_moderate,0.999438,True
23378_8d6426ae,topo_moderate,10,21580_b8b2571b,topo_connected,0.999408,False
23505_161e8ec5,topo_connected,1,21528_a5d5490f,topo_connected,0.999996,True
23505_161e8ec5,topo_connected,2,21912_3f74887c,topo_connected,0.999996,True
23505_161e8ec5,topo_connected,3,22066_308cdcfe,topo_connected,0.999996,True
23505_161e8ec5,topo_connected,4,21224_18ba4aba,topo_moderate,0.999995,False
23505_161e8ec5,topo_connected,5,22577_cd96733e,topo_moderate,0.999995,False
23505_161e8ec5,topo_connected,6,20281_a29f9a18,topo_minimal,0.999995,False
23505_161e8ec5,topo_connected,7,23372_4cb88567,topo_isolated,0.999995,False
23505_161e8ec5,topo_connected,8,22729_232da678,topo_connected,0.999995,True
23505_161e8ec5,topo_connected,9,23374_57cca189,topo_connected,0.999993,True
23505_161e8ec5,topo_connected,10,20511_e1b972aa,topo_moderate,0.999993,False
23239_ba13cf5e,topo_moderate,1,22053_de30641b,topo_minimal,1.0,False
23239_ba13cf5e,topo_moderate,2,22746_920025a0,topo_moderate,1.0,True
23239_ba13cf5e,topo_moderate,3,21274_2fb8c3f5,topo_isolated,1.0,False
23239_ba13cf5e,topo_moderate,4,21976_807c9b26,topo_minimal,0.999999,False
23239_ba13cf5e,topo_moderate,5,21581_8f948e0b,topo_moderate,0.999999,True
23239_ba13cf5e,topo_moderate,6,22349_6f67a96e,topo_minimal,0.999999,False
23239_ba13cf5e,topo_moderate,7,21047_60d69af3,topo_minimal,0.999999,False
23239_ba13cf5e,topo_moderate,8,22135_2aa77ff2,topo_isolated,0.999999,False
23239_ba13cf5e,topo_moderate,9,21616_c6c3347a,topo_isolated,0.999999,False
23239_ba13cf5e,topo_moderate,10,20803_473c87ac,topo_isolated,0.999999,False
23251_3eb3d2e6,topo_minimal,1,19566_19d85d3b,topo_complex,0.999972,False
23251_3eb3d2e6,topo_minimal,2,21300_ec7da33e,topo_connected,0.999939,False
23251_3eb3d2e6,topo_minimal,3,21744_5ae4d9d5,topo_connected,0.999897,False
23251_3eb3d2e6,topo_minimal,4,23495_6366269c,topo_connected,0.999896,False
23251_3eb3d2e6,topo_minimal,5,22027_11a2e852,topo_complex,0.999833,False
23251_3eb3d2e6,topo_minimal,6,23377_690165aa,topo_connected,0.999819,False
23251_3eb3d2e6,topo_minimal,7,21063_037107dc,topo_isolated,0.999753,False
23251_3eb3d2e6,topo_minimal,8,21809_8bd6b10e,topo_complex,0.99974,False
23251_3eb3d2e6,topo_minimal,9,22910_97f0cc18,topo_complex,0.999727,False
23251_3eb3d2e6,topo_minimal,10,21024_9be3d461,topo_moderate,0.999685,False
21133_f9a1614e,topo_minimal,1,21840_6847d36c,topo_isolated,0.999996,False
21133_f9a1614e,topo_minimal,2,21386_e234c6b6,topo_moderate,0.999996,False
21133_f9a1614e,topo_minimal,3,21831_54ca67d1,topo_minimal,0.999995,True
21133_f9a1614e,topo_minimal,4,22216_4b032400,topo_minimal,0.999995,True
21133_f9a1614e,topo_minimal,5,22040_6461a147,topo_connected,0.999993,False
21133_f9a1614e,topo_minimal,6,22638_37f9fe91,topo_connected,0.999989,False
21133_f9a1614e,topo_minimal,7,22311_553b3456,topo_complex,0.999987,False
21133_f9a1614e,topo_minimal,8,20421_49bd1188,topo_connected,0.999985,False
21133_f9a1614e,topo_minimal,9,23028_2ca87745,topo_connected,0.999981,False
21133_f9a1614e,topo_minimal,10,23473_1dfa6e40,topo_complex,0.999978,False
22081_ab3124af,topo_complex,1,21986_67c5509a,topo_complex,0.999931,True
22081_ab3124af,topo_complex,2,21941_1a683ec2,topo_complex,0.999907,True
22081_ab3124af,topo_complex,3,20787_ed64ff5e,topo_moderate,0.999905,False
22081_ab3124af,topo_complex,4,22535_0ba01cc9,topo_complex,0.999902,True
22081_ab3124af,topo_complex,5,22056_79373464,topo_complex,0.999889,True
22081_ab3124af,topo_complex,6,23226_8d1b5098,topo_connected,0.999888,False
22081_ab3124af,topo_complex,7,22242_4ceddc2b,topo_complex,0.999887,True
22081_ab3124af,topo_complex,8,23161_e7f63a9f,topo_isolated,0.999881,False
22081_ab3124af,topo_complex,9,21351_675c66b1,topo_moderate,0.999841,False
22081_ab3124af,topo_complex,10,20622_38dd90d0,topo_complex,0.999824,True
21275_c8049742,topo_minimal,1,22162_439af02a,topo_isolated,1.0,False
21275_c8049742,topo_minimal,2,22072_5163223a,topo_moderate,0.999999,False
21275_c8049742,topo_minimal,3,23128_cb135b1b,topo_minimal,0.999999,True
21275_c8049742,topo_minimal,4,21377_19909a40,topo_isolated,0.999999,False
21275_c8049742,topo_minimal,5,20421_83f66ddc,topo_minimal,0.999998,True
21275_c8049742,topo_minimal,6,21737_87d83240,topo_moderate,0.999998,False
21275_c8049742,topo_minimal,7,20281_a29f9a18,topo_minimal,0.999997,True
21275_c8049742,topo_minimal,8,21600_0027c6fc,topo_moderate,0.999997,False
21275_c8049742,topo_minimal,9,21706_adfb2ece,topo_moderate,0.999997,False
21275_c8049742,topo_minimal,10,23409_e27e3b8b,topo_isolated,0.999997,False
21961_1a090a8b,topo_isolated,1,22057_4947db57,topo_minimal,0.999999,False
21961_1a090a8b,topo_isolated,2,20682_e208cc63,topo_isolated,0.999999,True
21961_1a090a8b,topo_isolated,3,22141_5db99710,topo_moderate,0.999999,False
21961_1a090a8b,topo_isolated,4,21176_b5c72bfb,topo_moderate,0.999997,False
21961_1a090a8b,topo_isolated,5,22313_3a8b93dc,topo_connected,0.999997,False
21961_1a090a8b,topo_isolated,6,22892_68138f24,topo_minimal,0.999996,False
21961_1a090a8b,topo_isolated,7,22095_af226cbc,topo_complex,0.999996,False
21961_1a090a8b,topo_isolated,8,21706_adfb2ece,topo_moderate,0.999995,False
21961_1a090a8b,topo_isolated,9,23128_cb135b1b,topo_minimal,0.999994,False
21961_1a090a8b,topo_isolated,10,23221_42f37ae3,topo_moderate,0.999993,False
22056_79373464,topo_complex,1,23226_8d1b5098,topo_connected,0.999954,False
22056_79373464,topo_complex,2,20787_ed64ff5e,topo_moderate,0.999941,False
22056_79373464,topo_complex,3,22535_0ba01cc9,topo_complex,0.999939,True
22056_79373464,topo_complex,4,20622_38dd90d0,topo_complex,0.999931,True
22056_79373464,topo_complex,5,20500_e88d8065,topo_connected,0.999918,False
22056_79373464,topo_complex,6,22890_4ecfa491,topo_connected,0.999904,False
22056_79373464,topo_complex,7,22081_ab3124af,topo_complex,0.999889,True
22056_79373464,topo_complex,8,21551_c6c2d516,topo_moderate,0.999888,False
22056_79373464,topo_complex,9,23282_a1b17daa,topo_complex,0.999887,True
22056_79373464,topo_complex,10,23217_7c6062e3,topo_connected,0.99986,False
22843_cb38a007,topo_moderate,1,23215_08a54de0,topo_moderate,1.0,True
22843_cb38a007,topo_moderate,2,21781_5985da6d,topo_isolated,1.0,False
22843_cb38a007,topo_moderate,3,20467_f1fcc009,topo_isolated,1.0,False
22843_cb38a007,topo_moderate,4,22907_ff18dbd5,topo_moderate,1.0,True
22843_cb38a007,topo_moderate,5,22227_aca28ff2,topo_moderate,1.0,True
22843_cb38a007,topo_moderate,6,22058_71feafda,topo_isolated,1.0,False
22843_cb38a007,topo_moderate,7,22374_aa5bb54d,topo_isolated,1.0,False
22843_cb38a007,topo_moderate,8,23439_18900af2,topo_minimal,1.0,False
22843_cb38a007,topo_moderate,9,20341_6a1588fb,topo_minimal,1.0,False
22843_cb38a007,topo_moderate,10,21015_10304cb9,topo_isolated,1.0,False
21121_1e9e7540,topo_complex,1,22417_4a15d62e,topo_connected,0.999991,False
21121_1e9e7540,topo_complex,2,21709_4dd88551,topo_connected,0.999987,False
21121_1e9e7540,topo_complex,3,21697_06656699,topo_connected,0.999986,False
21121_1e9e7540,topo_complex,4,21352_c1101acb,topo_moderate,0.999979,False
21121_1e9e7540,topo_complex,5,23467_9f431540,topo_moderate,0.999975,False
21121_1e9e7540,topo_complex,6,21700_28d193ac,topo_complex,0.999973,True
21121_1e9e7540,topo_complex,7,21153_a2fb81fe,topo_connected,0.999963,False
21121_1e9e7540,topo_complex,8,23233_ac09e2e5,topo_complex,0.999962,True
21121_1e9e7540,topo_complex,9,21849_a5f563a6,topo_complex,0.99995,True
21121_1e9e7540,topo_complex,10,20643_71ad3d26,topo_minimal,0.999949,False
21182_a480d230,topo_connected,1,22419_dfeb5d33,topo_complex,0.999992,False
21182_a480d230,topo_connected,2,22065_0d414124,topo_moderate,0.999957,False
21182_a480d230,topo_connected,3,20991_6795af4f,topo_isolated,0.999953,False
21182_a480d230,topo_connected,4,23101_6aec02ee,topo_complex,0.999904,False
21182_a480d230,topo_connected,5,20477_633cca4f,topo_moderate,0.99989,False
21182_a480d230,topo_connected,6,23282_a1b17daa,topo_complex,0.999881,False
21182_a480d230,topo_connected,7,22894_5f7c276d,topo_complex,0.99988,False
21182_a480d230,topo_connected,8,22421_19401bdd,topo_complex,0.999863,False
21182_a480d230,topo_connected,9,23309_76dcf100,topo_connected,0.999803,True
21182_a480d230,topo_connected,10,21744_5ae4d9d5,topo_connected,0.999744,True
22418_2722dfe8,topo_connected,1,21365_ab403591,topo_connected,0.999998,True
22418_2722dfe8,topo_connected,2,22659_0e686e14,topo_moderate,0.999988,False
22418_2722dfe8,topo_connected,3,23451_14c8d09e,topo_connected,0.999986,True
22418_2722dfe8,topo_connected,4,23417_9a9e9937,topo_connected,0.999986,True
22418_2722dfe8,topo_connected,5,22612_28fe0ac2,topo_connected,0.999985,True
22418_2722dfe8,topo_connected,6,21958_e48ddf4e,topo_isolated,0.999985,False
22418_2722dfe8,topo_connected,7,22617_a286f13c,topo_complex,0.999983,False
22418_2722dfe8,topo_connected,8,22812_cf865ed1,topo_moderate,0.999981,False
22418_2722dfe8,topo_connected,9,21974_1997ebc3,topo_moderate,0.99998,False
22418_2722dfe8,topo_connected,10,7780_6c885e81,topo_complex,0.99998,False
21357_9edfc0a0,topo_isolated,1,20341_6a1588fb,topo_minimal,1.0,False
21357_9edfc0a0,topo_isolated,2,20802_802b7d69,topo_isolated,1.0,True
21357_9edfc0a0,topo_isolated,3,20814_5a2be0fb,topo_minimal,1.0,False
21357_9edfc0a0,topo_isolated,4,21630_316322ff,topo_isolated,1.0,True
21357_9edfc0a0,topo_isolated,5,21015_10304cb9,topo_isolated,1.0,True
21357_9edfc0a0,topo_isolated,6,22257_6fb4c50c,topo_minimal,1.0,False
21357_9edfc0a0,topo_isolated,7,20934_fe7fbd78,topo_isolated,0.999999,True
21357_9edfc0a0,topo_isolated,8,23215_08a54de0,topo_moderate,0.999999,False
21357_9edfc0a0,topo_isolated,9,21806_616e985a,topo_isolated,0.999999,True
21357_9edfc0a0,topo_isolated,10,22374_aa5bb54d,topo_isolated,0.999999,True
21185_ac5324ba,topo_moderate,1,23152_6f2706c9,topo_moderate,0.999995,True
21185_ac5324ba,topo_moderate,2,23476_705b76d1,topo_connected,0.999984,False
21185_ac5324ba,topo_moderate,3,20504_c9e14c9d,topo_connected,0.999984,False
21185_ac5324ba,topo_moderate,4,20157_db99ab88,topo_moderate,0.999981,True
21185_ac5324ba,topo_moderate,5,23034_b38134ee,topo_connected,0.999971,False
21185_ac5324ba,topo_moderate,6,22232_cb53774e,topo_connected,0.999968,False
21185_ac5324ba,topo_moderate,7,20329_414757bb,topo_connected,0.999966,False
21185_ac5324ba,topo_moderate,8,23323_075a079e,topo_moderate,0.999959,True
21185_ac5324ba,topo_moderate,9,20322_5a8c6077,topo_moderate,0.999951,True
21185_ac5324ba,topo_moderate,10,22826_199df203,topo_connected,0.999949,False
23156_7788f78a,topo_complex,1,22242_4ceddc2b,topo_complex,0.99996,True
23156_7788f78a,topo_complex,2,23380_abffc859,topo_complex,0.999959,True
23156_7788f78a,topo_complex,3,23162_7e2f3d77,topo_connected,0.999953,False
23156_7788f78a,topo_complex,4,21979_29f59427,topo_connected,0.999941,False
23156_7788f78a,topo_complex,5,23123_f35404c4,topo_complex,0.999909,True
23156_7788f78a,topo_complex,6,21986_67c5509a,topo_complex,0.999907,True
23156_7788f78a,topo_complex,7,21941_1a683ec2,topo_complex,0.999897,True
23156_7788f78a,topo_complex,8,22666_bdaa1303,topo_complex,0.999892,True
23156_7788f78a,topo_complex,9,21164_de08f61e,topo_connected,0.99986,False
23156_7788f78a,topo_complex,10,23002_4d53fb3f,topo_moderate,0.99982,False
23162_7e2f3d77,topo_connected,1,23123_f35404c4,topo_complex,0.999983,False
23162_7e2f3d77,topo_connected,2,21986_67c5509a,topo_complex,0.999958,False
23162_7e2f3d77,topo_connected,3,23002_4d53fb3f,topo_moderate,0.999953,False
23162_7e2f3d77,topo_connected,4,23156_7788f78a,topo_complex,0.999953,False
23162_7e2f3d77,topo_connected,5,22242_4ceddc2b,topo_complex,0.999944,False
23162_7e2f3d77,topo_connected,6,21979_29f59427,topo_connected,0.999934,True
23162_7e2f3d77,topo_connected,7,22528_f3370a64,topo_isolated,0.999895,False
23162_7e2f3d77,topo_connected,8,21708_e61bd657,topo_moderate,0.999854,False
23162_7e2f3d77,topo_connected,9,23380_abffc859,topo_complex,0.999846,False
23162_7e2f3d77,topo_connected,10,20697_d3e106b4,topo_complex,0.999826,False
21838_5bc448b4,topo_moderate,1,22893_eb8aa8ac,topo_minimal,0.999977,False
21838_5bc448b4,topo_moderate,2,22360_42cd6a21,topo_moderate,0.999976,True
21838_5bc448b4,topo_moderate,3,21845_dff8b3a1,topo_complex,0.999965,False
21838_5bc448b4,topo_moderate,4,22070_fd1b8e5e,topo_connected,0.999958,False
21838_5bc448b4,topo_moderate,5,23155_d7305c5f,topo_complex,0.999952,False
21838_5bc448b4,topo_moderate,6,21843_effbd24d,topo_connected,0.99995,False
21838_5bc448b4,topo_moderate,7,22168_a84560a9,topo_connected,0.999946,False
21838_5bc448b4,topo_moderate,8,22028_776fbf0d,topo_complex,0.999945,False
21838_5bc448b4,topo_moderate,9,21849_a5f563a6,topo_complex,0.999943,False
21838_5bc448b4,topo_moderate,10,21081_72fa4ad1,topo_moderate,0.999935,True
20688_955aae0c,topo_connected,1,20440_27177360,topo_complex,1.0,False
20688_955aae0c,topo_connected,2,23331_192866b6,topo_connected,0.999997,True
20688_955aae0c,topo_connected,3,21008_a3fec63b,topo_connected,0.999995,True
20688_955aae0c,topo_connected,4,21549_18160a0a,topo_moderate,0.999994,False
20688_955aae0c,topo_connected,5,23413_6702ec7f,topo_minimal,0.999994,False
20688_955aae0c,topo_connected,6,20215_e2eb3082,topo_connected,0.999994,True
20688_955aae0c,topo_connected,7,21794_4d137e7d,topo_isolated,0.999991,False
20688_955aae0c,topo_connected,8,22002_315afcfc,topo_complex,0.99999,False
20688_955aae0c,topo_connected,9,23213_3df3cb34,topo_complex,0.999989,False
20688_955aae0c,topo_connected,10,22245_ca848576,topo_connected,0.999988,True
20419_8ce893b6,topo_minimal,1,22095_af226cbc,topo_complex,0.999976,False
20419_8ce893b6,topo_minimal,2,21186_d1698d8c,topo_complex,0.999976,False
20419_8ce893b6,topo_minimal,3,23221_42f37ae3,topo_moderate,0.999973,False
20419_8ce893b6,topo_minimal,4,21467_67965037,topo_complex,0.999972,False
20419_8ce893b6,topo_minimal,5,21176_b5c72bfb,topo_moderate,0.99997,False
20419_8ce893b6,topo_minimal,6,20682_e208cc63,topo_isolated,0.99997,False
20419_8ce893b6,topo_minimal,7,21478_8fbd4409,topo_moderate,0.999967,False
20419_8ce893b6,topo_minimal,8,22057_4947db57,topo_minimal,0.999966,True
20419_8ce893b6,topo_minimal,9,21497_9833a679,topo_moderate,0.999965,False
20419_8ce893b6,topo_minimal,10,22577_cd96733e,topo_moderate,0.999962,False
23495_6366269c,topo_connected,1,22910_97f0cc18,topo_complex,0.999932,False
23495_6366269c,topo_connected,2,23251_3eb3d2e6,topo_minimal,0.999896,False
23495_6366269c,topo_connected,3,19566_19d85d3b,topo_complex,0.999863,False
23495_6366269c,topo_connected,4,21024_9be3d461,topo_moderate,0.999846,False
23495_6366269c,topo_connected,5,21744_5ae4d9d5,topo_connected,0.999825,True
23495_6366269c,topo_connected,6,21063_037107dc,topo_isolated,0.999748,False
23495_6366269c,topo_connected,7,21300_ec7da33e,topo_connected,0.99971,True
23495_6366269c,topo_connected,8,20622_38dd90d0,topo_complex,0.999709,False
23495_6366269c,topo_connected,9,20765_99d0665e,topo_complex,0.999695,False
23495_6366269c,topo_connected,10,22827_f33929ec,topo_complex,0.999619,False
22334_677d00e0,topo_isolated,1,21092_32622a83,topo_connected,0.999969,False
22334_677d00e0,topo_isolated,2,22011_0832eefe,topo_connected,0.99996,False
22334_677d00e0,topo_isolated,3,23045_a8c4e4bc,topo_complex,0.999917,False
22334_677d00e0,topo_isolated,4,22035_101c7ab4,topo_connected,0.999914,False
22334_677d00e0,topo_isolated,5,22266_078a1f68,topo_complex,0.999913,False
22334_677d00e0,topo_isolated,6,21621_711e1918,topo_complex,0.999907,False
22334_677d00e0,topo_isolated,7,22046_fe3bae6e,topo_complex,0.999885,False
22334_677d00e0,topo_isolated,8,21539_cfe1f7fd,topo_connected,0.999878,False
22334_677d00e0,topo_isolated,9,21429_6d2d3974,topo_complex,0.999864,False
22334_677d00e0,topo_isolated,10,21719_d60b8a4a,topo_minimal,0.999864,False
20643_71ad3d26,topo_minimal,1,21918_976c2754,topo_complex,0.999983,False
20643_71ad3d26,topo_minimal,2,22417_4a15d62e,topo_connected,0.999977,False
20643_71ad3d26,topo_minimal,3,23168_7fdf5427,topo_complex,0.999972,False
20643_71ad3d26,topo_minimal,4,23419_ea47995f,topo_complex,0.999955,False
20643_71ad3d26,topo_minimal,5,21697_06656699,topo_connected,0.99995,False
20643_71ad3d26,topo_minimal,6,21121_1e9e7540,topo_complex,0.999949,False
20643_71ad3d26,topo_minimal,7,23467_9f431540,topo_moderate,0.99994,False
20643_71ad3d26,topo_minimal,8,21700_28d193ac,topo_complex,0.999938,False
20643_71ad3d26,topo_minimal,9,23329_6939d5d9,topo_complex,0.999933,False
20643_71ad3d26,topo_minimal,10,23083_fdb942ac,topo_connected,0.999927,False
22839_113f2990,topo_minimal,1,20241_ccb70dc8,topo_isolated,1.0,False
22839_113f2990,topo_minimal,2,20241_8c0d3f83,topo_isolated,1.0,False
22839_113f2990,topo_minimal,3,20332_0c2a24aa,topo_minimal,1.0,True
22839_113f2990,topo_minimal,4,21139_cd619b26,topo_minimal,1.0,True
22839_113f2990,topo_minimal,5,20429_4c909f3f,topo_isolated,1.0,False
22839_113f2990,topo_minimal,6,21119_4f5c95a6,topo_minimal,1.0,True
22839_113f2990,topo_minimal,7,20804_0dcacc66,topo_minimal,1.0,True
22839_113f2990,topo_minimal,8,22142_7891a26a,topo_minimal,1.0,True
22839_113f2990,topo_minimal,9,23199_75dc1efd,topo_minimal,1.0,True
22839_113f2990,topo_minimal,10,22261_6efe61e3,topo_minimal,1.0,True
20804_0dcacc66,topo_minimal,1,21139_cd619b26,topo_minimal,1.0,True
20804_0dcacc66,topo_minimal,2,21119_4f5c95a6,topo_minimal,1.0,True
20804_0dcacc66,topo_minimal,3,22142_7891a26a,topo_minimal,1.0,True
20804_0dcacc66,topo_minimal,4,22839_113f2990,topo_minimal,1.0,True
20804_0dcacc66,topo_minimal,5,20429_4c909f3f,topo_isolated,1.0,False
20804_0dcacc66,topo_minimal,6,20332_0c2a24aa,topo_minimal,1.0,True
20804_0dcacc66,topo_minimal,7,20241_ccb70dc8,topo_isolated,1.0,False
20804_0dcacc66,topo_minimal,8,20241_8c0d3f83,topo_isolated,1.0,False
20804_0dcacc66,topo_minimal,9,21422_b2a6bf27,topo_isolated,1.0,False
20804_0dcacc66,topo_minimal,10,21243_3ec5d732,topo_minimal,1.0,True
21353_4686c90c,topo_minimal,1,21326_ab4d6c43,topo_moderate,0.999997,False
21353_4686c90c,topo_minimal,2,22061_b50b6b66,topo_isolated,0.999997,False
21353_4686c90c,topo_minimal,3,23211_3aac9c7e,topo_connected,0.999997,False
21353_4686c90c,topo_minimal,4,23158_c7e753c2,topo_moderate,0.999995,False
21353_4686c90c,topo_minimal,5,23209_1592b0a4,topo_moderate,0.999995,False
21353_4686c90c,topo_minimal,6,23369_447545f6,topo_moderate,0.999995,False
21353_4686c90c,topo_minimal,7,22062_2d6b3b72,topo_minimal,0.999995,True
21353_4686c90c,topo_minimal,8,23219_40625e2c,topo_moderate,0.999995,False
21353_4686c90c,topo_minimal,9,22224_1e749c32,topo_moderate,0.999995,False
21353_4686c90c,topo_minimal,10,23366_cc0bc28e,topo_minimal,0.999994,True
23236_d5867507,topo_connected,1,23158_c7e753c2,topo_moderate,1.0,False
23236_d5867507,topo_connected,2,23342_7193a931,topo_moderate,0.999999,False
23236_d5867507,topo_connected,3,21634_e5e20375,topo_moderate,0.999999,False
23236_d5867507,topo_connected,4,23219_40625e2c,topo_moderate,0.999999,False
23236_d5867507,topo_connected,5,23369_447545f6,topo_moderate,0.999999,False
23236_d5867507,topo_connected,6,20495_e8e7e80c,topo_moderate,0.999998,False
23236_d5867507,topo_connected,7,23387_c4aa9424,topo_minimal,0.999998,False
23236_d5867507,topo_connected,8,22214_b098105d,topo_minimal,0.999998,False
23236_d5867507,topo_connected,9,22074_c0265b0d,topo_moderate,0.999998,False
23236_d5867507,topo_connected,10,21994_357aac6f,topo_connected,0.999998,True
22070_fd1b8e5e,topo_connected,1,22360_42cd6a21,topo_moderate,0.999997,False
22070_fd1b8e5e,topo_connected,2,21849_a5f563a6,topo_complex,0.999996,False
22070_fd1b8e5e,topo_connected,3,21845_dff8b3a1,topo_complex,0.999993,False
22070_fd1b8e5e,topo_connected,4,23233_ac09e2e5,topo_complex,0.999989,False
22070_fd1b8e5e,topo_connected,5,22028_776fbf0d,topo_complex,0.999967,False
22070_fd1b8e5e,topo_connected,6,21838_5bc448b4,topo_moderate,0.999958,False
22070_fd1b8e5e,topo_connected,7,23130_7417d5b3,topo_complex,0.999958,False
22070_fd1b8e5e,topo_connected,8,21352_c1101acb,topo_moderate,0.999955,False
22070_fd1b8e5e,topo_connected,9,22168_a84560a9,topo_connected,0.999945,True
22070_fd1b8e5e,topo_connected,10,21121_1e9e7540,topo_complex,0.999944,False
20899_a8d7c6d5,topo_complex,1,23379_636204a6,topo_connected,0.999989,False
20899_a8d7c6d5,topo_complex,2,21028_d4d30a2e,topo_complex,0.999985,True
20899_a8d7c6d5,topo_complex,3,23026_e6f08109,topo_complex,0.99998,True
20899_a8d7c6d5,topo_complex,4,22440_014f1bac,topo_connected,0.999963,False
20899_a8d7c6d5,topo_complex,5,23313_210c6783,topo_connected,0.999959,False
20899_a8d7c6d5,topo_complex,6,23493_57512264,topo_complex,0.999956,True
20899_a8d7c6d5,topo_complex,7,21601_360ce1c7,topo_connected,0.999944,False
20899_a8d7c6d5,topo_complex,8,23041_8d3ea25c,topo_complex,0.999943,True
20899_a8d7c6d5,topo_complex,9,23466_1cf60d09,topo_complex,0.999941,True
20899_a8d7c6d5,topo_complex,10,23502_5a80f907,topo_isolated,0.999936,False
22415_658c81dd,topo_complex,1,22125_e3a4cad4,topo_complex,0.999184,True
22415_658c81dd,topo_complex,2,21859_35124f79,topo_complex,0.999023,True
22415_658c81dd,topo_complex,3,20799_213bf924,topo_complex,0.998809,True
22415_658c81dd,topo_complex,4,20675_66ac9773,topo_complex,0.997554,True
22415_658c81dd,topo_complex,5,20546_87dbd755,topo_complex,0.993464,True
22415_658c81dd,topo_complex,6,21926_b4c7068b,topo_complex,0.989347,True
22415_658c81dd,topo_complex,7,21647_6b6cca6f,topo_complex,0.989022,True
22415_658c81dd,topo_complex,8,22404_66db7dd7,topo_connected,0.986858,False
22415_658c81dd,topo_complex,9,23511_8651ac1f,topo_connected,0.986565,False
22415_658c81dd,topo_complex,10,21352_d60bc953,topo_minimal,0.985625,False
20551_ff28a959,topo_isolated,1,20429_419c4cdd,topo_isolated,1.0,True
20551_ff28a959,topo_isolated,2,20426_79358492,topo_isolated,1.0,True
20551_ff28a959,topo_isolated,3,20705_ac2a0325,topo_isolated,1.0,True
20551_ff28a959,topo_isolated,4,20479_77930584,topo_isolated,0.999999,True
20551_ff28a959,topo_isolated,5,20231_f54462bb,topo_isolated,0.999999,True
20551_ff28a959,topo_isolated,6,21267_35a558cc,topo_isolated,0.999999,True
20551_ff28a959,topo_isolated,7,20376_eefa9511,topo_isolated,0.999999,True
20551_ff28a959,topo_isolated,8,20466_4b3e5186,topo_minimal,0.999999,False
20551_ff28a959,topo_isolated,9,21451_fea6f0d1,topo_isolated,0.999999,True
20551_ff28a959,topo_isolated,10,21911_429c1a72,topo_isolated,0.999999,True
23434_6635ed57,topo_connected,1,20520_7e357152,topo_isolated,0.999998,False
23434_6635ed57,topo_connected,2,21358_a69a36f3,topo_moderate,0.999997,False
23434_6635ed57,topo_connected,3,21817_945cd3c9,topo_connected,0.999997,True
23434_6635ed57,topo_connected,4,23102_211ad1db,topo_isolated,0.999996,False
23434_6635ed57,topo_connected,5,20989_d1b8b0f8,topo_complex,0.999996,False
23434_6635ed57,topo_connected,6,21529_93e51dd9,topo_connected,0.999996,True
23434_6635ed57,topo_connected,7,22680_1f4026f6,topo_moderate,0.999995,False
23434_6635ed57,topo_connected,8,22259_613f9d44,topo_moderate,0.999995,False
23434_6635ed57,topo_connected,9,23035_6087bb57,topo_connected,0.999994,True
23434_6635ed57,topo_connected,10,21202_e452c491,topo_isolated,0.999994,False
23320_e0711ae9,topo_connected,1,21271_ec7f62b8,topo_connected,0.999999,True
23320_e0711ae9,topo_connected,2,23127_38d73061,topo_complex,0.999997,False
23320_e0711ae9,topo_connected,3,22561_067b78ae,topo_moderate,0.999996,False
23320_e0711ae9,topo_connected,4,22710_77324fc2,topo_moderate,0.999996,False
23320_e0711ae9,topo_connected,5,22312_3f366a4a,topo_connected,0.999995,True
23320_e0711ae9,topo_connected,6,23008_3d1bb7b2,topo_minimal,0.999992,False
23320_e0711ae9,topo_connected,7,22059_b7d76712,topo_connected,0.999989,True
23320_e0711ae9,topo_connected,8,23037_d0df320c,topo_minimal,0.999989,False
23320_e0711ae9,topo_connected,9,23170_6ea8ded5,topo_moderate,0.999987,False
23320_e0711ae9,topo_connected,10,21566_ff590631,topo_moderate,0.999983,False
20892_b1f89c8d,topo_minimal,1,22784_bcace961,topo_isolated,0.999998,False
20892_b1f89c8d,topo_minimal,2,21566_ff590631,topo_moderate,0.999995,False
20892_b1f89c8d,topo_minimal,3,20239_49b65a55,topo_complex,0.999995,False
20892_b1f89c8d,topo_minimal,4,22383_e5f707a7,topo_moderate,0.999995,False
20892_b1f89c8d,topo_minimal,5,23214_0c411aa1,topo_connected,0.999995,False
20892_b1f89c8d,topo_minimal,6,20322_daa5c577,topo_moderate,0.999995,False
20892_b1f89c8d,topo_minimal,7,23318_65e3a7c9,topo_minimal,0.999993,True
20892_b1f89c8d,topo_minimal,8,22826_199df203,topo_connected,0.999991,False
20892_b1f89c8d,topo_minimal,9,23501_6c48b3c1,topo_complex,0.999991,False
20892_b1f89c8d,topo_minimal,10,20322_5a8c6077,topo_moderate,0.99999,False
21761_fdb5f86d,topo_moderate,1,20822_5bb36119,topo_isolated,1.0,False
21761_fdb5f86d,topo_moderate,2,21825_ce32b0a0,topo_minimal,1.0,False
21761_fdb5f86d,topo_moderate,3,21785_d595ced5,topo_minimal,1.0,False
21761_fdb5f86d,topo_moderate,4,23103_43bde2a6,topo_minimal,1.0,False
21761_fdb5f86d,topo_moderate,5,23164_659c91ef,topo_connected,1.0,False
21761_fdb5f86d,topo_moderate,6,20810_f6674f2d,topo_isolated,0.999999,False
21761_fdb5f86d,topo_moderate,7,20212_5d1f2de1,topo_moderate,0.999999,True
21761_fdb5f86d,topo_moderate,8,22367_b4a67e61,topo_minimal,0.999999,False
21761_fdb5f86d,topo_moderate,9,21265_7329c813,topo_moderate,0.999999,True
21761_fdb5f86d,topo_moderate,10,22014_5880c417,topo_moderate,0.999998,True
22778_7d85debd,topo_complex,1,22987_37973191,topo_complex,0.999998,True
22778_7d85debd,topo_complex,2,22776_facf9bcf,topo_complex,0.999998,True
22778_7d85debd,topo_complex,3,23373_f5dac851,topo_complex,0.999995,True
22778_7d85debd,topo_complex,4,22832_731d3b9f,topo_complex,0.999994,True
22778_7d85debd,topo_complex,5,22323_aa6edb8b,topo_complex,0.999994,True
22778_7d85debd,topo_complex,6,22126_e1cca10f,topo_connected,0.999994,False
22778_7d85debd,topo_complex,7,23473_1dfa6e40,topo_complex,0.999991,True
22778_7d85debd,topo_complex,8,22372_e91792a1,topo_connected,0.999984,False
22778_7d85debd,topo_complex,9,23028_2ca87745,topo_connected,0.999982,False
22778_7d85debd,topo_complex,10,21503_34f299ca,topo_connected,0.999978,False
20958_94222947,topo_minimal,1,20406_dacb0300,topo_moderate,1.0,False
20958_94222947,topo_minimal,2,21611_1d3ff1b6,topo_isolated,1.0,False
20958_94222947,topo_minimal,3,21184_971559b6,topo_connected,0.999999,False
20958_94222947,topo_minimal,4,21793_4ad5e2c0,topo_minimal,0.999998,True
20958_94222947,topo_minimal,5,22378_234fea2c,topo_moderate,0.999998,False
20958_94222947,topo_minimal,6,21848_0fff9631,topo_isolated,0.999998,False
20958_94222947,topo_minimal,7,23265_07de6a0b,topo_moderate,0.999997,False
20958_94222947,topo_minimal,8,21175_85118898,topo_moderate,0.999997,False
20958_94222947,topo_minimal,9,20186_f66e4ad3,topo_minimal,0.999997,True
20958_94222947,topo_minimal,10,21882_795be793,topo_moderate,0.999997,False
23006_92c5b990,topo_moderate,1,20392_8b23d193,topo_minimal,1.0,False
23006_92c5b990,topo_moderate,2,23403_e539620b,topo_minimal,1.0,False
23006_92c5b990,topo_moderate,3,22862_f5406bb0,topo_isolated,1.0,False
23006_92c5b990,topo_moderate,4,22142_7891a26a,topo_minimal,1.0,False
23006_92c5b990,topo_moderate,5,22261_6efe61e3,topo_minimal,0.999999,False
23006_92c5b990,topo_moderate,6,20340_86125547,topo_minimal,0.999999,False
23006_92c5b990,topo_moderate,7,21422_b2a6bf27,topo_isolated,0.999999,False
23006_92c5b990,topo_moderate,8,20241_ccb70dc8,topo_isolated,0.999999,False
23006_92c5b990,topo_moderate,9,20241_8c0d3f83,topo_isolated,0.999999,False
23006_92c5b990,topo_moderate,10,20804_0dcacc66,topo_minimal,0.999999,False
20705_ac2a0325,topo_isolated,1,21911_429c1a72,topo_isolated,1.0,True
20705_ac2a0325,topo_isolated,2,20672_0bc07cce,topo_minimal,1.0,False
20705_ac2a0325,topo_isolated,3,20426_79358492,topo_isolated,1.0,True
20705_ac2a0325,topo_isolated,4,21267_35a558cc,topo_isolated,1.0,True
20705_ac2a0325,topo_isolated,5,20376_eefa9511,topo_isolated,1.0,True
20705_ac2a0325,topo_isolated,6,20231_f54462bb,topo_isolated,1.0,True
20705_ac2a0325,topo_isolated,7,20479_77930584,topo_isolated,1.0,True
20705_ac2a0325,topo_isolated,8,20429_419c4cdd,topo_isolated,1.0,True
20705_ac2a0325,topo_isolated,9,23343_f000bdae,topo_isolated,1.0,True
20705_ac2a0325,topo_isolated,10,20466_4b3e5186,topo_minimal,1.0,False
22919_3ee91d1a,topo_moderate,1,23049_207a41f0,topo_connected,0.999995,False
22919_3ee91d1a,topo_moderate,2,20530_2246503a,topo_moderate,0.999986,True
22919_3ee91d1a,topo_moderate,3,23480_3f7a8d50,topo_minimal,0.999982,False
22919_3ee91d1a,topo_moderate,4,20431_27e7f151,topo_connected,0.999982,False
22919_3ee91d1a,topo_moderate,5,20505_017d4cc4,topo_connected,0.999977,False
22919_3ee91d1a,topo_moderate,6,23121_cbdf3ebc,topo_moderate,0.999974,True
22919_3ee91d1a,topo_moderate,7,20182_71b9e491,topo_connected,0.99997,False
22919_3ee91d1a,topo_moderate,8,20628_e0551f7c,topo_connected,0.999968,False
22919_3ee91d1a,topo_moderate,9,21816_3891a442,topo_complex,0.999966,False
22919_3ee91d1a,topo_moderate,10,21745_56cbe841,topo_complex,0.999964,False
23342_7193a931,topo_moderate,1,23236_d5867507,topo_connected,0.999999,False
23342_7193a931,topo_moderate,2,23219_40625e2c,topo_moderate,0.999999,True
23342_7193a931,topo_moderate,3,23158_c7e753c2,topo_moderate,0.999999,True
23342_7193a931,topo_moderate,4,21634_e5e20375,topo_moderate,0.999999,True
23342_7193a931,topo_moderate,5,21994_357aac6f,topo_connected,0.999999,False
23342_7193a931,topo_moderate,6,22214_b098105d,topo_minimal,0.999999,False
23342_7193a931,topo_moderate,7,23369_447545f6,topo_moderate,0.999999,True
23342_7193a931,topo_moderate,8,20940_9777847c,topo_connected,0.999999,False
23342_7193a931,topo_moderate,9,20495_e8e7e80c,topo_moderate,0.999998,True
23342_7193a931,topo_moderate,10,23387_c4aa9424,topo_minimal,0.999998,False
21563_c72d37a2,topo_moderate,1,22983_0ab3faaf,topo_minimal,0.999998,False
21563_c72d37a2,topo_moderate,2,22762_dcbdd14d,topo_minimal,0.999998,False
21563_c72d37a2,topo_moderate,3,23214_0c411aa1,topo_connected,0.999997,False
21563_c72d37a2,topo_moderate,4,20322_5a8c6077,topo_moderate,0.999995,True
21563_c72d37a2,topo_moderate,5,20989_d1b8b0f8,topo_complex,0.999995,False
21563_c72d37a2,topo_moderate,6,22680_1f4026f6,topo_moderate,0.999994,True
21563_c72d37a2,topo_moderate,7,22383_e5f707a7,topo_moderate,0.999993,True
21563_c72d37a2,topo_moderate,8,21594_428d32af,topo_isolated,0.999992,False
21563_c72d37a2,topo_moderate,9,22826_199df203,topo_connected,0.999992,False
21563_c72d37a2,topo_moderate,10,23434_6635ed57,topo_connected,0.999992,False
23214_0c411aa1,topo_connected,1,22383_e5f707a7,topo_moderate,0.999997,False
23214_0c411aa1,topo_connected,2,20322_5a8c6077,topo_moderate,0.999997,False
23214_0c411aa1,topo_connected,3,21563_c72d37a2,topo_moderate,0.999997,False
23214_0c411aa1,topo_connected,4,22826_199df203,topo_connected,0.999995,True
23214_0c411aa1,topo_connected,5,20892_b1f89c8d,topo_minimal,0.999995,False
23214_0c411aa1,topo_connected,6,23318_65e3a7c9,topo_minimal,0.999993,False
23214_0c411aa1,topo_connected,7,20239_49b65a55,topo_complex,0.999992,False
23214_0c411aa1,topo_connected,8,22983_0ab3faaf,topo_minimal,0.999992,False
23214_0c411aa1,topo_connected,9,22762_dcbdd14d,topo_minimal,0.999992,False
23214_0c411aa1,topo_connected,10,21594_428d32af,topo_isolated,0.999992,False
21619_19435db0,topo_isolated,1,21614_5d6afa62,topo_isolated,1.0,True
21619_19435db0,topo_isolated,2,21613_d57e983a,topo_isolated,1.0,True
21619_19435db0,topo_isolated,3,21617_ddd3657b,topo_isolated,1.0,True
21619_19435db0,topo_isolated,4,21610_5dcf1187,topo_isolated,1.0,True
21619_19435db0,topo_isolated,5,21612_e2981dae,topo_isolated,1.0,True
21619_19435db0,topo_isolated,6,22131_6b4b60f8,topo_minimal,1.0,False
21619_19435db0,topo_isolated,7,21615_f2ecc6e8,topo_isolated,1.0,True
21619_19435db0,topo_isolated,8,22671_fdd1b1e6,topo_connected,0.999999,False
21619_19435db0,topo_isolated,9,23440_5956321f,topo_isolated,0.999999,True
21619_19435db0,topo_isolated,10,22067_624b28e3,topo_moderate,0.999998,False
22900_09de4c7a,topo_moderate,1,21425_d0d47a2a,topo_complex,0.999985,False
22900_09de4c7a,topo_moderate,2,21541_abc67be6,topo_moderate,0.999962,True
22900_09de4c7a,topo_moderate,3,20163_3742f394,topo_connected,0.999943,False
22900_09de4c7a,topo_moderate,4,22440_014f1bac,topo_connected,0.999927,False
22900_09de4c7a,topo_moderate,5,23313_210c6783,topo_connected,0.999916,False
22900_09de4c7a,topo_moderate,6,21028_d4d30a2e,topo_complex,0.999914,False
22900_09de4c7a,topo_moderate,7,21081_72fa4ad1,topo_moderate,0.999892,True
22900_09de4c7a,topo_moderate,8,23041_8d3ea25c,topo_complex,0.999891,False
22900_09de4c7a,topo_moderate,9,23414_f7d4a688,topo_isolated,0.999888,False
22900_09de4c7a,topo_moderate,10,22168_a84560a9,topo_connected,0.999886,False
21570_9cb1d1c4,topo_minimal,1,22862_f5406bb0,topo_isolated,1.0,False
21570_9cb1d1c4,topo_minimal,2,22180_ce7c3bd8,topo_minimal,0.999999,True
21570_9cb1d1c4,topo_minimal,3,23006_92c5b990,topo_moderate,0.999999,False
21570_9cb1d1c4,topo_minimal,4,20259_de1ab632,topo_minimal,0.999999,True
21570_9cb1d1c4,topo_minimal,5,23403_e539620b,topo_minimal,0.999999,True
21570_9cb1d1c4,topo_minimal,6,20409_dafedec6,topo_isolated,0.999999,False
21570_9cb1d1c4,topo_minimal,7,22498_b8bdb105,topo_minimal,0.999999,True
21570_9cb1d1c4,topo_minimal,8,20392_8b23d193,topo_minimal,0.999999,True
21570_9cb1d1c4,topo_minimal,9,22899_5b97e4f5,topo_minimal,0.999998,True
21570_9cb1d1c4,topo_minimal,10,21533_8837772a,topo_moderate,0.999998,False
21051_5d118b91,topo_minimal,1,22981_93f268ae,topo_minimal,0.999999,True
21051_5d118b91,topo_minimal,2,22589_2c8f7c0b,topo_minimal,0.999999,True
21051_5d118b91,topo_minimal,3,20813_726b2714,topo_minimal,0.999999,True
21051_5d118b91,topo_minimal,4,22895_4533b542,topo_moderate,0.999998,False
21051_5d118b91,topo_minimal,5,21588_0c48dc5f,topo_moderate,0.999998,False
21051_5d118b91,topo_minimal,6,20647_cea2e07c,topo_moderate,0.999998,False
21051_5d118b91,topo_minimal,7,20908_10574fbf,topo_minimal,0.999998,True
21051_5d118b91,topo_minimal,8,23096_7da0f913,topo_moderate,0.999998,False
21051_5d118b91,topo_minimal,9,23341_d5ead6d2,topo_moderate,0.999997,False
21051_5d118b91,topo_minimal,10,22891_b8c84495,topo_moderate,0.999997,False
21614_5d6afa62,topo_isolated,1,21619_19435db0,topo_isolated,1.0,True
21614_5d6afa62,topo_isolated,2,21617_ddd3657b,topo_isolated,1.0,True
21614_5d6afa62,topo_isolated,3,21613_d57e983a,topo_isolated,1.0,True
21614_5d6afa62,topo_isolated,4,21612_e2981dae,topo_isolated,1.0,True
21614_5d6afa62,topo_isolated,5,21610_5dcf1187,topo_isolated,1.0,True
21614_5d6afa62,topo_isolated,6,22131_6b4b60f8,topo_minimal,1.0,False
21614_5d6afa62,topo_isolated,7,21615_f2ecc6e8,topo_isolated,1.0,True
21614_5d6afa62,topo_isolated,8,22671_fdd1b1e6,topo_connected,1.0,False
21614_5d6afa62,topo_isolated,9,23440_5956321f,topo_isolated,0.999998,True
21614_5d6afa62,topo_isolated,10,20412_42170125,topo_moderate,0.999998,False
21974_1997ebc3,topo_moderate,1,20421_49bd1188,topo_connected,0.999996,False
21974_1997ebc3,topo_moderate,2,20141_b9376856,topo_moderate,0.999995,True
21974_1997ebc3,topo_moderate,3,22612_28fe0ac2,topo_connected,0.999992,False
21974_1997ebc3,topo_moderate,4,21858_f1409ea2,topo_complex,0.999992,False
21974_1997ebc3,topo_moderate,5,22638_37f9fe91,topo_connected,0.999989,False
21974_1997ebc3,topo_moderate,6,22311_553b3456,topo_complex,0.999987,False
21974_1997ebc3,topo_moderate,7,22197_94c66357,topo_moderate,0.999985,True
21974_1997ebc3,topo_moderate,8,22659_0e686e14,topo_moderate,0.999985,True
21974_1997ebc3,topo_moderate,9,21386_e234c6b6,topo_moderate,0.999983,True
21974_1997ebc3,topo_moderate,10,23473_1dfa6e40,topo_complex,0.99998,False
22652_dc7405ef,topo_connected,1,23155_d7305c5f,topo_complex,0.999995,False
22652_dc7405ef,topo_connected,2,19596_fb9531a5,topo_complex,0.999994,False
22652_dc7405ef,topo_connected,3,21843_effbd24d,topo_connected,0.999992,True
22652_dc7405ef,topo_connected,4,21511_d07c59c2,topo_connected,0.999989,True
22652_dc7405ef,topo_connected,5,22893_eb8aa8ac,topo_minimal,0.99998,False
22652_dc7405ef,topo_connected,6,19810_f77c5501,topo_complex,0.99993,False
22652_dc7405ef,topo_connected,7,21838_5bc448b4,topo_moderate,0.999927,False
22652_dc7405ef,topo_connected,8,22980_3cb3bcc8,topo_complex,0.999921,False
22652_dc7405ef,topo_connected,9,23493_57512264,topo_complex,0.999917,False
22652_dc7405ef,topo_connected,10,21601_360ce1c7,topo_connected,0.999904,True
20341_6a1588fb,topo_minimal,1,21015_10304cb9,topo_isolated,1.0,False
20341_6a1588fb,topo_minimal,2,22374_aa5bb54d,topo_isolated,1.0,False
20341_6a1588fb,topo_minimal,3,21781_5985da6d,topo_isolated,1.0,False
20341_6a1588fb,topo_minimal,4,22902_83870421,topo_minimal,1.0,True
20341_6a1588fb,topo_minimal,5,23215_08a54de0,topo_moderate,1.0,False
20341_6a1588fb,topo_minimal,6,21357_9edfc0a0,topo_isolated,1.0,False
20341_6a1588fb,topo_minimal,7,20814_5a2be0fb,topo_minimal,1.0,True
20341_6a1588fb,topo_minimal,8,20802_802b7d69,topo_isolated,1.0,False
20341_6a1588fb,topo_minimal,9,21630_316322ff,topo_isolated,1.0,False
20341_6a1588fb,topo_minimal,10,20934_fe7fbd78,topo_isolated,1.0,False
21426_51651a10,topo_isolated,1,21165_5cb2d287,topo_isolated,0.998105,True
21426_51651a10,topo_isolated,2,21856_f84d9348,topo_moderate,0.995892,False
21426_51651a10,topo_isolated,3,21453_679a343c,topo_isolated,0.995791,True
21426_51651a10,topo_isolated,4,21496_f4025ad5,topo_isolated,0.995269,True
21426_51651a10,topo_isolated,5,20792_d2ea0500,topo_isolated,0.99396,True
21426_51651a10,topo_isolated,6,21423_196855d1,topo_minimal,0.992888,False
21426_51651a10,topo_isolated,7,21282_b2d83538,topo_connected,0.992124,False
21426_51651a10,topo_isolated,8,22727_c514268a,topo_moderate,0.990631,False
21426_51651a10,topo_isolated,9,20797_78b83489,topo_minimal,0.9875,False
21426_51651a10,topo_isolated,10,21865_c190b734,topo_minimal,0.986159,False
22298_51433023,topo_connected,1,19051_26735260,topo_connected,0.999958,True
22298_51433023,topo_connected,2,21722_68aeba65,topo_complex,0.999936,False
22298_51433023,topo_connected,3,22306_c3dca308,topo_complex,0.99993,False
22298_51433023,topo_connected,4,22211_b1ee53f0,topo_connected,0.99981,True
22298_51433023,topo_connected,5,21557_53eafe15,topo_complex,0.999767,False
22298_51433023,topo_connected,6,22193_c8773ded,topo_connected,0.999747,True
22298_51433023,topo_connected,7,22764_b884dce6,topo_moderate,0.999657,False
22298_51433023,topo_connected,8,20959_d4905d19,topo_complex,0.999626,False
22298_51433023,topo_connected,9,21977_ce9f4e71,topo_moderate,0.999582,False
22298_51433023,topo_connected,10,21093_1bda9bbe,topo_isolated,0.999558,False
22491_a33562ad,topo_complex,1,23419_ea47995f,topo_complex,0.99996,True
22491_a33562ad,topo_complex,2,20697_d3e106b4,topo_complex,0.999952,True
22491_a33562ad,topo_complex,3,20421_0fd51709,topo_connected,0.999929,False
22491_a33562ad,topo_complex,4,23168_7fdf5427,topo_complex,0.999924,True
22491_a33562ad,topo_complex,5,23329_6939d5d9,topo_complex,0.999904,True
22491_a33562ad,topo_complex,6,22528_f3370a64,topo_isolated,0.999902,False
22491_a33562ad,topo_complex,7,21174_861bd902,topo_moderate,0.999901,False
22491_a33562ad,topo_complex,8,21918_976c2754,topo_complex,0.999892,True
22491_a33562ad,topo_complex,9,21697_06656699,topo_connected,0.999878,False
22491_a33562ad,topo_complex,10,23083_fdb942ac,topo_connected,0.99987,False
20421_0fd51709,topo_connected,1,23329_6939d5d9,topo_complex,0.999994,False
20421_0fd51709,topo_connected,2,20697_d3e106b4,topo_complex,0.999994,False
20421_0fd51709,topo_connected,3,22528_f3370a64,topo_isolated,0.999984,False
20421_0fd51709,topo_connected,4,23168_7fdf5427,topo_complex,0.999972,False
20421_0fd51709,topo_connected,5,23419_ea47995f,topo_complex,0.999957,False
20421_0fd51709,topo_connected,6,21918_976c2754,topo_complex,0.999932,False
20421_0fd51709,topo_connected,7,22491_a33562ad,topo_complex,0.999929,False
20421_0fd51709,topo_connected,8,21708_e61bd657,topo_moderate,0.99991,False
20421_0fd51709,topo_connected,9,20643_71ad3d26,topo_minimal,0.999895,False
20421_0fd51709,topo_connected,10,23002_4d53fb3f,topo_moderate,0.999888,False
23136_2b469508,topo_connected,1,20232_e5b060d9,topo_connected,0.999996,True
23136_2b469508,topo_connected,2,21599_80057f94,topo_connected,0.999994,True
23136_2b469508,topo_connected,3,22837_7644c972,topo_isolated,0.999987,False
23136_2b469508,topo_connected,4,22078_1758e9fc,topo_moderate,0.999984,False
23136_2b469508,topo_connected,5,23245_ccd099b6,topo_connected,0.999984,True
23136_2b469508,topo_connected,6,21600_0027c6fc,topo_moderate,0.999983,False
23136_2b469508,topo_connected,7,22064_e1ba20dd,topo_moderate,0.999981,False
23136_2b469508,topo_connected,8,23194_b675acc0,topo_connected,0.99998,True
23136_2b469508,topo_connected,9,20414_a33bd0d7,topo_moderate,0.99998,False
23136_2b469508,topo_connected,10,20421_83f66ddc,topo_minimal,0.999979,False
23168_7fdf5427,topo_complex,1,23419_ea47995f,topo_complex,0.99999,True
23168_7fdf5427,topo_complex,2,21918_976c2754,topo_complex,0.999988,True
23168_7fdf5427,topo_complex,3,23329_6939d5d9,topo_complex,0.999986,True
23168_7fdf5427,topo_complex,4,20421_0fd51709,topo_connected,0.999972,False
23168_7fdf5427,topo_complex,5,20643_71ad3d26,topo_minimal,0.999972,False
23168_7fdf5427,topo_complex,6,20697_d3e106b4,topo_complex,0.999953,True
23168_7fdf5427,topo_complex,7,23083_fdb942ac,topo_connected,0.999932,False
23168_7fdf5427,topo_complex,8,21697_06656699,topo_connected,0.999929,False
23168_7fdf5427,topo_complex,9,22491_a33562ad,topo_complex,0.999924,True
23168_7fdf5427,topo_complex,10,22417_4a15d62e,topo_connected,0.999921,False
20841_1620ae7d,topo_moderate,1,23408_e5fd25ba,topo_moderate,0.99998,True
20841_1620ae7d,topo_moderate,2,23321_c9497b79,topo_moderate,0.999976,True
20841_1620ae7d,topo_moderate,3,22210_649a5363,topo_minimal,0.99997,False
20841_1620ae7d,topo_moderate,4,22067_624b28e3,topo_moderate,0.999968,True
20841_1620ae7d,topo_moderate,5,23406_1d36b046,topo_minimal,0.999966,False
20841_1620ae7d,topo_moderate,6,22378_234fea2c,topo_moderate,0.999964,True
20841_1620ae7d,topo_moderate,7,21184_971559b6,topo_connected,0.999963,False
20841_1620ae7d,topo_moderate,8,22131_6b4b60f8,topo_minimal,0.999962,False
20841_1620ae7d,topo_moderate,9,21610_5dcf1187,topo_isolated,0.999961,False
20841_1620ae7d,topo_moderate,10,21613_d57e983a,topo_isolated,0.999959,False
20216_89b90993,topo_minimal,1,20989_885bd9b9,topo_minimal,1.0,True
20216_89b90993,topo_minimal,2,22843_ff77027f,topo_moderate,1.0,False
20216_89b90993,topo_minimal,3,22227_aca28ff2,topo_moderate,1.0,False
20216_89b90993,topo_minimal,4,20438_5f344b00,topo_isolated,1.0,False
20216_89b90993,topo_minimal,5,22304_33009be6,topo_isolated,1.0,False
20216_89b90993,topo_minimal,6,23311_ad36a9ec,topo_minimal,1.0,True
20216_89b90993,topo_minimal,7,20467_f1fcc009,topo_isolated,0.999999,False
20216_89b90993,topo_minimal,8,20731_fbdc7731,topo_moderate,0.999999,False
20216_89b90993,topo_minimal,9,22241_535ad84b,topo_isolated,0.999999,False
20216_89b90993,topo_minimal,10,22140_9cda24cc,topo_minimal,0.999999,True
20157_db99ab88,topo_moderate,1,20329_414757bb,topo_connected,0.999995,False
20157_db99ab88,topo_moderate,2,20504_c9e14c9d,topo_connected,0.999994,False
20157_db99ab88,topo_moderate,3,23034_b38134ee,topo_connected,0.99999,False
20157_db99ab88,topo_moderate,4,23152_6f2706c9,topo_moderate,0.999988,True
20157_db99ab88,topo_moderate,5,20676_9715ec9c,topo_minimal,0.999986,False
20157_db99ab88,topo_moderate,6,21594_428d32af,topo_isolated,0.999986,False
20157_db99ab88,topo_moderate,7,21202_e452c491,topo_isolated,0.999985,False
20157_db99ab88,topo_moderate,8,22680_1f4026f6,topo_moderate,0.999985,True
20157_db99ab88,topo_moderate,9,23035_6087bb57,topo_connected,0.999983,False
20157_db99ab88,topo_moderate,10,23476_705b76d1,topo_connected,0.999982,False
21329_1bfecd1d,topo_connected,1,22764_b884dce6,topo_moderate,0.999914,False
21329_1bfecd1d,topo_connected,2,21739_57582b8f,topo_connected,0.999876,True
21329_1bfecd1d,topo_connected,3,23154_7c74d190,topo_connected,0.999814,True
21329_1bfecd1d,topo_connected,4,22278_12f1fb79,topo_minimal,0.999772,False
21329_1bfecd1d,topo_connected,5,21805_2ba39d00,topo_complex,0.999731,False
21329_1bfecd1d,topo_connected,6,21557_53eafe15,topo_complex,0.999725,False
21329_1bfecd1d,topo_connected,7,22331_152ee5c0,topo_moderate,0.999667,False
21329_1bfecd1d,topo_connected,8,20636_ca9eb29a,topo_connected,0.999635,True
21329_1bfecd1d,topo_connected,9,22357_e2f7b060,topo_complex,0.999623,False
21329_1bfecd1d,topo_connected,10,22787_49022c32,topo_complex,0.999574,False
23403_e539620b,topo_minimal,1,23006_92c5b990,topo_moderate,1.0,False
23403_e539620b,topo_minimal,2,20392_8b23d193,topo_minimal,1.0,True
23403_e539620b,topo_minimal,3,22862_f5406bb0,topo_isolated,1.0,False
23403_e539620b,topo_minimal,4,22142_7891a26a,topo_minimal,1.0,True
23403_e539620b,topo_minimal,5,21422_b2a6bf27,topo_isolated,1.0,False
23403_e539620b,topo_minimal,6,20804_0dcacc66,topo_minimal,0.999999,True
23403_e539620b,topo_minimal,7,21139_cd619b26,topo_minimal,0.999999,True
23403_e539620b,topo_minimal,8,22261_6efe61e3,topo_minimal,0.999999,True
23403_e539620b,topo_minimal,9,21119_4f5c95a6,topo_minimal,0.999999,True
23403_e539620b,topo_minimal,10,22839_113f2990,topo_minimal,0.999999,True
22074_c0265b0d,topo_moderate,1,21625_d5d4c9a7,topo_moderate,0.999999,True
22074_c0265b0d,topo_moderate,2,23366_cc0bc28e,topo_minimal,0.999999,False
22074_c0265b0d,topo_moderate,3,22062_2d6b3b72,topo_minimal,0.999998,False
22074_c0265b0d,topo_moderate,4,23236_d5867507,topo_connected,0.999998,False
22074_c0265b0d,topo_moderate,5,23158_c7e753c2,topo_moderate,0.999997,True
22074_c0265b0d,topo_moderate,6,20970_d20c6c35,topo_connected,0.999997,False
22074_c0265b0d,topo_moderate,7,23178_eb4b4280,topo_minimal,0.999997,False
22074_c0265b0d,topo_moderate,8,21634_e5e20375,topo_moderate,0.999996,True
22074_c0265b0d,topo_moderate,9,22224_1e749c32,topo_moderate,0.999996,True
22074_c0265b0d,topo_moderate,10,22061_b50b6b66,topo_isolated,0.999996,False
21281_6e562106,topo_moderate,1,20722_90d46353,topo_minimal,0.999977,False
21281_6e562106,topo_moderate,2,20176_a02bde39,topo_complex,0.999959,False
21281_6e562106,topo_moderate,3,20657_913a7675,topo_connected,0.99991,False
21281_6e562106,topo_moderate,4,21503_34f299ca,topo_connected,0.999879,False
21281_6e562106,topo_moderate,5,22372_e91792a1,topo_connected,0.999868,False
21281_6e562106,topo_moderate,6,23174_8ef93daf,topo_isolated,0.999863,False
21281_6e562106,topo_moderate,7,22987_37973191,topo_complex,0.999862,False
21281_6e562106,topo_moderate,8,23213_3df3cb34,topo_complex,0.999858,False
21281_6e562106,topo_moderate,9,22776_facf9bcf,topo_complex,0.999856,False
21281_6e562106,topo_moderate,10,22323_aa6edb8b,topo_complex,0.999855,False
21793_4ad5e2c0,topo_minimal,1,23265_07de6a0b,topo_moderate,0.999999,False
21793_4ad5e2c0,topo_minimal,2,21776_fb0bfbc6,topo_minimal,0.999999,True
21793_4ad5e2c0,topo_minimal,3,21882_795be793,topo_moderate,0.999999,False
21793_4ad5e2c0,topo_minimal,4,21573_31a18ad0,topo_moderate,0.999999,False
21793_4ad5e2c0,topo_minimal,5,20186_f66e4ad3,topo_minimal,0.999999,True
21793_4ad5e2c0,topo_minimal,6,21175_85118898,topo_moderate,0.999999,False
21793_4ad5e2c0,topo_minimal,7,20958_94222947,topo_minimal,0.999998,True
21793_4ad5e2c0,topo_minimal,8,22236_db209dff,topo_minimal,0.999998,True
21793_4ad5e2c0,topo_minimal,9,22377_d490f505,topo_moderate,0.999998,False
21793_4ad5e2c0,topo_minimal,10,20812_462bd352,topo_minimal,0.999998,True
20319_9f53cd7c,topo_moderate,1,21035_d308c5c4,topo_isolated,0.999599,False
20319_9f53cd7c,topo_moderate,2,20858_15bdad00,topo_complex,0.999566,False
20319_9f53cd7c,topo_moderate,3,22980_3cb3bcc8,topo_complex,0.999526,False
20319_9f53cd7c,topo_moderate,4,19810_f77c5501,topo_complex,0.999519,False
20319_9f53cd7c,topo_moderate,5,23026_e6f08109,topo_complex,0.999512,False
20319_9f53cd7c,topo_moderate,6,21601_360ce1c7,topo_connected,0.999508,False
20319_9f53cd7c,topo_moderate,7,22534_e899f645,topo_complex,0.999501,False
20319_9f53cd7c,topo_moderate,8,20421_38b63ca5,topo_complex,0.999498,False
20319_9f53cd7c,topo_moderate,9,22376_3ebc82a2,topo_complex,0.999497,False
20319_9f53cd7c,topo_moderate,10,23493_57512264,topo_complex,0.999492,False
23387_c4aa9424,topo_minimal,1,20495_e8e7e80c,topo_moderate,1.0,False
23387_c4aa9424,topo_minimal,2,23369_447545f6,topo_moderate,0.999999,False
23387_c4aa9424,topo_minimal,3,21634_e5e20375,topo_moderate,0.999999,False
23387_c4aa9424,topo_minimal,4,23339_87a4d11f,topo_isolated,0.999999,False
23387_c4aa9424,topo_minimal,5,23158_c7e753c2,topo_moderate,0.999999,False
23387_c4aa9424,topo_minimal,6,20285_b64b1a7e,topo_minimal,0.999999,True
23387_c4aa9424,topo_minimal,7,22891_b8c84495,topo_moderate,0.999999,False
23387_c4aa9424,topo_minimal,8,20940_9777847c,topo_connected,0.999999,False
23387_c4aa9424,topo_minimal,9,22214_b098105d,topo_minimal,0.999998,True
23387_c4aa9424,topo_minimal,10,20813_726b2714,topo_minimal,0.999998,True
22892_68138f24,topo_minimal,1,22057_4947db57,topo_minimal,0.999997,True
22892_68138f24,topo_minimal,2,20682_e208cc63,topo_isolated,0.999996,False
22892_68138f24,topo_minimal,3,21961_1a090a8b,topo_isolated,0.999996,False
22892_68138f24,topo_minimal,4,21603_98a15295,topo_minimal,0.999996,True
22892_68138f24,topo_minimal,5,21424_9d516e3a,topo_minimal,0.999994,True
22892_68138f24,topo_minimal,6,22313_3a8b93dc,topo_connected,0.999993,False
22892_68138f24,topo_minimal,7,22141_5db99710,topo_moderate,0.999993,False
22892_68138f24,topo_minimal,8,20970_d20c6c35,topo_connected,0.99999,False
22892_68138f24,topo_minimal,9,22049_4da0d894,topo_connected,0.99999,False
22892_68138f24,topo_minimal,10,20743_c8ea8159,topo_minimal,0.999989,True
21300_ec7da33e,topo_connected,1,23251_3eb3d2e6,topo_minimal,0.999939,False
21300_ec7da33e,topo_connected,2,22027_11a2e852,topo_complex,0.999935,False
21300_ec7da33e,topo_connected,3,19566_19d85d3b,topo_complex,0.999889,False
21300_ec7da33e,topo_connected,4,23377_690165aa,topo_connected,0.999879,True
21300_ec7da33e,topo_connected,5,21744_5ae4d9d5,topo_connected,0.999869,True
21300_ec7da33e,topo_connected,6,21134_7aa7cd89,topo_complex,0.999747,False
21300_ec7da33e,topo_connected,7,21182_a480d230,topo_connected,0.999738,True
21300_ec7da33e,topo_connected,8,23495_6366269c,topo_connected,0.99971,True
21300_ec7da33e,topo_connected,9,22419_dfeb5d33,topo_complex,0.999679,False
21300_ec7da33e,topo_connected,10,21063_037107dc,topo_isolated,0.999677,False
21805_2ba39d00,topo_complex,1,23154_7c74d190,topo_connected,0.999955,False
21805_2ba39d00,topo_complex,2,20818_098cad7c,topo_complex,0.999941,True
21805_2ba39d00,topo_complex,3,23273_8f301ce3,topo_moderate,0.999937,False
21805_2ba39d00,topo_complex,4,22278_12f1fb79,topo_minimal,0.999935,False
21805_2ba39d00,topo_complex,5,22331_152ee5c0,topo_moderate,0.999908,False
21805_2ba39d00,topo_complex,6,23378_8d6426ae,topo_moderate,0.999782,False
21805_2ba39d00,topo_complex,7,21329_1bfecd1d,topo_connected,0.999731,False
21805_2ba39d00,topo_complex,8,21797_69df08d5,topo_complex,0.999649,True
21805_2ba39d00,topo_complex,9,21557_53eafe15,topo_complex,0.99959,True
21805_2ba39d00,topo_complex,10,22764_b884dce6,topo_moderate,0.999496,False
22442_7d5c5d5f,topo_moderate,1,20533_0a3e112b,topo_connected,0.990569,False
22442_7d5c5d5f,topo_moderate,2,21582_a3d32115,topo_moderate,0.990278,True
22442_7d5c5d5f,topo_moderate,3,22483_f4e4b62a,topo_complex,0.989336,False
22442_7d5c5d5f,topo_moderate,4,21244_d67bbabc,topo_complex,0.988099,False
22442_7d5c5d5f,topo_moderate,5,22079_31335df2,topo_connected,0.987807,False
22442_7d5c5d5f,topo_moderate,6,20260_4a01a99d,topo_minimal,0.987601,False
22442_7d5c5d5f,topo_moderate,7,21069_508a9947,topo_complex,0.987253,False
22442_7d5c5d5f,topo_moderate,8,22430_c6f08b03,topo_complex,0.986839,False
22442_7d5c5d5f,topo_moderate,9,21005_9feee615,topo_isolated,0.986811,False
22442_7d5c5d5f,topo_moderate,10,20287_072b5bf6,topo_isolated,0.986672,False
21009_907a2a95,topo_complex,1,23036_7f9d143f,topo_connected,0.99999,False
21009_907a2a95,topo_complex,2,22461_0ba0e480,topo_connected,0.99999,False
21009_907a2a95,topo_complex,3,22059_b7d76712,topo_connected,0.999986,False
21009_907a2a95,topo_complex,4,21513_50fb4d62,topo_connected,0.999984,False
21009_907a2a95,topo_complex,5,23320_e0711ae9,topo_connected,0.999979,False
21009_907a2a95,topo_complex,6,23501_6c48b3c1,topo_complex,0.999978,True
21009_907a2a95,topo_complex,7,23008_3d1bb7b2,topo_minimal,0.999977,False
21009_907a2a95,topo_complex,8,22710_77324fc2,topo_moderate,0.999976,False
21009_907a2a95,topo_complex,9,22002_315afcfc,topo_complex,0.999975,True
21009_907a2a95,topo_complex,10,22561_067b78ae,topo_moderate,0.999974,False
21806_616e985a,topo_isolated,1,22075_12b129d5,topo_isolated,1.0,True
21806_616e985a,topo_isolated,2,20934_fe7fbd78,topo_isolated,1.0,True
21806_616e985a,topo_isolated,3,20814_5a2be0fb,topo_minimal,1.0,False
21806_616e985a,topo_isolated,4,21630_316322ff,topo_isolated,1.0,True
21806_616e985a,topo_isolated,5,22508_6bb410af,topo_minimal,1.0,False
21806_616e985a,topo_isolated,6,22133_465d7a91,topo_isolated,1.0,True
21806_616e985a,topo_isolated,7,22283_36ba29c9,topo_minimal,1.0,False
21806_616e985a,topo_isolated,8,21062_c4ed6d45,topo_minimal,1.0,False
21806_616e985a,topo_isolated,9,22844_9b75b8e0,topo_moderate,1.0,False
21806_616e985a,topo_isolated,10,20671_33532794,topo_minimal,1.0,False
21352_d60bc953,topo_minimal,1,21926_b4c7068b,topo_complex,0.999427,False
21352_d60bc953,topo_minimal,2,23511_8651ac1f,topo_connected,0.998768,False
21352_d60bc953,topo_minimal,3,22717_08784417,topo_connected,0.997915,False
21352_d60bc953,topo_minimal,4,20952_b8a54213,topo_complex,0.997062,False
21352_d60bc953,topo_minimal,5,23376_9b48819a,topo_minimal,0.996623,True
21352_d60bc953,topo_minimal,6,20546_87dbd755,topo_complex,0.996451,False
21352_d60bc953,topo_minimal,7,21647_6b6cca6f,topo_complex,0.996264,False
21352_d60bc953,topo_minimal,8,20870_dedaef5b,topo_complex,0.993575,False
21352_d60bc953,topo_minimal,9,20746_57a7b346,topo_complex,0.987419,False
21352_d60bc953,topo_minimal,10,21236_b696e901,topo_complex,0.987397,False
22886_a6331748,topo_minimal,1,20585_09b72895,topo_moderate,0.999999,False
22886_a6331748,topo_minimal,2,23170_6ea8ded5,topo_moderate,0.999993,False
22886_a6331748,topo_minimal,3,21692_777db9e2,topo_complex,0.999993,False
22886_a6331748,topo_minimal,4,22762_dcbdd14d,topo_minimal,0.99999,True
22886_a6331748,topo_minimal,5,22155_ab18f2b6,topo_isolated,0.999988,False
22886_a6331748,topo_minimal,6,22983_0ab3faaf,topo_minimal,0.999987,True
22886_a6331748,topo_minimal,7,23318_65e3a7c9,topo_minimal,0.999982,True
22886_a6331748,topo_minimal,8,23127_38d73061,topo_complex,0.999982,False
22886_a6331748,topo_minimal,9,21566_ff590631,topo_moderate,0.99998,False
22886_a6331748,topo_minimal,10,21563_c72d37a2,topo_moderate,0.999979,False
22142_7891a26a,topo_minimal,1,20804_0dcacc66,topo_minimal,1.0,True
22142_7891a26a,topo_minimal,2,21119_4f5c95a6,topo_minimal,1.0,True
22142_7891a26a,topo_minimal,3,21139_cd619b26,topo_minimal,1.0,True
22142_7891a26a,topo_minimal,4,21422_b2a6bf27,topo_isolated,1.0,False
22142_7891a26a,topo_minimal,5,20392_8b23d193,topo_minimal,1.0,True
22142_7891a26a,topo_minimal,6,23403_e539620b,topo_minimal,1.0,True
22142_7891a26a,topo_minimal,7,22839_113f2990,topo_minimal,1.0,True
22142_7891a26a,topo_minimal,8,20241_ccb70dc8,topo_isolated,1.0,False
22142_7891a26a,topo_minimal,9,20241_8c0d3f83,topo_isolated,1.0,False
22142_7891a26a,topo_minimal,10,23006_92c5b990,topo_moderate,1.0,False
22331_152ee5c0,topo_moderate,1,22278_12f1fb79,topo_minimal,0.999978,False
22331_152ee5c0,topo_moderate,2,21797_69df08d5,topo_complex,0.999914,False
22331_152ee5c0,topo_moderate,3,21805_2ba39d00,topo_complex,0.999908,False
22331_152ee5c0,topo_moderate,4,23154_7c74d190,topo_connected,0.999834,False
22331_152ee5c0,topo_moderate,5,23273_8f301ce3,topo_moderate,0.999747,True
22331_152ee5c0,topo_moderate,6,21557_53eafe15,topo_complex,0.999744,False
22331_152ee5c0,topo_moderate,7,20818_098cad7c,topo_complex,0.999728,False
22331_152ee5c0,topo_moderate,8,21329_1bfecd1d,topo_connected,0.999667,False
22331_152ee5c0,topo_moderate,9,21722_68aeba65,topo_complex,0.999595,False
22331_152ee5c0,topo_moderate,10,22764_b884dce6,topo_moderate,0.999587,True
23128_cb135b1b,topo_minimal,1,22162_439af02a,topo_isolated,1.0,False
23128_cb135b1b,topo_minimal,2,21275_c8049742,topo_minimal,0.999999,True
23128_cb135b1b,topo_minimal,3,22072_5163223a,topo_moderate,0.999999,False
23128_cb135b1b,topo_minimal,4,21706_adfb2ece,topo_moderate,0.999998,False
23128_cb135b1b,topo_minimal,5,20743_c8ea8159,topo_minimal,0.999998,True
23128_cb135b1b,topo_minimal,6,21737_87d83240,topo_moderate,0.999998,False
23128_cb135b1b,topo_minimal,7,21377_19909a40,topo_isolated,0.999998,False
23128_cb135b1b,topo_minimal,8,23409_e27e3b8b,topo_isolated,0.999998,False
23128_cb135b1b,topo_minimal,9,22141_5db99710,topo_moderate,0.999998,False
23128_cb135b1b,topo_minimal,10,22313_3a8b93dc,topo_connected,0.999997,False
22653_58d6287d,topo_isolated,1,23039_b3d04774,topo_moderate,1.0,False
22653_58d6287d,topo_isolated,2,20741_c337946f,topo_minimal,1.0,False
22653_58d6287d,topo_isolated,3,22014_5880c417,topo_moderate,0.999999,False
22653_58d6287d,topo_isolated,4,21140_8d150c65,topo_minimal,0.999999,False
22653_58d6287d,topo_isolated,5,23164_659c91ef,topo_connected,0.999999,False
22653_58d6287d,topo_isolated,6,21785_d595ced5,topo_minimal,0.999999,False
22653_58d6287d,topo_isolated,7,21265_7329c813,topo_moderate,0.999999,False
22653_58d6287d,topo_isolated,8,23184_731e5af0,topo_moderate,0.999999,False
22653_58d6287d,topo_isolated,9,20412_42170125,topo_moderate,0.999999,False
22653_58d6287d,topo_isolated,10,22671_fdd1b1e6,topo_connected,0.999999,False
23368_648717d8,topo_complex,1,20278_d442e77d,topo_complex,0.999986,True
23368_648717d8,topo_complex,2,23414_f7d4a688,topo_isolated,0.999978,False
23368_648717d8,topo_complex,3,22085_e039a7d3,topo_complex,0.999971,True
23368_648717d8,topo_complex,4,22199_8ec9eeb2,topo_complex,0.99997,True
23368_648717d8,topo_complex,5,21545_4384f96e,topo_moderate,0.999956,False
23368_648717d8,topo_complex,6,20163_3742f394,topo_connected,0.99994,False
23368_648717d8,topo_complex,7,23083_fdb942ac,topo_connected,0.999914,False
23368_648717d8,topo_complex,8,22630_b6010fff,topo_connected,0.999907,False
23368_648717d8,topo_complex,9,22581_406c16c4,topo_moderate,0.999897,False
23368_648717d8,topo_complex,10,21425_d0d47a2a,topo_complex,0.999874,True
23501_6c48b3c1,topo_complex,1,20322_daa5c577,topo_moderate,0.999999,False
23501_6c48b3c1,topo_complex,2,22461_0ba0e480,topo_connected,0.999995,False
23501_6c48b3c1,topo_complex,3,20925_dc64a33a,topo_moderate,0.999995,False
23501_6c48b3c1,topo_complex,4,22059_b7d76712,topo_connected,0.999992,False
23501_6c48b3c1,topo_complex,5,20892_b1f89c8d,topo_minimal,0.999991,False
23501_6c48b3c1,topo_complex,6,22784_bcace961,topo_isolated,0.999991,False
23501_6c48b3c1,topo_complex,7,20239_49b65a55,topo_complex,0.99999,True
23501_6c48b3c1,topo_complex,8,22710_77324fc2,topo_moderate,0.99999,False
23501_6c48b3c1,topo_complex,9,22232_cb53774e,topo_connected,0.99999,False
23501_6c48b3c1,topo_complex,10,23036_7f9d143f,topo_connected,0.999989,False
21024_9be3d461,topo_moderate,1,20622_38dd90d0,topo_complex,0.999965,False
21024_9be3d461,topo_moderate,2,23226_8d1b5098,topo_connected,0.999924,False
21024_9be3d461,topo_moderate,3,21063_037107dc,topo_isolated,0.99987,False
21024_9be3d461,topo_moderate,4,22056_79373464,topo_complex,0.999859,False
21024_9be3d461,topo_moderate,5,21744_5ae4d9d5,topo_connected,0.999857,False
21024_9be3d461,topo_moderate,6,23495_6366269c,topo_connected,0.999846,False
21024_9be3d461,topo_moderate,7,20787_ed64ff5e,topo_moderate,0.999838,True
21024_9be3d461,topo_moderate,8,20500_e88d8065,topo_connected,0.999829,False
21024_9be3d461,topo_moderate,9,23282_a1b17daa,topo_complex,0.999812,False
21024_9be3d461,topo_moderate,10,21351_675c66b1,topo_moderate,0.999761,True
19566_19d85d3b,topo_complex,1,23251_3eb3d2e6,topo_minimal,0.999972,False
19566_19d85d3b,topo_complex,2,21744_5ae4d9d5,topo_connected,0.999916,False
19566_19d85d3b,topo_complex,3,21300_ec7da33e,topo_connected,0.999889,False
19566_19d85d3b,topo_complex,4,23495_6366269c,topo_connected,0.999863,False
19566_19d85d3b,topo_complex,5,21063_037107dc,topo_isolated,0.99983,False
19566_19d85d3b,topo_complex,6,21809_8bd6b10e,topo_complex,0.999768,True
19566_19d85d3b,topo_complex,7,22027_11a2e852,topo_complex,0.999758,True
19566_19d85d3b,topo_complex,8,23377_690165aa,topo_connected,0.999749,False
19566_19d85d3b,topo_complex,9,22910_97f0cc18,topo_complex,0.999695,True
19566_19d85d3b,topo_complex,10,21024_9be3d461,topo_moderate,0.999675,False
22134_5e72e871,topo_complex,1,20676_9715ec9c,topo_minimal,0.999997,False
22134_5e72e871,topo_complex,2,21202_e452c491,topo_isolated,0.999997,False
22134_5e72e871,topo_complex,3,21358_a69a36f3,topo_moderate,0.999995,False
22134_5e72e871,topo_complex,4,20520_7e357152,topo_isolated,0.999994,False
22134_5e72e871,topo_complex,5,20408_b4fda9eb,topo_moderate,0.999994,False
22134_5e72e871,topo_complex,6,21594_428d32af,topo_isolated,0.999992,False
22134_5e72e871,topo_complex,7,22680_1f4026f6,topo_moderate,0.999992,False
22134_5e72e871,topo_complex,8,20817_ef63b1a7,topo_minimal,0.999992,False
22134_5e72e871,topo_complex,9,20329_414757bb,topo_connected,0.999992,False
22134_5e72e871,topo_complex,10,20431_0088a0dd,topo_moderate,0.99999,False
22706_58a933f4,topo_moderate,1,20680_b095cb77,topo_minimal,0.999998,False
22706_58a933f4,topo_moderate,2,22654_4c426b0f,topo_moderate,0.999995,True
22706_58a933f4,topo_moderate,3,20926_4c0f33f6,topo_minimal,0.999988,False
22706_58a933f4,topo_moderate,4,23259_d655fcc1,topo_moderate,0.999983,True
22706_58a933f4,topo_moderate,5,22414_14ead4a3,topo_complex,0.999983,False
22706_58a933f4,topo_moderate,6,22196_0deb2e34,topo_connected,0.999982,False
22706_58a933f4,topo_moderate,7,22365_a4eb929c,topo_moderate,0.999977,True
22706_58a933f4,topo_moderate,8,21828_21ab2114,topo_isolated,0.999976,False
22706_58a933f4,topo_moderate,9,23322_8f85d82d,topo_moderate,0.999976,True
22706_58a933f4,topo_moderate,10,21836_5bc91e49,topo_moderate,0.999975,True
20823_f144e996,topo_isolated,1,20141_b9376856,topo_moderate,0.99997,False
20823_f144e996,topo_isolated,2,23174_8ef93daf,topo_isolated,0.999961,True
20823_f144e996,topo_isolated,3,22776_facf9bcf,topo_complex,0.999958,False
20823_f144e996,topo_isolated,4,20505_017d4cc4,topo_connected,0.999957,False
20823_f144e996,topo_isolated,5,21503_34f299ca,topo_connected,0.999955,False
20823_f144e996,topo_isolated,6,20431_27e7f151,topo_connected,0.999955,False
20823_f144e996,topo_isolated,7,22832_731d3b9f,topo_complex,0.999952,False
20823_f144e996,topo_isolated,8,23473_1dfa6e40,topo_complex,0.99995,False
20823_f144e996,topo_isolated,9,22987_37973191,topo_complex,0.99995,False
20823_f144e996,topo_isolated,10,21974_1997ebc3,topo_moderate,0.999949,False
23406_1d36b046,topo_minimal,1,22210_649a5363,topo_minimal,1.0,True
23406_1d36b046,topo_minimal,2,21274_2fb8c3f5,topo_isolated,0.999999,False
23406_1d36b046,topo_minimal,3,22053_de30641b,topo_minimal,0.999998,True
23406_1d36b046,topo_minimal,4,22067_624b28e3,topo_moderate,0.999998,False
23406_1d36b046,topo_minimal,5,22349_6f67a96e,topo_minimal,0.999998,True
23406_1d36b046,topo_minimal,6,23184_731e5af0,topo_moderate,0.999997,False
23406_1d36b046,topo_minimal,7,23239_ba13cf5e,topo_moderate,0.999997,False
23406_1d36b046,topo_minimal,8,22746_920025a0,topo_moderate,0.999997,False
23406_1d36b046,topo_minimal,9,21616_c6c3347a,topo_isolated,0.999996,False
23406_1d36b046,topo_minimal,10,21976_807c9b26,topo_minimal,0.999996,True
22717_08784417,topo_connected,1,23511_8651ac1f,topo_connected,0.999789,True
22717_08784417,topo_connected,2,21647_6b6cca6f,topo_complex,0.999186,False
22717_08784417,topo_connected,3,20952_b8a54213,topo_complex,0.998148,False
22717_08784417,topo_connected,4,21926_b4c7068b,topo_complex,0.998116,False
22717_08784417,topo_connected,5,20546_87dbd755,topo_complex,0.998066,False
22717_08784417,topo_connected,6,21352_d60bc953,topo_minimal,0.997915,False
22717_08784417,topo_connected,7,20870_dedaef5b,topo_complex,0.993636,False
22717_08784417,topo_connected,8,23376_9b48819a,topo_minimal,0.993033,False
22717_08784417,topo_connected,9,21236_b696e901,topo_complex,0.989318,False
22717_08784417,topo_connected,10,20746_57a7b346,topo_complex,0.988622,False
23414_f7d4a688,topo_isolated,1,22085_e039a7d3,topo_complex,0.999997,False
23414_f7d4a688,topo_isolated,2,22199_8ec9eeb2,topo_complex,0.999995,False
23414_f7d4a688,topo_isolated,3,20278_d442e77d,topo_complex,0.999991,False
23414_f7d4a688,topo_isolated,4,20163_3742f394,topo_connected,0.999987,False
23414_f7d4a688,topo_isolated,5,23368_648717d8,topo_complex,0.999978,False
23414_f7d4a688,topo_isolated,6,21425_d0d47a2a,topo_complex,0.999933,False
23414_f7d4a688,topo_isolated,7,22581_406c16c4,topo_moderate,0.999929,False
23414_f7d4a688,topo_isolated,8,21545_4384f96e,topo_moderate,0.999924,False
23414_f7d4a688,topo_isolated,9,22440_014f1bac,topo_connected,0.999911,False
23414_f7d4a688,topo_isolated,10,21541_abc67be6,topo_moderate,0.999911,False
21692_777db9e2,topo_complex,1,22155_ab18f2b6,topo_isolated,0.999997,False
21692_777db9e2,topo_complex,2,22886_a6331748,topo_minimal,0.999993,False
21692_777db9e2,topo_complex,3,22259_613f9d44,topo_moderate,0.999987,False
21692_777db9e2,topo_complex,4,20585_09b72895,topo_moderate,0.999986,False
21692_777db9e2,topo_complex,5,22762_dcbdd14d,topo_minimal,0.999985,False
21692_777db9e2,topo_complex,6,22983_0ab3faaf,topo_minimal,0.999983,False
21692_777db9e2,topo_complex,7,20989_d1b8b0f8,topo_complex,0.999981,True
21692_777db9e2,topo_complex,8,21817_945cd3c9,topo_connected,0.999977,False
21692_777db9e2,topo_complex,9,21478_8fbd4409,topo_moderate,0.999976,False
21692_777db9e2,topo_complex,10,23170_6ea8ded5,topo_moderate,0.999974,False
20792_d2ea0500,topo_isolated,1,21453_679a343c,topo_isolated,0.999798,True
20792_d2ea0500,topo_isolated,2,21496_f4025ad5,topo_isolated,0.99935,True
20792_d2ea0500,topo_isolated,3,21165_5cb2d287,topo_isolated,0.998819,True
20792_d2ea0500,topo_isolated,4,22727_c514268a,topo_moderate,0.998555,False
20792_d2ea0500,topo_isolated,5,20797_78b83489,topo_minimal,0.998382,False
20792_d2ea0500,topo_isolated,6,21884_cc2c39f9,topo_moderate,0.998339,False
20792_d2ea0500,topo_isolated,7,21865_c190b734,topo_minimal,0.998331,False
20792_d2ea0500,topo_isolated,8,22732_cd2af0ac,topo_isolated,0.998265,True
20792_d2ea0500,topo_isolated,9,21282_b2d83538,topo_connected,0.998244,False
20792_d2ea0500,topo_isolated,10,20488_589ac9c0,topo_minimal,0.998133,False
20926_4c0f33f6,topo_minimal,1,22706_58a933f4,topo_moderate,0.999988,False
20926_4c0f33f6,topo_minimal,2,20680_b095cb77,topo_minimal,0.99998,True
20926_4c0f33f6,topo_minimal,3,22761_ca309655,topo_complex,0.999976,False
20926_4c0f33f6,topo_minimal,4,22654_4c426b0f,topo_moderate,0.999971,False
20926_4c0f33f6,topo_minimal,5,21982_bdafa78d,topo_isolated,0.999965,False
20926_4c0f33f6,topo_minimal,6,22196_0deb2e34,topo_connected,0.999961,False
20926_4c0f33f6,topo_minimal,7,23322_8f85d82d,topo_moderate,0.99996,False
20926_4c0f33f6,topo_minimal,8,23259_d655fcc1,topo_moderate,0.999956,False
20926_4c0f33f6,topo_minimal,9,23043_c0827516,topo_moderate,0.999955,False
20926_4c0f33f6,topo_minimal,10,22196_e5bf8c9d,topo_connected,0.999953,False
21248_0a862e3e,topo_minimal,1,21837_b67d788c,topo_connected,0.999989,False
21248_0a862e3e,topo_minimal,2,22434_2ad62ed6,topo_minimal,0.999988,True
21248_0a862e3e,topo_minimal,3,20225_4ce6d59b,topo_isolated,0.999988,False
21248_0a862e3e,topo_minimal,4,22312_3f366a4a,topo_connected,0.999978,False
21248_0a862e3e,topo_minimal,5,22245_ca848576,topo_connected,0.999977,False
21248_0a862e3e,topo_minimal,6,20215_e2eb3082,topo_connected,0.999977,False
21248_0a862e3e,topo_minimal,7,23172_4ab01e83,topo_connected,0.999976,False
21248_0a862e3e,topo_minimal,8,23331_192866b6,topo_connected,0.999972,False
21248_0a862e3e,topo_minimal,9,23037_d0df320c,topo_minimal,0.999971,True
21248_0a862e3e,topo_minimal,10,21008_a3fec63b,topo_connected,0.999966,False
22365_a4eb929c,topo_moderate,1,21828_21ab2114,topo_isolated,1.0,False
22365_a4eb929c,topo_moderate,2,21836_5bc91e49,topo_moderate,1.0,True
22365_a4eb929c,topo_moderate,3,23259_d655fcc1,topo_moderate,0.999999,True
22365_a4eb929c,topo_moderate,4,22414_14ead4a3,topo_complex,0.999993,False
22365_a4eb929c,topo_moderate,5,21490_d07ff9f8,topo_complex,0.999987,False
22365_a4eb929c,topo_moderate,6,20502_58b65de9,topo_connected,0.999985,False
22365_a4eb929c,topo_moderate,7,20680_b095cb77,topo_minimal,0.999985,False
22365_a4eb929c,topo_moderate,8,22706_58a933f4,topo_moderate,0.999977,True
22365_a4eb929c,topo_moderate,9,22654_4c426b0f,topo_moderate,0.999975,True
22365_a4eb929c,topo_moderate,10,22576_d05619d1,topo_isolated,0.999948,False
22257_6fb4c50c,topo_minimal,1,20802_802b7d69,topo_isolated,1.0,False
22257_6fb4c50c,topo_minimal,2,20341_6a1588fb,topo_minimal,1.0,True
22257_6fb4c50c,topo_minimal,3,22668_9c30f6c0,topo_minimal,1.0,True
22257_6fb4c50c,topo_minimal,4,22902_83870421,topo_minimal,1.0,True
22257_6fb4c50c,topo_minimal,5,20801_0796e2ee,topo_isolated,1.0,False
22257_6fb4c50c,topo_minimal,6,21357_9edfc0a0,topo_isolated,1.0,False
22257_6fb4c50c,topo_minimal,7,22058_71feafda,topo_isolated,0.999999,False
22257_6fb4c50c,topo_minimal,8,21630_316322ff,topo_isolated,0.999999,False
22257_6fb4c50c,topo_minimal,9,20814_5a2be0fb,topo_minimal,0.999999,True
22257_6fb4c50c,topo_minimal,10,23215_08a54de0,topo_moderate,0.999999,False
20674_2fb6cabd,topo_isolated,1,20385_f2d30908,topo_minimal,0.999999,False
20674_2fb6cabd,topo_isolated,2,21976_807c9b26,topo_minimal,0.999999,False
20674_2fb6cabd,topo_isolated,3,21581_8f948e0b,topo_moderate,0.999999,False
20674_2fb6cabd,topo_isolated,4,22668_9c30f6c0,topo_minimal,0.999999,False
20674_2fb6cabd,topo_isolated,5,22135_2aa77ff2,topo_isolated,0.999999,True
20674_2fb6cabd,topo_isolated,6,21047_60d69af3,topo_minimal,0.999999,False
20674_2fb6cabd,topo_isolated,7,23439_18900af2,topo_minimal,0.999999,False
20674_2fb6cabd,topo_isolated,8,22058_71feafda,topo_isolated,0.999999,True
20674_2fb6cabd,topo_isolated,9,20803_473c87ac,topo_isolated,0.999998,True
20674_2fb6cabd,topo_isolated,10,23311_ad36a9ec,topo_minimal,0.999998,False
22028_776fbf0d,topo_complex,1,22168_a84560a9,topo_connected,0.999995,False
22028_776fbf0d,topo_complex,2,21845_dff8b3a1,topo_complex,0.99999,True
22028_776fbf0d,topo_complex,3,23130_7417d5b3,topo_complex,0.999979,True
22028_776fbf0d,topo_complex,4,22070_fd1b8e5e,topo_connected,0.999967,False
22028_776fbf0d,topo_complex,5,21352_c1101acb,topo_moderate,0.999966,False
22028_776fbf0d,topo_complex,6,22360_42cd6a21,topo_moderate,0.999963,False
22028_776fbf0d,topo_complex,7,23467_9f431540,topo_moderate,0.99996,False
22028_776fbf0d,topo_complex,8,23233_ac09e2e5,topo_complex,0.999957,True
22028_776fbf0d,topo_complex,9,21849_a5f563a6,topo_complex,0.999955,True
22028_776fbf0d,topo_complex,10,22581_406c16c4,topo_moderate,0.999948,False
23036_7f9d143f,topo_connected,1,21513_50fb4d62,topo_connected,0.999997,True
23036_7f9d143f,topo_connected,2,22461_0ba0e480,topo_connected,0.999997,True
23036_7f9d143f,topo_connected,3,22059_b7d76712,topo_connected,0.999995,True
23036_7f9d143f,topo_connected,4,20925_dc64a33a,topo_moderate,0.999992,False
23036_7f9d143f,topo_connected,5,21009_907a2a95,topo_complex,0.99999,False
23036_7f9d143f,topo_connected,6,23501_6c48b3c1,topo_complex,0.999989,False
23036_7f9d143f,topo_connected,7,23172_4ab01e83,topo_connected,0.999988,True
23036_7f9d143f,topo_connected,8,22341_0f9c52ed,topo_connected,0.999988,True
23036_7f9d143f,topo_connected,9,21989_a0b5037d,topo_connected,0.999988,True
23036_7f9d143f,topo_connected,10,23008_3d1bb7b2,topo_minimal,0.999987,False
20743_c8ea8159,topo_minimal,1,23409_e27e3b8b,topo_isolated,1.0,False
20743_c8ea8159,topo_minimal,2,23128_cb135b1b,topo_minimal,0.999998,True
20743_c8ea8159,topo_minimal,3,22313_3a8b93dc,topo_connected,0.999998,False
20743_c8ea8159,topo_minimal,4,21706_adfb2ece,topo_moderate,0.999998,False
20743_c8ea8159,topo_minimal,5,21424_9d516e3a,topo_minimal,0.999998,True
20743_c8ea8159,topo_minimal,6,22162_439af02a,topo_isolated,0.999997,False
20743_c8ea8159,topo_minimal,7,22141_5db99710,topo_moderate,0.999997,False
20743_c8ea8159,topo_minimal,8,21737_87d83240,topo_moderate,0.999996,False
20743_c8ea8159,topo_minimal,9,21275_c8049742,topo_minimal,0.999996,True
20743_c8ea8159,topo_minimal,10,22072_5163223a,topo_moderate,0.999996,False
22668_9c30f6c0,topo_minimal,1,21581_8f948e0b,topo_moderate,1.0,False
22668_9c30f6c0,topo_minimal,2,22257_6fb4c50c,topo_minimal,1.0,True
22668_9c30f6c0,topo_minimal,3,22058_71feafda,topo_isolated,0.999999,False
22668_9c30f6c0,topo_minimal,4,20802_802b7d69,topo_isolated,0.999999,False
22668_9c30f6c0,topo_minimal,5,23439_18900af2,topo_minimal,0.999999,True
22668_9c30f6c0,topo_minimal,6,21047_60d69af3,topo_minimal,0.999999,True
22668_9c30f6c0,topo_minimal,7,20801_0796e2ee,topo_isolated,0.999999,False
22668_9c30f6c0,topo_minimal,8,22902_83870421,topo_minimal,0.999999,True
22668_9c30f6c0,topo_minimal,9,22907_ff18dbd5,topo_moderate,0.999999,False
22668_9c30f6c0,topo_minimal,10,23215_08a54de0,topo_moderate,0.999999,False
22266_078a1f68,topo_complex,1,22082_39503fa6,topo_complex,0.999976,True
22266_078a1f68,topo_complex,2,21621_711e1918,topo_complex,0.999968,True
22266_078a1f68,topo_complex,3,20421_38b63ca5,topo_complex,0.999967,True
22266_078a1f68,topo_complex,4,22376_3ebc82a2,topo_complex,0.999965,True
22266_078a1f68,topo_complex,5,21429_6d2d3974,topo_complex,0.999961,True
22266_078a1f68,topo_complex,6,20389_c835706f,topo_moderate,0.999936,False
22266_078a1f68,topo_complex,7,21539_cfe1f7fd,topo_connected,0.999935,False
22266_078a1f68,topo_complex,8,20858_15bdad00,topo_complex,0.999934,True
22266_078a1f68,topo_complex,9,22334_677d00e0,topo_isolated,0.999913,False
22266_078a1f68,topo_complex,10,22011_0832eefe,topo_connected,0.999893,False
21882_795be793,topo_moderate,1,21573_31a18ad0,topo_moderate,1.0,True
21882_795be793,topo_moderate,2,22377_d490f505,topo_moderate,1.0,True
21882_795be793,topo_moderate,3,23103_66470b7e,topo_moderate,1.0,True
21882_795be793,topo_moderate,4,21776_fb0bfbc6,topo_minimal,0.999999,False
21882_795be793,topo_moderate,5,20186_f66e4ad3,topo_minimal,0.999999,False
21882_795be793,topo_moderate,6,21793_4ad5e2c0,topo_minimal,0.999999,False
21882_795be793,topo_moderate,7,22236_db209dff,topo_minimal,0.999999,False
21882_795be793,topo_moderate,8,21175_85118898,topo_moderate,0.999999,True
21882_795be793,topo_moderate,9,20758_cdccf572,topo_moderate,0.999999,True
21882_795be793,topo_moderate,10,23265_07de6a0b,topo_moderate,0.999998,True
21601_360ce1c7,topo_connected,1,22534_e899f645,topo_complex,0.999997,False
21601_360ce1c7,topo_connected,2,19810_f77c5501,topo_complex,0.999995,False
21601_360ce1c7,topo_connected,3,22980_3cb3bcc8,topo_complex,0.99999,False
21601_360ce1c7,topo_connected,4,23493_57512264,topo_complex,0.999979,False
21601_360ce1c7,topo_connected,5,20858_15bdad00,topo_complex,0.999975,False
21601_360ce1c7,topo_connected,6,23379_636204a6,topo_connected,0.999968,True
21601_360ce1c7,topo_connected,7,23502_5a80f907,topo_isolated,0.99995,False
21601_360ce1c7,topo_connected,8,20899_a8d7c6d5,topo_complex,0.999944,False
21601_360ce1c7,topo_connected,9,19596_fb9531a5,topo_complex,0.999944,False
21601_360ce1c7,topo_connected,10,22376_3ebc82a2,topo_complex,0.999936,False
23102_211ad1db,topo_isolated,1,20609_69f28932,topo_moderate,0.999997,False
23102_211ad1db,topo_isolated,2,21478_8fbd4409,topo_moderate,0.999997,False
23102_211ad1db,topo_isolated,3,23308_245d257c,topo_moderate,0.999997,False
23102_211ad1db,topo_isolated,4,22259_613f9d44,topo_moderate,0.999996,False
23102_211ad1db,topo_isolated,5,23434_6635ed57,topo_connected,0.999996,False
23102_211ad1db,topo_isolated,6,21817_945cd3c9,topo_connected,0.999995,False
23102_211ad1db,topo_isolated,7,21497_9833a679,topo_moderate,0.999994,False
23102_211ad1db,topo_isolated,8,21292_f94bd96b,topo_connected,0.999994,False
23102_211ad1db,topo_isolated,9,20789_1809f41f,topo_moderate,0.999993,False
23102_211ad1db,topo_isolated,10,20520_7e357152,topo_isolated,0.99999,True
21092_32622a83,topo_connected,1,22011_0832eefe,topo_connected,0.999994,True
21092_32622a83,topo_connected,2,23045_a8c4e4bc,topo_complex,0.999976,False
21092_32622a83,topo_connected,3,22035_101c7ab4,topo_connected,0.999973,True
21092_32622a83,topo_connected,4,22334_677d00e0,topo_isolated,0.999969,False
21092_32622a83,topo_connected,5,22046_fe3bae6e,topo_complex,0.999947,False
21092_32622a83,topo_connected,6,21719_d60b8a4a,topo_minimal,0.999946,False
21092_32622a83,topo_connected,7,20502_58b65de9,topo_connected,0.999926,True
21092_32622a83,topo_connected,8,20237_06b27bf5,topo_moderate,0.999918,False
21092_32622a83,topo_connected,9,21621_711e1918,topo_complex,0.999916,False
21092_32622a83,topo_connected,10,22228_1c82530b,topo_connected,0.999913,True
23039_b3d04774,topo_moderate,1,22653_58d6287d,topo_isolated,1.0,False
23039_b3d04774,topo_moderate,2,21265_7329c813,topo_moderate,1.0,True
23039_b3d04774,topo_moderate,3,21140_8d150c65,topo_minimal,1.0,False
23039_b3d04774,topo_moderate,4,22014_5880c417,topo_moderate,1.0,True
23039_b3d04774,topo_moderate,5,23184_731e5af0,topo_moderate,0.999999,True
23039_b3d04774,topo_moderate,6,20741_c337946f,topo_minimal,0.999999,False
23039_b3d04774,topo_moderate,7,23164_659c91ef,topo_connected,0.999999,False
23039_b3d04774,topo_moderate,8,20468_1c33550a,topo_minimal,0.999999,False
23039_b3d04774,topo_moderate,9,21785_d595ced5,topo_minimal,0.999999,False
23039_b3d04774,topo_moderate,10,22671_fdd1b1e6,topo_connected,0.999999,False
23132_1847c4ef,topo_complex,1,20788_d25efea2,topo_connected,0.999995,False
23132_1847c4ef,topo_complex,2,23451_14c8d09e,topo_connected,0.999991,False
23132_1847c4ef,topo_complex,3,21923_41fa6eda,topo_moderate,0.99999,False
23132_1847c4ef,topo_complex,4,23252_ef165bed,topo_complex,0.999988,True
23132_1847c4ef,topo_complex,5,21779_b99623fc,topo_connected,0.999982,False
23132_1847c4ef,topo_complex,6,20628_e0551f7c,topo_connected,0.999981,False
23132_1847c4ef,topo_complex,7,21365_ab403591,topo_connected,0.99998,False
23132_1847c4ef,topo_complex,8,20755_4b5e61bf,topo_connected,0.999979,False
23132_1847c4ef,topo_complex,9,22448_1f21757a,topo_connected,0.999978,False
23132_1847c4ef,topo_complex,10,22197_66c5655e,topo_connected,0.999976,False
19810_f77c5501,topo_complex,1,22980_3cb3bcc8,topo_complex,0.999998,True
19810_f77c5501,topo_complex,2,21601_360ce1c7,topo_connected,0.999995,False
19810_f77c5501,topo_complex,3,22534_e899f645,topo_complex,0.999986,True
19810_f77c5501,topo_complex,4,23493_57512264,topo_complex,0.999983,True
19810_f77c5501,topo_complex,5,20858_15bdad00,topo_complex,0.999967,True
19810_f77c5501,topo_complex,6,19596_fb9531a5,topo_complex,0.999963,True
19810_f77c5501,topo_complex,7,23502_5a80f907,topo_isolated,0.999955,False
19810_f77c5501,topo_complex,8,23379_636204a6,topo_connected,0.999946,False
19810_f77c5501,topo_complex,9,21511_d07c59c2,topo_connected,0.999946,False
19810_f77c5501,topo_complex,10,22376_3ebc82a2,topo_complex,0.999937,True
20385_f2d30908,topo_minimal,1,23439_18900af2,topo_minimal,1.0,True
20385_f2d30908,topo_minimal,2,21047_60d69af3,topo_minimal,1.0,True
20385_f2d30908,topo_minimal,3,21581_8f948e0b,topo_moderate,1.0,False
20385_f2d30908,topo_minimal,4,23311_ad36a9ec,topo_minimal,1.0,True
20385_f2d30908,topo_minimal,5,22058_71feafda,topo_isolated,1.0,False
20385_f2d30908,topo_minimal,6,20467_f1fcc009,topo_isolated,1.0,False
20385_f2d30908,topo_minimal,7,20674_2fb6cabd,topo_isolated,0.999999,False
20385_f2d30908,topo_minimal,8,22227_aca28ff2,topo_moderate,0.999999,False
20385_f2d30908,topo_minimal,9,22907_ff18dbd5,topo_moderate,0.999999,False
20385_f2d30908,topo_minimal,10,22668_9c30f6c0,topo_minimal,0.999999,True
22727_c514268a,topo_moderate,1,21282_b2d83538,topo_connected,0.999823,False
22727_c514268a,topo_moderate,2,20797_78b83489,topo_minimal,0.999495,False
22727_c514268a,topo_moderate,3,21281_6e562106,topo_moderate,0.999269,True
22727_c514268a,topo_moderate,4,20722_90d46353,topo_minimal,0.99923,False
22727_c514268a,topo_moderate,5,20657_913a7675,topo_connected,0.999186,False
22727_c514268a,topo_moderate,6,21496_f4025ad5,topo_isolated,0.999177,False
22727_c514268a,topo_moderate,7,20176_a02bde39,topo_complex,0.999103,False
22727_c514268a,topo_moderate,8,20387_0d507234,topo_isolated,0.998913,False
22727_c514268a,topo_moderate,9,22678_ff42f120,topo_moderate,0.998912,True
22727_c514268a,topo_moderate,10,21989_a0b5037d,topo_connected,0.99881,False
22278_12f1fb79,topo_minimal,1,22331_152ee5c0,topo_moderate,0.999978,False
22278_12f1fb79,topo_minimal,2,21805_2ba39d00,topo_complex,0.999935,False
22278_12f1fb79,topo_minimal,3,23154_7c74d190,topo_connected,0.99992,False
22278_12f1fb79,topo_minimal,4,21797_69df08d5,topo_complex,0.99986,False
22278_12f1fb79,topo_minimal,5,21557_53eafe15,topo_complex,0.999829,False
22278_12f1fb79,topo_minimal,6,21329_1bfecd1d,topo_connected,0.999772,False
22278_12f1fb79,topo_minimal,7,23273_8f301ce3,topo_moderate,0.99977,False
22278_12f1fb79,topo_minimal,8,20818_098cad7c,topo_complex,0.999767,False
22278_12f1fb79,topo_minimal,9,22764_b884dce6,topo_moderate,0.999685,False
22278_12f1fb79,topo_minimal,10,21722_68aeba65,topo_complex,0.999639,False
21599_80057f94,topo_connected,1,23245_ccd099b6,topo_connected,0.999995,True
21599_80057f94,topo_connected,2,23136_2b469508,topo_connected,0.999994,True
21599_80057f94,topo_connected,3,22837_7644c972,topo_isolated,0.999993,False
21599_80057f94,topo_connected,4,20232_e5b060d9,topo_connected,0.999993,True
21599_80057f94,topo_connected,5,20414_a33bd0d7,topo_moderate,0.999992,False
21599_80057f94,topo_connected,6,21600_0027c6fc,topo_moderate,0.999992,False
21599_80057f94,topo_connected,7,20815_b3d9e6c9,topo_minimal,0.999992,False
21599_80057f94,topo_connected,8,20849_9821b6fe,topo_isolated,0.99999,False
21599_80057f94,topo_connected,9,22066_308cdcfe,topo_connected,0.99999,True
21599_80057f94,topo_connected,10,22078_1758e9fc,topo_moderate,0.999989,False
23226_8d1b5098,topo_connected,1,20787_ed64ff5e,topo_moderate,0.999977,False
23226_8d1b5098,topo_connected,2,20622_38dd90d0,topo_complex,0.999965,False
23226_8d1b5098,topo_connected,3,22056_79373464,topo_complex,0.999954,False
23226_8d1b5098,topo_connected,4,22535_0ba01cc9,topo_complex,0.999925,False
23226_8d1b5098,topo_connected,5,21024_9be3d461,topo_moderate,0.999924,False
23226_8d1b5098,topo_connected,6,20500_e88d8065,topo_connected,0.999907,True
23226_8d1b5098,topo_connected,7,21351_675c66b1,topo_moderate,0.999904,False
23226_8d1b5098,topo_connected,8,22081_ab3124af,topo_complex,0.999888,False
23226_8d1b5098,topo_connected,9,22890_4ecfa491,topo_connected,0.999811,True
23226_8d1b5098,topo_connected,10,23282_a1b17daa,topo_complex,0.999765,False
21292_f94bd96b,topo_connected,1,21497_9833a679,topo_moderate,0.999999,False
21292_f94bd96b,topo_connected,2,20609_69f28932,topo_moderate,0.999998,False
21292_f94bd96b,topo_connected,3,23308_245d257c,topo_moderate,0.999998,False
21292_f94bd96b,topo_connected,4,22092_897b0ffa,topo_moderate,0.999997,False
21292_f94bd96b,topo_connected,5,20229_d1ae2ae3,topo_connected,0.999996,True
21292_f94bd96b,topo_connected,6,21478_8fbd4409,topo_moderate,0.999996,False
21292_f94bd96b,topo_connected,7,21467_67965037,topo_complex,0.999995,False
21292_f94bd96b,topo_connected,8,20789_1809f41f,topo_moderate,0.999994,False
21292_f94bd96b,topo_connected,9,21186_d1698d8c,topo_complex,0.999994,False
21292_f94bd96b,topo_connected,10,23374_57cca189,topo_connected,0.999994,True
23502_5a80f907,topo_isolated,1,23493_57512264,topo_complex,0.999991,False
23502_5a80f907,topo_isolated,2,23041_8d3ea25c,topo_complex,0.999977,False
23502_5a80f907,topo_isolated,3,19810_f77c5501,topo_complex,0.999955,False
23502_5a80f907,topo_isolated,4,21035_d308c5c4,topo_isolated,0.999954,True
23502_5a80f907,topo_isolated,5,23026_e6f08109,topo_complex,0.999951,False
23502_5a80f907,topo_isolated,6,21601_360ce1c7,topo_connected,0.99995,False
23502_5a80f907,topo_isolated,7,22980_3cb3bcc8,topo_complex,0.999942,False
23502_5a80f907,topo_isolated,8,22534_e899f645,topo_complex,0.999937,False
23502_5a80f907,topo_isolated,9,20899_a8d7c6d5,topo_complex,0.999936,False
23502_5a80f907,topo_isolated,10,23379_636204a6,topo_connected,0.999934,False
23144_88ca00a5,topo_connected,1,23235_f9ccb8b0,topo_connected,0.99997,True
23144_88ca00a5,topo_connected,2,23195_2629864e,topo_connected,0.999906,True
23144_88ca00a5,topo_connected,3,22076_20e8a107,topo_complex,0.999836,False
23144_88ca00a5,topo_connected,4,21580_b8b2571b,topo_connected,0.999811,True
23144_88ca00a5,topo_connected,5,21924_bbd9f7a9,topo_connected,0.999768,True
23144_88ca00a5,topo_connected,6,22428_c1ffa51a,topo_minimal,0.999698,False
23144_88ca00a5,topo_connected,7,20279_aed6b3b3,topo_complex,0.999568,False
23144_88ca00a5,topo_connected,8,23204_ff1672a9,topo_complex,0.999415,False
23144_88ca00a5,topo_connected,9,22492_047b125b,topo_connected,0.999237,True
23144_88ca00a5,topo_connected,10,23271_f833d903,topo_connected,0.99919,True
23048_8a1a5553,topo_complex,1,22787_49022c32,topo_complex,0.999985,True
23048_8a1a5553,topo_complex,2,20636_ca9eb29a,topo_connected,0.999958,False
23048_8a1a5553,topo_complex,3,22357_e2f7b060,topo_complex,0.999698,True
23048_8a1a5553,topo_complex,4,21739_57582b8f,topo_connected,0.999696,False
23048_8a1a5553,topo_complex,5,20668_b2f2633e,topo_complex,0.99967,True
23048_8a1a5553,topo_complex,6,21093_1bda9bbe,topo_isolated,0.999668,False
23048_8a1a5553,topo_complex,7,22764_b884dce6,topo_moderate,0.999636,False
23048_8a1a5553,topo_complex,8,21557_53eafe15,topo_complex,0.999524,True
23048_8a1a5553,topo_complex,9,22298_51433023,topo_connected,0.999517,False
23048_8a1a5553,topo_complex,10,21722_68aeba65,topo_complex,0.999425,True
20278_d442e77d,topo_complex,1,22199_8ec9eeb2,topo_complex,0.999992,True
20278_d442e77d,topo_complex,2,23414_f7d4a688,topo_isolated,0.999991,False
20278_d442e77d,topo_complex,3,23368_648717d8,topo_complex,0.999986,True
20278_d442e77d,topo_complex,4,22085_e039a7d3,topo_complex,0.999982,True
20278_d442e77d,topo_complex,5,20163_3742f394,topo_connected,0.999977,False
20278_d442e77d,topo_complex,6,21545_4384f96e,topo_moderate,0.999967,False
20278_d442e77d,topo_complex,7,22581_406c16c4,topo_moderate,0.999955,False
20278_d442e77d,topo_complex,8,23083_fdb942ac,topo_connected,0.999929,False
20278_d442e77d,topo_complex,9,21425_d0d47a2a,topo_complex,0.999914,True
20278_d442e77d,topo_complex,10,21153_a2fb81fe,topo_connected,0.99991,False
21202_e452c491,topo_isolated,1,21358_a69a36f3,topo_moderate,0.999999,False
21202_e452c491,topo_isolated,2,20520_7e357152,topo_isolated,0.999999,True
21202_e452c491,topo_isolated,3,20431_0088a0dd,topo_moderate,0.999997,False
21202_e452c491,topo_isolated,4,22680_1f4026f6,topo_moderate,0.999997,False
21202_e452c491,topo_isolated,5,20676_9715ec9c,topo_minimal,0.999997,False
21202_e452c491,topo_isolated,6,23035_6087bb57,topo_connected,0.999997,False
21202_e452c491,topo_isolated,7,22134_5e72e871,topo_complex,0.999997,False
21202_e452c491,topo_isolated,8,20329_414757bb,topo_connected,0.999996,False
21202_e452c491,topo_isolated,9,20554_abcb705e,topo_moderate,0.999995,False
21202_e452c491,topo_isolated,10,20817_ef63b1a7,topo_minimal,0.999995,False
23026_e6f08109,topo_complex,1,20899_a8d7c6d5,topo_complex,0.99998,True
23026_e6f08109,topo_complex,2,21028_d4d30a2e,topo_complex,0.999979,True
23026_e6f08109,topo_complex,3,23379_636204a6,topo_connected,0.999974,False
23026_e6f08109,topo_complex,4,23041_8d3ea25c,topo_complex,0.999974,True
23026_e6f08109,topo_complex,5,23493_57512264,topo_complex,0.999952,True
23026_e6f08109,topo_complex,6,23502_5a80f907,topo_isolated,0.999951,False
23026_e6f08109,topo_complex,7,22440_014f1bac,topo_connected,0.999949,False
23026_e6f08109,topo_complex,8,23120_f7c9092f,topo_connected,0.999947,False
23026_e6f08109,topo_complex,9,23466_1cf60d09,topo_complex,0.999945,True
23026_e6f08109,topo_complex,10,20735_fb18051a,topo_connected,0.999933,False
20822_5bb36119,topo_isolated,1,21825_ce32b0a0,topo_minimal,1.0,False
20822_5bb36119,topo_isolated,2,21761_fdb5f86d,topo_moderate,1.0,False
20822_5bb36119,topo_isolated,3,23103_43bde2a6,topo_minimal,1.0,False
20822_5bb36119,topo_isolated,4,21785_d595ced5,topo_minimal,1.0,False
20822_5bb36119,topo_isolated,5,20810_f6674f2d,topo_isolated,0.999999,True
20822_5bb36119,topo_isolated,6,23164_659c91ef,topo_connected,0.999999,False
20822_5bb36119,topo_isolated,7,22367_b4a67e61,topo_minimal,0.999999,False
20822_5bb36119,topo_isolated,8,20212_5d1f2de1,topo_moderate,0.999999,False
20822_5bb36119,topo_isolated,9,21810_718ae2fe,topo_moderate,0.999998,False
20822_5bb36119,topo_isolated,10,21990_7bb6efcf,topo_isolated,0.999998,True
22405_20f11d58,topo_isolated,1,22402_a62e84b4,topo_isolated,0.99999,True
22405_20f11d58,topo_isolated,2,20668_b2f2633e,topo_complex,0.999336,False
22405_20f11d58,topo_isolated,3,21093_1bda9bbe,topo_isolated,0.998931,True
22405_20f11d58,topo_isolated,4,21739_57582b8f,topo_connected,0.998251,False
22405_20f11d58,topo_isolated,5,22787_49022c32,topo_complex,0.998245,False
22405_20f11d58,topo_isolated,6,23048_8a1a5553,topo_complex,0.998202,False
22405_20f11d58,topo_isolated,7,20430_975b8dcf,topo_moderate,0.99813,False
22405_20f11d58,topo_isolated,8,20636_ca9eb29a,topo_connected,0.997918,False
22405_20f11d58,topo_isolated,9,21809_8bd6b10e,topo_complex,0.997773,False
22405_20f11d58,topo_isolated,10,22193_c8773ded,topo_connected,0.997695,False
20188_98b86c0f,topo_moderate,1,21243_3ec5d732,topo_minimal,1.0,False
20188_98b86c0f,topo_moderate,2,23442_28996649,topo_isolated,1.0,False
20188_98b86c0f,topo_moderate,3,20898_5f5b9bc7,topo_minimal,1.0,False
20188_98b86c0f,topo_moderate,4,20376_eefa9511,topo_isolated,1.0,False
20188_98b86c0f,topo_moderate,5,21267_35a558cc,topo_isolated,1.0,False
20188_98b86c0f,topo_moderate,6,20231_f54462bb,topo_isolated,1.0,False
20188_98b86c0f,topo_moderate,7,20479_77930584,topo_isolated,1.0,False
20188_98b86c0f,topo_moderate,8,20291_42287610,topo_isolated,1.0,False
20188_98b86c0f,topo_moderate,9,20466_4b3e5186,topo_minimal,1.0,False
20188_98b86c0f,topo_moderate,10,21119_4f5c95a6,topo_minimal,1.0,False
20349_a12428da,topo_isolated,1,21941_1a683ec2,topo_complex,0.999776,False
20349_a12428da,topo_isolated,2,23380_abffc859,topo_complex,0.999732,False
20349_a12428da,topo_isolated,3,22666_bdaa1303,topo_complex,0.999706,False
20349_a12428da,topo_isolated,4,21164_de08f61e,topo_connected,0.999705,False
20349_a12428da,topo_isolated,5,23156_7788f78a,topo_complex,0.999678,False
20349_a12428da,topo_isolated,6,23161_e7f63a9f,topo_isolated,0.999665,True
20349_a12428da,topo_isolated,7,22630_b6010fff,topo_connected,0.999661,False
20349_a12428da,topo_isolated,8,22242_4ceddc2b,topo_complex,0.99965,False
20349_a12428da,topo_isolated,9,21979_29f59427,topo_connected,0.999553,False
20349_a12428da,topo_isolated,10,21986_67c5509a,topo_complex,0.999442,False
21244_24c3ce72,topo_complex,1,22483_f4e4b62a,topo_complex,0.999646,True
21244_24c3ce72,topo_complex,2,21421_fb12b69b,topo_complex,0.999527,True
21244_24c3ce72,topo_complex,3,21582_a3d32115,topo_moderate,0.999204,False
21244_24c3ce72,topo_complex,4,22079_31335df2,topo_connected,0.999073,False
21244_24c3ce72,topo_complex,5,21244_d67bbabc,topo_complex,0.998447,True
21244_24c3ce72,topo_complex,6,21450_ea24ffcc,topo_connected,0.9978,False
21244_24c3ce72,topo_complex,7,20351_dc6e4e1e,topo_connected,0.996941,False
21244_24c3ce72,topo_complex,8,23310_7daded69,topo_complex,0.996581,True
21244_24c3ce72,topo_complex,9,20533_0a3e112b,topo_connected,0.996132,False
21244_24c3ce72,topo_complex,10,22430_c6f08b03,topo_complex,0.99611,True
21274_2fb8c3f5,topo_isolated,1,22053_de30641b,topo_minimal,1.0,False
21274_2fb8c3f5,topo_isolated,2,23239_ba13cf5e,topo_moderate,1.0,False
21274_2fb8c3f5,topo_isolated,3,22349_6f67a96e,topo_minimal,0.999999,False
21274_2fb8c3f5,topo_isolated,4,22746_920025a0,topo_moderate,0.999999,False
21274_2fb8c3f5,topo_isolated,5,21976_807c9b26,topo_minimal,0.999999,False
21274_2fb8c3f5,topo_isolated,6,21616_c6c3347a,topo_isolated,0.999999,True
21274_2fb8c3f5,topo_isolated,7,23406_1d36b046,topo_minimal,0.999999,False
21274_2fb8c3f5,topo_isolated,8,22135_2aa77ff2,topo_isolated,0.999998,True
21274_2fb8c3f5,topo_isolated,9,23184_731e5af0,topo_moderate,0.999998,False
21274_2fb8c3f5,topo_isolated,10,21581_8f948e0b,topo_moderate,0.999998,False
20898_5f5b9bc7,topo_minimal,1,21243_3ec5d732,topo_minimal,1.0,True
20898_5f5b9bc7,topo_minimal,2,20188_98b86c0f,topo_moderate,1.0,False
20898_5f5b9bc7,topo_minimal,3,23442_28996649,topo_isolated,1.0,False
20898_5f5b9bc7,topo_minimal,4,20429_4c909f3f,topo_isolated,1.0,False
20898_5f5b9bc7,topo_minimal,5,21119_4f5c95a6,topo_minimal,1.0,True
20898_5f5b9bc7,topo_minimal,6,21139_cd619b26,topo_minimal,1.0,True
20898_5f5b9bc7,topo_minimal,7,20804_0dcacc66,topo_minimal,1.0,True
20898_5f5b9bc7,topo_minimal,8,20479_77930584,topo_isolated,1.0,False
20898_5f5b9bc7,topo_minimal,9,20332_0c2a24aa,topo_minimal,1.0,True
20898_5f5b9bc7,topo_minimal,10,20231_f54462bb,topo_isolated,1.0,False
22440_014f1bac,topo_connected,1,23313_210c6783,topo_connected,0.999995,True
22440_014f1bac,topo_connected,2,21028_d4d30a2e,topo_complex,0.999991,False
22440_014f1bac,topo_connected,3,23466_1cf60d09,topo_complex,0.999976,False
22440_014f1bac,topo_connected,4,20899_a8d7c6d5,topo_complex,0.999963,False
22440_014f1bac,topo_connected,5,23026_e6f08109,topo_complex,0.999949,False
22440_014f1bac,topo_connected,6,20163_3742f394,topo_connected,0.999949,True
22440_014f1bac,topo_connected,7,22900_09de4c7a,topo_moderate,0.999927,False
22440_014f1bac,topo_connected,8,22168_a84560a9,topo_connected,0.999924,True
22440_014f1bac,topo_connected,9,22199_8ec9eeb2,topo_complex,0.99992,False
22440_014f1bac,topo_connected,10,23379_636204a6,topo_connected,0.99992,True
22199_8ec9eeb2,topo_complex,1,23414_f7d4a688,topo_isolated,0.999995,False
22199_8ec9eeb2,topo_complex,2,22085_e039a7d3,topo_complex,0.999993,True
22199_8ec9eeb2,topo_complex,3,20278_d442e77d,topo_complex,0.999992,True
22199_8ec9eeb2,topo_complex,4,20163_3742f394,topo_connected,0.999986,False
22199_8ec9eeb2,topo_complex,5,23368_648717d8,topo_complex,0.99997,True
22199_8ec9eeb2,topo_complex,6,22581_406c16c4,topo_moderate,0.999951,False
22199_8ec9eeb2,topo_complex,7,21545_4384f96e,topo_moderate,0.999936,False
22199_8ec9eeb2,topo_complex,8,22440_014f1bac,topo_connected,0.99992,False
22199_8ec9eeb2,topo_complex,9,23313_210c6783,topo_connected,0.999915,False
22199_8ec9eeb2,topo_complex,10,21425_d0d47a2a,topo_complex,0.999913,True
22729_232da678,topo_connected,1,21912_3f74887c,topo_connected,1.0,True
22729_232da678,topo_connected,2,21528_a5d5490f,topo_connected,1.0,True
22729_232da678,topo_connected,3,23372_4cb88567,topo_isolated,0.999999,False
22729_232da678,topo_connected,4,22066_308cdcfe,topo_connected,0.999998,True
22729_232da678,topo_connected,5,22577_cd96733e,topo_moderate,0.999997,False
22729_232da678,topo_connected,6,20511_e1b972aa,topo_moderate,0.999997,False
22729_232da678,topo_connected,7,23374_57cca189,topo_connected,0.999996,True
22729_232da678,topo_connected,8,20229_d1ae2ae3,topo_connected,0.999995,True
22729_232da678,topo_connected,9,23505_161e8ec5,topo_connected,0.999995,True
22729_232da678,topo_connected,10,23245_ccd099b6,topo_connected,0.999995,True
20636_ca9eb29a,topo_connected,1,22787_49022c32,topo_complex,0.999974,False
20636_ca9eb29a,topo_connected,2,23048_8a1a5553,topo_complex,0.999958,False
20636_ca9eb29a,topo_connected,3,22357_e2f7b060,topo_complex,0.999867,False
20636_ca9eb29a,topo_connected,4,21739_57582b8f,topo_connected,0.9998,True
20636_ca9eb29a,topo_connected,5,22764_b884dce6,topo_moderate,0.999741,False
20636_ca9eb29a,topo_connected,6,21557_53eafe15,topo_complex,0.999643,False
20636_ca9eb29a,topo_connected,7,21329_1bfecd1d,topo_connected,0.999635,True
20636_ca9eb29a,topo_connected,8,20668_b2f2633e,topo_complex,0.99953,False
20636_ca9eb29a,topo_connected,9,21093_1bda9bbe,topo_isolated,0.99952,False
20636_ca9eb29a,topo_connected,10,21722_68aeba65,topo_complex,0.999459,False
21611_1d3ff1b6,topo_isolated,1,20958_94222947,topo_minimal,1.0,False
21611_1d3ff1b6,topo_isolated,2,20406_dacb0300,topo_moderate,0.999999,False
21611_1d3ff1b6,topo_isolated,3,21848_0fff9631,topo_isolated,0.999999,True
21611_1d3ff1b6,topo_isolated,4,21184_971559b6,topo_connected,0.999999,False
21611_1d3ff1b6,topo_isolated,5,22378_234fea2c,topo_moderate,0.999999,False
21611_1d3ff1b6,topo_isolated,6,21793_4ad5e2c0,topo_minimal,0.999997,False
21611_1d3ff1b6,topo_isolated,7,23440_5956321f,topo_isolated,0.999997,True
21611_1d3ff1b6,topo_isolated,8,20812_462bd352,topo_minimal,0.999997,False
21611_1d3ff1b6,topo_isolated,9,23265_07de6a0b,topo_moderate,0.999996,False
21611_1d3ff1b6,topo_isolated,10,21175_85118898,topo_moderate,0.999996,False
22125_e3a4cad4,topo_complex,1,21859_35124f79,topo_complex,0.999337,True
22125_e3a4cad4,topo_complex,2,22415_658c81dd,topo_complex,0.999184,True
22125_e3a4cad4,topo_complex,3,20675_66ac9773,topo_complex,0.999018,True
22125_e3a4cad4,topo_complex,4,20799_213bf924,topo_complex,0.998945,True
22125_e3a4cad4,topo_complex,5,22404_66db7dd7,topo_connected,0.988983,False
22125_e3a4cad4,topo_complex,6,20546_87dbd755,topo_complex,0.988531,True
22125_e3a4cad4,topo_complex,7,20544_43691724,topo_complex,0.98656,True
22125_e3a4cad4,topo_complex,8,21647_6b6cca6f,topo_complex,0.983165,True
22125_e3a4cad4,topo_complex,9,21926_b4c7068b,topo_complex,0.982779,True
22125_e3a4cad4,topo_complex,10,23511_8651ac1f,topo_connected,0.979437,False
21979_29f59427,topo_connected,1,22242_4ceddc2b,topo_complex,0.999941,False
21979_29f59427,topo_connected,2,23156_7788f78a,topo_complex,0.999941,False
21979_29f59427,topo_connected,3,23123_f35404c4,topo_complex,0.999938,False
21979_29f59427,topo_connected,4,23162_7e2f3d77,topo_connected,0.999934,True
21979_29f59427,topo_connected,5,21986_67c5509a,topo_complex,0.999891,False
21979_29f59427,topo_connected,6,21164_de08f61e,topo_connected,0.99989,True
21979_29f59427,topo_connected,7,23380_abffc859,topo_complex,0.999876,False
21979_29f59427,topo_connected,8,21941_1a683ec2,topo_complex,0.999829,False
21979_29f59427,topo_connected,9,23002_4d53fb3f,topo_moderate,0.999819,False
21979_29f59427,topo_connected,10,22528_f3370a64,topo_isolated,0.999802,False
21048_75cc125c,topo_complex,1,22345_bc482c26,topo_isolated,0.999997,False
21048_75cc125c,topo_complex,2,23238_3c864758,topo_moderate,0.999997,False
21048_75cc125c,topo_complex,3,22064_e1ba20dd,topo_moderate,0.999996,False
21048_75cc125c,topo_complex,4,20421_83f66ddc,topo_minimal,0.999996,False
21048_75cc125c,topo_complex,5,22072_5163223a,topo_moderate,0.999995,False
21048_75cc125c,topo_complex,6,21737_87d83240,topo_moderate,0.999995,False
21048_75cc125c,topo_complex,7,23435_e1c96b4d,topo_moderate,0.999994,False
21048_75cc125c,topo_complex,8,22078_1758e9fc,topo_moderate,0.999994,False
21048_75cc125c,topo_complex,9,21706_adfb2ece,topo_moderate,0.999994,False
21048_75cc125c,topo_complex,10,23409_e27e3b8b,topo_isolated,0.999994,False
21831_54ca67d1,topo_minimal,1,21840_6847d36c,topo_isolated,1.0,False
21831_54ca67d1,topo_minimal,2,21133_f9a1614e,topo_minimal,0.999995,True
21831_54ca67d1,topo_minimal,3,21386_e234c6b6,topo_moderate,0.999995,False
21831_54ca67d1,topo_minimal,4,22311_553b3456,topo_complex,0.999993,False
21831_54ca67d1,topo_minimal,5,22216_4b032400,topo_minimal,0.999992,True
21831_54ca67d1,topo_minimal,6,22638_37f9fe91,topo_connected,0.999991,False
21831_54ca67d1,topo_minimal,7,20421_49bd1188,topo_connected,0.999982,False
21831_54ca67d1,topo_minimal,8,22040_6461a147,topo_connected,0.999979,False
21831_54ca67d1,topo_minimal,9,7780_6c885e81,topo_complex,0.999976,False
21831_54ca67d1,topo_minimal,10,22812_cf865ed1,topo_moderate,0.999971,False
22586_ff3651b2,topo_moderate,1,23172_4ab01e83,topo_connected,0.99999,False
22586_ff3651b2,topo_moderate,2,21794_4d137e7d,topo_isolated,0.999989,False
22586_ff3651b2,topo_moderate,3,21008_a3fec63b,topo_connected,0.999988,False
22586_ff3651b2,topo_moderate,4,21513_50fb4d62,topo_connected,0.999985,False
22586_ff3651b2,topo_moderate,5,23331_192866b6,topo_connected,0.999984,False
22586_ff3651b2,topo_moderate,6,21549_18160a0a,topo_moderate,0.999984,True
22586_ff3651b2,topo_moderate,7,20215_e2eb3082,topo_connected,0.999981,False
22586_ff3651b2,topo_moderate,8,20387_0d507234,topo_isolated,0.999979,False
22586_ff3651b2,topo_moderate,9,21837_b67d788c,topo_connected,0.999978,False
22586_ff3651b2,topo_moderate,10,21989_a0b5037d,topo_connected,0.999978,False
21422_b2a6bf27,topo_isolated,1,22142_7891a26a,topo_minimal,1.0,False
21422_b2a6bf27,topo_isolated,2,23403_e539620b,topo_minimal,1.0,False
21422_b2a6bf27,topo_isolated,3,20804_0dcacc66,topo_minimal,1.0,False
21422_b2a6bf27,topo_isolated,4,21139_cd619b26,topo_minimal,1.0,False
21422_b2a6bf27,topo_isolated,5,21119_4f5c95a6,topo_minimal,1.0,False
21422_b2a6bf27,topo_isolated,6,20392_8b23d193,topo_minimal,0.999999,False
21422_b2a6bf27,topo_isolated,7,23006_92c5b990,topo_moderate,0.999999,False
21422_b2a6bf27,topo_isolated,8,20188_98b86c0f,topo_moderate,0.999999,False
21422_b2a6bf27,topo_isolated,9,21243_3ec5d732,topo_minimal,0.999999,False
21422_b2a6bf27,topo_isolated,10,22839_113f2990,topo_minimal,0.999999,False
23259_d655fcc1,topo_moderate,1,22365_a4eb929c,topo_moderate,0.999999,True
23259_d655fcc1,topo_moderate,2,21828_21ab2114,topo_isolated,0.999998,False
23259_d655fcc1,topo_moderate,3,21836_5bc91e49,topo_moderate,0.999998,True
23259_d655fcc1,topo_moderate,4,22414_14ead4a3,topo_complex,0.999991,False
23259_d655fcc1,topo_moderate,5,20680_b095cb77,topo_minimal,0.999989,False
23259_d655fcc1,topo_moderate,6,21490_d07ff9f8,topo_complex,0.999985,False
23259_d655fcc1,topo_moderate,7,22706_58a933f4,topo_moderate,0.999983,True
23259_d655fcc1,topo_moderate,8,20502_58b65de9,topo_connected,0.99998,False
23259_d655fcc1,topo_moderate,9,22654_4c426b0f,topo_moderate,0.999978,True
23259_d655fcc1,topo_moderate,10,20926_4c0f33f6,topo_minimal,0.999956,False
21497_9833a679,topo_moderate,1,20609_69f28932,topo_moderate,0.999999,True
21497_9833a679,topo_moderate,2,21292_f94bd96b,topo_connected,0.999999,False
21497_9833a679,topo_moderate,3,23308_245d257c,topo_moderate,0.999999,True
21497_9833a679,topo_moderate,4,21467_67965037,topo_complex,0.999997,False
21497_9833a679,topo_moderate,5,21478_8fbd4409,topo_moderate,0.999996,True
21497_9833a679,topo_moderate,6,22092_897b0ffa,topo_moderate,0.999995,True
21497_9833a679,topo_moderate,7,23374_57cca189,topo_connected,0.999994,False
21497_9833a679,topo_moderate,8,23102_211ad1db,topo_isolated,0.999994,False
21497_9833a679,topo_moderate,9,22577_cd96733e,topo_moderate,0.999994,True
21497_9833a679,topo_moderate,10,21186_d1698d8c,topo_complex,0.999993,False
22245_ca848576,topo_connected,1,22434_2ad62ed6,topo_minimal,0.999997,False
22245_ca848576,topo_connected,2,20440_27177360,topo_complex,0.999989,False
22245_ca848576,topo_connected,3,20688_955aae0c,topo_connected,0.999988,True
22245_ca848576,topo_connected,4,23028_2ca87745,topo_connected,0.999986,True
22245_ca848576,topo_connected,5,21549_18160a0a,topo_moderate,0.999985,False
22245_ca848576,topo_connected,6,23413_6702ec7f,topo_minimal,0.999983,False
22245_ca848576,topo_connected,7,23331_192866b6,topo_connected,0.999983,True
22245_ca848576,topo_connected,8,20215_e2eb3082,topo_connected,0.99998,True
22245_ca848576,topo_connected,9,21794_4d137e7d,topo_isolated,0.999979,False
22245_ca848576,topo_connected,10,21248_0a862e3e,topo_minimal,0.999977,False
21848_0fff9631,topo_isolated,1,21611_1d3ff1b6,topo_isolated,0.999999,True
21848_0fff9631,topo_isolated,2,23440_5956321f,topo_isolated,0.999998,True
21848_0fff9631,topo_isolated,3,20812_462bd352,topo_minimal,0.999998,False
21848_0fff9631,topo_isolated,4,20958_94222947,topo_minimal,0.999998,False
21848_0fff9631,topo_isolated,5,22378_234fea2c,topo_moderate,0.999998,False
21848_0fff9631,topo_isolated,6,21184_971559b6,topo_connected,0.999997,False
21848_0fff9631,topo_isolated,7,20406_dacb0300,topo_moderate,0.999997,False
21848_0fff9631,topo_isolated,8,21793_4ad5e2c0,topo_minimal,0.999996,False
21848_0fff9631,topo_isolated,9,21613_d57e983a,topo_isolated,0.999996,True
21848_0fff9631,topo_isolated,10,21617_ddd3657b,topo_isolated,0.999996,True
20731_fbdc7731,topo_moderate,1,22140_9cda24cc,topo_minimal,1.0,False
20731_fbdc7731,topo_moderate,2,20989_885bd9b9,topo_minimal,1.0,False
20731_fbdc7731,topo_moderate,3,20438_5f344b00,topo_isolated,1.0,False
20731_fbdc7731,topo_moderate,4,21564_fa5b2db7,topo_isolated,1.0,False
20731_fbdc7731,topo_moderate,5,22304_33009be6,topo_isolated,1.0,False
20731_fbdc7731,topo_moderate,6,22241_535ad84b,topo_isolated,1.0,False
20731_fbdc7731,topo_moderate,7,22047_5a090f16,topo_isolated,1.0,False
20731_fbdc7731,topo_moderate,8,20216_89b90993,topo_minimal,0.999999,False
20731_fbdc7731,topo_moderate,9,20468_1c33550a,topo_minimal,0.999999,False
20731_fbdc7731,topo_moderate,10,22367_b4a67e61,topo_minimal,0.999999,False
21015_10304cb9,topo_isolated,1,22374_aa5bb54d,topo_isolated,1.0,True
21015_10304cb9,topo_isolated,2,20341_6a1588fb,topo_minimal,1.0,False
21015_10304cb9,topo_isolated,3,21781_5985da6d,topo_isolated,1.0,True
21015_10304cb9,topo_isolated,4,22283_36ba29c9,topo_minimal,1.0,False
21015_10304cb9,topo_isolated,5,21665_2e14b6ff,topo_isolated,1.0,True
21015_10304cb9,topo_isolated,6,20934_fe7fbd78,topo_isolated,1.0,True
21015_10304cb9,topo_isolated,7,20814_5a2be0fb,topo_minimal,1.0,False
21015_10304cb9,topo_isolated,8,23215_08a54de0,topo_moderate,1.0,False
21015_10304cb9,topo_isolated,9,21357_9edfc0a0,topo_isolated,1.0,True
21015_10304cb9,topo_isolated,10,21630_316322ff,topo_isolated,1.0,True
23210_f535bfd2,topo_moderate,1,21994_357aac6f,topo_connected,0.999999,False
23210_f535bfd2,topo_moderate,2,22043_041e1b7c,topo_moderate,0.999998,True
23210_f535bfd2,topo_moderate,3,23209_1592b0a4,topo_moderate,0.999998,True
23210_f535bfd2,topo_moderate,4,22214_b098105d,topo_minimal,0.999998,False
23210_f535bfd2,topo_moderate,5,23219_40625e2c,topo_moderate,0.999998,True
23210_f535bfd2,topo_moderate,6,23218_02d26ab4,topo_moderate,0.999997,True
23210_f535bfd2,topo_moderate,7,23342_7193a931,topo_moderate,0.999997,True
23210_f535bfd2,topo_moderate,8,23369_447545f6,topo_moderate,0.999996,True
23210_f535bfd2,topo_moderate,9,23158_c7e753c2,topo_moderate,0.999995,True
23210_f535bfd2,topo_moderate,10,23236_d5867507,topo_connected,0.999995,False
22784_bcace961,topo_isolated,1,20892_b1f89c8d,topo_minimal,0.999998,False
22784_bcace961,topo_isolated,2,21566_ff590631,topo_moderate,0.999997,False
22784_bcace961,topo_isolated,3,20239_49b65a55,topo_complex,0.999994,False
22784_bcace961,topo_isolated,4,20322_daa5c577,topo_moderate,0.999993,False
22784_bcace961,topo_isolated,5,23501_6c48b3c1,topo_complex,0.999991,False
22784_bcace961,topo_isolated,6,23318_65e3a7c9,topo_minimal,0.99999,False
22784_bcace961,topo_isolated,7,22710_77324fc2,topo_moderate,0.999989,False
22784_bcace961,topo_isolated,8,22383_e5f707a7,topo_moderate,0.999989,False
22784_bcace961,topo_isolated,9,20925_dc64a33a,topo_moderate,0.999989,False
22784_bcace961,topo_isolated,10,23214_0c411aa1,topo_connected,0.999989,False
22630_b6010fff,topo_connected,1,22666_bdaa1303,topo_complex,0.999968,False
22630_b6010fff,topo_connected,2,21164_de08f61e,topo_connected,0.99995,True
22630_b6010fff,topo_connected,3,23380_abffc859,topo_complex,0.999935,False
22630_b6010fff,topo_connected,4,23368_648717d8,topo_complex,0.999907,False
22630_b6010fff,topo_connected,5,21545_4384f96e,topo_moderate,0.99984,False
22630_b6010fff,topo_connected,6,20278_d442e77d,topo_complex,0.999833,False
22630_b6010fff,topo_connected,7,23083_fdb942ac,topo_connected,0.999814,True
22630_b6010fff,topo_connected,8,22085_e039a7d3,topo_complex,0.999809,False
22630_b6010fff,topo_connected,9,23414_f7d4a688,topo_isolated,0.999805,False
22630_b6010fff,topo_connected,10,23156_7788f78a,topo_complex,0.999803,False
20755_4b5e61bf,topo_connected,1,22448_1f21757a,topo_connected,0.999998,True
20755_4b5e61bf,topo_connected,2,21550_0b16151d,topo_complex,0.999997,False
20755_4b5e61bf,topo_connected,3,21923_41fa6eda,topo_moderate,0.999995,False
20755_4b5e61bf,topo_connected,4,20788_d25efea2,topo_connected,0.999994,True
20755_4b5e61bf,topo_connected,5,20779_fc5a7c3d,topo_connected,0.999993,True
20755_4b5e61bf,topo_connected,6,21779_b99623fc,topo_connected,0.999992,True
20755_4b5e61bf,topo_connected,7,22469_9d87f800,topo_moderate,0.999987,False
20755_4b5e61bf,topo_connected,8,23252_ef165bed,topo_complex,0.999985,False
20755_4b5e61bf,topo_connected,9,23451_14c8d09e,topo_connected,0.999981,True
20755_4b5e61bf,topo_connected,10,23132_1847c4ef,topo_complex,0.999979,False
23002_4d53fb3f,topo_moderate,1,22528_f3370a64,topo_isolated,0.999956,False
23002_4d53fb3f,topo_moderate,2,23162_7e2f3d77,topo_connected,0.999953,False
23002_4d53fb3f,topo_moderate,3,23123_f35404c4,topo_complex,0.999941,False
23002_4d53fb3f,topo_moderate,4,20697_d3e106b4,topo_complex,0.999909,False
23002_4d53fb3f,topo_moderate,5,20421_0fd51709,topo_connected,0.999888,False
23002_4d53fb3f,topo_moderate,6,21986_67c5509a,topo_complex,0.999881,False
23002_4d53fb3f,topo_moderate,7,21708_e61bd657,topo_moderate,0.999864,True
23002_4d53fb3f,topo_moderate,8,23217_7c6062e3,topo_connected,0.999864,False
23002_4d53fb3f,topo_moderate,9,20701_6dcbc975,topo_complex,0.999855,False
23002_4d53fb3f,topo_moderate,10,23329_6939d5d9,topo_complex,0.999841,False
20291_42287610,topo_isolated,1,23442_28996649,topo_isolated,1.0,True
20291_42287610,topo_isolated,2,20672_0bc07cce,topo_minimal,1.0,False
20291_42287610,topo_isolated,3,20188_98b86c0f,topo_moderate,1.0,False
20291_42287610,topo_isolated,4,20231_f54462bb,topo_isolated,1.0,True
20291_42287610,topo_isolated,5,21267_35a558cc,topo_isolated,1.0,True
20291_42287610,topo_isolated,6,20376_eefa9511,topo_isolated,1.0,True
20291_42287610,topo_isolated,7,20479_77930584,topo_isolated,1.0,True
20291_42287610,topo_isolated,8,21243_3ec5d732,topo_minimal,1.0,False
20291_42287610,topo_isolated,9,20466_4b3e5186,topo_minimal,1.0,False
20291_42287610,topo_isolated,10,21911_429c1a72,topo_isolated,1.0,True
23245_ccd099b6,topo_connected,1,20414_a33bd0d7,topo_moderate,0.999999,False
23245_ccd099b6,topo_connected,2,22681_124bf3a9,topo_moderate,0.999998,False
23245_ccd099b6,topo_connected,3,22066_308cdcfe,topo_connected,0.999997,True
23245_ccd099b6,topo_connected,4,22837_7644c972,topo_isolated,0.999996,False
23245_ccd099b6,topo_connected,5,20281_a29f9a18,topo_minimal,0.999996,False
23245_ccd099b6,topo_connected,6,21600_0027c6fc,topo_moderate,0.999995,False
23245_ccd099b6,topo_connected,7,21737_87d83240,topo_moderate,0.999995,False
23245_ccd099b6,topo_connected,8,21599_80057f94,topo_connected,0.999995,True
23245_ccd099b6,topo_connected,9,22729_232da678,topo_connected,0.999995,True
23245_ccd099b6,topo_connected,10,20421_83f66ddc,topo_minimal,0.999994,False
21580_b8b2571b,topo_connected,1,20279_aed6b3b3,topo_complex,0.999893,False
21580_b8b2571b,topo_connected,2,23204_ff1672a9,topo_complex,0.999822,False
21580_b8b2571b,topo_connected,3,23144_88ca00a5,topo_connected,0.999811,True
21580_b8b2571b,topo_connected,4,23053_139f2009,topo_complex,0.99973,False
21580_b8b2571b,topo_connected,5,23235_f9ccb8b0,topo_connected,0.999694,True
21580_b8b2571b,topo_connected,6,22076_20e8a107,topo_complex,0.999605,False
21580_b8b2571b,topo_connected,7,23195_2629864e,topo_connected,0.999458,True
21580_b8b2571b,topo_connected,8,23378_8d6426ae,topo_moderate,0.999408,False
21580_b8b2571b,topo_connected,9,21924_bbd9f7a9,topo_connected,0.999371,True
21580_b8b2571b,topo_connected,10,22428_c1ffa51a,topo_minimal,0.999242,False
21365_ab403591,topo_connected,1,22418_2722dfe8,topo_connected,0.999998,True
21365_ab403591,topo_connected,2,23451_14c8d09e,topo_connected,0.999992,True
21365_ab403591,topo_connected,3,22612_28fe0ac2,topo_connected,0.999988,True
21365_ab403591,topo_connected,4,23417_9a9e9937,topo_connected,0.999987,True
21365_ab403591,topo_connected,5,22617_a286f13c,topo_complex,0.999986,False
21365_ab403591,topo_connected,6,22659_0e686e14,topo_moderate,0.999984,False
21365_ab403591,topo_connected,7,21958_e48ddf4e,topo_isolated,0.999981,False
21365_ab403591,topo_connected,8,23132_1847c4ef,topo_complex,0.99998,False
21365_ab403591,topo_connected,9,21779_b99623fc,topo_connected,0.99998,True
21365_ab403591,topo_connected,10,22197_94c66357,topo_moderate,0.999978,False
22014_5880c417,topo_moderate,1,22367_b4a67e61,topo_minimal,1.0,False
22014_5880c417,topo_moderate,2,20468_1c33550a,topo_minimal,1.0,False
22014_5880c417,topo_moderate,3,23039_b3d04774,topo_moderate,1.0,True
22014_5880c417,topo_moderate,4,21564_fa5b2db7,topo_isolated,1.0,False
22014_5880c417,topo_moderate,5,21140_8d150c65,topo_minimal,0.999999,False
22014_5880c417,topo_moderate,6,21265_7329c813,topo_moderate,0.999999,True
22014_5880c417,topo_moderate,7,20741_c337946f,topo_minimal,0.999999,False
22014_5880c417,topo_moderate,8,21785_d595ced5,topo_minimal,0.999999,False
22014_5880c417,topo_moderate,9,22653_58d6287d,topo_isolated,0.999999,False
22014_5880c417,topo_moderate,10,20731_fbdc7731,topo_moderate,0.999999,True
21630_316322ff,topo_isolated,1,20814_5a2be0fb,topo_minimal,1.0,False
21630_316322ff,topo_isolated,2,20934_fe7fbd78,topo_isolated,1.0,True
21630_316322ff,topo_isolated,3,21806_616e985a,topo_isolated,1.0,True
21630_316322ff,topo_isolated,4,22075_12b129d5,topo_isolated,1.0,True
21630_316322ff,topo_isolated,5,20671_33532794,topo_minimal,1.0,False
21630_316322ff,topo_isolated,6,22133_465d7a91,topo_isolated,1.0,True
21630_316322ff,topo_isolated,7,22844_9b75b8e0,topo_moderate,1.0,False
21630_316322ff,topo_isolated,8,21062_c4ed6d45,topo_minimal,1.0,False
21630_316322ff,topo_isolated,9,20341_6a1588fb,topo_minimal,1.0,False
21630_316322ff,topo_isolated,10,21357_9edfc0a0,topo_isolated,1.0,True
22349_6f67a96e,topo_minimal,1,21616_c6c3347a,topo_isolated,1.0,False
22349_6f67a96e,topo_minimal,2,21274_2fb8c3f5,topo_isolated,0.999999,False
22349_6f67a96e,topo_minimal,3,22053_de30641b,topo_minimal,0.999999,True
22349_6f67a96e,topo_minimal,4,23239_ba13cf5e,topo_moderate,0.999999,False
22349_6f67a96e,topo_minimal,5,22668_9c30f6c0,topo_minimal,0.999998,True
22349_6f67a96e,topo_minimal,6,21581_8f948e0b,topo_moderate,0.999998,False
22349_6f67a96e,topo_minimal,7,22746_920025a0,topo_moderate,0.999998,False
22349_6f67a96e,topo_minimal,8,20801_0796e2ee,topo_isolated,0.999998,False
22349_6f67a96e,topo_minimal,9,21976_807c9b26,topo_minimal,0.999998,True
22349_6f67a96e,topo_minimal,10,21047_60d69af3,topo_minimal,0.999998,True
21316_69ed56f5,topo_complex,1,23310_7daded69,topo_complex,0.997924,True
21316_69ed56f5,topo_complex,2,21204_96d26a7f,topo_complex,0.99778,True
21316_69ed56f5,topo_complex,3,23422_f214bd4d,topo_complex,0.996557,True
21316_69ed56f5,topo_complex,4,22533_e7298b05,topo_complex,0.996,True
21316_69ed56f5,topo_complex,5,21492_8bd34fc1,topo_complex,0.995952,True
21316_69ed56f5,topo_complex,6,22413_901f5867,topo_complex,0.995709,True
21316_69ed56f5,topo_complex,7,21656_964b0c84,topo_complex,0.995447,True
21316_69ed56f5,topo_complex,8,21421_fb12b69b,topo_complex,0.994506,True
21316_69ed56f5,topo_complex,9,22430_c6f08b03,topo_complex,0.994415,True
21316_69ed56f5,topo_complex,10,20245_f1b25d43,topo_complex,0.99422,True
20281_a29f9a18,topo_minimal,1,22066_308cdcfe,topo_connected,0.999999,False
20281_a29f9a18,topo_minimal,2,21224_18ba4aba,topo_moderate,0.999999,False
20281_a29f9a18,topo_minimal,3,21377_19909a40,topo_isolated,0.999998,False
20281_a29f9a18,topo_minimal,4,20414_a33bd0d7,topo_moderate,0.999998,False
20281_a29f9a18,topo_minimal,5,22162_439af02a,topo_isolated,0.999998,False
20281_a29f9a18,topo_minimal,6,21275_c8049742,topo_minimal,0.999997,True
20281_a29f9a18,topo_minimal,7,22681_124bf3a9,topo_moderate,0.999997,False
20281_a29f9a18,topo_minimal,8,22072_5163223a,topo_moderate,0.999997,False
20281_a29f9a18,topo_minimal,9,21912_3f74887c,topo_connected,0.999996,False
20281_a29f9a18,topo_minimal,10,21528_a5d5490f,topo_connected,0.999996,False
21243_3ec5d732,topo_minimal,1,20188_98b86c0f,topo_moderate,1.0,False
21243_3ec5d732,topo_minimal,2,20898_5f5b9bc7,topo_minimal,1.0,True
21243_3ec5d732,topo_minimal,3,23442_28996649,topo_isolated,1.0,False
21243_3ec5d732,topo_minimal,4,20479_77930584,topo_isolated,1.0,False
21243_3ec5d732,topo_minimal,5,20231_f54462bb,topo_isolated,1.0,False
21243_3ec5d732,topo_minimal,6,21267_35a558cc,topo_isolated,1.0,False
21243_3ec5d732,topo_minimal,7,20376_eefa9511,topo_isolated,1.0,False
21243_3ec5d732,topo_minimal,8,20466_4b3e5186,topo_minimal,1.0,True
21243_3ec5d732,topo_minimal,9,21119_4f5c95a6,topo_minimal,1.0,True
21243_3ec5d732,topo_minimal,10,20429_4c909f3f,topo_isolated,1.0,False
21545_4384f96e,topo_moderate,1,23083_fdb942ac,topo_connected,0.999991,False
21545_4384f96e,topo_moderate,2,20278_d442e77d,topo_complex,0.999967,False
21545_4384f96e,topo_moderate,3,23368_648717d8,topo_complex,0.999956,False
21545_4384f96e,topo_moderate,4,21918_976c2754,topo_complex,0.999955,False
21545_4384f96e,topo_moderate,5,22581_406c16c4,topo_moderate,0.999951,True
21545_4384f96e,topo_moderate,6,21700_28d193ac,topo_complex,0.99994,False
21545_4384f96e,topo_moderate,7,21153_a2fb81fe,topo_connected,0.999938,False
21545_4384f96e,topo_moderate,8,22199_8ec9eeb2,topo_complex,0.999936,False
21545_4384f96e,topo_moderate,9,23414_f7d4a688,topo_isolated,0.999924,False
21545_4384f96e,topo_moderate,10,20643_71ad3d26,topo_minimal,0.999916,False
23258_87a2ba81,topo_complex,1,20737_5249e274,topo_connected,0.999639,False
23258_87a2ba81,topo_complex,2,20745_3e22ad07,topo_moderate,0.999028,False
23258_87a2ba81,topo_complex,3,20351_dc6e4e1e,topo_connected,0.997779,False
23258_87a2ba81,topo_complex,4,21718_1551037b,topo_moderate,0.996875,False
23258_87a2ba81,topo_complex,5,21450_ea24ffcc,topo_connected,0.996652,False
23258_87a2ba81,topo_complex,6,23310_7daded69,topo_complex,0.995866,True
23258_87a2ba81,topo_complex,7,21421_fb12b69b,topo_complex,0.993907,True
23258_87a2ba81,topo_complex,8,21244_24c3ce72,topo_complex,0.993858,True
23258_87a2ba81,topo_complex,9,20246_40be7668,topo_moderate,0.993484,False
23258_87a2ba81,topo_complex,10,21236_b696e901,topo_complex,0.992166,True
21839_a8eb6d34,topo_isolated,1,20959_d4905d19,topo_complex,0.999983,False
21839_a8eb6d34,topo_isolated,2,22211_b1ee53f0,topo_connected,0.999932,False
21839_a8eb6d34,topo_isolated,3,21134_7aa7cd89,topo_complex,0.999856,False
21839_a8eb6d34,topo_isolated,4,22306_c3dca308,topo_complex,0.999828,False
21839_a8eb6d34,topo_isolated,5,23377_690165aa,topo_connected,0.999823,False
21839_a8eb6d34,topo_isolated,6,22027_11a2e852,topo_complex,0.999772,False
21839_a8eb6d34,topo_isolated,7,21977_ce9f4e71,topo_moderate,0.999753,False
21839_a8eb6d34,topo_isolated,8,19051_26735260,topo_connected,0.999735,False
21839_a8eb6d34,topo_isolated,9,22193_c8773ded,topo_connected,0.999577,False
21839_a8eb6d34,topo_isolated,10,22298_51433023,topo_connected,0.999552,False
23123_f35404c4,topo_complex,1,23162_7e2f3d77,topo_connected,0.999983,False
23123_f35404c4,topo_complex,2,21986_67c5509a,topo_complex,0.999975,True
23123_f35404c4,topo_complex,3,22242_4ceddc2b,topo_complex,0.999947,True
23123_f35404c4,topo_complex,4,23002_4d53fb3f,topo_moderate,0.999941,False
23123_f35404c4,topo_complex,5,21979_29f59427,topo_connected,0.999938,False
23123_f35404c4,topo_complex,6,23156_7788f78a,topo_complex,0.999909,True
23123_f35404c4,topo_complex,7,22528_f3370a64,topo_isolated,0.999862,False
23123_f35404c4,topo_complex,8,22890_4ecfa491,topo_connected,0.999858,False
23123_f35404c4,topo_complex,9,22535_0ba01cc9,topo_complex,0.999852,True
23123_f35404c4,topo_complex,10,21941_1a683ec2,topo_complex,0.999824,True
21425_d0d47a2a,topo_complex,1,22900_09de4c7a,topo_moderate,0.999985,False
21425_d0d47a2a,topo_complex,2,21541_abc67be6,topo_moderate,0.999974,False
21425_d0d47a2a,topo_complex,3,20163_3742f394,topo_connected,0.999965,False
21425_d0d47a2a,topo_complex,4,23414_f7d4a688,topo_isolated,0.999933,False
21425_d0d47a2a,topo_complex,5,20278_d442e77d,topo_complex,0.999914,True
21425_d0d47a2a,topo_complex,6,22199_8ec9eeb2,topo_complex,0.999913,True
21425_d0d47a2a,topo_complex,7,22085_e039a7d3,topo_complex,0.999911,True
21425_d0d47a2a,topo_complex,8,22440_014f1bac,topo_connected,0.999899,False
21425_d0d47a2a,topo_complex,9,22581_406c16c4,topo_moderate,0.999891,False
21425_d0d47a2a,topo_complex,10,23313_210c6783,topo_connected,0.999884,False
22419_dfeb5d33,topo_complex,1,21182_a480d230,topo_connected,0.999992,False
22419_dfeb5d33,topo_complex,2,20991_6795af4f,topo_isolated,0.999958,False
22419_dfeb5d33,topo_complex,3,22065_0d414124,topo_moderate,0.99995,False
22419_dfeb5d33,topo_complex,4,23101_6aec02ee,topo_complex,0.99991,True
22419_dfeb5d33,topo_complex,5,20477_633cca4f,topo_moderate,0.99991,False
22419_dfeb5d33,topo_complex,6,22894_5f7c276d,topo_complex,0.999898,True
22419_dfeb5d33,topo_complex,7,22421_19401bdd,topo_complex,0.999877,True
22419_dfeb5d33,topo_complex,8,23282_a1b17daa,topo_complex,0.999864,True
22419_dfeb5d33,topo_complex,9,23309_76dcf100,topo_connected,0.999833,False
22419_dfeb5d33,topo_complex,10,21551_c6c2d516,topo_moderate,0.999762,False
21986_67c5509a,topo_complex,1,23123_f35404c4,topo_complex,0.999975,True
21986_67c5509a,topo_complex,2,22242_4ceddc2b,topo_complex,0.999972,True
21986_67c5509a,topo_complex,3,23162_7e2f3d77,topo_connected,0.999958,False
21986_67c5509a,topo_complex,4,22081_ab3124af,topo_complex,0.999931,True
21986_67c5509a,topo_complex,5,23156_7788f78a,topo_complex,0.999907,True
21986_67c5509a,topo_complex,6,21941_1a683ec2,topo_complex,0.999906,True
21986_67c5509a,topo_complex,7,22535_0ba01cc9,topo_complex,0.999904,True
21986_67c5509a,topo_complex,8,21979_29f59427,topo_connected,0.999891,False
21986_67c5509a,topo_complex,9,23002_4d53fb3f,topo_moderate,0.999881,False
21986_67c5509a,topo_complex,10,23161_e7f63a9f,topo_isolated,0.999859,False
21035_d308c5c4,topo_isolated,1,23041_8d3ea25c,topo_complex,0.999956,False
21035_d308c5c4,topo_isolated,2,23502_5a80f907,topo_isolated,0.999954,True
21035_d308c5c4,topo_isolated,3,23026_e6f08109,topo_complex,0.999931,False
21035_d308c5c4,topo_isolated,4,23493_57512264,topo_complex,0.99992,False
21035_d308c5c4,topo_isolated,5,21028_d4d30a2e,topo_complex,0.999878,False
21035_d308c5c4,topo_isolated,6,20899_a8d7c6d5,topo_complex,0.999858,False
21035_d308c5c4,topo_isolated,7,19810_f77c5501,topo_complex,0.999855,False
21035_d308c5c4,topo_isolated,8,21601_360ce1c7,topo_connected,0.999853,False
21035_d308c5c4,topo_isolated,9,23379_636204a6,topo_connected,0.999853,False
21035_d308c5c4,topo_isolated,10,22900_09de4c7a,topo_moderate,0.999849,False
21859_35124f79,topo_complex,1,22125_e3a4cad4,topo_complex,0.999337,True
21859_35124f79,topo_complex,2,22415_658c81dd,topo_complex,0.999023,True
21859_35124f79,topo_complex,3,20799_213bf924,topo_complex,0.997038,True
21859_35124f79,topo_complex,4,20675_66ac9773,topo_complex,0.996744,True
21859_35124f79,topo_complex,5,22404_66db7dd7,topo_connected,0.990773,False
21859_35124f79,topo_complex,6,20544_43691724,topo_complex,0.988832,True
21859_35124f79,topo_complex,7,20546_87dbd755,topo_complex,0.98851,True
21859_35124f79,topo_complex,8,21926_b4c7068b,topo_complex,0.98488,True
21859_35124f79,topo_complex,9,21647_6b6cca6f,topo_complex,0.982799,True
21859_35124f79,topo_complex,10,21352_d60bc953,topo_minimal,0.981186,False
22421_19401bdd,topo_complex,1,22894_5f7c276d,topo_complex,0.999979,True
22421_19401bdd,topo_complex,2,23282_a1b17daa,topo_complex,0.999963,True
22421_19401bdd,topo_complex,3,21551_c6c2d516,topo_moderate,0.999957,False
22421_19401bdd,topo_complex,4,22065_0d414124,topo_moderate,0.999956,False
22421_19401bdd,topo_complex,5,20991_6795af4f,topo_isolated,0.999949,False
22421_19401bdd,topo_complex,6,23101_6aec02ee,topo_complex,0.999931,True
22421_19401bdd,topo_complex,7,20477_633cca4f,topo_moderate,0.999901,False
22421_19401bdd,topo_complex,8,23309_76dcf100,topo_connected,0.999885,False
22421_19401bdd,topo_complex,9,20500_e88d8065,topo_connected,0.999877,False
22421_19401bdd,topo_complex,10,22419_dfeb5d33,topo_complex,0.999877,True
22787_49022c32,topo_complex,1,23048_8a1a5553,topo_complex,0.999985,True
22787_49022c32,topo_complex,2,20636_ca9eb29a,topo_connected,0.999974,False
22787_49022c32,topo_complex,3,21739_57582b8f,topo_connected,0.999813,False
22787_49022c32,topo_complex,4,22764_b884dce6,topo_moderate,0.999757,False
22787_49022c32,topo_complex,5,22357_e2f7b060,topo_complex,0.999724,True
22787_49022c32,topo_complex,6,21093_1bda9bbe,topo_isolated,0.999714,False
22787_49022c32,topo_complex,7,20668_b2f2633e,topo_complex,0.999706,True
22787_49022c32,topo_complex,8,21557_53eafe15,topo_complex,0.999601,True
22787_49022c32,topo_complex,9,21329_1bfecd1d,topo_connected,0.999574,False
22787_49022c32,topo_complex,10,22298_51433023,topo_connected,0.999554,False
23103_66470b7e,topo_moderate,1,21573_31a18ad0,topo_moderate,1.0,True
23103_66470b7e,topo_moderate,2,20758_cdccf572,topo_moderate,1.0,True
23103_66470b7e,topo_moderate,3,22377_d490f505,topo_moderate,1.0,True
23103_66470b7e,topo_moderate,4,21882_795be793,topo_moderate,1.0,True
23103_66470b7e,topo_moderate,5,22236_db209dff,topo_minimal,0.999999,False
23103_66470b7e,topo_moderate,6,21448_5646a1b6,topo_minimal,0.999999,False
23103_66470b7e,topo_moderate,7,21384_b9774b93,topo_moderate,0.999999,True
23103_66470b7e,topo_moderate,8,20186_f66e4ad3,topo_minimal,0.999999,False
23103_66470b7e,topo_moderate,9,21776_fb0bfbc6,topo_minimal,0.999999,False
23103_66470b7e,topo_moderate,10,21175_85118898,topo_moderate,0.999998,True
20505_017d4cc4,topo_connected,1,20431_27e7f151,topo_connected,0.999999,True
20505_017d4cc4,topo_connected,2,23121_cbdf3ebc,topo_moderate,0.999999,False
20505_017d4cc4,topo_connected,3,20182_71b9e491,topo_connected,0.999996,True
20505_017d4cc4,topo_connected,4,20628_e0551f7c,topo_connected,0.999993,True
20505_017d4cc4,topo_connected,5,22612_28fe0ac2,topo_connected,0.999988,True
20505_017d4cc4,topo_connected,6,22832_731d3b9f,topo_complex,0.999984,False
20505_017d4cc4,topo_connected,7,22919_3ee91d1a,topo_moderate,0.999977,False
20505_017d4cc4,topo_connected,8,23049_207a41f0,topo_connected,0.999976,True
20505_017d4cc4,topo_connected,9,23451_14c8d09e,topo_connected,0.999976,True
20505_017d4cc4,topo_connected,10,20141_b9376856,topo_moderate,0.999976,False
23044_9a964a68,topo_complex,1,23475_b14d1dc8,topo_connected,0.999996,False
23044_9a964a68,topo_complex,2,21626_b34008e6,topo_connected,0.999995,False
23044_9a964a68,topo_complex,3,22474_b10fea1a,topo_complex,0.999988,True
23044_9a964a68,topo_complex,4,23176_1bf2a2d5,topo_complex,0.999969,True
23044_9a964a68,topo_complex,5,21816_3891a442,topo_complex,0.999954,True
23044_9a964a68,topo_complex,6,21745_56cbe841,topo_complex,0.999953,True
23044_9a964a68,topo_complex,7,22046_fe3bae6e,topo_complex,0.999952,True
23044_9a964a68,topo_complex,8,20779_fc5a7c3d,topo_connected,0.999951,False
23044_9a964a68,topo_complex,9,22228_1c82530b,topo_connected,0.99995,False
23044_9a964a68,topo_complex,10,23252_ef165bed,topo_complex,0.999941,True
20682_e208cc63,topo_isolated,1,22057_4947db57,topo_minimal,1.0,False
20682_e208cc63,topo_isolated,2,21961_1a090a8b,topo_isolated,0.999999,True
20682_e208cc63,topo_isolated,3,22095_af226cbc,topo_complex,0.999997,False
20682_e208cc63,topo_isolated,4,21176_b5c72bfb,topo_moderate,0.999996,False
20682_e208cc63,topo_isolated,5,22892_68138f24,topo_minimal,0.999996,False
20682_e208cc63,topo_isolated,6,22141_5db99710,topo_moderate,0.999995,False
20682_e208cc63,topo_isolated,7,22313_3a8b93dc,topo_connected,0.999993,False
20682_e208cc63,topo_isolated,8,23221_42f37ae3,topo_moderate,0.999992,False
20682_e208cc63,topo_isolated,9,21706_adfb2ece,topo_moderate,0.99999,False
20682_e208cc63,topo_isolated,10,21224_18ba4aba,topo_moderate,0.999988,False
21976_807c9b26,topo_minimal,1,22135_2aa77ff2,topo_isolated,1.0,False
21976_807c9b26,topo_minimal,2,22746_920025a0,topo_moderate,1.0,False
21976_807c9b26,topo_minimal,3,20803_473c87ac,topo_isolated,1.0,False
21976_807c9b26,topo_minimal,4,23239_ba13cf5e,topo_moderate,0.999999,False
21976_807c9b26,topo_minimal,5,20674_2fb6cabd,topo_isolated,0.999999,False
21976_807c9b26,topo_minimal,6,22053_de30641b,topo_minimal,0.999999,True
21976_807c9b26,topo_minimal,7,21140_8d150c65,topo_minimal,0.999999,True
21976_807c9b26,topo_minimal,8,21581_8f948e0b,topo_moderate,0.999999,False
21976_807c9b26,topo_minimal,9,21047_60d69af3,topo_minimal,0.999999,True
21976_807c9b26,topo_minimal,10,20385_f2d30908,topo_minimal,0.999999,True
21865_c190b734,topo_minimal,1,22732_cd2af0ac,topo_isolated,0.999991,False
21865_c190b734,topo_minimal,2,22067_624b28e3,topo_moderate,0.999983,False
21865_c190b734,topo_minimal,3,22131_6b4b60f8,topo_minimal,0.999983,True
21865_c190b734,topo_minimal,4,22210_649a5363,topo_minimal,0.999983,True
21865_c190b734,topo_minimal,5,21615_f2ecc6e8,topo_isolated,0.999982,False
21865_c190b734,topo_minimal,6,21610_5dcf1187,topo_isolated,0.999982,False
21865_c190b734,topo_minimal,7,23406_1d36b046,topo_minimal,0.999982,True
21865_c190b734,topo_minimal,8,21612_e2981dae,topo_isolated,0.999982,False
21865_c190b734,topo_minimal,9,23184_731e5af0,topo_moderate,0.999982,False
21865_c190b734,topo_minimal,10,21619_19435db0,topo_isolated,0.999981,False
20426_79358492,topo_isolated,1,20429_419c4cdd,topo_isolated,1.0,True
20426_79358492,topo_isolated,2,20551_ff28a959,topo_isolated,1.0,True
20426_79358492,topo_isolated,3,20705_ac2a0325,topo_isolated,1.0,True
20426_79358492,topo_isolated,4,20376_eefa9511,topo_isolated,1.0,True
20426_79358492,topo_isolated,5,21267_35a558cc,topo_isolated,1.0,True
20426_79358492,topo_isolated,6,20231_f54462bb,topo_isolated,1.0,True
20426_79358492,topo_isolated,7,20479_77930584,topo_isolated,1.0,True
20426_79358492,topo_isolated,8,20466_4b3e5186,topo_minimal,1.0,False
20426_79358492,topo_isolated,9,20672_0bc07cce,topo_minimal,1.0,False
20426_79358492,topo_isolated,10,21911_429c1a72,topo_isolated,1.0,True
22076_20e8a107,topo_complex,1,23235_f9ccb8b0,topo_connected,0.999916,False
22076_20e8a107,topo_complex,2,23144_88ca00a5,topo_connected,0.999836,False
22076_20e8a107,topo_complex,3,23195_2629864e,topo_connected,0.999797,False
22076_20e8a107,topo_complex,4,22670_9353c710,topo_connected,0.999672,False
22076_20e8a107,topo_complex,5,21580_b8b2571b,topo_connected,0.999605,False
22076_20e8a107,topo_complex,6,21991_ab98f156,topo_complex,0.999475,True
22076_20e8a107,topo_complex,7,21741_c6faf98e,topo_connected,0.999471,False
22076_20e8a107,topo_complex,8,23204_ff1672a9,topo_complex,0.999447,True
22076_20e8a107,topo_complex,9,21924_bbd9f7a9,topo_connected,0.999318,False
22076_20e8a107,topo_complex,10,22428_c1ffa51a,topo_minimal,0.999211,False
23217_7c6062e3,topo_connected,1,21551_c6c2d516,topo_moderate,0.999963,False
23217_7c6062e3,topo_connected,2,20701_6dcbc975,topo_complex,0.999935,False
23217_7c6062e3,topo_connected,3,22890_4ecfa491,topo_connected,0.999927,True
23217_7c6062e3,topo_connected,4,23309_76dcf100,topo_connected,0.999914,True
23217_7c6062e3,topo_connected,5,22894_5f7c276d,topo_complex,0.999892,False
23217_7c6062e3,topo_connected,6,23101_6aec02ee,topo_complex,0.999865,False
23217_7c6062e3,topo_connected,7,23002_4d53fb3f,topo_moderate,0.999864,False
23217_7c6062e3,topo_connected,8,22056_79373464,topo_complex,0.99986,False
23217_7c6062e3,topo_connected,9,20477_633cca4f,topo_moderate,0.99985,False
23217_7c6062e3,topo_connected,10,22421_19401bdd,topo_complex,0.999843,False
23408_e5fd25ba,topo_moderate,1,23321_c9497b79,topo_moderate,0.999999,True
23408_e5fd25ba,topo_moderate,2,22378_234fea2c,topo_moderate,0.999998,True
23408_e5fd25ba,topo_moderate,3,21184_971559b6,topo_connected,0.999997,False
23408_e5fd25ba,topo_moderate,4,21611_1d3ff1b6,topo_isolated,0.999995,False
23408_e5fd25ba,topo_moderate,5,20406_dacb0300,topo_moderate,0.999994,True
23408_e5fd25ba,topo_moderate,6,21848_0fff9631,topo_isolated,0.999994,False
23408_e5fd25ba,topo_moderate,7,21613_d57e983a,topo_isolated,0.999993,False
23408_e5fd25ba,topo_moderate,8,21617_ddd3657b,topo_isolated,0.999993,False
23408_e5fd25ba,topo_moderate,9,20958_94222947,topo_minimal,0.999992,False
23408_e5fd25ba,topo_moderate,10,21619_19435db0,topo_isolated,0.999992,False
22443_fa24c6f9,topo_isolated,1,22017_6d3be48d,topo_complex,0.999589,False
22443_fa24c6f9,topo_isolated,2,20319_9f53cd7c,topo_moderate,0.999028,False
22443_fa24c6f9,topo_isolated,3,21035_d308c5c4,topo_isolated,0.99791,True
22443_fa24c6f9,topo_isolated,4,23026_e6f08109,topo_complex,0.997643,False
22443_fa24c6f9,topo_isolated,5,21081_72fa4ad1,topo_moderate,0.997596,False
22443_fa24c6f9,topo_isolated,6,22251_88fd728c,topo_complex,0.997435,False
22443_fa24c6f9,topo_isolated,7,23041_8d3ea25c,topo_complex,0.997401,False
22443_fa24c6f9,topo_isolated,8,23283_fadf3820,topo_connected,0.997394,False
22443_fa24c6f9,topo_isolated,9,23502_5a80f907,topo_isolated,0.997391,True
22443_fa24c6f9,topo_isolated,10,20858_15bdad00,topo_complex,0.997389,False
21706_adfb2ece,topo_moderate,1,21737_87d83240,topo_moderate,0.999999,True
21706_adfb2ece,topo_moderate,2,22313_3a8b93dc,topo_connected,0.999999,False
21706_adfb2ece,topo_moderate,3,22141_5db99710,topo_moderate,0.999999,True
21706_adfb2ece,topo_moderate,4,23128_cb135b1b,topo_minimal,0.999998,False
21706_adfb2ece,topo_moderate,5,20743_c8ea8159,topo_minimal,0.999998,False
21706_adfb2ece,topo_moderate,6,22072_5163223a,topo_moderate,0.999998,True
21706_adfb2ece,topo_moderate,7,22162_439af02a,topo_isolated,0.999997,False
21706_adfb2ece,topo_moderate,8,22681_124bf3a9,topo_moderate,0.999997,True
21706_adfb2ece,topo_moderate,9,21275_c8049742,topo_minimal,0.999997,False
21706_adfb2ece,topo_moderate,10,23409_e27e3b8b,topo_isolated,0.999996,False
23265_07de6a0b,topo_moderate,1,21793_4ad5e2c0,topo_minimal,0.999999,False
23265_07de6a0b,topo_moderate,2,20186_f66e4ad3,topo_minimal,0.999999,False
23265_07de6a0b,topo_moderate,3,21776_fb0bfbc6,topo_minimal,0.999998,False
23265_07de6a0b,topo_moderate,4,20910_c64b5d1b,topo_minimal,0.999998,False
23265_07de6a0b,topo_moderate,5,21882_795be793,topo_moderate,0.999998,True
23265_07de6a0b,topo_moderate,6,22747_3f6faf4c,topo_connected,0.999998,False
23265_07de6a0b,topo_moderate,7,20812_462bd352,topo_minimal,0.999998,False
23265_07de6a0b,topo_moderate,8,22236_db209dff,topo_minimal,0.999998,False
23265_07de6a0b,topo_moderate,9,21573_31a18ad0,topo_moderate,0.999998,True
23265_07de6a0b,topo_moderate,10,20958_94222947,topo_minimal,0.999997,False
21745_56cbe841,topo_complex,1,21816_3891a442,topo_complex,0.999993,True
21745_56cbe841,topo_complex,2,23480_3f7a8d50,topo_minimal,0.999989,False
21745_56cbe841,topo_complex,3,23049_207a41f0,topo_connected,0.999979,False
21745_56cbe841,topo_complex,4,23252_ef165bed,topo_complex,0.999975,True
21745_56cbe841,topo_complex,5,22474_b10fea1a,topo_complex,0.999965,True
21745_56cbe841,topo_complex,6,22919_3ee91d1a,topo_moderate,0.999964,False
21745_56cbe841,topo_complex,7,21923_41fa6eda,topo_moderate,0.999954,False
21745_56cbe841,topo_complex,8,23044_9a964a68,topo_complex,0.999953,True
21745_56cbe841,topo_complex,9,20788_d25efea2,topo_connected,0.999952,False
21745_56cbe841,topo_complex,10,23132_1847c4ef,topo_complex,0.999948,True
20466_4b3e5186,topo_minimal,1,20376_eefa9511,topo_isolated,1.0,False
20466_4b3e5186,topo_minimal,2,21267_35a558cc,topo_isolated,1.0,False
20466_4b3e5186,topo_minimal,3,20231_f54462bb,topo_isolated,1.0,False
20466_4b3e5186,topo_minimal,4,20479_77930584,topo_isolated,1.0,False
20466_4b3e5186,topo_minimal,5,23442_28996649,topo_isolated,1.0,False
20466_4b3e5186,topo_minimal,6,20672_0bc07cce,topo_minimal,1.0,True
20466_4b3e5186,topo_minimal,7,20426_79358492,topo_isolated,1.0,False
20466_4b3e5186,topo_minimal,8,20705_ac2a0325,topo_isolated,1.0,False
20466_4b3e5186,topo_minimal,9,21243_3ec5d732,topo_minimal,1.0,True
20466_4b3e5186,topo_minimal,10,20188_98b86c0f,topo_moderate,1.0,False
21695_1f33863f,topo_connected,1,20815_b3d9e6c9,topo_minimal,0.999996,False
21695_1f33863f,topo_connected,2,23323_075a079e,topo_moderate,0.999996,False
21695_1f33863f,topo_connected,3,20817_ef63b1a7,topo_minimal,0.999994,False
21695_1f33863f,topo_connected,4,22218_2f85f6ae,topo_connected,0.999994,True
21695_1f33863f,topo_connected,5,20408_b4fda9eb,topo_moderate,0.99999,False
21695_1f33863f,topo_connected,6,20554_abcb705e,topo_moderate,0.99999,False
21695_1f33863f,topo_connected,7,23363_60e39812,topo_complex,0.999988,False
21695_1f33863f,topo_connected,8,23034_b38134ee,topo_connected,0.999987,True
21695_1f33863f,topo_connected,9,21599_80057f94,topo_connected,0.999987,True
21695_1f33863f,topo_connected,10,20431_0088a0dd,topo_moderate,0.999986,False
19518_f220b68a,topo_isolated,1,20429_9dd95c38,topo_isolated,1.0,True
19518_f220b68a,topo_isolated,2,20342_c140780b,topo_isolated,1.0,True
19518_f220b68a,topo_isolated,3,22178_976d2411,topo_minimal,1.0,False
19518_f220b68a,topo_isolated,4,20994_9c88b1ba,topo_minimal,1.0,False
19518_f220b68a,topo_isolated,5,16550_e88d6986,topo_minimal,1.0,False
19518_f220b68a,topo_isolated,6,20340_86125547,topo_minimal,1.0,False
19518_f220b68a,topo_isolated,7,23351_6104d55d,topo_moderate,1.0,False
19518_f220b68a,topo_isolated,8,20947_115d4058,topo_isolated,1.0,True
19518_f220b68a,topo_isolated,9,23250_aa321310,topo_moderate,1.0,False
19518_f220b68a,topo_isolated,10,20409_dafedec6,topo_isolated,1.0,True
22313_3a8b93dc,topo_connected,1,22141_5db99710,topo_moderate,0.999999,False
22313_3a8b93dc,topo_connected,2,21706_adfb2ece,topo_moderate,0.999999,False
22313_3a8b93dc,topo_connected,3,20743_c8ea8159,topo_minimal,0.999998,False
22313_3a8b93dc,topo_connected,4,21424_9d516e3a,topo_minimal,0.999997,False
22313_3a8b93dc,topo_connected,5,21961_1a090a8b,topo_isolated,0.999997,False
22313_3a8b93dc,topo_connected,6,23128_cb135b1b,topo_minimal,0.999997,False
22313_3a8b93dc,topo_connected,7,23409_e27e3b8b,topo_isolated,0.999996,False
22313_3a8b93dc,topo_connected,8,21737_87d83240,topo_moderate,0.999996,False
22313_3a8b93dc,topo_connected,9,22162_439af02a,topo_isolated,0.999996,False
22313_3a8b93dc,topo_connected,10,22072_5163223a,topo_moderate,0.999995,False
22251_88fd728c,topo_complex,1,21429_6d2d3974,topo_complex,0.999947,True
22251_88fd728c,topo_complex,2,23283_fadf3820,topo_connected,0.999946,False
22251_88fd728c,topo_complex,3,20389_c835706f,topo_moderate,0.999918,False
22251_88fd728c,topo_complex,4,20858_15bdad00,topo_complex,0.999898,True
22251_88fd728c,topo_complex,5,22266_078a1f68,topo_complex,0.999889,True
22251_88fd728c,topo_complex,6,23120_f7c9092f,topo_connected,0.999877,False
22251_88fd728c,topo_complex,7,22534_e899f645,topo_complex,0.999871,True
22251_88fd728c,topo_complex,8,22376_3ebc82a2,topo_complex,0.999851,True
22251_88fd728c,topo_complex,9,22082_39503fa6,topo_complex,0.999849,True
22251_88fd728c,topo_complex,10,21601_360ce1c7,topo_connected,0.999834,False
21613_d57e983a,topo_isolated,1,21617_ddd3657b,topo_isolated,1.0,True
21613_d57e983a,topo_isolated,2,21619_19435db0,topo_isolated,1.0,True
21613_d57e983a,topo_isolated,3,21614_5d6afa62,topo_isolated,1.0,True
21613_d57e983a,topo_isolated,4,21610_5dcf1187,topo_isolated,1.0,True
21613_d57e983a,topo_isolated,5,21612_e2981dae,topo_isolated,1.0,True
21613_d57e983a,topo_isolated,6,22131_6b4b60f8,topo_minimal,1.0,False
21613_d57e983a,topo_isolated,7,21615_f2ecc6e8,topo_isolated,0.999999,True
21613_d57e983a,topo_isolated,8,22671_fdd1b1e6,topo_connected,0.999999,False
21613_d57e983a,topo_isolated,9,23440_5956321f,topo_isolated,0.999999,True
21613_d57e983a,topo_isolated,10,22747_3f6faf4c,topo_connected,0.999998,False
22067_624b28e3,topo_moderate,1,22131_6b4b60f8,topo_minimal,0.999999,False
22067_624b28e3,topo_moderate,2,21610_5dcf1187,topo_isolated,0.999999,False
22067_624b28e3,topo_moderate,3,21615_f2ecc6e8,topo_isolated,0.999999,False
22067_624b28e3,topo_moderate,4,22210_649a5363,topo_minimal,0.999999,False
22067_624b28e3,topo_moderate,5,21612_e2981dae,topo_isolated,0.999999,False
22067_624b28e3,topo_moderate,6,23406_1d36b046,topo_minimal,0.999998,False
22067_624b28e3,topo_moderate,7,21619_19435db0,topo_isolated,0.999998,False
22067_624b28e3,topo_moderate,8,21614_5d6afa62,topo_isolated,0.999998,False
22067_624b28e3,topo_moderate,9,21613_d57e983a,topo_isolated,0.999998,False
22067_624b28e3,topo_moderate,10,23184_731e5af0,topo_moderate,0.999998,True
21005_9feee615,topo_isolated,1,20533_0a3e112b,topo_connected,0.998038,False
21005_9feee615,topo_isolated,2,23422_f214bd4d,topo_complex,0.997981,False
21005_9feee615,topo_isolated,3,21656_964b0c84,topo_complex,0.997782,False
21005_9feee615,topo_isolated,4,22430_c6f08b03,topo_complex,0.997551,False
21005_9feee615,topo_isolated,5,22533_e7298b05,topo_complex,0.997496,False
21005_9feee615,topo_isolated,6,21244_d67bbabc,topo_complex,0.997092,False
21005_9feee615,topo_isolated,7,22079_31335df2,topo_connected,0.99699,False
21005_9feee615,topo_isolated,8,22413_901f5867,topo_complex,0.99683,False
21005_9feee615,topo_isolated,9,21069_508a9947,topo_complex,0.996466,False
21005_9feee615,topo_isolated,10,21492_8bd34fc1,topo_complex,0.996041,False
23250_aa321310,topo_moderate,1,23351_6104d55d,topo_moderate,1.0,True
23250_aa321310,topo_moderate,2,20947_115d4058,topo_isolated,1.0,False
23250_aa321310,topo_moderate,3,16550_e88d6986,topo_minimal,1.0,False
23250_aa321310,topo_moderate,4,20994_9c88b1ba,topo_minimal,1.0,False
23250_aa321310,topo_moderate,5,22472_f65d3470,topo_isolated,1.0,False
23250_aa321310,topo_moderate,6,20259_de1ab632,topo_minimal,1.0,False
23250_aa321310,topo_moderate,7,23163_7b143a6f,topo_moderate,1.0,True
23250_aa321310,topo_moderate,8,20478_c02790cb,topo_minimal,1.0,False
23250_aa321310,topo_moderate,9,19518_f220b68a,topo_isolated,1.0,False
23250_aa321310,topo_moderate,10,20342_c140780b,topo_isolated,1.0,False
23155_d7305c5f,topo_complex,1,22652_dc7405ef,topo_connected,0.999995,False
23155_d7305c5f,topo_complex,2,22893_eb8aa8ac,topo_minimal,0.999992,False
23155_d7305c5f,topo_complex,3,21843_effbd24d,topo_connected,0.99999,False
23155_d7305c5f,topo_complex,4,21511_d07c59c2,topo_connected,0.999982,False
23155_d7305c5f,topo_complex,5,19596_fb9531a5,topo_complex,0.999979,True
23155_d7305c5f,topo_complex,6,21838_5bc448b4,topo_moderate,0.999952,False
23155_d7305c5f,topo_complex,7,21081_72fa4ad1,topo_moderate,0.999891,False
23155_d7305c5f,topo_complex,8,19810_f77c5501,topo_complex,0.999891,True
23155_d7305c5f,topo_complex,9,23493_57512264,topo_complex,0.999883,True
23155_d7305c5f,topo_complex,10,22980_3cb3bcc8,topo_complex,0.999882,True
22749_346e10ae,topo_minimal,1,21690_5d1f3475,topo_moderate,1.0,False
22749_346e10ae,topo_minimal,2,20671_33532794,topo_minimal,0.999999,True
22749_346e10ae,topo_minimal,3,23022_86e6a8a0,topo_moderate,0.999999,False
22749_346e10ae,topo_minimal,4,20801_0796e2ee,topo_isolated,0.999999,False
22749_346e10ae,topo_minimal,5,21062_c4ed6d45,topo_minimal,0.999999,True
22749_346e10ae,topo_minimal,6,22844_9b75b8e0,topo_moderate,0.999999,False
22749_346e10ae,topo_minimal,7,22133_465d7a91,topo_isolated,0.999999,False
22749_346e10ae,topo_minimal,8,21630_316322ff,topo_isolated,0.999999,False
22749_346e10ae,topo_minimal,9,20193_2da4f0a0,topo_minimal,0.999999,True
22749_346e10ae,topo_minimal,10,20814_5a2be0fb,topo_minimal,0.999999,True
20818_098cad7c,topo_complex,1,23273_8f301ce3,topo_moderate,0.999996,False
20818_098cad7c,topo_complex,2,23378_8d6426ae,topo_moderate,0.999948,False
20818_098cad7c,topo_complex,3,21805_2ba39d00,topo_complex,0.999941,True
20818_098cad7c,topo_complex,4,23154_7c74d190,topo_connected,0.999885,False
20818_098cad7c,topo_complex,5,22278_12f1fb79,topo_minimal,0.999767,False
20818_098cad7c,topo_complex,6,22331_152ee5c0,topo_moderate,0.999728,False
20818_098cad7c,topo_complex,7,23053_139f2009,topo_complex,0.999543,True
20818_098cad7c,topo_complex,8,21329_1bfecd1d,topo_connected,0.999512,False
20818_098cad7c,topo_complex,9,21797_69df08d5,topo_complex,0.999345,True
20818_098cad7c,topo_complex,10,20279_aed6b3b3,topo_complex,0.999304,True
7780_6c885e81,topo_complex,1,22812_cf865ed1,topo_moderate,0.999999,False
7780_6c885e81,topo_complex,2,22659_0e686e14,topo_moderate,0.999998,False
7780_6c885e81,topo_complex,3,21958_e48ddf4e,topo_isolated,0.999997,False
7780_6c885e81,topo_complex,4,22311_553b3456,topo_complex,0.999993,True
7780_6c885e81,topo_complex,5,22638_37f9fe91,topo_connected,0.999989,False
7780_6c885e81,topo_complex,6,22617_a286f13c,topo_complex,0.999989,True
7780_6c885e81,topo_complex,7,20421_49bd1188,topo_connected,0.999984,False
7780_6c885e81,topo_complex,8,22197_94c66357,topo_moderate,0.999982,False
7780_6c885e81,topo_complex,9,21386_e234c6b6,topo_moderate,0.999981,False
7780_6c885e81,topo_complex,10,21858_f1409ea2,topo_complex,0.99998,True
21581_8f948e0b,topo_moderate,1,21047_60d69af3,topo_minimal,1.0,False
21581_8f948e0b,topo_moderate,2,23439_18900af2,topo_minimal,1.0,False
21581_8f948e0b,topo_moderate,3,22668_9c30f6c0,topo_minimal,1.0,False
21581_8f948e0b,topo_moderate,4,22907_ff18dbd5,topo_moderate,1.0,True
21581_8f948e0b,topo_moderate,5,20385_f2d30908,topo_minimal,1.0,False
21581_8f948e0b,topo_moderate,6,23311_ad36a9ec,topo_minimal,1.0,False
21581_8f948e0b,topo_moderate,7,22058_71feafda,topo_isolated,0.999999,False
21581_8f948e0b,topo_moderate,8,20467_f1fcc009,topo_isolated,0.999999,False
21581_8f948e0b,topo_moderate,9,22843_ff77027f,topo_moderate,0.999999,True
21581_8f948e0b,topo_moderate,10,22227_aca28ff2,topo_moderate,0.999999,True
20186_f66e4ad3,topo_minimal,1,21882_795be793,topo_moderate,0.999999,False
20186_f66e4ad3,topo_minimal,2,21573_31a18ad0,topo_moderate,0.999999,False
20186_f66e4ad3,topo_minimal,3,22236_db209dff,topo_minimal,0.999999,True
20186_f66e4ad3,topo_minimal,4,23103_66470b7e,topo_moderate,0.999999,False
20186_f66e4ad3,topo_minimal,5,21793_4ad5e2c0,topo_minimal,0.999999,True
20186_f66e4ad3,topo_minimal,6,23265_07de6a0b,topo_moderate,0.999999,False
20186_f66e4ad3,topo_minimal,7,22377_d490f505,topo_moderate,0.999999,False
20186_f66e4ad3,topo_minimal,8,21776_fb0bfbc6,topo_minimal,0.999998,True
20186_f66e4ad3,topo_minimal,9,20758_cdccf572,topo_moderate,0.999998,False
20186_f66e4ad3,topo_minimal,10,21175_85118898,topo_moderate,0.999997,False
23322_8f85d82d,topo_moderate,1,21390_4d1e2d9c,topo_moderate,0.999999,True
23322_8f85d82d,topo_moderate,2,22196_0deb2e34,topo_connected,0.999999,False
23322_8f85d82d,topo_moderate,3,22196_e5bf8c9d,topo_connected,0.999995,False
23322_8f85d82d,topo_moderate,4,23043_c0827516,topo_moderate,0.999993,True
23322_8f85d82d,topo_moderate,5,22197_66c5655e,topo_connected,0.999991,False
23322_8f85d82d,topo_moderate,6,22654_4c426b0f,topo_moderate,0.999986,True
23322_8f85d82d,topo_moderate,7,22448_1f21757a,topo_connected,0.999985,False
23322_8f85d82d,topo_moderate,8,21552_4e9c19b1,topo_moderate,0.999982,True
23322_8f85d82d,topo_moderate,9,21550_0b16151d,topo_complex,0.999979,False
23322_8f85d82d,topo_moderate,10,22706_58a933f4,topo_moderate,0.999976,True
23235_f9ccb8b0,topo_connected,1,23144_88ca00a5,topo_connected,0.99997,True
23235_f9ccb8b0,topo_connected,2,23195_2629864e,topo_connected,0.999948,True
23235_f9ccb8b0,topo_connected,3,22076_20e8a107,topo_complex,0.999916,False
23235_f9ccb8b0,topo_connected,4,21580_b8b2571b,topo_connected,0.999694,True
23235_f9ccb8b0,topo_connected,5,21924_bbd9f7a9,topo_connected,0.999688,True
23235_f9ccb8b0,topo_connected,6,22428_c1ffa51a,topo_minimal,0.999631,False
23235_f9ccb8b0,topo_connected,7,22670_9353c710,topo_connected,0.999448,True
23235_f9ccb8b0,topo_connected,8,22492_047b125b,topo_connected,0.99939,True
23235_f9ccb8b0,topo_connected,9,23271_f833d903,topo_connected,0.999385,True
23235_f9ccb8b0,topo_connected,10,20279_aed6b3b3,topo_complex,0.99935,False
21528_a5d5490f,topo_connected,1,21912_3f74887c,topo_connected,1.0,True
21528_a5d5490f,topo_connected,2,22729_232da678,topo_connected,1.0,True
21528_a5d5490f,topo_connected,3,23372_4cb88567,topo_isolated,0.999999,False
21528_a5d5490f,topo_connected,4,22577_cd96733e,topo_moderate,0.999999,False
21528_a5d5490f,topo_connected,5,22066_308cdcfe,topo_connected,0.999998,True
21528_a5d5490f,topo_connected,6,20511_e1b972aa,topo_moderate,0.999998,False
21528_a5d5490f,topo_connected,7,23374_57cca189,topo_connected,0.999997,True
21528_a5d5490f,topo_connected,8,20281_a29f9a18,topo_minimal,0.999996,False
21528_a5d5490f,topo_connected,9,23505_161e8ec5,topo_connected,0.999996,True
21528_a5d5490f,topo_connected,10,21224_18ba4aba,topo_moderate,0.999995,False
23466_1cf60d09,topo_complex,1,22440_014f1bac,topo_connected,0.999976,False
23466_1cf60d09,topo_complex,2,20735_fb18051a,topo_connected,0.999973,False
23466_1cf60d09,topo_complex,3,21028_d4d30a2e,topo_complex,0.999971,True
23466_1cf60d09,topo_complex,4,23313_210c6783,topo_connected,0.999951,False
23466_1cf60d09,topo_complex,5,23026_e6f08109,topo_complex,0.999945,True
23466_1cf60d09,topo_complex,6,20899_a8d7c6d5,topo_complex,0.999941,True
23466_1cf60d09,topo_complex,7,22085_e039a7d3,topo_complex,0.999925,True
23466_1cf60d09,topo_complex,8,20163_3742f394,topo_connected,0.999921,False
23466_1cf60d09,topo_complex,9,23379_636204a6,topo_connected,0.999917,False
23466_1cf60d09,topo_complex,10,23041_8d3ea25c,topo_complex,0.999916,True
21467_67965037,topo_complex,1,22577_cd96733e,topo_moderate,0.999998,False
21467_67965037,topo_complex,2,21186_d1698d8c,topo_complex,0.999998,True
21467_67965037,topo_complex,3,21497_9833a679,topo_moderate,0.999997,False
21467_67965037,topo_complex,4,23221_42f37ae3,topo_moderate,0.999996,False
21467_67965037,topo_complex,5,21292_f94bd96b,topo_connected,0.999995,False
21467_67965037,topo_complex,6,21912_3f74887c,topo_connected,0.999995,False
21467_67965037,topo_complex,7,21528_a5d5490f,topo_connected,0.999995,False
21467_67965037,topo_complex,8,23374_57cca189,topo_connected,0.999995,False
21467_67965037,topo_complex,9,20609_69f28932,topo_moderate,0.999993,False
21467_67965037,topo_complex,10,23308_245d257c,topo_moderate,0.999993,False
20165_2b088be5,topo_complex,1,20279_aed6b3b3,topo_complex,0.998556,True
20165_2b088be5,topo_complex,2,21580_b8b2571b,topo_connected,0.998525,False
20165_2b088be5,topo_complex,3,23378_8d6426ae,topo_moderate,0.998452,False
20165_2b088be5,topo_complex,4,23204_ff1672a9,topo_complex,0.998262,True
20165_2b088be5,topo_complex,5,23053_139f2009,topo_complex,0.998245,True
20165_2b088be5,topo_complex,6,23273_8f301ce3,topo_moderate,0.998188,False
20165_2b088be5,topo_complex,7,20818_098cad7c,topo_complex,0.998153,True
20165_2b088be5,topo_complex,8,23144_88ca00a5,topo_connected,0.998083,False
20165_2b088be5,topo_complex,9,21924_bbd9f7a9,topo_connected,0.997845,False
20165_2b088be5,topo_complex,10,22076_20e8a107,topo_complex,0.997782,True
22581_406c16c4,topo_moderate,1,21153_a2fb81fe,topo_connected,0.999986,False
22581_406c16c4,topo_moderate,2,23467_9f431540,topo_moderate,0.999978,True
22581_406c16c4,topo_moderate,3,21700_28d193ac,topo_complex,0.999977,False
22581_406c16c4,topo_moderate,4,22417_4a15d62e,topo_connected,0.999957,False
22581_406c16c4,topo_moderate,5,20163_3742f394,topo_connected,0.999955,False
22581_406c16c4,topo_moderate,6,20278_d442e77d,topo_complex,0.999955,False
22581_406c16c4,topo_moderate,7,23130_7417d5b3,topo_complex,0.999954,False
22581_406c16c4,topo_moderate,8,21352_c1101acb,topo_moderate,0.999954,True
22581_406c16c4,topo_moderate,9,21545_4384f96e,topo_moderate,0.999951,True
22581_406c16c4,topo_moderate,10,22199_8ec9eeb2,topo_complex,0.999951,False
21781_5985da6d,topo_isolated,1,22374_aa5bb54d,topo_isolated,1.0,True
21781_5985da6d,topo_isolated,2,23215_08a54de0,topo_moderate,1.0,False
21781_5985da6d,topo_isolated,3,21015_10304cb9,topo_isolated,1.0,True
21781_5985da6d,topo_isolated,4,22843_cb38a007,topo_moderate,1.0,False
21781_5985da6d,topo_isolated,5,20341_6a1588fb,topo_minimal,1.0,False
21781_5985da6d,topo_isolated,6,22058_71feafda,topo_isolated,1.0,True
21781_5985da6d,topo_isolated,7,20467_f1fcc009,topo_isolated,1.0,True
21781_5985da6d,topo_isolated,8,20807_88c198d5,topo_isolated,1.0,True
21781_5985da6d,topo_isolated,9,22227_aca28ff2,topo_moderate,0.999999,False
21781_5985da6d,topo_isolated,10,21665_2e14b6ff,topo_isolated,0.999999,True
21267_35a558cc,topo_isolated,1,20376_eefa9511,topo_isolated,1.0,True
21267_35a558cc,topo_isolated,2,20231_f54462bb,topo_isolated,1.0,True
21267_35a558cc,topo_isolated,3,20479_77930584,topo_isolated,1.0,True
21267_35a558cc,topo_isolated,4,20466_4b3e5186,topo_minimal,1.0,False
21267_35a558cc,topo_isolated,5,23442_28996649,topo_isolated,1.0,True
21267_35a558cc,topo_isolated,6,20672_0bc07cce,topo_minimal,1.0,False
21267_35a558cc,topo_isolated,7,20426_79358492,topo_isolated,1.0,True
21267_35a558cc,topo_isolated,8,20705_ac2a0325,topo_isolated,1.0,True
21267_35a558cc,topo_isolated,9,20188_98b86c0f,topo_moderate,1.0,False
21267_35a558cc,topo_isolated,10,21243_3ec5d732,topo_minimal,1.0,False
21849_a5f563a6,topo_complex,1,22070_fd1b8e5e,topo_connected,0.999996,False
21849_a5f563a6,topo_complex,2,22360_42cd6a21,topo_moderate,0.999991,False
21849_a5f563a6,topo_complex,3,23233_ac09e2e5,topo_complex,0.999988,True
21849_a5f563a6,topo_complex,4,21845_dff8b3a1,topo_complex,0.999985,True
21849_a5f563a6,topo_complex,5,21352_c1101acb,topo_moderate,0.999962,False
21849_a5f563a6,topo_complex,6,22028_776fbf0d,topo_complex,0.999955,True
21849_a5f563a6,topo_complex,7,23130_7417d5b3,topo_complex,0.999952,True
21849_a5f563a6,topo_complex,8,21121_1e9e7540,topo_complex,0.99995,True
21849_a5f563a6,topo_complex,9,21709_4dd88551,topo_connected,0.999948,False
21849_a5f563a6,topo_complex,10,21838_5bc448b4,topo_moderate,0.999943,False
20722_90d46353,topo_minimal,1,20176_a02bde39,topo_complex,0.999985,False
20722_90d46353,topo_minimal,2,21281_6e562106,topo_moderate,0.999977,False
20722_90d46353,topo_minimal,3,21503_34f299ca,topo_connected,0.999917,False
20722_90d46353,topo_minimal,4,20688_955aae0c,topo_connected,0.999914,False
20722_90d46353,topo_minimal,5,22372_e91792a1,topo_connected,0.999912,False
20722_90d46353,topo_minimal,6,23413_6702ec7f,topo_minimal,0.999911,True
20722_90d46353,topo_minimal,7,20440_27177360,topo_complex,0.999911,False
20722_90d46353,topo_minimal,8,23213_3df3cb34,topo_complex,0.99991,False
20722_90d46353,topo_minimal,9,20387_0d507234,topo_isolated,0.99991,False
20722_90d46353,topo_minimal,10,22126_e1cca10f,topo_connected,0.999908,False
23213_3df3cb34,topo_complex,1,23413_6702ec7f,topo_minimal,0.999998,False
23213_3df3cb34,topo_complex,2,23174_8ef93daf,topo_isolated,0.999997,False
23213_3df3cb34,topo_complex,3,21549_18160a0a,topo_moderate,0.999997,False
23213_3df3cb34,topo_complex,4,21794_4d137e7d,topo_isolated,0.999997,False
23213_3df3cb34,topo_complex,5,21503_34f299ca,topo_connected,0.999996,False
23213_3df3cb34,topo_complex,6,20440_27177360,topo_complex,0.99999,True
23213_3df3cb34,topo_complex,7,20688_955aae0c,topo_connected,0.999989,False
23213_3df3cb34,topo_complex,8,23028_2ca87745,topo_connected,0.999986,False
23213_3df3cb34,topo_complex,9,23331_192866b6,topo_connected,0.999984,False
23213_3df3cb34,topo_complex,10,21008_a3fec63b,topo_connected,0.999984,False
22073_951645ae,topo_connected,1,23194_b675acc0,topo_connected,0.999999,True
22073_951645ae,topo_connected,2,23211_3aac9c7e,topo_connected,0.999998,True
22073_951645ae,topo_connected,3,22825_f4c18d65,topo_moderate,0.999997,False
22073_951645ae,topo_connected,4,23435_e1c96b4d,topo_moderate,0.999994,False
22073_951645ae,topo_connected,5,21353_4686c90c,topo_minimal,0.999994,False
22073_951645ae,topo_connected,6,21326_ab4d6c43,topo_moderate,0.999991,False
22073_951645ae,topo_connected,7,23209_1592b0a4,topo_moderate,0.99999,False
22073_951645ae,topo_connected,8,22064_e1ba20dd,topo_moderate,0.99999,False
22073_951645ae,topo_connected,9,20232_e5b060d9,topo_connected,0.999988,True
22073_951645ae,topo_connected,10,22224_1e749c32,topo_moderate,0.999987,False
22341_0f9c52ed,topo_connected,1,22461_0ba0e480,topo_connected,0.999988,True
22341_0f9c52ed,topo_connected,2,23036_7f9d143f,topo_connected,0.999988,True
22341_0f9c52ed,topo_connected,3,21513_50fb4d62,topo_connected,0.999978,True
22341_0f9c52ed,topo_connected,4,20925_dc64a33a,topo_moderate,0.999975,False
22341_0f9c52ed,topo_connected,5,22002_315afcfc,topo_complex,0.999975,False
22341_0f9c52ed,topo_connected,6,23501_6c48b3c1,topo_complex,0.999975,False
22341_0f9c52ed,topo_connected,7,21989_a0b5037d,topo_connected,0.999973,True
22341_0f9c52ed,topo_connected,8,21009_907a2a95,topo_complex,0.99997,False
22341_0f9c52ed,topo_connected,9,22059_b7d76712,topo_connected,0.999969,True
22341_0f9c52ed,topo_connected,10,20322_daa5c577,topo_moderate,0.999963,False
22075_12b129d5,topo_isolated,1,21806_616e985a,topo_isolated,1.0,True
22075_12b129d5,topo_isolated,2,20934_fe7fbd78,topo_isolated,1.0,True
22075_12b129d5,topo_isolated,3,20814_5a2be0fb,topo_minimal,1.0,False
22075_12b129d5,topo_isolated,4,21630_316322ff,topo_isolated,1.0,True
22075_12b129d5,topo_isolated,5,22133_465d7a91,topo_isolated,1.0,True
22075_12b129d5,topo_isolated,6,21062_c4ed6d45,topo_minimal,1.0,False
22075_12b129d5,topo_isolated,7,22508_6bb410af,topo_minimal,1.0,False
22075_12b129d5,topo_isolated,8,20838_86c931be,topo_minimal,1.0,False
22075_12b129d5,topo_isolated,9,20193_2da4f0a0,topo_minimal,1.0,False
22075_12b129d5,topo_isolated,10,22844_9b75b8e0,topo_moderate,1.0,False
22762_dcbdd14d,topo_minimal,1,22983_0ab3faaf,topo_minimal,1.0,True
22762_dcbdd14d,topo_minimal,2,21563_c72d37a2,topo_moderate,0.999998,False
22762_dcbdd14d,topo_minimal,3,20989_d1b8b0f8,topo_complex,0.999996,False
22762_dcbdd14d,topo_minimal,4,22259_613f9d44,topo_moderate,0.999993,False
22762_dcbdd14d,topo_minimal,5,23214_0c411aa1,topo_connected,0.999992,False
22762_dcbdd14d,topo_minimal,6,22155_ab18f2b6,topo_isolated,0.999991,False
22762_dcbdd14d,topo_minimal,7,21817_945cd3c9,topo_connected,0.99999,False
22762_dcbdd14d,topo_minimal,8,22886_a6331748,topo_minimal,0.99999,True
22762_dcbdd14d,topo_minimal,9,20322_5a8c6077,topo_moderate,0.999989,False
22762_dcbdd14d,topo_minimal,10,23434_6635ed57,topo_connected,0.999989,False
21722_68aeba65,topo_complex,1,22298_51433023,topo_connected,0.999936,False
21722_68aeba65,topo_complex,2,21557_53eafe15,topo_complex,0.999922,True
21722_68aeba65,topo_complex,3,22306_c3dca308,topo_complex,0.999843,True
21722_68aeba65,topo_complex,4,19051_26735260,topo_connected,0.999819,False
21722_68aeba65,topo_complex,5,21797_69df08d5,topo_complex,0.999782,True
21722_68aeba65,topo_complex,6,22764_b884dce6,topo_moderate,0.99976,False
21722_68aeba65,topo_complex,7,22278_12f1fb79,topo_minimal,0.999639,False
21722_68aeba65,topo_complex,8,22211_b1ee53f0,topo_connected,0.999623,False
21722_68aeba65,topo_complex,9,22331_152ee5c0,topo_moderate,0.999595,False
21722_68aeba65,topo_complex,10,21329_1bfecd1d,topo_connected,0.999503,False
22133_465d7a91,topo_isolated,1,21062_c4ed6d45,topo_minimal,1.0,False
22133_465d7a91,topo_isolated,2,22075_12b129d5,topo_isolated,1.0,True
22133_465d7a91,topo_isolated,3,21630_316322ff,topo_isolated,1.0,True
22133_465d7a91,topo_isolated,4,21806_616e985a,topo_isolated,1.0,True
22133_465d7a91,topo_isolated,5,20814_5a2be0fb,topo_minimal,1.0,False
22133_465d7a91,topo_isolated,6,20934_fe7fbd78,topo_isolated,1.0,True
22133_465d7a91,topo_isolated,7,20671_33532794,topo_minimal,1.0,False
22133_465d7a91,topo_isolated,8,20193_2da4f0a0,topo_minimal,1.0,False
22133_465d7a91,topo_isolated,9,22844_9b75b8e0,topo_moderate,1.0,False
22133_465d7a91,topo_isolated,10,20838_86c931be,topo_minimal,0.999999,False
21592_c5e77a82,topo_connected,1,22080_594bcb66,topo_minimal,0.995547,False
21592_c5e77a82,topo_connected,2,23305_2662b29a,topo_minimal,0.989081,False
21592_c5e77a82,topo_connected,3,22852_dc1dbed6,topo_moderate,0.982543,False
21592_c5e77a82,topo_connected,4,21423_196855d1,topo_minimal,0.973133,False
21592_c5e77a82,topo_connected,5,21856_f84d9348,topo_moderate,0.965075,False
21592_c5e77a82,topo_connected,6,21426_51651a10,topo_isolated,0.940911,False
21592_c5e77a82,topo_connected,7,21165_5cb2d287,topo_isolated,0.919607,False
21592_c5e77a82,topo_connected,8,22017_6d3be48d,topo_complex,0.917049,False
21592_c5e77a82,topo_connected,9,21496_f4025ad5,topo_isolated,0.911632,False
21592_c5e77a82,topo_connected,10,21453_679a343c,topo_isolated,0.909039,False
21511_d07c59c2,topo_connected,1,21843_effbd24d,topo_connected,0.999997,True
21511_d07c59c2,topo_connected,2,22652_dc7405ef,topo_connected,0.999989,True
21511_d07c59c2,topo_connected,3,19596_fb9531a5,topo_complex,0.999988,False
21511_d07c59c2,topo_connected,4,23155_d7305c5f,topo_complex,0.999982,False
21511_d07c59c2,topo_connected,5,22893_eb8aa8ac,topo_minimal,0.99998,False
21511_d07c59c2,topo_connected,6,23493_57512264,topo_complex,0.999954,False
21511_d07c59c2,topo_connected,7,19810_f77c5501,topo_complex,0.999946,False
21511_d07c59c2,topo_connected,8,22980_3cb3bcc8,topo_complex,0.999935,False
21511_d07c59c2,topo_connected,9,21838_5bc448b4,topo_moderate,0.999926,False
21511_d07c59c2,topo_connected,10,23502_5a80f907,topo_isolated,0.999924,False
21994_357aac6f,topo_connected,1,22214_b098105d,topo_minimal,0.999999,False
21994_357aac6f,topo_connected,2,23210_f535bfd2,topo_moderate,0.999999,False
21994_357aac6f,topo_connected,3,23219_40625e2c,topo_moderate,0.999999,False
21994_357aac6f,topo_connected,4,23342_7193a931,topo_moderate,0.999999,False
21994_357aac6f,topo_connected,5,23369_447545f6,topo_moderate,0.999998,False
21994_357aac6f,topo_connected,6,23209_1592b0a4,topo_moderate,0.999998,False
21994_357aac6f,topo_connected,7,23158_c7e753c2,topo_moderate,0.999998,False
21994_357aac6f,topo_connected,8,23236_d5867507,topo_connected,0.999998,True
21994_357aac6f,topo_connected,9,23387_c4aa9424,topo_minimal,0.999996,False
21994_357aac6f,topo_connected,10,20940_9777847c,topo_connected,0.999996,True
20671_33532794,topo_minimal,1,22844_9b75b8e0,topo_moderate,1.0,False
20671_33532794,topo_minimal,2,20193_2da4f0a0,topo_minimal,1.0,True
20671_33532794,topo_minimal,3,21062_c4ed6d45,topo_minimal,1.0,True
20671_33532794,topo_minimal,4,21630_316322ff,topo_isolated,1.0,False
20671_33532794,topo_minimal,5,20814_5a2be0fb,topo_minimal,1.0,True
20671_33532794,topo_minimal,6,20934_fe7fbd78,topo_isolated,1.0,False
20671_33532794,topo_minimal,7,21806_616e985a,topo_isolated,1.0,False
20671_33532794,topo_minimal,8,22075_12b129d5,topo_isolated,1.0,False
20671_33532794,topo_minimal,9,22133_465d7a91,topo_isolated,1.0,False
20671_33532794,topo_minimal,10,20838_86c931be,topo_minimal,1.0,True
20697_d3e106b4,topo_complex,1,20421_0fd51709,topo_connected,0.999994,False
20697_d3e106b4,topo_complex,2,22528_f3370a64,topo_isolated,0.999987,False
20697_d3e106b4,topo_complex,3,23329_6939d5d9,topo_complex,0.999976,True
20697_d3e106b4,topo_complex,4,23168_7fdf5427,topo_complex,0.999953,True
20697_d3e106b4,topo_complex,5,22491_a33562ad,topo_complex,0.999952,True
20697_d3e106b4,topo_complex,6,23419_ea47995f,topo_complex,0.999949,True
20697_d3e106b4,topo_complex,7,23002_4d53fb3f,topo_moderate,0.999909,False
20697_d3e106b4,topo_complex,8,21708_e61bd657,topo_moderate,0.999908,False
20697_d3e106b4,topo_complex,9,21918_976c2754,topo_complex,0.999903,True
20697_d3e106b4,topo_complex,10,21174_861bd902,topo_moderate,0.999891,False
20241_ccb70dc8,topo_isolated,1,20241_8c0d3f83,topo_isolated,1.0,True
20241_ccb70dc8,topo_isolated,2,22839_113f2990,topo_minimal,1.0,False
20241_ccb70dc8,topo_isolated,3,20332_0c2a24aa,topo_minimal,1.0,False
20241_ccb70dc8,topo_isolated,4,21139_cd619b26,topo_minimal,1.0,False
20241_ccb70dc8,topo_isolated,5,23199_75dc1efd,topo_minimal,1.0,False
20241_ccb70dc8,topo_isolated,6,21119_4f5c95a6,topo_minimal,1.0,False
20241_ccb70dc8,topo_isolated,7,20429_4c909f3f,topo_isolated,1.0,True
20241_ccb70dc8,topo_isolated,8,20804_0dcacc66,topo_minimal,1.0,False
20241_ccb70dc8,topo_isolated,9,22261_6efe61e3,topo_minimal,1.0,False
20241_ccb70dc8,topo_isolated,10,20392_8b23d193,topo_minimal,1.0,False
21557_53eafe15,topo_complex,1,21722_68aeba65,topo_complex,0.999922,True
21557_53eafe15,topo_complex,2,22764_b884dce6,topo_moderate,0.999835,False
21557_53eafe15,topo_complex,3,22278_12f1fb79,topo_minimal,0.999829,False
21557_53eafe15,topo_complex,4,21797_69df08d5,topo_complex,0.999775,True
21557_53eafe15,topo_complex,5,22298_51433023,topo_connected,0.999767,False
21557_53eafe15,topo_complex,6,22331_152ee5c0,topo_moderate,0.999744,False
21557_53eafe15,topo_complex,7,21329_1bfecd1d,topo_connected,0.999725,False
21557_53eafe15,topo_complex,8,23154_7c74d190,topo_connected,0.999708,False
21557_53eafe15,topo_complex,9,20636_ca9eb29a,topo_connected,0.999643,False
21557_53eafe15,topo_complex,10,22787_49022c32,topo_complex,0.999601,True
7778_3a9748b3,topo_complex,1,22357_e2f7b060,topo_complex,0.99959,True
7778_3a9748b3,topo_complex,2,21991_ab98f156,topo_complex,0.999481,True
7778_3a9748b3,topo_complex,3,21762_90d34d16,topo_moderate,0.999326,False
7778_3a9748b3,topo_complex,4,20636_ca9eb29a,topo_connected,0.999263,False
7778_3a9748b3,topo_complex,5,23053_139f2009,topo_complex,0.999123,True
7778_3a9748b3,topo_complex,6,23204_ff1672a9,topo_complex,0.999122,True
7778_3a9748b3,topo_complex,7,23048_8a1a5553,topo_complex,0.999045,True
7778_3a9748b3,topo_complex,8,22787_49022c32,topo_complex,0.999025,True
7778_3a9748b3,topo_complex,9,21739_57582b8f,topo_connected,0.998863,False
7778_3a9748b3,topo_complex,10,21329_1bfecd1d,topo_connected,0.998716,False
20488_589ac9c0,topo_minimal,1,21357_9edfc0a0,topo_isolated,0.999998,False
20488_589ac9c0,topo_minimal,2,23215_08a54de0,topo_moderate,0.999998,False
20488_589ac9c0,topo_minimal,3,21781_5985da6d,topo_isolated,0.999997,False
20488_589ac9c0,topo_minimal,4,20341_6a1588fb,topo_minimal,0.999997,True
20488_589ac9c0,topo_minimal,5,22374_aa5bb54d,topo_isolated,0.999997,False
20488_589ac9c0,topo_minimal,6,21015_10304cb9,topo_isolated,0.999997,False
20488_589ac9c0,topo_minimal,7,22058_71feafda,topo_isolated,0.999997,False
20488_589ac9c0,topo_minimal,8,22843_cb38a007,topo_moderate,0.999997,False
20488_589ac9c0,topo_minimal,9,20467_f1fcc009,topo_isolated,0.999996,False
20488_589ac9c0,topo_minimal,10,20802_802b7d69,topo_isolated,0.999996,False
23374_57cca189,topo_connected,1,20511_e1b972aa,topo_moderate,0.999999,False
23374_57cca189,topo_connected,2,23372_4cb88567,topo_isolated,0.999999,False
23374_57cca189,topo_connected,3,21912_3f74887c,topo_connected,0.999997,True
23374_57cca189,topo_connected,4,21528_a5d5490f,topo_connected,0.999997,True
23374_57cca189,topo_connected,5,22092_897b0ffa,topo_moderate,0.999997,False
23374_57cca189,topo_connected,6,22577_cd96733e,topo_moderate,0.999997,False
23374_57cca189,topo_connected,7,22729_232da678,topo_connected,0.999996,True
23374_57cca189,topo_connected,8,22066_308cdcfe,topo_connected,0.999996,True
23374_57cca189,topo_connected,9,20229_d1ae2ae3,topo_connected,0.999995,True
23374_57cca189,topo_connected,10,21467_67965037,topo_complex,0.999995,False
22129_48b47c52,topo_minimal,1,22147_12995368,topo_moderate,1.0,False
22129_48b47c52,topo_minimal,2,21665_2e14b6ff,topo_isolated,0.999999,False
22129_48b47c52,topo_minimal,3,22508_6bb410af,topo_minimal,0.999999,True
22129_48b47c52,topo_minimal,4,22283_36ba29c9,topo_minimal,0.999999,True
22129_48b47c52,topo_minimal,5,20989_a261efa3,topo_isolated,0.999999,False
22129_48b47c52,topo_minimal,6,20807_88c198d5,topo_isolated,0.999999,False
22129_48b47c52,topo_minimal,7,21806_616e985a,topo_isolated,0.999999,False
22129_48b47c52,topo_minimal,8,22026_62afa265,topo_minimal,0.999999,True
22129_48b47c52,topo_minimal,9,22075_12b129d5,topo_isolated,0.999999,False
22129_48b47c52,topo_minimal,10,20934_fe7fbd78,topo_isolated,0.999999,False
20176_a02bde39,topo_complex,1,20722_90d46353,topo_minimal,0.999985,False
20176_a02bde39,topo_complex,2,21281_6e562106,topo_moderate,0.999959,False
20176_a02bde39,topo_complex,3,23028_2ca87745,topo_connected,0.999937,False
20176_a02bde39,topo_complex,4,22776_facf9bcf,topo_complex,0.999937,True
20176_a02bde39,topo_complex,5,23473_1dfa6e40,topo_complex,0.999935,True
20176_a02bde39,topo_complex,6,22126_e1cca10f,topo_connected,0.999933,False
20176_a02bde39,topo_complex,7,22778_7d85debd,topo_complex,0.999932,True
20176_a02bde39,topo_complex,8,23413_6702ec7f,topo_minimal,0.999932,False
20176_a02bde39,topo_complex,9,21503_34f299ca,topo_connected,0.999931,False
20176_a02bde39,topo_complex,10,22040_6461a147,topo_connected,0.99993,False
19596_fb9531a5,topo_complex,1,22652_dc7405ef,topo_connected,0.999994,False
19596_fb9531a5,topo_complex,2,21511_d07c59c2,topo_connected,0.999988,False
19596_fb9531a5,topo_complex,3,21843_effbd24d,topo_connected,0.999983,False
19596_fb9531a5,topo_complex,4,23155_d7305c5f,topo_complex,0.999979,True
19596_fb9531a5,topo_complex,5,19810_f77c5501,topo_complex,0.999963,True
19596_fb9531a5,topo_complex,6,22893_eb8aa8ac,topo_minimal,0.999958,False
19596_fb9531a5,topo_complex,7,22980_3cb3bcc8,topo_complex,0.999958,True
19596_fb9531a5,topo_complex,8,23493_57512264,topo_complex,0.999945,True
19596_fb9531a5,topo_complex,9,21601_360ce1c7,topo_connected,0.999944,False
19596_fb9531a5,topo_complex,10,22534_e899f645,topo_complex,0.999919,True
20438_5f344b00,topo_isolated,1,20989_885bd9b9,topo_minimal,1.0,False
20438_5f344b00,topo_isolated,2,22304_33009be6,topo_isolated,1.0,True
20438_5f344b00,topo_isolated,3,20731_fbdc7731,topo_moderate,1.0,False
20438_5f344b00,topo_isolated,4,22140_9cda24cc,topo_minimal,1.0,False
20438_5f344b00,topo_isolated,5,22241_535ad84b,topo_isolated,1.0,True
20438_5f344b00,topo_isolated,6,20216_89b90993,topo_minimal,1.0,False
20438_5f344b00,topo_isolated,7,21564_fa5b2db7,topo_isolated,0.999999,True
20438_5f344b00,topo_isolated,8,22047_5a090f16,topo_isolated,0.999999,True
20438_5f344b00,topo_isolated,9,22843_ff77027f,topo_moderate,0.999999,False
20438_5f344b00,topo_isolated,10,23311_ad36a9ec,topo_minimal,0.999999,False
23419_ea47995f,topo_complex,1,23168_7fdf5427,topo_complex,0.99999,True
23419_ea47995f,topo_complex,2,21918_976c2754,topo_complex,0.99998,True
23419_ea47995f,topo_complex,3,23329_6939d5d9,topo_complex,0.999962,True
23419_ea47995f,topo_complex,4,22491_a33562ad,topo_complex,0.99996,True
23419_ea47995f,topo_complex,5,20421_0fd51709,topo_connected,0.999957,False
23419_ea47995f,topo_complex,6,20643_71ad3d26,topo_minimal,0.999955,False
23419_ea47995f,topo_complex,7,21697_06656699,topo_connected,0.999952,False
23419_ea47995f,topo_complex,8,20697_d3e106b4,topo_complex,0.999949,True
23419_ea47995f,topo_complex,9,23083_fdb942ac,topo_connected,0.999944,False
23419_ea47995f,topo_complex,10,22417_4a15d62e,topo_connected,0.999924,False
22035_101c7ab4,topo_connected,1,22011_0832eefe,topo_connected,0.999986,True
22035_101c7ab4,topo_connected,2,20237_06b27bf5,topo_moderate,0.999984,False
22035_101c7ab4,topo_connected,3,23468_a0bfb573,topo_complex,0.999976,False
22035_101c7ab4,topo_connected,4,21092_32622a83,topo_connected,0.999973,True
22035_101c7ab4,topo_connected,5,22399_97987ada,topo_isolated,0.99997,False
22035_101c7ab4,topo_connected,6,21539_cfe1f7fd,topo_connected,0.999968,True
22035_101c7ab4,topo_connected,7,23045_a8c4e4bc,topo_complex,0.999962,False
22035_101c7ab4,topo_connected,8,21621_711e1918,topo_complex,0.99995,False
22035_101c7ab4,topo_connected,9,20502_58b65de9,topo_connected,0.999931,True
22035_101c7ab4,topo_connected,10,21490_d07ff9f8,topo_complex,0.999924,False
20989_a261efa3,topo_isolated,1,20807_88c198d5,topo_isolated,1.0,True
20989_a261efa3,topo_isolated,2,21665_2e14b6ff,topo_isolated,1.0,True
20989_a261efa3,topo_isolated,3,22283_36ba29c9,topo_minimal,1.0,False
20989_a261efa3,topo_isolated,4,22374_aa5bb54d,topo_isolated,1.0,True
20989_a261efa3,topo_isolated,5,21015_10304cb9,topo_isolated,0.999999,True
20989_a261efa3,topo_isolated,6,21781_5985da6d,topo_isolated,0.999999,True
20989_a261efa3,topo_isolated,7,22129_48b47c52,topo_minimal,0.999999,False
20989_a261efa3,topo_isolated,8,22508_6bb410af,topo_minimal,0.999999,False
20989_a261efa3,topo_isolated,9,22843_cb38a007,topo_moderate,0.999999,False
20989_a261efa3,topo_isolated,10,20341_6a1588fb,topo_minimal,0.999999,False
23127_38d73061,topo_complex,1,21271_ec7f62b8,topo_connected,0.999999,False
23127_38d73061,topo_complex,2,23320_e0711ae9,topo_connected,0.999997,False
23127_38d73061,topo_complex,3,22561_067b78ae,topo_moderate,0.999996,False
23127_38d73061,topo_complex,4,22710_77324fc2,topo_moderate,0.999996,False
23127_38d73061,topo_complex,5,22312_3f366a4a,topo_connected,0.999994,False
23127_38d73061,topo_complex,6,23170_6ea8ded5,topo_moderate,0.999993,False
23127_38d73061,topo_complex,7,23008_3d1bb7b2,topo_minimal,0.999991,False
23127_38d73061,topo_complex,8,20585_09b72895,topo_moderate,0.999991,False
23127_38d73061,topo_complex,9,21566_ff590631,topo_moderate,0.999989,False
23127_38d73061,topo_complex,10,23037_d0df320c,topo_minimal,0.999989,False
23354_8182b4eb,topo_isolated,1,22078_1758e9fc,topo_moderate,0.999993,False
23354_8182b4eb,topo_isolated,2,20849_9821b6fe,topo_isolated,0.999987,True
23354_8182b4eb,topo_isolated,3,22345_bc482c26,topo_isolated,0.999987,True
23354_8182b4eb,topo_isolated,4,21600_0027c6fc,topo_moderate,0.999985,False
23354_8182b4eb,topo_isolated,5,20421_83f66ddc,topo_minimal,0.999984,False
23354_8182b4eb,topo_isolated,6,21048_75cc125c,topo_complex,0.999983,False
23354_8182b4eb,topo_isolated,7,22072_5163223a,topo_moderate,0.999983,False
23354_8182b4eb,topo_isolated,8,21275_c8049742,topo_minimal,0.99998,False
23354_8182b4eb,topo_isolated,9,21599_80057f94,topo_connected,0.99998,False
23354_8182b4eb,topo_isolated,10,21377_19909a40,topo_isolated,0.99998,True
21685_93737a7a,topo_complex,1,22428_c1ffa51a,topo_minimal,0.997202,False
21685_93737a7a,topo_complex,2,21924_bbd9f7a9,topo_connected,0.997157,False
21685_93737a7a,topo_complex,3,23195_2629864e,topo_connected,0.996951,False
21685_93737a7a,topo_complex,4,23144_88ca00a5,topo_connected,0.996928,False
21685_93737a7a,topo_complex,5,20245_f1b25d43,topo_complex,0.996913,True
21685_93737a7a,topo_complex,6,22492_047b125b,topo_connected,0.996811,False
21685_93737a7a,topo_complex,7,23235_f9ccb8b0,topo_connected,0.996734,False
21685_93737a7a,topo_complex,8,23271_f833d903,topo_connected,0.996677,False
21685_93737a7a,topo_complex,9,21492_8bd34fc1,topo_complex,0.996476,True
21685_93737a7a,topo_complex,10,22413_901f5867,topo_complex,0.996341,True
21989_a0b5037d,topo_connected,1,20925_dc64a33a,topo_moderate,0.999996,False
21989_a0b5037d,topo_connected,2,20387_0d507234,topo_isolated,0.999992,False
21989_a0b5037d,topo_connected,3,22059_b7d76712,topo_connected,0.999991,True
21989_a0b5037d,topo_connected,4,23501_6c48b3c1,topo_complex,0.999989,False
21989_a0b5037d,topo_connected,5,21513_50fb4d62,topo_connected,0.999988,True
21989_a0b5037d,topo_connected,6,23036_7f9d143f,topo_connected,0.999988,True
21989_a0b5037d,topo_connected,7,23008_3d1bb7b2,topo_minimal,0.999987,False
21989_a0b5037d,topo_connected,8,23037_d0df320c,topo_minimal,0.999985,False
21989_a0b5037d,topo_connected,9,22461_0ba0e480,topo_connected,0.999985,True
21989_a0b5037d,topo_connected,10,22784_bcace961,topo_isolated,0.999983,False
22027_11a2e852,topo_complex,1,23377_690165aa,topo_connected,0.999982,False
22027_11a2e852,topo_complex,2,21300_ec7da33e,topo_connected,0.999935,False
22027_11a2e852,topo_complex,3,21134_7aa7cd89,topo_complex,0.99992,True
22027_11a2e852,topo_complex,4,23251_3eb3d2e6,topo_minimal,0.999833,False
22027_11a2e852,topo_complex,5,21839_a8eb6d34,topo_isolated,0.999772,False
22027_11a2e852,topo_complex,6,19566_19d85d3b,topo_complex,0.999758,True
22027_11a2e852,topo_complex,7,21977_ce9f4e71,topo_moderate,0.999739,False
22027_11a2e852,topo_complex,8,21809_8bd6b10e,topo_complex,0.999698,True
22027_11a2e852,topo_complex,9,22211_b1ee53f0,topo_connected,0.999677,False
22027_11a2e852,topo_complex,10,20959_d4905d19,topo_complex,0.999642,True
21184_971559b6,topo_connected,1,22378_234fea2c,topo_moderate,1.0,False
21184_971559b6,topo_connected,2,20406_dacb0300,topo_moderate,0.999999,False
21184_971559b6,topo_connected,3,21611_1d3ff1b6,topo_isolated,0.999999,False
21184_971559b6,topo_connected,4,20958_94222947,topo_minimal,0.999999,False
21184_971559b6,topo_connected,5,23321_c9497b79,topo_moderate,0.999998,False
21184_971559b6,topo_connected,6,21848_0fff9631,topo_isolated,0.999997,False
21184_971559b6,topo_connected,7,23408_e5fd25ba,topo_moderate,0.999997,False
21184_971559b6,topo_connected,8,23440_5956321f,topo_isolated,0.999996,False
21184_971559b6,topo_connected,9,21617_ddd3657b,topo_isolated,0.999995,False
21184_971559b6,topo_connected,10,21613_d57e983a,topo_isolated,0.999995,False
20547_ec8cfd0d,topo_isolated,1,21519_3e869afd,topo_moderate,0.619364,False
20547_ec8cfd0d,topo_isolated,2,22404_66db7dd7,topo_connected,0.543434,False
20547_ec8cfd0d,topo_isolated,3,20544_43691724,topo_complex,0.515527,False
20547_ec8cfd0d,topo_isolated,4,21859_35124f79,topo_complex,0.469748,False
20547_ec8cfd0d,topo_isolated,5,23376_9b48819a,topo_minimal,0.468431,False
20547_ec8cfd0d,topo_isolated,6,22415_658c81dd,topo_complex,0.442229,False
20547_ec8cfd0d,topo_isolated,7,22125_e3a4cad4,topo_complex,0.44192,False
20547_ec8cfd0d,topo_isolated,8,21352_d60bc953,topo_minimal,0.441239,False
20547_ec8cfd0d,topo_isolated,9,21926_b4c7068b,topo_complex,0.44057,False
20547_ec8cfd0d,topo_isolated,10,20870_dedaef5b,topo_complex,0.408486,False
20479_77930584,topo_isolated,1,20231_f54462bb,topo_isolated,1.0,True
20479_77930584,topo_isolated,2,21267_35a558cc,topo_isolated,1.0,True
20479_77930584,topo_isolated,3,20376_eefa9511,topo_isolated,1.0,True
20479_77930584,topo_isolated,4,20466_4b3e5186,topo_minimal,1.0,False
20479_77930584,topo_isolated,5,23442_28996649,topo_isolated,1.0,True
20479_77930584,topo_isolated,6,20672_0bc07cce,topo_minimal,1.0,False
20479_77930584,topo_isolated,7,20426_79358492,topo_isolated,1.0,True
20479_77930584,topo_isolated,8,20705_ac2a0325,topo_isolated,1.0,True
20479_77930584,topo_isolated,9,20188_98b86c0f,topo_moderate,1.0,False
20479_77930584,topo_isolated,10,21243_3ec5d732,topo_minimal,1.0,False
22589_2c8f7c0b,topo_minimal,1,22981_93f268ae,topo_minimal,1.0,True
22589_2c8f7c0b,topo_minimal,2,20646_4cd14a72,topo_moderate,0.999999,False
22589_2c8f7c0b,topo_minimal,3,21051_5d118b91,topo_minimal,0.999999,True
22589_2c8f7c0b,topo_minimal,4,23096_7da0f913,topo_moderate,0.999999,False
22589_2c8f7c0b,topo_minimal,5,21391_78fc6345,topo_moderate,0.999999,False
22589_2c8f7c0b,topo_minimal,6,23341_d5ead6d2,topo_moderate,0.999999,False
22589_2c8f7c0b,topo_minimal,7,21588_0c48dc5f,topo_moderate,0.999998,False
22589_2c8f7c0b,topo_minimal,8,20647_cea2e07c,topo_moderate,0.999998,False
22589_2c8f7c0b,topo_minimal,9,23244_34b5f55e,topo_connected,0.999998,False
22589_2c8f7c0b,topo_minimal,10,20908_10574fbf,topo_minimal,0.999998,True
20741_c337946f,topo_minimal,1,21140_8d150c65,topo_minimal,1.0,True
20741_c337946f,topo_minimal,2,20468_1c33550a,topo_minimal,1.0,True
20741_c337946f,topo_minimal,3,20803_473c87ac,topo_isolated,1.0,False
20741_c337946f,topo_minimal,4,22653_58d6287d,topo_isolated,1.0,False
20741_c337946f,topo_minimal,5,23039_b3d04774,topo_moderate,0.999999,False
20741_c337946f,topo_minimal,6,22135_2aa77ff2,topo_isolated,0.999999,False
20741_c337946f,topo_minimal,7,22014_5880c417,topo_moderate,0.999999,False
20741_c337946f,topo_minimal,8,23184_731e5af0,topo_moderate,0.999999,False
20741_c337946f,topo_minimal,9,21976_807c9b26,topo_minimal,0.999999,True
20741_c337946f,topo_minimal,10,22746_920025a0,topo_moderate,0.999999,False
20237_06b27bf5,topo_moderate,1,23468_a0bfb573,topo_complex,0.999999,False
20237_06b27bf5,topo_moderate,2,22399_97987ada,topo_isolated,0.999997,False
20237_06b27bf5,topo_moderate,3,22035_101c7ab4,topo_connected,0.999984,False
20237_06b27bf5,topo_moderate,4,21539_cfe1f7fd,topo_connected,0.999966,False
20237_06b27bf5,topo_moderate,5,21490_d07ff9f8,topo_complex,0.99996,False
20237_06b27bf5,topo_moderate,6,22576_d05619d1,topo_isolated,0.99996,False
20237_06b27bf5,topo_moderate,7,22011_0832eefe,topo_connected,0.999942,False
20237_06b27bf5,topo_moderate,8,20620_8a5226b4,topo_isolated,0.999937,False
20237_06b27bf5,topo_moderate,9,21836_5bc91e49,topo_moderate,0.999936,True
20237_06b27bf5,topo_moderate,10,21828_21ab2114,topo_isolated,0.999934,False
20431_0088a0dd,topo_moderate,1,20554_abcb705e,topo_moderate,0.999999,True
20431_0088a0dd,topo_moderate,2,21529_93e51dd9,topo_connected,0.999999,False
20431_0088a0dd,topo_moderate,3,23035_6087bb57,topo_connected,0.999998,False
20431_0088a0dd,topo_moderate,4,20520_7e357152,topo_isolated,0.999998,False
20431_0088a0dd,topo_moderate,5,22218_2f85f6ae,topo_connected,0.999998,False
20431_0088a0dd,topo_moderate,6,21202_e452c491,topo_isolated,0.999997,False
20431_0088a0dd,topo_moderate,7,21358_a69a36f3,topo_moderate,0.999997,True
20431_0088a0dd,topo_moderate,8,20817_ef63b1a7,topo_minimal,0.999996,False
20431_0088a0dd,topo_moderate,9,22680_1f4026f6,topo_moderate,0.999993,True
20431_0088a0dd,topo_moderate,10,23434_6635ed57,topo_connected,0.999993,False
22417_4a15d62e,topo_connected,1,21121_1e9e7540,topo_complex,0.999991,False
22417_4a15d62e,topo_connected,2,23467_9f431540,topo_moderate,0.999985,False
22417_4a15d62e,topo_connected,3,21700_28d193ac,topo_complex,0.999981,False
22417_4a15d62e,topo_connected,4,20643_71ad3d26,topo_minimal,0.999977,False
22417_4a15d62e,topo_connected,5,21697_06656699,topo_connected,0.999977,True
22417_4a15d62e,topo_connected,6,21352_c1101acb,topo_moderate,0.999975,False
22417_4a15d62e,topo_connected,7,21153_a2fb81fe,topo_connected,0.999971,True
22417_4a15d62e,topo_connected,8,21709_4dd88551,topo_connected,0.99996,True
22417_4a15d62e,topo_connected,9,22581_406c16c4,topo_moderate,0.999957,False
22417_4a15d62e,topo_connected,10,21918_976c2754,topo_complex,0.999951,False
20672_0bc07cce,topo_minimal,1,20479_77930584,topo_isolated,1.0,False
20672_0bc07cce,topo_minimal,2,20231_f54462bb,topo_isolated,1.0,False
20672_0bc07cce,topo_minimal,3,21267_35a558cc,topo_isolated,1.0,False
20672_0bc07cce,topo_minimal,4,20376_eefa9511,topo_isolated,1.0,False
20672_0bc07cce,topo_minimal,5,20705_ac2a0325,topo_isolated,1.0,False
20672_0bc07cce,topo_minimal,6,20466_4b3e5186,topo_minimal,1.0,True
20672_0bc07cce,topo_minimal,7,20291_42287610,topo_isolated,1.0,False
20672_0bc07cce,topo_minimal,8,23442_28996649,topo_isolated,1.0,False
20672_0bc07cce,topo_minimal,9,21911_429c1a72,topo_isolated,1.0,False
20672_0bc07cce,topo_minimal,10,20426_79358492,topo_isolated,1.0,False
21616_c6c3347a,topo_isolated,1,22349_6f67a96e,topo_minimal,1.0,False
21616_c6c3347a,topo_isolated,2,22668_9c30f6c0,topo_minimal,0.999999,False
21616_c6c3347a,topo_isolated,3,21274_2fb8c3f5,topo_isolated,0.999999,True
21616_c6c3347a,topo_isolated,4,23239_ba13cf5e,topo_moderate,0.999999,False
21616_c6c3347a,topo_isolated,5,22053_de30641b,topo_minimal,0.999999,False
21616_c6c3347a,topo_isolated,6,20801_0796e2ee,topo_isolated,0.999999,True
21616_c6c3347a,topo_isolated,7,21581_8f948e0b,topo_moderate,0.999999,False
21616_c6c3347a,topo_isolated,8,21047_60d69af3,topo_minimal,0.999998,False
21616_c6c3347a,topo_isolated,9,20674_2fb6cabd,topo_isolated,0.999998,True
21616_c6c3347a,topo_isolated,10,22257_6fb4c50c,topo_minimal,0.999998,False
22576_d05619d1,topo_isolated,1,21490_d07ff9f8,topo_complex,0.999976,False
22576_d05619d1,topo_isolated,2,23468_a0bfb573,topo_complex,0.99996,False
22576_d05619d1,topo_isolated,3,22399_97987ada,topo_isolated,0.99996,True
22576_d05619d1,topo_isolated,4,20237_06b27bf5,topo_moderate,0.99996,False
22576_d05619d1,topo_isolated,5,20620_8a5226b4,topo_isolated,0.999951,True
22576_d05619d1,topo_isolated,6,22365_a4eb929c,topo_moderate,0.999948,False
22576_d05619d1,topo_isolated,7,21836_5bc91e49,topo_moderate,0.999947,False
22576_d05619d1,topo_isolated,8,21828_21ab2114,topo_isolated,0.999946,True
22576_d05619d1,topo_isolated,9,23259_d655fcc1,topo_moderate,0.999942,False
22576_d05619d1,topo_isolated,10,22035_101c7ab4,topo_connected,0.999924,False
20946_6573271d,topo_isolated,1,20898_5f5b9bc7,topo_minimal,0.999999,False
20946_6573271d,topo_isolated,2,20429_4c909f3f,topo_isolated,0.999999,True
20946_6573271d,topo_isolated,3,21243_3ec5d732,topo_minimal,0.999999,False
20946_6573271d,topo_isolated,4,20188_98b86c0f,topo_moderate,0.999999,False
20946_6573271d,topo_isolated,5,20332_0c2a24aa,topo_minimal,0.999999,False
20946_6573271d,topo_isolated,6,23442_28996649,topo_isolated,0.999999,True
20946_6573271d,topo_isolated,7,20376_eefa9511,topo_isolated,0.999999,True
20946_6573271d,topo_isolated,8,21267_35a558cc,topo_isolated,0.999999,True
20946_6573271d,topo_isolated,9,20231_f54462bb,topo_isolated,0.999999,True
20946_6573271d,topo_isolated,10,20479_77930584,topo_isolated,0.999999,True
22483_f4e4b62a,topo_complex,1,21244_24c3ce72,topo_complex,0.999646,True
22483_f4e4b62a,topo_complex,2,21582_a3d32115,topo_moderate,0.999636,False
22483_f4e4b62a,topo_complex,3,22079_31335df2,topo_connected,0.999397,False
22483_f4e4b62a,topo_complex,4,21421_fb12b69b,topo_complex,0.999338,True
22483_f4e4b62a,topo_complex,5,21244_d67bbabc,topo_complex,0.999017,True
22483_f4e4b62a,topo_complex,6,20533_0a3e112b,topo_connected,0.997505,False
22483_f4e4b62a,topo_complex,7,21450_ea24ffcc,topo_connected,0.997145,False
22483_f4e4b62a,topo_complex,8,22430_c6f08b03,topo_complex,0.997004,True
22483_f4e4b62a,topo_complex,9,23422_f214bd4d,topo_complex,0.996299,True
22483_f4e4b62a,topo_complex,10,23310_7daded69,topo_complex,0.995547,True
20467_f1fcc009,topo_isolated,1,22227_aca28ff2,topo_moderate,1.0,False
20467_f1fcc009,topo_isolated,2,23439_18900af2,topo_minimal,1.0,False
20467_f1fcc009,topo_isolated,3,22058_71feafda,topo_isolated,1.0,True
20467_f1fcc009,topo_isolated,4,22843_cb38a007,topo_moderate,1.0,False
20467_f1fcc009,topo_isolated,5,22907_ff18dbd5,topo_moderate,1.0,False
20467_f1fcc009,topo_isolated,6,22843_ff77027f,topo_moderate,1.0,False
20467_f1fcc009,topo_isolated,7,23215_08a54de0,topo_moderate,1.0,False
20467_f1fcc009,topo_isolated,8,23311_ad36a9ec,topo_minimal,1.0,False
20467_f1fcc009,topo_isolated,9,21047_60d69af3,topo_minimal,1.0,False
20467_f1fcc009,topo_isolated,10,21781_5985da6d,topo_isolated,1.0,True
20279_aed6b3b3,topo_complex,1,21580_b8b2571b,topo_connected,0.999893,False
20279_aed6b3b3,topo_complex,2,23378_8d6426ae,topo_moderate,0.999632,False
20279_aed6b3b3,topo_complex,3,23053_139f2009,topo_complex,0.999605,True
20279_aed6b3b3,topo_complex,4,23204_ff1672a9,topo_complex,0.999604,True
20279_aed6b3b3,topo_complex,5,23144_88ca00a5,topo_connected,0.999568,False
20279_aed6b3b3,topo_complex,6,23235_f9ccb8b0,topo_connected,0.99935,False
20279_aed6b3b3,topo_complex,7,20818_098cad7c,topo_complex,0.999304,True
20279_aed6b3b3,topo_complex,8,21924_bbd9f7a9,topo_connected,0.999278,False
20279_aed6b3b3,topo_complex,9,23273_8f301ce3,topo_moderate,0.999265,False
20279_aed6b3b3,topo_complex,10,22428_c1ffa51a,topo_minimal,0.99916,False
22058_71feafda,topo_isolated,1,23215_08a54de0,topo_moderate,1.0,False
22058_71feafda,topo_isolated,2,20467_f1fcc009,topo_isolated,1.0,True
22058_71feafda,topo_isolated,3,23439_18900af2,topo_minimal,1.0,False
22058_71feafda,topo_isolated,4,21781_5985da6d,topo_isolated,1.0,True
22058_71feafda,topo_isolated,5,22843_cb38a007,topo_moderate,1.0,False
22058_71feafda,topo_isolated,6,22227_aca28ff2,topo_moderate,1.0,False
22058_71feafda,topo_isolated,7,20341_6a1588fb,topo_minimal,1.0,False
22058_71feafda,topo_isolated,8,20385_f2d30908,topo_minimal,1.0,False
22058_71feafda,topo_isolated,9,22907_ff18dbd5,topo_moderate,1.0,False
22058_71feafda,topo_isolated,10,21581_8f948e0b,topo_moderate,0.999999,False
23413_6702ec7f,topo_minimal,1,23213_3df3cb34,topo_complex,0.999998,False
23413_6702ec7f,topo_minimal,2,21549_18160a0a,topo_moderate,0.999997,False
23413_6702ec7f,topo_minimal,3,20440_27177360,topo_complex,0.999995,False
23413_6702ec7f,topo_minimal,4,21794_4d137e7d,topo_isolated,0.999994,False
23413_6702ec7f,topo_minimal,5,20688_955aae0c,topo_connected,0.999994,False
23413_6702ec7f,topo_minimal,6,23174_8ef93daf,topo_isolated,0.999994,False
23413_6702ec7f,topo_minimal,7,21503_34f299ca,topo_connected,0.999993,False
23413_6702ec7f,topo_minimal,8,23028_2ca87745,topo_connected,0.999992,False
23413_6702ec7f,topo_minimal,9,23331_192866b6,topo_connected,0.999988,False
23413_6702ec7f,topo_minimal,10,22126_e1cca10f,topo_connected,0.999986,False
21093_1bda9bbe,topo_isolated,1,20668_b2f2633e,topo_complex,0.999916,False
21093_1bda9bbe,topo_isolated,2,22787_49022c32,topo_complex,0.999714,False
21093_1bda9bbe,topo_isolated,3,23048_8a1a5553,topo_complex,0.999668,False
21093_1bda9bbe,topo_isolated,4,22193_c8773ded,topo_connected,0.999622,False
21093_1bda9bbe,topo_isolated,5,21739_57582b8f,topo_connected,0.999595,False
21093_1bda9bbe,topo_isolated,6,19051_26735260,topo_connected,0.999585,False
21093_1bda9bbe,topo_isolated,7,20430_975b8dcf,topo_moderate,0.999567,False
21093_1bda9bbe,topo_isolated,8,22764_b884dce6,topo_moderate,0.999563,False
21093_1bda9bbe,topo_isolated,9,22298_51433023,topo_connected,0.999558,False
21093_1bda9bbe,topo_isolated,10,20636_ca9eb29a,topo_connected,0.99952,False
20544_43691724,topo_complex,1,21859_35124f79,topo_complex,0.988832,True
20544_43691724,topo_complex,2,22125_e3a4cad4,topo_complex,0.98656,True
20544_43691724,topo_complex,3,22404_66db7dd7,topo_connected,0.982733,False
20544_43691724,topo_complex,4,20675_66ac9773,topo_complex,0.982195,True
20544_43691724,topo_complex,5,22415_658c81dd,topo_complex,0.98184,True
20544_43691724,topo_complex,6,20799_213bf924,topo_complex,0.979007,True
20544_43691724,topo_complex,7,20546_87dbd755,topo_complex,0.959528,True
20544_43691724,topo_complex,8,21926_b4c7068b,topo_complex,0.954931,True
20544_43691724,topo_complex,9,21352_d60bc953,topo_minimal,0.952141,False
20544_43691724,topo_complex,10,21647_6b6cca6f,topo_complex,0.950876,True
22764_b884dce6,topo_moderate,1,21329_1bfecd1d,topo_connected,0.999914,False
22764_b884dce6,topo_moderate,2,21739_57582b8f,topo_connected,0.999903,False
22764_b884dce6,topo_moderate,3,21557_53eafe15,topo_complex,0.999835,False
22764_b884dce6,topo_moderate,4,21722_68aeba65,topo_complex,0.99976,False
22764_b884dce6,topo_moderate,5,22787_49022c32,topo_complex,0.999757,False
22764_b884dce6,topo_moderate,6,20636_ca9eb29a,topo_connected,0.999741,False
22764_b884dce6,topo_moderate,7,22278_12f1fb79,topo_minimal,0.999685,False
22764_b884dce6,topo_moderate,8,22298_51433023,topo_connected,0.999657,False
22764_b884dce6,topo_moderate,9,23048_8a1a5553,topo_complex,0.999636,False
22764_b884dce6,topo_moderate,10,23154_7c74d190,topo_connected,0.999609,False
21069_508a9947,topo_complex,1,23271_f833d903,topo_connected,0.999351,False
21069_508a9947,topo_complex,2,22492_047b125b,topo_connected,0.999284,False
21069_508a9947,topo_complex,3,22670_9353c710,topo_connected,0.999069,False
21069_508a9947,topo_complex,4,20260_4a01a99d,topo_minimal,0.999039,False
21069_508a9947,topo_complex,5,21741_c6faf98e,topo_connected,0.998797,False
21069_508a9947,topo_complex,6,22430_c6f08b03,topo_complex,0.998718,True
21069_508a9947,topo_complex,7,20533_0a3e112b,topo_connected,0.998494,False
21069_508a9947,topo_complex,8,21656_964b0c84,topo_complex,0.998434,True
21069_508a9947,topo_complex,9,22413_901f5867,topo_complex,0.998427,True
21069_508a9947,topo_complex,10,23195_2629864e,topo_connected,0.998394,False
20959_d4905d19,topo_complex,1,21839_a8eb6d34,topo_isolated,0.999983,False
20959_d4905d19,topo_complex,2,22211_b1ee53f0,topo_connected,0.99993,False
20959_d4905d19,topo_complex,3,22306_c3dca308,topo_complex,0.999877,True
20959_d4905d19,topo_complex,4,21134_7aa7cd89,topo_complex,0.999792,True
20959_d4905d19,topo_complex,5,19051_26735260,topo_connected,0.999761,False
20959_d4905d19,topo_complex,6,23377_690165aa,topo_connected,0.999711,False
20959_d4905d19,topo_complex,7,21977_ce9f4e71,topo_moderate,0.999664,False
20959_d4905d19,topo_complex,8,22027_11a2e852,topo_complex,0.999642,True
20959_d4905d19,topo_complex,9,22298_51433023,topo_connected,0.999626,False
20959_d4905d19,topo_complex,10,22193_c8773ded,topo_connected,0.999524,False
20421_83f66ddc,topo_minimal,1,21600_0027c6fc,topo_moderate,1.0,False
20421_83f66ddc,topo_minimal,2,22072_5163223a,topo_moderate,0.999999,False
20421_83f66ddc,topo_minimal,3,21737_87d83240,topo_moderate,0.999999,False
20421_83f66ddc,topo_minimal,4,23238_3c864758,topo_moderate,0.999998,False
20421_83f66ddc,topo_minimal,5,21275_c8049742,topo_minimal,0.999998,True
20421_83f66ddc,topo_minimal,6,22064_e1ba20dd,topo_moderate,0.999997,False
20421_83f66ddc,topo_minimal,7,22681_124bf3a9,topo_moderate,0.999997,False
20421_83f66ddc,topo_minimal,8,20414_a33bd0d7,topo_moderate,0.999997,False
20421_83f66ddc,topo_minimal,9,22162_439af02a,topo_isolated,0.999996,False
20421_83f66ddc,topo_minimal,10,23128_cb135b1b,topo_minimal,0.999996,True
22472_f65d3470,topo_isolated,1,20478_c02790cb,topo_minimal,1.0,False
22472_f65d3470,topo_isolated,2,23163_7b143a6f,topo_moderate,1.0,False
22472_f65d3470,topo_isolated,3,23250_aa321310,topo_moderate,1.0,False
22472_f65d3470,topo_isolated,4,16550_e88d6986,topo_minimal,1.0,False
22472_f65d3470,topo_isolated,5,23351_6104d55d,topo_moderate,1.0,False
22472_f65d3470,topo_isolated,6,20947_115d4058,topo_isolated,1.0,True
22472_f65d3470,topo_isolated,7,21495_ebbbd369,topo_moderate,1.0,False
22472_f65d3470,topo_isolated,8,20994_9c88b1ba,topo_minimal,1.0,False
22472_f65d3470,topo_isolated,9,21459_a9de5e5b,topo_isolated,1.0,True
22472_f65d3470,topo_isolated,10,22026_62afa265,topo_minimal,0.999999,False
20260_4a01a99d,topo_minimal,1,23271_f833d903,topo_connected,0.999736,False
20260_4a01a99d,topo_minimal,2,22492_047b125b,topo_connected,0.999514,False
20260_4a01a99d,topo_minimal,3,20287_072b5bf6,topo_isolated,0.999374,False
20260_4a01a99d,topo_minimal,4,22670_9353c710,topo_connected,0.999238,False
20260_4a01a99d,topo_minimal,5,23195_2629864e,topo_connected,0.999118,False
20260_4a01a99d,topo_minimal,6,21069_508a9947,topo_complex,0.999039,False
20260_4a01a99d,topo_minimal,7,23235_f9ccb8b0,topo_connected,0.998938,False
20260_4a01a99d,topo_minimal,8,22076_20e8a107,topo_complex,0.998764,False
20260_4a01a99d,topo_minimal,9,22428_c1ffa51a,topo_minimal,0.998742,True
20260_4a01a99d,topo_minimal,10,23144_88ca00a5,topo_connected,0.998647,False
23309_76dcf100,topo_connected,1,20477_633cca4f,topo_moderate,0.999986,False
23309_76dcf100,topo_connected,2,23101_6aec02ee,topo_complex,0.999973,False
23309_76dcf100,topo_connected,3,22894_5f7c276d,topo_complex,0.999961,False
23309_76dcf100,topo_connected,4,20991_6795af4f,topo_isolated,0.999939,False
23309_76dcf100,topo_connected,5,21551_c6c2d516,topo_moderate,0.999938,False
23309_76dcf100,topo_connected,6,23217_7c6062e3,topo_connected,0.999914,True
23309_76dcf100,topo_connected,7,22065_0d414124,topo_moderate,0.999899,False
23309_76dcf100,topo_connected,8,22421_19401bdd,topo_complex,0.999885,False
23309_76dcf100,topo_connected,9,20701_6dcbc975,topo_complex,0.99986,False
23309_76dcf100,topo_connected,10,23282_a1b17daa,topo_complex,0.999859,False
21790_aaf9224a,topo_connected,1,23417_9a9e9937,topo_connected,0.999987,True
21790_aaf9224a,topo_connected,2,21779_b99623fc,topo_connected,0.999984,True
21790_aaf9224a,topo_connected,3,23451_14c8d09e,topo_connected,0.99998,True
21790_aaf9224a,topo_connected,4,22469_9d87f800,topo_moderate,0.999979,False
21790_aaf9224a,topo_connected,5,21365_ab403591,topo_connected,0.999963,True
21790_aaf9224a,topo_connected,6,20505_017d4cc4,topo_connected,0.99996,True
21790_aaf9224a,topo_connected,7,22418_2722dfe8,topo_connected,0.999957,True
21790_aaf9224a,topo_connected,8,20755_4b5e61bf,topo_connected,0.999956,True
21790_aaf9224a,topo_connected,9,23252_ef165bed,topo_complex,0.999955,False
21790_aaf9224a,topo_connected,10,20788_d25efea2,topo_connected,0.999954,True
23152_6f2706c9,topo_moderate,1,23476_705b76d1,topo_connected,0.999996,False
23152_6f2706c9,topo_moderate,2,21185_ac5324ba,topo_moderate,0.999995,True
23152_6f2706c9,topo_moderate,3,20157_db99ab88,topo_moderate,0.999988,True
23152_6f2706c9,topo_moderate,4,20504_c9e14c9d,topo_connected,0.999988,False
23152_6f2706c9,topo_moderate,5,22232_cb53774e,topo_connected,0.999983,False
23152_6f2706c9,topo_moderate,6,20329_414757bb,topo_connected,0.999978,False
23152_6f2706c9,topo_moderate,7,23034_b38134ee,topo_connected,0.999973,False
23152_6f2706c9,topo_moderate,8,20322_5a8c6077,topo_moderate,0.999972,True
23152_6f2706c9,topo_moderate,9,22826_199df203,topo_connected,0.999971,False
23152_6f2706c9,topo_moderate,10,22045_ead71aca,topo_moderate,0.999969,True
21257_770fee9a,topo_isolated,1,20469_b6211bfd,topo_minimal,0.999999,False
21257_770fee9a,topo_isolated,2,20927_826f4b56,topo_isolated,0.999999,True
21257_770fee9a,topo_isolated,3,20436_41b730a3,topo_isolated,0.999999,True
21257_770fee9a,topo_isolated,4,21451_fea6f0d1,topo_isolated,0.999998,True
21257_770fee9a,topo_isolated,5,23343_f000bdae,topo_isolated,0.999998,True
21257_770fee9a,topo_isolated,6,20429_419c4cdd,topo_isolated,0.999997,True
21257_770fee9a,topo_isolated,7,21911_429c1a72,topo_isolated,0.999997,True
21257_770fee9a,topo_isolated,8,20551_ff28a959,topo_isolated,0.999997,True
21257_770fee9a,topo_isolated,9,20705_ac2a0325,topo_isolated,0.999996,True
21257_770fee9a,topo_isolated,10,20426_79358492,topo_isolated,0.999996,True
22306_c3dca308,topo_complex,1,19051_26735260,topo_connected,0.999968,False
22306_c3dca308,topo_complex,2,22211_b1ee53f0,topo_connected,0.999949,False
22306_c3dca308,topo_complex,3,22298_51433023,topo_connected,0.99993,False
22306_c3dca308,topo_complex,4,20959_d4905d19,topo_complex,0.999877,True
22306_c3dca308,topo_complex,5,21722_68aeba65,topo_complex,0.999843,True
22306_c3dca308,topo_complex,6,21839_a8eb6d34,topo_isolated,0.999828,False
22306_c3dca308,topo_complex,7,22193_c8773ded,topo_connected,0.999735,False
22306_c3dca308,topo_complex,8,21977_ce9f4e71,topo_moderate,0.999716,False
22306_c3dca308,topo_complex,9,21557_53eafe15,topo_complex,0.999546,True
22306_c3dca308,topo_complex,10,23377_690165aa,topo_connected,0.999534,False
20628_e0551f7c,topo_connected,1,20182_71b9e491,topo_connected,0.999999,True
20628_e0551f7c,topo_connected,2,23121_cbdf3ebc,topo_moderate,0.999996,False
20628_e0551f7c,topo_connected,3,22612_28fe0ac2,topo_connected,0.999993,True
20628_e0551f7c,topo_connected,4,20505_017d4cc4,topo_connected,0.999993,True
20628_e0551f7c,topo_connected,5,20431_27e7f151,topo_connected,0.999991,True
20628_e0551f7c,topo_connected,6,22197_94c66357,topo_moderate,0.999989,False
20628_e0551f7c,topo_connected,7,21858_f1409ea2,topo_complex,0.999986,False
20628_e0551f7c,topo_connected,8,23132_1847c4ef,topo_complex,0.999981,False
20628_e0551f7c,topo_connected,9,23451_14c8d09e,topo_connected,0.99998,True
20628_e0551f7c,topo_connected,10,22617_a286f13c,topo_complex,0.999978,False
20838_86c931be,topo_minimal,1,20951_2918f2fa,topo_moderate,1.0,False
20838_86c931be,topo_minimal,2,22026_62afa265,topo_minimal,1.0,True
20838_86c931be,topo_minimal,3,21459_a9de5e5b,topo_isolated,1.0,False
20838_86c931be,topo_minimal,4,20193_2da4f0a0,topo_minimal,1.0,True
20838_86c931be,topo_minimal,5,21495_ebbbd369,topo_moderate,1.0,False
20838_86c931be,topo_minimal,6,22075_12b129d5,topo_isolated,1.0,False
20838_86c931be,topo_minimal,7,22844_9b75b8e0,topo_moderate,1.0,False
20838_86c931be,topo_minimal,8,21806_616e985a,topo_isolated,1.0,False
20838_86c931be,topo_minimal,9,20671_33532794,topo_minimal,1.0,True
20838_86c931be,topo_minimal,10,22508_6bb410af,topo_minimal,1.0,True
22154_24342da4,topo_isolated,1,20332_0c2a24aa,topo_minimal,1.0,False
22154_24342da4,topo_isolated,2,20241_8c0d3f83,topo_isolated,1.0,True
22154_24342da4,topo_isolated,3,20241_ccb70dc8,topo_isolated,1.0,True
22154_24342da4,topo_isolated,4,23199_75dc1efd,topo_minimal,1.0,False
22154_24342da4,topo_isolated,5,20451_557fe5cd,topo_minimal,1.0,False
22154_24342da4,topo_isolated,6,22839_113f2990,topo_minimal,1.0,False
22154_24342da4,topo_isolated,7,20429_4c909f3f,topo_isolated,0.999999,True
22154_24342da4,topo_isolated,8,20451_84d8b290,topo_minimal,0.999999,False
22154_24342da4,topo_isolated,9,22178_976d2411,topo_minimal,0.999999,False
22154_24342da4,topo_isolated,10,21139_cd619b26,topo_minimal,0.999999,False
22980_3cb3bcc8,topo_complex,1,19810_f77c5501,topo_complex,0.999998,True
22980_3cb3bcc8,topo_complex,2,21601_360ce1c7,topo_connected,0.99999,False
22980_3cb3bcc8,topo_complex,3,22534_e899f645,topo_complex,0.999982,True
22980_3cb3bcc8,topo_complex,4,20858_15bdad00,topo_complex,0.999974,True
22980_3cb3bcc8,topo_complex,5,23493_57512264,topo_complex,0.999972,True
22980_3cb3bcc8,topo_complex,6,19596_fb9531a5,topo_complex,0.999958,True
22980_3cb3bcc8,topo_complex,7,22376_3ebc82a2,topo_complex,0.999954,True
22980_3cb3bcc8,topo_complex,8,23502_5a80f907,topo_isolated,0.999942,False
22980_3cb3bcc8,topo_complex,9,22082_39503fa6,topo_complex,0.999938,True
22980_3cb3bcc8,topo_complex,10,20421_38b63ca5,topo_complex,0.999937,True
20478_c02790cb,topo_minimal,1,22472_f65d3470,topo_isolated,1.0,False
20478_c02790cb,topo_minimal,2,23163_7b143a6f,topo_moderate,1.0,False
20478_c02790cb,topo_minimal,3,16550_e88d6986,topo_minimal,1.0,True
20478_c02790cb,topo_minimal,4,23250_aa321310,topo_moderate,1.0,False
20478_c02790cb,topo_minimal,5,23351_6104d55d,topo_moderate,1.0,False
20478_c02790cb,topo_minimal,6,21459_a9de5e5b,topo_isolated,1.0,False
20478_c02790cb,topo_minimal,7,22026_62afa265,topo_minimal,1.0,True
20478_c02790cb,topo_minimal,8,21495_ebbbd369,topo_moderate,1.0,False
20478_c02790cb,topo_minimal,9,20947_115d4058,topo_isolated,1.0,False
20478_c02790cb,topo_minimal,10,20994_9c88b1ba,topo_minimal,1.0,True
20477_633cca4f,topo_moderate,1,23101_6aec02ee,topo_complex,0.999991,False
20477_633cca4f,topo_moderate,2,23309_76dcf100,topo_connected,0.999986,False
20477_633cca4f,topo_moderate,3,20991_6795af4f,topo_isolated,0.999977,False
20477_633cca4f,topo_moderate,4,22894_5f7c276d,topo_complex,0.999969,False
20477_633cca4f,topo_moderate,5,22065_0d414124,topo_moderate,0.999946,True
20477_633cca4f,topo_moderate,6,21551_c6c2d516,topo_moderate,0.99991,True
20477_633cca4f,topo_moderate,7,22419_dfeb5d33,topo_complex,0.99991,False
20477_633cca4f,topo_moderate,8,22421_19401bdd,topo_complex,0.999901,False
20477_633cca4f,topo_moderate,9,23282_a1b17daa,topo_complex,0.999892,False
20477_633cca4f,topo_moderate,10,21182_a480d230,topo_connected,0.99989,False
20225_4ce6d59b,topo_isolated,1,21248_0a862e3e,topo_minimal,0.999988,False
20225_4ce6d59b,topo_isolated,2,22434_2ad62ed6,topo_minimal,0.999975,False
20225_4ce6d59b,topo_isolated,3,22245_ca848576,topo_connected,0.999967,False
20225_4ce6d59b,topo_isolated,4,21837_b67d788c,topo_connected,0.999954,False
20225_4ce6d59b,topo_isolated,5,22216_4b032400,topo_minimal,0.999952,False
20225_4ce6d59b,topo_isolated,6,22312_3f366a4a,topo_connected,0.99994,False
20225_4ce6d59b,topo_isolated,7,20215_e2eb3082,topo_connected,0.999938,False
20225_4ce6d59b,topo_isolated,8,23331_192866b6,topo_connected,0.999934,False
20225_4ce6d59b,topo_isolated,9,23172_4ab01e83,topo_connected,0.999934,False
20225_4ce6d59b,topo_isolated,10,21549_18160a0a,topo_moderate,0.999928,False
20797_78b83489,topo_minimal,1,22678_ff42f120,topo_moderate,0.999827,False
20797_78b83489,topo_minimal,2,20157_db99ab88,topo_moderate,0.999787,False
20797_78b83489,topo_minimal,3,21594_428d32af,topo_isolated,0.999772,False
20797_78b83489,topo_minimal,4,20789_1809f41f,topo_moderate,0.999766,False
20797_78b83489,topo_minimal,5,20504_c9e14c9d,topo_connected,0.999763,False
20797_78b83489,topo_minimal,6,21817_945cd3c9,topo_connected,0.999758,False
20797_78b83489,topo_minimal,7,20387_0d507234,topo_isolated,0.99975,False
20797_78b83489,topo_minimal,8,20322_5a8c6077,topo_moderate,0.999748,False
20797_78b83489,topo_minimal,9,23214_0c411aa1,topo_connected,0.999747,False
20797_78b83489,topo_minimal,10,22826_199df203,topo_connected,0.999747,False
23376_9b48819a,topo_minimal,1,20870_dedaef5b,topo_complex,0.997089,False
23376_9b48819a,topo_minimal,2,21352_d60bc953,topo_minimal,0.996623,True
23376_9b48819a,topo_minimal,3,20952_b8a54213,topo_complex,0.995892,False
23376_9b48819a,topo_minimal,4,21926_b4c7068b,topo_complex,0.995512,False
23376_9b48819a,topo_minimal,5,23511_8651ac1f,topo_connected,0.994332,False
23376_9b48819a,topo_minimal,6,22717_08784417,topo_connected,0.993033,False
23376_9b48819a,topo_minimal,7,20746_57a7b346,topo_complex,0.991828,False
23376_9b48819a,topo_minimal,8,21236_b696e901,topo_complex,0.990832,False
23376_9b48819a,topo_minimal,9,20246_40be7668,topo_moderate,0.990828,False
23376_9b48819a,topo_minimal,10,21647_6b6cca6f,topo_complex,0.988217,False
22534_e899f645,topo_complex,1,21601_360ce1c7,topo_connected,0.999997,False
22534_e899f645,topo_complex,2,19810_f77c5501,topo_complex,0.999986,True
22534_e899f645,topo_complex,3,20858_15bdad00,topo_complex,0.999982,True
22534_e899f645,topo_complex,4,22980_3cb3bcc8,topo_complex,0.999982,True
22534_e899f645,topo_complex,5,23379_636204a6,topo_connected,0.999969,False
22534_e899f645,topo_complex,6,23493_57512264,topo_complex,0.999966,True
22534_e899f645,topo_complex,7,20389_c835706f,topo_moderate,0.999957,False
22534_e899f645,topo_complex,8,22376_3ebc82a2,topo_complex,0.999944,True
22534_e899f645,topo_complex,9,23502_5a80f907,topo_isolated,0.999937,False
22534_e899f645,topo_complex,10,20899_a8d7c6d5,topo_complex,0.999936,True
22079_31335df2,topo_connected,1,21421_fb12b69b,topo_complex,0.99978,False
22079_31335df2,topo_connected,2,21244_d67bbabc,topo_complex,0.999632,False
22079_31335df2,topo_connected,3,22483_f4e4b62a,topo_complex,0.999397,False
22079_31335df2,topo_connected,4,21244_24c3ce72,topo_complex,0.999073,False
22079_31335df2,topo_connected,5,20533_0a3e112b,topo_connected,0.998802,True
22079_31335df2,topo_connected,6,23422_f214bd4d,topo_complex,0.998535,False
22079_31335df2,topo_connected,7,22430_c6f08b03,topo_complex,0.998517,False
22079_31335df2,topo_connected,8,21582_a3d32115,topo_moderate,0.998359,False
22079_31335df2,topo_connected,9,23310_7daded69,topo_complex,0.997607,False
22079_31335df2,topo_connected,10,21005_9feee615,topo_isolated,0.99699,False
22414_14ead4a3,topo_complex,1,20502_58b65de9,topo_connected,0.999997,False
22414_14ead4a3,topo_complex,2,21828_21ab2114,topo_isolated,0.999994,False
22414_14ead4a3,topo_complex,3,22365_a4eb929c,topo_moderate,0.999993,False
22414_14ead4a3,topo_complex,4,21836_5bc91e49,topo_moderate,0.999993,False
22414_14ead4a3,topo_complex,5,23259_d655fcc1,topo_moderate,0.999991,False
22414_14ead4a3,topo_complex,6,20680_b095cb77,topo_minimal,0.99999,False
22414_14ead4a3,topo_complex,7,22654_4c426b0f,topo_moderate,0.999989,False
22414_14ead4a3,topo_complex,8,22706_58a933f4,topo_moderate,0.999983,False
22414_14ead4a3,topo_complex,9,22196_0deb2e34,topo_connected,0.999966,False
22414_14ead4a3,topo_complex,10,21490_d07ff9f8,topo_complex,0.999963,True
23313_210c6783,topo_connected,1,22440_014f1bac,topo_connected,0.999995,True
23313_210c6783,topo_connected,2,21028_d4d30a2e,topo_complex,0.999982,False
23313_210c6783,topo_connected,3,20899_a8d7c6d5,topo_complex,0.999959,False
23313_210c6783,topo_connected,4,22168_a84560a9,topo_connected,0.999954,True
23313_210c6783,topo_connected,5,23466_1cf60d09,topo_complex,0.999951,False
23313_210c6783,topo_connected,6,20163_3742f394,topo_connected,0.999943,True
23313_210c6783,topo_connected,7,21081_72fa4ad1,topo_moderate,0.999933,False
23313_210c6783,topo_connected,8,23026_e6f08109,topo_complex,0.999933,False
23313_210c6783,topo_connected,9,22028_776fbf0d,topo_complex,0.99993,False
23313_210c6783,topo_connected,10,22900_09de4c7a,topo_moderate,0.999916,False
21600_0027c6fc,topo_moderate,1,20421_83f66ddc,topo_minimal,1.0,False
21600_0027c6fc,topo_moderate,2,22072_5163223a,topo_moderate,0.999998,True
21600_0027c6fc,topo_moderate,3,21737_87d83240,topo_moderate,0.999998,True
21600_0027c6fc,topo_moderate,4,21275_c8049742,topo_minimal,0.999997,False
21600_0027c6fc,topo_moderate,5,23238_3c864758,topo_moderate,0.999997,True
21600_0027c6fc,topo_moderate,6,22064_e1ba20dd,topo_moderate,0.999997,True
21600_0027c6fc,topo_moderate,7,22681_124bf3a9,topo_moderate,0.999997,True
21600_0027c6fc,topo_moderate,8,20414_a33bd0d7,topo_moderate,0.999997,True
21600_0027c6fc,topo_moderate,9,22078_1758e9fc,topo_moderate,0.999996,True
21600_0027c6fc,topo_moderate,10,23245_ccd099b6,topo_connected,0.999995,False
21081_72fa4ad1,topo_moderate,1,22168_a84560a9,topo_connected,0.999966,False
21081_72fa4ad1,topo_moderate,2,22028_776fbf0d,topo_complex,0.999944,False
21081_72fa4ad1,topo_moderate,3,21838_5bc448b4,topo_moderate,0.999935,True
21081_72fa4ad1,topo_moderate,4,21843_effbd24d,topo_connected,0.999934,False
21081_72fa4ad1,topo_moderate,5,23313_210c6783,topo_connected,0.999933,False
21081_72fa4ad1,topo_moderate,6,22893_eb8aa8ac,topo_minimal,0.999927,False
21081_72fa4ad1,topo_moderate,7,21845_dff8b3a1,topo_complex,0.999924,False
21081_72fa4ad1,topo_moderate,8,21511_d07c59c2,topo_connected,0.999924,False
21081_72fa4ad1,topo_moderate,9,22440_014f1bac,topo_connected,0.99991,False
21081_72fa4ad1,topo_moderate,10,21028_d4d30a2e,topo_complex,0.999907,False
21423_196855d1,topo_minimal,1,21856_f84d9348,topo_moderate,0.99718,False
21423_196855d1,topo_minimal,2,22852_dc1dbed6,topo_moderate,0.995041,False
21423_196855d1,topo_minimal,3,23305_2662b29a,topo_minimal,0.993409,True
21423_196855d1,topo_minimal,4,21426_51651a10,topo_isolated,0.992888,False
21423_196855d1,topo_minimal,5,21165_5cb2d287,topo_isolated,0.983713,False
21423_196855d1,topo_minimal,6,21453_679a343c,topo_isolated,0.977991,False
21423_196855d1,topo_minimal,7,21496_f4025ad5,topo_isolated,0.977783,False
21423_196855d1,topo_minimal,8,20792_d2ea0500,topo_isolated,0.973959,False
21423_196855d1,topo_minimal,9,21592_c5e77a82,topo_connected,0.973133,False
21423_196855d1,topo_minimal,10,21282_b2d83538,topo_connected,0.972974,False
22670_9353c710,topo_connected,1,21741_c6faf98e,topo_connected,0.99984,True
22670_9353c710,topo_connected,2,22076_20e8a107,topo_complex,0.999672,False
22670_9353c710,topo_connected,3,23235_f9ccb8b0,topo_connected,0.999448,True
22670_9353c710,topo_connected,4,23195_2629864e,topo_connected,0.999421,True
22670_9353c710,topo_connected,5,23271_f833d903,topo_connected,0.999398,True
22670_9353c710,topo_connected,6,22492_047b125b,topo_connected,0.999248,True
22670_9353c710,topo_connected,7,20260_4a01a99d,topo_minimal,0.999238,False
22670_9353c710,topo_connected,8,23144_88ca00a5,topo_connected,0.999181,True
22670_9353c710,topo_connected,9,20287_072b5bf6,topo_isolated,0.999152,False
22670_9353c710,topo_connected,10,21991_ab98f156,topo_complex,0.999098,False
20421_38b63ca5,topo_complex,1,22082_39503fa6,topo_complex,0.999998,True
20421_38b63ca5,topo_complex,2,22376_3ebc82a2,topo_complex,0.999996,True
20421_38b63ca5,topo_complex,3,22266_078a1f68,topo_complex,0.999967,True
20421_38b63ca5,topo_complex,4,20858_15bdad00,topo_complex,0.999966,True
20421_38b63ca5,topo_complex,5,21539_cfe1f7fd,topo_connected,0.999955,False
20421_38b63ca5,topo_complex,6,22980_3cb3bcc8,topo_complex,0.999937,True
20421_38b63ca5,topo_complex,7,21621_711e1918,topo_complex,0.999936,True
20421_38b63ca5,topo_complex,8,22416_4cd31921,topo_connected,0.999935,False
20421_38b63ca5,topo_complex,9,20389_c835706f,topo_moderate,0.999927,False
20421_38b63ca5,topo_complex,10,22534_e899f645,topo_complex,0.999917,True
21718_1551037b,topo_moderate,1,20246_40be7668,topo_moderate,0.999052,True
21718_1551037b,topo_moderate,2,20746_57a7b346,topo_complex,0.998134,False
21718_1551037b,topo_moderate,3,21236_b696e901,topo_complex,0.997718,False
21718_1551037b,topo_moderate,4,20351_dc6e4e1e,topo_connected,0.997457,False
21718_1551037b,topo_moderate,5,23258_87a2ba81,topo_complex,0.996875,False
21718_1551037b,topo_moderate,6,20745_3e22ad07,topo_moderate,0.995518,True
21718_1551037b,topo_moderate,7,21450_ea24ffcc,topo_connected,0.994916,False
21718_1551037b,topo_moderate,8,20737_5249e274,topo_connected,0.994522,False
21718_1551037b,topo_moderate,9,20870_dedaef5b,topo_complex,0.994429,False
21718_1551037b,topo_moderate,10,21244_24c3ce72,topo_complex,0.989012,False
20585_09b72895,topo_moderate,1,22886_a6331748,topo_minimal,0.999999,False
20585_09b72895,topo_moderate,2,23170_6ea8ded5,topo_moderate,0.999996,True
20585_09b72895,topo_moderate,3,23127_38d73061,topo_complex,0.999991,False
20585_09b72895,topo_moderate,4,21271_ec7f62b8,topo_connected,0.999987,False
20585_09b72895,topo_moderate,5,23318_65e3a7c9,topo_minimal,0.999986,False
20585_09b72895,topo_moderate,6,21566_ff590631,topo_moderate,0.999986,True
20585_09b72895,topo_moderate,7,21692_777db9e2,topo_complex,0.999986,False
20585_09b72895,topo_moderate,8,22762_dcbdd14d,topo_minimal,0.999985,False
20585_09b72895,topo_moderate,9,20239_49b65a55,topo_complex,0.999984,False
20585_09b72895,topo_moderate,10,23320_e0711ae9,topo_connected,0.999982,False
21828_21ab2114,topo_isolated,1,21836_5bc91e49,topo_moderate,1.0,False
21828_21ab2114,topo_isolated,2,22365_a4eb929c,topo_moderate,1.0,False
21828_21ab2114,topo_isolated,3,23259_d655fcc1,topo_moderate,0.999998,False
21828_21ab2114,topo_isolated,4,22414_14ead4a3,topo_complex,0.999994,False
21828_21ab2114,topo_isolated,5,21490_d07ff9f8,topo_complex,0.999987,False
21828_21ab2114,topo_isolated,6,20502_58b65de9,topo_connected,0.999987,False
21828_21ab2114,topo_isolated,7,20680_b095cb77,topo_minimal,0.999984,False
21828_21ab2114,topo_isolated,8,22706_58a933f4,topo_moderate,0.999976,False
21828_21ab2114,topo_isolated,9,22654_4c426b0f,topo_moderate,0.999975,False
21828_21ab2114,topo_isolated,10,22576_d05619d1,topo_isolated,0.999946,True
20511_e1b972aa,topo_moderate,1,23372_4cb88567,topo_isolated,0.999999,False
20511_e1b972aa,topo_moderate,2,23374_57cca189,topo_connected,0.999999,False
20511_e1b972aa,topo_moderate,3,21528_a5d5490f,topo_connected,0.999998,False
20511_e1b972aa,topo_moderate,4,21912_3f74887c,topo_connected,0.999998,False
20511_e1b972aa,topo_moderate,5,22729_232da678,topo_connected,0.999997,False
20511_e1b972aa,topo_moderate,6,22066_308cdcfe,topo_connected,0.999997,False
20511_e1b972aa,topo_moderate,7,22092_897b0ffa,topo_moderate,0.999996,True
20511_e1b972aa,topo_moderate,8,20229_d1ae2ae3,topo_connected,0.999995,False
20511_e1b972aa,topo_moderate,9,23363_60e39812,topo_complex,0.999995,False
20511_e1b972aa,topo_moderate,10,22577_cd96733e,topo_moderate,0.999995,True
22671_fdd1b1e6,topo_connected,1,21612_e2981dae,topo_isolated,1.0,False
22671_fdd1b1e6,topo_connected,2,21615_f2ecc6e8,topo_isolated,1.0,False
22671_fdd1b1e6,topo_connected,3,21614_5d6afa62,topo_isolated,1.0,False
22671_fdd1b1e6,topo_connected,4,21619_19435db0,topo_isolated,0.999999,False
22671_fdd1b1e6,topo_connected,5,23164_659c91ef,topo_connected,0.999999,True
22671_fdd1b1e6,topo_connected,6,20412_42170125,topo_moderate,0.999999,False
22671_fdd1b1e6,topo_connected,7,21610_5dcf1187,topo_isolated,0.999999,False
22671_fdd1b1e6,topo_connected,8,21617_ddd3657b,topo_isolated,0.999999,False
22671_fdd1b1e6,topo_connected,9,22131_6b4b60f8,topo_minimal,0.999999,False
22671_fdd1b1e6,topo_connected,10,21613_d57e983a,topo_isolated,0.999999,False
21139_cd619b26,topo_minimal,1,20804_0dcacc66,topo_minimal,1.0,True
21139_cd619b26,topo_minimal,2,21119_4f5c95a6,topo_minimal,1.0,True
21139_cd619b26,topo_minimal,3,22839_113f2990,topo_minimal,1.0,True
21139_cd619b26,topo_minimal,4,20429_4c909f3f,topo_isolated,1.0,False
21139_cd619b26,topo_minimal,5,20332_0c2a24aa,topo_minimal,1.0,True
21139_cd619b26,topo_minimal,6,22142_7891a26a,topo_minimal,1.0,True
21139_cd619b26,topo_minimal,7,20241_8c0d3f83,topo_isolated,1.0,False
21139_cd619b26,topo_minimal,8,20241_ccb70dc8,topo_isolated,1.0,False
21139_cd619b26,topo_minimal,9,20898_5f5b9bc7,topo_minimal,1.0,True
21139_cd619b26,topo_minimal,10,21243_3ec5d732,topo_minimal,1.0,True
23184_731e5af0,topo_moderate,1,21140_8d150c65,topo_minimal,0.999999,False
23184_731e5af0,topo_moderate,2,23039_b3d04774,topo_moderate,0.999999,True
23184_731e5af0,topo_moderate,3,21265_7329c813,topo_moderate,0.999999,True
23184_731e5af0,topo_moderate,4,22746_920025a0,topo_moderate,0.999999,True
23184_731e5af0,topo_moderate,5,20741_c337946f,topo_minimal,0.999999,False
23184_731e5af0,topo_moderate,6,22653_58d6287d,topo_isolated,0.999999,False
23184_731e5af0,topo_moderate,7,22053_de30641b,topo_minimal,0.999999,False
23184_731e5af0,topo_moderate,8,20803_473c87ac,topo_isolated,0.999999,False
23184_731e5af0,topo_moderate,9,22014_5880c417,topo_moderate,0.999999,True
23184_731e5af0,topo_moderate,10,20468_1c33550a,topo_minimal,0.999999,False
20990_0a226634,topo_isolated,1,23438_b1ef78f4,topo_moderate,1.0,False
20990_0a226634,topo_isolated,2,22050_e8702dd4,topo_connected,0.999999,False
20990_0a226634,topo_isolated,3,21715_53df62c9,topo_minimal,0.999999,False
20990_0a226634,topo_isolated,4,20285_b64b1a7e,topo_minimal,0.999997,False
20990_0a226634,topo_isolated,5,22891_b8c84495,topo_moderate,0.999996,False
20990_0a226634,topo_isolated,6,22895_4533b542,topo_moderate,0.999996,False
20990_0a226634,topo_isolated,7,21037_62248d34,topo_minimal,0.999996,False
20990_0a226634,topo_isolated,8,20940_9777847c,topo_connected,0.999996,False
20990_0a226634,topo_isolated,9,21634_e5e20375,topo_moderate,0.999996,False
20990_0a226634,topo_isolated,10,23178_eb4b4280,topo_minimal,0.999995,False
20586_cbec2689,topo_connected,1,21185_ac5324ba,topo_moderate,0.999694,False
20586_cbec2689,topo_connected,2,23152_6f2706c9,topo_moderate,0.999629,False
20586_cbec2689,topo_connected,3,23476_705b76d1,topo_connected,0.999573,True
20586_cbec2689,topo_connected,4,20157_db99ab88,topo_moderate,0.999566,False
20586_cbec2689,topo_connected,5,23323_075a079e,topo_moderate,0.999558,False
20586_cbec2689,topo_connected,6,20504_c9e14c9d,topo_connected,0.999554,True
20586_cbec2689,topo_connected,7,22045_ead71aca,topo_moderate,0.999544,False
20586_cbec2689,topo_connected,8,23034_b38134ee,topo_connected,0.999544,True
20586_cbec2689,topo_connected,9,22341_0f9c52ed,topo_connected,0.999526,True
20586_cbec2689,topo_connected,10,20329_414757bb,topo_connected,0.999505,True
20182_71b9e491,topo_connected,1,20628_e0551f7c,topo_connected,0.999999,True
20182_71b9e491,topo_connected,2,23121_cbdf3ebc,topo_moderate,0.999999,False
20182_71b9e491,topo_connected,3,20505_017d4cc4,topo_connected,0.999996,True
20182_71b9e491,topo_connected,4,20431_27e7f151,topo_connected,0.999995,True
20182_71b9e491,topo_connected,5,22612_28fe0ac2,topo_connected,0.999994,True
20182_71b9e491,topo_connected,6,22197_94c66357,topo_moderate,0.999988,False
20182_71b9e491,topo_connected,7,21858_f1409ea2,topo_complex,0.999986,False
20182_71b9e491,topo_connected,8,22832_731d3b9f,topo_complex,0.999981,False
20182_71b9e491,topo_connected,9,23451_14c8d09e,topo_connected,0.999977,True
20182_71b9e491,topo_connected,10,23049_207a41f0,topo_connected,0.999976,True
22981_93f268ae,topo_minimal,1,22589_2c8f7c0b,topo_minimal,1.0,True
22981_93f268ae,topo_minimal,2,21051_5d118b91,topo_minimal,0.999999,True
22981_93f268ae,topo_minimal,3,20646_4cd14a72,topo_moderate,0.999999,False
22981_93f268ae,topo_minimal,4,23096_7da0f913,topo_moderate,0.999999,False
22981_93f268ae,topo_minimal,5,23341_d5ead6d2,topo_moderate,0.999999,False
22981_93f268ae,topo_minimal,6,21588_0c48dc5f,topo_moderate,0.999999,False
22981_93f268ae,topo_minimal,7,21391_78fc6345,topo_moderate,0.999999,False
22981_93f268ae,topo_minimal,8,20647_cea2e07c,topo_moderate,0.999998,False
22981_93f268ae,topo_minimal,9,23244_34b5f55e,topo_connected,0.999998,False
22981_93f268ae,topo_minimal,10,22895_4533b542,topo_moderate,0.999998,False
20989_d1b8b0f8,topo_complex,1,22983_0ab3faaf,topo_minimal,0.999997,False
20989_d1b8b0f8,topo_complex,2,21817_945cd3c9,topo_connected,0.999997,False
20989_d1b8b0f8,topo_complex,3,22259_613f9d44,topo_moderate,0.999996,False
20989_d1b8b0f8,topo_complex,4,22762_dcbdd14d,topo_minimal,0.999996,False
20989_d1b8b0f8,topo_complex,5,23434_6635ed57,topo_connected,0.999996,False
20989_d1b8b0f8,topo_complex,6,21563_c72d37a2,topo_moderate,0.999995,False
20989_d1b8b0f8,topo_complex,7,22680_1f4026f6,topo_moderate,0.999992,False
20989_d1b8b0f8,topo_complex,8,23035_6087bb57,topo_connected,0.999991,False
20989_d1b8b0f8,topo_complex,9,20520_7e357152,topo_isolated,0.99999,False
20989_d1b8b0f8,topo_complex,10,22155_ab18f2b6,topo_isolated,0.99999,False
20451_557fe5cd,topo_minimal,1,20451_84d8b290,topo_minimal,1.0,True
20451_557fe5cd,topo_minimal,2,22154_24342da4,topo_isolated,1.0,False
20451_557fe5cd,topo_minimal,3,23199_75dc1efd,topo_minimal,0.999999,True
20451_557fe5cd,topo_minimal,4,22136_a539c50b,topo_isolated,0.999999,False
20451_557fe5cd,topo_minimal,5,20241_ccb70dc8,topo_isolated,0.999999,False
20451_557fe5cd,topo_minimal,6,20241_8c0d3f83,topo_isolated,0.999999,False
20451_557fe5cd,topo_minimal,7,22178_976d2411,topo_minimal,0.999999,True
20451_557fe5cd,topo_minimal,8,20332_0c2a24aa,topo_minimal,0.999999,True
20451_557fe5cd,topo_minimal,9,20340_86125547,topo_minimal,0.999999,True
20451_557fe5cd,topo_minimal,10,22839_113f2990,topo_minimal,0.999999,True
22825_f4c18d65,topo_moderate,1,22073_951645ae,topo_connected,0.999997,False
22825_f4c18d65,topo_moderate,2,23194_b675acc0,topo_connected,0.999995,False
22825_f4c18d65,topo_moderate,3,23211_3aac9c7e,topo_connected,0.999992,False
22825_f4c18d65,topo_moderate,4,21353_4686c90c,topo_minimal,0.999987,False
22825_f4c18d65,topo_moderate,5,23435_e1c96b4d,topo_moderate,0.999987,True
22825_f4c18d65,topo_moderate,6,23209_1592b0a4,topo_moderate,0.999985,True
22825_f4c18d65,topo_moderate,7,20232_e5b060d9,topo_connected,0.999985,False
22825_f4c18d65,topo_moderate,8,21326_ab4d6c43,topo_moderate,0.999982,True
22825_f4c18d65,topo_moderate,9,22064_e1ba20dd,topo_moderate,0.999982,True
22825_f4c18d65,topo_moderate,10,22078_1758e9fc,topo_moderate,0.999978,True
20533_0a3e112b,topo_connected,1,22430_c6f08b03,topo_complex,0.999568,False
20533_0a3e112b,topo_connected,2,21244_d67bbabc,topo_complex,0.999314,False
20533_0a3e112b,topo_connected,3,23422_f214bd4d,topo_complex,0.999214,False
20533_0a3e112b,topo_connected,4,22079_31335df2,topo_connected,0.998802,True
20533_0a3e112b,topo_connected,5,21656_964b0c84,topo_complex,0.998536,False
20533_0a3e112b,topo_connected,6,21069_508a9947,topo_complex,0.998494,False
20533_0a3e112b,topo_connected,7,22533_e7298b05,topo_complex,0.998163,False
20533_0a3e112b,topo_connected,8,21005_9feee615,topo_isolated,0.998038,False
20533_0a3e112b,topo_connected,9,21421_fb12b69b,topo_complex,0.997586,False
20533_0a3e112b,topo_connected,10,22483_f4e4b62a,topo_complex,0.997505,False
22196_e5bf8c9d,topo_connected,1,23043_c0827516,topo_moderate,0.999998,False
22196_e5bf8c9d,topo_connected,2,23322_8f85d82d,topo_moderate,0.999995,False
22196_e5bf8c9d,topo_connected,3,21390_4d1e2d9c,topo_moderate,0.999993,False
22196_e5bf8c9d,topo_connected,4,22197_66c5655e,topo_connected,0.999992,True
22196_e5bf8c9d,topo_connected,5,22196_0deb2e34,topo_connected,0.999989,True
22196_e5bf8c9d,topo_connected,6,22448_1f21757a,topo_connected,0.999985,True
22196_e5bf8c9d,topo_connected,7,22761_ca309655,topo_complex,0.999981,False
22196_e5bf8c9d,topo_connected,8,21982_bdafa78d,topo_isolated,0.999979,False
22196_e5bf8c9d,topo_connected,9,20755_4b5e61bf,topo_connected,0.999975,True
22196_e5bf8c9d,topo_connected,10,21550_0b16151d,topo_complex,0.999973,False
21165_5cb2d287,topo_isolated,1,21453_679a343c,topo_isolated,0.999517,True
21165_5cb2d287,topo_isolated,2,21496_f4025ad5,topo_isolated,0.998978,True
21165_5cb2d287,topo_isolated,3,20792_d2ea0500,topo_isolated,0.998819,True
21165_5cb2d287,topo_isolated,4,21426_51651a10,topo_isolated,0.998105,True
21165_5cb2d287,topo_isolated,5,21282_b2d83538,topo_connected,0.996888,False
21165_5cb2d287,topo_isolated,6,22727_c514268a,topo_moderate,0.996431,False
21165_5cb2d287,topo_isolated,7,20797_78b83489,topo_minimal,0.995,False
21165_5cb2d287,topo_isolated,8,21865_c190b734,topo_minimal,0.994487,False
21165_5cb2d287,topo_isolated,9,21884_cc2c39f9,topo_moderate,0.994412,False
21165_5cb2d287,topo_isolated,10,22732_cd2af0ac,topo_isolated,0.99438,True
23101_6aec02ee,topo_complex,1,20477_633cca4f,topo_moderate,0.999991,False
23101_6aec02ee,topo_complex,2,20991_6795af4f,topo_isolated,0.999989,False
23101_6aec02ee,topo_complex,3,22894_5f7c276d,topo_complex,0.999982,True
23101_6aec02ee,topo_complex,4,22065_0d414124,topo_moderate,0.999974,False
23101_6aec02ee,topo_complex,5,23309_76dcf100,topo_connected,0.999973,False
23101_6aec02ee,topo_complex,6,23282_a1b17daa,topo_complex,0.999942,True
23101_6aec02ee,topo_complex,7,22421_19401bdd,topo_complex,0.999931,True
23101_6aec02ee,topo_complex,8,21551_c6c2d516,topo_moderate,0.99993,False
23101_6aec02ee,topo_complex,9,22419_dfeb5d33,topo_complex,0.99991,True
23101_6aec02ee,topo_complex,10,21182_a480d230,topo_connected,0.999904,False
20817_ef63b1a7,topo_minimal,1,20408_b4fda9eb,topo_moderate,0.999998,False
20817_ef63b1a7,topo_minimal,2,22218_2f85f6ae,topo_connected,0.999997,False
20817_ef63b1a7,topo_minimal,3,20554_abcb705e,topo_moderate,0.999996,False
20817_ef63b1a7,topo_minimal,4,20431_0088a0dd,topo_moderate,0.999996,False
20817_ef63b1a7,topo_minimal,5,21202_e452c491,topo_isolated,0.999995,False
20817_ef63b1a7,topo_minimal,6,20815_b3d9e6c9,topo_minimal,0.999995,True
20817_ef63b1a7,topo_minimal,7,21695_1f33863f,topo_connected,0.999994,False
20817_ef63b1a7,topo_minimal,8,23363_60e39812,topo_complex,0.999993,False
20817_ef63b1a7,topo_minimal,9,23323_075a079e,topo_moderate,0.999992,False
20817_ef63b1a7,topo_minimal,10,20520_7e357152,topo_isolated,0.999992,False
22141_5db99710,topo_moderate,1,22313_3a8b93dc,topo_connected,0.999999,False
22141_5db99710,topo_moderate,2,21706_adfb2ece,topo_moderate,0.999999,True
22141_5db99710,topo_moderate,3,21961_1a090a8b,topo_isolated,0.999999,False
22141_5db99710,topo_moderate,4,23128_cb135b1b,topo_minimal,0.999998,False
22141_5db99710,topo_moderate,5,22162_439af02a,topo_isolated,0.999997,False
22141_5db99710,topo_moderate,6,20743_c8ea8159,topo_minimal,0.999997,False
22141_5db99710,topo_moderate,7,21176_b5c72bfb,topo_moderate,0.999996,True
22141_5db99710,topo_moderate,8,21737_87d83240,topo_moderate,0.999996,True
22141_5db99710,topo_moderate,9,21224_18ba4aba,topo_moderate,0.999996,True
22141_5db99710,topo_moderate,10,22057_4947db57,topo_minimal,0.999996,False
20860_b8e9a191,topo_complex,1,7778_3a9748b3,topo_complex,0.996728,True
20860_b8e9a191,topo_complex,2,23048_8a1a5553,topo_complex,0.996175,True
20860_b8e9a191,topo_complex,3,20636_ca9eb29a,topo_connected,0.995792,False
20860_b8e9a191,topo_complex,4,22787_49022c32,topo_complex,0.995757,True
20860_b8e9a191,topo_complex,5,20430_975b8dcf,topo_moderate,0.995578,False
20860_b8e9a191,topo_complex,6,22357_e2f7b060,topo_complex,0.995539,True
20860_b8e9a191,topo_complex,7,20668_b2f2633e,topo_complex,0.995501,True
20860_b8e9a191,topo_complex,8,22402_a62e84b4,topo_isolated,0.995123,False
20860_b8e9a191,topo_complex,9,22405_20f11d58,topo_isolated,0.995083,False
20860_b8e9a191,topo_complex,10,22827_f33929ec,topo_complex,0.995059,True
21610_5dcf1187,topo_isolated,1,22131_6b4b60f8,topo_minimal,1.0,False
21610_5dcf1187,topo_isolated,2,21612_e2981dae,topo_isolated,1.0,True
21610_5dcf1187,topo_isolated,3,21619_19435db0,topo_isolated,1.0,True
21610_5dcf1187,topo_isolated,4,21614_5d6afa62,topo_isolated,1.0,True
21610_5dcf1187,topo_isolated,5,21615_f2ecc6e8,topo_isolated,1.0,True
21610_5dcf1187,topo_isolated,6,21613_d57e983a,topo_isolated,1.0,True
21610_5dcf1187,topo_isolated,7,21617_ddd3657b,topo_isolated,1.0,True
21610_5dcf1187,topo_isolated,8,22671_fdd1b1e6,topo_connected,0.999999,False
21610_5dcf1187,topo_isolated,9,22067_624b28e3,topo_moderate,0.999999,False
21610_5dcf1187,topo_isolated,10,20412_42170125,topo_moderate,0.999998,False
20285_b64b1a7e,topo_minimal,1,22891_b8c84495,topo_moderate,1.0,False
20285_b64b1a7e,topo_minimal,2,20495_e8e7e80c,topo_moderate,0.999999,False
20285_b64b1a7e,topo_minimal,3,21634_e5e20375,topo_moderate,0.999999,False
20285_b64b1a7e,topo_minimal,4,20940_9777847c,topo_connected,0.999999,False
20285_b64b1a7e,topo_minimal,5,23387_c4aa9424,topo_minimal,0.999999,True
20285_b64b1a7e,topo_minimal,6,21715_53df62c9,topo_minimal,0.999999,True
20285_b64b1a7e,topo_minimal,7,22895_4533b542,topo_moderate,0.999999,False
20285_b64b1a7e,topo_minimal,8,20813_726b2714,topo_minimal,0.999999,True
20285_b64b1a7e,topo_minimal,9,23438_b1ef78f4,topo_moderate,0.999999,False
20285_b64b1a7e,topo_minimal,10,23339_87a4d11f,topo_isolated,0.999998,False
21741_c6faf98e,topo_connected,1,22670_9353c710,topo_connected,0.99984,True
21741_c6faf98e,topo_connected,2,22076_20e8a107,topo_complex,0.999471,False
21741_c6faf98e,topo_connected,3,23235_f9ccb8b0,topo_connected,0.999061,True
21741_c6faf98e,topo_connected,4,21991_ab98f156,topo_complex,0.999037,False
21741_c6faf98e,topo_connected,5,23195_2629864e,topo_connected,0.998985,True
21741_c6faf98e,topo_connected,6,21069_508a9947,topo_complex,0.998797,False
21741_c6faf98e,topo_connected,7,23271_f833d903,topo_connected,0.998788,True
21741_c6faf98e,topo_connected,8,23144_88ca00a5,topo_connected,0.998781,True
21741_c6faf98e,topo_connected,9,22492_047b125b,topo_connected,0.998678,True
21741_c6faf98e,topo_connected,10,20287_072b5bf6,topo_isolated,0.998424,False
21377_19909a40,topo_isolated,1,21275_c8049742,topo_minimal,0.999999,False
21377_19909a40,topo_isolated,2,22162_439af02a,topo_isolated,0.999999,True
21377_19909a40,topo_isolated,3,20281_a29f9a18,topo_minimal,0.999998,False
21377_19909a40,topo_isolated,4,23128_cb135b1b,topo_minimal,0.999998,False
21377_19909a40,topo_isolated,5,22072_5163223a,topo_moderate,0.999997,False
21377_19909a40,topo_isolated,6,21224_18ba4aba,topo_moderate,0.999997,False
21377_19909a40,topo_isolated,7,22066_308cdcfe,topo_connected,0.999996,False
21377_19909a40,topo_isolated,8,20421_83f66ddc,topo_minimal,0.999995,False
21377_19909a40,topo_isolated,9,21737_87d83240,topo_moderate,0.999995,False
21377_19909a40,topo_isolated,10,20849_9821b6fe,topo_isolated,0.999995,True
23174_8ef93daf,topo_isolated,1,23213_3df3cb34,topo_complex,0.999997,False
23174_8ef93daf,topo_isolated,2,21503_34f299ca,topo_connected,0.999995,False
23174_8ef93daf,topo_isolated,3,23413_6702ec7f,topo_minimal,0.999994,False
23174_8ef93daf,topo_isolated,4,21794_4d137e7d,topo_isolated,0.999989,True
23174_8ef93daf,topo_isolated,5,21549_18160a0a,topo_moderate,0.999989,False
23174_8ef93daf,topo_isolated,6,23028_2ca87745,topo_connected,0.999986,False
23174_8ef93daf,topo_isolated,7,22776_facf9bcf,topo_complex,0.999984,False
23174_8ef93daf,topo_isolated,8,20440_27177360,topo_complex,0.999978,False
23174_8ef93daf,topo_isolated,9,23473_1dfa6e40,topo_complex,0.999977,False
23174_8ef93daf,topo_isolated,10,20688_955aae0c,topo_connected,0.999976,False
22448_1f21757a,topo_connected,1,20755_4b5e61bf,topo_connected,0.999998,True
22448_1f21757a,topo_connected,2,21550_0b16151d,topo_complex,0.999997,False
22448_1f21757a,topo_connected,3,21923_41fa6eda,topo_moderate,0.999992,False
22448_1f21757a,topo_connected,4,20779_fc5a7c3d,topo_connected,0.999992,True
22448_1f21757a,topo_connected,5,20788_d25efea2,topo_connected,0.999991,True
22448_1f21757a,topo_connected,6,21390_4d1e2d9c,topo_moderate,0.999988,False
22448_1f21757a,topo_connected,7,21779_b99623fc,topo_connected,0.999985,True
22448_1f21757a,topo_connected,8,22196_e5bf8c9d,topo_connected,0.999985,True
22448_1f21757a,topo_connected,9,23322_8f85d82d,topo_moderate,0.999985,False
22448_1f21757a,topo_connected,10,21552_4e9c19b1,topo_moderate,0.999982,False
21621_711e1918,topo_complex,1,21539_cfe1f7fd,topo_connected,0.999977,False
21621_711e1918,topo_complex,2,22266_078a1f68,topo_complex,0.999968,True
21621_711e1918,topo_complex,3,22011_0832eefe,topo_connected,0.999952,False
21621_711e1918,topo_complex,4,22035_101c7ab4,topo_connected,0.99995,False
21621_711e1918,topo_complex,5,22082_39503fa6,topo_complex,0.999939,True
21621_711e1918,topo_complex,6,20421_38b63ca5,topo_complex,0.999936,True
21621_711e1918,topo_complex,7,20237_06b27bf5,topo_moderate,0.999927,False
21621_711e1918,topo_complex,8,22376_3ebc82a2,topo_complex,0.999924,True
21621_711e1918,topo_complex,9,23468_a0bfb573,topo_complex,0.99992,True
21621_711e1918,topo_complex,10,23045_a8c4e4bc,topo_complex,0.999919,True
22261_6efe61e3,topo_minimal,1,20340_86125547,topo_minimal,1.0,True
22261_6efe61e3,topo_minimal,2,23199_75dc1efd,topo_minimal,1.0,True
22261_6efe61e3,topo_minimal,3,22178_976d2411,topo_minimal,1.0,True
22261_6efe61e3,topo_minimal,4,20392_8b23d193,topo_minimal,1.0,True
22261_6efe61e3,topo_minimal,5,20241_8c0d3f83,topo_isolated,1.0,False
22261_6efe61e3,topo_minimal,6,20241_ccb70dc8,topo_isolated,1.0,False
22261_6efe61e3,topo_minimal,7,22839_113f2990,topo_minimal,1.0,True
22261_6efe61e3,topo_minimal,8,20342_c140780b,topo_isolated,1.0,False
22261_6efe61e3,topo_minimal,9,19518_f220b68a,topo_isolated,1.0,False
22261_6efe61e3,topo_minimal,10,20429_9dd95c38,topo_isolated,1.0,False
20495_e8e7e80c,topo_moderate,1,23387_c4aa9424,topo_minimal,1.0,False
20495_e8e7e80c,topo_moderate,2,21634_e5e20375,topo_moderate,1.0,True
20495_e8e7e80c,topo_moderate,3,20285_b64b1a7e,topo_minimal,0.999999,False
20495_e8e7e80c,topo_moderate,4,22891_b8c84495,topo_moderate,0.999999,True
20495_e8e7e80c,topo_moderate,5,20940_9777847c,topo_connected,0.999999,False
20495_e8e7e80c,topo_moderate,6,23339_87a4d11f,topo_isolated,0.999999,False
20495_e8e7e80c,topo_moderate,7,23158_c7e753c2,topo_moderate,0.999999,True
20495_e8e7e80c,topo_moderate,8,23369_447545f6,topo_moderate,0.999999,True
20495_e8e7e80c,topo_moderate,9,23236_d5867507,topo_connected,0.999998,False
20495_e8e7e80c,topo_moderate,10,20813_726b2714,topo_minimal,0.999998,False
23282_a1b17daa,topo_complex,1,22065_0d414124,topo_moderate,0.999977,False
23282_a1b17daa,topo_complex,2,22421_19401bdd,topo_complex,0.999963,True
23282_a1b17daa,topo_complex,3,22894_5f7c276d,topo_complex,0.999953,True
23282_a1b17daa,topo_complex,4,20991_6795af4f,topo_isolated,0.999952,False
23282_a1b17daa,topo_complex,5,23101_6aec02ee,topo_complex,0.999942,True
23282_a1b17daa,topo_complex,6,21551_c6c2d516,topo_moderate,0.999918,False
23282_a1b17daa,topo_complex,7,20477_633cca4f,topo_moderate,0.999892,False
23282_a1b17daa,topo_complex,8,22056_79373464,topo_complex,0.999887,True
23282_a1b17daa,topo_complex,9,21182_a480d230,topo_connected,0.999881,False
23282_a1b17daa,topo_complex,10,22419_dfeb5d33,topo_complex,0.999864,True
22078_1758e9fc,topo_moderate,1,21600_0027c6fc,topo_moderate,0.999996,True
22078_1758e9fc,topo_moderate,2,20421_83f66ddc,topo_minimal,0.999996,False
22078_1758e9fc,topo_moderate,3,21048_75cc125c,topo_complex,0.999994,False
22078_1758e9fc,topo_moderate,4,22064_e1ba20dd,topo_moderate,0.999994,True
22078_1758e9fc,topo_moderate,5,23238_3c864758,topo_moderate,0.999993,True
22078_1758e9fc,topo_moderate,6,20232_e5b060d9,topo_connected,0.999993,False
22078_1758e9fc,topo_moderate,7,23354_8182b4eb,topo_isolated,0.999993,False
22078_1758e9fc,topo_moderate,8,22072_5163223a,topo_moderate,0.999993,True
22078_1758e9fc,topo_moderate,9,22345_bc482c26,topo_isolated,0.999991,False
22078_1758e9fc,topo_moderate,10,21737_87d83240,topo_moderate,0.999991,True
21744_5ae4d9d5,topo_connected,1,21063_037107dc,topo_isolated,0.999954,False
21744_5ae4d9d5,topo_connected,2,19566_19d85d3b,topo_complex,0.999916,False
21744_5ae4d9d5,topo_connected,3,23251_3eb3d2e6,topo_minimal,0.999897,False
21744_5ae4d9d5,topo_connected,4,21300_ec7da33e,topo_connected,0.999869,True
21744_5ae4d9d5,topo_connected,5,21024_9be3d461,topo_moderate,0.999857,False
21744_5ae4d9d5,topo_connected,6,23495_6366269c,topo_connected,0.999825,True
21744_5ae4d9d5,topo_connected,7,23282_a1b17daa,topo_complex,0.999796,False
21744_5ae4d9d5,topo_connected,8,22421_19401bdd,topo_complex,0.99979,False
21744_5ae4d9d5,topo_connected,9,22065_0d414124,topo_moderate,0.999764,False
21744_5ae4d9d5,topo_connected,10,21182_a480d230,topo_connected,0.999744,True
22812_cf865ed1,topo_moderate,1,7780_6c885e81,topo_complex,0.999999,False
22812_cf865ed1,topo_moderate,2,22659_0e686e14,topo_moderate,0.999999,True
22812_cf865ed1,topo_moderate,3,21958_e48ddf4e,topo_isolated,0.999999,False
22812_cf865ed1,topo_moderate,4,22617_a286f13c,topo_complex,0.999993,False
22812_cf865ed1,topo_moderate,5,22311_553b3456,topo_complex,0.99999,False
22812_cf865ed1,topo_moderate,6,22638_37f9fe91,topo_connected,0.999988,False
22812_cf865ed1,topo_moderate,7,22197_94c66357,topo_moderate,0.999987,True
22812_cf865ed1,topo_moderate,8,20421_49bd1188,topo_connected,0.999984,False
22812_cf865ed1,topo_moderate,9,21858_f1409ea2,topo_complex,0.999983,False
22812_cf865ed1,topo_moderate,10,22418_2722dfe8,topo_connected,0.999981,False
21566_ff590631,topo_moderate,1,20239_49b65a55,topo_complex,0.999998,False
21566_ff590631,topo_moderate,2,22784_bcace961,topo_isolated,0.999997,False
21566_ff590631,topo_moderate,3,23318_65e3a7c9,topo_minimal,0.999997,False
21566_ff590631,topo_moderate,4,23170_6ea8ded5,topo_moderate,0.999996,True
21566_ff590631,topo_moderate,5,20892_b1f89c8d,topo_minimal,0.999995,False
21566_ff590631,topo_moderate,6,22383_e5f707a7,topo_moderate,0.999994,True
21566_ff590631,topo_moderate,7,22710_77324fc2,topo_moderate,0.999993,True
21566_ff590631,topo_moderate,8,20322_daa5c577,topo_moderate,0.999993,True
21566_ff590631,topo_moderate,9,23214_0c411aa1,topo_connected,0.999991,False
21566_ff590631,topo_moderate,10,22826_199df203,topo_connected,0.999989,False
21337_062b39fa,topo_complex,1,21557_53eafe15,topo_complex,0.999134,True
21337_062b39fa,topo_complex,2,21722_68aeba65,topo_complex,0.998974,True
21337_062b39fa,topo_complex,3,22357_e2f7b060,topo_complex,0.998815,True
21337_062b39fa,topo_complex,4,22298_51433023,topo_connected,0.998791,False
21337_062b39fa,topo_complex,5,22278_12f1fb79,topo_minimal,0.998719,False
21337_062b39fa,topo_complex,6,21797_69df08d5,topo_complex,0.998666,True
21337_062b39fa,topo_complex,7,23154_7c74d190,topo_connected,0.998644,False
21337_062b39fa,topo_complex,8,20636_ca9eb29a,topo_connected,0.998614,False
21337_062b39fa,topo_complex,9,22331_152ee5c0,topo_moderate,0.998547,False
21337_062b39fa,topo_complex,10,23048_8a1a5553,topo_complex,0.998518,True
23467_9f431540,topo_moderate,1,21352_c1101acb,topo_moderate,0.999989,True
23467_9f431540,topo_moderate,2,22417_4a15d62e,topo_connected,0.999985,False
23467_9f431540,topo_moderate,3,22581_406c16c4,topo_moderate,0.999978,True
23467_9f431540,topo_moderate,4,21121_1e9e7540,topo_complex,0.999975,False
23467_9f431540,topo_moderate,5,21153_a2fb81fe,topo_connected,0.999973,False
23467_9f431540,topo_moderate,6,21700_28d193ac,topo_complex,0.999971,False
23467_9f431540,topo_moderate,7,22028_776fbf0d,topo_complex,0.99996,False
23467_9f431540,topo_moderate,8,23130_7417d5b3,topo_complex,0.999951,False
23467_9f431540,topo_moderate,9,21845_dff8b3a1,topo_complex,0.999948,False
23467_9f431540,topo_moderate,10,22168_a84560a9,topo_connected,0.999948,False
22434_2ad62ed6,topo_minimal,1,22245_ca848576,topo_connected,0.999997,False
22434_2ad62ed6,topo_minimal,2,21248_0a862e3e,topo_minimal,0.999988,True
22434_2ad62ed6,topo_minimal,3,23331_192866b6,topo_connected,0.999987,False
22434_2ad62ed6,topo_minimal,4,21549_18160a0a,topo_moderate,0.999987,False
22434_2ad62ed6,topo_minimal,5,20688_955aae0c,topo_connected,0.999987,False
22434_2ad62ed6,topo_minimal,6,20440_27177360,topo_complex,0.999986,False
22434_2ad62ed6,topo_minimal,7,20215_e2eb3082,topo_connected,0.999985,False
22434_2ad62ed6,topo_minimal,8,21794_4d137e7d,topo_isolated,0.999982,False
22434_2ad62ed6,topo_minimal,9,21837_b67d788c,topo_connected,0.999982,False
22434_2ad62ed6,topo_minimal,10,21008_a3fec63b,topo_connected,0.999982,False
22236_db209dff,topo_minimal,1,21573_31a18ad0,topo_moderate,0.999999,False
22236_db209dff,topo_minimal,2,23103_66470b7e,topo_moderate,0.999999,False
22236_db209dff,topo_minimal,3,21882_795be793,topo_moderate,0.999999,False
22236_db209dff,topo_minimal,4,20186_f66e4ad3,topo_minimal,0.999999,True
22236_db209dff,topo_minimal,5,20758_cdccf572,topo_moderate,0.999999,False
22236_db209dff,topo_minimal,6,21776_fb0bfbc6,topo_minimal,0.999999,True
22236_db209dff,topo_minimal,7,22377_d490f505,topo_moderate,0.999999,False
22236_db209dff,topo_minimal,8,21793_4ad5e2c0,topo_minimal,0.999998,True
22236_db209dff,topo_minimal,9,23265_07de6a0b,topo_moderate,0.999998,False
22236_db209dff,topo_minimal,10,21448_5646a1b6,topo_minimal,0.999998,True
20951_2918f2fa,topo_moderate,1,22026_62afa265,topo_minimal,1.0,False
20951_2918f2fa,topo_moderate,2,20838_86c931be,topo_minimal,1.0,False
20951_2918f2fa,topo_moderate,3,21459_a9de5e5b,topo_isolated,1.0,False
20951_2918f2fa,topo_moderate,4,20193_2da4f0a0,topo_minimal,1.0,False
20951_2918f2fa,topo_moderate,5,21495_ebbbd369,topo_moderate,1.0,True
20951_2918f2fa,topo_moderate,6,22844_9b75b8e0,topo_moderate,1.0,True
20951_2918f2fa,topo_moderate,7,22508_6bb410af,topo_minimal,1.0,False
20951_2918f2fa,topo_moderate,8,20478_c02790cb,topo_minimal,1.0,False
20951_2918f2fa,topo_moderate,9,22075_12b129d5,topo_isolated,0.999999,False
20951_2918f2fa,topo_moderate,10,20671_33532794,topo_minimal,0.999999,False
21186_d1698d8c,topo_complex,1,21467_67965037,topo_complex,0.999998,True
21186_d1698d8c,topo_complex,2,22577_cd96733e,topo_moderate,0.999997,False
21186_d1698d8c,topo_complex,3,23221_42f37ae3,topo_moderate,0.999996,False
21186_d1698d8c,topo_complex,4,21528_a5d5490f,topo_connected,0.999994,False
21186_d1698d8c,topo_complex,5,21912_3f74887c,topo_connected,0.999994,False
21186_d1698d8c,topo_complex,6,21292_f94bd96b,topo_connected,0.999994,False
21186_d1698d8c,topo_complex,7,21497_9833a679,topo_moderate,0.999993,False
21186_d1698d8c,topo_complex,8,22095_af226cbc,topo_complex,0.999993,True
21186_d1698d8c,topo_complex,9,22729_232da678,topo_connected,0.999992,False
21186_d1698d8c,topo_complex,10,21176_b5c72bfb,topo_moderate,0.999991,False
20609_69f28932,topo_moderate,1,23308_245d257c,topo_moderate,0.999999,True
20609_69f28932,topo_moderate,2,21497_9833a679,topo_moderate,0.999999,True
20609_69f28932,topo_moderate,3,21292_f94bd96b,topo_connected,0.999998,False
20609_69f28932,topo_moderate,4,23102_211ad1db,topo_isolated,0.999997,False
20609_69f28932,topo_moderate,5,21478_8fbd4409,topo_moderate,0.999997,True
20609_69f28932,topo_moderate,6,20789_1809f41f,topo_moderate,0.999997,True
20609_69f28932,topo_moderate,7,22092_897b0ffa,topo_moderate,0.999996,True
20609_69f28932,topo_moderate,8,21467_67965037,topo_complex,0.999993,False
20609_69f28932,topo_moderate,9,20229_d1ae2ae3,topo_connected,0.999993,False
20609_69f28932,topo_moderate,10,23374_57cca189,topo_connected,0.999992,False
22064_e1ba20dd,topo_moderate,1,23238_3c864758,topo_moderate,0.999999,True
22064_e1ba20dd,topo_moderate,2,23435_e1c96b4d,topo_moderate,0.999998,True
22064_e1ba20dd,topo_moderate,3,20421_83f66ddc,topo_minimal,0.999997,False
22064_e1ba20dd,topo_moderate,4,21600_0027c6fc,topo_moderate,0.999997,True
22064_e1ba20dd,topo_moderate,5,21737_87d83240,topo_moderate,0.999997,True
22064_e1ba20dd,topo_moderate,6,21048_75cc125c,topo_complex,0.999996,False
22064_e1ba20dd,topo_moderate,7,20232_e5b060d9,topo_connected,0.999995,False
22064_e1ba20dd,topo_moderate,8,22681_124bf3a9,topo_moderate,0.999995,True
22064_e1ba20dd,topo_moderate,9,22072_5163223a,topo_moderate,0.999994,True
22064_e1ba20dd,topo_moderate,10,21706_adfb2ece,topo_moderate,0.999994,True
21008_a3fec63b,topo_connected,1,23331_192866b6,topo_connected,0.999999,True
21008_a3fec63b,topo_connected,2,20215_e2eb3082,topo_connected,0.999998,True
21008_a3fec63b,topo_connected,3,20688_955aae0c,topo_connected,0.999995,True
21008_a3fec63b,topo_connected,4,22002_315afcfc,topo_complex,0.999994,False
21008_a3fec63b,topo_connected,5,23172_4ab01e83,topo_connected,0.999994,True
21008_a3fec63b,topo_connected,6,20440_27177360,topo_complex,0.999993,False
21008_a3fec63b,topo_connected,7,21549_18160a0a,topo_moderate,0.999993,False
21008_a3fec63b,topo_connected,8,21794_4d137e7d,topo_isolated,0.999992,False
21008_a3fec63b,topo_connected,9,21837_b67d788c,topo_connected,0.999988,True
21008_a3fec63b,topo_connected,10,22586_ff3651b2,topo_moderate,0.999988,False
21739_57582b8f,topo_connected,1,22764_b884dce6,topo_moderate,0.999903,False
21739_57582b8f,topo_connected,2,21329_1bfecd1d,topo_connected,0.999876,True
21739_57582b8f,topo_connected,3,22787_49022c32,topo_complex,0.999813,False
21739_57582b8f,topo_connected,4,20636_ca9eb29a,topo_connected,0.9998,True
21739_57582b8f,topo_connected,5,23048_8a1a5553,topo_complex,0.999696,False
21739_57582b8f,topo_connected,6,22357_e2f7b060,topo_complex,0.99961,False
21739_57582b8f,topo_connected,7,20668_b2f2633e,topo_complex,0.999605,False
21739_57582b8f,topo_connected,8,21093_1bda9bbe,topo_isolated,0.999595,False
21739_57582b8f,topo_connected,9,21557_53eafe15,topo_complex,0.999553,False
21739_57582b8f,topo_connected,10,21762_90d34d16,topo_moderate,0.999435,False
21990_7bb6efcf,topo_isolated,1,21810_718ae2fe,topo_moderate,1.0,False
21990_7bb6efcf,topo_isolated,2,20212_5d1f2de1,topo_moderate,0.999999,False
21990_7bb6efcf,topo_isolated,3,20910_c64b5d1b,topo_minimal,0.999999,False
21990_7bb6efcf,topo_isolated,4,20810_f6674f2d,topo_isolated,0.999998,True
21990_7bb6efcf,topo_isolated,5,20822_5bb36119,topo_isolated,0.999998,True
21990_7bb6efcf,topo_isolated,6,21761_fdb5f86d,topo_moderate,0.999998,False
21990_7bb6efcf,topo_isolated,7,22747_3f6faf4c,topo_connected,0.999998,False
21990_7bb6efcf,topo_isolated,8,21825_ce32b0a0,topo_minimal,0.999997,False
21990_7bb6efcf,topo_isolated,9,23103_43bde2a6,topo_minimal,0.999997,False
21990_7bb6efcf,topo_isolated,10,20756_75f43564,topo_minimal,0.999997,False
22357_e2f7b060,topo_complex,1,20636_ca9eb29a,topo_connected,0.999867,False
22357_e2f7b060,topo_complex,2,22787_49022c32,topo_complex,0.999724,True
22357_e2f7b060,topo_complex,3,23048_8a1a5553,topo_complex,0.999698,True
22357_e2f7b060,topo_complex,4,21329_1bfecd1d,topo_connected,0.999623,False
22357_e2f7b060,topo_complex,5,21739_57582b8f,topo_connected,0.99961,False
22357_e2f7b060,topo_complex,6,7778_3a9748b3,topo_complex,0.99959,True
22357_e2f7b060,topo_complex,7,23154_7c74d190,topo_connected,0.99958,False
22357_e2f7b060,topo_complex,8,21557_53eafe15,topo_complex,0.99957,True
22357_e2f7b060,topo_complex,9,22764_b884dce6,topo_moderate,0.999547,False
22357_e2f7b060,topo_complex,10,21762_90d34d16,topo_moderate,0.999375,False
23021_047d1f8a,topo_isolated,1,21062_c4ed6d45,topo_minimal,0.999999,False
23021_047d1f8a,topo_isolated,2,21495_ebbbd369,topo_moderate,0.999999,False
23021_047d1f8a,topo_isolated,3,20193_2da4f0a0,topo_minimal,0.999999,False
23021_047d1f8a,topo_isolated,4,21459_a9de5e5b,topo_isolated,0.999999,True
23021_047d1f8a,topo_isolated,5,20838_86c931be,topo_minimal,0.999999,False
23021_047d1f8a,topo_isolated,6,20671_33532794,topo_minimal,0.999999,False
23021_047d1f8a,topo_isolated,7,20951_2918f2fa,topo_moderate,0.999999,False
23021_047d1f8a,topo_isolated,8,22844_9b75b8e0,topo_moderate,0.999999,False
23021_047d1f8a,topo_isolated,9,22026_62afa265,topo_minimal,0.999999,False
23021_047d1f8a,topo_isolated,10,23022_86e6a8a0,topo_moderate,0.999999,False
20812_462bd352,topo_minimal,1,23440_5956321f,topo_isolated,0.999999,False
20812_462bd352,topo_minimal,2,20756_75f43564,topo_minimal,0.999999,True
20812_462bd352,topo_minimal,3,22747_3f6faf4c,topo_connected,0.999999,False
20812_462bd352,topo_minimal,4,20910_c64b5d1b,topo_minimal,0.999998,True
20812_462bd352,topo_minimal,5,21848_0fff9631,topo_isolated,0.999998,False
20812_462bd352,topo_minimal,6,23265_07de6a0b,topo_moderate,0.999998,False
20812_462bd352,topo_minimal,7,21793_4ad5e2c0,topo_minimal,0.999998,True
20812_462bd352,topo_minimal,8,20412_42170125,topo_moderate,0.999997,False
20812_462bd352,topo_minimal,9,21611_1d3ff1b6,topo_isolated,0.999997,False
20812_462bd352,topo_minimal,10,21617_ddd3657b,topo_isolated,0.999997,False
21119_4f5c95a6,topo_minimal,1,21139_cd619b26,topo_minimal,1.0,True
21119_4f5c95a6,topo_minimal,2,20804_0dcacc66,topo_minimal,1.0,True
21119_4f5c95a6,topo_minimal,3,20429_4c909f3f,topo_isolated,1.0,False
21119_4f5c95a6,topo_minimal,4,20332_0c2a24aa,topo_minimal,1.0,True
21119_4f5c95a6,topo_minimal,5,22839_113f2990,topo_minimal,1.0,True
21119_4f5c95a6,topo_minimal,6,22142_7891a26a,topo_minimal,1.0,True
21119_4f5c95a6,topo_minimal,7,20241_8c0d3f83,topo_isolated,1.0,False
21119_4f5c95a6,topo_minimal,8,20241_ccb70dc8,topo_isolated,1.0,False
21119_4f5c95a6,topo_minimal,9,21243_3ec5d732,topo_minimal,1.0,True
21119_4f5c95a6,topo_minimal,10,20898_5f5b9bc7,topo_minimal,1.0,True
21174_861bd902,topo_moderate,1,23419_ea47995f,topo_complex,0.999916,False
21174_861bd902,topo_moderate,2,21697_06656699,topo_connected,0.999913,False
21174_861bd902,topo_moderate,3,21709_4dd88551,topo_connected,0.999902,False
21174_861bd902,topo_moderate,4,22491_a33562ad,topo_complex,0.999901,False
21174_861bd902,topo_moderate,5,23168_7fdf5427,topo_complex,0.9999,False
21174_861bd902,topo_moderate,6,20697_d3e106b4,topo_complex,0.999891,False
21174_861bd902,topo_moderate,7,20421_0fd51709,topo_connected,0.999882,False
21174_861bd902,topo_moderate,8,23329_6939d5d9,topo_complex,0.999879,False
21174_861bd902,topo_moderate,9,20643_71ad3d26,topo_minimal,0.999859,False
21174_861bd902,topo_moderate,10,21121_1e9e7540,topo_complex,0.999855,False
22057_4947db57,topo_minimal,1,20682_e208cc63,topo_isolated,1.0,False
22057_4947db57,topo_minimal,2,21961_1a090a8b,topo_isolated,0.999999,False
22057_4947db57,topo_minimal,3,22892_68138f24,topo_minimal,0.999997,True
22057_4947db57,topo_minimal,4,22141_5db99710,topo_moderate,0.999996,False
22057_4947db57,topo_minimal,5,21176_b5c72bfb,topo_moderate,0.999995,False
22057_4947db57,topo_minimal,6,22095_af226cbc,topo_complex,0.999995,False
22057_4947db57,topo_minimal,7,22313_3a8b93dc,topo_connected,0.999994,False
22057_4947db57,topo_minimal,8,23221_42f37ae3,topo_moderate,0.999991,False
22057_4947db57,topo_minimal,9,21706_adfb2ece,topo_moderate,0.99999,False
22057_4947db57,topo_minimal,10,21603_98a15295,topo_minimal,0.99999,True
20858_15bdad00,topo_complex,1,22376_3ebc82a2,topo_complex,0.999983,True
20858_15bdad00,topo_complex,2,22534_e899f645,topo_complex,0.999982,True
20858_15bdad00,topo_complex,3,21601_360ce1c7,topo_connected,0.999975,False
20858_15bdad00,topo_complex,4,22082_39503fa6,topo_complex,0.999975,True
20858_15bdad00,topo_complex,5,22980_3cb3bcc8,topo_complex,0.999974,True
20858_15bdad00,topo_complex,6,19810_f77c5501,topo_complex,0.999967,True
20858_15bdad00,topo_complex,7,20421_38b63ca5,topo_complex,0.999966,True
20858_15bdad00,topo_complex,8,20389_c835706f,topo_moderate,0.99996,False
20858_15bdad00,topo_complex,9,22266_078a1f68,topo_complex,0.999934,True
20858_15bdad00,topo_complex,10,23493_57512264,topo_complex,0.999918,True
20384_767d849a,topo_minimal,1,20806_ca60b7ae,topo_minimal,1.0,True
20384_767d849a,topo_minimal,2,21862_ec534e16,topo_minimal,1.0,True
20384_767d849a,topo_minimal,3,22136_a539c50b,topo_isolated,0.999999,False
20384_767d849a,topo_minimal,4,23163_7b143a6f,topo_moderate,0.999999,False
20384_767d849a,topo_minimal,5,20478_c02790cb,topo_minimal,0.999998,True
20384_767d849a,topo_minimal,6,22147_12995368,topo_moderate,0.999998,False
20384_767d849a,topo_minimal,7,22472_f65d3470,topo_isolated,0.999998,False
20384_767d849a,topo_minimal,8,22026_62afa265,topo_minimal,0.999998,True
20384_767d849a,topo_minimal,9,20951_2918f2fa,topo_moderate,0.999998,False
20384_767d849a,topo_minimal,10,20429_9dd95c38,topo_isolated,0.999998,False
22059_b7d76712,topo_connected,1,23008_3d1bb7b2,topo_minimal,0.999998,False
22059_b7d76712,topo_connected,2,23037_d0df320c,topo_minimal,0.999995,False
22059_b7d76712,topo_connected,3,21513_50fb4d62,topo_connected,0.999995,True
22059_b7d76712,topo_connected,4,20925_dc64a33a,topo_moderate,0.999995,False
22059_b7d76712,topo_connected,5,22710_77324fc2,topo_moderate,0.999995,False
22059_b7d76712,topo_connected,6,23036_7f9d143f,topo_connected,0.999995,True
22059_b7d76712,topo_connected,7,22561_067b78ae,topo_moderate,0.999994,False
22059_b7d76712,topo_connected,8,23501_6c48b3c1,topo_complex,0.999992,False
22059_b7d76712,topo_connected,9,22461_0ba0e480,topo_connected,0.999992,True
22059_b7d76712,topo_connected,10,22312_3f366a4a,topo_connected,0.999991,True
22197_94c66357,topo_moderate,1,21858_f1409ea2,topo_complex,0.999998,False
22197_94c66357,topo_moderate,2,22612_28fe0ac2,topo_connected,0.999995,False
22197_94c66357,topo_moderate,3,22617_a286f13c,topo_complex,0.999994,False
22197_94c66357,topo_moderate,4,22659_0e686e14,topo_moderate,0.99999,True
22197_94c66357,topo_moderate,5,20421_49bd1188,topo_connected,0.99999,False
22197_94c66357,topo_moderate,6,20628_e0551f7c,topo_connected,0.999989,False
22197_94c66357,topo_moderate,7,20182_71b9e491,topo_connected,0.999988,False
22197_94c66357,topo_moderate,8,22638_37f9fe91,topo_connected,0.999987,False
22197_94c66357,topo_moderate,9,22812_cf865ed1,topo_moderate,0.999987,True
22197_94c66357,topo_moderate,10,21974_1997ebc3,topo_moderate,0.999985,True
22080_594bcb66,topo_minimal,1,21592_c5e77a82,topo_connected,0.995547,False
22080_594bcb66,topo_minimal,2,23305_2662b29a,topo_minimal,0.976776,True
22080_594bcb66,topo_minimal,3,22852_dc1dbed6,topo_moderate,0.96809,False
22080_594bcb66,topo_minimal,4,21423_196855d1,topo_minimal,0.964888,True
22080_594bcb66,topo_minimal,5,21856_f84d9348,topo_moderate,0.949904,False
22080_594bcb66,topo_minimal,6,21426_51651a10,topo_isolated,0.926781,False
22080_594bcb66,topo_minimal,7,21165_5cb2d287,topo_isolated,0.902076,False
22080_594bcb66,topo_minimal,8,21496_f4025ad5,topo_isolated,0.889957,False
22080_594bcb66,topo_minimal,9,21453_679a343c,topo_isolated,0.88923,False
22080_594bcb66,topo_minimal,10,22017_6d3be48d,topo_complex,0.886927,False
21450_ea24ffcc,topo_connected,1,20351_dc6e4e1e,topo_connected,0.998738,True
21450_ea24ffcc,topo_connected,2,21582_a3d32115,topo_moderate,0.998037,False
21450_ea24ffcc,topo_connected,3,21244_24c3ce72,topo_complex,0.9978,False
21450_ea24ffcc,topo_connected,4,21421_fb12b69b,topo_complex,0.997416,False
21450_ea24ffcc,topo_connected,5,22483_f4e4b62a,topo_complex,0.997145,False
21450_ea24ffcc,topo_connected,6,23258_87a2ba81,topo_complex,0.996652,False
21450_ea24ffcc,topo_connected,7,22079_31335df2,topo_connected,0.996294,True
21450_ea24ffcc,topo_connected,8,20737_5249e274,topo_connected,0.995875,True
21450_ea24ffcc,topo_connected,9,23310_7daded69,topo_complex,0.99557,False
21450_ea24ffcc,topo_connected,10,21718_1551037b,topo_moderate,0.994916,False
20799_213bf924,topo_complex,1,20675_66ac9773,topo_complex,0.99945,True
20799_213bf924,topo_complex,2,22125_e3a4cad4,topo_complex,0.998945,True
20799_213bf924,topo_complex,3,22415_658c81dd,topo_complex,0.998809,True
20799_213bf924,topo_complex,4,21859_35124f79,topo_complex,0.997038,True
20799_213bf924,topo_complex,5,20546_87dbd755,topo_complex,0.991459,True
20799_213bf924,topo_complex,6,21647_6b6cca6f,topo_complex,0.987361,True
20799_213bf924,topo_complex,7,21926_b4c7068b,topo_complex,0.984321,True
20799_213bf924,topo_complex,8,22404_66db7dd7,topo_connected,0.983309,False
20799_213bf924,topo_complex,9,23511_8651ac1f,topo_connected,0.982777,False
20799_213bf924,topo_complex,10,22717_08784417,topo_connected,0.98151,False
20504_c9e14c9d,topo_connected,1,20157_db99ab88,topo_moderate,0.999994,False
20504_c9e14c9d,topo_connected,2,23034_b38134ee,topo_connected,0.999994,True
20504_c9e14c9d,topo_connected,3,20329_414757bb,topo_connected,0.999989,True
20504_c9e14c9d,topo_connected,4,23152_6f2706c9,topo_moderate,0.999988,False
20504_c9e14c9d,topo_connected,5,23035_6087bb57,topo_connected,0.999986,True
20504_c9e14c9d,topo_connected,6,21185_ac5324ba,topo_moderate,0.999984,False
20504_c9e14c9d,topo_connected,7,20322_5a8c6077,topo_moderate,0.999983,False
20504_c9e14c9d,topo_connected,8,22232_cb53774e,topo_connected,0.999983,True
20504_c9e14c9d,topo_connected,9,23323_075a079e,topo_moderate,0.999982,False
20504_c9e14c9d,topo_connected,10,22680_1f4026f6,topo_moderate,0.999982,False
21533_8837772a,topo_moderate,1,22498_b8bdb105,topo_minimal,1.0,False
21533_8837772a,topo_moderate,2,22899_5b97e4f5,topo_minimal,1.0,False
21533_8837772a,topo_moderate,3,23022_86e6a8a0,topo_moderate,0.999999,True
21533_8837772a,topo_moderate,4,21690_5d1f3475,topo_moderate,0.999999,True
21533_8837772a,topo_moderate,5,22180_ce7c3bd8,topo_minimal,0.999999,False
21533_8837772a,topo_moderate,6,22749_346e10ae,topo_minimal,0.999999,False
21533_8837772a,topo_moderate,7,21570_9cb1d1c4,topo_minimal,0.999998,False
21533_8837772a,topo_moderate,8,20259_de1ab632,topo_minimal,0.999998,False
21533_8837772a,topo_moderate,9,21495_ebbbd369,topo_moderate,0.999997,True
21533_8837772a,topo_moderate,10,20671_33532794,topo_minimal,0.999997,False
20436_41b730a3,topo_isolated,1,21451_fea6f0d1,topo_isolated,1.0,True
20436_41b730a3,topo_isolated,2,20927_826f4b56,topo_isolated,1.0,True
20436_41b730a3,topo_isolated,3,23343_f000bdae,topo_isolated,1.0,True
20436_41b730a3,topo_isolated,4,20469_b6211bfd,topo_minimal,1.0,False
20436_41b730a3,topo_isolated,5,21911_429c1a72,topo_isolated,0.999999,True
20436_41b730a3,topo_isolated,6,20429_419c4cdd,topo_isolated,0.999999,True
20436_41b730a3,topo_isolated,7,20705_ac2a0325,topo_isolated,0.999999,True
20436_41b730a3,topo_isolated,8,20426_79358492,topo_isolated,0.999999,True
20436_41b730a3,topo_isolated,9,20551_ff28a959,topo_isolated,0.999999,True
20436_41b730a3,topo_isolated,10,20672_0bc07cce,topo_minimal,0.999999,False
20229_d1ae2ae3,topo_connected,1,22092_897b0ffa,topo_moderate,0.999999,False
20229_d1ae2ae3,topo_connected,2,23372_4cb88567,topo_isolated,0.999996,False
20229_d1ae2ae3,topo_connected,3,23363_60e39812,topo_complex,0.999996,False
20229_d1ae2ae3,topo_connected,4,20554_abcb705e,topo_moderate,0.999996,False
20229_d1ae2ae3,topo_connected,5,21292_f94bd96b,topo_connected,0.999996,True
20229_d1ae2ae3,topo_connected,6,20511_e1b972aa,topo_moderate,0.999995,False
20229_d1ae2ae3,topo_connected,7,22729_232da678,topo_connected,0.999995,True
20229_d1ae2ae3,topo_connected,8,23374_57cca189,topo_connected,0.999995,True
20229_d1ae2ae3,topo_connected,9,21529_93e51dd9,topo_connected,0.999995,True
20229_d1ae2ae3,topo_connected,10,21912_3f74887c,topo_connected,0.999994,True
21244_d67bbabc,topo_complex,1,22079_31335df2,topo_connected,0.999632,False
21244_d67bbabc,topo_complex,2,22430_c6f08b03,topo_complex,0.99944,True
21244_d67bbabc,topo_complex,3,20533_0a3e112b,topo_connected,0.999314,False
21244_d67bbabc,topo_complex,4,21421_fb12b69b,topo_complex,0.99907,True
21244_d67bbabc,topo_complex,5,22483_f4e4b62a,topo_complex,0.999017,True
21244_d67bbabc,topo_complex,6,23422_f214bd4d,topo_complex,0.998905,True
21244_d67bbabc,topo_complex,7,21244_24c3ce72,topo_complex,0.998447,True
21244_d67bbabc,topo_complex,8,21582_a3d32115,topo_moderate,0.997519,False
21244_d67bbabc,topo_complex,9,21005_9feee615,topo_isolated,0.997092,False
21244_d67bbabc,topo_complex,10,21656_964b0c84,topo_complex,0.996975,True
23318_65e3a7c9,topo_minimal,1,20239_49b65a55,topo_complex,1.0,False
23318_65e3a7c9,topo_minimal,2,22383_e5f707a7,topo_moderate,0.999998,False
23318_65e3a7c9,topo_minimal,3,21566_ff590631,topo_moderate,0.999997,False
23318_65e3a7c9,topo_minimal,4,22826_199df203,topo_connected,0.999996,False
23318_65e3a7c9,topo_minimal,5,23170_6ea8ded5,topo_moderate,0.999996,False
23318_65e3a7c9,topo_minimal,6,20322_daa5c577,topo_moderate,0.999993,False
23318_65e3a7c9,topo_minimal,7,23214_0c411aa1,topo_connected,0.999993,False
23318_65e3a7c9,topo_minimal,8,20892_b1f89c8d,topo_minimal,0.999993,True
23318_65e3a7c9,topo_minimal,9,20322_5a8c6077,topo_moderate,0.999993,False
23318_65e3a7c9,topo_minimal,10,22784_bcace961,topo_isolated,0.99999,False
22893_eb8aa8ac,topo_minimal,1,23155_d7305c5f,topo_complex,0.999992,False
22893_eb8aa8ac,topo_minimal,2,21843_effbd24d,topo_connected,0.99999,False
22893_eb8aa8ac,topo_minimal,3,22652_dc7405ef,topo_connected,0.99998,False
22893_eb8aa8ac,topo_minimal,4,21511_d07c59c2,topo_connected,0.99998,False
22893_eb8aa8ac,topo_minimal,5,21838_5bc448b4,topo_moderate,0.999977,False
22893_eb8aa8ac,topo_minimal,6,19596_fb9531a5,topo_complex,0.999958,False
22893_eb8aa8ac,topo_minimal,7,21081_72fa4ad1,topo_moderate,0.999927,False
22893_eb8aa8ac,topo_minimal,8,22360_42cd6a21,topo_moderate,0.999908,False
22893_eb8aa8ac,topo_minimal,9,22168_a84560a9,topo_connected,0.999902,False
22893_eb8aa8ac,topo_minimal,10,21845_dff8b3a1,topo_complex,0.999895,False
23409_e27e3b8b,topo_isolated,1,20743_c8ea8159,topo_minimal,1.0,False
23409_e27e3b8b,topo_isolated,2,23128_cb135b1b,topo_minimal,0.999998,False
23409_e27e3b8b,topo_isolated,3,21275_c8049742,topo_minimal,0.999997,False
23409_e27e3b8b,topo_isolated,4,21706_adfb2ece,topo_moderate,0.999996,False
23409_e27e3b8b,topo_isolated,5,21424_9d516e3a,topo_minimal,0.999996,False
23409_e27e3b8b,topo_isolated,6,22162_439af02a,topo_isolated,0.999996,True
23409_e27e3b8b,topo_isolated,7,22072_5163223a,topo_moderate,0.999996,False
23409_e27e3b8b,topo_isolated,8,23238_3c864758,topo_moderate,0.999996,False
23409_e27e3b8b,topo_isolated,9,22313_3a8b93dc,topo_connected,0.999996,False
23409_e27e3b8b,topo_isolated,10,21737_87d83240,topo_moderate,0.999996,False
22066_308cdcfe,topo_connected,1,20281_a29f9a18,topo_minimal,0.999999,False
22066_308cdcfe,topo_connected,2,21912_3f74887c,topo_connected,0.999998,True
22066_308cdcfe,topo_connected,3,21528_a5d5490f,topo_connected,0.999998,True
22066_308cdcfe,topo_connected,4,22729_232da678,topo_connected,0.999998,True
22066_308cdcfe,topo_connected,5,21224_18ba4aba,topo_moderate,0.999997,False
22066_308cdcfe,topo_connected,6,23372_4cb88567,topo_isolated,0.999997,False
22066_308cdcfe,topo_connected,7,20511_e1b972aa,topo_moderate,0.999997,False
22066_308cdcfe,topo_connected,8,20414_a33bd0d7,topo_moderate,0.999997,False
22066_308cdcfe,topo_connected,9,23245_ccd099b6,topo_connected,0.999997,True
22066_308cdcfe,topo_connected,10,21377_19909a40,topo_isolated,0.999996,False
23363_60e39812,topo_complex,1,22092_897b0ffa,topo_moderate,0.999996,False
23363_60e39812,topo_complex,2,20229_d1ae2ae3,topo_connected,0.999996,False
23363_60e39812,topo_complex,3,20511_e1b972aa,topo_moderate,0.999995,False
23363_60e39812,topo_complex,4,23372_4cb88567,topo_isolated,0.999995,False
23363_60e39812,topo_complex,5,20554_abcb705e,topo_moderate,0.999994,False
23363_60e39812,topo_complex,6,20408_b4fda9eb,topo_moderate,0.999994,False
23363_60e39812,topo_complex,7,20815_b3d9e6c9,topo_minimal,0.999994,False
23363_60e39812,topo_complex,8,23374_57cca189,topo_connected,0.999993,False
23363_60e39812,topo_complex,9,20817_ef63b1a7,topo_minimal,0.999993,False
23363_60e39812,topo_complex,10,22218_2f85f6ae,topo_connected,0.999992,False
20737_5249e274,topo_connected,1,23258_87a2ba81,topo_complex,0.999639,False
20737_5249e274,topo_connected,2,20745_3e22ad07,topo_moderate,0.99896,False
20737_5249e274,topo_connected,3,23310_7daded69,topo_complex,0.997355,False
20737_5249e274,topo_connected,4,20351_dc6e4e1e,topo_connected,0.996236,True
20737_5249e274,topo_connected,5,21450_ea24ffcc,topo_connected,0.995875,True
20737_5249e274,topo_connected,6,21718_1551037b,topo_moderate,0.994522,False
20737_5249e274,topo_connected,7,21421_fb12b69b,topo_complex,0.994436,False
20737_5249e274,topo_connected,8,21244_24c3ce72,topo_complex,0.99361,False
20737_5249e274,topo_connected,9,21316_69ed56f5,topo_complex,0.993163,False
20737_5249e274,topo_connected,10,22079_31335df2,topo_connected,0.992273,True
23329_6939d5d9,topo_complex,1,20421_0fd51709,topo_connected,0.999994,False
23329_6939d5d9,topo_complex,2,23168_7fdf5427,topo_complex,0.999986,True
23329_6939d5d9,topo_complex,3,20697_d3e106b4,topo_complex,0.999976,True
23329_6939d5d9,topo_complex,4,22528_f3370a64,topo_isolated,0.999964,False
23329_6939d5d9,topo_complex,5,23419_ea47995f,topo_complex,0.999962,True
23329_6939d5d9,topo_complex,6,21918_976c2754,topo_complex,0.999955,True
23329_6939d5d9,topo_complex,7,20643_71ad3d26,topo_minimal,0.999933,False
23329_6939d5d9,topo_complex,8,22491_a33562ad,topo_complex,0.999904,True
23329_6939d5d9,topo_complex,9,21708_e61bd657,topo_moderate,0.999892,False
23329_6939d5d9,topo_complex,10,21174_861bd902,topo_moderate,0.999879,False
21884_cc2c39f9,topo_moderate,1,23339_87a4d11f,topo_isolated,0.999984,False
21884_cc2c39f9,topo_moderate,2,22050_e8702dd4,topo_connected,0.99998,False
21884_cc2c39f9,topo_moderate,3,20940_9777847c,topo_connected,0.999978,False
21884_cc2c39f9,topo_moderate,4,20495_e8e7e80c,topo_moderate,0.999977,True
21884_cc2c39f9,topo_moderate,5,21634_e5e20375,topo_moderate,0.999977,True
21884_cc2c39f9,topo_moderate,6,23158_c7e753c2,topo_moderate,0.999977,True
21884_cc2c39f9,topo_moderate,7,20970_d20c6c35,topo_connected,0.999976,False
21884_cc2c39f9,topo_moderate,8,21625_d5d4c9a7,topo_moderate,0.999976,True
21884_cc2c39f9,topo_moderate,9,23236_d5867507,topo_connected,0.999976,False
21884_cc2c39f9,topo_moderate,10,20285_b64b1a7e,topo_minimal,0.999976,False
20231_f54462bb,topo_isolated,1,21267_35a558cc,topo_isolated,1.0,True
20231_f54462bb,topo_isolated,2,20376_eefa9511,topo_isolated,1.0,True
20231_f54462bb,topo_isolated,3,20479_77930584,topo_isolated,1.0,True
20231_f54462bb,topo_isolated,4,20466_4b3e5186,topo_minimal,1.0,False
20231_f54462bb,topo_isolated,5,23442_28996649,topo_isolated,1.0,True
20231_f54462bb,topo_isolated,6,20672_0bc07cce,topo_minimal,1.0,False
20231_f54462bb,topo_isolated,7,20426_79358492,topo_isolated,1.0,True
20231_f54462bb,topo_isolated,8,20705_ac2a0325,topo_isolated,1.0,True
20231_f54462bb,topo_isolated,9,20188_98b86c0f,topo_moderate,1.0,False
20231_f54462bb,topo_isolated,10,21243_3ec5d732,topo_minimal,1.0,False
20322_5a8c6077,topo_moderate,1,22826_199df203,topo_connected,0.999999,False
20322_5a8c6077,topo_moderate,2,22383_e5f707a7,topo_moderate,0.999998,True
20322_5a8c6077,topo_moderate,3,23214_0c411aa1,topo_connected,0.999997,False
20322_5a8c6077,topo_moderate,4,21563_c72d37a2,topo_moderate,0.999995,True
20322_5a8c6077,topo_moderate,5,22680_1f4026f6,topo_moderate,0.999993,True
20322_5a8c6077,topo_moderate,6,23318_65e3a7c9,topo_minimal,0.999993,False
20322_5a8c6077,topo_moderate,7,20239_49b65a55,topo_complex,0.999991,False
20322_5a8c6077,topo_moderate,8,20892_b1f89c8d,topo_minimal,0.99999,False
20322_5a8c6077,topo_moderate,9,21594_428d32af,topo_isolated,0.99999,False
20322_5a8c6077,topo_moderate,10,22983_0ab3faaf,topo_minimal,0.99999,False
22528_f3370a64,topo_isolated,1,20697_d3e106b4,topo_complex,0.999987,False
22528_f3370a64,topo_isolated,2,20421_0fd51709,topo_connected,0.999984,False
22528_f3370a64,topo_isolated,3,23329_6939d5d9,topo_complex,0.999964,False
22528_f3370a64,topo_isolated,4,23002_4d53fb3f,topo_moderate,0.999956,False
22528_f3370a64,topo_isolated,5,21708_e61bd657,topo_moderate,0.99992,False
22528_f3370a64,topo_isolated,6,23168_7fdf5427,topo_complex,0.999918,False
22528_f3370a64,topo_isolated,7,22491_a33562ad,topo_complex,0.999902,False
22528_f3370a64,topo_isolated,8,23419_ea47995f,topo_complex,0.9999,False
22528_f3370a64,topo_isolated,9,23162_7e2f3d77,topo_connected,0.999895,False
22528_f3370a64,topo_isolated,10,21918_976c2754,topo_complex,0.999864,False
22168_a84560a9,topo_connected,1,22028_776fbf0d,topo_complex,0.999995,False
22168_a84560a9,topo_connected,2,21845_dff8b3a1,topo_complex,0.999977,False
22168_a84560a9,topo_connected,3,21081_72fa4ad1,topo_moderate,0.999966,False
22168_a84560a9,topo_connected,4,23130_7417d5b3,topo_complex,0.999956,False
22168_a84560a9,topo_connected,5,23313_210c6783,topo_connected,0.999954,True
22168_a84560a9,topo_connected,6,21352_c1101acb,topo_moderate,0.99995,False
22168_a84560a9,topo_connected,7,23467_9f431540,topo_moderate,0.999948,False
22168_a84560a9,topo_connected,8,22360_42cd6a21,topo_moderate,0.999946,False
22168_a84560a9,topo_connected,9,21838_5bc448b4,topo_moderate,0.999946,False
22168_a84560a9,topo_connected,10,22070_fd1b8e5e,topo_connected,0.999945,True
21513_50fb4d62,topo_connected,1,23036_7f9d143f,topo_connected,0.999997,True
21513_50fb4d62,topo_connected,2,23172_4ab01e83,topo_connected,0.999996,True
21513_50fb4d62,topo_connected,3,22059_b7d76712,topo_connected,0.999995,True
21513_50fb4d62,topo_connected,4,20925_dc64a33a,topo_moderate,0.999992,False
21513_50fb4d62,topo_connected,5,23008_3d1bb7b2,topo_minimal,0.999992,False
21513_50fb4d62,topo_connected,6,21837_b67d788c,topo_connected,0.999991,True
21513_50fb4d62,topo_connected,7,23037_d0df320c,topo_minimal,0.999991,False
21513_50fb4d62,topo_connected,8,22461_0ba0e480,topo_connected,0.999989,True
21513_50fb4d62,topo_connected,9,20215_e2eb3082,topo_connected,0.999989,True
21513_50fb4d62,topo_connected,10,21989_a0b5037d,topo_connected,0.999988,True
22043_041e1b7c,topo_moderate,1,23218_02d26ab4,topo_moderate,0.999998,True
22043_041e1b7c,topo_moderate,2,23210_f535bfd2,topo_moderate,0.999998,True
22043_041e1b7c,topo_moderate,3,21994_357aac6f,topo_connected,0.999996,False
22043_041e1b7c,topo_moderate,4,23244_34b5f55e,topo_connected,0.999996,False
22043_041e1b7c,topo_moderate,5,22270_c6999138,topo_moderate,0.999995,True
22043_041e1b7c,topo_moderate,6,22214_b098105d,topo_minimal,0.999994,False
22043_041e1b7c,topo_moderate,7,23209_1592b0a4,topo_moderate,0.999994,True
22043_041e1b7c,topo_moderate,8,23219_40625e2c,topo_moderate,0.999992,True
22043_041e1b7c,topo_moderate,9,20908_10574fbf,topo_minimal,0.999992,False
22043_041e1b7c,topo_moderate,10,21588_0c48dc5f,topo_moderate,0.999991,True
21224_18ba4aba,topo_moderate,1,20281_a29f9a18,topo_minimal,0.999999,False
21224_18ba4aba,topo_moderate,2,22162_439af02a,topo_isolated,0.999998,False
21224_18ba4aba,topo_moderate,3,22066_308cdcfe,topo_connected,0.999997,False
21224_18ba4aba,topo_moderate,4,21377_19909a40,topo_isolated,0.999997,False
21224_18ba4aba,topo_moderate,5,21176_b5c72bfb,topo_moderate,0.999997,True
21224_18ba4aba,topo_moderate,6,23221_42f37ae3,topo_moderate,0.999997,True
21224_18ba4aba,topo_moderate,7,23128_cb135b1b,topo_minimal,0.999996,False
21224_18ba4aba,topo_moderate,8,22681_124bf3a9,topo_moderate,0.999996,True
21224_18ba4aba,topo_moderate,9,21275_c8049742,topo_minimal,0.999996,False
21224_18ba4aba,topo_moderate,10,22577_cd96733e,topo_moderate,0.999996,True
20246_40be7668,topo_moderate,1,20746_57a7b346,topo_complex,0.999768,False
20246_40be7668,topo_moderate,2,21236_b696e901,topo_complex,0.999429,False
20246_40be7668,topo_moderate,3,21718_1551037b,topo_moderate,0.999052,True
20246_40be7668,topo_moderate,4,20870_dedaef5b,topo_complex,0.997703,False
20246_40be7668,topo_moderate,5,20351_dc6e4e1e,topo_connected,0.994588,False
20246_40be7668,topo_moderate,6,20952_b8a54213,topo_complex,0.993845,False
20246_40be7668,topo_moderate,7,23258_87a2ba81,topo_complex,0.993484,False
20246_40be7668,topo_moderate,8,20745_3e22ad07,topo_moderate,0.992615,True
20246_40be7668,topo_moderate,9,23376_9b48819a,topo_minimal,0.990828,False
20246_40be7668,topo_moderate,10,20737_5249e274,topo_connected,0.990184,False
22837_7644c972,topo_isolated,1,23245_ccd099b6,topo_connected,0.999996,False
22837_7644c972,topo_isolated,2,20414_a33bd0d7,topo_moderate,0.999993,False
22837_7644c972,topo_isolated,3,21599_80057f94,topo_connected,0.999993,False
22837_7644c972,topo_isolated,4,22681_124bf3a9,topo_moderate,0.999991,False
22837_7644c972,topo_isolated,5,22729_232da678,topo_connected,0.999991,False
22837_7644c972,topo_isolated,6,22066_308cdcfe,topo_connected,0.999989,False
22837_7644c972,topo_isolated,7,20232_e5b060d9,topo_connected,0.999988,False
22837_7644c972,topo_isolated,8,21912_3f74887c,topo_connected,0.999987,False
22837_7644c972,topo_isolated,9,21528_a5d5490f,topo_connected,0.999987,False
22837_7644c972,topo_isolated,10,23136_2b469508,topo_connected,0.999987,False
22843_ff77027f,topo_moderate,1,22227_aca28ff2,topo_moderate,1.0,True
22843_ff77027f,topo_moderate,2,23311_ad36a9ec,topo_minimal,1.0,False
22843_ff77027f,topo_moderate,3,22907_ff18dbd5,topo_moderate,1.0,True
22843_ff77027f,topo_moderate,4,20467_f1fcc009,topo_isolated,1.0,False
22843_ff77027f,topo_moderate,5,23439_18900af2,topo_minimal,1.0,False
22843_ff77027f,topo_moderate,6,21047_60d69af3,topo_minimal,1.0,False
22843_ff77027f,topo_moderate,7,20216_89b90993,topo_minimal,1.0,False
22843_ff77027f,topo_moderate,8,22843_cb38a007,topo_moderate,0.999999,True
22843_ff77027f,topo_moderate,9,21581_8f948e0b,topo_moderate,0.999999,True
22843_ff77027f,topo_moderate,10,22058_71feafda,topo_isolated,0.999999,False
23244_34b5f55e,topo_connected,1,23218_02d26ab4,topo_moderate,0.999999,False
23244_34b5f55e,topo_connected,2,20646_4cd14a72,topo_moderate,0.999998,False
23244_34b5f55e,topo_connected,3,21588_0c48dc5f,topo_moderate,0.999998,False
23244_34b5f55e,topo_connected,4,22589_2c8f7c0b,topo_minimal,0.999998,False
23244_34b5f55e,topo_connected,5,22981_93f268ae,topo_minimal,0.999998,False
23244_34b5f55e,topo_connected,6,20647_cea2e07c,topo_moderate,0.999998,False
23244_34b5f55e,topo_connected,7,21391_78fc6345,topo_moderate,0.999997,False
23244_34b5f55e,topo_connected,8,21051_5d118b91,topo_minimal,0.999997,False
23244_34b5f55e,topo_connected,9,23096_7da0f913,topo_moderate,0.999997,False
23244_34b5f55e,topo_connected,10,22895_4533b542,topo_moderate,0.999996,False
21840_6847d36c,topo_isolated,1,21831_54ca67d1,topo_minimal,1.0,False
21840_6847d36c,topo_isolated,2,21386_e234c6b6,topo_moderate,0.999997,False
21840_6847d36c,topo_isolated,3,21133_f9a1614e,topo_minimal,0.999996,False
21840_6847d36c,topo_isolated,4,22311_553b3456,topo_complex,0.999995,False
21840_6847d36c,topo_isolated,5,22638_37f9fe91,topo_connected,0.999994,False
21840_6847d36c,topo_isolated,6,22216_4b032400,topo_minimal,0.999991,False
21840_6847d36c,topo_isolated,7,20421_49bd1188,topo_connected,0.999986,False
21840_6847d36c,topo_isolated,8,22040_6461a147,topo_connected,0.999982,False
21840_6847d36c,topo_isolated,9,7780_6c885e81,topo_complex,0.999979,False
21840_6847d36c,topo_isolated,10,22812_cf865ed1,topo_moderate,0.999975,False
21282_b2d83538,topo_connected,1,22727_c514268a,topo_moderate,0.999823,False
21282_b2d83538,topo_connected,2,21496_f4025ad5,topo_isolated,0.999397,False
21282_b2d83538,topo_connected,3,20797_78b83489,topo_minimal,0.998721,False
21282_b2d83538,topo_connected,4,20657_913a7675,topo_connected,0.998601,True
21282_b2d83538,topo_connected,5,21281_6e562106,topo_moderate,0.998535,False
21282_b2d83538,topo_connected,6,20722_90d46353,topo_minimal,0.998444,False
21282_b2d83538,topo_connected,7,21453_679a343c,topo_isolated,0.998343,False
21282_b2d83538,topo_connected,8,20176_a02bde39,topo_complex,0.998318,False
21282_b2d83538,topo_connected,9,20792_d2ea0500,topo_isolated,0.998244,False
21282_b2d83538,topo_connected,10,20387_0d507234,topo_isolated,0.997923,False
23176_1bf2a2d5,topo_complex,1,22046_fe3bae6e,topo_complex,0.999992,True
23176_1bf2a2d5,topo_complex,2,22228_1c82530b,topo_connected,0.999991,False
23176_1bf2a2d5,topo_complex,3,21626_b34008e6,topo_connected,0.999976,False
23176_1bf2a2d5,topo_complex,4,23045_a8c4e4bc,topo_complex,0.999971,True
23176_1bf2a2d5,topo_complex,5,23475_b14d1dc8,topo_connected,0.99997,False
23176_1bf2a2d5,topo_complex,6,23044_9a964a68,topo_complex,0.999969,True
23176_1bf2a2d5,topo_complex,7,21590_7d092186,topo_complex,0.999962,True
23176_1bf2a2d5,topo_complex,8,21719_d60b8a4a,topo_minimal,0.999936,False
23176_1bf2a2d5,topo_complex,9,22474_b10fea1a,topo_complex,0.999927,True
23176_1bf2a2d5,topo_complex,10,20779_fc5a7c3d,topo_connected,0.999926,False
23341_d5ead6d2,topo_moderate,1,23096_7da0f913,topo_moderate,1.0,True
23341_d5ead6d2,topo_moderate,2,21391_78fc6345,topo_moderate,1.0,True
23341_d5ead6d2,topo_moderate,3,21469_abec26c4,topo_moderate,1.0,True
23341_d5ead6d2,topo_moderate,4,21448_5646a1b6,topo_minimal,0.999999,False
23341_d5ead6d2,topo_moderate,5,22589_2c8f7c0b,topo_minimal,0.999999,False
23341_d5ead6d2,topo_moderate,6,22981_93f268ae,topo_minimal,0.999999,False
23341_d5ead6d2,topo_moderate,7,21384_b9774b93,topo_moderate,0.999999,True
23341_d5ead6d2,topo_moderate,8,20646_4cd14a72,topo_moderate,0.999999,True
23341_d5ead6d2,topo_moderate,9,21588_0c48dc5f,topo_moderate,0.999998,True
23341_d5ead6d2,topo_moderate,10,22377_d490f505,topo_moderate,0.999998,True
21503_34f299ca,topo_connected,1,23213_3df3cb34,topo_complex,0.999996,False
21503_34f299ca,topo_connected,2,23174_8ef93daf,topo_isolated,0.999995,False
21503_34f299ca,topo_connected,3,23413_6702ec7f,topo_minimal,0.999993,False
21503_34f299ca,topo_connected,4,22776_facf9bcf,topo_complex,0.999987,False
21503_34f299ca,topo_connected,5,21549_18160a0a,topo_moderate,0.999986,False
21503_34f299ca,topo_connected,6,21794_4d137e7d,topo_isolated,0.999986,False
21503_34f299ca,topo_connected,7,22126_e1cca10f,topo_connected,0.999984,True
21503_34f299ca,topo_connected,8,20440_27177360,topo_complex,0.999982,False
21503_34f299ca,topo_connected,9,22372_e91792a1,topo_connected,0.999981,True
21503_34f299ca,topo_connected,10,22987_37973191,topo_complex,0.999981,False
20322_daa5c577,topo_moderate,1,23501_6c48b3c1,topo_complex,0.999999,False
20322_daa5c577,topo_moderate,2,20239_49b65a55,topo_complex,0.999995,False
20322_daa5c577,topo_moderate,3,20892_b1f89c8d,topo_minimal,0.999995,False
20322_daa5c577,topo_moderate,4,22232_cb53774e,topo_connected,0.999994,False
20322_daa5c577,topo_moderate,5,23318_65e3a7c9,topo_minimal,0.999993,False
20322_daa5c577,topo_moderate,6,21566_ff590631,topo_moderate,0.999993,True
20322_daa5c577,topo_moderate,7,22784_bcace961,topo_isolated,0.999993,False
20322_daa5c577,topo_moderate,8,22383_e5f707a7,topo_moderate,0.999992,True
20322_daa5c577,topo_moderate,9,22461_0ba0e480,topo_connected,0.99999,False
20322_daa5c577,topo_moderate,10,22710_77324fc2,topo_moderate,0.99999,True
21531_79015e13,topo_minimal,1,21719_d60b8a4a,topo_minimal,0.999917,True
21531_79015e13,topo_minimal,2,21552_4e9c19b1,topo_moderate,0.999876,False
21531_79015e13,topo_minimal,3,21092_32622a83,topo_connected,0.999867,False
21531_79015e13,topo_minimal,4,22046_fe3bae6e,topo_complex,0.99986,False
21531_79015e13,topo_minimal,5,20779_fc5a7c3d,topo_connected,0.999859,False
21531_79015e13,topo_minimal,6,21550_0b16151d,topo_complex,0.999847,False
21531_79015e13,topo_minimal,7,23475_b14d1dc8,topo_connected,0.99984,False
21531_79015e13,topo_minimal,8,22469_9d87f800,topo_moderate,0.999837,False
21531_79015e13,topo_minimal,9,23045_a8c4e4bc,topo_complex,0.999836,False
21531_79015e13,topo_minimal,10,20502_58b65de9,topo_connected,0.999825,False
22383_e5f707a7,topo_moderate,1,22826_199df203,topo_connected,0.999999,False
22383_e5f707a7,topo_moderate,2,20322_5a8c6077,topo_moderate,0.999998,True
22383_e5f707a7,topo_moderate,3,23318_65e3a7c9,topo_minimal,0.999998,False
22383_e5f707a7,topo_moderate,4,20239_49b65a55,topo_complex,0.999997,False
22383_e5f707a7,topo_moderate,5,23214_0c411aa1,topo_connected,0.999997,False
22383_e5f707a7,topo_moderate,6,20892_b1f89c8d,topo_minimal,0.999995,False
22383_e5f707a7,topo_moderate,7,21566_ff590631,topo_moderate,0.999994,True
22383_e5f707a7,topo_moderate,8,21563_c72d37a2,topo_moderate,0.999993,True
22383_e5f707a7,topo_moderate,9,22232_cb53774e,topo_connected,0.999992,False
22383_e5f707a7,topo_moderate,10,20322_daa5c577,topo_moderate,0.999992,True
20779_fc5a7c3d,topo_connected,1,21550_0b16151d,topo_complex,0.999998,False
20779_fc5a7c3d,topo_connected,2,20755_4b5e61bf,topo_connected,0.999993,True
20779_fc5a7c3d,topo_connected,3,22448_1f21757a,topo_connected,0.999992,True
20779_fc5a7c3d,topo_connected,4,21923_41fa6eda,topo_moderate,0.999989,False
20779_fc5a7c3d,topo_connected,5,21552_4e9c19b1,topo_moderate,0.999985,False
20779_fc5a7c3d,topo_connected,6,20788_d25efea2,topo_connected,0.999982,True
20779_fc5a7c3d,topo_connected,7,21390_4d1e2d9c,topo_moderate,0.999976,False
20779_fc5a7c3d,topo_connected,8,23252_ef165bed,topo_complex,0.999975,False
20779_fc5a7c3d,topo_connected,9,21779_b99623fc,topo_connected,0.999973,True
20779_fc5a7c3d,topo_connected,10,22469_9d87f800,topo_moderate,0.999971,False
20910_c64b5d1b,topo_minimal,1,20756_75f43564,topo_minimal,0.999999,True
20910_c64b5d1b,topo_minimal,2,20212_5d1f2de1,topo_moderate,0.999999,False
20910_c64b5d1b,topo_minimal,3,22747_3f6faf4c,topo_connected,0.999999,False
20910_c64b5d1b,topo_minimal,4,20810_f6674f2d,topo_isolated,0.999999,False
20910_c64b5d1b,topo_minimal,5,21990_7bb6efcf,topo_isolated,0.999999,False
20910_c64b5d1b,topo_minimal,6,21810_718ae2fe,topo_moderate,0.999998,False
20910_c64b5d1b,topo_minimal,7,23265_07de6a0b,topo_moderate,0.999998,False
20910_c64b5d1b,topo_minimal,8,20812_462bd352,topo_minimal,0.999998,True
20910_c64b5d1b,topo_minimal,9,23440_5956321f,topo_isolated,0.999998,False
20910_c64b5d1b,topo_minimal,10,20412_42170125,topo_moderate,0.999997,False
21453_679a343c,topo_isolated,1,20792_d2ea0500,topo_isolated,0.999798,True
21453_679a343c,topo_isolated,2,21496_f4025ad5,topo_isolated,0.999678,True
21453_679a343c,topo_isolated,3,21165_5cb2d287,topo_isolated,0.999517,True
21453_679a343c,topo_isolated,4,21282_b2d83538,topo_connected,0.998343,False
21453_679a343c,topo_isolated,5,22727_c514268a,topo_moderate,0.998325,False
21453_679a343c,topo_isolated,6,20797_78b83489,topo_minimal,0.997594,False
21453_679a343c,topo_isolated,7,21884_cc2c39f9,topo_moderate,0.997159,False
21453_679a343c,topo_isolated,8,21865_c190b734,topo_minimal,0.997109,False
21453_679a343c,topo_isolated,9,22732_cd2af0ac,topo_isolated,0.996998,True
21453_679a343c,topo_isolated,10,23354_8182b4eb,topo_isolated,0.996852,True
23158_c7e753c2,topo_moderate,1,23236_d5867507,topo_connected,1.0,False
23158_c7e753c2,topo_moderate,2,23369_447545f6,topo_moderate,0.999999,True
23158_c7e753c2,topo_moderate,3,23342_7193a931,topo_moderate,0.999999,True
23158_c7e753c2,topo_moderate,4,23219_40625e2c,topo_moderate,0.999999,True
23158_c7e753c2,topo_moderate,5,23387_c4aa9424,topo_minimal,0.999999,False
23158_c7e753c2,topo_moderate,6,20495_e8e7e80c,topo_moderate,0.999999,True
23158_c7e753c2,topo_moderate,7,21634_e5e20375,topo_moderate,0.999999,True
23158_c7e753c2,topo_moderate,8,22214_b098105d,topo_minimal,0.999999,False
23158_c7e753c2,topo_moderate,9,23339_87a4d11f,topo_isolated,0.999998,False
23158_c7e753c2,topo_moderate,10,21994_357aac6f,topo_connected,0.999998,False
21856_f84d9348,topo_moderate,1,21423_196855d1,topo_minimal,0.99718,False
21856_f84d9348,topo_moderate,2,22852_dc1dbed6,topo_moderate,0.996365,True
21856_f84d9348,topo_moderate,3,21426_51651a10,topo_isolated,0.995892,False
21856_f84d9348,topo_moderate,4,23305_2662b29a,topo_minimal,0.992712,False
21856_f84d9348,topo_moderate,5,21165_5cb2d287,topo_isolated,0.990023,False
21856_f84d9348,topo_moderate,6,21496_f4025ad5,topo_isolated,0.987445,False
21856_f84d9348,topo_moderate,7,21453_679a343c,topo_isolated,0.986345,False
21856_f84d9348,topo_moderate,8,21282_b2d83538,topo_connected,0.98508,False
21856_f84d9348,topo_moderate,9,22017_6d3be48d,topo_complex,0.984491,False
21856_f84d9348,topo_moderate,10,20792_d2ea0500,topo_isolated,0.983067,False
20469_b6211bfd,topo_minimal,1,20927_826f4b56,topo_isolated,1.0,False
20469_b6211bfd,topo_minimal,2,20436_41b730a3,topo_isolated,1.0,False
20469_b6211bfd,topo_minimal,3,21451_fea6f0d1,topo_isolated,1.0,False
20469_b6211bfd,topo_minimal,4,23343_f000bdae,topo_isolated,1.0,False
20469_b6211bfd,topo_minimal,5,20429_419c4cdd,topo_isolated,0.999999,False
20469_b6211bfd,topo_minimal,6,21911_429c1a72,topo_isolated,0.999999,False
20469_b6211bfd,topo_minimal,7,21257_770fee9a,topo_isolated,0.999999,False
20469_b6211bfd,topo_minimal,8,20705_ac2a0325,topo_isolated,0.999999,False
20469_b6211bfd,topo_minimal,9,20551_ff28a959,topo_isolated,0.999999,False
20469_b6211bfd,topo_minimal,10,20426_79358492,topo_isolated,0.999999,False
22126_e1cca10f,topo_connected,1,23373_f5dac851,topo_complex,0.999997,False
22126_e1cca10f,topo_connected,2,22778_7d85debd,topo_complex,0.999994,False
22126_e1cca10f,topo_connected,3,22323_aa6edb8b,topo_complex,0.999993,False
22126_e1cca10f,topo_connected,4,22987_37973191,topo_complex,0.999993,False
22126_e1cca10f,topo_connected,5,22372_e91792a1,topo_connected,0.999993,True
22126_e1cca10f,topo_connected,6,22776_facf9bcf,topo_complex,0.999992,False
22126_e1cca10f,topo_connected,7,21049_f644930a,topo_connected,0.99999,True
22126_e1cca10f,topo_connected,8,23413_6702ec7f,topo_minimal,0.999986,False
22126_e1cca10f,topo_connected,9,20440_27177360,topo_complex,0.999986,False
22126_e1cca10f,topo_connected,10,21503_34f299ca,topo_connected,0.999984,True
20908_10574fbf,topo_minimal,1,22981_93f268ae,topo_minimal,0.999998,True
20908_10574fbf,topo_minimal,2,22589_2c8f7c0b,topo_minimal,0.999998,True
20908_10574fbf,topo_minimal,3,21051_5d118b91,topo_minimal,0.999998,True
20908_10574fbf,topo_minimal,4,21175_85118898,topo_moderate,0.999997,False
20908_10574fbf,topo_minimal,5,20646_4cd14a72,topo_moderate,0.999997,False
20908_10574fbf,topo_minimal,6,23244_34b5f55e,topo_connected,0.999996,False
20908_10574fbf,topo_minimal,7,23218_02d26ab4,topo_moderate,0.999995,False
20908_10574fbf,topo_minimal,8,21391_78fc6345,topo_moderate,0.999994,False
20908_10574fbf,topo_minimal,9,23341_d5ead6d2,topo_moderate,0.999994,False
20908_10574fbf,topo_minimal,10,23096_7da0f913,topo_moderate,0.999994,False
23096_7da0f913,topo_moderate,1,23341_d5ead6d2,topo_moderate,1.0,True
23096_7da0f913,topo_moderate,2,21391_78fc6345,topo_moderate,1.0,True
23096_7da0f913,topo_moderate,3,21469_abec26c4,topo_moderate,0.999999,True
23096_7da0f913,topo_moderate,4,22589_2c8f7c0b,topo_minimal,0.999999,False
23096_7da0f913,topo_moderate,5,22981_93f268ae,topo_minimal,0.999999,False
23096_7da0f913,topo_moderate,6,21588_0c48dc5f,topo_moderate,0.999999,True
23096_7da0f913,topo_moderate,7,22895_4533b542,topo_moderate,0.999999,True
23096_7da0f913,topo_moderate,8,20647_cea2e07c,topo_moderate,0.999999,True
23096_7da0f913,topo_moderate,9,21448_5646a1b6,topo_minimal,0.999998,False
23096_7da0f913,topo_moderate,10,20646_4cd14a72,topo_moderate,0.999998,True
22072_5163223a,topo_moderate,1,21275_c8049742,topo_minimal,0.999999,False
22072_5163223a,topo_moderate,2,21737_87d83240,topo_moderate,0.999999,True
22072_5163223a,topo_moderate,3,22162_439af02a,topo_isolated,0.999999,False
22072_5163223a,topo_moderate,4,20421_83f66ddc,topo_minimal,0.999999,False
22072_5163223a,topo_moderate,5,23128_cb135b1b,topo_minimal,0.999999,False
22072_5163223a,topo_moderate,6,22681_124bf3a9,topo_moderate,0.999998,True
22072_5163223a,topo_moderate,7,21600_0027c6fc,topo_moderate,0.999998,True
22072_5163223a,topo_moderate,8,21706_adfb2ece,topo_moderate,0.999998,True
22072_5163223a,topo_moderate,9,21377_19909a40,topo_isolated,0.999997,False
22072_5163223a,topo_moderate,10,20281_a29f9a18,topo_minimal,0.999997,False
23120_f7c9092f,topo_connected,1,23283_fadf3820,topo_connected,0.999984,True
23120_f7c9092f,topo_connected,2,23379_636204a6,topo_connected,0.999967,True
23120_f7c9092f,topo_connected,3,20735_fb18051a,topo_connected,0.999962,True
23120_f7c9092f,topo_connected,4,23026_e6f08109,topo_complex,0.999947,False
23120_f7c9092f,topo_connected,5,22534_e899f645,topo_complex,0.999932,False
23120_f7c9092f,topo_connected,6,20899_a8d7c6d5,topo_complex,0.999932,False
23120_f7c9092f,topo_connected,7,20389_c835706f,topo_moderate,0.99993,False
23120_f7c9092f,topo_connected,8,23041_8d3ea25c,topo_complex,0.99993,False
23120_f7c9092f,topo_connected,9,21601_360ce1c7,topo_connected,0.999915,True
23120_f7c9092f,topo_connected,10,23466_1cf60d09,topo_complex,0.999908,False
23438_b1ef78f4,topo_moderate,1,20990_0a226634,topo_isolated,1.0,False
23438_b1ef78f4,topo_moderate,2,21715_53df62c9,topo_minimal,1.0,False
23438_b1ef78f4,topo_moderate,3,20285_b64b1a7e,topo_minimal,0.999999,False
23438_b1ef78f4,topo_moderate,4,22050_e8702dd4,topo_connected,0.999999,False
23438_b1ef78f4,topo_moderate,5,22891_b8c84495,topo_moderate,0.999998,True
23438_b1ef78f4,topo_moderate,6,20940_9777847c,topo_connected,0.999998,False
23438_b1ef78f4,topo_moderate,7,21634_e5e20375,topo_moderate,0.999998,True
23438_b1ef78f4,topo_moderate,8,22895_4533b542,topo_moderate,0.999998,True
23438_b1ef78f4,topo_moderate,9,20647_cea2e07c,topo_moderate,0.999997,True
23438_b1ef78f4,topo_moderate,10,20495_e8e7e80c,topo_moderate,0.999997,True
22678_ff42f120,topo_moderate,1,23170_6ea8ded5,topo_moderate,0.999984,True
22678_ff42f120,topo_moderate,2,23318_65e3a7c9,topo_minimal,0.999981,False
22678_ff42f120,topo_moderate,3,23127_38d73061,topo_complex,0.999981,False
22678_ff42f120,topo_moderate,4,20239_49b65a55,topo_complex,0.999981,False
22678_ff42f120,topo_moderate,5,21566_ff590631,topo_moderate,0.999981,True
22678_ff42f120,topo_moderate,6,20585_09b72895,topo_moderate,0.999979,True
22678_ff42f120,topo_moderate,7,22710_77324fc2,topo_moderate,0.999978,True
22678_ff42f120,topo_moderate,8,21271_ec7f62b8,topo_connected,0.999978,False
22678_ff42f120,topo_moderate,9,22886_a6331748,topo_minimal,0.999975,False
22678_ff42f120,topo_moderate,10,23320_e0711ae9,topo_connected,0.999975,False
23194_b675acc0,topo_connected,1,22073_951645ae,topo_connected,0.999999,True
23194_b675acc0,topo_connected,2,23211_3aac9c7e,topo_connected,0.999997,True
23194_b675acc0,topo_connected,3,23435_e1c96b4d,topo_moderate,0.999996,False
23194_b675acc0,topo_connected,4,22825_f4c18d65,topo_moderate,0.999995,False
23194_b675acc0,topo_connected,5,22064_e1ba20dd,topo_moderate,0.999993,False
23194_b675acc0,topo_connected,6,20232_e5b060d9,topo_connected,0.999993,True
23194_b675acc0,topo_connected,7,21353_4686c90c,topo_minimal,0.999991,False
23194_b675acc0,topo_connected,8,21326_ab4d6c43,topo_moderate,0.999991,False
23194_b675acc0,topo_connected,9,23238_3c864758,topo_moderate,0.99999,False
23194_b675acc0,topo_connected,10,22224_1e749c32,topo_moderate,0.999988,False
20406_dacb0300,topo_moderate,1,20958_94222947,topo_minimal,1.0,False
20406_dacb0300,topo_moderate,2,21611_1d3ff1b6,topo_isolated,0.999999,False
20406_dacb0300,topo_moderate,3,21184_971559b6,topo_connected,0.999999,False
20406_dacb0300,topo_moderate,4,22378_234fea2c,topo_moderate,0.999998,True
20406_dacb0300,topo_moderate,5,21848_0fff9631,topo_isolated,0.999997,False
20406_dacb0300,topo_moderate,6,21793_4ad5e2c0,topo_minimal,0.999997,False
20406_dacb0300,topo_moderate,7,23321_c9497b79,topo_moderate,0.999996,True
20406_dacb0300,topo_moderate,8,21175_85118898,topo_moderate,0.999996,True
20406_dacb0300,topo_moderate,9,20186_f66e4ad3,topo_minimal,0.999996,False
20406_dacb0300,topo_moderate,10,23265_07de6a0b,topo_moderate,0.999995,True
22228_1c82530b,topo_connected,1,23176_1bf2a2d5,topo_complex,0.999991,False
22228_1c82530b,topo_connected,2,22046_fe3bae6e,topo_complex,0.99999,False
22228_1c82530b,topo_connected,3,23045_a8c4e4bc,topo_complex,0.999975,False
22228_1c82530b,topo_connected,4,20502_58b65de9,topo_connected,0.999965,True
22228_1c82530b,topo_connected,5,21552_4e9c19b1,topo_moderate,0.999958,False
22228_1c82530b,topo_connected,6,21719_d60b8a4a,topo_minimal,0.999957,False
22228_1c82530b,topo_connected,7,22414_14ead4a3,topo_complex,0.999954,False
22228_1c82530b,topo_connected,8,23044_9a964a68,topo_complex,0.99995,False
22228_1c82530b,topo_connected,9,21626_b34008e6,topo_connected,0.999949,True
22228_1c82530b,topo_connected,10,23475_b14d1dc8,topo_connected,0.999949,True
23199_75dc1efd,topo_minimal,1,22261_6efe61e3,topo_minimal,1.0,True
23199_75dc1efd,topo_minimal,2,20340_86125547,topo_minimal,1.0,True
23199_75dc1efd,topo_minimal,3,22178_976d2411,topo_minimal,1.0,True
23199_75dc1efd,topo_minimal,4,20241_ccb70dc8,topo_isolated,1.0,False
23199_75dc1efd,topo_minimal,5,20241_8c0d3f83,topo_isolated,1.0,False
23199_75dc1efd,topo_minimal,6,22839_113f2990,topo_minimal,1.0,True
23199_75dc1efd,topo_minimal,7,22154_24342da4,topo_isolated,1.0,False
23199_75dc1efd,topo_minimal,8,20342_c140780b,topo_isolated,1.0,False
23199_75dc1efd,topo_minimal,9,20392_8b23d193,topo_minimal,1.0,True
23199_75dc1efd,topo_minimal,10,20332_0c2a24aa,topo_minimal,1.0,True
23310_7daded69,topo_complex,1,21421_fb12b69b,topo_complex,0.998308,True
23310_7daded69,topo_complex,2,21316_69ed56f5,topo_complex,0.997924,True
23310_7daded69,topo_complex,3,22079_31335df2,topo_connected,0.997607,False
23310_7daded69,topo_complex,4,20737_5249e274,topo_connected,0.997355,False
23310_7daded69,topo_complex,5,23422_f214bd4d,topo_complex,0.996986,True
23310_7daded69,topo_complex,6,21244_24c3ce72,topo_complex,0.996581,True
23310_7daded69,topo_complex,7,21244_d67bbabc,topo_complex,0.996195,True
23310_7daded69,topo_complex,8,23258_87a2ba81,topo_complex,0.995866,True
23310_7daded69,topo_complex,9,21450_ea24ffcc,topo_connected,0.99557,False
23310_7daded69,topo_complex,10,22483_f4e4b62a,topo_complex,0.995547,True
21923_41fa6eda,topo_moderate,1,20788_d25efea2,topo_connected,0.999999,False
21923_41fa6eda,topo_moderate,2,20755_4b5e61bf,topo_connected,0.999995,False
21923_41fa6eda,topo_moderate,3,23252_ef165bed,topo_complex,0.999995,False
21923_41fa6eda,topo_moderate,4,22448_1f21757a,topo_connected,0.999992,False
21923_41fa6eda,topo_moderate,5,21550_0b16151d,topo_complex,0.99999,False
21923_41fa6eda,topo_moderate,6,23132_1847c4ef,topo_complex,0.99999,False
21923_41fa6eda,topo_moderate,7,20779_fc5a7c3d,topo_connected,0.999989,False
21923_41fa6eda,topo_moderate,8,21779_b99623fc,topo_connected,0.999987,False
21923_41fa6eda,topo_moderate,9,23451_14c8d09e,topo_connected,0.999982,False
21923_41fa6eda,topo_moderate,10,21816_3891a442,topo_complex,0.999981,False
20788_d25efea2,topo_connected,1,21923_41fa6eda,topo_moderate,0.999999,False
20788_d25efea2,topo_connected,2,23132_1847c4ef,topo_complex,0.999995,False
20788_d25efea2,topo_connected,3,23252_ef165bed,topo_complex,0.999995,False
20788_d25efea2,topo_connected,4,20755_4b5e61bf,topo_connected,0.999994,True
20788_d25efea2,topo_connected,5,21779_b99623fc,topo_connected,0.999991,True
20788_d25efea2,topo_connected,6,22448_1f21757a,topo_connected,0.999991,True
20788_d25efea2,topo_connected,7,23451_14c8d09e,topo_connected,0.999989,True
20788_d25efea2,topo_connected,8,21550_0b16151d,topo_complex,0.999985,False
20788_d25efea2,topo_connected,9,20779_fc5a7c3d,topo_connected,0.999982,True
20788_d25efea2,topo_connected,10,21816_3891a442,topo_complex,0.99998,False
20340_86125547,topo_minimal,1,22261_6efe61e3,topo_minimal,1.0,True
20340_86125547,topo_minimal,2,22178_976d2411,topo_minimal,1.0,True
20340_86125547,topo_minimal,3,23199_75dc1efd,topo_minimal,1.0,True
20340_86125547,topo_minimal,4,20342_c140780b,topo_isolated,1.0,False
20340_86125547,topo_minimal,5,19518_f220b68a,topo_isolated,1.0,False
20340_86125547,topo_minimal,6,20429_9dd95c38,topo_isolated,1.0,False
20340_86125547,topo_minimal,7,20392_8b23d193,topo_minimal,1.0,True
20340_86125547,topo_minimal,8,20994_9c88b1ba,topo_minimal,1.0,True
20340_86125547,topo_minimal,9,20241_8c0d3f83,topo_isolated,1.0,False
20340_86125547,topo_minimal,10,20241_ccb70dc8,topo_isolated,1.0,False
21958_e48ddf4e,topo_isolated,1,22812_cf865ed1,topo_moderate,0.999999,False
21958_e48ddf4e,topo_isolated,2,22659_0e686e14,topo_moderate,0.999998,False
21958_e48ddf4e,topo_isolated,3,7780_6c885e81,topo_complex,0.999997,False
21958_e48ddf4e,topo_isolated,4,22617_a286f13c,topo_complex,0.999994,False
21958_e48ddf4e,topo_isolated,5,22418_2722dfe8,topo_connected,0.999985,False
21958_e48ddf4e,topo_isolated,6,22197_94c66357,topo_moderate,0.999983,False
21958_e48ddf4e,topo_isolated,7,22311_553b3456,topo_complex,0.999982,False
21958_e48ddf4e,topo_isolated,8,21365_ab403591,topo_connected,0.999981,False
21958_e48ddf4e,topo_isolated,9,22761_ca309655,topo_complex,0.99998,False
21958_e48ddf4e,topo_isolated,10,22638_37f9fe91,topo_connected,0.99998,False
16550_e88d6986,topo_minimal,1,23351_6104d55d,topo_moderate,1.0,False
16550_e88d6986,topo_minimal,2,23250_aa321310,topo_moderate,1.0,False
16550_e88d6986,topo_minimal,3,20947_115d4058,topo_isolated,1.0,False
16550_e88d6986,topo_minimal,4,20994_9c88b1ba,topo_minimal,1.0,True
16550_e88d6986,topo_minimal,5,23163_7b143a6f,topo_moderate,1.0,False
16550_e88d6986,topo_minimal,6,22472_f65d3470,topo_isolated,1.0,False
16550_e88d6986,topo_minimal,7,19518_f220b68a,topo_isolated,1.0,False
16550_e88d6986,topo_minimal,8,20429_9dd95c38,topo_isolated,1.0,False
16550_e88d6986,topo_minimal,9,20342_c140780b,topo_isolated,1.0,False
16550_e88d6986,topo_minimal,10,20478_c02790cb,topo_minimal,1.0,True
21358_a69a36f3,topo_moderate,1,20520_7e357152,topo_isolated,1.0,False
21358_a69a36f3,topo_moderate,2,21202_e452c491,topo_isolated,0.999999,False
21358_a69a36f3,topo_moderate,3,22680_1f4026f6,topo_moderate,0.999999,True
21358_a69a36f3,topo_moderate,4,23035_6087bb57,topo_connected,0.999998,False
21358_a69a36f3,topo_moderate,5,20431_0088a0dd,topo_moderate,0.999997,True
21358_a69a36f3,topo_moderate,6,23434_6635ed57,topo_connected,0.999997,False
21358_a69a36f3,topo_moderate,7,20676_9715ec9c,topo_minimal,0.999996,False
21358_a69a36f3,topo_moderate,8,21529_93e51dd9,topo_connected,0.999996,False
21358_a69a36f3,topo_moderate,9,22134_5e72e871,topo_complex,0.999995,False
21358_a69a36f3,topo_moderate,10,20554_abcb705e,topo_moderate,0.999995,True
20701_6dcbc975,topo_complex,1,23217_7c6062e3,topo_connected,0.999935,False
20701_6dcbc975,topo_complex,2,23309_76dcf100,topo_connected,0.99986,False
20701_6dcbc975,topo_complex,3,23002_4d53fb3f,topo_moderate,0.999855,False
20701_6dcbc975,topo_complex,4,21551_c6c2d516,topo_moderate,0.999837,False
20701_6dcbc975,topo_complex,5,23101_6aec02ee,topo_complex,0.999807,True
20701_6dcbc975,topo_complex,6,20477_633cca4f,topo_moderate,0.999794,False
20701_6dcbc975,topo_complex,7,22894_5f7c276d,topo_complex,0.999772,True
20701_6dcbc975,topo_complex,8,22890_4ecfa491,topo_connected,0.999754,False
20701_6dcbc975,topo_complex,9,22056_79373464,topo_complex,0.999744,True
20701_6dcbc975,topo_complex,10,23162_7e2f3d77,topo_connected,0.999732,False
21924_bbd9f7a9,topo_connected,1,22428_c1ffa51a,topo_minimal,0.999977,False
21924_bbd9f7a9,topo_connected,2,23195_2629864e,topo_connected,0.99981,True
21924_bbd9f7a9,topo_connected,3,23144_88ca00a5,topo_connected,0.999768,True
21924_bbd9f7a9,topo_connected,4,23235_f9ccb8b0,topo_connected,0.999688,True
21924_bbd9f7a9,topo_connected,5,20245_f1b25d43,topo_complex,0.999634,False
21924_bbd9f7a9,topo_connected,6,22492_047b125b,topo_connected,0.999453,True
21924_bbd9f7a9,topo_connected,7,21580_b8b2571b,topo_connected,0.999371,True
21924_bbd9f7a9,topo_connected,8,22076_20e8a107,topo_complex,0.999318,False
21924_bbd9f7a9,topo_connected,9,23271_f833d903,topo_connected,0.999293,True
21924_bbd9f7a9,topo_connected,10,20279_aed6b3b3,topo_complex,0.999278,False
20451_84d8b290,topo_minimal,1,20451_557fe5cd,topo_minimal,1.0,True
20451_84d8b290,topo_minimal,2,22154_24342da4,topo_isolated,0.999999,False
20451_84d8b290,topo_minimal,3,23199_75dc1efd,topo_minimal,0.999999,True
20451_84d8b290,topo_minimal,4,22136_a539c50b,topo_isolated,0.999999,False
20451_84d8b290,topo_minimal,5,20241_ccb70dc8,topo_isolated,0.999999,False
20451_84d8b290,topo_minimal,6,20241_8c0d3f83,topo_isolated,0.999999,False
20451_84d8b290,topo_minimal,7,22178_976d2411,topo_minimal,0.999999,True
20451_84d8b290,topo_minimal,8,20332_0c2a24aa,topo_minimal,0.999999,True
20451_84d8b290,topo_minimal,9,20340_86125547,topo_minimal,0.999999,True
20451_84d8b290,topo_minimal,10,22839_113f2990,topo_minimal,0.999999,True
22085_e039a7d3,topo_complex,1,23414_f7d4a688,topo_isolated,0.999997,False
22085_e039a7d3,topo_complex,2,22199_8ec9eeb2,topo_complex,0.999993,True
22085_e039a7d3,topo_complex,3,20278_d442e77d,topo_complex,0.999982,True
22085_e039a7d3,topo_complex,4,20163_3742f394,topo_connected,0.999978,False
22085_e039a7d3,topo_complex,5,23368_648717d8,topo_complex,0.999971,True
22085_e039a7d3,topo_complex,6,23466_1cf60d09,topo_complex,0.999925,True
22085_e039a7d3,topo_complex,7,22440_014f1bac,topo_connected,0.999915,False
22085_e039a7d3,topo_complex,8,21425_d0d47a2a,topo_complex,0.999911,True
22085_e039a7d3,topo_complex,9,22581_406c16c4,topo_moderate,0.999909,False
22085_e039a7d3,topo_complex,10,21545_4384f96e,topo_moderate,0.999903,False
22983_0ab3faaf,topo_minimal,1,22762_dcbdd14d,topo_minimal,1.0,True
22983_0ab3faaf,topo_minimal,2,21563_c72d37a2,topo_moderate,0.999998,False
22983_0ab3faaf,topo_minimal,3,20989_d1b8b0f8,topo_complex,0.999997,False
22983_0ab3faaf,topo_minimal,4,22259_613f9d44,topo_moderate,0.999994,False
22983_0ab3faaf,topo_minimal,5,23434_6635ed57,topo_connected,0.999992,False
22983_0ab3faaf,topo_minimal,6,23214_0c411aa1,topo_connected,0.999992,False
22983_0ab3faaf,topo_minimal,7,21817_945cd3c9,topo_connected,0.999992,False
22983_0ab3faaf,topo_minimal,8,22155_ab18f2b6,topo_isolated,0.999991,False
22983_0ab3faaf,topo_minimal,9,20322_5a8c6077,topo_moderate,0.99999,False
22983_0ab3faaf,topo_minimal,10,22680_1f4026f6,topo_moderate,0.999989,False
20947_115d4058,topo_isolated,1,23250_aa321310,topo_moderate,1.0,False
20947_115d4058,topo_isolated,2,23351_6104d55d,topo_moderate,1.0,False
20947_115d4058,topo_isolated,3,16550_e88d6986,topo_minimal,1.0,False
20947_115d4058,topo_isolated,4,20994_9c88b1ba,topo_minimal,1.0,False
20947_115d4058,topo_isolated,5,20409_dafedec6,topo_isolated,1.0,True
20947_115d4058,topo_isolated,6,20259_de1ab632,topo_minimal,1.0,False
20947_115d4058,topo_isolated,7,22472_f65d3470,topo_isolated,1.0,True
20947_115d4058,topo_isolated,8,19518_f220b68a,topo_isolated,1.0,True
20947_115d4058,topo_isolated,9,20342_c140780b,topo_isolated,1.0,True
20947_115d4058,topo_isolated,10,20429_9dd95c38,topo_isolated,1.0,True
23045_a8c4e4bc,topo_complex,1,22046_fe3bae6e,topo_complex,0.999987,True
23045_a8c4e4bc,topo_complex,2,22011_0832eefe,topo_connected,0.999985,False
23045_a8c4e4bc,topo_complex,3,21092_32622a83,topo_connected,0.999976,False
23045_a8c4e4bc,topo_complex,4,22228_1c82530b,topo_connected,0.999975,False
23045_a8c4e4bc,topo_complex,5,23176_1bf2a2d5,topo_complex,0.999971,True
23045_a8c4e4bc,topo_complex,6,22035_101c7ab4,topo_connected,0.999962,False
23045_a8c4e4bc,topo_complex,7,20502_58b65de9,topo_connected,0.999957,False
23045_a8c4e4bc,topo_complex,8,21719_d60b8a4a,topo_minimal,0.999954,False
23045_a8c4e4bc,topo_complex,9,22414_14ead4a3,topo_complex,0.999936,True
23045_a8c4e4bc,topo_complex,10,21590_7d092186,topo_complex,0.999924,True
20259_de1ab632,topo_minimal,1,22180_ce7c3bd8,topo_minimal,1.0,True
20259_de1ab632,topo_minimal,2,23250_aa321310,topo_moderate,1.0,False
20259_de1ab632,topo_minimal,3,20947_115d4058,topo_isolated,1.0,False
20259_de1ab632,topo_minimal,4,23351_6104d55d,topo_moderate,1.0,False
20259_de1ab632,topo_minimal,5,16550_e88d6986,topo_minimal,1.0,True
20259_de1ab632,topo_minimal,6,21495_ebbbd369,topo_moderate,0.999999,False
20259_de1ab632,topo_minimal,7,23022_86e6a8a0,topo_moderate,0.999999,False
20259_de1ab632,topo_minimal,8,20409_dafedec6,topo_isolated,0.999999,False
20259_de1ab632,topo_minimal,9,22472_f65d3470,topo_isolated,0.999999,False
20259_de1ab632,topo_minimal,10,20994_9c88b1ba,topo_minimal,0.999999,True
22367_b4a67e61,topo_minimal,1,22014_5880c417,topo_moderate,1.0,False
22367_b4a67e61,topo_minimal,2,21564_fa5b2db7,topo_isolated,1.0,False
22367_b4a67e61,topo_minimal,3,23103_43bde2a6,topo_minimal,0.999999,True
22367_b4a67e61,topo_minimal,4,21825_ce32b0a0,topo_minimal,0.999999,True
22367_b4a67e61,topo_minimal,5,21785_d595ced5,topo_minimal,0.999999,True
22367_b4a67e61,topo_minimal,6,22047_5a090f16,topo_isolated,0.999999,False
22367_b4a67e61,topo_minimal,7,21761_fdb5f86d,topo_moderate,0.999999,False
22367_b4a67e61,topo_minimal,8,21265_7329c813,topo_moderate,0.999999,False
22367_b4a67e61,topo_minimal,9,20731_fbdc7731,topo_moderate,0.999999,False
22367_b4a67e61,topo_minimal,10,20822_5bb36119,topo_isolated,0.999999,False
20849_9821b6fe,topo_isolated,1,21377_19909a40,topo_isolated,0.999995,True
20849_9821b6fe,topo_isolated,2,21600_0027c6fc,topo_moderate,0.999994,False
20849_9821b6fe,topo_isolated,3,21275_c8049742,topo_minimal,0.999993,False
20849_9821b6fe,topo_isolated,4,20281_a29f9a18,topo_minimal,0.999993,False
20849_9821b6fe,topo_isolated,5,22066_308cdcfe,topo_connected,0.999993,False
20849_9821b6fe,topo_isolated,6,20421_83f66ddc,topo_minimal,0.999992,False
20849_9821b6fe,topo_isolated,7,22072_5163223a,topo_moderate,0.999991,False
20849_9821b6fe,topo_isolated,8,20511_e1b972aa,topo_moderate,0.999991,False
20849_9821b6fe,topo_isolated,9,22162_439af02a,topo_isolated,0.99999,True
20849_9821b6fe,topo_isolated,10,22078_1758e9fc,topo_moderate,0.99999,False
22469_9d87f800,topo_moderate,1,23417_9a9e9937,topo_connected,0.999992,False
22469_9d87f800,topo_moderate,2,21779_b99623fc,topo_connected,0.999992,False
22469_9d87f800,topo_moderate,3,20755_4b5e61bf,topo_connected,0.999987,False
22469_9d87f800,topo_moderate,4,22448_1f21757a,topo_connected,0.999982,False
22469_9d87f800,topo_moderate,5,21790_aaf9224a,topo_connected,0.999979,False
22469_9d87f800,topo_moderate,6,23451_14c8d09e,topo_connected,0.999978,False
22469_9d87f800,topo_moderate,7,21550_0b16151d,topo_complex,0.999978,False
22469_9d87f800,topo_moderate,8,20788_d25efea2,topo_connected,0.999972,False
22469_9d87f800,topo_moderate,9,20779_fc5a7c3d,topo_connected,0.999971,False
22469_9d87f800,topo_moderate,10,21923_41fa6eda,topo_moderate,0.999971,True
23435_e1c96b4d,topo_moderate,1,22064_e1ba20dd,topo_moderate,0.999998,True
23435_e1c96b4d,topo_moderate,2,23238_3c864758,topo_moderate,0.999998,True
23435_e1c96b4d,topo_moderate,3,21326_ab4d6c43,topo_moderate,0.999998,True
23435_e1c96b4d,topo_moderate,4,22224_1e749c32,topo_moderate,0.999997,True
23435_e1c96b4d,topo_moderate,5,23211_3aac9c7e,topo_connected,0.999996,False
23435_e1c96b4d,topo_moderate,6,23194_b675acc0,topo_connected,0.999996,False
23435_e1c96b4d,topo_moderate,7,22062_2d6b3b72,topo_minimal,0.999995,False
23435_e1c96b4d,topo_moderate,8,22073_951645ae,topo_connected,0.999994,False
23435_e1c96b4d,topo_moderate,9,21048_75cc125c,topo_complex,0.999994,False
23435_e1c96b4d,topo_moderate,10,21353_4686c90c,topo_minimal,0.999993,False
23043_c0827516,topo_moderate,1,22196_e5bf8c9d,topo_connected,0.999998,False
23043_c0827516,topo_moderate,2,22197_66c5655e,topo_connected,0.999997,False
23043_c0827516,topo_moderate,3,23322_8f85d82d,topo_moderate,0.999993,True
23043_c0827516,topo_moderate,4,21390_4d1e2d9c,topo_moderate,0.999992,True
23043_c0827516,topo_moderate,5,22196_0deb2e34,topo_connected,0.999987,False
23043_c0827516,topo_moderate,6,21982_bdafa78d,topo_isolated,0.999986,False
23043_c0827516,topo_moderate,7,22761_ca309655,topo_complex,0.999983,False
23043_c0827516,topo_moderate,8,22448_1f21757a,topo_connected,0.99998,False
23043_c0827516,topo_moderate,9,23132_1847c4ef,topo_complex,0.999974,False
23043_c0827516,topo_moderate,10,20788_d25efea2,topo_connected,0.999971,False
23154_7c74d190,topo_connected,1,21805_2ba39d00,topo_complex,0.999955,False
23154_7c74d190,topo_connected,2,22278_12f1fb79,topo_minimal,0.99992,False
23154_7c74d190,topo_connected,3,20818_098cad7c,topo_complex,0.999885,False
23154_7c74d190,topo_connected,4,23273_8f301ce3,topo_moderate,0.999862,False
23154_7c74d190,topo_connected,5,22331_152ee5c0,topo_moderate,0.999834,False
23154_7c74d190,topo_connected,6,21329_1bfecd1d,topo_connected,0.999814,True
23154_7c74d190,topo_connected,7,23378_8d6426ae,topo_moderate,0.999724,False
23154_7c74d190,topo_connected,8,21557_53eafe15,topo_complex,0.999708,False
23154_7c74d190,topo_connected,9,22764_b884dce6,topo_moderate,0.999609,False
23154_7c74d190,topo_connected,10,22357_e2f7b060,topo_complex,0.99958,False
20387_0d507234,topo_isolated,1,21989_a0b5037d,topo_connected,0.999992,False
20387_0d507234,topo_isolated,2,21513_50fb4d62,topo_connected,0.999985,False
20387_0d507234,topo_isolated,3,23172_4ab01e83,topo_connected,0.999985,False
20387_0d507234,topo_isolated,4,23037_d0df320c,topo_minimal,0.999985,False
20387_0d507234,topo_isolated,5,22059_b7d76712,topo_connected,0.999984,False
20387_0d507234,topo_isolated,6,23008_3d1bb7b2,topo_minimal,0.999983,False
20387_0d507234,topo_isolated,7,20925_dc64a33a,topo_moderate,0.999982,False
20387_0d507234,topo_isolated,8,21837_b67d788c,topo_connected,0.99998,False
20387_0d507234,topo_isolated,9,22586_ff3651b2,topo_moderate,0.999979,False
20387_0d507234,topo_isolated,10,23036_7f9d143f,topo_connected,0.999978,False
22862_f5406bb0,topo_isolated,1,23006_92c5b990,topo_moderate,1.0,False
22862_f5406bb0,topo_isolated,2,23403_e539620b,topo_minimal,1.0,False
22862_f5406bb0,topo_isolated,3,20392_8b23d193,topo_minimal,1.0,False
22862_f5406bb0,topo_isolated,4,21570_9cb1d1c4,topo_minimal,1.0,False
22862_f5406bb0,topo_isolated,5,22261_6efe61e3,topo_minimal,0.999999,False
22862_f5406bb0,topo_isolated,6,20340_86125547,topo_minimal,0.999999,False
22862_f5406bb0,topo_isolated,7,20409_dafedec6,topo_isolated,0.999999,True
22862_f5406bb0,topo_isolated,8,22142_7891a26a,topo_minimal,0.999999,False
22862_f5406bb0,topo_isolated,9,21422_b2a6bf27,topo_isolated,0.999999,True
22862_f5406bb0,topo_isolated,10,22178_976d2411,topo_minimal,0.999999,False
22890_4ecfa491,topo_connected,1,22535_0ba01cc9,topo_complex,0.999955,False
22890_4ecfa491,topo_connected,2,23217_7c6062e3,topo_connected,0.999927,True
22890_4ecfa491,topo_connected,3,20500_e88d8065,topo_connected,0.999924,True
22890_4ecfa491,topo_connected,4,21551_c6c2d516,topo_moderate,0.999919,False
22890_4ecfa491,topo_connected,5,22056_79373464,topo_complex,0.999904,False
22890_4ecfa491,topo_connected,6,20787_ed64ff5e,topo_moderate,0.999871,False
22890_4ecfa491,topo_connected,7,21986_67c5509a,topo_complex,0.999858,False
22890_4ecfa491,topo_connected,8,23123_f35404c4,topo_complex,0.999858,False
22890_4ecfa491,topo_connected,9,22421_19401bdd,topo_complex,0.99982,False
22890_4ecfa491,topo_connected,10,23002_4d53fb3f,topo_moderate,0.999816,False
21625_d5d4c9a7,topo_moderate,1,22074_c0265b0d,topo_moderate,0.999999,True
21625_d5d4c9a7,topo_moderate,2,23366_cc0bc28e,topo_minimal,0.999999,False
21625_d5d4c9a7,topo_moderate,3,20970_d20c6c35,topo_connected,0.999999,False
21625_d5d4c9a7,topo_moderate,4,23178_eb4b4280,topo_minimal,0.999999,False
21625_d5d4c9a7,topo_moderate,5,22062_2d6b3b72,topo_minimal,0.999997,False
21625_d5d4c9a7,topo_moderate,6,22049_4da0d894,topo_connected,0.999997,False
21625_d5d4c9a7,topo_moderate,7,23236_d5867507,topo_connected,0.999997,False
21625_d5d4c9a7,topo_moderate,8,21634_e5e20375,topo_moderate,0.999996,True
21625_d5d4c9a7,topo_moderate,9,23158_c7e753c2,topo_moderate,0.999996,True
21625_d5d4c9a7,topo_moderate,10,22050_e8702dd4,topo_connected,0.999996,False
22216_4b032400,topo_minimal,1,21133_f9a1614e,topo_minimal,0.999995,True
22216_4b032400,topo_minimal,2,21831_54ca67d1,topo_minimal,0.999992,True
22216_4b032400,topo_minimal,3,21840_6847d36c,topo_isolated,0.999991,False
22216_4b032400,topo_minimal,4,21386_e234c6b6,topo_moderate,0.999985,False
22216_4b032400,topo_minimal,5,22040_6461a147,topo_connected,0.999982,False
22216_4b032400,topo_minimal,6,22245_ca848576,topo_connected,0.999976,False
22216_4b032400,topo_minimal,7,22638_37f9fe91,topo_connected,0.999973,False
22216_4b032400,topo_minimal,8,22311_553b3456,topo_complex,0.999972,False
22216_4b032400,topo_minimal,9,23028_2ca87745,topo_connected,0.99997,False
22216_4b032400,topo_minimal,10,22434_2ad62ed6,topo_minimal,0.999964,True
21564_fa5b2db7,topo_isolated,1,20731_fbdc7731,topo_moderate,1.0,False
21564_fa5b2db7,topo_isolated,2,22367_b4a67e61,topo_minimal,1.0,False
21564_fa5b2db7,topo_isolated,3,22047_5a090f16,topo_isolated,1.0,True
21564_fa5b2db7,topo_isolated,4,22140_9cda24cc,topo_minimal,1.0,False
21564_fa5b2db7,topo_isolated,5,22014_5880c417,topo_moderate,1.0,False
21564_fa5b2db7,topo_isolated,6,20468_1c33550a,topo_minimal,0.999999,False
21564_fa5b2db7,topo_isolated,7,20438_5f344b00,topo_isolated,0.999999,True
21564_fa5b2db7,topo_isolated,8,20989_885bd9b9,topo_minimal,0.999999,False
21564_fa5b2db7,topo_isolated,9,22304_33009be6,topo_isolated,0.999999,True
21564_fa5b2db7,topo_isolated,10,22241_535ad84b,topo_isolated,0.999999,True
21918_976c2754,topo_complex,1,23168_7fdf5427,topo_complex,0.999988,True
21918_976c2754,topo_complex,2,20643_71ad3d26,topo_minimal,0.999983,False
21918_976c2754,topo_complex,3,23419_ea47995f,topo_complex,0.99998,True
21918_976c2754,topo_complex,4,23083_fdb942ac,topo_connected,0.999971,False
21918_976c2754,topo_complex,5,23329_6939d5d9,topo_complex,0.999955,True
21918_976c2754,topo_complex,6,21545_4384f96e,topo_moderate,0.999955,False
21918_976c2754,topo_complex,7,22417_4a15d62e,topo_connected,0.999951,False
21918_976c2754,topo_complex,8,21700_28d193ac,topo_complex,0.999938,True
21918_976c2754,topo_complex,9,21697_06656699,topo_connected,0.999936,False
21918_976c2754,topo_complex,10,20421_0fd51709,topo_connected,0.999932,False
21615_f2ecc6e8,topo_isolated,1,21612_e2981dae,topo_isolated,1.0,True
21615_f2ecc6e8,topo_isolated,2,22131_6b4b60f8,topo_minimal,1.0,False
21615_f2ecc6e8,topo_isolated,3,21610_5dcf1187,topo_isolated,1.0,True
21615_f2ecc6e8,topo_isolated,4,21614_5d6afa62,topo_isolated,1.0,True
21615_f2ecc6e8,topo_isolated,5,22671_fdd1b1e6,topo_connected,1.0,False
21615_f2ecc6e8,topo_isolated,6,21619_19435db0,topo_isolated,1.0,True
21615_f2ecc6e8,topo_isolated,7,21613_d57e983a,topo_isolated,0.999999,True
21615_f2ecc6e8,topo_isolated,8,21617_ddd3657b,topo_isolated,0.999999,True
21615_f2ecc6e8,topo_isolated,9,22067_624b28e3,topo_moderate,0.999999,False
21615_f2ecc6e8,topo_isolated,10,23164_659c91ef,topo_connected,0.999998,False
23164_659c91ef,topo_connected,1,21785_d595ced5,topo_minimal,1.0,False
23164_659c91ef,topo_connected,2,21761_fdb5f86d,topo_moderate,1.0,False
23164_659c91ef,topo_connected,3,22671_fdd1b1e6,topo_connected,0.999999,True
23164_659c91ef,topo_connected,4,20810_f6674f2d,topo_isolated,0.999999,False
23164_659c91ef,topo_connected,5,20822_5bb36119,topo_isolated,0.999999,False
23164_659c91ef,topo_connected,6,23039_b3d04774,topo_moderate,0.999999,False
23164_659c91ef,topo_connected,7,22653_58d6287d,topo_isolated,0.999999,False
23164_659c91ef,topo_connected,8,21265_7329c813,topo_moderate,0.999999,False
23164_659c91ef,topo_connected,9,21825_ce32b0a0,topo_minimal,0.999999,False
23164_659c91ef,topo_connected,10,20412_42170125,topo_moderate,0.999999,False
21271_ec7f62b8,topo_connected,1,23320_e0711ae9,topo_connected,0.999999,True
21271_ec7f62b8,topo_connected,2,23127_38d73061,topo_complex,0.999999,False
21271_ec7f62b8,topo_connected,3,22561_067b78ae,topo_moderate,0.999997,False
21271_ec7f62b8,topo_connected,4,22710_77324fc2,topo_moderate,0.999997,False
21271_ec7f62b8,topo_connected,5,22312_3f366a4a,topo_connected,0.999995,True
21271_ec7f62b8,topo_connected,6,23008_3d1bb7b2,topo_minimal,0.999993,False
21271_ec7f62b8,topo_connected,7,23170_6ea8ded5,topo_moderate,0.999991,False
21271_ec7f62b8,topo_connected,8,23037_d0df320c,topo_minimal,0.99999,False
21271_ec7f62b8,topo_connected,9,22059_b7d76712,topo_connected,0.999988,True
21271_ec7f62b8,topo_connected,10,21566_ff590631,topo_moderate,0.999988,False
22746_920025a0,topo_moderate,1,23239_ba13cf5e,topo_moderate,1.0,True
22746_920025a0,topo_moderate,2,21976_807c9b26,topo_minimal,1.0,False
22746_920025a0,topo_moderate,3,22053_de30641b,topo_minimal,1.0,False
22746_920025a0,topo_moderate,4,22135_2aa77ff2,topo_isolated,0.999999,False
22746_920025a0,topo_moderate,5,20803_473c87ac,topo_isolated,0.999999,False
22746_920025a0,topo_moderate,6,21140_8d150c65,topo_minimal,0.999999,False
22746_920025a0,topo_moderate,7,21274_2fb8c3f5,topo_isolated,0.999999,False
22746_920025a0,topo_moderate,8,23184_731e5af0,topo_moderate,0.999999,True
22746_920025a0,topo_moderate,9,20468_1c33550a,topo_minimal,0.999999,False
22746_920025a0,topo_moderate,10,21047_60d69af3,topo_minimal,0.999999,False
20429_9dd95c38,topo_isolated,1,19518_f220b68a,topo_isolated,1.0,True
20429_9dd95c38,topo_isolated,2,20342_c140780b,topo_isolated,1.0,True
20429_9dd95c38,topo_isolated,3,22178_976d2411,topo_minimal,1.0,False
20429_9dd95c38,topo_isolated,4,20994_9c88b1ba,topo_minimal,1.0,False
20429_9dd95c38,topo_isolated,5,16550_e88d6986,topo_minimal,1.0,False
20429_9dd95c38,topo_isolated,6,20340_86125547,topo_minimal,1.0,False
20429_9dd95c38,topo_isolated,7,23351_6104d55d,topo_moderate,1.0,False
20429_9dd95c38,topo_isolated,8,20947_115d4058,topo_isolated,1.0,True
20429_9dd95c38,topo_isolated,9,22136_a539c50b,topo_isolated,1.0,True
20429_9dd95c38,topo_isolated,10,23250_aa321310,topo_moderate,1.0,False
20806_ca60b7ae,topo_minimal,1,21862_ec534e16,topo_minimal,1.0,True
20806_ca60b7ae,topo_minimal,2,20384_767d849a,topo_minimal,1.0,True
20806_ca60b7ae,topo_minimal,3,22136_a539c50b,topo_isolated,1.0,False
20806_ca60b7ae,topo_minimal,4,23163_7b143a6f,topo_moderate,0.999999,False
20806_ca60b7ae,topo_minimal,5,20478_c02790cb,topo_minimal,0.999999,True
20806_ca60b7ae,topo_minimal,6,22472_f65d3470,topo_isolated,0.999999,False
20806_ca60b7ae,topo_minimal,7,20429_9dd95c38,topo_isolated,0.999999,False
20806_ca60b7ae,topo_minimal,8,16550_e88d6986,topo_minimal,0.999999,True
20806_ca60b7ae,topo_minimal,9,20342_c140780b,topo_isolated,0.999999,False
20806_ca60b7ae,topo_minimal,10,20994_9c88b1ba,topo_minimal,0.999999,True
23178_eb4b4280,topo_minimal,1,22049_4da0d894,topo_connected,1.0,False
23178_eb4b4280,topo_minimal,2,20970_d20c6c35,topo_connected,0.999999,False
23178_eb4b4280,topo_minimal,3,21037_62248d34,topo_minimal,0.999999,True
23178_eb4b4280,topo_minimal,4,21625_d5d4c9a7,topo_moderate,0.999999,False
23178_eb4b4280,topo_minimal,5,22050_e8702dd4,topo_connected,0.999998,False
23178_eb4b4280,topo_minimal,6,22074_c0265b0d,topo_moderate,0.999997,False
23178_eb4b4280,topo_minimal,7,23366_cc0bc28e,topo_minimal,0.999996,True
23178_eb4b4280,topo_minimal,8,23438_b1ef78f4,topo_moderate,0.999995,False
23178_eb4b4280,topo_minimal,9,20990_0a226634,topo_isolated,0.999995,False
23178_eb4b4280,topo_minimal,10,21634_e5e20375,topo_moderate,0.999994,False
21478_8fbd4409,topo_moderate,1,23102_211ad1db,topo_isolated,0.999997,False
21478_8fbd4409,topo_moderate,2,20609_69f28932,topo_moderate,0.999997,True
21478_8fbd4409,topo_moderate,3,21497_9833a679,topo_moderate,0.999996,True
21478_8fbd4409,topo_moderate,4,21292_f94bd96b,topo_connected,0.999996,False
21478_8fbd4409,topo_moderate,5,23308_245d257c,topo_moderate,0.999995,True
21478_8fbd4409,topo_moderate,6,22259_613f9d44,topo_moderate,0.999995,True
21478_8fbd4409,topo_moderate,7,20789_1809f41f,topo_moderate,0.999992,True
21478_8fbd4409,topo_moderate,8,21817_945cd3c9,topo_connected,0.999992,False
21478_8fbd4409,topo_moderate,9,21467_67965037,topo_complex,0.999989,False
21478_8fbd4409,topo_moderate,10,23434_6635ed57,topo_connected,0.999989,False
23511_8651ac1f,topo_connected,1,22717_08784417,topo_connected,0.999789,True
23511_8651ac1f,topo_connected,2,21926_b4c7068b,topo_complex,0.99915,False
23511_8651ac1f,topo_connected,3,21647_6b6cca6f,topo_complex,0.99887,False
23511_8651ac1f,topo_connected,4,21352_d60bc953,topo_minimal,0.998768,False
23511_8651ac1f,topo_connected,5,20546_87dbd755,topo_complex,0.998412,False
23511_8651ac1f,topo_connected,6,20952_b8a54213,topo_complex,0.997733,False
23511_8651ac1f,topo_connected,7,23376_9b48819a,topo_minimal,0.994332,False
23511_8651ac1f,topo_connected,8,20870_dedaef5b,topo_complex,0.993439,False
23511_8651ac1f,topo_connected,9,21236_b696e901,topo_complex,0.987996,False
23511_8651ac1f,topo_connected,10,20746_57a7b346,topo_complex,0.987538,False
22372_e91792a1,topo_connected,1,21049_f644930a,topo_connected,0.999996,True
22372_e91792a1,topo_connected,2,23373_f5dac851,topo_complex,0.999996,False
22372_e91792a1,topo_connected,3,22323_aa6edb8b,topo_complex,0.999995,False
22372_e91792a1,topo_connected,4,22126_e1cca10f,topo_connected,0.999993,True
22372_e91792a1,topo_connected,5,22987_37973191,topo_complex,0.999991,False
22372_e91792a1,topo_connected,6,22021_520ec8c3,topo_complex,0.999988,False
22372_e91792a1,topo_connected,7,22778_7d85debd,topo_complex,0.999984,False
22372_e91792a1,topo_connected,8,21503_34f299ca,topo_connected,0.999981,True
22372_e91792a1,topo_connected,9,22776_facf9bcf,topo_complex,0.99998,False
22372_e91792a1,topo_connected,10,23413_6702ec7f,topo_minimal,0.999971,False
21634_e5e20375,topo_moderate,1,20495_e8e7e80c,topo_moderate,1.0,True
21634_e5e20375,topo_moderate,2,20940_9777847c,topo_connected,0.999999,False
21634_e5e20375,topo_moderate,3,20285_b64b1a7e,topo_minimal,0.999999,False
21634_e5e20375,topo_moderate,4,22891_b8c84495,topo_moderate,0.999999,True
21634_e5e20375,topo_moderate,5,23387_c4aa9424,topo_minimal,0.999999,False
21634_e5e20375,topo_moderate,6,23236_d5867507,topo_connected,0.999999,False
21634_e5e20375,topo_moderate,7,23342_7193a931,topo_moderate,0.999999,True
21634_e5e20375,topo_moderate,8,23158_c7e753c2,topo_moderate,0.999999,True
21634_e5e20375,topo_moderate,9,23339_87a4d11f,topo_isolated,0.999998,False
21634_e5e20375,topo_moderate,10,23369_447545f6,topo_moderate,0.999998,True
22430_c6f08b03,topo_complex,1,20533_0a3e112b,topo_connected,0.999568,False
22430_c6f08b03,topo_complex,2,23422_f214bd4d,topo_complex,0.999561,True
22430_c6f08b03,topo_complex,3,21244_d67bbabc,topo_complex,0.99944,True
22430_c6f08b03,topo_complex,4,21069_508a9947,topo_complex,0.998718,True
22430_c6f08b03,topo_complex,5,22079_31335df2,topo_connected,0.998517,False
22430_c6f08b03,topo_complex,6,21656_964b0c84,topo_complex,0.998498,True
22430_c6f08b03,topo_complex,7,22533_e7298b05,topo_complex,0.998373,True
22430_c6f08b03,topo_complex,8,22413_901f5867,topo_complex,0.997949,True
22430_c6f08b03,topo_complex,9,21005_9feee615,topo_isolated,0.997551,False
22430_c6f08b03,topo_complex,10,21421_fb12b69b,topo_complex,0.997478,True
22461_0ba0e480,topo_connected,1,23036_7f9d143f,topo_connected,0.999997,True
22461_0ba0e480,topo_connected,2,23501_6c48b3c1,topo_complex,0.999995,False
22461_0ba0e480,topo_connected,3,22059_b7d76712,topo_connected,0.999992,True
22461_0ba0e480,topo_connected,4,20925_dc64a33a,topo_moderate,0.999991,False
22461_0ba0e480,topo_connected,5,20322_daa5c577,topo_moderate,0.99999,False
22461_0ba0e480,topo_connected,6,21009_907a2a95,topo_complex,0.99999,False
22461_0ba0e480,topo_connected,7,21513_50fb4d62,topo_connected,0.999989,True
22461_0ba0e480,topo_connected,8,22341_0f9c52ed,topo_connected,0.999988,True
22461_0ba0e480,topo_connected,9,21989_a0b5037d,topo_connected,0.999985,True
22461_0ba0e480,topo_connected,10,23008_3d1bb7b2,topo_minimal,0.999982,False
23305_2662b29a,topo_minimal,1,22852_dc1dbed6,topo_moderate,0.999228,False
23305_2662b29a,topo_minimal,2,21423_196855d1,topo_minimal,0.993409,True
23305_2662b29a,topo_minimal,3,21856_f84d9348,topo_moderate,0.992712,False
23305_2662b29a,topo_minimal,4,21592_c5e77a82,topo_connected,0.989081,False
23305_2662b29a,topo_minimal,5,21426_51651a10,topo_isolated,0.978458,False
23305_2662b29a,topo_minimal,6,22080_594bcb66,topo_minimal,0.976776,True
23305_2662b29a,topo_minimal,7,21165_5cb2d287,topo_isolated,0.965862,False
23305_2662b29a,topo_minimal,8,22017_6d3be48d,topo_complex,0.965047,False
23305_2662b29a,topo_minimal,9,21496_f4025ad5,topo_isolated,0.961691,False
23305_2662b29a,topo_minimal,10,21453_679a343c,topo_isolated,0.959368,False
23163_7b143a6f,topo_moderate,1,20478_c02790cb,topo_minimal,1.0,False
23163_7b143a6f,topo_moderate,2,22472_f65d3470,topo_isolated,1.0,False
23163_7b143a6f,topo_moderate,3,16550_e88d6986,topo_minimal,1.0,False
23163_7b143a6f,topo_moderate,4,23351_6104d55d,topo_moderate,1.0,True
23163_7b143a6f,topo_moderate,5,23250_aa321310,topo_moderate,1.0,True
23163_7b143a6f,topo_moderate,6,20994_9c88b1ba,topo_minimal,1.0,False
23163_7b143a6f,topo_moderate,7,21862_ec534e16,topo_minimal,1.0,False
23163_7b143a6f,topo_moderate,8,20947_115d4058,topo_isolated,1.0,False
23163_7b143a6f,topo_moderate,9,20429_9dd95c38,topo_isolated,1.0,False
23163_7b143a6f,topo_moderate,10,19518_f220b68a,topo_isolated,1.0,False
20970_d20c6c35,topo_connected,1,23178_eb4b4280,topo_minimal,0.999999,False
20970_d20c6c35,topo_connected,2,22049_4da0d894,topo_connected,0.999999,True
20970_d20c6c35,topo_connected,3,21625_d5d4c9a7,topo_moderate,0.999999,False
20970_d20c6c35,topo_connected,4,22074_c0265b0d,topo_moderate,0.999997,False
20970_d20c6c35,topo_connected,5,21603_98a15295,topo_minimal,0.999997,False
20970_d20c6c35,topo_connected,6,23366_cc0bc28e,topo_minimal,0.999997,False
20970_d20c6c35,topo_connected,7,21037_62248d34,topo_minimal,0.999997,False
20970_d20c6c35,topo_connected,8,22050_e8702dd4,topo_connected,0.999996,True
20970_d20c6c35,topo_connected,9,22062_2d6b3b72,topo_minimal,0.999996,False
20970_d20c6c35,topo_connected,10,21424_9d516e3a,topo_minimal,0.999994,False
23218_02d26ab4,topo_moderate,1,23244_34b5f55e,topo_connected,0.999999,False
23218_02d26ab4,topo_moderate,2,22043_041e1b7c,topo_moderate,0.999998,True
23218_02d26ab4,topo_moderate,3,23210_f535bfd2,topo_moderate,0.999997,True
23218_02d26ab4,topo_moderate,4,21588_0c48dc5f,topo_moderate,0.999997,True
23218_02d26ab4,topo_moderate,5,22981_93f268ae,topo_minimal,0.999996,False
23218_02d26ab4,topo_moderate,6,20646_4cd14a72,topo_moderate,0.999996,True
23218_02d26ab4,topo_moderate,7,22589_2c8f7c0b,topo_minimal,0.999996,False
23218_02d26ab4,topo_moderate,8,20647_cea2e07c,topo_moderate,0.999996,True
23218_02d26ab4,topo_moderate,9,21994_357aac6f,topo_connected,0.999996,False
23218_02d26ab4,topo_moderate,10,20908_10574fbf,topo_minimal,0.999995,False
22987_37973191,topo_complex,1,22323_aa6edb8b,topo_complex,0.999998,True
22987_37973191,topo_complex,2,22778_7d85debd,topo_complex,0.999998,True
22987_37973191,topo_complex,3,23373_f5dac851,topo_complex,0.999997,True
22987_37973191,topo_complex,4,22776_facf9bcf,topo_complex,0.999995,True
22987_37973191,topo_complex,5,22126_e1cca10f,topo_connected,0.999993,False
22987_37973191,topo_complex,6,22832_731d3b9f,topo_complex,0.999992,True
22987_37973191,topo_complex,7,22372_e91792a1,topo_connected,0.999991,False
22987_37973191,topo_complex,8,21049_f644930a,topo_connected,0.999983,False
22987_37973191,topo_complex,9,23473_1dfa6e40,topo_complex,0.999982,True
22987_37973191,topo_complex,10,21503_34f299ca,topo_connected,0.999981,False
22147_12995368,topo_moderate,1,22129_48b47c52,topo_minimal,1.0,False
22147_12995368,topo_moderate,2,20989_a261efa3,topo_isolated,0.999999,False
22147_12995368,topo_moderate,3,22508_6bb410af,topo_minimal,0.999999,False
22147_12995368,topo_moderate,4,21665_2e14b6ff,topo_isolated,0.999999,False
22147_12995368,topo_moderate,5,22283_36ba29c9,topo_minimal,0.999999,False
22147_12995368,topo_moderate,6,20384_767d849a,topo_minimal,0.999998,False
22147_12995368,topo_moderate,7,22026_62afa265,topo_minimal,0.999998,False
22147_12995368,topo_moderate,8,20807_88c198d5,topo_isolated,0.999998,False
22147_12995368,topo_moderate,9,20951_2918f2fa,topo_moderate,0.999998,True
22147_12995368,topo_moderate,10,20838_86c931be,topo_minimal,0.999998,False
21552_4e9c19b1,topo_moderate,1,21550_0b16151d,topo_complex,0.999988,False
21552_4e9c19b1,topo_moderate,2,20779_fc5a7c3d,topo_connected,0.999985,False
21552_4e9c19b1,topo_moderate,3,22196_0deb2e34,topo_connected,0.999985,False
21552_4e9c19b1,topo_moderate,4,21390_4d1e2d9c,topo_moderate,0.999984,True
21552_4e9c19b1,topo_moderate,5,22448_1f21757a,topo_connected,0.999982,False
21552_4e9c19b1,topo_moderate,6,23322_8f85d82d,topo_moderate,0.999982,True
21552_4e9c19b1,topo_moderate,7,21719_d60b8a4a,topo_minimal,0.999979,False
21552_4e9c19b1,topo_moderate,8,22654_4c426b0f,topo_moderate,0.999976,True
21552_4e9c19b1,topo_moderate,9,20755_4b5e61bf,topo_connected,0.999974,False
21552_4e9c19b1,topo_moderate,10,20502_58b65de9,topo_connected,0.999969,False
21582_a3d32115,topo_moderate,1,22483_f4e4b62a,topo_complex,0.999636,False
21582_a3d32115,topo_moderate,2,21244_24c3ce72,topo_complex,0.999204,False
21582_a3d32115,topo_moderate,3,21421_fb12b69b,topo_complex,0.998461,False
21582_a3d32115,topo_moderate,4,22079_31335df2,topo_connected,0.998359,False
21582_a3d32115,topo_moderate,5,21450_ea24ffcc,topo_connected,0.998037,False
21582_a3d32115,topo_moderate,6,21244_d67bbabc,topo_complex,0.997519,False
21582_a3d32115,topo_moderate,7,20351_dc6e4e1e,topo_connected,0.996122,False
21582_a3d32115,topo_moderate,8,20533_0a3e112b,topo_connected,0.995805,False
21582_a3d32115,topo_moderate,9,22430_c6f08b03,topo_complex,0.994725,False
21582_a3d32115,topo_moderate,10,23310_7daded69,topo_complex,0.994019,False
21911_429c1a72,topo_isolated,1,20705_ac2a0325,topo_isolated,1.0,True
21911_429c1a72,topo_isolated,2,20672_0bc07cce,topo_minimal,1.0,False
21911_429c1a72,topo_isolated,3,23343_f000bdae,topo_isolated,1.0,True
21911_429c1a72,topo_isolated,4,20426_79358492,topo_isolated,1.0,True
21911_429c1a72,topo_isolated,5,21451_fea6f0d1,topo_isolated,1.0,True
21911_429c1a72,topo_isolated,6,20429_419c4cdd,topo_isolated,1.0,True
21911_429c1a72,topo_isolated,7,20376_eefa9511,topo_isolated,1.0,True
21911_429c1a72,topo_isolated,8,21267_35a558cc,topo_isolated,1.0,True
21911_429c1a72,topo_isolated,9,20231_f54462bb,topo_isolated,1.0,True
21911_429c1a72,topo_isolated,10,20479_77930584,topo_isolated,1.0,True
20657_913a7675,topo_connected,1,21281_6e562106,topo_moderate,0.99991,False
20657_913a7675,topo_connected,2,20176_a02bde39,topo_complex,0.999908,False
20657_913a7675,topo_connected,3,20722_90d46353,topo_minimal,0.999869,False
20657_913a7675,topo_connected,4,23121_cbdf3ebc,topo_moderate,0.999823,False
20657_913a7675,topo_connected,5,20505_017d4cc4,topo_connected,0.999821,True
20657_913a7675,topo_connected,6,20431_27e7f151,topo_connected,0.99982,True
20657_913a7675,topo_connected,7,20182_71b9e491,topo_connected,0.999819,True
20657_913a7675,topo_connected,8,21365_ab403591,topo_connected,0.999817,True
20657_913a7675,topo_connected,9,20628_e0551f7c,topo_connected,0.999816,True
20657_913a7675,topo_connected,10,22612_28fe0ac2,topo_connected,0.999814,True
21926_b4c7068b,topo_complex,1,21352_d60bc953,topo_minimal,0.999427,False
21926_b4c7068b,topo_complex,2,23511_8651ac1f,topo_connected,0.99915,False
21926_b4c7068b,topo_complex,3,22717_08784417,topo_connected,0.998116,False
21926_b4c7068b,topo_complex,4,20546_87dbd755,topo_complex,0.997959,True
21926_b4c7068b,topo_complex,5,21647_6b6cca6f,topo_complex,0.9971,True
21926_b4c7068b,topo_complex,6,20952_b8a54213,topo_complex,0.995656,True
21926_b4c7068b,topo_complex,7,23376_9b48819a,topo_minimal,0.995512,False
21926_b4c7068b,topo_complex,8,20870_dedaef5b,topo_complex,0.991576,True
21926_b4c7068b,topo_complex,9,22415_658c81dd,topo_complex,0.989347,True
21926_b4c7068b,topo_complex,10,21859_35124f79,topo_complex,0.98488,True
22732_cd2af0ac,topo_isolated,1,20488_589ac9c0,topo_minimal,0.999996,False
22732_cd2af0ac,topo_isolated,2,20674_2fb6cabd,topo_isolated,0.999991,True
22732_cd2af0ac,topo_isolated,3,21865_c190b734,topo_minimal,0.999991,False
22732_cd2af0ac,topo_isolated,4,23215_08a54de0,topo_moderate,0.99999,False
22732_cd2af0ac,topo_isolated,5,21357_9edfc0a0,topo_isolated,0.99999,True
22732_cd2af0ac,topo_isolated,6,21581_8f948e0b,topo_moderate,0.99999,False
22732_cd2af0ac,topo_isolated,7,21047_60d69af3,topo_minimal,0.99999,False
22732_cd2af0ac,topo_isolated,8,23439_18900af2,topo_minimal,0.999989,False
22732_cd2af0ac,topo_isolated,9,23311_ad36a9ec,topo_minimal,0.999989,False
22732_cd2af0ac,topo_isolated,10,20385_f2d30908,topo_minimal,0.999989,False
21049_f644930a,topo_connected,1,22372_e91792a1,topo_connected,0.999996,True
21049_f644930a,topo_connected,2,23373_f5dac851,topo_complex,0.999993,False
21049_f644930a,topo_connected,3,22021_520ec8c3,topo_complex,0.999992,False
21049_f644930a,topo_connected,4,22323_aa6edb8b,topo_complex,0.999991,False
21049_f644930a,topo_connected,5,22126_e1cca10f,topo_connected,0.99999,True
21049_f644930a,topo_connected,6,22987_37973191,topo_complex,0.999983,False
21049_f644930a,topo_connected,7,22778_7d85debd,topo_complex,0.999978,False
21049_f644930a,topo_connected,8,22002_315afcfc,topo_complex,0.999971,False
21049_f644930a,topo_connected,9,22776_facf9bcf,topo_complex,0.999969,False
21049_f644930a,topo_connected,10,20440_27177360,topo_complex,0.999968,False
22345_bc482c26,topo_isolated,1,21048_75cc125c,topo_complex,0.999997,False
22345_bc482c26,topo_isolated,2,22072_5163223a,topo_moderate,0.999994,False
22345_bc482c26,topo_isolated,3,23409_e27e3b8b,topo_isolated,0.999992,True
22345_bc482c26,topo_isolated,4,22313_3a8b93dc,topo_connected,0.999992,False
22345_bc482c26,topo_isolated,5,20743_c8ea8159,topo_minimal,0.999992,False
22345_bc482c26,topo_isolated,6,20421_83f66ddc,topo_minimal,0.999991,False
22345_bc482c26,topo_isolated,7,23128_cb135b1b,topo_minimal,0.999991,False
22345_bc482c26,topo_isolated,8,22078_1758e9fc,topo_moderate,0.999991,False
22345_bc482c26,topo_isolated,9,21275_c8049742,topo_minimal,0.999991,False
22345_bc482c26,topo_isolated,10,21737_87d83240,topo_moderate,0.99999,False
21697_06656699,topo_connected,1,21709_4dd88551,topo_connected,0.999987,True
21697_06656699,topo_connected,2,21121_1e9e7540,topo_complex,0.999986,False
21697_06656699,topo_connected,3,22417_4a15d62e,topo_connected,0.999977,True
21697_06656699,topo_connected,4,21700_28d193ac,topo_complex,0.999971,False
21697_06656699,topo_connected,5,23419_ea47995f,topo_complex,0.999952,False
21697_06656699,topo_connected,6,21153_a2fb81fe,topo_connected,0.999951,True
21697_06656699,topo_connected,7,20643_71ad3d26,topo_minimal,0.99995,False
21697_06656699,topo_connected,8,21352_c1101acb,topo_moderate,0.999937,False
21697_06656699,topo_connected,9,21918_976c2754,topo_complex,0.999936,False
21697_06656699,topo_connected,10,23233_ac09e2e5,topo_complex,0.999936,False
20412_42170125,topo_moderate,1,22671_fdd1b1e6,topo_connected,0.999999,False
20412_42170125,topo_moderate,2,20756_75f43564,topo_minimal,0.999999,False
20412_42170125,topo_moderate,3,23164_659c91ef,topo_connected,0.999999,False
20412_42170125,topo_moderate,4,20810_f6674f2d,topo_isolated,0.999999,False
20412_42170125,topo_moderate,5,22653_58d6287d,topo_isolated,0.999999,False
20412_42170125,topo_moderate,6,21612_e2981dae,topo_isolated,0.999998,False
20412_42170125,topo_moderate,7,21614_5d6afa62,topo_isolated,0.999998,False
20412_42170125,topo_moderate,8,21619_19435db0,topo_isolated,0.999998,False
20412_42170125,topo_moderate,9,21615_f2ecc6e8,topo_isolated,0.999998,False
20412_42170125,topo_moderate,10,21785_d595ced5,topo_minimal,0.999998,False
21845_dff8b3a1,topo_complex,1,22070_fd1b8e5e,topo_connected,0.999993,False
21845_dff8b3a1,topo_complex,2,22360_42cd6a21,topo_moderate,0.999991,False
21845_dff8b3a1,topo_complex,3,22028_776fbf0d,topo_complex,0.99999,True
21845_dff8b3a1,topo_complex,4,21849_a5f563a6,topo_complex,0.999985,True
21845_dff8b3a1,topo_complex,5,23233_ac09e2e5,topo_complex,0.999979,True
21845_dff8b3a1,topo_complex,6,22168_a84560a9,topo_connected,0.999977,False
21845_dff8b3a1,topo_complex,7,23130_7417d5b3,topo_complex,0.999971,True
21845_dff8b3a1,topo_complex,8,21352_c1101acb,topo_moderate,0.999967,False
21845_dff8b3a1,topo_complex,9,21838_5bc448b4,topo_moderate,0.999965,False
21845_dff8b3a1,topo_complex,10,23467_9f431540,topo_moderate,0.999948,False
23083_fdb942ac,topo_connected,1,21545_4384f96e,topo_moderate,0.999991,False
23083_fdb942ac,topo_connected,2,21918_976c2754,topo_complex,0.999971,False
23083_fdb942ac,topo_connected,3,21700_28d193ac,topo_complex,0.999952,False
23083_fdb942ac,topo_connected,4,23419_ea47995f,topo_complex,0.999944,False
23083_fdb942ac,topo_connected,5,21153_a2fb81fe,topo_connected,0.999943,True
23083_fdb942ac,topo_connected,6,22581_406c16c4,topo_moderate,0.999936,False
23083_fdb942ac,topo_connected,7,23168_7fdf5427,topo_complex,0.999932,False
23083_fdb942ac,topo_connected,8,20278_d442e77d,topo_complex,0.999929,False
23083_fdb942ac,topo_connected,9,20643_71ad3d26,topo_minimal,0.999927,False
23083_fdb942ac,topo_connected,10,22417_4a15d62e,topo_connected,0.999922,True
22050_e8702dd4,topo_connected,1,20990_0a226634,topo_isolated,0.999999,False
22050_e8702dd4,topo_connected,2,23438_b1ef78f4,topo_moderate,0.999999,False
22050_e8702dd4,topo_connected,3,23178_eb4b4280,topo_minimal,0.999998,False
22050_e8702dd4,topo_connected,4,21037_62248d34,topo_minimal,0.999998,False
22050_e8702dd4,topo_connected,5,22049_4da0d894,topo_connected,0.999997,True
22050_e8702dd4,topo_connected,6,21715_53df62c9,topo_minimal,0.999997,False
22050_e8702dd4,topo_connected,7,20285_b64b1a7e,topo_minimal,0.999997,False
22050_e8702dd4,topo_connected,8,21634_e5e20375,topo_moderate,0.999996,False
22050_e8702dd4,topo_connected,9,21625_d5d4c9a7,topo_moderate,0.999996,False
22050_e8702dd4,topo_connected,10,20970_d20c6c35,topo_connected,0.999996,True
21495_ebbbd369,topo_moderate,1,21459_a9de5e5b,topo_isolated,1.0,False
21495_ebbbd369,topo_moderate,2,20193_2da4f0a0,topo_minimal,1.0,False
21495_ebbbd369,topo_moderate,3,20838_86c931be,topo_minimal,1.0,False
21495_ebbbd369,topo_moderate,4,20951_2918f2fa,topo_moderate,1.0,True
21495_ebbbd369,topo_moderate,5,22026_62afa265,topo_minimal,1.0,False
21495_ebbbd369,topo_moderate,6,22472_f65d3470,topo_isolated,1.0,False
21495_ebbbd369,topo_moderate,7,20478_c02790cb,topo_minimal,1.0,False
21495_ebbbd369,topo_moderate,8,20671_33532794,topo_minimal,1.0,False
21495_ebbbd369,topo_moderate,9,20259_de1ab632,topo_minimal,0.999999,False
21495_ebbbd369,topo_moderate,10,22844_9b75b8e0,topo_moderate,0.999999,True
22140_9cda24cc,topo_minimal,1,22241_535ad84b,topo_isolated,1.0,False
22140_9cda24cc,topo_minimal,2,20731_fbdc7731,topo_moderate,1.0,False
22140_9cda24cc,topo_minimal,3,22304_33009be6,topo_isolated,1.0,False
22140_9cda24cc,topo_minimal,4,20989_885bd9b9,topo_minimal,1.0,True
22140_9cda24cc,topo_minimal,5,22047_5a090f16,topo_isolated,1.0,False
22140_9cda24cc,topo_minimal,6,20438_5f344b00,topo_isolated,1.0,False
22140_9cda24cc,topo_minimal,7,21564_fa5b2db7,topo_isolated,1.0,False
22140_9cda24cc,topo_minimal,8,20216_89b90993,topo_minimal,0.999999,True
22140_9cda24cc,topo_minimal,9,22367_b4a67e61,topo_minimal,0.999999,True
22140_9cda24cc,topo_minimal,10,20468_1c33550a,topo_minimal,0.999998,True
23035_6087bb57,topo_connected,1,20431_0088a0dd,topo_moderate,0.999998,False
23035_6087bb57,topo_connected,2,21358_a69a36f3,topo_moderate,0.999998,False
23035_6087bb57,topo_connected,3,20520_7e357152,topo_isolated,0.999998,False
23035_6087bb57,topo_connected,4,21529_93e51dd9,topo_connected,0.999997,True
23035_6087bb57,topo_connected,5,21202_e452c491,topo_isolated,0.999997,False
23035_6087bb57,topo_connected,6,22680_1f4026f6,topo_moderate,0.999997,False
23035_6087bb57,topo_connected,7,20554_abcb705e,topo_moderate,0.999996,False
23035_6087bb57,topo_connected,8,22218_2f85f6ae,topo_connected,0.999994,True
23035_6087bb57,topo_connected,9,23434_6635ed57,topo_connected,0.999994,True
23035_6087bb57,topo_connected,10,20329_414757bb,topo_connected,0.999992,True
21836_5bc91e49,topo_moderate,1,21828_21ab2114,topo_isolated,1.0,False
21836_5bc91e49,topo_moderate,2,22365_a4eb929c,topo_moderate,1.0,True
21836_5bc91e49,topo_moderate,3,23259_d655fcc1,topo_moderate,0.999998,True
21836_5bc91e49,topo_moderate,4,22414_14ead4a3,topo_complex,0.999993,False
21836_5bc91e49,topo_moderate,5,21490_d07ff9f8,topo_complex,0.999988,False
21836_5bc91e49,topo_moderate,6,20502_58b65de9,topo_connected,0.999986,False
21836_5bc91e49,topo_moderate,7,20680_b095cb77,topo_minimal,0.999982,False
21836_5bc91e49,topo_moderate,8,22706_58a933f4,topo_moderate,0.999975,True
21836_5bc91e49,topo_moderate,9,22654_4c426b0f,topo_moderate,0.999973,True
21836_5bc91e49,topo_moderate,10,22576_d05619d1,topo_isolated,0.999947,False
21539_cfe1f7fd,topo_connected,1,21621_711e1918,topo_complex,0.999977,False
21539_cfe1f7fd,topo_connected,2,22035_101c7ab4,topo_connected,0.999968,True
21539_cfe1f7fd,topo_connected,3,20237_06b27bf5,topo_moderate,0.999966,False
21539_cfe1f7fd,topo_connected,4,22399_97987ada,topo_isolated,0.999965,False
21539_cfe1f7fd,topo_connected,5,23468_a0bfb573,topo_complex,0.999961,False
21539_cfe1f7fd,topo_connected,6,20421_38b63ca5,topo_complex,0.999955,False
21539_cfe1f7fd,topo_connected,7,22082_39503fa6,topo_complex,0.999946,False
21539_cfe1f7fd,topo_connected,8,22011_0832eefe,topo_connected,0.999939,True
21539_cfe1f7fd,topo_connected,9,22376_3ebc82a2,topo_complex,0.999935,False
21539_cfe1f7fd,topo_connected,10,22266_078a1f68,topo_complex,0.999935,False
21626_b34008e6,topo_connected,1,23044_9a964a68,topo_complex,0.999995,False
21626_b34008e6,topo_connected,2,23475_b14d1dc8,topo_connected,0.999992,True
21626_b34008e6,topo_connected,3,22474_b10fea1a,topo_complex,0.999986,False
21626_b34008e6,topo_connected,4,23176_1bf2a2d5,topo_complex,0.999976,False
21626_b34008e6,topo_connected,5,21590_7d092186,topo_complex,0.99996,False
21626_b34008e6,topo_connected,6,22046_fe3bae6e,topo_complex,0.999955,False
21626_b34008e6,topo_connected,7,22228_1c82530b,topo_connected,0.999949,True
21626_b34008e6,topo_connected,8,21745_56cbe841,topo_complex,0.99993,False
21626_b34008e6,topo_connected,9,21816_3891a442,topo_complex,0.999923,False
21626_b34008e6,topo_connected,10,20779_fc5a7c3d,topo_connected,0.999921,True
21862_ec534e16,topo_minimal,1,20806_ca60b7ae,topo_minimal,1.0,True
21862_ec534e16,topo_minimal,2,23163_7b143a6f,topo_moderate,1.0,False
21862_ec534e16,topo_minimal,3,22136_a539c50b,topo_isolated,1.0,False
21862_ec534e16,topo_minimal,4,20384_767d849a,topo_minimal,1.0,True
21862_ec534e16,topo_minimal,5,20478_c02790cb,topo_minimal,1.0,True
21862_ec534e16,topo_minimal,6,22472_f65d3470,topo_isolated,0.999999,False
21862_ec534e16,topo_minimal,7,20429_9dd95c38,topo_isolated,0.999999,False
21862_ec534e16,topo_minimal,8,16550_e88d6986,topo_minimal,0.999999,True
21862_ec534e16,topo_minimal,9,20342_c140780b,topo_isolated,0.999999,False
21862_ec534e16,topo_minimal,10,20994_9c88b1ba,topo_minimal,0.999999,True
21451_fea6f0d1,topo_isolated,1,20436_41b730a3,topo_isolated,1.0,True
21451_fea6f0d1,topo_isolated,2,23343_f000bdae,topo_isolated,1.0,True
21451_fea6f0d1,topo_isolated,3,20927_826f4b56,topo_isolated,1.0,True
21451_fea6f0d1,topo_isolated,4,20469_b6211bfd,topo_minimal,1.0,False
21451_fea6f0d1,topo_isolated,5,20429_419c4cdd,topo_isolated,1.0,True
21451_fea6f0d1,topo_isolated,6,21911_429c1a72,topo_isolated,1.0,True
21451_fea6f0d1,topo_isolated,7,20705_ac2a0325,topo_isolated,1.0,True
21451_fea6f0d1,topo_isolated,8,20426_79358492,topo_isolated,1.0,True
21451_fea6f0d1,topo_isolated,9,20551_ff28a959,topo_isolated,0.999999,True
21451_fea6f0d1,topo_isolated,10,20672_0bc07cce,topo_minimal,0.999999,False
20431_27e7f151,topo_connected,1,20505_017d4cc4,topo_connected,0.999999,True
20431_27e7f151,topo_connected,2,23121_cbdf3ebc,topo_moderate,0.999998,False
20431_27e7f151,topo_connected,3,20182_71b9e491,topo_connected,0.999995,True
20431_27e7f151,topo_connected,4,20628_e0551f7c,topo_connected,0.999991,True
20431_27e7f151,topo_connected,5,22832_731d3b9f,topo_complex,0.999989,False
20431_27e7f151,topo_connected,6,22612_28fe0ac2,topo_connected,0.999983,True
20431_27e7f151,topo_connected,7,22919_3ee91d1a,topo_moderate,0.999982,False
20431_27e7f151,topo_connected,8,23049_207a41f0,topo_connected,0.999978,True
20431_27e7f151,topo_connected,9,20141_b9376856,topo_moderate,0.999973,False
20431_27e7f151,topo_connected,10,21858_f1409ea2,topo_complex,0.999972,False
23493_57512264,topo_complex,1,23502_5a80f907,topo_isolated,0.999991,False
23493_57512264,topo_complex,2,19810_f77c5501,topo_complex,0.999983,True
23493_57512264,topo_complex,3,21601_360ce1c7,topo_connected,0.999979,False
23493_57512264,topo_complex,4,22980_3cb3bcc8,topo_complex,0.999972,True
23493_57512264,topo_complex,5,22534_e899f645,topo_complex,0.999966,True
23493_57512264,topo_complex,6,23379_636204a6,topo_connected,0.999957,False
23493_57512264,topo_complex,7,20899_a8d7c6d5,topo_complex,0.999956,True
23493_57512264,topo_complex,8,23041_8d3ea25c,topo_complex,0.999955,True
23493_57512264,topo_complex,9,21511_d07c59c2,topo_connected,0.999954,False
23493_57512264,topo_complex,10,23026_e6f08109,topo_complex,0.999952,True
23170_6ea8ded5,topo_moderate,1,21566_ff590631,topo_moderate,0.999996,True
23170_6ea8ded5,topo_moderate,2,20585_09b72895,topo_moderate,0.999996,True
23170_6ea8ded5,topo_moderate,3,23318_65e3a7c9,topo_minimal,0.999996,False
23170_6ea8ded5,topo_moderate,4,20239_49b65a55,topo_complex,0.999995,False
23170_6ea8ded5,topo_moderate,5,22886_a6331748,topo_minimal,0.999993,False
23170_6ea8ded5,topo_moderate,6,23127_38d73061,topo_complex,0.999993,False
23170_6ea8ded5,topo_moderate,7,21271_ec7f62b8,topo_connected,0.999991,False
23170_6ea8ded5,topo_moderate,8,22710_77324fc2,topo_moderate,0.99999,True
23170_6ea8ded5,topo_moderate,9,22383_e5f707a7,topo_moderate,0.99999,True
23170_6ea8ded5,topo_moderate,10,22762_dcbdd14d,topo_minimal,0.999988,False
22747_3f6faf4c,topo_connected,1,20756_75f43564,topo_minimal,1.0,False
22747_3f6faf4c,topo_connected,2,20910_c64b5d1b,topo_minimal,0.999999,False
22747_3f6faf4c,topo_connected,3,20212_5d1f2de1,topo_moderate,0.999999,False
22747_3f6faf4c,topo_connected,4,23440_5956321f,topo_isolated,0.999999,False
22747_3f6faf4c,topo_connected,5,20810_f6674f2d,topo_isolated,0.999999,False
22747_3f6faf4c,topo_connected,6,21617_ddd3657b,topo_isolated,0.999999,False
22747_3f6faf4c,topo_connected,7,20812_462bd352,topo_minimal,0.999999,False
22747_3f6faf4c,topo_connected,8,21614_5d6afa62,topo_isolated,0.999998,False
22747_3f6faf4c,topo_connected,9,21613_d57e983a,topo_isolated,0.999998,False
22747_3f6faf4c,topo_connected,10,22671_fdd1b1e6,topo_connected,0.999998,True
20925_dc64a33a,topo_moderate,1,21989_a0b5037d,topo_connected,0.999996,False
20925_dc64a33a,topo_moderate,2,22059_b7d76712,topo_connected,0.999995,False
20925_dc64a33a,topo_moderate,3,23501_6c48b3c1,topo_complex,0.999995,False
20925_dc64a33a,topo_moderate,4,23008_3d1bb7b2,topo_minimal,0.999993,False
20925_dc64a33a,topo_moderate,5,21513_50fb4d62,topo_connected,0.999992,False
20925_dc64a33a,topo_moderate,6,23036_7f9d143f,topo_connected,0.999992,False
20925_dc64a33a,topo_moderate,7,22461_0ba0e480,topo_connected,0.999991,False
20925_dc64a33a,topo_moderate,8,23037_d0df320c,topo_minimal,0.99999,False
20925_dc64a33a,topo_moderate,9,20322_daa5c577,topo_moderate,0.99999,True
20925_dc64a33a,topo_moderate,10,22710_77324fc2,topo_moderate,0.999989,True
21603_98a15295,topo_minimal,1,21424_9d516e3a,topo_minimal,0.999999,True
21603_98a15295,topo_minimal,2,20970_d20c6c35,topo_connected,0.999997,False
21603_98a15295,topo_minimal,3,22892_68138f24,topo_minimal,0.999996,True
21603_98a15295,topo_minimal,4,22224_1e749c32,topo_moderate,0.999996,False
21603_98a15295,topo_minimal,5,22062_2d6b3b72,topo_minimal,0.999996,True
21603_98a15295,topo_minimal,6,22049_4da0d894,topo_connected,0.999995,False
21603_98a15295,topo_minimal,7,23366_cc0bc28e,topo_minimal,0.999995,True
21603_98a15295,topo_minimal,8,21625_d5d4c9a7,topo_moderate,0.999995,False
21603_98a15295,topo_minimal,9,22313_3a8b93dc,topo_connected,0.999995,False
21603_98a15295,topo_minimal,10,23178_eb4b4280,topo_minimal,0.999994,True
23417_9a9e9937,topo_connected,1,21779_b99623fc,topo_connected,0.999993,True
23417_9a9e9937,topo_connected,2,22469_9d87f800,topo_moderate,0.999992,False
23417_9a9e9937,topo_connected,3,23451_14c8d09e,topo_connected,0.999991,True
23417_9a9e9937,topo_connected,4,21365_ab403591,topo_connected,0.999987,True
23417_9a9e9937,topo_connected,5,21790_aaf9224a,topo_connected,0.999987,True
23417_9a9e9937,topo_connected,6,22418_2722dfe8,topo_connected,0.999986,True
23417_9a9e9937,topo_connected,7,20755_4b5e61bf,topo_connected,0.999978,True
23417_9a9e9937,topo_connected,8,22448_1f21757a,topo_connected,0.999973,True
23417_9a9e9937,topo_connected,9,20788_d25efea2,topo_connected,0.999973,True
23417_9a9e9937,topo_connected,10,23132_1847c4ef,topo_complex,0.999967,False
21797_69df08d5,topo_complex,1,22331_152ee5c0,topo_moderate,0.999914,False
21797_69df08d5,topo_complex,2,22278_12f1fb79,topo_minimal,0.99986,False
21797_69df08d5,topo_complex,3,21722_68aeba65,topo_complex,0.999782,True
21797_69df08d5,topo_complex,4,21557_53eafe15,topo_complex,0.999775,True
21797_69df08d5,topo_complex,5,21805_2ba39d00,topo_complex,0.999649,True
21797_69df08d5,topo_complex,6,23154_7c74d190,topo_connected,0.999571,False
21797_69df08d5,topo_complex,7,22764_b884dce6,topo_moderate,0.999555,False
21797_69df08d5,topo_complex,8,22298_51433023,topo_connected,0.999507,False
21797_69df08d5,topo_complex,9,22306_c3dca308,topo_complex,0.999473,True
21797_69df08d5,topo_complex,10,21329_1bfecd1d,topo_connected,0.999473,False
21991_ab98f156,topo_complex,1,23204_ff1672a9,topo_complex,0.999627,True
21991_ab98f156,topo_complex,2,7778_3a9748b3,topo_complex,0.999481,True
21991_ab98f156,topo_complex,3,22076_20e8a107,topo_complex,0.999475,True
21991_ab98f156,topo_complex,4,23053_139f2009,topo_complex,0.999444,True
21991_ab98f156,topo_complex,5,21762_90d34d16,topo_moderate,0.999331,False
21991_ab98f156,topo_complex,6,21580_b8b2571b,topo_connected,0.999208,False
21991_ab98f156,topo_complex,7,23235_f9ccb8b0,topo_connected,0.99913,False
21991_ab98f156,topo_complex,8,22670_9353c710,topo_connected,0.999098,False
21991_ab98f156,topo_complex,9,21741_c6faf98e,topo_connected,0.999037,False
21991_ab98f156,topo_complex,10,23144_88ca00a5,topo_connected,0.999019,False
23034_b38134ee,topo_connected,1,23323_075a079e,topo_moderate,0.999997,False
23034_b38134ee,topo_connected,2,20504_c9e14c9d,topo_connected,0.999994,True
23034_b38134ee,topo_connected,3,22218_2f85f6ae,topo_connected,0.999993,True
23034_b38134ee,topo_connected,4,20329_414757bb,topo_connected,0.999992,True
23034_b38134ee,topo_connected,5,20431_0088a0dd,topo_moderate,0.999991,False
23034_b38134ee,topo_connected,6,23035_6087bb57,topo_connected,0.999991,True
23034_b38134ee,topo_connected,7,20817_ef63b1a7,topo_minimal,0.999991,False
23034_b38134ee,topo_connected,8,20157_db99ab88,topo_moderate,0.99999,False
23034_b38134ee,topo_connected,9,20554_abcb705e,topo_moderate,0.999989,False
23034_b38134ee,topo_connected,10,21202_e452c491,topo_isolated,0.999988,False
21612_e2981dae,topo_isolated,1,21615_f2ecc6e8,topo_isolated,1.0,True
21612_e2981dae,topo_isolated,2,21610_5dcf1187,topo_isolated,1.0,True
21612_e2981dae,topo_isolated,3,21614_5d6afa62,topo_isolated,1.0,True
21612_e2981dae,topo_isolated,4,22131_6b4b60f8,topo_minimal,1.0,False
21612_e2981dae,topo_isolated,5,21619_19435db0,topo_isolated,1.0,True
21612_e2981dae,topo_isolated,6,22671_fdd1b1e6,topo_connected,1.0,False
21612_e2981dae,topo_isolated,7,21613_d57e983a,topo_isolated,1.0,True
21612_e2981dae,topo_isolated,8,21617_ddd3657b,topo_isolated,1.0,True
21612_e2981dae,topo_isolated,9,22067_624b28e3,topo_moderate,0.999999,False
21612_e2981dae,topo_isolated,10,20412_42170125,topo_moderate,0.999998,False
21785_d595ced5,topo_minimal,1,21825_ce32b0a0,topo_minimal,1.0,True
21785_d595ced5,topo_minimal,2,20822_5bb36119,topo_isolated,1.0,False
21785_d595ced5,topo_minimal,3,21761_fdb5f86d,topo_moderate,1.0,False
21785_d595ced5,topo_minimal,4,23164_659c91ef,topo_connected,1.0,False
21785_d595ced5,topo_minimal,5,23103_43bde2a6,topo_minimal,0.999999,True
21785_d595ced5,topo_minimal,6,22367_b4a67e61,topo_minimal,0.999999,True
21785_d595ced5,topo_minimal,7,22014_5880c417,topo_moderate,0.999999,False
21785_d595ced5,topo_minimal,8,20810_f6674f2d,topo_isolated,0.999999,False
21785_d595ced5,topo_minimal,9,22653_58d6287d,topo_isolated,0.999999,False
21785_d595ced5,topo_minimal,10,23039_b3d04774,topo_moderate,0.999999,False
21175_85118898,topo_moderate,1,21882_795be793,topo_moderate,0.999999,True
21175_85118898,topo_moderate,2,22377_d490f505,topo_moderate,0.999999,True
21175_85118898,topo_moderate,3,21573_31a18ad0,topo_moderate,0.999999,True
21175_85118898,topo_moderate,4,21776_fb0bfbc6,topo_minimal,0.999999,False
21175_85118898,topo_moderate,5,20646_4cd14a72,topo_moderate,0.999999,True
21175_85118898,topo_moderate,6,21793_4ad5e2c0,topo_minimal,0.999999,False
21175_85118898,topo_moderate,7,23103_66470b7e,topo_moderate,0.999998,True
21175_85118898,topo_moderate,8,20758_cdccf572,topo_moderate,0.999998,True
21175_85118898,topo_moderate,9,22589_2c8f7c0b,topo_minimal,0.999998,False
21175_85118898,topo_moderate,10,21391_78fc6345,topo_moderate,0.999997,True
20163_3742f394,topo_connected,1,23414_f7d4a688,topo_isolated,0.999987,False
20163_3742f394,topo_connected,2,22199_8ec9eeb2,topo_complex,0.999986,False
20163_3742f394,topo_connected,3,22085_e039a7d3,topo_complex,0.999978,False
20163_3742f394,topo_connected,4,20278_d442e77d,topo_complex,0.999977,False
20163_3742f394,topo_connected,5,21425_d0d47a2a,topo_complex,0.999965,False
20163_3742f394,topo_connected,6,22581_406c16c4,topo_moderate,0.999955,False
20163_3742f394,topo_connected,7,22440_014f1bac,topo_connected,0.999949,True
20163_3742f394,topo_connected,8,22900_09de4c7a,topo_moderate,0.999943,False
20163_3742f394,topo_connected,9,23313_210c6783,topo_connected,0.999943,True
20163_3742f394,topo_connected,10,23368_648717d8,topo_complex,0.99994,False
22002_315afcfc,topo_complex,1,21008_a3fec63b,topo_connected,0.999994,False
22002_315afcfc,topo_complex,2,20215_e2eb3082,topo_connected,0.999994,False
22002_315afcfc,topo_complex,3,23331_192866b6,topo_connected,0.999992,False
22002_315afcfc,topo_complex,4,20688_955aae0c,topo_connected,0.99999,False
22002_315afcfc,topo_complex,5,20440_27177360,topo_complex,0.999987,True
22002_315afcfc,topo_complex,6,23172_4ab01e83,topo_connected,0.999984,False
22002_315afcfc,topo_complex,7,21513_50fb4d62,topo_connected,0.999984,False
22002_315afcfc,topo_complex,8,23036_7f9d143f,topo_connected,0.999983,False
22002_315afcfc,topo_complex,9,21837_b67d788c,topo_connected,0.999978,False
22002_315afcfc,topo_complex,10,21549_18160a0a,topo_moderate,0.999977,False
22162_439af02a,topo_isolated,1,23128_cb135b1b,topo_minimal,1.0,False
22162_439af02a,topo_isolated,2,21275_c8049742,topo_minimal,1.0,False
22162_439af02a,topo_isolated,3,21377_19909a40,topo_isolated,0.999999,True
22162_439af02a,topo_isolated,4,22072_5163223a,topo_moderate,0.999999,False
22162_439af02a,topo_isolated,5,21224_18ba4aba,topo_moderate,0.999998,False
22162_439af02a,topo_isolated,6,21737_87d83240,topo_moderate,0.999998,False
22162_439af02a,topo_isolated,7,20281_a29f9a18,topo_minimal,0.999998,False
22162_439af02a,topo_isolated,8,21706_adfb2ece,topo_moderate,0.999997,False
22162_439af02a,topo_isolated,9,22141_5db99710,topo_moderate,0.999997,False
22162_439af02a,topo_isolated,10,20743_c8ea8159,topo_minimal,0.999997,False
21656_964b0c84,topo_complex,1,22533_e7298b05,topo_complex,0.999956,True
21656_964b0c84,topo_complex,2,22413_901f5867,topo_complex,0.99974,True
21656_964b0c84,topo_complex,3,21492_8bd34fc1,topo_complex,0.999396,True
21656_964b0c84,topo_complex,4,23422_f214bd4d,topo_complex,0.999372,True
21656_964b0c84,topo_complex,5,22492_047b125b,topo_connected,0.998984,False
21656_964b0c84,topo_complex,6,21204_96d26a7f,topo_complex,0.998956,True
21656_964b0c84,topo_complex,7,20245_f1b25d43,topo_complex,0.99887,True
21656_964b0c84,topo_complex,8,23271_f833d903,topo_connected,0.998861,False
21656_964b0c84,topo_complex,9,20533_0a3e112b,topo_connected,0.998536,False
21656_964b0c84,topo_complex,10,22430_c6f08b03,topo_complex,0.998498,True
23369_447545f6,topo_moderate,1,22214_b098105d,topo_minimal,1.0,False
23369_447545f6,topo_moderate,2,23158_c7e753c2,topo_moderate,0.999999,True
23369_447545f6,topo_moderate,3,23387_c4aa9424,topo_minimal,0.999999,False
23369_447545f6,topo_moderate,4,20495_e8e7e80c,topo_moderate,0.999999,True
23369_447545f6,topo_moderate,5,23236_d5867507,topo_connected,0.999999,False
23369_447545f6,topo_moderate,6,23342_7193a931,topo_moderate,0.999999,True
23369_447545f6,topo_moderate,7,23219_40625e2c,topo_moderate,0.999999,True
23369_447545f6,topo_moderate,8,21994_357aac6f,topo_connected,0.999998,False
23369_447545f6,topo_moderate,9,23339_87a4d11f,topo_isolated,0.999998,False
23369_447545f6,topo_moderate,10,21634_e5e20375,topo_moderate,0.999998,True
20141_b9376856,topo_moderate,1,21974_1997ebc3,topo_moderate,0.999995,True
20141_b9376856,topo_moderate,2,23473_1dfa6e40,topo_complex,0.999991,False
20141_b9376856,topo_moderate,3,20421_49bd1188,topo_connected,0.99999,False
20141_b9376856,topo_moderate,4,21858_f1409ea2,topo_complex,0.999984,False
20141_b9376856,topo_moderate,5,22612_28fe0ac2,topo_connected,0.999983,False
20141_b9376856,topo_moderate,6,22776_facf9bcf,topo_complex,0.999982,False
20141_b9376856,topo_moderate,7,22040_6461a147,topo_connected,0.999981,False
20141_b9376856,topo_moderate,8,22638_37f9fe91,topo_connected,0.999978,False
20141_b9376856,topo_moderate,9,22832_731d3b9f,topo_complex,0.999977,False
20141_b9376856,topo_moderate,10,23121_cbdf3ebc,topo_moderate,0.999977,True
23103_43bde2a6,topo_minimal,1,21825_ce32b0a0,topo_minimal,1.0,True
23103_43bde2a6,topo_minimal,2,20822_5bb36119,topo_isolated,1.0,False
23103_43bde2a6,topo_minimal,3,21761_fdb5f86d,topo_moderate,1.0,False
23103_43bde2a6,topo_minimal,4,21785_d595ced5,topo_minimal,0.999999,True
23103_43bde2a6,topo_minimal,5,22367_b4a67e61,topo_minimal,0.999999,True
23103_43bde2a6,topo_minimal,6,22014_5880c417,topo_moderate,0.999999,False
23103_43bde2a6,topo_minimal,7,23164_659c91ef,topo_connected,0.999999,False
23103_43bde2a6,topo_minimal,8,21564_fa5b2db7,topo_isolated,0.999998,False
23103_43bde2a6,topo_minimal,9,22047_5a090f16,topo_isolated,0.999998,False
23103_43bde2a6,topo_minimal,10,20810_f6674f2d,topo_isolated,0.999998,False
21384_b9774b93,topo_moderate,1,21448_5646a1b6,topo_minimal,1.0,False
21384_b9774b93,topo_moderate,2,21469_abec26c4,topo_moderate,0.999999,True
21384_b9774b93,topo_moderate,3,20758_cdccf572,topo_moderate,0.999999,True
21384_b9774b93,topo_moderate,4,23103_66470b7e,topo_moderate,0.999999,True
21384_b9774b93,topo_moderate,5,21391_78fc6345,topo_moderate,0.999999,True
21384_b9774b93,topo_moderate,6,22377_d490f505,topo_moderate,0.999999,True
21384_b9774b93,topo_moderate,7,23341_d5ead6d2,topo_moderate,0.999999,True
21384_b9774b93,topo_moderate,8,23096_7da0f913,topo_moderate,0.999998,True
21384_b9774b93,topo_moderate,9,21573_31a18ad0,topo_moderate,0.999998,True
21384_b9774b93,topo_moderate,10,20646_4cd14a72,topo_moderate,0.999997,True
20239_49b65a55,topo_complex,1,23318_65e3a7c9,topo_minimal,1.0,False
20239_49b65a55,topo_complex,2,21566_ff590631,topo_moderate,0.999998,False
20239_49b65a55,topo_complex,3,22383_e5f707a7,topo_moderate,0.999997,False
20239_49b65a55,topo_complex,4,20322_daa5c577,topo_moderate,0.999995,False
20239_49b65a55,topo_complex,5,23170_6ea8ded5,topo_moderate,0.999995,False
20239_49b65a55,topo_complex,6,22826_199df203,topo_connected,0.999995,False
20239_49b65a55,topo_complex,7,20892_b1f89c8d,topo_minimal,0.999995,False
20239_49b65a55,topo_complex,8,22784_bcace961,topo_isolated,0.999994,False
20239_49b65a55,topo_complex,9,23214_0c411aa1,topo_connected,0.999992,False
20239_49b65a55,topo_complex,10,22710_77324fc2,topo_moderate,0.999991,False
21424_9d516e3a,topo_minimal,1,21603_98a15295,topo_minimal,0.999999,True
21424_9d516e3a,topo_minimal,2,20743_c8ea8159,topo_minimal,0.999998,True
21424_9d516e3a,topo_minimal,3,22224_1e749c32,topo_moderate,0.999997,False
21424_9d516e3a,topo_minimal,4,22313_3a8b93dc,topo_connected,0.999997,False
21424_9d516e3a,topo_minimal,5,23409_e27e3b8b,topo_isolated,0.999996,False
21424_9d516e3a,topo_minimal,6,22062_2d6b3b72,topo_minimal,0.999995,True
21424_9d516e3a,topo_minimal,7,21706_adfb2ece,topo_moderate,0.999995,False
21424_9d516e3a,topo_minimal,8,23366_cc0bc28e,topo_minimal,0.999994,True
21424_9d516e3a,topo_minimal,9,20970_d20c6c35,topo_connected,0.999994,False
21424_9d516e3a,topo_minimal,10,22141_5db99710,topo_moderate,0.999994,False
21551_c6c2d516,topo_moderate,1,22894_5f7c276d,topo_complex,0.999971,False
21551_c6c2d516,topo_moderate,2,23217_7c6062e3,topo_connected,0.999963,False
21551_c6c2d516,topo_moderate,3,22421_19401bdd,topo_complex,0.999957,False
21551_c6c2d516,topo_moderate,4,23309_76dcf100,topo_connected,0.999938,False
21551_c6c2d516,topo_moderate,5,23101_6aec02ee,topo_complex,0.99993,False
21551_c6c2d516,topo_moderate,6,22890_4ecfa491,topo_connected,0.999919,False
21551_c6c2d516,topo_moderate,7,23282_a1b17daa,topo_complex,0.999918,False
21551_c6c2d516,topo_moderate,8,20477_633cca4f,topo_moderate,0.99991,True
21551_c6c2d516,topo_moderate,9,20991_6795af4f,topo_isolated,0.999906,False
21551_c6c2d516,topo_moderate,10,22065_0d414124,topo_moderate,0.999894,True
20940_9777847c,topo_connected,1,22891_b8c84495,topo_moderate,1.0,False
20940_9777847c,topo_connected,2,21634_e5e20375,topo_moderate,0.999999,False
20940_9777847c,topo_connected,3,22895_4533b542,topo_moderate,0.999999,False
20940_9777847c,topo_connected,4,20285_b64b1a7e,topo_minimal,0.999999,False
20940_9777847c,topo_connected,5,20495_e8e7e80c,topo_moderate,0.999999,False
20940_9777847c,topo_connected,6,20647_cea2e07c,topo_moderate,0.999999,False
20940_9777847c,topo_connected,7,21588_0c48dc5f,topo_moderate,0.999999,False
20940_9777847c,topo_connected,8,21715_53df62c9,topo_minimal,0.999999,False
20940_9777847c,topo_connected,9,23342_7193a931,topo_moderate,0.999999,False
20940_9777847c,topo_connected,10,23387_c4aa9424,topo_minimal,0.999999,False
23451_14c8d09e,topo_connected,1,21779_b99623fc,topo_connected,0.999995,True
23451_14c8d09e,topo_connected,2,21365_ab403591,topo_connected,0.999992,True
23451_14c8d09e,topo_connected,3,23417_9a9e9937,topo_connected,0.999991,True
23451_14c8d09e,topo_connected,4,23132_1847c4ef,topo_complex,0.999991,False
23451_14c8d09e,topo_connected,5,20788_d25efea2,topo_connected,0.999989,True
23451_14c8d09e,topo_connected,6,22418_2722dfe8,topo_connected,0.999986,True
23451_14c8d09e,topo_connected,7,21923_41fa6eda,topo_moderate,0.999982,False
23451_14c8d09e,topo_connected,8,23252_ef165bed,topo_complex,0.999981,False
23451_14c8d09e,topo_connected,9,20755_4b5e61bf,topo_connected,0.999981,True
23451_14c8d09e,topo_connected,10,22612_28fe0ac2,topo_connected,0.99998,True
21037_62248d34,topo_minimal,1,22049_4da0d894,topo_connected,0.999999,False
21037_62248d34,topo_minimal,2,23178_eb4b4280,topo_minimal,0.999999,True
21037_62248d34,topo_minimal,3,22050_e8702dd4,topo_connected,0.999998,False
21037_62248d34,topo_minimal,4,20970_d20c6c35,topo_connected,0.999997,False
21037_62248d34,topo_minimal,5,20990_0a226634,topo_isolated,0.999996,False
21037_62248d34,topo_minimal,6,21625_d5d4c9a7,topo_moderate,0.999994,False
21037_62248d34,topo_minimal,7,23438_b1ef78f4,topo_moderate,0.999994,False
21037_62248d34,topo_minimal,8,22074_c0265b0d,topo_moderate,0.999991,False
21037_62248d34,topo_minimal,9,21715_53df62c9,topo_minimal,0.99999,True
21037_62248d34,topo_minimal,10,20285_b64b1a7e,topo_minimal,0.99999,True
21817_945cd3c9,topo_connected,1,22259_613f9d44,topo_moderate,0.999997,False
21817_945cd3c9,topo_connected,2,23434_6635ed57,topo_connected,0.999997,True
21817_945cd3c9,topo_connected,3,20989_d1b8b0f8,topo_complex,0.999997,False
21817_945cd3c9,topo_connected,4,23102_211ad1db,topo_isolated,0.999995,False
21817_945cd3c9,topo_connected,5,20789_1809f41f,topo_moderate,0.999994,False
21817_945cd3c9,topo_connected,6,21529_93e51dd9,topo_connected,0.999993,True
21817_945cd3c9,topo_connected,7,20520_7e357152,topo_isolated,0.999992,False
21817_945cd3c9,topo_connected,8,21478_8fbd4409,topo_moderate,0.999992,False
21817_945cd3c9,topo_connected,9,22983_0ab3faaf,topo_minimal,0.999992,False
21817_945cd3c9,topo_connected,10,20609_69f28932,topo_moderate,0.999992,False
23283_fadf3820,topo_connected,1,23120_f7c9092f,topo_connected,0.999984,True
23283_fadf3820,topo_connected,2,20389_c835706f,topo_moderate,0.999948,False
23283_fadf3820,topo_connected,3,22251_88fd728c,topo_complex,0.999946,False
23283_fadf3820,topo_connected,4,23379_636204a6,topo_connected,0.999932,True
23283_fadf3820,topo_connected,5,22534_e899f645,topo_complex,0.999921,False
23283_fadf3820,topo_connected,6,20735_fb18051a,topo_connected,0.999915,True
23283_fadf3820,topo_connected,7,23026_e6f08109,topo_complex,0.999894,False
23283_fadf3820,topo_connected,8,21601_360ce1c7,topo_connected,0.999894,True
23283_fadf3820,topo_connected,9,20858_15bdad00,topo_complex,0.999892,False
23283_fadf3820,topo_connected,10,21429_6d2d3974,topo_complex,0.999889,False
23323_075a079e,topo_moderate,1,23034_b38134ee,topo_connected,0.999997,False
23323_075a079e,topo_moderate,2,21695_1f33863f,topo_connected,0.999996,False
23323_075a079e,topo_moderate,3,22218_2f85f6ae,topo_connected,0.999993,False
23323_075a079e,topo_moderate,4,20817_ef63b1a7,topo_minimal,0.999992,False
23323_075a079e,topo_moderate,5,20554_abcb705e,topo_moderate,0.999987,True
23323_075a079e,topo_moderate,6,20431_0088a0dd,topo_moderate,0.999987,True
23323_075a079e,topo_moderate,7,20815_b3d9e6c9,topo_minimal,0.999986,False
23323_075a079e,topo_moderate,8,20329_414757bb,topo_connected,0.999984,False
23323_075a079e,topo_moderate,9,20408_b4fda9eb,topo_moderate,0.999984,True
23323_075a079e,topo_moderate,10,23035_6087bb57,topo_connected,0.999982,False
23172_4ab01e83,topo_connected,1,21837_b67d788c,topo_connected,0.999997,True
23172_4ab01e83,topo_connected,2,21513_50fb4d62,topo_connected,0.999996,True
23172_4ab01e83,topo_connected,3,20215_e2eb3082,topo_connected,0.999995,True
23172_4ab01e83,topo_connected,4,21008_a3fec63b,topo_connected,0.999994,True
23172_4ab01e83,topo_connected,5,23331_192866b6,topo_connected,0.999993,True
23172_4ab01e83,topo_connected,6,23037_d0df320c,topo_minimal,0.99999,False
23172_4ab01e83,topo_connected,7,22586_ff3651b2,topo_moderate,0.99999,False
23172_4ab01e83,topo_connected,8,23036_7f9d143f,topo_connected,0.999988,True
23172_4ab01e83,topo_connected,9,22059_b7d76712,topo_connected,0.999988,True
23172_4ab01e83,topo_connected,10,23008_3d1bb7b2,topo_minimal,0.999987,False
21762_90d34d16,topo_moderate,1,23053_139f2009,topo_complex,0.999561,False
21762_90d34d16,topo_moderate,2,21329_1bfecd1d,topo_connected,0.999474,False
21762_90d34d16,topo_moderate,3,23204_ff1672a9,topo_complex,0.999451,False
21762_90d34d16,topo_moderate,4,21739_57582b8f,topo_connected,0.999435,False
21762_90d34d16,topo_moderate,5,22357_e2f7b060,topo_complex,0.999375,False
21762_90d34d16,topo_moderate,6,21991_ab98f156,topo_complex,0.999331,False
21762_90d34d16,topo_moderate,7,7778_3a9748b3,topo_complex,0.999326,False
21762_90d34d16,topo_moderate,8,23154_7c74d190,topo_connected,0.999243,False
21762_90d34d16,topo_moderate,9,20636_ca9eb29a,topo_connected,0.999123,False
21762_90d34d16,topo_moderate,10,22764_b884dce6,topo_moderate,0.99908,True
22612_28fe0ac2,topo_connected,1,22197_94c66357,topo_moderate,0.999995,False
22612_28fe0ac2,topo_connected,2,21858_f1409ea2,topo_complex,0.999995,False
22612_28fe0ac2,topo_connected,3,20182_71b9e491,topo_connected,0.999994,True
22612_28fe0ac2,topo_connected,4,20628_e0551f7c,topo_connected,0.999993,True
22612_28fe0ac2,topo_connected,5,21974_1997ebc3,topo_moderate,0.999992,False
22612_28fe0ac2,topo_connected,6,23121_cbdf3ebc,topo_moderate,0.999991,False
22612_28fe0ac2,topo_connected,7,21365_ab403591,topo_connected,0.999988,True
22612_28fe0ac2,topo_connected,8,22617_a286f13c,topo_complex,0.999988,False
22612_28fe0ac2,topo_connected,9,20421_49bd1188,topo_connected,0.999988,True
22612_28fe0ac2,topo_connected,10,20505_017d4cc4,topo_connected,0.999988,True
22535_0ba01cc9,topo_complex,1,20787_ed64ff5e,topo_moderate,0.999968,False
22535_0ba01cc9,topo_complex,2,22890_4ecfa491,topo_connected,0.999955,False
22535_0ba01cc9,topo_complex,3,22056_79373464,topo_complex,0.999939,True
22535_0ba01cc9,topo_complex,4,20500_e88d8065,topo_connected,0.999932,False
22535_0ba01cc9,topo_complex,5,23226_8d1b5098,topo_connected,0.999925,False
22535_0ba01cc9,topo_complex,6,21986_67c5509a,topo_complex,0.999904,True
22535_0ba01cc9,topo_complex,7,22081_ab3124af,topo_complex,0.999902,True
22535_0ba01cc9,topo_complex,8,23123_f35404c4,topo_complex,0.999852,True
22535_0ba01cc9,topo_complex,9,23217_7c6062e3,topo_connected,0.999816,False
22535_0ba01cc9,topo_complex,10,21551_c6c2d516,topo_moderate,0.999813,False
21715_53df62c9,topo_minimal,1,23438_b1ef78f4,topo_moderate,1.0,False
21715_53df62c9,topo_minimal,2,22895_4533b542,topo_moderate,0.999999,False
21715_53df62c9,topo_minimal,3,22891_b8c84495,topo_moderate,0.999999,False
21715_53df62c9,topo_minimal,4,20285_b64b1a7e,topo_minimal,0.999999,True
21715_53df62c9,topo_minimal,5,20990_0a226634,topo_isolated,0.999999,False
21715_53df62c9,topo_minimal,6,20940_9777847c,topo_connected,0.999999,False
21715_53df62c9,topo_minimal,7,20647_cea2e07c,topo_moderate,0.999998,False
21715_53df62c9,topo_minimal,8,21588_0c48dc5f,topo_moderate,0.999998,False
21715_53df62c9,topo_minimal,9,23096_7da0f913,topo_moderate,0.999998,False
21715_53df62c9,topo_minimal,10,21634_e5e20375,topo_moderate,0.999998,False
22283_36ba29c9,topo_minimal,1,21665_2e14b6ff,topo_isolated,1.0,False
22283_36ba29c9,topo_minimal,2,22508_6bb410af,topo_minimal,1.0,True
22283_36ba29c9,topo_minimal,3,21015_10304cb9,topo_isolated,1.0,False
22283_36ba29c9,topo_minimal,4,20934_fe7fbd78,topo_isolated,1.0,False
22283_36ba29c9,topo_minimal,5,21806_616e985a,topo_isolated,1.0,False
22283_36ba29c9,topo_minimal,6,22374_aa5bb54d,topo_isolated,1.0,False
22283_36ba29c9,topo_minimal,7,22075_12b129d5,topo_isolated,1.0,False
22283_36ba29c9,topo_minimal,8,20989_a261efa3,topo_isolated,1.0,False
22283_36ba29c9,topo_minimal,9,20814_5a2be0fb,topo_minimal,1.0,True
22283_36ba29c9,topo_minimal,10,20341_6a1588fb,topo_minimal,0.999999,True
20620_8a5226b4,topo_isolated,1,21490_d07ff9f8,topo_complex,0.999957,False
20620_8a5226b4,topo_isolated,2,22399_97987ada,topo_isolated,0.999953,True
20620_8a5226b4,topo_isolated,3,22576_d05619d1,topo_isolated,0.999951,True
20620_8a5226b4,topo_isolated,4,23468_a0bfb573,topo_complex,0.999951,False
20620_8a5226b4,topo_isolated,5,20237_06b27bf5,topo_moderate,0.999937,False
20620_8a5226b4,topo_isolated,6,21836_5bc91e49,topo_moderate,0.999901,False
20620_8a5226b4,topo_isolated,7,22365_a4eb929c,topo_moderate,0.999899,False
20620_8a5226b4,topo_isolated,8,21828_21ab2114,topo_isolated,0.999898,True
20620_8a5226b4,topo_isolated,9,23259_d655fcc1,topo_moderate,0.999897,False
20620_8a5226b4,topo_isolated,10,22035_101c7ab4,topo_connected,0.999861,False
20329_414757bb,topo_connected,1,20676_9715ec9c,topo_minimal,0.999996,False
20329_414757bb,topo_connected,2,21202_e452c491,topo_isolated,0.999996,False
20329_414757bb,topo_connected,3,20157_db99ab88,topo_moderate,0.999995,False
20329_414757bb,topo_connected,4,22680_1f4026f6,topo_moderate,0.999995,False
20329_414757bb,topo_connected,5,21358_a69a36f3,topo_moderate,0.999994,False
20329_414757bb,topo_connected,6,21594_428d32af,topo_isolated,0.999993,False
20329_414757bb,topo_connected,7,23035_6087bb57,topo_connected,0.999992,True
20329_414757bb,topo_connected,8,23034_b38134ee,topo_connected,0.999992,True
20329_414757bb,topo_connected,9,22134_5e72e871,topo_complex,0.999992,False
20329_414757bb,topo_connected,10,20520_7e357152,topo_isolated,0.999991,False
22377_d490f505,topo_moderate,1,21573_31a18ad0,topo_moderate,1.0,True
22377_d490f505,topo_moderate,2,23103_66470b7e,topo_moderate,1.0,True
22377_d490f505,topo_moderate,3,20758_cdccf572,topo_moderate,1.0,True
22377_d490f505,topo_moderate,4,21882_795be793,topo_moderate,1.0,True
22377_d490f505,topo_moderate,5,21448_5646a1b6,topo_minimal,0.999999,False
22377_d490f505,topo_moderate,6,21175_85118898,topo_moderate,0.999999,True
22377_d490f505,topo_moderate,7,21776_fb0bfbc6,topo_minimal,0.999999,False
22377_d490f505,topo_moderate,8,21384_b9774b93,topo_moderate,0.999999,True
22377_d490f505,topo_moderate,9,22236_db209dff,topo_minimal,0.999999,False
22377_d490f505,topo_moderate,10,21391_78fc6345,topo_moderate,0.999999,True
22492_047b125b,topo_connected,1,23271_f833d903,topo_connected,0.999964,True
22492_047b125b,topo_connected,2,23195_2629864e,topo_connected,0.999674,True
22492_047b125b,topo_connected,3,20245_f1b25d43,topo_complex,0.999544,False
22492_047b125b,topo_connected,4,20260_4a01a99d,topo_minimal,0.999514,False
22492_047b125b,topo_connected,5,22428_c1ffa51a,topo_minimal,0.9995,False
22492_047b125b,topo_connected,6,21924_bbd9f7a9,topo_connected,0.999453,True
22492_047b125b,topo_connected,7,23235_f9ccb8b0,topo_connected,0.99939,True
22492_047b125b,topo_connected,8,22413_901f5867,topo_complex,0.999364,False
22492_047b125b,topo_connected,9,21069_508a9947,topo_complex,0.999284,False
22492_047b125b,topo_connected,10,22670_9353c710,topo_connected,0.999248,True
22402_a62e84b4,topo_isolated,1,22405_20f11d58,topo_isolated,0.99999,True
22402_a62e84b4,topo_isolated,2,20668_b2f2633e,topo_complex,0.999191,False
22402_a62e84b4,topo_isolated,3,21093_1bda9bbe,topo_isolated,0.998752,True
22402_a62e84b4,topo_isolated,4,22787_49022c32,topo_complex,0.998021,False
22402_a62e84b4,topo_isolated,5,21739_57582b8f,topo_connected,0.997998,False
22402_a62e84b4,topo_isolated,6,23048_8a1a5553,topo_complex,0.997989,False
22402_a62e84b4,topo_isolated,7,20430_975b8dcf,topo_moderate,0.997985,False
22402_a62e84b4,topo_isolated,8,20636_ca9eb29a,topo_connected,0.997676,False
22402_a62e84b4,topo_isolated,9,21809_8bd6b10e,topo_complex,0.997603,False
22402_a62e84b4,topo_isolated,10,22827_f33929ec,topo_complex,0.997525,False
20287_072b5bf6,topo_isolated,1,20260_4a01a99d,topo_minimal,0.999374,False
20287_072b5bf6,topo_isolated,2,22670_9353c710,topo_connected,0.999152,False
20287_072b5bf6,topo_isolated,3,22076_20e8a107,topo_complex,0.998908,False
20287_072b5bf6,topo_isolated,4,21991_ab98f156,topo_complex,0.9989,False
20287_072b5bf6,topo_isolated,5,23235_f9ccb8b0,topo_connected,0.998863,False
20287_072b5bf6,topo_isolated,6,23271_f833d903,topo_connected,0.998743,False
20287_072b5bf6,topo_isolated,7,23195_2629864e,topo_connected,0.998687,False
20287_072b5bf6,topo_isolated,8,23144_88ca00a5,topo_connected,0.998588,False
20287_072b5bf6,topo_isolated,9,21741_c6faf98e,topo_connected,0.998424,False
20287_072b5bf6,topo_isolated,10,22492_047b125b,topo_connected,0.998352,False
20810_f6674f2d,topo_isolated,1,20212_5d1f2de1,topo_moderate,1.0,False
20810_f6674f2d,topo_isolated,2,23164_659c91ef,topo_connected,0.999999,False
20810_f6674f2d,topo_isolated,3,20822_5bb36119,topo_isolated,0.999999,True
20810_f6674f2d,topo_isolated,4,21761_fdb5f86d,topo_moderate,0.999999,False
20810_f6674f2d,topo_isolated,5,20756_75f43564,topo_minimal,0.999999,False
20810_f6674f2d,topo_isolated,6,20910_c64b5d1b,topo_minimal,0.999999,False
20810_f6674f2d,topo_isolated,7,21785_d595ced5,topo_minimal,0.999999,False
20810_f6674f2d,topo_isolated,8,22747_3f6faf4c,topo_connected,0.999999,False
20810_f6674f2d,topo_isolated,9,20412_42170125,topo_moderate,0.999999,False
20810_f6674f2d,topo_isolated,10,21825_ce32b0a0,topo_minimal,0.999999,False
22049_4da0d894,topo_connected,1,23178_eb4b4280,topo_minimal,1.0,False
22049_4da0d894,topo_connected,2,20970_d20c6c35,topo_connected,0.999999,True
22049_4da0d894,topo_connected,3,21037_62248d34,topo_minimal,0.999999,False
22049_4da0d894,topo_connected,4,21625_d5d4c9a7,topo_moderate,0.999997,False
22049_4da0d894,topo_connected,5,22050_e8702dd4,topo_connected,0.999997,True
22049_4da0d894,topo_connected,6,21603_98a15295,topo_minimal,0.999995,False
22049_4da0d894,topo_connected,7,22074_c0265b0d,topo_moderate,0.999995,False
22049_4da0d894,topo_connected,8,23366_cc0bc28e,topo_minimal,0.999994,False
22049_4da0d894,topo_connected,9,20990_0a226634,topo_isolated,0.999993,False
22049_4da0d894,topo_connected,10,23438_b1ef78f4,topo_moderate,0.999992,False
20758_cdccf572,topo_moderate,1,23103_66470b7e,topo_moderate,1.0,True
20758_cdccf572,topo_moderate,2,22377_d490f505,topo_moderate,1.0,True
20758_cdccf572,topo_moderate,3,21448_5646a1b6,topo_minimal,1.0,False
20758_cdccf572,topo_moderate,4,21573_31a18ad0,topo_moderate,0.999999,True
20758_cdccf572,topo_moderate,5,21384_b9774b93,topo_moderate,0.999999,True
20758_cdccf572,topo_moderate,6,21882_795be793,topo_moderate,0.999999,True
20758_cdccf572,topo_moderate,7,22236_db209dff,topo_minimal,0.999999,False
20758_cdccf572,topo_moderate,8,21391_78fc6345,topo_moderate,0.999998,True
20758_cdccf572,topo_moderate,9,21776_fb0bfbc6,topo_minimal,0.999998,False
20758_cdccf572,topo_moderate,10,21469_abec26c4,topo_moderate,0.999998,True
22681_124bf3a9,topo_moderate,1,20414_a33bd0d7,topo_moderate,1.0,True
22681_124bf3a9,topo_moderate,2,21737_87d83240,topo_moderate,0.999999,True
22681_124bf3a9,topo_moderate,3,23245_ccd099b6,topo_connected,0.999998,False
22681_124bf3a9,topo_moderate,4,22072_5163223a,topo_moderate,0.999998,True
22681_124bf3a9,topo_moderate,5,21706_adfb2ece,topo_moderate,0.999997,True
22681_124bf3a9,topo_moderate,6,20421_83f66ddc,topo_minimal,0.999997,False
22681_124bf3a9,topo_moderate,7,20281_a29f9a18,topo_minimal,0.999997,False
22681_124bf3a9,topo_moderate,8,21600_0027c6fc,topo_moderate,0.999997,True
22681_124bf3a9,topo_moderate,9,21224_18ba4aba,topo_moderate,0.999996,True
22681_124bf3a9,topo_moderate,10,21275_c8049742,topo_minimal,0.999996,False
21690_5d1f3475,topo_moderate,1,23022_86e6a8a0,topo_moderate,1.0,True
21690_5d1f3475,topo_moderate,2,22749_346e10ae,topo_minimal,1.0,False
21690_5d1f3475,topo_moderate,3,20671_33532794,topo_minimal,0.999999,False
21690_5d1f3475,topo_moderate,4,22844_9b75b8e0,topo_moderate,0.999999,True
21690_5d1f3475,topo_moderate,5,21495_ebbbd369,topo_moderate,0.999999,True
21690_5d1f3475,topo_moderate,6,20193_2da4f0a0,topo_minimal,0.999999,False
21690_5d1f3475,topo_moderate,7,21533_8837772a,topo_moderate,0.999999,True
21690_5d1f3475,topo_moderate,8,20259_de1ab632,topo_minimal,0.999999,False
21690_5d1f3475,topo_moderate,9,21062_c4ed6d45,topo_minimal,0.999999,False
21690_5d1f3475,topo_moderate,10,22180_ce7c3bd8,topo_minimal,0.999999,False
20546_87dbd755,topo_complex,1,21647_6b6cca6f,topo_complex,0.999344,True
20546_87dbd755,topo_complex,2,23511_8651ac1f,topo_connected,0.998412,False
20546_87dbd755,topo_complex,3,22717_08784417,topo_connected,0.998066,False
20546_87dbd755,topo_complex,4,21926_b4c7068b,topo_complex,0.997959,True
20546_87dbd755,topo_complex,5,21352_d60bc953,topo_minimal,0.996451,False
20546_87dbd755,topo_complex,6,22415_658c81dd,topo_complex,0.993464,True
20546_87dbd755,topo_complex,7,20952_b8a54213,topo_complex,0.992705,True
20546_87dbd755,topo_complex,8,20799_213bf924,topo_complex,0.991459,True
20546_87dbd755,topo_complex,9,22125_e3a4cad4,topo_complex,0.988531,True
20546_87dbd755,topo_complex,10,21859_35124f79,topo_complex,0.98851,True
22092_897b0ffa,topo_moderate,1,20229_d1ae2ae3,topo_connected,0.999999,False
22092_897b0ffa,topo_moderate,2,23308_245d257c,topo_moderate,0.999997,True
22092_897b0ffa,topo_moderate,3,21292_f94bd96b,topo_connected,0.999997,False
22092_897b0ffa,topo_moderate,4,23374_57cca189,topo_connected,0.999997,False
22092_897b0ffa,topo_moderate,5,23372_4cb88567,topo_isolated,0.999997,False
22092_897b0ffa,topo_moderate,6,23363_60e39812,topo_complex,0.999996,False
22092_897b0ffa,topo_moderate,7,20511_e1b972aa,topo_moderate,0.999996,True
22092_897b0ffa,topo_moderate,8,20609_69f28932,topo_moderate,0.999996,True
22092_897b0ffa,topo_moderate,9,20554_abcb705e,topo_moderate,0.999995,True
22092_897b0ffa,topo_moderate,10,21497_9833a679,topo_moderate,0.999995,True
20991_6795af4f,topo_isolated,1,22065_0d414124,topo_moderate,0.999992,False
20991_6795af4f,topo_isolated,2,23101_6aec02ee,topo_complex,0.999989,False
20991_6795af4f,topo_isolated,3,22894_5f7c276d,topo_complex,0.99998,False
20991_6795af4f,topo_isolated,4,20477_633cca4f,topo_moderate,0.999977,False
20991_6795af4f,topo_isolated,5,22419_dfeb5d33,topo_complex,0.999958,False
20991_6795af4f,topo_isolated,6,21182_a480d230,topo_connected,0.999953,False
20991_6795af4f,topo_isolated,7,23282_a1b17daa,topo_complex,0.999952,False
20991_6795af4f,topo_isolated,8,22421_19401bdd,topo_complex,0.999949,False
20991_6795af4f,topo_isolated,9,23309_76dcf100,topo_connected,0.999939,False
20991_6795af4f,topo_isolated,10,21551_c6c2d516,topo_moderate,0.999906,False
23049_207a41f0,topo_connected,1,22919_3ee91d1a,topo_moderate,0.999995,False
23049_207a41f0,topo_connected,2,23480_3f7a8d50,topo_minimal,0.999989,False
23049_207a41f0,topo_connected,3,21816_3891a442,topo_complex,0.999983,False
23049_207a41f0,topo_connected,4,21745_56cbe841,topo_complex,0.999979,False
23049_207a41f0,topo_connected,5,20431_27e7f151,topo_connected,0.999978,True
23049_207a41f0,topo_connected,6,20628_e0551f7c,topo_connected,0.999977,True
23049_207a41f0,topo_connected,7,20182_71b9e491,topo_connected,0.999976,True
23049_207a41f0,topo_connected,8,20505_017d4cc4,topo_connected,0.999976,True
23049_207a41f0,topo_connected,9,23252_ef165bed,topo_complex,0.999975,False
23049_207a41f0,topo_connected,10,23121_cbdf3ebc,topo_moderate,0.999975,False
22533_e7298b05,topo_complex,1,21656_964b0c84,topo_complex,0.999956,True
22533_e7298b05,topo_complex,2,22413_901f5867,topo_complex,0.999886,True
22533_e7298b05,topo_complex,3,21492_8bd34fc1,topo_complex,0.99965,True
22533_e7298b05,topo_complex,4,23422_f214bd4d,topo_complex,0.999328,True
22533_e7298b05,topo_complex,5,21204_96d26a7f,topo_complex,0.99929,True
22533_e7298b05,topo_complex,6,20245_f1b25d43,topo_complex,0.999154,True
22533_e7298b05,topo_complex,7,22492_047b125b,topo_connected,0.999021,False
22533_e7298b05,topo_complex,8,23271_f833d903,topo_connected,0.998826,False
22533_e7298b05,topo_complex,9,22430_c6f08b03,topo_complex,0.998373,True
22533_e7298b05,topo_complex,10,21069_508a9947,topo_complex,0.998319,True
22638_37f9fe91,topo_connected,1,21386_e234c6b6,topo_moderate,0.999998,False
22638_37f9fe91,topo_connected,2,20421_49bd1188,topo_connected,0.999997,True
22638_37f9fe91,topo_connected,3,22311_553b3456,topo_complex,0.999997,False
22638_37f9fe91,topo_connected,4,21840_6847d36c,topo_isolated,0.999994,False
22638_37f9fe91,topo_connected,5,21858_f1409ea2,topo_complex,0.999992,False
22638_37f9fe91,topo_connected,6,21831_54ca67d1,topo_minimal,0.999991,False
22638_37f9fe91,topo_connected,7,21133_f9a1614e,topo_minimal,0.999989,False
22638_37f9fe91,topo_connected,8,7780_6c885e81,topo_complex,0.999989,False
22638_37f9fe91,topo_connected,9,21974_1997ebc3,topo_moderate,0.999989,False
22638_37f9fe91,topo_connected,10,22659_0e686e14,topo_moderate,0.999989,False
21617_ddd3657b,topo_isolated,1,21613_d57e983a,topo_isolated,1.0,True
21617_ddd3657b,topo_isolated,2,21619_19435db0,topo_isolated,1.0,True
21617_ddd3657b,topo_isolated,3,21614_5d6afa62,topo_isolated,1.0,True
21617_ddd3657b,topo_isolated,4,21610_5dcf1187,topo_isolated,1.0,True
21617_ddd3657b,topo_isolated,5,21612_e2981dae,topo_isolated,1.0,True
21617_ddd3657b,topo_isolated,6,22131_6b4b60f8,topo_minimal,0.999999,False
21617_ddd3657b,topo_isolated,7,21615_f2ecc6e8,topo_isolated,0.999999,True
21617_ddd3657b,topo_isolated,8,22671_fdd1b1e6,topo_connected,0.999999,False
21617_ddd3657b,topo_isolated,9,23440_5956321f,topo_isolated,0.999999,True
21617_ddd3657b,topo_isolated,10,22747_3f6faf4c,topo_connected,0.999999,False
21858_f1409ea2,topo_complex,1,22197_94c66357,topo_moderate,0.999998,False
21858_f1409ea2,topo_complex,2,20421_49bd1188,topo_connected,0.999996,False
21858_f1409ea2,topo_complex,3,22612_28fe0ac2,topo_connected,0.999995,False
21858_f1409ea2,topo_complex,4,22638_37f9fe91,topo_connected,0.999992,False
21858_f1409ea2,topo_complex,5,21974_1997ebc3,topo_moderate,0.999992,False
21858_f1409ea2,topo_complex,6,22617_a286f13c,topo_complex,0.999988,True
21858_f1409ea2,topo_complex,7,22659_0e686e14,topo_moderate,0.999987,False
21858_f1409ea2,topo_complex,8,21386_e234c6b6,topo_moderate,0.999986,False
21858_f1409ea2,topo_complex,9,20182_71b9e491,topo_connected,0.999986,False
21858_f1409ea2,topo_complex,10,20628_e0551f7c,topo_connected,0.999986,False
21028_d4d30a2e,topo_complex,1,22440_014f1bac,topo_connected,0.999991,False
21028_d4d30a2e,topo_complex,2,20899_a8d7c6d5,topo_complex,0.999985,True
21028_d4d30a2e,topo_complex,3,23313_210c6783,topo_connected,0.999982,False
21028_d4d30a2e,topo_complex,4,23026_e6f08109,topo_complex,0.999979,True
21028_d4d30a2e,topo_complex,5,23466_1cf60d09,topo_complex,0.999971,True
21028_d4d30a2e,topo_complex,6,23041_8d3ea25c,topo_complex,0.999959,True
21028_d4d30a2e,topo_complex,7,23379_636204a6,topo_connected,0.999958,False
21028_d4d30a2e,topo_complex,8,23493_57512264,topo_complex,0.999932,True
21028_d4d30a2e,topo_complex,9,23502_5a80f907,topo_isolated,0.99993,False
21028_d4d30a2e,topo_complex,10,20735_fb18051a,topo_connected,0.999926,False
21541_abc67be6,topo_moderate,1,21425_d0d47a2a,topo_complex,0.999974,False
21541_abc67be6,topo_moderate,2,22900_09de4c7a,topo_moderate,0.999962,True
21541_abc67be6,topo_moderate,3,20163_3742f394,topo_connected,0.999929,False
21541_abc67be6,topo_moderate,4,23414_f7d4a688,topo_isolated,0.999911,False
21541_abc67be6,topo_moderate,5,23466_1cf60d09,topo_complex,0.999901,False
21541_abc67be6,topo_moderate,6,22085_e039a7d3,topo_complex,0.999901,False
21541_abc67be6,topo_moderate,7,22440_014f1bac,topo_connected,0.999887,False
21541_abc67be6,topo_moderate,8,22199_8ec9eeb2,topo_complex,0.999876,False
21541_abc67be6,topo_moderate,9,21028_d4d30a2e,topo_complex,0.99987,False
21541_abc67be6,topo_moderate,10,20278_d442e77d,topo_complex,0.999864,False
22826_199df203,topo_connected,1,22383_e5f707a7,topo_moderate,0.999999,False
22826_199df203,topo_connected,2,20322_5a8c6077,topo_moderate,0.999999,False
22826_199df203,topo_connected,3,23318_65e3a7c9,topo_minimal,0.999996,False
22826_199df203,topo_connected,4,23214_0c411aa1,topo_connected,0.999995,True
22826_199df203,topo_connected,5,20239_49b65a55,topo_complex,0.999995,False
22826_199df203,topo_connected,6,22232_cb53774e,topo_connected,0.999994,True
22826_199df203,topo_connected,7,21563_c72d37a2,topo_moderate,0.999992,False
22826_199df203,topo_connected,8,20892_b1f89c8d,topo_minimal,0.999991,False
22826_199df203,topo_connected,9,20322_daa5c577,topo_moderate,0.99999,False
22826_199df203,topo_connected,10,21566_ff590631,topo_moderate,0.999989,False
22227_aca28ff2,topo_moderate,1,20467_f1fcc009,topo_isolated,1.0,False
22227_aca28ff2,topo_moderate,2,22843_ff77027f,topo_moderate,1.0,True
22227_aca28ff2,topo_moderate,3,23439_18900af2,topo_minimal,1.0,False
22227_aca28ff2,topo_moderate,4,22907_ff18dbd5,topo_moderate,1.0,True
22227_aca28ff2,topo_moderate,5,23311_ad36a9ec,topo_minimal,1.0,False
22227_aca28ff2,topo_moderate,6,22843_cb38a007,topo_moderate,1.0,True
22227_aca28ff2,topo_moderate,7,20216_89b90993,topo_minimal,1.0,False
22227_aca28ff2,topo_moderate,8,21047_60d69af3,topo_minimal,1.0,False
22227_aca28ff2,topo_moderate,9,22058_71feafda,topo_isolated,1.0,False
22227_aca28ff2,topo_moderate,10,23215_08a54de0,topo_moderate,1.0,True
22902_83870421,topo_minimal,1,20341_6a1588fb,topo_minimal,1.0,True
22902_83870421,topo_minimal,2,20801_0796e2ee,topo_isolated,1.0,False
22902_83870421,topo_minimal,3,22257_6fb4c50c,topo_minimal,1.0,True
22902_83870421,topo_minimal,4,20814_5a2be0fb,topo_minimal,1.0,True
22902_83870421,topo_minimal,5,21015_10304cb9,topo_isolated,1.0,False
22902_83870421,topo_minimal,6,20802_802b7d69,topo_isolated,0.999999,False
22902_83870421,topo_minimal,7,22374_aa5bb54d,topo_isolated,0.999999,False
22902_83870421,topo_minimal,8,21630_316322ff,topo_isolated,0.999999,False
22902_83870421,topo_minimal,9,23215_08a54de0,topo_moderate,0.999999,False
22902_83870421,topo_minimal,10,22668_9c30f6c0,topo_minimal,0.999999,True
21665_2e14b6ff,topo_isolated,1,22283_36ba29c9,topo_minimal,1.0,False
21665_2e14b6ff,topo_isolated,2,22508_6bb410af,topo_minimal,1.0,False
21665_2e14b6ff,topo_isolated,3,21015_10304cb9,topo_isolated,1.0,True
21665_2e14b6ff,topo_isolated,4,20989_a261efa3,topo_isolated,1.0,True
21665_2e14b6ff,topo_isolated,5,22374_aa5bb54d,topo_isolated,1.0,True
21665_2e14b6ff,topo_isolated,6,20934_fe7fbd78,topo_isolated,1.0,True
21665_2e14b6ff,topo_isolated,7,21806_616e985a,topo_isolated,1.0,True
21665_2e14b6ff,topo_isolated,8,20807_88c198d5,topo_isolated,0.999999,True
21665_2e14b6ff,topo_isolated,9,22129_48b47c52,topo_minimal,0.999999,False
21665_2e14b6ff,topo_isolated,10,21781_5985da6d,topo_isolated,0.999999,True
20813_726b2714,topo_minimal,1,22891_b8c84495,topo_moderate,0.999999,False
20813_726b2714,topo_minimal,2,22895_4533b542,topo_moderate,0.999999,False
20813_726b2714,topo_minimal,3,21051_5d118b91,topo_minimal,0.999999,True
20813_726b2714,topo_minimal,4,20285_b64b1a7e,topo_minimal,0.999999,True
20813_726b2714,topo_minimal,5,23387_c4aa9424,topo_minimal,0.999998,True
20813_726b2714,topo_minimal,6,20495_e8e7e80c,topo_moderate,0.999998,False
20813_726b2714,topo_minimal,7,20940_9777847c,topo_connected,0.999998,False
20813_726b2714,topo_minimal,8,20647_cea2e07c,topo_moderate,0.999998,False
20813_726b2714,topo_minimal,9,21588_0c48dc5f,topo_moderate,0.999998,False
20813_726b2714,topo_minimal,10,23339_87a4d11f,topo_isolated,0.999997,False
20429_4c909f3f,topo_isolated,1,20332_0c2a24aa,topo_minimal,1.0,False
20429_4c909f3f,topo_isolated,2,21119_4f5c95a6,topo_minimal,1.0,False
20429_4c909f3f,topo_isolated,3,21139_cd619b26,topo_minimal,1.0,False
20429_4c909f3f,topo_isolated,4,22839_113f2990,topo_minimal,1.0,False
20429_4c909f3f,topo_isolated,5,20804_0dcacc66,topo_minimal,1.0,False
20429_4c909f3f,topo_isolated,6,20241_ccb70dc8,topo_isolated,1.0,True
20429_4c909f3f,topo_isolated,7,20241_8c0d3f83,topo_isolated,1.0,True
20429_4c909f3f,topo_isolated,8,20898_5f5b9bc7,topo_minimal,1.0,False
20429_4c909f3f,topo_isolated,9,21243_3ec5d732,topo_minimal,1.0,False
20429_4c909f3f,topo_isolated,10,20188_98b86c0f,topo_moderate,1.0,False
23373_f5dac851,topo_complex,1,22323_aa6edb8b,topo_complex,0.999999,True
23373_f5dac851,topo_complex,2,22126_e1cca10f,topo_connected,0.999997,False
23373_f5dac851,topo_complex,3,22987_37973191,topo_complex,0.999997,True
23373_f5dac851,topo_complex,4,22372_e91792a1,topo_connected,0.999996,False
23373_f5dac851,topo_complex,5,22778_7d85debd,topo_complex,0.999995,True
23373_f5dac851,topo_complex,6,21049_f644930a,topo_connected,0.999993,False
23373_f5dac851,topo_complex,7,22776_facf9bcf,topo_complex,0.99999,True
23373_f5dac851,topo_complex,8,22021_520ec8c3,topo_complex,0.999984,True
23373_f5dac851,topo_complex,9,22832_731d3b9f,topo_complex,0.999983,True
23373_f5dac851,topo_complex,10,21503_34f299ca,topo_connected,0.99998,False
21794_4d137e7d,topo_isolated,1,21549_18160a0a,topo_moderate,0.999999,False
21794_4d137e7d,topo_isolated,2,23213_3df3cb34,topo_complex,0.999997,False
21794_4d137e7d,topo_isolated,3,23413_6702ec7f,topo_minimal,0.999994,False
21794_4d137e7d,topo_isolated,4,23331_192866b6,topo_connected,0.999992,False
21794_4d137e7d,topo_isolated,5,21008_a3fec63b,topo_connected,0.999992,False
21794_4d137e7d,topo_isolated,6,20688_955aae0c,topo_connected,0.999991,False
21794_4d137e7d,topo_isolated,7,20440_27177360,topo_complex,0.99999,False
21794_4d137e7d,topo_isolated,8,23174_8ef93daf,topo_isolated,0.999989,True
21794_4d137e7d,topo_isolated,9,22586_ff3651b2,topo_moderate,0.999989,False
21794_4d137e7d,topo_isolated,10,21503_34f299ca,topo_connected,0.999986,False
22065_0d414124,topo_moderate,1,20991_6795af4f,topo_isolated,0.999992,False
22065_0d414124,topo_moderate,2,23282_a1b17daa,topo_complex,0.999977,False
22065_0d414124,topo_moderate,3,23101_6aec02ee,topo_complex,0.999974,False
22065_0d414124,topo_moderate,4,22894_5f7c276d,topo_complex,0.999969,False
22065_0d414124,topo_moderate,5,21182_a480d230,topo_connected,0.999957,False
22065_0d414124,topo_moderate,6,22421_19401bdd,topo_complex,0.999956,False
22065_0d414124,topo_moderate,7,22419_dfeb5d33,topo_complex,0.99995,False
22065_0d414124,topo_moderate,8,20477_633cca4f,topo_moderate,0.999946,True
22065_0d414124,topo_moderate,9,23309_76dcf100,topo_connected,0.999899,False
22065_0d414124,topo_moderate,10,21551_c6c2d516,topo_moderate,0.999894,True
22224_1e749c32,topo_moderate,1,21326_ab4d6c43,topo_moderate,0.999999,True
22224_1e749c32,topo_moderate,2,22062_2d6b3b72,topo_minimal,0.999999,False
22224_1e749c32,topo_moderate,3,23366_cc0bc28e,topo_minimal,0.999998,False
22224_1e749c32,topo_moderate,4,21424_9d516e3a,topo_minimal,0.999997,False
22224_1e749c32,topo_moderate,5,23435_e1c96b4d,topo_moderate,0.999997,True
22224_1e749c32,topo_moderate,6,22061_b50b6b66,topo_isolated,0.999997,False
22224_1e749c32,topo_moderate,7,22074_c0265b0d,topo_moderate,0.999996,True
22224_1e749c32,topo_moderate,8,21603_98a15295,topo_minimal,0.999996,False
22224_1e749c32,topo_moderate,9,21625_d5d4c9a7,topo_moderate,0.999995,True
22224_1e749c32,topo_moderate,10,21353_4686c90c,topo_minimal,0.999995,False
22047_5a090f16,topo_isolated,1,22140_9cda24cc,topo_minimal,1.0,False
22047_5a090f16,topo_isolated,2,20731_fbdc7731,topo_moderate,1.0,False
22047_5a090f16,topo_isolated,3,21564_fa5b2db7,topo_isolated,1.0,True
22047_5a090f16,topo_isolated,4,22241_535ad84b,topo_isolated,1.0,True
22047_5a090f16,topo_isolated,5,22304_33009be6,topo_isolated,0.999999,True
22047_5a090f16,topo_isolated,6,20989_885bd9b9,topo_minimal,0.999999,False
22047_5a090f16,topo_isolated,7,20438_5f344b00,topo_isolated,0.999999,True
22047_5a090f16,topo_isolated,8,22367_b4a67e61,topo_minimal,0.999999,False
22047_5a090f16,topo_isolated,9,22014_5880c417,topo_moderate,0.999998,False
22047_5a090f16,topo_isolated,10,20468_1c33550a,topo_minimal,0.999998,False
20952_b8a54213,topo_complex,1,20870_dedaef5b,topo_complex,0.99835,True
20952_b8a54213,topo_complex,2,22717_08784417,topo_connected,0.998148,False
20952_b8a54213,topo_complex,3,23511_8651ac1f,topo_connected,0.997733,False
20952_b8a54213,topo_complex,4,21352_d60bc953,topo_minimal,0.997062,False
20952_b8a54213,topo_complex,5,21236_b696e901,topo_complex,0.996096,True
20952_b8a54213,topo_complex,6,23376_9b48819a,topo_minimal,0.995892,False
20952_b8a54213,topo_complex,7,20746_57a7b346,topo_complex,0.995801,True
20952_b8a54213,topo_complex,8,21926_b4c7068b,topo_complex,0.995656,True
20952_b8a54213,topo_complex,9,21647_6b6cca6f,topo_complex,0.995121,True
20952_b8a54213,topo_complex,10,20246_40be7668,topo_moderate,0.993845,False
21490_d07ff9f8,topo_complex,1,21836_5bc91e49,topo_moderate,0.999988,False
21490_d07ff9f8,topo_complex,2,22365_a4eb929c,topo_moderate,0.999987,False
21490_d07ff9f8,topo_complex,3,21828_21ab2114,topo_isolated,0.999987,False
21490_d07ff9f8,topo_complex,4,23259_d655fcc1,topo_moderate,0.999985,False
21490_d07ff9f8,topo_complex,5,22576_d05619d1,topo_isolated,0.999976,False
21490_d07ff9f8,topo_complex,6,23468_a0bfb573,topo_complex,0.999965,True
21490_d07ff9f8,topo_complex,7,22414_14ead4a3,topo_complex,0.999963,True
21490_d07ff9f8,topo_complex,8,20237_06b27bf5,topo_moderate,0.99996,False
21490_d07ff9f8,topo_complex,9,20620_8a5226b4,topo_isolated,0.999957,False
21490_d07ff9f8,topo_complex,10,22399_97987ada,topo_isolated,0.999955,False
23041_8d3ea25c,topo_complex,1,23502_5a80f907,topo_isolated,0.999977,False
23041_8d3ea25c,topo_complex,2,23026_e6f08109,topo_complex,0.999974,True
23041_8d3ea25c,topo_complex,3,21028_d4d30a2e,topo_complex,0.999959,True
23041_8d3ea25c,topo_complex,4,21035_d308c5c4,topo_isolated,0.999956,False
23041_8d3ea25c,topo_complex,5,23493_57512264,topo_complex,0.999955,True
23041_8d3ea25c,topo_complex,6,20899_a8d7c6d5,topo_complex,0.999943,True
23041_8d3ea25c,topo_complex,7,23379_636204a6,topo_connected,0.99994,False
23041_8d3ea25c,topo_complex,8,23120_f7c9092f,topo_connected,0.99993,False
23041_8d3ea25c,topo_complex,9,22440_014f1bac,topo_connected,0.999918,False
23041_8d3ea25c,topo_complex,10,23466_1cf60d09,topo_complex,0.999916,True
22241_535ad84b,topo_isolated,1,22304_33009be6,topo_isolated,1.0,True
22241_535ad84b,topo_isolated,2,22140_9cda24cc,topo_minimal,1.0,False
22241_535ad84b,topo_isolated,3,20989_885bd9b9,topo_minimal,1.0,False
22241_535ad84b,topo_isolated,4,20438_5f344b00,topo_isolated,1.0,True
22241_535ad84b,topo_isolated,5,20731_fbdc7731,topo_moderate,1.0,False
22241_535ad84b,topo_isolated,6,22047_5a090f16,topo_isolated,1.0,True
22241_535ad84b,topo_isolated,7,20216_89b90993,topo_minimal,0.999999,False
22241_535ad84b,topo_isolated,8,21564_fa5b2db7,topo_isolated,0.999999,True
22241_535ad84b,topo_isolated,9,22843_ff77027f,topo_moderate,0.999998,False
22241_535ad84b,topo_isolated,10,22367_b4a67e61,topo_minimal,0.999998,False
23022_86e6a8a0,topo_moderate,1,21690_5d1f3475,topo_moderate,1.0,True
23022_86e6a8a0,topo_moderate,2,20259_de1ab632,topo_minimal,0.999999,False
23022_86e6a8a0,topo_moderate,3,21495_ebbbd369,topo_moderate,0.999999,True
23022_86e6a8a0,topo_moderate,4,22180_ce7c3bd8,topo_minimal,0.999999,False
23022_86e6a8a0,topo_moderate,5,22749_346e10ae,topo_minimal,0.999999,False
23022_86e6a8a0,topo_moderate,6,21533_8837772a,topo_moderate,0.999999,True
23022_86e6a8a0,topo_moderate,7,20671_33532794,topo_minimal,0.999999,False
23022_86e6a8a0,topo_moderate,8,20193_2da4f0a0,topo_minimal,0.999999,False
23022_86e6a8a0,topo_moderate,9,22844_9b75b8e0,topo_moderate,0.999999,True
23022_86e6a8a0,topo_moderate,10,23021_047d1f8a,topo_isolated,0.999999,False
23053_139f2009,topo_complex,1,23204_ff1672a9,topo_complex,0.999962,True
23053_139f2009,topo_complex,2,21580_b8b2571b,topo_connected,0.99973,False
23053_139f2009,topo_complex,3,23378_8d6426ae,topo_moderate,0.999699,False
23053_139f2009,topo_complex,4,20279_aed6b3b3,topo_complex,0.999605,True
23053_139f2009,topo_complex,5,21762_90d34d16,topo_moderate,0.999561,False
23053_139f2009,topo_complex,6,20818_098cad7c,topo_complex,0.999543,True
23053_139f2009,topo_complex,7,23273_8f301ce3,topo_moderate,0.999461,False
23053_139f2009,topo_complex,8,23154_7c74d190,topo_connected,0.999454,False
23053_139f2009,topo_complex,9,21991_ab98f156,topo_complex,0.999444,True
23053_139f2009,topo_complex,10,21805_2ba39d00,topo_complex,0.999316,True
23037_d0df320c,topo_minimal,1,23008_3d1bb7b2,topo_minimal,0.999999,True
23037_d0df320c,topo_minimal,2,22561_067b78ae,topo_moderate,0.999998,False
23037_d0df320c,topo_minimal,3,22312_3f366a4a,topo_connected,0.999997,False
23037_d0df320c,topo_minimal,4,22059_b7d76712,topo_connected,0.999995,False
23037_d0df320c,topo_minimal,5,22710_77324fc2,topo_moderate,0.999994,False
23037_d0df320c,topo_minimal,6,21513_50fb4d62,topo_connected,0.999991,False
23037_d0df320c,topo_minimal,7,21837_b67d788c,topo_connected,0.999991,False
23037_d0df320c,topo_minimal,8,20925_dc64a33a,topo_moderate,0.99999,False
23037_d0df320c,topo_minimal,9,21271_ec7f62b8,topo_connected,0.99999,False
23037_d0df320c,topo_minimal,10,23172_4ab01e83,topo_connected,0.99999,False
22416_4cd31921,topo_connected,1,20421_38b63ca5,topo_complex,0.999935,False
22416_4cd31921,topo_connected,2,22376_3ebc82a2,topo_complex,0.999928,False
22416_4cd31921,topo_connected,3,22980_3cb3bcc8,topo_complex,0.999919,False
22416_4cd31921,topo_connected,4,22082_39503fa6,topo_complex,0.999918,False
22416_4cd31921,topo_connected,5,21539_cfe1f7fd,topo_connected,0.999913,True
22416_4cd31921,topo_connected,6,19810_f77c5501,topo_complex,0.999893,False
22416_4cd31921,topo_connected,7,20858_15bdad00,topo_complex,0.999888,False
22416_4cd31921,topo_connected,8,19596_fb9531a5,topo_complex,0.99988,False
22416_4cd31921,topo_connected,9,22399_97987ada,topo_isolated,0.999862,False
22416_4cd31921,topo_connected,10,21601_360ce1c7,topo_connected,0.999857,True
21391_78fc6345,topo_moderate,1,23341_d5ead6d2,topo_moderate,1.0,True
21391_78fc6345,topo_moderate,2,23096_7da0f913,topo_moderate,1.0,True
21391_78fc6345,topo_moderate,3,21469_abec26c4,topo_moderate,1.0,True
21391_78fc6345,topo_moderate,4,21448_5646a1b6,topo_minimal,0.999999,False
21391_78fc6345,topo_moderate,5,20646_4cd14a72,topo_moderate,0.999999,True
21391_78fc6345,topo_moderate,6,21384_b9774b93,topo_moderate,0.999999,True
21391_78fc6345,topo_moderate,7,22589_2c8f7c0b,topo_minimal,0.999999,False
21391_78fc6345,topo_moderate,8,22981_93f268ae,topo_minimal,0.999999,False
21391_78fc6345,topo_moderate,9,22377_d490f505,topo_moderate,0.999999,True
21391_78fc6345,topo_moderate,10,20758_cdccf572,topo_moderate,0.999998,True
21134_7aa7cd89,topo_complex,1,22027_11a2e852,topo_complex,0.99992,True
21134_7aa7cd89,topo_complex,2,23377_690165aa,topo_connected,0.999916,False
21134_7aa7cd89,topo_complex,3,21839_a8eb6d34,topo_isolated,0.999856,False
21134_7aa7cd89,topo_complex,4,20959_d4905d19,topo_complex,0.999792,True
21134_7aa7cd89,topo_complex,5,22211_b1ee53f0,topo_connected,0.999769,False
21134_7aa7cd89,topo_complex,6,21300_ec7da33e,topo_connected,0.999747,False
21134_7aa7cd89,topo_complex,7,20293_a1999339,topo_complex,0.999743,True
21134_7aa7cd89,topo_complex,8,21977_ce9f4e71,topo_moderate,0.999621,False
21134_7aa7cd89,topo_complex,9,23251_3eb3d2e6,topo_minimal,0.999593,False
21134_7aa7cd89,topo_complex,10,22306_c3dca308,topo_complex,0.999532,True
21700_28d193ac,topo_complex,1,21153_a2fb81fe,topo_connected,0.999997,False
21700_28d193ac,topo_complex,2,22417_4a15d62e,topo_connected,0.999981,False
21700_28d193ac,topo_complex,3,22581_406c16c4,topo_moderate,0.999977,False
21700_28d193ac,topo_complex,4,21121_1e9e7540,topo_complex,0.999973,True
21700_28d193ac,topo_complex,5,21697_06656699,topo_connected,0.999971,False
21700_28d193ac,topo_complex,6,23467_9f431540,topo_moderate,0.999971,False
21700_28d193ac,topo_complex,7,23130_7417d5b3,topo_complex,0.999966,True
21700_28d193ac,topo_complex,8,21352_c1101acb,topo_moderate,0.999959,False
21700_28d193ac,topo_complex,9,23083_fdb942ac,topo_connected,0.999952,False
21700_28d193ac,topo_complex,10,21709_4dd88551,topo_connected,0.999943,False
