query_assembly,query_family,rank,retrieved_assembly,retrieved_family,similarity,correct
21448_5646a1b6,topo_minimal,1,22236_db209dff,topo_minimal,1.0,True
21448_5646a1b6,topo_minimal,2,20758_cdccf572,topo_moderate,1.0,False
21448_5646a1b6,topo_minimal,3,21810_718ae2fe,topo_moderate,1.0,False
21448_5646a1b6,topo_minimal,4,20216_89b90993,topo_minimal,1.0,True
21448_5646a1b6,topo_minimal,5,22283_36ba29c9,topo_minimal,1.0,True
21448_5646a1b6,topo_minimal,6,20451_557fe5cd,topo_minimal,1.0,True
21448_5646a1b6,topo_minimal,7,21384_b9774b93,topo_moderate,1.0,False
21448_5646a1b6,topo_minimal,8,23103_43bde2a6,topo_minimal,1.0,True
21448_5646a1b6,topo_minimal,9,22304_33009be6,topo_isolated,1.0,False
21448_5646a1b6,topo_minimal,10,20807_88c198d5,topo_isolated,1.0,False
22312_3f366a4a,topo_connected,1,22654_4c426b0f,topo_moderate,1.0,False
22312_3f366a4a,topo_connected,2,21271_ec7f62b8,topo_connected,1.0,True
22312_3f366a4a,topo_connected,3,21478_8fbd4409,topo_moderate,1.0,False
22312_3f366a4a,topo_connected,4,23178_eb4b4280,topo_minimal,1.0,False
22312_3f366a4a,topo_connected,5,20682_e208cc63,topo_isolated,1.0,False
22312_3f366a4a,topo_connected,6,7780_6c885e81,topo_complex,1.0,False
22312_3f366a4a,topo_connected,7,21037_62248d34,topo_minimal,1.0,False
22312_3f366a4a,topo_connected,8,21840_6847d36c,topo_isolated,1.0,False
22312_3f366a4a,topo_connected,9,22762_dcbdd14d,topo_minimal,1.0,False
22312_3f366a4a,topo_connected,10,20502_58b65de9,topo_connected,1.0,True
20756_75f43564,topo_minimal,1,20801_0796e2ee,topo_isolated,1.0,False
20756_75f43564,topo_minimal,2,22378_234fea2c,topo_moderate,1.0,False
20756_75f43564,topo_minimal,3,21616_c6c3347a,topo_isolated,1.0,False
20756_75f43564,topo_minimal,4,23439_18900af2,topo_minimal,1.0,True
20756_75f43564,topo_minimal,5,23006_92c5b990,topo_moderate,1.0,False
20756_75f43564,topo_minimal,6,23435_e1c96b4d,topo_moderate,1.0,False
20756_75f43564,topo_minimal,7,22053_de30641b,topo_minimal,1.0,True
20756_75f43564,topo_minimal,8,20259_de1ab632,topo_minimal,1.0,True
20756_75f43564,topo_minimal,9,22891_b8c84495,topo_moderate,1.0,False
20756_75f43564,topo_minimal,10,20467_f1fcc009,topo_isolated,1.0,False
21708_e61bd657,topo_moderate,1,21700_28d193ac,topo_complex,1.0,False
21708_e61bd657,topo_moderate,2,20500_e88d8065,topo_connected,1.0,False
21708_e61bd657,topo_moderate,3,20246_40be7668,topo_moderate,1.0,True
21708_e61bd657,topo_moderate,4,19566_19d85d3b,topo_complex,1.0,False
21708_e61bd657,topo_moderate,5,21024_9be3d461,topo_moderate,1.0,True
21708_e61bd657,topo_moderate,6,21352_d60bc953,topo_minimal,1.0,False
21708_e61bd657,topo_moderate,7,22442_7d5c5d5f,topo_moderate,1.0,True
21708_e61bd657,topo_moderate,8,21093_1bda9bbe,topo_isolated,1.0,False
21708_e61bd657,topo_moderate,9,20544_43691724,topo_complex,1.0,False
21708_e61bd657,topo_moderate,10,22491_a33562ad,topo_complex,1.0,False
23311_ad36a9ec,topo_minimal,1,20801_0796e2ee,topo_isolated,1.0,False
23311_ad36a9ec,topo_minimal,2,22378_234fea2c,topo_moderate,1.0,False
23311_ad36a9ec,topo_minimal,3,21616_c6c3347a,topo_isolated,1.0,False
23311_ad36a9ec,topo_minimal,4,23439_18900af2,topo_minimal,1.0,True
23311_ad36a9ec,topo_minimal,5,23006_92c5b990,topo_moderate,1.0,False
23311_ad36a9ec,topo_minimal,6,23435_e1c96b4d,topo_moderate,1.0,False
23311_ad36a9ec,topo_minimal,7,22053_de30641b,topo_minimal,1.0,True
23311_ad36a9ec,topo_minimal,8,20259_de1ab632,topo_minimal,1.0,True
23311_ad36a9ec,topo_minimal,9,22891_b8c84495,topo_moderate,1.0,False
23311_ad36a9ec,topo_minimal,10,20467_f1fcc009,topo_isolated,1.0,False
22680_1f4026f6,topo_moderate,1,21989_a0b5037d,topo_connected,1.0,False
22680_1f4026f6,topo_moderate,2,21563_c72d37a2,topo_moderate,1.0,True
22680_1f4026f6,topo_moderate,3,22066_308cdcfe,topo_connected,1.0,False
22680_1f4026f6,topo_moderate,4,23409_e27e3b8b,topo_isolated,1.0,False
22680_1f4026f6,topo_moderate,5,20229_d1ae2ae3,topo_connected,1.0,False
22680_1f4026f6,topo_moderate,6,20899_a8d7c6d5,topo_complex,1.0,False
22680_1f4026f6,topo_moderate,7,21529_93e51dd9,topo_connected,1.0,False
22680_1f4026f6,topo_moderate,8,22059_b7d76712,topo_connected,1.0,False
22680_1f4026f6,topo_moderate,9,20858_15bdad00,topo_complex,1.0,False
22680_1f4026f6,topo_moderate,10,23434_6635ed57,topo_connected,1.0,False
21265_7329c813,topo_moderate,1,20801_0796e2ee,topo_isolated,1.0,False
21265_7329c813,topo_moderate,2,22378_234fea2c,topo_moderate,1.0,True
21265_7329c813,topo_moderate,3,21616_c6c3347a,topo_isolated,1.0,False
21265_7329c813,topo_moderate,4,23439_18900af2,topo_minimal,1.0,False
21265_7329c813,topo_moderate,5,23006_92c5b990,topo_moderate,1.0,True
21265_7329c813,topo_moderate,6,23435_e1c96b4d,topo_moderate,1.0,True
21265_7329c813,topo_moderate,7,22053_de30641b,topo_minimal,1.0,False
21265_7329c813,topo_moderate,8,20259_de1ab632,topo_minimal,1.0,False
21265_7329c813,topo_moderate,9,22891_b8c84495,topo_moderate,1.0,True
21265_7329c813,topo_moderate,10,20467_f1fcc009,topo_isolated,1.0,False
22832_731d3b9f,topo_complex,1,21989_a0b5037d,topo_connected,1.0,False
22832_731d3b9f,topo_complex,2,21563_c72d37a2,topo_moderate,1.0,False
22832_731d3b9f,topo_complex,3,22066_308cdcfe,topo_connected,1.0,False
22832_731d3b9f,topo_complex,4,23409_e27e3b8b,topo_isolated,1.0,False
22832_731d3b9f,topo_complex,5,20229_d1ae2ae3,topo_connected,1.0,False
22832_731d3b9f,topo_complex,6,20899_a8d7c6d5,topo_complex,1.0,True
22832_731d3b9f,topo_complex,7,21529_93e51dd9,topo_connected,1.0,False
22832_731d3b9f,topo_complex,8,22059_b7d76712,topo_connected,1.0,False
22832_731d3b9f,topo_complex,9,20858_15bdad00,topo_complex,1.0,True
22832_731d3b9f,topo_complex,10,23434_6635ed57,topo_connected,1.0,False
23476_705b76d1,topo_connected,1,21989_a0b5037d,topo_connected,1.0,True
23476_705b76d1,topo_connected,2,21563_c72d37a2,topo_moderate,1.0,False
23476_705b76d1,topo_connected,3,22066_308cdcfe,topo_connected,1.0,True
23476_705b76d1,topo_connected,4,23409_e27e3b8b,topo_isolated,1.0,False
23476_705b76d1,topo_connected,5,20229_d1ae2ae3,topo_connected,1.0,True
23476_705b76d1,topo_connected,6,20899_a8d7c6d5,topo_complex,1.0,False
23476_705b76d1,topo_connected,7,21529_93e51dd9,topo_connected,1.0,True
23476_705b76d1,topo_connected,8,22059_b7d76712,topo_connected,1.0,True
23476_705b76d1,topo_connected,9,20858_15bdad00,topo_complex,1.0,False
23476_705b76d1,topo_connected,10,23434_6635ed57,topo_connected,1.0,True
22131_6b4b60f8,topo_minimal,1,20801_0796e2ee,topo_isolated,1.0,False
22131_6b4b60f8,topo_minimal,2,22378_234fea2c,topo_moderate,1.0,False
22131_6b4b60f8,topo_minimal,3,21616_c6c3347a,topo_isolated,1.0,False
22131_6b4b60f8,topo_minimal,4,23439_18900af2,topo_minimal,1.0,True
22131_6b4b60f8,topo_minimal,5,23006_92c5b990,topo_moderate,1.0,False
22131_6b4b60f8,topo_minimal,6,23435_e1c96b4d,topo_moderate,1.0,False
22131_6b4b60f8,topo_minimal,7,22053_de30641b,topo_minimal,1.0,True
22131_6b4b60f8,topo_minimal,8,20259_de1ab632,topo_minimal,1.0,True
22131_6b4b60f8,topo_minimal,9,22891_b8c84495,topo_moderate,1.0,False
22131_6b4b60f8,topo_minimal,10,20467_f1fcc009,topo_isolated,1.0,False
20994_9c88b1ba,topo_minimal,1,20801_0796e2ee,topo_isolated,1.0,False
20994_9c88b1ba,topo_minimal,2,22378_234fea2c,topo_moderate,1.0,False
20994_9c88b1ba,topo_minimal,3,21616_c6c3347a,topo_isolated,1.0,False
20994_9c88b1ba,topo_minimal,4,23439_18900af2,topo_minimal,1.0,True
20994_9c88b1ba,topo_minimal,5,23006_92c5b990,topo_moderate,1.0,False
20994_9c88b1ba,topo_minimal,6,23435_e1c96b4d,topo_moderate,1.0,False
20994_9c88b1ba,topo_minimal,7,22053_de30641b,topo_minimal,1.0,True
20994_9c88b1ba,topo_minimal,8,20259_de1ab632,topo_minimal,1.0,True
20994_9c88b1ba,topo_minimal,9,22891_b8c84495,topo_moderate,1.0,False
20994_9c88b1ba,topo_minimal,10,20467_f1fcc009,topo_isolated,1.0,False
22026_62afa265,topo_minimal,1,21448_5646a1b6,topo_minimal,0.75,True
22026_62afa265,topo_minimal,2,22147_12995368,topo_moderate,0.75,False
22026_62afa265,topo_minimal,3,22367_b4a67e61,topo_minimal,0.75,True
22026_62afa265,topo_minimal,4,23219_40625e2c,topo_moderate,0.75,False
22026_62afa265,topo_minimal,5,21564_fa5b2db7,topo_isolated,0.75,False
22026_62afa265,topo_minimal,6,20429_9dd95c38,topo_isolated,0.75,False
22026_62afa265,topo_minimal,7,20806_ca60b7ae,topo_minimal,0.75,True
22026_62afa265,topo_minimal,8,23218_02d26ab4,topo_moderate,0.75,False
22026_62afa265,topo_minimal,9,20429_419c4cdd,topo_isolated,0.75,False
22026_62afa265,topo_minimal,10,22508_6bb410af,topo_minimal,0.75,True
22021_520ec8c3,topo_complex,1,21989_a0b5037d,topo_connected,1.0,False
22021_520ec8c3,topo_complex,2,21563_c72d37a2,topo_moderate,1.0,False
22021_520ec8c3,topo_complex,3,22066_308cdcfe,topo_connected,1.0,False
22021_520ec8c3,topo_complex,4,23409_e27e3b8b,topo_isolated,1.0,False
22021_520ec8c3,topo_complex,5,20229_d1ae2ae3,topo_connected,1.0,False
22021_520ec8c3,topo_complex,6,20899_a8d7c6d5,topo_complex,1.0,True
22021_520ec8c3,topo_complex,7,21529_93e51dd9,topo_connected,1.0,False
22021_520ec8c3,topo_complex,8,22059_b7d76712,topo_connected,1.0,False
22021_520ec8c3,topo_complex,9,20858_15bdad00,topo_complex,1.0,True
22021_520ec8c3,topo_complex,10,23434_6635ed57,topo_connected,1.0,False
20351_dc6e4e1e,topo_connected,1,21700_28d193ac,topo_complex,1.0,False
20351_dc6e4e1e,topo_connected,2,20500_e88d8065,topo_connected,1.0,True
20351_dc6e4e1e,topo_connected,3,20246_40be7668,topo_moderate,1.0,False
20351_dc6e4e1e,topo_connected,4,19566_19d85d3b,topo_complex,1.0,False
20351_dc6e4e1e,topo_connected,5,21024_9be3d461,topo_moderate,1.0,False
20351_dc6e4e1e,topo_connected,6,21352_d60bc953,topo_minimal,1.0,False
20351_dc6e4e1e,topo_connected,7,22442_7d5c5d5f,topo_moderate,1.0,False
20351_dc6e4e1e,topo_connected,8,21093_1bda9bbe,topo_isolated,1.0,False
20351_dc6e4e1e,topo_connected,9,20544_43691724,topo_complex,1.0,False
20351_dc6e4e1e,topo_connected,10,22491_a33562ad,topo_complex,1.0,False
22218_2f85f6ae,topo_connected,1,20157_db99ab88,topo_moderate,1.0,False
22218_2f85f6ae,topo_connected,2,21185_ac5324ba,topo_moderate,1.0,False
22218_2f85f6ae,topo_connected,3,22681_124bf3a9,topo_moderate,1.0,False
22218_2f85f6ae,topo_connected,4,20504_c9e14c9d,topo_connected,1.0,True
22218_2f85f6ae,topo_connected,5,22061_b50b6b66,topo_isolated,1.0,False
22218_2f85f6ae,topo_connected,6,21715_53df62c9,topo_minimal,1.0,False
22218_2f85f6ae,topo_connected,7,23152_6f2706c9,topo_moderate,1.0,False
22218_2f85f6ae,topo_connected,8,21884_cc2c39f9,topo_moderate,1.0,False
22218_2f85f6ae,topo_connected,9,23323_075a079e,topo_moderate,1.0,False
22218_2f85f6ae,topo_connected,10,20421_83f66ddc,topo_minimal,1.0,False
21810_718ae2fe,topo_moderate,1,21448_5646a1b6,topo_minimal,1.0,False
21810_718ae2fe,topo_moderate,2,20807_88c198d5,topo_isolated,1.0,False
21810_718ae2fe,topo_moderate,3,22136_a539c50b,topo_isolated,1.0,False
21810_718ae2fe,topo_moderate,4,20429_9dd95c38,topo_isolated,1.0,False
21810_718ae2fe,topo_moderate,5,20758_cdccf572,topo_moderate,1.0,True
21810_718ae2fe,topo_moderate,6,20806_ca60b7ae,topo_minimal,1.0,False
21810_718ae2fe,topo_moderate,7,20551_ff28a959,topo_isolated,1.0,False
21810_718ae2fe,topo_moderate,8,22236_db209dff,topo_minimal,1.0,False
21810_718ae2fe,topo_moderate,9,21257_770fee9a,topo_isolated,1.0,False
21810_718ae2fe,topo_moderate,10,22283_36ba29c9,topo_minimal,1.0,False
20215_e2eb3082,topo_connected,1,21989_a0b5037d,topo_connected,1.0,True
20215_e2eb3082,topo_connected,2,21563_c72d37a2,topo_moderate,1.0,False
20215_e2eb3082,topo_connected,3,22066_308cdcfe,topo_connected,1.0,True
20215_e2eb3082,topo_connected,4,23409_e27e3b8b,topo_isolated,1.0,False
20215_e2eb3082,topo_connected,5,20229_d1ae2ae3,topo_connected,1.0,True
20215_e2eb3082,topo_connected,6,20899_a8d7c6d5,topo_complex,1.0,False
20215_e2eb3082,topo_connected,7,21529_93e51dd9,topo_connected,1.0,True
20215_e2eb3082,topo_connected,8,22059_b7d76712,topo_connected,1.0,True
20215_e2eb3082,topo_connected,9,20858_15bdad00,topo_complex,1.0,False
20215_e2eb3082,topo_connected,10,23434_6635ed57,topo_connected,1.0,True
22561_067b78ae,topo_moderate,1,21603_98a15295,topo_minimal,1.0,False
22561_067b78ae,topo_moderate,2,21467_67965037,topo_complex,1.0,False
22561_067b78ae,topo_moderate,3,22050_e8702dd4,topo_connected,1.0,False
22561_067b78ae,topo_moderate,4,20225_4ce6d59b,topo_isolated,1.0,False
22561_067b78ae,topo_moderate,5,22266_078a1f68,topo_complex,0.75,False
22561_067b78ae,topo_moderate,6,20926_4c0f33f6,topo_minimal,0.75,False
22561_067b78ae,topo_moderate,7,20680_b095cb77,topo_minimal,0.75,False
22561_067b78ae,topo_moderate,8,21248_0a862e3e,topo_minimal,0.75,False
22561_067b78ae,topo_moderate,9,22365_a4eb929c,topo_moderate,0.75,True
22561_067b78ae,topo_moderate,10,20502_58b65de9,topo_connected,0.75,False
21421_fb12b69b,topo_complex,1,21700_28d193ac,topo_complex,1.0,True
21421_fb12b69b,topo_complex,2,20500_e88d8065,topo_connected,1.0,False
21421_fb12b69b,topo_complex,3,20246_40be7668,topo_moderate,1.0,False
21421_fb12b69b,topo_complex,4,19566_19d85d3b,topo_complex,1.0,True
21421_fb12b69b,topo_complex,5,21024_9be3d461,topo_moderate,1.0,False
21421_fb12b69b,topo_complex,6,21352_d60bc953,topo_minimal,1.0,False
21421_fb12b69b,topo_complex,7,22442_7d5c5d5f,topo_moderate,1.0,False
21421_fb12b69b,topo_complex,8,21093_1bda9bbe,topo_isolated,1.0,False
21421_fb12b69b,topo_complex,9,20544_43691724,topo_complex,1.0,True
21421_fb12b69b,topo_complex,10,22491_a33562ad,topo_complex,1.0,True
22082_39503fa6,topo_complex,1,21989_a0b5037d,topo_connected,1.0,False
22082_39503fa6,topo_complex,2,21563_c72d37a2,topo_moderate,1.0,False
22082_39503fa6,topo_complex,3,22066_308cdcfe,topo_connected,1.0,False
22082_39503fa6,topo_complex,4,23409_e27e3b8b,topo_isolated,1.0,False
22082_39503fa6,topo_complex,5,20229_d1ae2ae3,topo_connected,1.0,False
22082_39503fa6,topo_complex,6,20899_a8d7c6d5,topo_complex,1.0,True
22082_39503fa6,topo_complex,7,21529_93e51dd9,topo_connected,1.0,False
22082_39503fa6,topo_complex,8,22059_b7d76712,topo_connected,1.0,False
22082_39503fa6,topo_complex,9,20858_15bdad00,topo_complex,1.0,True
22082_39503fa6,topo_complex,10,23434_6635ed57,topo_connected,1.0,False
23308_245d257c,topo_moderate,1,21989_a0b5037d,topo_connected,1.0,False
23308_245d257c,topo_moderate,2,21563_c72d37a2,topo_moderate,1.0,True
23308_245d257c,topo_moderate,3,22066_308cdcfe,topo_connected,1.0,False
23308_245d257c,topo_moderate,4,23409_e27e3b8b,topo_isolated,1.0,False
23308_245d257c,topo_moderate,5,20229_d1ae2ae3,topo_connected,1.0,False
23308_245d257c,topo_moderate,6,20899_a8d7c6d5,topo_complex,1.0,False
23308_245d257c,topo_moderate,7,21529_93e51dd9,topo_connected,1.0,False
23308_245d257c,topo_moderate,8,22059_b7d76712,topo_connected,1.0,False
23308_245d257c,topo_moderate,9,20858_15bdad00,topo_complex,1.0,False
23308_245d257c,topo_moderate,10,23434_6635ed57,topo_connected,1.0,False
22844_9b75b8e0,topo_moderate,1,20801_0796e2ee,topo_isolated,1.0,False
22844_9b75b8e0,topo_moderate,2,22378_234fea2c,topo_moderate,1.0,True
22844_9b75b8e0,topo_moderate,3,21616_c6c3347a,topo_isolated,1.0,False
22844_9b75b8e0,topo_moderate,4,23439_18900af2,topo_minimal,1.0,False
22844_9b75b8e0,topo_moderate,5,23006_92c5b990,topo_moderate,1.0,True
22844_9b75b8e0,topo_moderate,6,23435_e1c96b4d,topo_moderate,1.0,True
22844_9b75b8e0,topo_moderate,7,22053_de30641b,topo_minimal,1.0,False
22844_9b75b8e0,topo_moderate,8,20259_de1ab632,topo_minimal,1.0,False
22844_9b75b8e0,topo_moderate,9,22891_b8c84495,topo_moderate,1.0,True
22844_9b75b8e0,topo_moderate,10,20467_f1fcc009,topo_isolated,1.0,False
20408_b4fda9eb,topo_moderate,1,21989_a0b5037d,topo_connected,1.0,False
20408_b4fda9eb,topo_moderate,2,21563_c72d37a2,topo_moderate,1.0,True
20408_b4fda9eb,topo_moderate,3,22066_308cdcfe,topo_connected,1.0,False
20408_b4fda9eb,topo_moderate,4,23409_e27e3b8b,topo_isolated,1.0,False
20408_b4fda9eb,topo_moderate,5,20229_d1ae2ae3,topo_connected,1.0,False
20408_b4fda9eb,topo_moderate,6,20899_a8d7c6d5,topo_complex,1.0,False
20408_b4fda9eb,topo_moderate,7,21529_93e51dd9,topo_connected,1.0,False
20408_b4fda9eb,topo_moderate,8,22059_b7d76712,topo_connected,1.0,False
20408_b4fda9eb,topo_moderate,9,20858_15bdad00,topo_complex,1.0,False
20408_b4fda9eb,topo_moderate,10,23434_6635ed57,topo_connected,1.0,False
21326_ab4d6c43,topo_moderate,1,20801_0796e2ee,topo_isolated,1.0,False
21326_ab4d6c43,topo_moderate,2,22378_234fea2c,topo_moderate,1.0,True
21326_ab4d6c43,topo_moderate,3,21616_c6c3347a,topo_isolated,1.0,False
21326_ab4d6c43,topo_moderate,4,23439_18900af2,topo_minimal,1.0,False
21326_ab4d6c43,topo_moderate,5,23006_92c5b990,topo_moderate,1.0,True
21326_ab4d6c43,topo_moderate,6,23435_e1c96b4d,topo_moderate,1.0,True
21326_ab4d6c43,topo_moderate,7,22053_de30641b,topo_minimal,1.0,False
21326_ab4d6c43,topo_moderate,8,20259_de1ab632,topo_minimal,1.0,False
21326_ab4d6c43,topo_moderate,9,22891_b8c84495,topo_moderate,1.0,True
21326_ab4d6c43,topo_moderate,10,20467_f1fcc009,topo_isolated,1.0,False
22211_b1ee53f0,topo_connected,1,22421_19401bdd,topo_complex,1.0,False
22211_b1ee53f0,topo_connected,2,22278_12f1fb79,topo_minimal,1.0,False
22211_b1ee53f0,topo_connected,3,23155_d7305c5f,topo_complex,1.0,False
22211_b1ee53f0,topo_connected,4,23217_7c6062e3,topo_connected,1.0,True
22211_b1ee53f0,topo_connected,5,21134_7aa7cd89,topo_complex,1.0,False
22211_b1ee53f0,topo_connected,6,22419_dfeb5d33,topo_complex,1.0,False
22211_b1ee53f0,topo_connected,7,21839_a8eb6d34,topo_isolated,1.0,False
22211_b1ee53f0,topo_connected,8,23258_87a2ba81,topo_complex,1.0,False
22211_b1ee53f0,topo_connected,9,21697_06656699,topo_connected,1.0,True
22211_b1ee53f0,topo_connected,10,21316_69ed56f5,topo_complex,1.0,False
23211_3aac9c7e,topo_connected,1,23210_f535bfd2,topo_moderate,1.0,False
23211_3aac9c7e,topo_connected,2,23236_d5867507,topo_connected,1.0,True
23211_3aac9c7e,topo_connected,3,23244_34b5f55e,topo_connected,1.0,True
23211_3aac9c7e,topo_connected,4,23218_02d26ab4,topo_moderate,1.0,False
23211_3aac9c7e,topo_connected,5,23219_40625e2c,topo_moderate,1.0,False
23211_3aac9c7e,topo_connected,6,23209_1592b0a4,topo_moderate,1.0,False
23211_3aac9c7e,topo_connected,7,20741_c337946f,topo_minimal,0.75,False
23211_3aac9c7e,topo_connected,8,22891_b8c84495,topo_moderate,0.75,False
23211_3aac9c7e,topo_connected,9,20547_ec8cfd0d,topo_isolated,0.75,False
23211_3aac9c7e,topo_connected,10,23199_75dc1efd,topo_minimal,0.75,False
20676_9715ec9c,topo_minimal,1,22197_94c66357,topo_moderate,1.0,False
20676_9715ec9c,topo_minimal,2,23318_65e3a7c9,topo_minimal,1.0,True
20676_9715ec9c,topo_minimal,3,22196_0deb2e34,topo_connected,1.0,False
20676_9715ec9c,topo_minimal,4,22197_66c5655e,topo_connected,1.0,False
20676_9715ec9c,topo_minimal,5,22196_e5bf8c9d,topo_connected,1.0,False
20676_9715ec9c,topo_minimal,6,23414_f7d4a688,topo_isolated,1.0,False
20676_9715ec9c,topo_minimal,7,21275_c8049742,topo_minimal,0.75,True
20676_9715ec9c,topo_minimal,8,21377_19909a40,topo_isolated,0.75,False
20676_9715ec9c,topo_minimal,9,23174_8ef93daf,topo_isolated,0.75,False
20676_9715ec9c,topo_minimal,10,22448_1f21757a,topo_connected,0.75,False
20220_3de82b2a,topo_isolated,1,20801_0796e2ee,topo_isolated,1.0,True
20220_3de82b2a,topo_isolated,2,22378_234fea2c,topo_moderate,1.0,False
20220_3de82b2a,topo_isolated,3,21616_c6c3347a,topo_isolated,1.0,True
20220_3de82b2a,topo_isolated,4,23439_18900af2,topo_minimal,1.0,False
20220_3de82b2a,topo_isolated,5,23006_92c5b990,topo_moderate,1.0,False
20220_3de82b2a,topo_isolated,6,23435_e1c96b4d,topo_moderate,1.0,False
20220_3de82b2a,topo_isolated,7,22053_de30641b,topo_minimal,1.0,False
20220_3de82b2a,topo_isolated,8,20259_de1ab632,topo_minimal,1.0,False
20220_3de82b2a,topo_isolated,9,22891_b8c84495,topo_moderate,1.0,False
20220_3de82b2a,topo_isolated,10,20467_f1fcc009,topo_isolated,1.0,True
22776_facf9bcf,topo_complex,1,21989_a0b5037d,topo_connected,1.0,False
22776_facf9bcf,topo_complex,2,21563_c72d37a2,topo_moderate,1.0,False
22776_facf9bcf,topo_complex,3,22066_308cdcfe,topo_connected,1.0,False
22776_facf9bcf,topo_complex,4,23409_e27e3b8b,topo_isolated,1.0,False
22776_facf9bcf,topo_complex,5,20229_d1ae2ae3,topo_connected,1.0,False
22776_facf9bcf,topo_complex,6,20899_a8d7c6d5,topo_complex,1.0,True
22776_facf9bcf,topo_complex,7,21529_93e51dd9,topo_connected,1.0,False
22776_facf9bcf,topo_complex,8,22059_b7d76712,topo_connected,1.0,False
22776_facf9bcf,topo_complex,9,20858_15bdad00,topo_complex,1.0,True
22776_facf9bcf,topo_complex,10,23434_6635ed57,topo_connected,1.0,False
21837_b67d788c,topo_connected,1,21989_a0b5037d,topo_connected,1.0,True
21837_b67d788c,topo_connected,2,21563_c72d37a2,topo_moderate,1.0,False
21837_b67d788c,topo_connected,3,22066_308cdcfe,topo_connected,1.0,True
21837_b67d788c,topo_connected,4,23409_e27e3b8b,topo_isolated,1.0,False
21837_b67d788c,topo_connected,5,20229_d1ae2ae3,topo_connected,1.0,True
21837_b67d788c,topo_connected,6,20899_a8d7c6d5,topo_complex,1.0,False
21837_b67d788c,topo_connected,7,21529_93e51dd9,topo_connected,1.0,True
21837_b67d788c,topo_connected,8,22059_b7d76712,topo_connected,1.0,True
21837_b67d788c,topo_connected,9,20858_15bdad00,topo_complex,1.0,False
21837_b67d788c,topo_connected,10,23434_6635ed57,topo_connected,1.0,True
20668_b2f2633e,topo_complex,1,21700_28d193ac,topo_complex,1.0,True
20668_b2f2633e,topo_complex,2,20500_e88d8065,topo_connected,1.0,False
20668_b2f2633e,topo_complex,3,20246_40be7668,topo_moderate,1.0,False
20668_b2f2633e,topo_complex,4,19566_19d85d3b,topo_complex,1.0,True
20668_b2f2633e,topo_complex,5,21024_9be3d461,topo_moderate,1.0,False
20668_b2f2633e,topo_complex,6,21352_d60bc953,topo_minimal,1.0,False
20668_b2f2633e,topo_complex,7,22442_7d5c5d5f,topo_moderate,1.0,False
20668_b2f2633e,topo_complex,8,21093_1bda9bbe,topo_isolated,1.0,False
20668_b2f2633e,topo_complex,9,20544_43691724,topo_complex,1.0,True
20668_b2f2633e,topo_complex,10,22491_a33562ad,topo_complex,1.0,True
21459_a9de5e5b,topo_isolated,1,20801_0796e2ee,topo_isolated,1.0,True
21459_a9de5e5b,topo_isolated,2,22378_234fea2c,topo_moderate,1.0,False
21459_a9de5e5b,topo_isolated,3,21616_c6c3347a,topo_isolated,1.0,True
21459_a9de5e5b,topo_isolated,4,23439_18900af2,topo_minimal,1.0,False
21459_a9de5e5b,topo_isolated,5,23006_92c5b990,topo_moderate,1.0,False
21459_a9de5e5b,topo_isolated,6,23435_e1c96b4d,topo_moderate,1.0,False
21459_a9de5e5b,topo_isolated,7,22053_de30641b,topo_minimal,1.0,False
21459_a9de5e5b,topo_isolated,8,20259_de1ab632,topo_minimal,1.0,False
21459_a9de5e5b,topo_isolated,9,22891_b8c84495,topo_moderate,1.0,False
21459_a9de5e5b,topo_isolated,10,20467_f1fcc009,topo_isolated,1.0,True
21386_e234c6b6,topo_moderate,1,22654_4c426b0f,topo_moderate,1.0,True
21386_e234c6b6,topo_moderate,2,21271_ec7f62b8,topo_connected,1.0,False
21386_e234c6b6,topo_moderate,3,21478_8fbd4409,topo_moderate,1.0,True
21386_e234c6b6,topo_moderate,4,23178_eb4b4280,topo_minimal,1.0,False
21386_e234c6b6,topo_moderate,5,20682_e208cc63,topo_isolated,1.0,False
21386_e234c6b6,topo_moderate,6,7780_6c885e81,topo_complex,1.0,False
21386_e234c6b6,topo_moderate,7,21037_62248d34,topo_minimal,1.0,False
21386_e234c6b6,topo_moderate,8,21840_6847d36c,topo_isolated,1.0,False
21386_e234c6b6,topo_moderate,9,22762_dcbdd14d,topo_minimal,1.0,False
21386_e234c6b6,topo_moderate,10,20502_58b65de9,topo_connected,1.0,False
22474_b10fea1a,topo_complex,1,21989_a0b5037d,topo_connected,1.0,False
22474_b10fea1a,topo_complex,2,23363_60e39812,topo_complex,1.0,True
22474_b10fea1a,topo_complex,3,23409_e27e3b8b,topo_isolated,1.0,False
22474_b10fea1a,topo_complex,4,20229_d1ae2ae3,topo_connected,1.0,False
22474_b10fea1a,topo_complex,5,20899_a8d7c6d5,topo_complex,1.0,True
22474_b10fea1a,topo_complex,6,21529_93e51dd9,topo_connected,1.0,False
22474_b10fea1a,topo_complex,7,22059_b7d76712,topo_connected,1.0,False
22474_b10fea1a,topo_complex,8,20858_15bdad00,topo_complex,1.0,True
22474_b10fea1a,topo_complex,9,23434_6635ed57,topo_connected,1.0,False
22474_b10fea1a,topo_complex,10,20892_b1f89c8d,topo_minimal,1.0,False
19051_26735260,topo_connected,1,21700_28d193ac,topo_complex,1.0,False
19051_26735260,topo_connected,2,20500_e88d8065,topo_connected,1.0,True
19051_26735260,topo_connected,3,20246_40be7668,topo_moderate,1.0,False
19051_26735260,topo_connected,4,19566_19d85d3b,topo_complex,1.0,False
19051_26735260,topo_connected,5,21024_9be3d461,topo_moderate,1.0,False
19051_26735260,topo_connected,6,21352_d60bc953,topo_minimal,1.0,False
19051_26735260,topo_connected,7,22442_7d5c5d5f,topo_moderate,1.0,False
19051_26735260,topo_connected,8,21093_1bda9bbe,topo_isolated,1.0,False
19051_26735260,topo_connected,9,20544_43691724,topo_complex,1.0,False
19051_26735260,topo_connected,10,22491_a33562ad,topo_complex,1.0,False
20332_0c2a24aa,topo_minimal,1,20801_0796e2ee,topo_isolated,1.0,False
20332_0c2a24aa,topo_minimal,2,22378_234fea2c,topo_moderate,1.0,False
20332_0c2a24aa,topo_minimal,3,21616_c6c3347a,topo_isolated,1.0,False
20332_0c2a24aa,topo_minimal,4,23439_18900af2,topo_minimal,1.0,True
20332_0c2a24aa,topo_minimal,5,23006_92c5b990,topo_moderate,1.0,False
20332_0c2a24aa,topo_minimal,6,23435_e1c96b4d,topo_moderate,1.0,False
20332_0c2a24aa,topo_minimal,7,22053_de30641b,topo_minimal,1.0,True
20332_0c2a24aa,topo_minimal,8,20259_de1ab632,topo_minimal,1.0,True
20332_0c2a24aa,topo_minimal,9,22891_b8c84495,topo_moderate,1.0,False
20332_0c2a24aa,topo_minimal,10,20467_f1fcc009,topo_isolated,1.0,False
20807_88c198d5,topo_isolated,1,21448_5646a1b6,topo_minimal,1.0,False
20807_88c198d5,topo_isolated,2,20946_6573271d,topo_isolated,1.0,True
20807_88c198d5,topo_isolated,3,22136_a539c50b,topo_isolated,1.0,True
20807_88c198d5,topo_isolated,4,20429_9dd95c38,topo_isolated,1.0,True
20807_88c198d5,topo_isolated,5,20758_cdccf572,topo_moderate,1.0,False
20807_88c198d5,topo_isolated,6,20806_ca60b7ae,topo_minimal,1.0,False
20807_88c198d5,topo_isolated,7,20551_ff28a959,topo_isolated,1.0,True
20807_88c198d5,topo_isolated,8,22236_db209dff,topo_minimal,1.0,False
20807_88c198d5,topo_isolated,9,21257_770fee9a,topo_isolated,1.0,True
20807_88c198d5,topo_isolated,10,22283_36ba29c9,topo_minimal,1.0,False
21825_ce32b0a0,topo_minimal,1,21448_5646a1b6,topo_minimal,1.0,True
21825_ce32b0a0,topo_minimal,2,20946_6573271d,topo_isolated,1.0,False
21825_ce32b0a0,topo_minimal,3,22136_a539c50b,topo_isolated,1.0,False
21825_ce32b0a0,topo_minimal,4,20429_9dd95c38,topo_isolated,1.0,False
21825_ce32b0a0,topo_minimal,5,20758_cdccf572,topo_moderate,1.0,False
21825_ce32b0a0,topo_minimal,6,20806_ca60b7ae,topo_minimal,1.0,True
21825_ce32b0a0,topo_minimal,7,20551_ff28a959,topo_isolated,1.0,False
21825_ce32b0a0,topo_minimal,8,22236_db209dff,topo_minimal,1.0,True
21825_ce32b0a0,topo_minimal,9,21257_770fee9a,topo_isolated,1.0,False
21825_ce32b0a0,topo_minimal,10,22283_36ba29c9,topo_minimal,1.0,True
23366_cc0bc28e,topo_minimal,1,20157_db99ab88,topo_moderate,1.0,False
23366_cc0bc28e,topo_minimal,2,22062_2d6b3b72,topo_minimal,1.0,True
23366_cc0bc28e,topo_minimal,3,22218_2f85f6ae,topo_connected,1.0,False
23366_cc0bc28e,topo_minimal,4,23238_3c864758,topo_moderate,1.0,False
23366_cc0bc28e,topo_minimal,5,22681_124bf3a9,topo_moderate,1.0,False
23366_cc0bc28e,topo_minimal,6,23034_b38134ee,topo_connected,1.0,False
23366_cc0bc28e,topo_minimal,7,20504_c9e14c9d,topo_connected,1.0,False
23366_cc0bc28e,topo_minimal,8,22061_b50b6b66,topo_isolated,1.0,False
23366_cc0bc28e,topo_minimal,9,21715_53df62c9,topo_minimal,1.0,True
23366_cc0bc28e,topo_minimal,10,23152_6f2706c9,topo_moderate,1.0,False
22136_a539c50b,topo_isolated,1,21448_5646a1b6,topo_minimal,1.0,False
22136_a539c50b,topo_isolated,2,20946_6573271d,topo_isolated,1.0,True
22136_a539c50b,topo_isolated,3,21825_ce32b0a0,topo_minimal,1.0,False
22136_a539c50b,topo_isolated,4,20429_9dd95c38,topo_isolated,1.0,True
22136_a539c50b,topo_isolated,5,20758_cdccf572,topo_moderate,1.0,False
22136_a539c50b,topo_isolated,6,20806_ca60b7ae,topo_minimal,1.0,False
22136_a539c50b,topo_isolated,7,20551_ff28a959,topo_isolated,1.0,True
22136_a539c50b,topo_isolated,8,22236_db209dff,topo_minimal,1.0,False
22136_a539c50b,topo_isolated,9,21257_770fee9a,topo_isolated,1.0,True
22136_a539c50b,topo_isolated,10,22283_36ba29c9,topo_minimal,1.0,False
20414_a33bd0d7,topo_moderate,1,20157_db99ab88,topo_moderate,1.0,True
20414_a33bd0d7,topo_moderate,2,22062_2d6b3b72,topo_minimal,1.0,False
20414_a33bd0d7,topo_moderate,3,22218_2f85f6ae,topo_connected,1.0,False
20414_a33bd0d7,topo_moderate,4,23238_3c864758,topo_moderate,1.0,True
20414_a33bd0d7,topo_moderate,5,22681_124bf3a9,topo_moderate,1.0,True
20414_a33bd0d7,topo_moderate,6,23034_b38134ee,topo_connected,1.0,False
20414_a33bd0d7,topo_moderate,7,20504_c9e14c9d,topo_connected,1.0,False
20414_a33bd0d7,topo_moderate,8,22061_b50b6b66,topo_isolated,1.0,False
20414_a33bd0d7,topo_moderate,9,21715_53df62c9,topo_minimal,1.0,False
20414_a33bd0d7,topo_moderate,10,23152_6f2706c9,topo_moderate,1.0,True
22196_0deb2e34,topo_connected,1,22196_e5bf8c9d,topo_connected,1.0,True
22196_0deb2e34,topo_connected,2,23414_f7d4a688,topo_isolated,1.0,False
22196_0deb2e34,topo_connected,3,23318_65e3a7c9,topo_minimal,1.0,False
22196_0deb2e34,topo_connected,4,22197_66c5655e,topo_connected,1.0,True
22196_0deb2e34,topo_connected,5,22197_94c66357,topo_moderate,1.0,False
22196_0deb2e34,topo_connected,6,20676_9715ec9c,topo_minimal,1.0,False
22196_0deb2e34,topo_connected,7,22980_3cb3bcc8,topo_complex,0.75,False
22196_0deb2e34,topo_connected,8,23174_8ef93daf,topo_isolated,0.75,False
22196_0deb2e34,topo_connected,9,22474_b10fea1a,topo_complex,0.75,False
22196_0deb2e34,topo_connected,10,20899_a8d7c6d5,topo_complex,0.75,False
23273_8f301ce3,topo_moderate,1,22421_19401bdd,topo_complex,1.0,False
23273_8f301ce3,topo_moderate,2,22278_12f1fb79,topo_minimal,1.0,False
23273_8f301ce3,topo_moderate,3,23155_d7305c5f,topo_complex,1.0,False
23273_8f301ce3,topo_moderate,4,23217_7c6062e3,topo_connected,1.0,False
23273_8f301ce3,topo_moderate,5,21134_7aa7cd89,topo_complex,1.0,False
23273_8f301ce3,topo_moderate,6,22419_dfeb5d33,topo_complex,1.0,False
23273_8f301ce3,topo_moderate,7,21839_a8eb6d34,topo_isolated,1.0,False
23273_8f301ce3,topo_moderate,8,23258_87a2ba81,topo_complex,1.0,False
23273_8f301ce3,topo_moderate,9,21697_06656699,topo_connected,1.0,False
23273_8f301ce3,topo_moderate,10,21316_69ed56f5,topo_complex,1.0,False
21063_037107dc,topo_isolated,1,21700_28d193ac,topo_complex,1.0,False
21063_037107dc,topo_isolated,2,20500_e88d8065,topo_connected,1.0,False
21063_037107dc,topo_isolated,3,20246_40be7668,topo_moderate,1.0,False
21063_037107dc,topo_isolated,4,19566_19d85d3b,topo_complex,1.0,False
21063_037107dc,topo_isolated,5,21024_9be3d461,topo_moderate,1.0,False
21063_037107dc,topo_isolated,6,21352_d60bc953,topo_minimal,1.0,False
21063_037107dc,topo_isolated,7,22442_7d5c5d5f,topo_moderate,1.0,False
21063_037107dc,topo_isolated,8,21093_1bda9bbe,topo_isolated,1.0,True
21063_037107dc,topo_isolated,9,20544_43691724,topo_complex,1.0,False
21063_037107dc,topo_isolated,10,22491_a33562ad,topo_complex,1.0,False
23351_6104d55d,topo_moderate,1,20801_0796e2ee,topo_isolated,1.0,False
23351_6104d55d,topo_moderate,2,22378_234fea2c,topo_moderate,1.0,True
23351_6104d55d,topo_moderate,3,21616_c6c3347a,topo_isolated,1.0,False
23351_6104d55d,topo_moderate,4,23439_18900af2,topo_minimal,1.0,False
23351_6104d55d,topo_moderate,5,23006_92c5b990,topo_moderate,1.0,True
23351_6104d55d,topo_moderate,6,23435_e1c96b4d,topo_moderate,1.0,True
23351_6104d55d,topo_moderate,7,22053_de30641b,topo_minimal,1.0,False
23351_6104d55d,topo_moderate,8,20259_de1ab632,topo_minimal,1.0,False
23351_6104d55d,topo_moderate,9,22891_b8c84495,topo_moderate,1.0,True
23351_6104d55d,topo_moderate,10,20467_f1fcc009,topo_isolated,1.0,False
21236_b696e901,topo_complex,1,21700_28d193ac,topo_complex,1.0,True
21236_b696e901,topo_complex,2,20500_e88d8065,topo_connected,1.0,False
21236_b696e901,topo_complex,3,20246_40be7668,topo_moderate,1.0,False
21236_b696e901,topo_complex,4,19566_19d85d3b,topo_complex,1.0,True
21236_b696e901,topo_complex,5,21024_9be3d461,topo_moderate,1.0,False
21236_b696e901,topo_complex,6,21352_d60bc953,topo_minimal,1.0,False
21236_b696e901,topo_complex,7,22442_7d5c5d5f,topo_moderate,1.0,False
21236_b696e901,topo_complex,8,21093_1bda9bbe,topo_isolated,1.0,False
21236_b696e901,topo_complex,9,20544_43691724,topo_complex,1.0,True
21236_b696e901,topo_complex,10,22491_a33562ad,topo_complex,1.0,True
23321_c9497b79,topo_moderate,1,20801_0796e2ee,topo_isolated,1.0,False
23321_c9497b79,topo_moderate,2,22378_234fea2c,topo_moderate,1.0,True
23321_c9497b79,topo_moderate,3,21616_c6c3347a,topo_isolated,1.0,False
23321_c9497b79,topo_moderate,4,23439_18900af2,topo_minimal,1.0,False
23321_c9497b79,topo_moderate,5,23006_92c5b990,topo_moderate,1.0,True
23321_c9497b79,topo_moderate,6,23435_e1c96b4d,topo_moderate,1.0,True
23321_c9497b79,topo_moderate,7,22053_de30641b,topo_minimal,1.0,False
23321_c9497b79,topo_moderate,8,20259_de1ab632,topo_minimal,1.0,False
23321_c9497b79,topo_moderate,9,22891_b8c84495,topo_moderate,1.0,True
23321_c9497b79,topo_moderate,10,20467_f1fcc009,topo_isolated,1.0,False
21351_675c66b1,topo_moderate,1,21700_28d193ac,topo_complex,1.0,False
21351_675c66b1,topo_moderate,2,20500_e88d8065,topo_connected,1.0,False
21351_675c66b1,topo_moderate,3,20246_40be7668,topo_moderate,1.0,True
21351_675c66b1,topo_moderate,4,19566_19d85d3b,topo_complex,1.0,False
21351_675c66b1,topo_moderate,5,21024_9be3d461,topo_moderate,1.0,True
21351_675c66b1,topo_moderate,6,21352_d60bc953,topo_minimal,1.0,False
21351_675c66b1,topo_moderate,7,22442_7d5c5d5f,topo_moderate,1.0,True
21351_675c66b1,topo_moderate,8,21093_1bda9bbe,topo_isolated,1.0,False
21351_675c66b1,topo_moderate,9,20544_43691724,topo_complex,1.0,False
21351_675c66b1,topo_moderate,10,22491_a33562ad,topo_complex,1.0,False
20675_66ac9773,topo_complex,1,22421_19401bdd,topo_complex,1.0,True
20675_66ac9773,topo_complex,2,22278_12f1fb79,topo_minimal,1.0,False
20675_66ac9773,topo_complex,3,23155_d7305c5f,topo_complex,1.0,True
20675_66ac9773,topo_complex,4,23217_7c6062e3,topo_connected,1.0,False
20675_66ac9773,topo_complex,5,21134_7aa7cd89,topo_complex,1.0,True
20675_66ac9773,topo_complex,6,22419_dfeb5d33,topo_complex,1.0,True
20675_66ac9773,topo_complex,7,21839_a8eb6d34,topo_isolated,1.0,False
20675_66ac9773,topo_complex,8,23258_87a2ba81,topo_complex,1.0,True
20675_66ac9773,topo_complex,9,21697_06656699,topo_connected,1.0,False
20675_66ac9773,topo_complex,10,21316_69ed56f5,topo_complex,1.0,True
23238_3c864758,topo_moderate,1,20157_db99ab88,topo_moderate,1.0,True
23238_3c864758,topo_moderate,2,22062_2d6b3b72,topo_minimal,1.0,False
23238_3c864758,topo_moderate,3,22218_2f85f6ae,topo_connected,1.0,False
23238_3c864758,topo_moderate,4,22681_124bf3a9,topo_moderate,1.0,True
23238_3c864758,topo_moderate,5,23034_b38134ee,topo_connected,1.0,False
23238_3c864758,topo_moderate,6,20504_c9e14c9d,topo_connected,1.0,False
23238_3c864758,topo_moderate,7,22061_b50b6b66,topo_isolated,1.0,False
23238_3c864758,topo_moderate,8,21715_53df62c9,topo_minimal,1.0,False
23238_3c864758,topo_moderate,9,23152_6f2706c9,topo_moderate,1.0,True
23238_3c864758,topo_moderate,10,21884_cc2c39f9,topo_moderate,1.0,True
20193_2da4f0a0,topo_minimal,1,20801_0796e2ee,topo_isolated,1.0,False
20193_2da4f0a0,topo_minimal,2,22378_234fea2c,topo_moderate,1.0,False
20193_2da4f0a0,topo_minimal,3,21616_c6c3347a,topo_isolated,1.0,False
20193_2da4f0a0,topo_minimal,4,23439_18900af2,topo_minimal,1.0,True
20193_2da4f0a0,topo_minimal,5,23006_92c5b990,topo_moderate,1.0,False
20193_2da4f0a0,topo_minimal,6,23435_e1c96b4d,topo_moderate,1.0,False
20193_2da4f0a0,topo_minimal,7,22053_de30641b,topo_minimal,1.0,True
20193_2da4f0a0,topo_minimal,8,20259_de1ab632,topo_minimal,1.0,True
20193_2da4f0a0,topo_minimal,9,22891_b8c84495,topo_moderate,1.0,False
20193_2da4f0a0,topo_minimal,10,20467_f1fcc009,topo_isolated,1.0,False
23473_1dfa6e40,topo_complex,1,21989_a0b5037d,topo_connected,1.0,False
23473_1dfa6e40,topo_complex,2,23363_60e39812,topo_complex,1.0,True
23473_1dfa6e40,topo_complex,3,23409_e27e3b8b,topo_isolated,1.0,False
23473_1dfa6e40,topo_complex,4,20554_abcb705e,topo_moderate,1.0,False
23473_1dfa6e40,topo_complex,5,20229_d1ae2ae3,topo_connected,1.0,False
23473_1dfa6e40,topo_complex,6,20899_a8d7c6d5,topo_complex,1.0,True
23473_1dfa6e40,topo_complex,7,22059_b7d76712,topo_connected,1.0,False
23473_1dfa6e40,topo_complex,8,21529_93e51dd9,topo_connected,1.0,False
23473_1dfa6e40,topo_complex,9,20858_15bdad00,topo_complex,1.0,True
23473_1dfa6e40,topo_complex,10,23434_6635ed57,topo_connected,1.0,False
21709_4dd88551,topo_connected,1,22421_19401bdd,topo_complex,1.0,False
21709_4dd88551,topo_connected,2,22278_12f1fb79,topo_minimal,1.0,False
21709_4dd88551,topo_connected,3,23155_d7305c5f,topo_complex,1.0,False
21709_4dd88551,topo_connected,4,23217_7c6062e3,topo_connected,1.0,True
21709_4dd88551,topo_connected,5,21134_7aa7cd89,topo_complex,1.0,False
21709_4dd88551,topo_connected,6,22419_dfeb5d33,topo_complex,1.0,False
21709_4dd88551,topo_connected,7,21839_a8eb6d34,topo_isolated,1.0,False
21709_4dd88551,topo_connected,8,23258_87a2ba81,topo_complex,1.0,False
21709_4dd88551,topo_connected,9,21697_06656699,topo_connected,1.0,True
21709_4dd88551,topo_connected,10,21316_69ed56f5,topo_complex,1.0,False
20646_4cd14a72,topo_moderate,1,20801_0796e2ee,topo_isolated,1.0,False
20646_4cd14a72,topo_moderate,2,22378_234fea2c,topo_moderate,1.0,True
20646_4cd14a72,topo_moderate,3,21616_c6c3347a,topo_isolated,1.0,False
20646_4cd14a72,topo_moderate,4,23439_18900af2,topo_minimal,1.0,False
20646_4cd14a72,topo_moderate,5,23006_92c5b990,topo_moderate,1.0,True
20646_4cd14a72,topo_moderate,6,23435_e1c96b4d,topo_moderate,1.0,True
20646_4cd14a72,topo_moderate,7,22053_de30641b,topo_minimal,1.0,False
20646_4cd14a72,topo_moderate,8,20259_de1ab632,topo_minimal,1.0,False
20646_4cd14a72,topo_moderate,9,22891_b8c84495,topo_moderate,1.0,True
20646_4cd14a72,topo_moderate,10,20467_f1fcc009,topo_isolated,1.0,False
21588_0c48dc5f,topo_moderate,1,20801_0796e2ee,topo_isolated,1.0,False
21588_0c48dc5f,topo_moderate,2,22378_234fea2c,topo_moderate,1.0,True
21588_0c48dc5f,topo_moderate,3,21616_c6c3347a,topo_isolated,1.0,False
21588_0c48dc5f,topo_moderate,4,23439_18900af2,topo_minimal,1.0,False
21588_0c48dc5f,topo_moderate,5,23006_92c5b990,topo_moderate,1.0,True
21588_0c48dc5f,topo_moderate,6,23435_e1c96b4d,topo_moderate,1.0,True
21588_0c48dc5f,topo_moderate,7,22053_de30641b,topo_minimal,1.0,False
21588_0c48dc5f,topo_moderate,8,20259_de1ab632,topo_minimal,1.0,False
21588_0c48dc5f,topo_moderate,9,22891_b8c84495,topo_moderate,1.0,True
21588_0c48dc5f,topo_moderate,10,20467_f1fcc009,topo_isolated,1.0,False
23377_690165aa,topo_connected,1,22421_19401bdd,topo_complex,1.0,False
23377_690165aa,topo_connected,2,22278_12f1fb79,topo_minimal,1.0,False
23377_690165aa,topo_connected,3,23155_d7305c5f,topo_complex,1.0,False
23377_690165aa,topo_connected,4,23217_7c6062e3,topo_connected,1.0,True
23377_690165aa,topo_connected,5,21134_7aa7cd89,topo_complex,1.0,False
23377_690165aa,topo_connected,6,22419_dfeb5d33,topo_complex,1.0,False
23377_690165aa,topo_connected,7,21839_a8eb6d34,topo_isolated,1.0,False
23377_690165aa,topo_connected,8,23258_87a2ba81,topo_complex,1.0,False
23377_690165aa,topo_connected,9,21697_06656699,topo_connected,1.0,True
23377_690165aa,topo_connected,10,21316_69ed56f5,topo_complex,1.0,False
23468_a0bfb573,topo_complex,1,22654_4c426b0f,topo_moderate,1.0,False
23468_a0bfb573,topo_complex,2,21840_6847d36c,topo_isolated,1.0,False
23468_a0bfb573,topo_complex,3,23320_e0711ae9,topo_connected,1.0,False
23468_a0bfb573,topo_complex,4,21478_8fbd4409,topo_moderate,1.0,False
23468_a0bfb573,topo_complex,5,23178_eb4b4280,topo_minimal,1.0,False
23468_a0bfb573,topo_complex,6,20682_e208cc63,topo_isolated,1.0,False
23468_a0bfb573,topo_complex,7,7780_6c885e81,topo_complex,1.0,True
23468_a0bfb573,topo_complex,8,21037_62248d34,topo_minimal,1.0,False
23468_a0bfb573,topo_complex,9,21271_ec7f62b8,topo_connected,1.0,False
23468_a0bfb573,topo_complex,10,22049_4da0d894,topo_connected,1.0,False
20468_1c33550a,topo_minimal,1,20801_0796e2ee,topo_isolated,1.0,False
20468_1c33550a,topo_minimal,2,22378_234fea2c,topo_moderate,1.0,False
20468_1c33550a,topo_minimal,3,21616_c6c3347a,topo_isolated,1.0,False
20468_1c33550a,topo_minimal,4,23439_18900af2,topo_minimal,1.0,True
20468_1c33550a,topo_minimal,5,23006_92c5b990,topo_moderate,1.0,False
20468_1c33550a,topo_minimal,6,23435_e1c96b4d,topo_moderate,1.0,False
20468_1c33550a,topo_minimal,7,22053_de30641b,topo_minimal,1.0,True
20468_1c33550a,topo_minimal,8,20259_de1ab632,topo_minimal,1.0,True
20468_1c33550a,topo_minimal,9,22891_b8c84495,topo_moderate,1.0,False
20468_1c33550a,topo_minimal,10,20467_f1fcc009,topo_isolated,1.0,False
21176_b5c72bfb,topo_moderate,1,20970_d20c6c35,topo_connected,1.0,False
21176_b5c72bfb,topo_moderate,2,20926_4c0f33f6,topo_minimal,1.0,False
21176_b5c72bfb,topo_moderate,3,22095_af226cbc,topo_complex,0.75,False
21176_b5c72bfb,topo_moderate,4,20237_06b27bf5,topo_moderate,0.75,True
21176_b5c72bfb,topo_moderate,5,20680_b095cb77,topo_minimal,0.75,False
21176_b5c72bfb,topo_moderate,6,21692_777db9e2,topo_complex,0.75,False
21176_b5c72bfb,topo_moderate,7,20502_58b65de9,topo_connected,0.75,False
21176_b5c72bfb,topo_moderate,8,22434_2ad62ed6,topo_minimal,0.75,False
21176_b5c72bfb,topo_moderate,9,21248_0a862e3e,topo_minimal,0.75,False
21176_b5c72bfb,topo_moderate,10,22365_a4eb929c,topo_moderate,0.75,True
23252_ef165bed,topo_complex,1,21989_a0b5037d,topo_connected,1.0,False
23252_ef165bed,topo_complex,2,23363_60e39812,topo_complex,1.0,True
23252_ef165bed,topo_complex,3,23409_e27e3b8b,topo_isolated,1.0,False
23252_ef165bed,topo_complex,4,20554_abcb705e,topo_moderate,1.0,False
23252_ef165bed,topo_complex,5,20229_d1ae2ae3,topo_connected,1.0,False
23252_ef165bed,topo_complex,6,20899_a8d7c6d5,topo_complex,1.0,True
23252_ef165bed,topo_complex,7,22059_b7d76712,topo_connected,1.0,False
23252_ef165bed,topo_complex,8,21529_93e51dd9,topo_connected,1.0,False
23252_ef165bed,topo_complex,9,20858_15bdad00,topo_complex,1.0,True
23252_ef165bed,topo_complex,10,23434_6635ed57,topo_connected,1.0,False
21164_de08f61e,topo_connected,1,20520_7e357152,topo_isolated,1.0,False
21164_de08f61e,topo_connected,2,22266_078a1f68,topo_complex,1.0,False
21164_de08f61e,topo_connected,3,22232_cb53774e,topo_connected,1.0,True
21164_de08f61e,topo_connected,4,20421_49bd1188,topo_connected,1.0,True
21164_de08f61e,topo_connected,5,20421_38b63ca5,topo_complex,1.0,False
21164_de08f61e,topo_connected,6,20389_c835706f,topo_moderate,1.0,False
21164_de08f61e,topo_connected,7,21503_34f299ca,topo_connected,0.75,True
21164_de08f61e,topo_connected,8,20322_daa5c577,topo_moderate,0.75,False
21164_de08f61e,topo_connected,9,21531_79015e13,topo_minimal,0.75,False
21164_de08f61e,topo_connected,10,22383_e5f707a7,topo_moderate,0.75,False
20789_1809f41f,topo_moderate,1,21292_f94bd96b,topo_connected,1.0,False
20789_1809f41f,topo_moderate,2,23374_57cca189,topo_connected,1.0,False
20789_1809f41f,topo_moderate,3,21028_d4d30a2e,topo_complex,1.0,False
20789_1809f41f,topo_moderate,4,20431_27e7f151,topo_connected,1.0,False
20789_1809f41f,topo_moderate,5,22383_e5f707a7,topo_moderate,0.75,True
20789_1809f41f,topo_moderate,6,22072_5163223a,topo_moderate,0.75,True
20789_1809f41f,topo_moderate,7,20722_90d46353,topo_minimal,0.75,False
20789_1809f41f,topo_moderate,8,23213_3df3cb34,topo_complex,0.75,False
20789_1809f41f,topo_moderate,9,22126_e1cca10f,topo_connected,0.75,False
20789_1809f41f,topo_moderate,10,23028_2ca87745,topo_connected,0.75,False
22197_66c5655e,topo_connected,1,22197_94c66357,topo_moderate,1.0,False
22197_66c5655e,topo_connected,2,23318_65e3a7c9,topo_minimal,1.0,False
22197_66c5655e,topo_connected,3,20676_9715ec9c,topo_minimal,1.0,False
22197_66c5655e,topo_connected,4,22196_0deb2e34,topo_connected,1.0,True
22197_66c5655e,topo_connected,5,23414_f7d4a688,topo_isolated,1.0,False
22197_66c5655e,topo_connected,6,22196_e5bf8c9d,topo_connected,1.0,True
22197_66c5655e,topo_connected,7,21275_c8049742,topo_minimal,0.75,False
22197_66c5655e,topo_connected,8,21377_19909a40,topo_isolated,0.75,False
22197_66c5655e,topo_connected,9,23174_8ef93daf,topo_isolated,0.75,False
22197_66c5655e,topo_connected,10,22448_1f21757a,topo_connected,0.75,True
21352_c1101acb,topo_moderate,1,22421_19401bdd,topo_complex,1.0,False
21352_c1101acb,topo_moderate,2,22278_12f1fb79,topo_minimal,1.0,False
21352_c1101acb,topo_moderate,3,23155_d7305c5f,topo_complex,1.0,False
21352_c1101acb,topo_moderate,4,23217_7c6062e3,topo_connected,1.0,False
21352_c1101acb,topo_moderate,5,21134_7aa7cd89,topo_complex,1.0,False
21352_c1101acb,topo_moderate,6,22419_dfeb5d33,topo_complex,1.0,False
21352_c1101acb,topo_moderate,7,21839_a8eb6d34,topo_isolated,1.0,False
21352_c1101acb,topo_moderate,8,23258_87a2ba81,topo_complex,1.0,False
21352_c1101acb,topo_moderate,9,21697_06656699,topo_connected,1.0,False
21352_c1101acb,topo_moderate,10,21316_69ed56f5,topo_complex,1.0,False
22376_3ebc82a2,topo_complex,1,21989_a0b5037d,topo_connected,1.0,False
22376_3ebc82a2,topo_complex,2,23363_60e39812,topo_complex,1.0,True
22376_3ebc82a2,topo_complex,3,23409_e27e3b8b,topo_isolated,1.0,False
22376_3ebc82a2,topo_complex,4,20554_abcb705e,topo_moderate,1.0,False
22376_3ebc82a2,topo_complex,5,20229_d1ae2ae3,topo_connected,1.0,False
22376_3ebc82a2,topo_complex,6,20899_a8d7c6d5,topo_complex,1.0,True
22376_3ebc82a2,topo_complex,7,22059_b7d76712,topo_connected,1.0,False
22376_3ebc82a2,topo_complex,8,21529_93e51dd9,topo_connected,1.0,False
22376_3ebc82a2,topo_complex,9,20858_15bdad00,topo_complex,1.0,True
22376_3ebc82a2,topo_complex,10,23434_6635ed57,topo_connected,1.0,False
20502_58b65de9,topo_connected,1,22654_4c426b0f,topo_moderate,1.0,False
20502_58b65de9,topo_connected,2,21840_6847d36c,topo_isolated,1.0,False
20502_58b65de9,topo_connected,3,21478_8fbd4409,topo_moderate,1.0,False
20502_58b65de9,topo_connected,4,23178_eb4b4280,topo_minimal,1.0,False
20502_58b65de9,topo_connected,5,20682_e208cc63,topo_isolated,1.0,False
20502_58b65de9,topo_connected,6,22762_dcbdd14d,topo_minimal,1.0,False
20502_58b65de9,topo_connected,7,7780_6c885e81,topo_complex,1.0,False
20502_58b65de9,topo_connected,8,21037_62248d34,topo_minimal,1.0,False
20502_58b65de9,topo_connected,9,21271_ec7f62b8,topo_connected,1.0,True
20502_58b65de9,topo_connected,10,22049_4da0d894,topo_connected,1.0,True
21153_a2fb81fe,topo_connected,1,21700_28d193ac,topo_complex,1.0,False
21153_a2fb81fe,topo_connected,2,20500_e88d8065,topo_connected,1.0,True
21153_a2fb81fe,topo_connected,3,20246_40be7668,topo_moderate,1.0,False
21153_a2fb81fe,topo_connected,4,19566_19d85d3b,topo_complex,1.0,False
21153_a2fb81fe,topo_connected,5,21024_9be3d461,topo_moderate,1.0,False
21153_a2fb81fe,topo_connected,6,21352_d60bc953,topo_minimal,1.0,False
21153_a2fb81fe,topo_connected,7,22442_7d5c5d5f,topo_moderate,1.0,False
21153_a2fb81fe,topo_connected,8,21093_1bda9bbe,topo_isolated,1.0,False
21153_a2fb81fe,topo_connected,9,20544_43691724,topo_complex,1.0,False
21153_a2fb81fe,topo_connected,10,22491_a33562ad,topo_complex,1.0,False
20409_dafedec6,topo_isolated,1,22981_93f268ae,topo_minimal,1.0,False
20409_dafedec6,topo_isolated,2,20838_86c931be,topo_minimal,1.0,False
20409_dafedec6,topo_isolated,3,20910_c64b5d1b,topo_minimal,1.0,False
20409_dafedec6,topo_isolated,4,23039_b3d04774,topo_moderate,1.0,False
20409_dafedec6,topo_isolated,5,20940_9777847c,topo_connected,1.0,False
20409_dafedec6,topo_isolated,6,21570_9cb1d1c4,topo_minimal,1.0,False
20409_dafedec6,topo_isolated,7,20814_5a2be0fb,topo_minimal,1.0,False
20409_dafedec6,topo_isolated,8,19518_f220b68a,topo_isolated,1.0,True
20409_dafedec6,topo_isolated,9,23194_b675acc0,topo_connected,1.0,False
20409_dafedec6,topo_isolated,10,23250_aa321310,topo_moderate,1.0,False
21492_8bd34fc1,topo_complex,1,22421_19401bdd,topo_complex,1.0,True
21492_8bd34fc1,topo_complex,2,22278_12f1fb79,topo_minimal,1.0,False
21492_8bd34fc1,topo_complex,3,23155_d7305c5f,topo_complex,1.0,True
21492_8bd34fc1,topo_complex,4,23217_7c6062e3,topo_connected,1.0,False
21492_8bd34fc1,topo_complex,5,21134_7aa7cd89,topo_complex,1.0,True
21492_8bd34fc1,topo_complex,6,22419_dfeb5d33,topo_complex,1.0,True
21492_8bd34fc1,topo_complex,7,21839_a8eb6d34,topo_isolated,1.0,False
21492_8bd34fc1,topo_complex,8,23258_87a2ba81,topo_complex,1.0,True
21492_8bd34fc1,topo_complex,9,21697_06656699,topo_connected,1.0,False
21492_8bd34fc1,topo_complex,10,21316_69ed56f5,topo_complex,1.0,True
20622_38dd90d0,topo_complex,1,21700_28d193ac,topo_complex,1.0,True
20622_38dd90d0,topo_complex,2,20500_e88d8065,topo_connected,1.0,False
20622_38dd90d0,topo_complex,3,20246_40be7668,topo_moderate,1.0,False
20622_38dd90d0,topo_complex,4,19566_19d85d3b,topo_complex,1.0,True
20622_38dd90d0,topo_complex,5,21024_9be3d461,topo_moderate,1.0,False
20622_38dd90d0,topo_complex,6,21352_d60bc953,topo_minimal,1.0,False
20622_38dd90d0,topo_complex,7,22442_7d5c5d5f,topo_moderate,1.0,False
20622_38dd90d0,topo_complex,8,21093_1bda9bbe,topo_isolated,1.0,False
20622_38dd90d0,topo_complex,9,20544_43691724,topo_complex,1.0,True
20622_38dd90d0,topo_complex,10,22491_a33562ad,topo_complex,1.0,True
22428_c1ffa51a,topo_minimal,1,22421_19401bdd,topo_complex,1.0,False
22428_c1ffa51a,topo_minimal,2,22278_12f1fb79,topo_minimal,1.0,True
22428_c1ffa51a,topo_minimal,3,23155_d7305c5f,topo_complex,1.0,False
22428_c1ffa51a,topo_minimal,4,23217_7c6062e3,topo_connected,1.0,False
22428_c1ffa51a,topo_minimal,5,21134_7aa7cd89,topo_complex,1.0,False
22428_c1ffa51a,topo_minimal,6,22419_dfeb5d33,topo_complex,1.0,False
22428_c1ffa51a,topo_minimal,7,21839_a8eb6d34,topo_isolated,1.0,False
22428_c1ffa51a,topo_minimal,8,23258_87a2ba81,topo_complex,1.0,False
22428_c1ffa51a,topo_minimal,9,21697_06656699,topo_connected,1.0,False
22428_c1ffa51a,topo_minimal,10,21316_69ed56f5,topo_complex,1.0,False
21047_60d69af3,topo_minimal,1,20801_0796e2ee,topo_isolated,1.0,False
21047_60d69af3,topo_minimal,2,22378_234fea2c,topo_moderate,1.0,False
21047_60d69af3,topo_minimal,3,21616_c6c3347a,topo_isolated,1.0,False
21047_60d69af3,topo_minimal,4,23439_18900af2,topo_minimal,1.0,True
21047_60d69af3,topo_minimal,5,23006_92c5b990,topo_moderate,1.0,False
21047_60d69af3,topo_minimal,6,23435_e1c96b4d,topo_moderate,1.0,False
21047_60d69af3,topo_minimal,7,22053_de30641b,topo_minimal,1.0,True
21047_60d69af3,topo_minimal,8,20259_de1ab632,topo_minimal,1.0,True
21047_60d69af3,topo_minimal,9,22891_b8c84495,topo_moderate,1.0,False
21047_60d69af3,topo_minimal,10,20467_f1fcc009,topo_isolated,1.0,False
23215_08a54de0,topo_moderate,1,20801_0796e2ee,topo_isolated,1.0,False
23215_08a54de0,topo_moderate,2,22378_234fea2c,topo_moderate,1.0,True
23215_08a54de0,topo_moderate,3,21616_c6c3347a,topo_isolated,1.0,False
23215_08a54de0,topo_moderate,4,23439_18900af2,topo_minimal,1.0,False
23215_08a54de0,topo_moderate,5,23006_92c5b990,topo_moderate,1.0,True
23215_08a54de0,topo_moderate,6,23435_e1c96b4d,topo_moderate,1.0,True
23215_08a54de0,topo_moderate,7,22053_de30641b,topo_minimal,1.0,False
23215_08a54de0,topo_moderate,8,20259_de1ab632,topo_minimal,1.0,False
23215_08a54de0,topo_moderate,9,22891_b8c84495,topo_moderate,1.0,True
23215_08a54de0,topo_moderate,10,20467_f1fcc009,topo_isolated,1.0,False
20680_b095cb77,topo_minimal,1,22095_af226cbc,topo_complex,0.75,False
20680_b095cb77,topo_minimal,2,23414_f7d4a688,topo_isolated,0.75,False
20680_b095cb77,topo_minimal,3,21603_98a15295,topo_minimal,0.75,True
20680_b095cb77,topo_minimal,4,21692_777db9e2,topo_complex,0.75,False
20680_b095cb77,topo_minimal,5,20926_4c0f33f6,topo_minimal,0.75,True
20680_b095cb77,topo_minimal,6,21248_0a862e3e,topo_minimal,0.75,True
20680_b095cb77,topo_minimal,7,20502_58b65de9,topo_connected,0.75,False
20680_b095cb77,topo_minimal,8,22365_a4eb929c,topo_moderate,0.75,False
20680_b095cb77,topo_minimal,9,22983_0ab3faaf,topo_minimal,0.75,True
20680_b095cb77,topo_minimal,10,22434_2ad62ed6,topo_minimal,0.75,True
23130_7417d5b3,topo_complex,1,21700_28d193ac,topo_complex,1.0,True
23130_7417d5b3,topo_complex,2,20500_e88d8065,topo_connected,1.0,False
23130_7417d5b3,topo_complex,3,20246_40be7668,topo_moderate,1.0,False
23130_7417d5b3,topo_complex,4,19566_19d85d3b,topo_complex,1.0,True
23130_7417d5b3,topo_complex,5,21024_9be3d461,topo_moderate,1.0,False
23130_7417d5b3,topo_complex,6,21352_d60bc953,topo_minimal,1.0,False
23130_7417d5b3,topo_complex,7,22442_7d5c5d5f,topo_moderate,1.0,False
23130_7417d5b3,topo_complex,8,21093_1bda9bbe,topo_isolated,1.0,False
23130_7417d5b3,topo_complex,9,20544_43691724,topo_complex,1.0,True
23130_7417d5b3,topo_complex,10,22491_a33562ad,topo_complex,1.0,True
22193_c8773ded,topo_connected,1,21700_28d193ac,topo_complex,1.0,False
22193_c8773ded,topo_connected,2,20500_e88d8065,topo_connected,1.0,True
22193_c8773ded,topo_connected,3,20246_40be7668,topo_moderate,1.0,False
22193_c8773ded,topo_connected,4,19566_19d85d3b,topo_complex,1.0,False
22193_c8773ded,topo_connected,5,21024_9be3d461,topo_moderate,1.0,False
22193_c8773ded,topo_connected,6,21352_d60bc953,topo_minimal,1.0,False
22193_c8773ded,topo_connected,7,22442_7d5c5d5f,topo_moderate,1.0,False
22193_c8773ded,topo_connected,8,21093_1bda9bbe,topo_isolated,1.0,False
22193_c8773ded,topo_connected,9,20544_43691724,topo_complex,1.0,False
22193_c8773ded,topo_connected,10,22491_a33562ad,topo_complex,1.0,False
20735_fb18051a,topo_connected,1,21989_a0b5037d,topo_connected,1.0,True
20735_fb18051a,topo_connected,2,23363_60e39812,topo_complex,1.0,False
20735_fb18051a,topo_connected,3,23409_e27e3b8b,topo_isolated,1.0,False
20735_fb18051a,topo_connected,4,20554_abcb705e,topo_moderate,1.0,False
20735_fb18051a,topo_connected,5,20229_d1ae2ae3,topo_connected,1.0,True
20735_fb18051a,topo_connected,6,20899_a8d7c6d5,topo_complex,1.0,False
20735_fb18051a,topo_connected,7,22059_b7d76712,topo_connected,1.0,True
20735_fb18051a,topo_connected,8,21529_93e51dd9,topo_connected,1.0,True
20735_fb18051a,topo_connected,9,20858_15bdad00,topo_complex,1.0,False
20735_fb18051a,topo_connected,10,23434_6635ed57,topo_connected,1.0,True
20989_885bd9b9,topo_minimal,1,21448_5646a1b6,topo_minimal,1.0,True
20989_885bd9b9,topo_minimal,2,20731_fbdc7731,topo_moderate,1.0,False
20989_885bd9b9,topo_minimal,3,21825_ce32b0a0,topo_minimal,1.0,True
20989_885bd9b9,topo_minimal,4,22136_a539c50b,topo_isolated,1.0,False
20989_885bd9b9,topo_minimal,5,20758_cdccf572,topo_moderate,1.0,False
20989_885bd9b9,topo_minimal,6,20429_9dd95c38,topo_isolated,1.0,False
20989_885bd9b9,topo_minimal,7,20806_ca60b7ae,topo_minimal,1.0,True
20989_885bd9b9,topo_minimal,8,22236_db209dff,topo_minimal,1.0,True
20989_885bd9b9,topo_minimal,9,22283_36ba29c9,topo_minimal,1.0,True
20989_885bd9b9,topo_minimal,10,21257_770fee9a,topo_isolated,1.0,False
20927_826f4b56,topo_isolated,1,20801_0796e2ee,topo_isolated,1.0,True
20927_826f4b56,topo_isolated,2,22378_234fea2c,topo_moderate,1.0,False
20927_826f4b56,topo_isolated,3,21616_c6c3347a,topo_isolated,1.0,True
20927_826f4b56,topo_isolated,4,23439_18900af2,topo_minimal,1.0,False
20927_826f4b56,topo_isolated,5,23006_92c5b990,topo_moderate,1.0,False
20927_826f4b56,topo_isolated,6,23435_e1c96b4d,topo_moderate,1.0,False
20927_826f4b56,topo_isolated,7,22053_de30641b,topo_minimal,1.0,False
20927_826f4b56,topo_isolated,8,20259_de1ab632,topo_minimal,1.0,False
20927_826f4b56,topo_isolated,9,22891_b8c84495,topo_moderate,1.0,False
20927_826f4b56,topo_isolated,10,20467_f1fcc009,topo_isolated,1.0,True
21719_d60b8a4a,topo_minimal,1,21989_a0b5037d,topo_connected,1.0,False
21719_d60b8a4a,topo_minimal,2,23363_60e39812,topo_complex,1.0,False
21719_d60b8a4a,topo_minimal,3,23409_e27e3b8b,topo_isolated,1.0,False
21719_d60b8a4a,topo_minimal,4,20554_abcb705e,topo_moderate,1.0,False
21719_d60b8a4a,topo_minimal,5,20229_d1ae2ae3,topo_connected,1.0,False
21719_d60b8a4a,topo_minimal,6,20899_a8d7c6d5,topo_complex,1.0,False
21719_d60b8a4a,topo_minimal,7,22059_b7d76712,topo_connected,1.0,False
21719_d60b8a4a,topo_minimal,8,21529_93e51dd9,topo_connected,1.0,False
21719_d60b8a4a,topo_minimal,9,20858_15bdad00,topo_complex,1.0,False
21719_d60b8a4a,topo_minimal,10,23434_6635ed57,topo_connected,1.0,False
21776_fb0bfbc6,topo_minimal,1,20801_0796e2ee,topo_isolated,1.0,False
21776_fb0bfbc6,topo_minimal,2,22378_234fea2c,topo_moderate,1.0,False
21776_fb0bfbc6,topo_minimal,3,21616_c6c3347a,topo_isolated,1.0,False
21776_fb0bfbc6,topo_minimal,4,23439_18900af2,topo_minimal,1.0,True
21776_fb0bfbc6,topo_minimal,5,23006_92c5b990,topo_moderate,1.0,False
21776_fb0bfbc6,topo_minimal,6,23435_e1c96b4d,topo_moderate,1.0,False
21776_fb0bfbc6,topo_minimal,7,22053_de30641b,topo_minimal,1.0,True
21776_fb0bfbc6,topo_minimal,8,20259_de1ab632,topo_minimal,1.0,True
21776_fb0bfbc6,topo_minimal,9,22891_b8c84495,topo_moderate,1.0,False
21776_fb0bfbc6,topo_minimal,10,20467_f1fcc009,topo_isolated,1.0,False
23372_4cb88567,topo_isolated,1,21989_a0b5037d,topo_connected,1.0,False
23372_4cb88567,topo_isolated,2,23363_60e39812,topo_complex,1.0,False
23372_4cb88567,topo_isolated,3,23409_e27e3b8b,topo_isolated,1.0,True
23372_4cb88567,topo_isolated,4,20554_abcb705e,topo_moderate,1.0,False
23372_4cb88567,topo_isolated,5,20229_d1ae2ae3,topo_connected,1.0,False
23372_4cb88567,topo_isolated,6,20899_a8d7c6d5,topo_complex,1.0,False
23372_4cb88567,topo_isolated,7,22059_b7d76712,topo_connected,1.0,False
23372_4cb88567,topo_isolated,8,21529_93e51dd9,topo_connected,1.0,False
23372_4cb88567,topo_isolated,9,20858_15bdad00,topo_complex,1.0,False
23372_4cb88567,topo_isolated,10,23434_6635ed57,topo_connected,1.0,False
22895_4533b542,topo_moderate,1,20801_0796e2ee,topo_isolated,1.0,False
22895_4533b542,topo_moderate,2,22378_234fea2c,topo_moderate,1.0,True
22895_4533b542,topo_moderate,3,21616_c6c3347a,topo_isolated,1.0,False
22895_4533b542,topo_moderate,4,23439_18900af2,topo_minimal,1.0,False
22895_4533b542,topo_moderate,5,23006_92c5b990,topo_moderate,1.0,True
22895_4533b542,topo_moderate,6,23435_e1c96b4d,topo_moderate,1.0,True
22895_4533b542,topo_moderate,7,22053_de30641b,topo_minimal,1.0,False
22895_4533b542,topo_moderate,8,20259_de1ab632,topo_minimal,1.0,False
22895_4533b542,topo_moderate,9,22891_b8c84495,topo_moderate,1.0,True
22895_4533b542,topo_moderate,10,20467_f1fcc009,topo_isolated,1.0,False
20870_dedaef5b,topo_complex,1,21700_28d193ac,topo_complex,1.0,True
20870_dedaef5b,topo_complex,2,20500_e88d8065,topo_connected,1.0,False
20870_dedaef5b,topo_complex,3,20246_40be7668,topo_moderate,1.0,False
20870_dedaef5b,topo_complex,4,19566_19d85d3b,topo_complex,1.0,True
20870_dedaef5b,topo_complex,5,21024_9be3d461,topo_moderate,1.0,False
20870_dedaef5b,topo_complex,6,21352_d60bc953,topo_minimal,1.0,False
20870_dedaef5b,topo_complex,7,22442_7d5c5d5f,topo_moderate,1.0,False
20870_dedaef5b,topo_complex,8,21093_1bda9bbe,topo_isolated,1.0,False
20870_dedaef5b,topo_complex,9,20544_43691724,topo_complex,1.0,True
20870_dedaef5b,topo_complex,10,22491_a33562ad,topo_complex,1.0,True
22399_97987ada,topo_isolated,1,22654_4c426b0f,topo_moderate,1.0,False
22399_97987ada,topo_isolated,2,21840_6847d36c,topo_isolated,1.0,True
22399_97987ada,topo_isolated,3,21478_8fbd4409,topo_moderate,1.0,False
22399_97987ada,topo_isolated,4,23178_eb4b4280,topo_minimal,1.0,False
22399_97987ada,topo_isolated,5,20682_e208cc63,topo_isolated,1.0,True
22399_97987ada,topo_isolated,6,22762_dcbdd14d,topo_minimal,1.0,False
22399_97987ada,topo_isolated,7,7780_6c885e81,topo_complex,1.0,False
22399_97987ada,topo_isolated,8,21037_62248d34,topo_minimal,1.0,False
22399_97987ada,topo_isolated,9,21271_ec7f62b8,topo_connected,1.0,False
22399_97987ada,topo_isolated,10,22049_4da0d894,topo_connected,1.0,False
20376_eefa9511,topo_isolated,1,20801_0796e2ee,topo_isolated,1.0,True
20376_eefa9511,topo_isolated,2,22378_234fea2c,topo_moderate,1.0,False
20376_eefa9511,topo_isolated,3,21616_c6c3347a,topo_isolated,1.0,True
20376_eefa9511,topo_isolated,4,23439_18900af2,topo_minimal,1.0,False
20376_eefa9511,topo_isolated,5,23006_92c5b990,topo_moderate,1.0,False
20376_eefa9511,topo_isolated,6,23435_e1c96b4d,topo_moderate,1.0,False
20376_eefa9511,topo_isolated,7,22053_de30641b,topo_minimal,1.0,False
20376_eefa9511,topo_isolated,8,20259_de1ab632,topo_minimal,1.0,False
20376_eefa9511,topo_isolated,9,22891_b8c84495,topo_moderate,1.0,False
20376_eefa9511,topo_isolated,10,20467_f1fcc009,topo_isolated,1.0,True
22180_ce7c3bd8,topo_minimal,1,20801_0796e2ee,topo_isolated,1.0,False
22180_ce7c3bd8,topo_minimal,2,22378_234fea2c,topo_moderate,1.0,False
22180_ce7c3bd8,topo_minimal,3,21616_c6c3347a,topo_isolated,1.0,False
22180_ce7c3bd8,topo_minimal,4,23439_18900af2,topo_minimal,1.0,True
22180_ce7c3bd8,topo_minimal,5,23006_92c5b990,topo_moderate,1.0,False
22180_ce7c3bd8,topo_minimal,6,23435_e1c96b4d,topo_moderate,1.0,False
22180_ce7c3bd8,topo_minimal,7,22053_de30641b,topo_minimal,1.0,True
22180_ce7c3bd8,topo_minimal,8,20259_de1ab632,topo_minimal,1.0,True
22180_ce7c3bd8,topo_minimal,9,22891_b8c84495,topo_moderate,1.0,False
22180_ce7c3bd8,topo_minimal,10,20467_f1fcc009,topo_isolated,1.0,False
20421_49bd1188,topo_connected,1,20520_7e357152,topo_isolated,1.0,False
20421_49bd1188,topo_connected,2,22232_cb53774e,topo_connected,1.0,True
20421_49bd1188,topo_connected,3,21164_de08f61e,topo_connected,1.0,True
20421_49bd1188,topo_connected,4,20421_38b63ca5,topo_complex,1.0,False
20421_49bd1188,topo_connected,5,22266_078a1f68,topo_complex,1.0,False
20421_49bd1188,topo_connected,6,20389_c835706f,topo_moderate,1.0,False
20421_49bd1188,topo_connected,7,20779_fc5a7c3d,topo_connected,0.75,True
20421_49bd1188,topo_connected,8,21503_34f299ca,topo_connected,0.75,True
20421_49bd1188,topo_connected,9,20322_daa5c577,topo_moderate,0.75,False
20421_49bd1188,topo_connected,10,21531_79015e13,topo_minimal,0.75,False
20530_2246503a,topo_moderate,1,21989_a0b5037d,topo_connected,1.0,False
20530_2246503a,topo_moderate,2,23363_60e39812,topo_complex,1.0,False
20530_2246503a,topo_moderate,3,23409_e27e3b8b,topo_isolated,1.0,False
20530_2246503a,topo_moderate,4,20554_abcb705e,topo_moderate,1.0,True
20530_2246503a,topo_moderate,5,20229_d1ae2ae3,topo_connected,1.0,False
20530_2246503a,topo_moderate,6,20899_a8d7c6d5,topo_complex,1.0,False
20530_2246503a,topo_moderate,7,22059_b7d76712,topo_connected,1.0,False
20530_2246503a,topo_moderate,8,21529_93e51dd9,topo_connected,1.0,False
20530_2246503a,topo_moderate,9,20858_15bdad00,topo_complex,1.0,False
20530_2246503a,topo_moderate,10,23434_6635ed57,topo_connected,1.0,False
20815_b3d9e6c9,topo_minimal,1,20157_db99ab88,topo_moderate,1.0,False
20815_b3d9e6c9,topo_minimal,2,22062_2d6b3b72,topo_minimal,1.0,True
20815_b3d9e6c9,topo_minimal,3,22218_2f85f6ae,topo_connected,1.0,False
20815_b3d9e6c9,topo_minimal,4,23238_3c864758,topo_moderate,1.0,False
20815_b3d9e6c9,topo_minimal,5,22681_124bf3a9,topo_moderate,1.0,False
20815_b3d9e6c9,topo_minimal,6,21048_75cc125c,topo_complex,1.0,False
20815_b3d9e6c9,topo_minimal,7,20504_c9e14c9d,topo_connected,1.0,False
20815_b3d9e6c9,topo_minimal,8,22061_b50b6b66,topo_isolated,1.0,False
20815_b3d9e6c9,topo_minimal,9,21715_53df62c9,topo_minimal,1.0,True
20815_b3d9e6c9,topo_minimal,10,23152_6f2706c9,topo_moderate,1.0,False
21809_8bd6b10e,topo_complex,1,21700_28d193ac,topo_complex,1.0,True
21809_8bd6b10e,topo_complex,2,20500_e88d8065,topo_connected,1.0,False
21809_8bd6b10e,topo_complex,3,20246_40be7668,topo_moderate,1.0,False
21809_8bd6b10e,topo_complex,4,19566_19d85d3b,topo_complex,1.0,True
21809_8bd6b10e,topo_complex,5,21024_9be3d461,topo_moderate,1.0,False
21809_8bd6b10e,topo_complex,6,21352_d60bc953,topo_minimal,1.0,False
21809_8bd6b10e,topo_complex,7,22442_7d5c5d5f,topo_moderate,1.0,False
21809_8bd6b10e,topo_complex,8,21093_1bda9bbe,topo_isolated,1.0,False
21809_8bd6b10e,topo_complex,9,20544_43691724,topo_complex,1.0,True
21809_8bd6b10e,topo_complex,10,22491_a33562ad,topo_complex,1.0,True
22210_649a5363,topo_minimal,1,20801_0796e2ee,topo_isolated,1.0,False
22210_649a5363,topo_minimal,2,22378_234fea2c,topo_moderate,1.0,False
22210_649a5363,topo_minimal,3,21616_c6c3347a,topo_isolated,1.0,False
22210_649a5363,topo_minimal,4,23439_18900af2,topo_minimal,1.0,True
22210_649a5363,topo_minimal,5,23006_92c5b990,topo_moderate,1.0,False
22210_649a5363,topo_minimal,6,23435_e1c96b4d,topo_moderate,1.0,False
22210_649a5363,topo_minimal,7,22053_de30641b,topo_minimal,1.0,True
22210_649a5363,topo_minimal,8,20259_de1ab632,topo_minimal,1.0,True
22210_649a5363,topo_minimal,9,22891_b8c84495,topo_moderate,1.0,False
22210_649a5363,topo_minimal,10,20467_f1fcc009,topo_isolated,1.0,False
23195_2629864e,topo_connected,1,21700_28d193ac,topo_complex,1.0,False
23195_2629864e,topo_connected,2,20500_e88d8065,topo_connected,1.0,True
23195_2629864e,topo_connected,3,20246_40be7668,topo_moderate,1.0,False
23195_2629864e,topo_connected,4,19566_19d85d3b,topo_complex,1.0,False
23195_2629864e,topo_connected,5,21024_9be3d461,topo_moderate,1.0,False
23195_2629864e,topo_connected,6,21352_d60bc953,topo_minimal,1.0,False
23195_2629864e,topo_connected,7,22442_7d5c5d5f,topo_moderate,1.0,False
23195_2629864e,topo_connected,8,21093_1bda9bbe,topo_isolated,1.0,False
23195_2629864e,topo_connected,9,20544_43691724,topo_complex,1.0,False
23195_2629864e,topo_connected,10,22491_a33562ad,topo_complex,1.0,False
22827_f33929ec,topo_complex,1,21700_28d193ac,topo_complex,1.0,True
22827_f33929ec,topo_complex,2,20500_e88d8065,topo_connected,1.0,False
22827_f33929ec,topo_complex,3,20246_40be7668,topo_moderate,1.0,False
22827_f33929ec,topo_complex,4,19566_19d85d3b,topo_complex,1.0,True
22827_f33929ec,topo_complex,5,21024_9be3d461,topo_moderate,1.0,False
22827_f33929ec,topo_complex,6,21352_d60bc953,topo_minimal,1.0,False
22827_f33929ec,topo_complex,7,22442_7d5c5d5f,topo_moderate,1.0,False
22827_f33929ec,topo_complex,8,21093_1bda9bbe,topo_isolated,1.0,False
22827_f33929ec,topo_complex,9,20544_43691724,topo_complex,1.0,True
22827_f33929ec,topo_complex,10,22491_a33562ad,topo_complex,1.0,True
20745_3e22ad07,topo_moderate,1,22421_19401bdd,topo_complex,1.0,False
20745_3e22ad07,topo_moderate,2,22278_12f1fb79,topo_minimal,1.0,False
20745_3e22ad07,topo_moderate,3,23155_d7305c5f,topo_complex,1.0,False
20745_3e22ad07,topo_moderate,4,23217_7c6062e3,topo_connected,1.0,False
20745_3e22ad07,topo_moderate,5,21134_7aa7cd89,topo_complex,1.0,False
20745_3e22ad07,topo_moderate,6,22419_dfeb5d33,topo_complex,1.0,False
20745_3e22ad07,topo_moderate,7,21839_a8eb6d34,topo_isolated,1.0,False
20745_3e22ad07,topo_moderate,8,23258_87a2ba81,topo_complex,1.0,False
20745_3e22ad07,topo_moderate,9,21697_06656699,topo_connected,1.0,False
20745_3e22ad07,topo_moderate,10,21316_69ed56f5,topo_complex,1.0,False
21779_b99623fc,topo_connected,1,21989_a0b5037d,topo_connected,1.0,True
21779_b99623fc,topo_connected,2,23363_60e39812,topo_complex,1.0,False
21779_b99623fc,topo_connected,3,23409_e27e3b8b,topo_isolated,1.0,False
21779_b99623fc,topo_connected,4,20554_abcb705e,topo_moderate,1.0,False
21779_b99623fc,topo_connected,5,20229_d1ae2ae3,topo_connected,1.0,True
21779_b99623fc,topo_connected,6,20899_a8d7c6d5,topo_complex,1.0,False
21779_b99623fc,topo_connected,7,22059_b7d76712,topo_connected,1.0,True
21779_b99623fc,topo_connected,8,21529_93e51dd9,topo_connected,1.0,True
21779_b99623fc,topo_connected,9,20858_15bdad00,topo_complex,1.0,False
21779_b99623fc,topo_connected,10,23434_6635ed57,topo_connected,1.0,True
20212_5d1f2de1,topo_moderate,1,20801_0796e2ee,topo_isolated,1.0,False
20212_5d1f2de1,topo_moderate,2,22378_234fea2c,topo_moderate,1.0,True
20212_5d1f2de1,topo_moderate,3,21616_c6c3347a,topo_isolated,1.0,False
20212_5d1f2de1,topo_moderate,4,23439_18900af2,topo_minimal,1.0,False
20212_5d1f2de1,topo_moderate,5,23006_92c5b990,topo_moderate,1.0,True
20212_5d1f2de1,topo_moderate,6,23435_e1c96b4d,topo_moderate,1.0,True
20212_5d1f2de1,topo_moderate,7,22053_de30641b,topo_minimal,1.0,False
20212_5d1f2de1,topo_moderate,8,20259_de1ab632,topo_minimal,1.0,False
20212_5d1f2de1,topo_moderate,9,22891_b8c84495,topo_moderate,1.0,True
20212_5d1f2de1,topo_moderate,10,20467_f1fcc009,topo_isolated,1.0,False
21550_0b16151d,topo_complex,1,21989_a0b5037d,topo_connected,1.0,False
21550_0b16151d,topo_complex,2,23363_60e39812,topo_complex,1.0,True
21550_0b16151d,topo_complex,3,23409_e27e3b8b,topo_isolated,1.0,False
21550_0b16151d,topo_complex,4,20554_abcb705e,topo_moderate,1.0,False
21550_0b16151d,topo_complex,5,20229_d1ae2ae3,topo_connected,1.0,False
21550_0b16151d,topo_complex,6,20755_4b5e61bf,topo_connected,1.0,False
21550_0b16151d,topo_complex,7,20899_a8d7c6d5,topo_complex,1.0,True
21550_0b16151d,topo_complex,8,22059_b7d76712,topo_connected,1.0,False
21550_0b16151d,topo_complex,9,21529_93e51dd9,topo_connected,1.0,False
21550_0b16151d,topo_complex,10,20858_15bdad00,topo_complex,1.0,True
23209_1592b0a4,topo_moderate,1,23210_f535bfd2,topo_moderate,1.0,True
23209_1592b0a4,topo_moderate,2,23244_34b5f55e,topo_connected,1.0,False
23209_1592b0a4,topo_moderate,3,23236_d5867507,topo_connected,1.0,False
23209_1592b0a4,topo_moderate,4,23218_02d26ab4,topo_moderate,1.0,True
23209_1592b0a4,topo_moderate,5,23219_40625e2c,topo_moderate,1.0,True
23209_1592b0a4,topo_moderate,6,23211_3aac9c7e,topo_connected,1.0,False
23209_1592b0a4,topo_moderate,7,20741_c337946f,topo_minimal,0.75,False
23209_1592b0a4,topo_moderate,8,22891_b8c84495,topo_moderate,0.75,True
23209_1592b0a4,topo_moderate,9,20547_ec8cfd0d,topo_isolated,0.75,False
23209_1592b0a4,topo_moderate,10,23199_75dc1efd,topo_minimal,0.75,False
22498_b8bdb105,topo_minimal,1,20340_86125547,topo_minimal,1.0,True
22498_b8bdb105,topo_minimal,2,20188_98b86c0f,topo_moderate,1.0,False
22498_b8bdb105,topo_minimal,3,20586_cbec2689,topo_connected,1.0,False
22498_b8bdb105,topo_minimal,4,21785_d595ced5,topo_minimal,1.0,True
22498_b8bdb105,topo_minimal,5,21994_357aac6f,topo_connected,0.75,False
22498_b8bdb105,topo_minimal,6,22589_2c8f7c0b,topo_minimal,0.75,True
22498_b8bdb105,topo_minimal,7,22053_de30641b,topo_minimal,0.75,True
22498_b8bdb105,topo_minimal,8,22891_b8c84495,topo_moderate,0.75,False
22498_b8bdb105,topo_minimal,9,21184_971559b6,topo_connected,0.75,False
22498_b8bdb105,topo_minimal,10,23199_75dc1efd,topo_minimal,0.75,True
23380_abffc859,topo_complex,1,21989_a0b5037d,topo_connected,1.0,False
23380_abffc859,topo_complex,2,23363_60e39812,topo_complex,1.0,True
23380_abffc859,topo_complex,3,23409_e27e3b8b,topo_isolated,1.0,False
23380_abffc859,topo_complex,4,20554_abcb705e,topo_moderate,1.0,False
23380_abffc859,topo_complex,5,20229_d1ae2ae3,topo_connected,1.0,False
23380_abffc859,topo_complex,6,20755_4b5e61bf,topo_connected,1.0,False
23380_abffc859,topo_complex,7,20899_a8d7c6d5,topo_complex,1.0,True
23380_abffc859,topo_complex,8,22059_b7d76712,topo_connected,1.0,False
23380_abffc859,topo_complex,9,21529_93e51dd9,topo_connected,1.0,False
23380_abffc859,topo_complex,10,20858_15bdad00,topo_complex,1.0,True
20389_c835706f,topo_moderate,1,20520_7e357152,topo_isolated,1.0,False
20389_c835706f,topo_moderate,2,22266_078a1f68,topo_complex,1.0,False
20389_c835706f,topo_moderate,3,22232_cb53774e,topo_connected,1.0,False
20389_c835706f,topo_moderate,4,21164_de08f61e,topo_connected,1.0,False
20389_c835706f,topo_moderate,5,20421_38b63ca5,topo_complex,1.0,False
20389_c835706f,topo_moderate,6,20421_49bd1188,topo_connected,1.0,False
20389_c835706f,topo_moderate,7,22383_e5f707a7,topo_moderate,0.75,True
20389_c835706f,topo_moderate,8,21503_34f299ca,topo_connected,0.75,False
20389_c835706f,topo_moderate,9,20322_daa5c577,topo_moderate,0.75,True
20389_c835706f,topo_moderate,10,21531_79015e13,topo_minimal,0.75,False
21429_6d2d3974,topo_complex,1,21989_a0b5037d,topo_connected,1.0,False
21429_6d2d3974,topo_complex,2,23363_60e39812,topo_complex,1.0,True
21429_6d2d3974,topo_complex,3,23409_e27e3b8b,topo_isolated,1.0,False
21429_6d2d3974,topo_complex,4,20554_abcb705e,topo_moderate,1.0,False
21429_6d2d3974,topo_complex,5,20229_d1ae2ae3,topo_connected,1.0,False
21429_6d2d3974,topo_complex,6,20755_4b5e61bf,topo_connected,1.0,False
21429_6d2d3974,topo_complex,7,20899_a8d7c6d5,topo_complex,1.0,True
21429_6d2d3974,topo_complex,8,22059_b7d76712,topo_connected,1.0,False
21429_6d2d3974,topo_complex,9,21529_93e51dd9,topo_connected,1.0,False
21429_6d2d3974,topo_complex,10,20858_15bdad00,topo_complex,1.0,True
21843_effbd24d,topo_connected,1,22421_19401bdd,topo_complex,1.0,False
21843_effbd24d,topo_connected,2,22278_12f1fb79,topo_minimal,1.0,False
21843_effbd24d,topo_connected,3,23155_d7305c5f,topo_complex,1.0,False
21843_effbd24d,topo_connected,4,23217_7c6062e3,topo_connected,1.0,True
21843_effbd24d,topo_connected,5,21134_7aa7cd89,topo_complex,1.0,False
21843_effbd24d,topo_connected,6,22419_dfeb5d33,topo_complex,1.0,False
21843_effbd24d,topo_connected,7,21839_a8eb6d34,topo_isolated,1.0,False
21843_effbd24d,topo_connected,8,23258_87a2ba81,topo_complex,1.0,False
21843_effbd24d,topo_connected,9,21697_06656699,topo_connected,1.0,True
21843_effbd24d,topo_connected,10,21316_69ed56f5,topo_complex,1.0,False
23439_18900af2,topo_minimal,1,20801_0796e2ee,topo_isolated,1.0,False
23439_18900af2,topo_minimal,2,22378_234fea2c,topo_moderate,1.0,False
23439_18900af2,topo_minimal,3,20672_0bc07cce,topo_minimal,1.0,True
23439_18900af2,topo_minimal,4,21616_c6c3347a,topo_isolated,1.0,False
23439_18900af2,topo_minimal,5,23006_92c5b990,topo_moderate,1.0,False
23439_18900af2,topo_minimal,6,23435_e1c96b4d,topo_moderate,1.0,False
23439_18900af2,topo_minimal,7,22053_de30641b,topo_minimal,1.0,True
23439_18900af2,topo_minimal,8,20259_de1ab632,topo_minimal,1.0,True
23439_18900af2,topo_minimal,9,22891_b8c84495,topo_moderate,1.0,False
23439_18900af2,topo_minimal,10,20467_f1fcc009,topo_isolated,1.0,False
21737_87d83240,topo_moderate,1,20157_db99ab88,topo_moderate,1.0,True
21737_87d83240,topo_moderate,2,23152_6f2706c9,topo_moderate,1.0,True
21737_87d83240,topo_moderate,3,23238_3c864758,topo_moderate,1.0,True
21737_87d83240,topo_moderate,4,21600_0027c6fc,topo_moderate,1.0,True
21737_87d83240,topo_moderate,5,22681_124bf3a9,topo_moderate,1.0,True
21737_87d83240,topo_moderate,6,21048_75cc125c,topo_complex,1.0,False
21737_87d83240,topo_moderate,7,20504_c9e14c9d,topo_connected,1.0,False
21737_87d83240,topo_moderate,8,22061_b50b6b66,topo_isolated,1.0,False
21737_87d83240,topo_moderate,9,21715_53df62c9,topo_minimal,1.0,False
21737_87d83240,topo_moderate,10,21884_cc2c39f9,topo_moderate,1.0,True
21496_f4025ad5,topo_isolated,1,21989_a0b5037d,topo_connected,1.0,False
21496_f4025ad5,topo_isolated,2,23363_60e39812,topo_complex,1.0,False
21496_f4025ad5,topo_isolated,3,23409_e27e3b8b,topo_isolated,1.0,True
21496_f4025ad5,topo_isolated,4,20554_abcb705e,topo_moderate,1.0,False
21496_f4025ad5,topo_isolated,5,20229_d1ae2ae3,topo_connected,1.0,False
21496_f4025ad5,topo_isolated,6,20755_4b5e61bf,topo_connected,1.0,False
21496_f4025ad5,topo_isolated,7,20899_a8d7c6d5,topo_complex,1.0,False
21496_f4025ad5,topo_isolated,8,22059_b7d76712,topo_connected,1.0,False
21496_f4025ad5,topo_isolated,9,21529_93e51dd9,topo_connected,1.0,False
21496_f4025ad5,topo_isolated,10,20858_15bdad00,topo_complex,1.0,False
22053_de30641b,topo_minimal,1,20801_0796e2ee,topo_isolated,1.0,False
22053_de30641b,topo_minimal,2,22378_234fea2c,topo_moderate,1.0,False
22053_de30641b,topo_minimal,3,20672_0bc07cce,topo_minimal,1.0,True
22053_de30641b,topo_minimal,4,21616_c6c3347a,topo_isolated,1.0,False
22053_de30641b,topo_minimal,5,23439_18900af2,topo_minimal,1.0,True
22053_de30641b,topo_minimal,6,23435_e1c96b4d,topo_moderate,1.0,False
22053_de30641b,topo_minimal,7,23006_92c5b990,topo_moderate,1.0,False
22053_de30641b,topo_minimal,8,20259_de1ab632,topo_minimal,1.0,True
22053_de30641b,topo_minimal,9,22891_b8c84495,topo_moderate,1.0,False
22053_de30641b,topo_minimal,10,20467_f1fcc009,topo_isolated,1.0,False
22891_b8c84495,topo_moderate,1,20801_0796e2ee,topo_isolated,1.0,False
22891_b8c84495,topo_moderate,2,22378_234fea2c,topo_moderate,1.0,True
22891_b8c84495,topo_moderate,3,20672_0bc07cce,topo_minimal,1.0,False
22891_b8c84495,topo_moderate,4,21616_c6c3347a,topo_isolated,1.0,False
22891_b8c84495,topo_moderate,5,23439_18900af2,topo_minimal,1.0,False
22891_b8c84495,topo_moderate,6,23435_e1c96b4d,topo_moderate,1.0,True
22891_b8c84495,topo_moderate,7,23006_92c5b990,topo_moderate,1.0,True
22891_b8c84495,topo_moderate,8,20259_de1ab632,topo_minimal,1.0,False
22891_b8c84495,topo_moderate,9,22053_de30641b,topo_minimal,1.0,False
22891_b8c84495,topo_moderate,10,20467_f1fcc009,topo_isolated,1.0,False
21390_4d1e2d9c,topo_moderate,1,21989_a0b5037d,topo_connected,1.0,False
21390_4d1e2d9c,topo_moderate,2,23363_60e39812,topo_complex,1.0,False
21390_4d1e2d9c,topo_moderate,3,23409_e27e3b8b,topo_isolated,1.0,False
21390_4d1e2d9c,topo_moderate,4,20554_abcb705e,topo_moderate,1.0,True
21390_4d1e2d9c,topo_moderate,5,20229_d1ae2ae3,topo_connected,1.0,False
21390_4d1e2d9c,topo_moderate,6,20755_4b5e61bf,topo_connected,1.0,False
21390_4d1e2d9c,topo_moderate,7,20899_a8d7c6d5,topo_complex,1.0,False
21390_4d1e2d9c,topo_moderate,8,22059_b7d76712,topo_connected,1.0,False
21390_4d1e2d9c,topo_moderate,9,21529_93e51dd9,topo_connected,1.0,False
21390_4d1e2d9c,topo_moderate,10,20858_15bdad00,topo_complex,1.0,False
22378_234fea2c,topo_moderate,1,20801_0796e2ee,topo_isolated,1.0,False
22378_234fea2c,topo_moderate,2,22058_71feafda,topo_isolated,1.0,False
22378_234fea2c,topo_moderate,3,20672_0bc07cce,topo_minimal,1.0,False
22378_234fea2c,topo_moderate,4,21616_c6c3347a,topo_isolated,1.0,False
22378_234fea2c,topo_moderate,5,23439_18900af2,topo_minimal,1.0,False
22378_234fea2c,topo_moderate,6,23435_e1c96b4d,topo_moderate,1.0,True
22378_234fea2c,topo_moderate,7,23006_92c5b990,topo_moderate,1.0,True
22378_234fea2c,topo_moderate,8,20259_de1ab632,topo_minimal,1.0,False
22378_234fea2c,topo_moderate,9,22053_de30641b,topo_minimal,1.0,False
22378_234fea2c,topo_moderate,10,20467_f1fcc009,topo_isolated,1.0,False
22659_0e686e14,topo_moderate,1,22654_4c426b0f,topo_moderate,1.0,True
22659_0e686e14,topo_moderate,2,21840_6847d36c,topo_isolated,1.0,False
22659_0e686e14,topo_moderate,3,21478_8fbd4409,topo_moderate,1.0,True
22659_0e686e14,topo_moderate,4,23178_eb4b4280,topo_minimal,1.0,False
22659_0e686e14,topo_moderate,5,20682_e208cc63,topo_isolated,1.0,False
22659_0e686e14,topo_moderate,6,22762_dcbdd14d,topo_minimal,1.0,False
22659_0e686e14,topo_moderate,7,7780_6c885e81,topo_complex,1.0,False
22659_0e686e14,topo_moderate,8,21037_62248d34,topo_minimal,1.0,False
22659_0e686e14,topo_moderate,9,21271_ec7f62b8,topo_connected,1.0,False
22659_0e686e14,topo_moderate,10,22049_4da0d894,topo_connected,1.0,False
22304_33009be6,topo_isolated,1,21448_5646a1b6,topo_minimal,1.0,False
22304_33009be6,topo_isolated,2,20807_88c198d5,topo_isolated,1.0,True
22304_33009be6,topo_isolated,3,22136_a539c50b,topo_isolated,1.0,True
22304_33009be6,topo_isolated,4,20758_cdccf572,topo_moderate,1.0,False
22304_33009be6,topo_isolated,5,22283_36ba29c9,topo_minimal,1.0,False
22304_33009be6,topo_isolated,6,21257_770fee9a,topo_isolated,1.0,True
22304_33009be6,topo_isolated,7,22154_24342da4,topo_isolated,1.0,True
22304_33009be6,topo_isolated,8,20731_fbdc7731,topo_moderate,1.0,False
22304_33009be6,topo_isolated,9,21384_b9774b93,topo_moderate,1.0,False
22304_33009be6,topo_isolated,10,23103_43bde2a6,topo_minimal,1.0,False
20765_99d0665e,topo_complex,1,21700_28d193ac,topo_complex,1.0,True
20765_99d0665e,topo_complex,2,20500_e88d8065,topo_connected,1.0,False
20765_99d0665e,topo_complex,3,20246_40be7668,topo_moderate,1.0,False
20765_99d0665e,topo_complex,4,19566_19d85d3b,topo_complex,1.0,True
20765_99d0665e,topo_complex,5,21024_9be3d461,topo_moderate,1.0,False
20765_99d0665e,topo_complex,6,21352_d60bc953,topo_minimal,1.0,False
20765_99d0665e,topo_complex,7,22442_7d5c5d5f,topo_moderate,1.0,False
20765_99d0665e,topo_complex,8,21093_1bda9bbe,topo_isolated,1.0,False
20765_99d0665e,topo_complex,9,20544_43691724,topo_complex,1.0,True
20765_99d0665e,topo_complex,10,22491_a33562ad,topo_complex,1.0,True
23422_f214bd4d,topo_complex,1,21700_28d193ac,topo_complex,1.0,True
23422_f214bd4d,topo_complex,2,20500_e88d8065,topo_connected,1.0,False
23422_f214bd4d,topo_complex,3,20246_40be7668,topo_moderate,1.0,False
23422_f214bd4d,topo_complex,4,19566_19d85d3b,topo_complex,1.0,True
23422_f214bd4d,topo_complex,5,21024_9be3d461,topo_moderate,1.0,False
23422_f214bd4d,topo_complex,6,21352_d60bc953,topo_minimal,1.0,False
23422_f214bd4d,topo_complex,7,22442_7d5c5d5f,topo_moderate,1.0,False
23422_f214bd4d,topo_complex,8,21093_1bda9bbe,topo_isolated,1.0,False
23422_f214bd4d,topo_complex,9,20544_43691724,topo_complex,1.0,True
23422_f214bd4d,topo_complex,10,22491_a33562ad,topo_complex,1.0,True
23343_f000bdae,topo_isolated,1,20801_0796e2ee,topo_isolated,1.0,True
23343_f000bdae,topo_isolated,2,22058_71feafda,topo_isolated,1.0,True
23343_f000bdae,topo_isolated,3,20672_0bc07cce,topo_minimal,1.0,False
23343_f000bdae,topo_isolated,4,21616_c6c3347a,topo_isolated,1.0,True
23343_f000bdae,topo_isolated,5,23439_18900af2,topo_minimal,1.0,False
23343_f000bdae,topo_isolated,6,23435_e1c96b4d,topo_moderate,1.0,False
23343_f000bdae,topo_isolated,7,23006_92c5b990,topo_moderate,1.0,False
23343_f000bdae,topo_isolated,8,20259_de1ab632,topo_minimal,1.0,False
23343_f000bdae,topo_isolated,9,22053_de30641b,topo_minimal,1.0,False
23343_f000bdae,topo_isolated,10,20467_f1fcc009,topo_isolated,1.0,True
23161_e7f63a9f,topo_isolated,1,22242_4ceddc2b,topo_complex,1.0,False
23161_e7f63a9f,topo_isolated,2,23156_7788f78a,topo_complex,1.0,False
23161_e7f63a9f,topo_isolated,3,21700_28d193ac,topo_complex,0.75,False
23161_e7f63a9f,topo_isolated,4,23313_210c6783,topo_connected,0.75,False
23161_e7f63a9f,topo_isolated,5,22980_3cb3bcc8,topo_complex,0.75,False
23161_e7f63a9f,topo_isolated,6,22910_97f0cc18,topo_complex,0.75,False
23161_e7f63a9f,topo_isolated,7,20293_a1999339,topo_complex,0.75,False
23161_e7f63a9f,topo_isolated,8,22040_6461a147,topo_connected,0.75,False
23161_e7f63a9f,topo_isolated,9,20797_78b83489,topo_minimal,0.75,False
23161_e7f63a9f,topo_isolated,10,23376_9b48819a,topo_minimal,0.75,False
22011_0832eefe,topo_connected,1,21989_a0b5037d,topo_connected,1.0,True
22011_0832eefe,topo_connected,2,23363_60e39812,topo_complex,1.0,False
22011_0832eefe,topo_connected,3,23409_e27e3b8b,topo_isolated,1.0,False
22011_0832eefe,topo_connected,4,20554_abcb705e,topo_moderate,1.0,False
22011_0832eefe,topo_connected,5,20229_d1ae2ae3,topo_connected,1.0,True
22011_0832eefe,topo_connected,6,20755_4b5e61bf,topo_connected,1.0,True
22011_0832eefe,topo_connected,7,20899_a8d7c6d5,topo_complex,1.0,False
22011_0832eefe,topo_connected,8,22059_b7d76712,topo_connected,1.0,True
22011_0832eefe,topo_connected,9,21529_93e51dd9,topo_connected,1.0,True
22011_0832eefe,topo_connected,10,20858_15bdad00,topo_complex,1.0,False
22214_b098105d,topo_minimal,1,20801_0796e2ee,topo_isolated,1.0,False
22214_b098105d,topo_minimal,2,22058_71feafda,topo_isolated,1.0,False
22214_b098105d,topo_minimal,3,20672_0bc07cce,topo_minimal,1.0,True
22214_b098105d,topo_minimal,4,21616_c6c3347a,topo_isolated,1.0,False
22214_b098105d,topo_minimal,5,23439_18900af2,topo_minimal,1.0,True
22214_b098105d,topo_minimal,6,23435_e1c96b4d,topo_moderate,1.0,False
22214_b098105d,topo_minimal,7,23006_92c5b990,topo_moderate,1.0,False
22214_b098105d,topo_minimal,8,20259_de1ab632,topo_minimal,1.0,True
22214_b098105d,topo_minimal,9,22053_de30641b,topo_minimal,1.0,True
22214_b098105d,topo_minimal,10,20467_f1fcc009,topo_isolated,1.0,False
22046_fe3bae6e,topo_complex,1,21989_a0b5037d,topo_connected,1.0,False
22046_fe3bae6e,topo_complex,2,23363_60e39812,topo_complex,1.0,True
22046_fe3bae6e,topo_complex,3,23409_e27e3b8b,topo_isolated,1.0,False
22046_fe3bae6e,topo_complex,4,20554_abcb705e,topo_moderate,1.0,False
22046_fe3bae6e,topo_complex,5,20229_d1ae2ae3,topo_connected,1.0,False
22046_fe3bae6e,topo_complex,6,20755_4b5e61bf,topo_connected,1.0,False
22046_fe3bae6e,topo_complex,7,20899_a8d7c6d5,topo_complex,1.0,True
22046_fe3bae6e,topo_complex,8,22059_b7d76712,topo_connected,1.0,False
22046_fe3bae6e,topo_complex,9,21529_93e51dd9,topo_connected,1.0,False
22046_fe3bae6e,topo_complex,10,20858_15bdad00,topo_complex,1.0,True
23204_ff1672a9,topo_complex,1,21700_28d193ac,topo_complex,1.0,True
23204_ff1672a9,topo_complex,2,20500_e88d8065,topo_connected,1.0,False
23204_ff1672a9,topo_complex,3,20246_40be7668,topo_moderate,1.0,False
23204_ff1672a9,topo_complex,4,19566_19d85d3b,topo_complex,1.0,True
23204_ff1672a9,topo_complex,5,21024_9be3d461,topo_moderate,1.0,False
23204_ff1672a9,topo_complex,6,21352_d60bc953,topo_minimal,1.0,False
23204_ff1672a9,topo_complex,7,22442_7d5c5d5f,topo_moderate,1.0,False
23204_ff1672a9,topo_complex,8,21093_1bda9bbe,topo_isolated,1.0,False
23204_ff1672a9,topo_complex,9,20544_43691724,topo_complex,1.0,True
23204_ff1672a9,topo_complex,10,22491_a33562ad,topo_complex,1.0,True
21529_93e51dd9,topo_connected,1,21989_a0b5037d,topo_connected,1.0,True
21529_93e51dd9,topo_connected,2,23363_60e39812,topo_complex,1.0,False
21529_93e51dd9,topo_connected,3,23409_e27e3b8b,topo_isolated,1.0,False
21529_93e51dd9,topo_connected,4,20554_abcb705e,topo_moderate,1.0,False
21529_93e51dd9,topo_connected,5,20229_d1ae2ae3,topo_connected,1.0,True
21529_93e51dd9,topo_connected,6,20755_4b5e61bf,topo_connected,1.0,True
21529_93e51dd9,topo_connected,7,20899_a8d7c6d5,topo_complex,1.0,False
21529_93e51dd9,topo_connected,8,22059_b7d76712,topo_connected,1.0,True
21529_93e51dd9,topo_connected,9,20858_15bdad00,topo_complex,1.0,False
21529_93e51dd9,topo_connected,10,23434_6635ed57,topo_connected,1.0,True
20429_419c4cdd,topo_isolated,1,21448_5646a1b6,topo_minimal,1.0,False
20429_419c4cdd,topo_isolated,2,20807_88c198d5,topo_isolated,1.0,True
20429_419c4cdd,topo_isolated,3,22136_a539c50b,topo_isolated,1.0,True
20429_419c4cdd,topo_isolated,4,20758_cdccf572,topo_moderate,1.0,False
20429_419c4cdd,topo_isolated,5,22283_36ba29c9,topo_minimal,1.0,False
20429_419c4cdd,topo_isolated,6,21257_770fee9a,topo_isolated,1.0,True
20429_419c4cdd,topo_isolated,7,22154_24342da4,topo_isolated,1.0,True
20429_419c4cdd,topo_isolated,8,20731_fbdc7731,topo_moderate,1.0,False
20429_419c4cdd,topo_isolated,9,21384_b9774b93,topo_moderate,1.0,False
20429_419c4cdd,topo_isolated,10,23103_43bde2a6,topo_minimal,1.0,False
20241_8c0d3f83,topo_isolated,1,20801_0796e2ee,topo_isolated,1.0,True
20241_8c0d3f83,topo_isolated,2,22058_71feafda,topo_isolated,1.0,True
20241_8c0d3f83,topo_isolated,3,20672_0bc07cce,topo_minimal,1.0,False
20241_8c0d3f83,topo_isolated,4,21616_c6c3347a,topo_isolated,1.0,True
20241_8c0d3f83,topo_isolated,5,23439_18900af2,topo_minimal,1.0,False
20241_8c0d3f83,topo_isolated,6,23435_e1c96b4d,topo_moderate,1.0,False
20241_8c0d3f83,topo_isolated,7,23006_92c5b990,topo_moderate,1.0,False
20241_8c0d3f83,topo_isolated,8,20259_de1ab632,topo_minimal,1.0,False
20241_8c0d3f83,topo_isolated,9,22053_de30641b,topo_minimal,1.0,False
20241_8c0d3f83,topo_isolated,10,20467_f1fcc009,topo_isolated,1.0,True
20440_27177360,topo_complex,1,22727_c514268a,topo_moderate,1.0,False
20440_27177360,topo_complex,2,20176_a02bde39,topo_complex,1.0,True
20440_27177360,topo_complex,3,23409_e27e3b8b,topo_isolated,0.75,False
20440_27177360,topo_complex,4,22197_94c66357,topo_moderate,0.75,False
20440_27177360,topo_complex,5,20281_a29f9a18,topo_minimal,0.75,False
20440_27177360,topo_complex,6,20229_d1ae2ae3,topo_connected,0.75,False
20440_27177360,topo_complex,7,23008_3d1bb7b2,topo_minimal,0.75,False
20440_27177360,topo_complex,8,23318_65e3a7c9,topo_minimal,0.75,False
20440_27177360,topo_complex,9,21202_e452c491,topo_isolated,0.75,False
20440_27177360,topo_complex,10,22474_b10fea1a,topo_complex,0.75,True
20554_abcb705e,topo_moderate,1,21989_a0b5037d,topo_connected,1.0,False
20554_abcb705e,topo_moderate,2,23363_60e39812,topo_complex,1.0,False
20554_abcb705e,topo_moderate,3,23409_e27e3b8b,topo_isolated,1.0,False
20554_abcb705e,topo_moderate,4,20229_d1ae2ae3,topo_connected,1.0,False
20554_abcb705e,topo_moderate,5,20755_4b5e61bf,topo_connected,1.0,False
20554_abcb705e,topo_moderate,6,20899_a8d7c6d5,topo_complex,1.0,False
20554_abcb705e,topo_moderate,7,21529_93e51dd9,topo_connected,1.0,False
20554_abcb705e,topo_moderate,8,22059_b7d76712,topo_connected,1.0,False
20554_abcb705e,topo_moderate,9,20858_15bdad00,topo_complex,1.0,False
20554_abcb705e,topo_moderate,10,23434_6635ed57,topo_connected,1.0,False
22135_2aa77ff2,topo_isolated,1,20801_0796e2ee,topo_isolated,1.0,True
22135_2aa77ff2,topo_isolated,2,22058_71feafda,topo_isolated,1.0,True
22135_2aa77ff2,topo_isolated,3,20672_0bc07cce,topo_minimal,1.0,False
22135_2aa77ff2,topo_isolated,4,21616_c6c3347a,topo_isolated,1.0,True
22135_2aa77ff2,topo_isolated,5,23439_18900af2,topo_minimal,1.0,False
22135_2aa77ff2,topo_isolated,6,23435_e1c96b4d,topo_moderate,1.0,False
22135_2aa77ff2,topo_isolated,7,23006_92c5b990,topo_moderate,1.0,False
22135_2aa77ff2,topo_isolated,8,20259_de1ab632,topo_minimal,1.0,False
22135_2aa77ff2,topo_isolated,9,22053_de30641b,topo_minimal,1.0,False
22135_2aa77ff2,topo_isolated,10,20467_f1fcc009,topo_isolated,1.0,True
21204_96d26a7f,topo_complex,1,22421_19401bdd,topo_complex,1.0,True
21204_96d26a7f,topo_complex,2,22278_12f1fb79,topo_minimal,1.0,False
21204_96d26a7f,topo_complex,3,23155_d7305c5f,topo_complex,1.0,True
21204_96d26a7f,topo_complex,4,23217_7c6062e3,topo_connected,1.0,False
21204_96d26a7f,topo_complex,5,21134_7aa7cd89,topo_complex,1.0,True
21204_96d26a7f,topo_complex,6,22419_dfeb5d33,topo_complex,1.0,True
21204_96d26a7f,topo_complex,7,21839_a8eb6d34,topo_isolated,1.0,False
21204_96d26a7f,topo_complex,8,23258_87a2ba81,topo_complex,1.0,True
21204_96d26a7f,topo_complex,9,21697_06656699,topo_connected,1.0,False
21204_96d26a7f,topo_complex,10,21316_69ed56f5,topo_complex,1.0,True
22259_613f9d44,topo_moderate,1,22654_4c426b0f,topo_moderate,1.0,True
22259_613f9d44,topo_moderate,2,7780_6c885e81,topo_complex,1.0,False
22259_613f9d44,topo_moderate,3,23320_e0711ae9,topo_connected,1.0,False
22259_613f9d44,topo_moderate,4,21478_8fbd4409,topo_moderate,1.0,True
22259_613f9d44,topo_moderate,5,23178_eb4b4280,topo_minimal,1.0,False
22259_613f9d44,topo_moderate,6,20682_e208cc63,topo_isolated,1.0,False
22259_613f9d44,topo_moderate,7,22762_dcbdd14d,topo_minimal,1.0,False
22259_613f9d44,topo_moderate,8,21037_62248d34,topo_minimal,1.0,False
22259_613f9d44,topo_moderate,9,21271_ec7f62b8,topo_connected,1.0,False
22259_613f9d44,topo_moderate,10,22049_4da0d894,topo_connected,1.0,False
20520_7e357152,topo_isolated,1,22232_cb53774e,topo_connected,1.0,False
20520_7e357152,topo_isolated,2,21164_de08f61e,topo_connected,1.0,False
20520_7e357152,topo_isolated,3,20421_38b63ca5,topo_complex,1.0,False
20520_7e357152,topo_isolated,4,20421_49bd1188,topo_connected,1.0,False
20520_7e357152,topo_isolated,5,20389_c835706f,topo_moderate,1.0,False
20520_7e357152,topo_isolated,6,22266_078a1f68,topo_complex,1.0,False
20520_7e357152,topo_isolated,7,21528_a5d5490f,topo_connected,0.75,False
20520_7e357152,topo_isolated,8,20322_daa5c577,topo_moderate,0.75,False
20520_7e357152,topo_isolated,9,21531_79015e13,topo_minimal,0.75,False
20520_7e357152,topo_isolated,10,22383_e5f707a7,topo_moderate,0.75,False
20802_802b7d69,topo_isolated,1,20801_0796e2ee,topo_isolated,1.0,True
20802_802b7d69,topo_isolated,2,22058_71feafda,topo_isolated,1.0,True
20802_802b7d69,topo_isolated,3,20672_0bc07cce,topo_minimal,1.0,False
20802_802b7d69,topo_isolated,4,21616_c6c3347a,topo_isolated,1.0,True
20802_802b7d69,topo_isolated,5,23439_18900af2,topo_minimal,1.0,False
20802_802b7d69,topo_isolated,6,23435_e1c96b4d,topo_moderate,1.0,False
20802_802b7d69,topo_isolated,7,23006_92c5b990,topo_moderate,1.0,False
20802_802b7d69,topo_isolated,8,20259_de1ab632,topo_minimal,1.0,False
20802_802b7d69,topo_isolated,9,22053_de30641b,topo_minimal,1.0,False
20802_802b7d69,topo_isolated,10,20467_f1fcc009,topo_isolated,1.0,True
20392_8b23d193,topo_minimal,1,20801_0796e2ee,topo_isolated,1.0,False
20392_8b23d193,topo_minimal,2,22058_71feafda,topo_isolated,1.0,False
20392_8b23d193,topo_minimal,3,20672_0bc07cce,topo_minimal,1.0,True
20392_8b23d193,topo_minimal,4,21616_c6c3347a,topo_isolated,1.0,False
20392_8b23d193,topo_minimal,5,23439_18900af2,topo_minimal,1.0,True
20392_8b23d193,topo_minimal,6,23435_e1c96b4d,topo_moderate,1.0,False
20392_8b23d193,topo_minimal,7,23006_92c5b990,topo_moderate,1.0,False
20392_8b23d193,topo_minimal,8,20259_de1ab632,topo_minimal,1.0,True
20392_8b23d193,topo_minimal,9,22053_de30641b,topo_minimal,1.0,True
20392_8b23d193,topo_minimal,10,20467_f1fcc009,topo_isolated,1.0,False
22178_976d2411,topo_minimal,1,20801_0796e2ee,topo_isolated,1.0,False
22178_976d2411,topo_minimal,2,22058_71feafda,topo_isolated,1.0,False
22178_976d2411,topo_minimal,3,20672_0bc07cce,topo_minimal,1.0,True
22178_976d2411,topo_minimal,4,21616_c6c3347a,topo_isolated,1.0,False
22178_976d2411,topo_minimal,5,23439_18900af2,topo_minimal,1.0,True
22178_976d2411,topo_minimal,6,23435_e1c96b4d,topo_moderate,1.0,False
22178_976d2411,topo_minimal,7,23006_92c5b990,topo_moderate,1.0,False
22178_976d2411,topo_minimal,8,20259_de1ab632,topo_minimal,1.0,True
22178_976d2411,topo_minimal,9,22053_de30641b,topo_minimal,1.0,True
22178_976d2411,topo_minimal,10,20467_f1fcc009,topo_isolated,1.0,False
22710_77324fc2,topo_moderate,1,21989_a0b5037d,topo_connected,1.0,False
22710_77324fc2,topo_moderate,2,22046_fe3bae6e,topo_complex,1.0,False
22710_77324fc2,topo_moderate,3,22066_308cdcfe,topo_connected,1.0,False
22710_77324fc2,topo_moderate,4,23409_e27e3b8b,topo_isolated,1.0,False
22710_77324fc2,topo_moderate,5,20229_d1ae2ae3,topo_connected,1.0,False
22710_77324fc2,topo_moderate,6,20755_4b5e61bf,topo_connected,1.0,False
22710_77324fc2,topo_moderate,7,20899_a8d7c6d5,topo_complex,1.0,False
22710_77324fc2,topo_moderate,8,21529_93e51dd9,topo_connected,1.0,False
22710_77324fc2,topo_moderate,9,22059_b7d76712,topo_connected,1.0,False
22710_77324fc2,topo_moderate,10,20858_15bdad00,topo_complex,1.0,False
20245_f1b25d43,topo_complex,1,22421_19401bdd,topo_complex,1.0,True
20245_f1b25d43,topo_complex,2,22278_12f1fb79,topo_minimal,1.0,False
20245_f1b25d43,topo_complex,3,23155_d7305c5f,topo_complex,1.0,True
20245_f1b25d43,topo_complex,4,23217_7c6062e3,topo_connected,1.0,False
20245_f1b25d43,topo_complex,5,21134_7aa7cd89,topo_complex,1.0,True
20245_f1b25d43,topo_complex,6,22419_dfeb5d33,topo_complex,1.0,True
20245_f1b25d43,topo_complex,7,21839_a8eb6d34,topo_isolated,1.0,False
20245_f1b25d43,topo_complex,8,23258_87a2ba81,topo_complex,1.0,True
20245_f1b25d43,topo_complex,9,21697_06656699,topo_connected,1.0,False
20245_f1b25d43,topo_complex,10,21316_69ed56f5,topo_complex,1.0,True
22617_a286f13c,topo_complex,1,21989_a0b5037d,topo_connected,1.0,False
22617_a286f13c,topo_complex,2,22046_fe3bae6e,topo_complex,1.0,True
22617_a286f13c,topo_complex,3,22066_308cdcfe,topo_connected,1.0,False
22617_a286f13c,topo_complex,4,23409_e27e3b8b,topo_isolated,1.0,False
22617_a286f13c,topo_complex,5,20229_d1ae2ae3,topo_connected,1.0,False
22617_a286f13c,topo_complex,6,20755_4b5e61bf,topo_connected,1.0,False
22617_a286f13c,topo_complex,7,20899_a8d7c6d5,topo_complex,1.0,True
22617_a286f13c,topo_complex,8,21529_93e51dd9,topo_connected,1.0,False
22617_a286f13c,topo_complex,9,22059_b7d76712,topo_connected,1.0,False
22617_a286f13c,topo_complex,10,20858_15bdad00,topo_complex,1.0,True
23233_ac09e2e5,topo_complex,1,22421_19401bdd,topo_complex,1.0,True
23233_ac09e2e5,topo_complex,2,22278_12f1fb79,topo_minimal,1.0,False
23233_ac09e2e5,topo_complex,3,23155_d7305c5f,topo_complex,1.0,True
23233_ac09e2e5,topo_complex,4,23217_7c6062e3,topo_connected,1.0,False
23233_ac09e2e5,topo_complex,5,21134_7aa7cd89,topo_complex,1.0,True
23233_ac09e2e5,topo_complex,6,22419_dfeb5d33,topo_complex,1.0,True
23233_ac09e2e5,topo_complex,7,21839_a8eb6d34,topo_isolated,1.0,False
23233_ac09e2e5,topo_complex,8,23258_87a2ba81,topo_complex,1.0,True
23233_ac09e2e5,topo_complex,9,21697_06656699,topo_connected,1.0,False
23233_ac09e2e5,topo_complex,10,21316_69ed56f5,topo_complex,1.0,True
21469_abec26c4,topo_moderate,1,20801_0796e2ee,topo_isolated,1.0,False
21469_abec26c4,topo_moderate,2,22058_71feafda,topo_isolated,1.0,False
21469_abec26c4,topo_moderate,3,20672_0bc07cce,topo_minimal,1.0,False
21469_abec26c4,topo_moderate,4,21616_c6c3347a,topo_isolated,1.0,False
21469_abec26c4,topo_moderate,5,23439_18900af2,topo_minimal,1.0,False
21469_abec26c4,topo_moderate,6,23435_e1c96b4d,topo_moderate,1.0,True
21469_abec26c4,topo_moderate,7,23006_92c5b990,topo_moderate,1.0,True
21469_abec26c4,topo_moderate,8,20259_de1ab632,topo_minimal,1.0,False
21469_abec26c4,topo_moderate,9,22053_de30641b,topo_minimal,1.0,False
21469_abec26c4,topo_moderate,10,20467_f1fcc009,topo_isolated,1.0,False
22413_901f5867,topo_complex,1,21700_28d193ac,topo_complex,1.0,True
22413_901f5867,topo_complex,2,20500_e88d8065,topo_connected,1.0,False
22413_901f5867,topo_complex,3,20246_40be7668,topo_moderate,1.0,False
22413_901f5867,topo_complex,4,19566_19d85d3b,topo_complex,1.0,True
22413_901f5867,topo_complex,5,21024_9be3d461,topo_moderate,1.0,False
22413_901f5867,topo_complex,6,21352_d60bc953,topo_minimal,1.0,False
22413_901f5867,topo_complex,7,22442_7d5c5d5f,topo_moderate,1.0,False
22413_901f5867,topo_complex,8,21093_1bda9bbe,topo_isolated,1.0,False
22413_901f5867,topo_complex,9,20544_43691724,topo_complex,1.0,True
22413_901f5867,topo_complex,10,22491_a33562ad,topo_complex,1.0,True
22061_b50b6b66,topo_isolated,1,20157_db99ab88,topo_moderate,1.0,False
22061_b50b6b66,topo_isolated,2,23152_6f2706c9,topo_moderate,1.0,False
22061_b50b6b66,topo_isolated,3,22218_2f85f6ae,topo_connected,1.0,False
22061_b50b6b66,topo_isolated,4,23238_3c864758,topo_moderate,1.0,False
22061_b50b6b66,topo_isolated,5,21600_0027c6fc,topo_moderate,1.0,False
22061_b50b6b66,topo_isolated,6,22681_124bf3a9,topo_moderate,1.0,False
22061_b50b6b66,topo_isolated,7,21048_75cc125c,topo_complex,1.0,False
22061_b50b6b66,topo_isolated,8,20504_c9e14c9d,topo_connected,1.0,False
22061_b50b6b66,topo_isolated,9,21715_53df62c9,topo_minimal,1.0,False
22061_b50b6b66,topo_isolated,10,21884_cc2c39f9,topo_moderate,1.0,False
23475_b14d1dc8,topo_connected,1,21989_a0b5037d,topo_connected,1.0,True
23475_b14d1dc8,topo_connected,2,22046_fe3bae6e,topo_complex,1.0,False
23475_b14d1dc8,topo_connected,3,22066_308cdcfe,topo_connected,1.0,True
23475_b14d1dc8,topo_connected,4,23409_e27e3b8b,topo_isolated,1.0,False
23475_b14d1dc8,topo_connected,5,20229_d1ae2ae3,topo_connected,1.0,True
23475_b14d1dc8,topo_connected,6,20755_4b5e61bf,topo_connected,1.0,True
23475_b14d1dc8,topo_connected,7,20899_a8d7c6d5,topo_complex,1.0,False
23475_b14d1dc8,topo_connected,8,21529_93e51dd9,topo_connected,1.0,True
23475_b14d1dc8,topo_connected,9,22059_b7d76712,topo_connected,1.0,True
23475_b14d1dc8,topo_connected,10,20858_15bdad00,topo_complex,1.0,False
20787_ed64ff5e,topo_moderate,1,21700_28d193ac,topo_complex,1.0,False
20787_ed64ff5e,topo_moderate,2,20500_e88d8065,topo_connected,1.0,False
20787_ed64ff5e,topo_moderate,3,20246_40be7668,topo_moderate,1.0,True
20787_ed64ff5e,topo_moderate,4,19566_19d85d3b,topo_complex,1.0,False
20787_ed64ff5e,topo_moderate,5,21024_9be3d461,topo_moderate,1.0,True
20787_ed64ff5e,topo_moderate,6,21352_d60bc953,topo_minimal,1.0,False
20787_ed64ff5e,topo_moderate,7,22442_7d5c5d5f,topo_moderate,1.0,True
20787_ed64ff5e,topo_moderate,8,21093_1bda9bbe,topo_isolated,1.0,False
20787_ed64ff5e,topo_moderate,9,20544_43691724,topo_complex,1.0,False
20787_ed64ff5e,topo_moderate,10,22491_a33562ad,topo_complex,1.0,False
20746_57a7b346,topo_complex,1,21700_28d193ac,topo_complex,1.0,True
20746_57a7b346,topo_complex,2,20500_e88d8065,topo_connected,1.0,False
20746_57a7b346,topo_complex,3,20246_40be7668,topo_moderate,1.0,False
20746_57a7b346,topo_complex,4,19566_19d85d3b,topo_complex,1.0,True
20746_57a7b346,topo_complex,5,21024_9be3d461,topo_moderate,1.0,False
20746_57a7b346,topo_complex,6,21352_d60bc953,topo_minimal,1.0,False
20746_57a7b346,topo_complex,7,22442_7d5c5d5f,topo_moderate,1.0,False
20746_57a7b346,topo_complex,8,21093_1bda9bbe,topo_isolated,1.0,False
20746_57a7b346,topo_complex,9,20544_43691724,topo_complex,1.0,True
20746_57a7b346,topo_complex,10,22491_a33562ad,topo_complex,1.0,True
23219_40625e2c,topo_moderate,1,23210_f535bfd2,topo_moderate,1.0,True
23219_40625e2c,topo_moderate,2,23236_d5867507,topo_connected,1.0,False
23219_40625e2c,topo_moderate,3,23244_34b5f55e,topo_connected,1.0,False
23219_40625e2c,topo_moderate,4,23218_02d26ab4,topo_moderate,1.0,True
23219_40625e2c,topo_moderate,5,23209_1592b0a4,topo_moderate,1.0,True
23219_40625e2c,topo_moderate,6,23211_3aac9c7e,topo_connected,1.0,False
23219_40625e2c,topo_moderate,7,20741_c337946f,topo_minimal,0.75,False
23219_40625e2c,topo_moderate,8,22891_b8c84495,topo_moderate,0.75,True
23219_40625e2c,topo_moderate,9,23199_75dc1efd,topo_minimal,0.75,False
23219_40625e2c,topo_moderate,10,20547_ec8cfd0d,topo_isolated,0.75,False
22311_553b3456,topo_complex,1,22654_4c426b0f,topo_moderate,1.0,False
22311_553b3456,topo_complex,2,21271_ec7f62b8,topo_connected,1.0,False
22311_553b3456,topo_complex,3,21478_8fbd4409,topo_moderate,1.0,False
22311_553b3456,topo_complex,4,23178_eb4b4280,topo_minimal,1.0,False
22311_553b3456,topo_complex,5,20682_e208cc63,topo_isolated,1.0,False
22311_553b3456,topo_complex,6,22762_dcbdd14d,topo_minimal,1.0,False
22311_553b3456,topo_complex,7,21037_62248d34,topo_minimal,1.0,False
22311_553b3456,topo_complex,8,7780_6c885e81,topo_complex,1.0,True
22311_553b3456,topo_complex,9,21840_6847d36c,topo_isolated,1.0,False
22311_553b3456,topo_complex,10,20502_58b65de9,topo_connected,1.0,False
22017_6d3be48d,topo_complex,1,21989_a0b5037d,topo_connected,1.0,False
22017_6d3be48d,topo_complex,2,22046_fe3bae6e,topo_complex,1.0,True
22017_6d3be48d,topo_complex,3,22066_308cdcfe,topo_connected,1.0,False
22017_6d3be48d,topo_complex,4,23409_e27e3b8b,topo_isolated,1.0,False
22017_6d3be48d,topo_complex,5,20229_d1ae2ae3,topo_connected,1.0,False
22017_6d3be48d,topo_complex,6,20755_4b5e61bf,topo_connected,1.0,False
22017_6d3be48d,topo_complex,7,20899_a8d7c6d5,topo_complex,1.0,True
22017_6d3be48d,topo_complex,8,21529_93e51dd9,topo_connected,1.0,False
22017_6d3be48d,topo_complex,9,22059_b7d76712,topo_connected,1.0,False
22017_6d3be48d,topo_complex,10,20858_15bdad00,topo_complex,1.0,True
21091_bbf490e7,topo_minimal,1,21989_a0b5037d,topo_connected,1.0,False
21091_bbf490e7,topo_minimal,2,22046_fe3bae6e,topo_complex,1.0,False
21091_bbf490e7,topo_minimal,3,22066_308cdcfe,topo_connected,1.0,False
21091_bbf490e7,topo_minimal,4,23409_e27e3b8b,topo_isolated,1.0,False
21091_bbf490e7,topo_minimal,5,20229_d1ae2ae3,topo_connected,1.0,False
21091_bbf490e7,topo_minimal,6,20755_4b5e61bf,topo_connected,1.0,False
21091_bbf490e7,topo_minimal,7,20899_a8d7c6d5,topo_complex,1.0,False
21091_bbf490e7,topo_minimal,8,21529_93e51dd9,topo_connected,1.0,False
21091_bbf490e7,topo_minimal,9,22059_b7d76712,topo_connected,1.0,False
21091_bbf490e7,topo_minimal,10,20858_15bdad00,topo_complex,1.0,False
23480_3f7a8d50,topo_minimal,1,21989_a0b5037d,topo_connected,1.0,False
23480_3f7a8d50,topo_minimal,2,22046_fe3bae6e,topo_complex,1.0,False
23480_3f7a8d50,topo_minimal,3,22066_308cdcfe,topo_connected,1.0,False
23480_3f7a8d50,topo_minimal,4,23409_e27e3b8b,topo_isolated,1.0,False
23480_3f7a8d50,topo_minimal,5,20229_d1ae2ae3,topo_connected,1.0,False
23480_3f7a8d50,topo_minimal,6,20755_4b5e61bf,topo_connected,1.0,False
23480_3f7a8d50,topo_minimal,7,20899_a8d7c6d5,topo_complex,1.0,False
23480_3f7a8d50,topo_minimal,8,21529_93e51dd9,topo_connected,1.0,False
23480_3f7a8d50,topo_minimal,9,22059_b7d76712,topo_connected,1.0,False
23480_3f7a8d50,topo_minimal,10,20858_15bdad00,topo_complex,1.0,False
20814_5a2be0fb,topo_minimal,1,22261_6efe61e3,topo_minimal,1.0,True
20814_5a2be0fb,topo_minimal,2,23194_b675acc0,topo_connected,1.0,False
20814_5a2be0fb,topo_minimal,3,20838_86c931be,topo_minimal,1.0,True
20814_5a2be0fb,topo_minimal,4,21570_9cb1d1c4,topo_minimal,1.0,True
20814_5a2be0fb,topo_minimal,5,20409_dafedec6,topo_isolated,1.0,False
20814_5a2be0fb,topo_minimal,6,23039_b3d04774,topo_moderate,1.0,False
20814_5a2be0fb,topo_minimal,7,20910_c64b5d1b,topo_minimal,1.0,True
20814_5a2be0fb,topo_minimal,8,21422_b2a6bf27,topo_isolated,1.0,False
20814_5a2be0fb,topo_minimal,9,20940_9777847c,topo_connected,1.0,False
20814_5a2be0fb,topo_minimal,10,22981_93f268ae,topo_minimal,1.0,True
22654_4c426b0f,topo_moderate,1,21982_bdafa78d,topo_isolated,1.0,False
22654_4c426b0f,topo_moderate,2,21271_ec7f62b8,topo_connected,1.0,False
22654_4c426b0f,topo_moderate,3,21478_8fbd4409,topo_moderate,1.0,True
22654_4c426b0f,topo_moderate,4,23178_eb4b4280,topo_minimal,1.0,False
22654_4c426b0f,topo_moderate,5,20682_e208cc63,topo_isolated,1.0,False
22654_4c426b0f,topo_moderate,6,22762_dcbdd14d,topo_minimal,1.0,False
22654_4c426b0f,topo_moderate,7,21037_62248d34,topo_minimal,1.0,False
22654_4c426b0f,topo_moderate,8,7780_6c885e81,topo_complex,1.0,False
22654_4c426b0f,topo_moderate,9,21840_6847d36c,topo_isolated,1.0,False
22654_4c426b0f,topo_moderate,10,20502_58b65de9,topo_connected,1.0,False
21594_428d32af,topo_isolated,1,21989_a0b5037d,topo_connected,1.0,False
21594_428d32af,topo_isolated,2,22046_fe3bae6e,topo_complex,1.0,False
21594_428d32af,topo_isolated,3,22066_308cdcfe,topo_connected,1.0,False
21594_428d32af,topo_isolated,4,23409_e27e3b8b,topo_isolated,1.0,True
21594_428d32af,topo_isolated,5,20229_d1ae2ae3,topo_connected,1.0,False
21594_428d32af,topo_isolated,6,20755_4b5e61bf,topo_connected,1.0,False
21594_428d32af,topo_isolated,7,20899_a8d7c6d5,topo_complex,1.0,False
21594_428d32af,topo_isolated,8,21529_93e51dd9,topo_connected,1.0,False
21594_428d32af,topo_isolated,9,22059_b7d76712,topo_connected,1.0,False
21594_428d32af,topo_isolated,10,20858_15bdad00,topo_complex,1.0,False
22270_c6999138,topo_moderate,1,20801_0796e2ee,topo_isolated,1.0,False
22270_c6999138,topo_moderate,2,22058_71feafda,topo_isolated,1.0,False
22270_c6999138,topo_moderate,3,20672_0bc07cce,topo_minimal,1.0,False
22270_c6999138,topo_moderate,4,21616_c6c3347a,topo_isolated,1.0,False
22270_c6999138,topo_moderate,5,23439_18900af2,topo_minimal,1.0,False
22270_c6999138,topo_moderate,6,23435_e1c96b4d,topo_moderate,1.0,True
22270_c6999138,topo_moderate,7,23006_92c5b990,topo_moderate,1.0,True
22270_c6999138,topo_moderate,8,20259_de1ab632,topo_minimal,1.0,False
22270_c6999138,topo_moderate,9,22053_de30641b,topo_minimal,1.0,False
22270_c6999138,topo_moderate,10,20467_f1fcc009,topo_isolated,1.0,False
21062_c4ed6d45,topo_minimal,1,20801_0796e2ee,topo_isolated,1.0,False
21062_c4ed6d45,topo_minimal,2,22058_71feafda,topo_isolated,1.0,False
21062_c4ed6d45,topo_minimal,3,20672_0bc07cce,topo_minimal,1.0,True
21062_c4ed6d45,topo_minimal,4,21616_c6c3347a,topo_isolated,1.0,False
21062_c4ed6d45,topo_minimal,5,23439_18900af2,topo_minimal,1.0,True
21062_c4ed6d45,topo_minimal,6,23435_e1c96b4d,topo_moderate,1.0,False
21062_c4ed6d45,topo_minimal,7,23006_92c5b990,topo_moderate,1.0,False
21062_c4ed6d45,topo_minimal,8,20259_de1ab632,topo_minimal,1.0,True
21062_c4ed6d45,topo_minimal,9,22053_de30641b,topo_minimal,1.0,True
21062_c4ed6d45,topo_minimal,10,20467_f1fcc009,topo_isolated,1.0,False
21816_3891a442,topo_complex,1,21989_a0b5037d,topo_connected,1.0,False
21816_3891a442,topo_complex,2,22046_fe3bae6e,topo_complex,1.0,True
21816_3891a442,topo_complex,3,22066_308cdcfe,topo_connected,1.0,False
21816_3891a442,topo_complex,4,23409_e27e3b8b,topo_isolated,1.0,False
21816_3891a442,topo_complex,5,20229_d1ae2ae3,topo_connected,1.0,False
21816_3891a442,topo_complex,6,20755_4b5e61bf,topo_connected,1.0,False
21816_3891a442,topo_complex,7,20899_a8d7c6d5,topo_complex,1.0,True
21816_3891a442,topo_complex,8,21529_93e51dd9,topo_connected,1.0,False
21816_3891a442,topo_complex,9,22059_b7d76712,topo_connected,1.0,False
21816_3891a442,topo_complex,10,20858_15bdad00,topo_complex,1.0,True
21912_3f74887c,topo_connected,1,21989_a0b5037d,topo_connected,1.0,True
21912_3f74887c,topo_connected,2,22046_fe3bae6e,topo_complex,1.0,False
21912_3f74887c,topo_connected,3,22066_308cdcfe,topo_connected,1.0,True
21912_3f74887c,topo_connected,4,23409_e27e3b8b,topo_isolated,1.0,False
21912_3f74887c,topo_connected,5,20229_d1ae2ae3,topo_connected,1.0,True
21912_3f74887c,topo_connected,6,20755_4b5e61bf,topo_connected,1.0,True
21912_3f74887c,topo_connected,7,20899_a8d7c6d5,topo_complex,1.0,False
21912_3f74887c,topo_connected,8,21529_93e51dd9,topo_connected,1.0,True
21912_3f74887c,topo_connected,9,22059_b7d76712,topo_connected,1.0,True
21912_3f74887c,topo_connected,10,20858_15bdad00,topo_complex,1.0,False
22577_cd96733e,topo_moderate,1,21989_a0b5037d,topo_connected,1.0,False
22577_cd96733e,topo_moderate,2,22046_fe3bae6e,topo_complex,1.0,False
22577_cd96733e,topo_moderate,3,22066_308cdcfe,topo_connected,1.0,False
22577_cd96733e,topo_moderate,4,23409_e27e3b8b,topo_isolated,1.0,False
22577_cd96733e,topo_moderate,5,20229_d1ae2ae3,topo_connected,1.0,False
22577_cd96733e,topo_moderate,6,20755_4b5e61bf,topo_connected,1.0,False
22577_cd96733e,topo_moderate,7,20899_a8d7c6d5,topo_complex,1.0,False
22577_cd96733e,topo_moderate,8,21529_93e51dd9,topo_connected,1.0,False
22577_cd96733e,topo_moderate,9,22059_b7d76712,topo_connected,1.0,False
22577_cd96733e,topo_moderate,10,20858_15bdad00,topo_complex,1.0,False
21590_7d092186,topo_complex,1,21989_a0b5037d,topo_connected,1.0,False
21590_7d092186,topo_complex,2,22046_fe3bae6e,topo_complex,1.0,True
21590_7d092186,topo_complex,3,22066_308cdcfe,topo_connected,1.0,False
21590_7d092186,topo_complex,4,23409_e27e3b8b,topo_isolated,1.0,False
21590_7d092186,topo_complex,5,20229_d1ae2ae3,topo_connected,1.0,False
21590_7d092186,topo_complex,6,20755_4b5e61bf,topo_connected,1.0,False
21590_7d092186,topo_complex,7,20899_a8d7c6d5,topo_complex,1.0,True
21590_7d092186,topo_complex,8,21529_93e51dd9,topo_connected,1.0,False
21590_7d092186,topo_complex,9,22059_b7d76712,topo_connected,1.0,False
21590_7d092186,topo_complex,10,20858_15bdad00,topo_complex,1.0,True
21647_6b6cca6f,topo_complex,1,22421_19401bdd,topo_complex,1.0,True
21647_6b6cca6f,topo_complex,2,22278_12f1fb79,topo_minimal,1.0,False
21647_6b6cca6f,topo_complex,3,23155_d7305c5f,topo_complex,1.0,True
21647_6b6cca6f,topo_complex,4,23217_7c6062e3,topo_connected,1.0,False
21647_6b6cca6f,topo_complex,5,21134_7aa7cd89,topo_complex,1.0,True
21647_6b6cca6f,topo_complex,6,22419_dfeb5d33,topo_complex,1.0,True
21647_6b6cca6f,topo_complex,7,21839_a8eb6d34,topo_isolated,1.0,False
21647_6b6cca6f,topo_complex,8,23258_87a2ba81,topo_complex,1.0,True
21647_6b6cca6f,topo_complex,9,21697_06656699,topo_connected,1.0,False
21647_6b6cca6f,topo_complex,10,21316_69ed56f5,topo_complex,1.0,True
20342_c140780b,topo_isolated,1,20801_0796e2ee,topo_isolated,1.0,True
20342_c140780b,topo_isolated,2,22058_71feafda,topo_isolated,1.0,True
20342_c140780b,topo_isolated,3,20672_0bc07cce,topo_minimal,1.0,False
20342_c140780b,topo_isolated,4,21616_c6c3347a,topo_isolated,1.0,True
20342_c140780b,topo_isolated,5,23439_18900af2,topo_minimal,1.0,False
20342_c140780b,topo_isolated,6,23435_e1c96b4d,topo_moderate,1.0,False
20342_c140780b,topo_isolated,7,23006_92c5b990,topo_moderate,1.0,False
20342_c140780b,topo_isolated,8,20259_de1ab632,topo_minimal,1.0,False
20342_c140780b,topo_isolated,9,22053_de30641b,topo_minimal,1.0,False
20342_c140780b,topo_isolated,10,20467_f1fcc009,topo_isolated,1.0,True
21982_bdafa78d,topo_isolated,1,23468_a0bfb573,topo_complex,1.0,False
21982_bdafa78d,topo_isolated,2,22259_613f9d44,topo_moderate,1.0,False
21982_bdafa78d,topo_isolated,3,22399_97987ada,topo_isolated,1.0,True
21982_bdafa78d,topo_isolated,4,22049_4da0d894,topo_connected,1.0,False
21982_bdafa78d,topo_isolated,5,23259_d655fcc1,topo_moderate,1.0,False
21982_bdafa78d,topo_isolated,6,23170_6ea8ded5,topo_moderate,1.0,False
21982_bdafa78d,topo_isolated,7,23127_38d73061,topo_complex,1.0,False
21982_bdafa78d,topo_isolated,8,22659_0e686e14,topo_moderate,1.0,False
21982_bdafa78d,topo_isolated,9,21497_9833a679,topo_moderate,1.0,False
21982_bdafa78d,topo_isolated,10,22155_ab18f2b6,topo_isolated,1.0,True
20232_e5b060d9,topo_connected,1,20801_0796e2ee,topo_isolated,1.0,False
20232_e5b060d9,topo_connected,2,22058_71feafda,topo_isolated,1.0,False
20232_e5b060d9,topo_connected,3,20672_0bc07cce,topo_minimal,1.0,False
20232_e5b060d9,topo_connected,4,21616_c6c3347a,topo_isolated,1.0,False
20232_e5b060d9,topo_connected,5,23439_18900af2,topo_minimal,1.0,False
20232_e5b060d9,topo_connected,6,23435_e1c96b4d,topo_moderate,1.0,False
20232_e5b060d9,topo_connected,7,23006_92c5b990,topo_moderate,1.0,False
20232_e5b060d9,topo_connected,8,20259_de1ab632,topo_minimal,1.0,False
20232_e5b060d9,topo_connected,9,22053_de30641b,topo_minimal,1.0,False
20232_e5b060d9,topo_connected,10,20467_f1fcc009,topo_isolated,1.0,False
22852_dc1dbed6,topo_moderate,1,21989_a0b5037d,topo_connected,1.0,False
22852_dc1dbed6,topo_moderate,2,22046_fe3bae6e,topo_complex,1.0,False
22852_dc1dbed6,topo_moderate,3,22066_308cdcfe,topo_connected,1.0,False
22852_dc1dbed6,topo_moderate,4,23409_e27e3b8b,topo_isolated,1.0,False
22852_dc1dbed6,topo_moderate,5,20229_d1ae2ae3,topo_connected,1.0,False
22852_dc1dbed6,topo_moderate,6,20755_4b5e61bf,topo_connected,1.0,False
22852_dc1dbed6,topo_moderate,7,20899_a8d7c6d5,topo_complex,1.0,False
22852_dc1dbed6,topo_moderate,8,21529_93e51dd9,topo_connected,1.0,False
22852_dc1dbed6,topo_moderate,9,22059_b7d76712,topo_connected,1.0,False
22852_dc1dbed6,topo_moderate,10,20858_15bdad00,topo_complex,1.0,False
22666_bdaa1303,topo_complex,1,21989_a0b5037d,topo_connected,1.0,False
22666_bdaa1303,topo_complex,2,22046_fe3bae6e,topo_complex,1.0,True
22666_bdaa1303,topo_complex,3,22066_308cdcfe,topo_connected,1.0,False
22666_bdaa1303,topo_complex,4,23409_e27e3b8b,topo_isolated,1.0,False
22666_bdaa1303,topo_complex,5,20229_d1ae2ae3,topo_connected,1.0,False
22666_bdaa1303,topo_complex,6,20755_4b5e61bf,topo_connected,1.0,False
22666_bdaa1303,topo_complex,7,20899_a8d7c6d5,topo_complex,1.0,True
22666_bdaa1303,topo_complex,8,21529_93e51dd9,topo_connected,1.0,False
22666_bdaa1303,topo_complex,9,22059_b7d76712,topo_connected,1.0,False
22666_bdaa1303,topo_complex,10,20858_15bdad00,topo_complex,1.0,True
21977_ce9f4e71,topo_moderate,1,22421_19401bdd,topo_complex,1.0,False
21977_ce9f4e71,topo_moderate,2,22278_12f1fb79,topo_minimal,1.0,False
21977_ce9f4e71,topo_moderate,3,23155_d7305c5f,topo_complex,1.0,False
21977_ce9f4e71,topo_moderate,4,23217_7c6062e3,topo_connected,1.0,False
21977_ce9f4e71,topo_moderate,5,21134_7aa7cd89,topo_complex,1.0,False
21977_ce9f4e71,topo_moderate,6,22419_dfeb5d33,topo_complex,1.0,False
21977_ce9f4e71,topo_moderate,7,21839_a8eb6d34,topo_isolated,1.0,False
21977_ce9f4e71,topo_moderate,8,23258_87a2ba81,topo_complex,1.0,False
21977_ce9f4e71,topo_moderate,9,21697_06656699,topo_connected,1.0,False
21977_ce9f4e71,topo_moderate,10,21316_69ed56f5,topo_complex,1.0,False
22404_66db7dd7,topo_connected,1,21700_28d193ac,topo_complex,1.0,False
22404_66db7dd7,topo_connected,2,20500_e88d8065,topo_connected,1.0,True
22404_66db7dd7,topo_connected,3,20246_40be7668,topo_moderate,1.0,False
22404_66db7dd7,topo_connected,4,19566_19d85d3b,topo_complex,1.0,False
22404_66db7dd7,topo_connected,5,21024_9be3d461,topo_moderate,1.0,False
22404_66db7dd7,topo_connected,6,21352_d60bc953,topo_minimal,1.0,False
22404_66db7dd7,topo_connected,7,22442_7d5c5d5f,topo_moderate,1.0,False
22404_66db7dd7,topo_connected,8,21093_1bda9bbe,topo_isolated,1.0,False
22404_66db7dd7,topo_connected,9,20544_43691724,topo_complex,1.0,False
22404_66db7dd7,topo_connected,10,22491_a33562ad,topo_complex,1.0,False
22374_aa5bb54d,topo_isolated,1,20801_0796e2ee,topo_isolated,1.0,True
22374_aa5bb54d,topo_isolated,2,22058_71feafda,topo_isolated,1.0,True
22374_aa5bb54d,topo_isolated,3,20672_0bc07cce,topo_minimal,1.0,False
22374_aa5bb54d,topo_isolated,4,21616_c6c3347a,topo_isolated,1.0,True
22374_aa5bb54d,topo_isolated,5,23439_18900af2,topo_minimal,1.0,False
22374_aa5bb54d,topo_isolated,6,23435_e1c96b4d,topo_moderate,1.0,False
22374_aa5bb54d,topo_isolated,7,23006_92c5b990,topo_moderate,1.0,False
22374_aa5bb54d,topo_isolated,8,20259_de1ab632,topo_minimal,1.0,False
22374_aa5bb54d,topo_isolated,9,22053_de30641b,topo_minimal,1.0,False
22374_aa5bb54d,topo_isolated,10,20467_f1fcc009,topo_isolated,1.0,True
22907_ff18dbd5,topo_moderate,1,20801_0796e2ee,topo_isolated,1.0,False
22907_ff18dbd5,topo_moderate,2,22058_71feafda,topo_isolated,1.0,False
22907_ff18dbd5,topo_moderate,3,20672_0bc07cce,topo_minimal,1.0,False
22907_ff18dbd5,topo_moderate,4,21616_c6c3347a,topo_isolated,1.0,False
22907_ff18dbd5,topo_moderate,5,23439_18900af2,topo_minimal,1.0,False
22907_ff18dbd5,topo_moderate,6,23435_e1c96b4d,topo_moderate,1.0,True
22907_ff18dbd5,topo_moderate,7,23006_92c5b990,topo_moderate,1.0,True
22907_ff18dbd5,topo_moderate,8,20259_de1ab632,topo_minimal,1.0,False
22907_ff18dbd5,topo_moderate,9,22053_de30641b,topo_minimal,1.0,False
22907_ff18dbd5,topo_moderate,10,20467_f1fcc009,topo_isolated,1.0,False
20801_0796e2ee,topo_isolated,1,22907_ff18dbd5,topo_moderate,1.0,False
20801_0796e2ee,topo_isolated,2,22058_71feafda,topo_isolated,1.0,True
20801_0796e2ee,topo_isolated,3,20672_0bc07cce,topo_minimal,1.0,False
20801_0796e2ee,topo_isolated,4,21616_c6c3347a,topo_isolated,1.0,True
20801_0796e2ee,topo_isolated,5,23439_18900af2,topo_minimal,1.0,False
20801_0796e2ee,topo_isolated,6,23435_e1c96b4d,topo_moderate,1.0,False
20801_0796e2ee,topo_isolated,7,23006_92c5b990,topo_moderate,1.0,False
20801_0796e2ee,topo_isolated,8,20259_de1ab632,topo_minimal,1.0,False
20801_0796e2ee,topo_isolated,9,22053_de30641b,topo_minimal,1.0,False
20801_0796e2ee,topo_isolated,10,20467_f1fcc009,topo_isolated,1.0,True
22045_ead71aca,topo_moderate,1,21989_a0b5037d,topo_connected,1.0,False
22045_ead71aca,topo_moderate,2,22046_fe3bae6e,topo_complex,1.0,False
22045_ead71aca,topo_moderate,3,22066_308cdcfe,topo_connected,1.0,False
22045_ead71aca,topo_moderate,4,23409_e27e3b8b,topo_isolated,1.0,False
22045_ead71aca,topo_moderate,5,20229_d1ae2ae3,topo_connected,1.0,False
22045_ead71aca,topo_moderate,6,20755_4b5e61bf,topo_connected,1.0,False
22045_ead71aca,topo_moderate,7,20899_a8d7c6d5,topo_complex,1.0,False
22045_ead71aca,topo_moderate,8,21529_93e51dd9,topo_connected,1.0,False
22045_ead71aca,topo_moderate,9,22059_b7d76712,topo_connected,1.0,False
22045_ead71aca,topo_moderate,10,20858_15bdad00,topo_complex,1.0,False
23339_87a4d11f,topo_isolated,1,22907_ff18dbd5,topo_moderate,1.0,False
23339_87a4d11f,topo_isolated,2,22058_71feafda,topo_isolated,1.0,True
23339_87a4d11f,topo_isolated,3,20672_0bc07cce,topo_minimal,1.0,False
23339_87a4d11f,topo_isolated,4,21616_c6c3347a,topo_isolated,1.0,True
23339_87a4d11f,topo_isolated,5,23439_18900af2,topo_minimal,1.0,False
23339_87a4d11f,topo_isolated,6,23435_e1c96b4d,topo_moderate,1.0,False
23339_87a4d11f,topo_isolated,7,23006_92c5b990,topo_moderate,1.0,False
23339_87a4d11f,topo_isolated,8,20259_de1ab632,topo_minimal,1.0,False
23339_87a4d11f,topo_isolated,9,22053_de30641b,topo_minimal,1.0,False
23339_87a4d11f,topo_isolated,10,20467_f1fcc009,topo_isolated,1.0,True
22095_af226cbc,topo_complex,1,23468_a0bfb573,topo_complex,1.0,True
22095_af226cbc,topo_complex,2,22259_613f9d44,topo_moderate,1.0,False
22095_af226cbc,topo_complex,3,22399_97987ada,topo_isolated,1.0,False
22095_af226cbc,topo_complex,4,22049_4da0d894,topo_connected,1.0,False
22095_af226cbc,topo_complex,5,23259_d655fcc1,topo_moderate,1.0,False
22095_af226cbc,topo_complex,6,23170_6ea8ded5,topo_moderate,1.0,False
22095_af226cbc,topo_complex,7,23127_38d73061,topo_complex,1.0,True
22095_af226cbc,topo_complex,8,22659_0e686e14,topo_moderate,1.0,False
22095_af226cbc,topo_complex,9,21497_9833a679,topo_moderate,1.0,False
22095_af226cbc,topo_complex,10,22155_ab18f2b6,topo_isolated,1.0,False
23442_28996649,topo_isolated,1,22907_ff18dbd5,topo_moderate,1.0,False
23442_28996649,topo_isolated,2,22058_71feafda,topo_isolated,1.0,True
23442_28996649,topo_isolated,3,20672_0bc07cce,topo_minimal,1.0,False
23442_28996649,topo_isolated,4,21616_c6c3347a,topo_isolated,1.0,True
23442_28996649,topo_isolated,5,23439_18900af2,topo_minimal,1.0,False
23442_28996649,topo_isolated,6,23435_e1c96b4d,topo_moderate,1.0,False
23442_28996649,topo_isolated,7,23006_92c5b990,topo_moderate,1.0,False
23442_28996649,topo_isolated,8,20259_de1ab632,topo_minimal,1.0,False
23442_28996649,topo_isolated,9,22053_de30641b,topo_minimal,1.0,False
23442_28996649,topo_isolated,10,20467_f1fcc009,topo_isolated,1.0,True
23028_2ca87745,topo_connected,1,21989_a0b5037d,topo_connected,1.0,True
23028_2ca87745,topo_connected,2,22046_fe3bae6e,topo_complex,1.0,False
23028_2ca87745,topo_connected,3,22066_308cdcfe,topo_connected,1.0,True
23028_2ca87745,topo_connected,4,23409_e27e3b8b,topo_isolated,1.0,False
23028_2ca87745,topo_connected,5,20229_d1ae2ae3,topo_connected,1.0,True
23028_2ca87745,topo_connected,6,20755_4b5e61bf,topo_connected,1.0,True
23028_2ca87745,topo_connected,7,20899_a8d7c6d5,topo_complex,1.0,False
23028_2ca87745,topo_connected,8,21529_93e51dd9,topo_connected,1.0,True
23028_2ca87745,topo_connected,9,22059_b7d76712,topo_connected,1.0,True
23028_2ca87745,topo_connected,10,20858_15bdad00,topo_complex,1.0,False
21573_31a18ad0,topo_moderate,1,22907_ff18dbd5,topo_moderate,1.0,True
21573_31a18ad0,topo_moderate,2,22058_71feafda,topo_isolated,1.0,False
21573_31a18ad0,topo_moderate,3,20672_0bc07cce,topo_minimal,1.0,False
21573_31a18ad0,topo_moderate,4,21616_c6c3347a,topo_isolated,1.0,False
21573_31a18ad0,topo_moderate,5,23439_18900af2,topo_minimal,1.0,False
21573_31a18ad0,topo_moderate,6,23435_e1c96b4d,topo_moderate,1.0,True
21573_31a18ad0,topo_moderate,7,23006_92c5b990,topo_moderate,1.0,True
21573_31a18ad0,topo_moderate,8,20259_de1ab632,topo_minimal,1.0,False
21573_31a18ad0,topo_moderate,9,22053_de30641b,topo_minimal,1.0,False
21573_31a18ad0,topo_moderate,10,20467_f1fcc009,topo_isolated,1.0,False
20592_573e41b2,topo_isolated,1,21989_a0b5037d,topo_connected,1.0,False
20592_573e41b2,topo_isolated,2,22046_fe3bae6e,topo_complex,1.0,False
20592_573e41b2,topo_isolated,3,22066_308cdcfe,topo_connected,1.0,False
20592_573e41b2,topo_isolated,4,23409_e27e3b8b,topo_isolated,1.0,True
20592_573e41b2,topo_isolated,5,20229_d1ae2ae3,topo_connected,1.0,False
20592_573e41b2,topo_isolated,6,20755_4b5e61bf,topo_connected,1.0,False
20592_573e41b2,topo_isolated,7,20899_a8d7c6d5,topo_complex,1.0,False
20592_573e41b2,topo_isolated,8,21529_93e51dd9,topo_connected,1.0,False
20592_573e41b2,topo_isolated,9,22059_b7d76712,topo_connected,1.0,False
20592_573e41b2,topo_isolated,10,20858_15bdad00,topo_complex,1.0,False
22899_5b97e4f5,topo_minimal,1,22907_ff18dbd5,topo_moderate,1.0,False
22899_5b97e4f5,topo_minimal,2,22058_71feafda,topo_isolated,1.0,False
22899_5b97e4f5,topo_minimal,3,20672_0bc07cce,topo_minimal,1.0,True
22899_5b97e4f5,topo_minimal,4,21616_c6c3347a,topo_isolated,1.0,False
22899_5b97e4f5,topo_minimal,5,23439_18900af2,topo_minimal,1.0,True
22899_5b97e4f5,topo_minimal,6,23435_e1c96b4d,topo_moderate,1.0,False
22899_5b97e4f5,topo_minimal,7,23006_92c5b990,topo_moderate,1.0,False
22899_5b97e4f5,topo_minimal,8,20259_de1ab632,topo_minimal,1.0,True
22899_5b97e4f5,topo_minimal,9,22053_de30641b,topo_minimal,1.0,True
22899_5b97e4f5,topo_minimal,10,20467_f1fcc009,topo_isolated,1.0,False
22062_2d6b3b72,topo_minimal,1,20157_db99ab88,topo_moderate,1.0,False
22062_2d6b3b72,topo_minimal,2,23152_6f2706c9,topo_moderate,1.0,False
22062_2d6b3b72,topo_minimal,3,23238_3c864758,topo_moderate,1.0,False
22062_2d6b3b72,topo_minimal,4,21600_0027c6fc,topo_moderate,1.0,False
22062_2d6b3b72,topo_minimal,5,22681_124bf3a9,topo_moderate,1.0,False
22062_2d6b3b72,topo_minimal,6,23034_b38134ee,topo_connected,1.0,False
22062_2d6b3b72,topo_minimal,7,20504_c9e14c9d,topo_connected,1.0,False
22062_2d6b3b72,topo_minimal,8,22061_b50b6b66,topo_isolated,1.0,False
22062_2d6b3b72,topo_minimal,9,21715_53df62c9,topo_minimal,1.0,True
22062_2d6b3b72,topo_minimal,10,21884_cc2c39f9,topo_moderate,1.0,False
22040_6461a147,topo_connected,1,21989_a0b5037d,topo_connected,1.0,True
22040_6461a147,topo_connected,2,22046_fe3bae6e,topo_complex,1.0,False
22040_6461a147,topo_connected,3,22066_308cdcfe,topo_connected,1.0,True
22040_6461a147,topo_connected,4,23409_e27e3b8b,topo_isolated,1.0,False
22040_6461a147,topo_connected,5,20229_d1ae2ae3,topo_connected,1.0,True
22040_6461a147,topo_connected,6,20755_4b5e61bf,topo_connected,1.0,True
22040_6461a147,topo_connected,7,20899_a8d7c6d5,topo_complex,1.0,False
22040_6461a147,topo_connected,8,21529_93e51dd9,topo_connected,1.0,True
22040_6461a147,topo_connected,9,22059_b7d76712,topo_connected,1.0,True
22040_6461a147,topo_connected,10,20858_15bdad00,topo_complex,1.0,False
20293_a1999339,topo_complex,1,21700_28d193ac,topo_complex,1.0,True
20293_a1999339,topo_complex,2,20500_e88d8065,topo_connected,1.0,False
20293_a1999339,topo_complex,3,20246_40be7668,topo_moderate,1.0,False
20293_a1999339,topo_complex,4,19566_19d85d3b,topo_complex,1.0,True
20293_a1999339,topo_complex,5,21024_9be3d461,topo_moderate,1.0,False
20293_a1999339,topo_complex,6,21352_d60bc953,topo_minimal,1.0,False
20293_a1999339,topo_complex,7,22442_7d5c5d5f,topo_moderate,1.0,False
20293_a1999339,topo_complex,8,21093_1bda9bbe,topo_isolated,1.0,False
20293_a1999339,topo_complex,9,20544_43691724,topo_complex,1.0,True
20293_a1999339,topo_complex,10,22491_a33562ad,topo_complex,1.0,True
22910_97f0cc18,topo_complex,1,21700_28d193ac,topo_complex,1.0,True
22910_97f0cc18,topo_complex,2,20500_e88d8065,topo_connected,1.0,False
22910_97f0cc18,topo_complex,3,20246_40be7668,topo_moderate,1.0,False
22910_97f0cc18,topo_complex,4,19566_19d85d3b,topo_complex,1.0,True
22910_97f0cc18,topo_complex,5,21024_9be3d461,topo_moderate,1.0,False
22910_97f0cc18,topo_complex,6,21352_d60bc953,topo_minimal,1.0,False
22910_97f0cc18,topo_complex,7,22442_7d5c5d5f,topo_moderate,1.0,False
22910_97f0cc18,topo_complex,8,21093_1bda9bbe,topo_isolated,1.0,False
22910_97f0cc18,topo_complex,9,20544_43691724,topo_complex,1.0,True
22910_97f0cc18,topo_complex,10,22491_a33562ad,topo_complex,1.0,True
20934_fe7fbd78,topo_isolated,1,22907_ff18dbd5,topo_moderate,1.0,False
20934_fe7fbd78,topo_isolated,2,22058_71feafda,topo_isolated,1.0,True
20934_fe7fbd78,topo_isolated,3,20672_0bc07cce,topo_minimal,1.0,False
20934_fe7fbd78,topo_isolated,4,21616_c6c3347a,topo_isolated,1.0,True
20934_fe7fbd78,topo_isolated,5,23439_18900af2,topo_minimal,1.0,False
20934_fe7fbd78,topo_isolated,6,23435_e1c96b4d,topo_moderate,1.0,False
20934_fe7fbd78,topo_isolated,7,23006_92c5b990,topo_moderate,1.0,False
20934_fe7fbd78,topo_isolated,8,20259_de1ab632,topo_minimal,1.0,False
20934_fe7fbd78,topo_isolated,9,22053_de30641b,topo_minimal,1.0,False
20934_fe7fbd78,topo_isolated,10,20467_f1fcc009,topo_isolated,1.0,True
23379_636204a6,topo_connected,1,21989_a0b5037d,topo_connected,1.0,True
23379_636204a6,topo_connected,2,22046_fe3bae6e,topo_complex,1.0,False
23379_636204a6,topo_connected,3,22066_308cdcfe,topo_connected,1.0,True
23379_636204a6,topo_connected,4,23409_e27e3b8b,topo_isolated,1.0,False
23379_636204a6,topo_connected,5,20229_d1ae2ae3,topo_connected,1.0,True
23379_636204a6,topo_connected,6,20755_4b5e61bf,topo_connected,1.0,True
23379_636204a6,topo_connected,7,20899_a8d7c6d5,topo_complex,1.0,False
23379_636204a6,topo_connected,8,21529_93e51dd9,topo_connected,1.0,True
23379_636204a6,topo_connected,9,22059_b7d76712,topo_connected,1.0,True
23379_636204a6,topo_connected,10,20858_15bdad00,topo_complex,1.0,False
20803_473c87ac,topo_isolated,1,22907_ff18dbd5,topo_moderate,1.0,False
20803_473c87ac,topo_isolated,2,22058_71feafda,topo_isolated,1.0,True
20803_473c87ac,topo_isolated,3,20672_0bc07cce,topo_minimal,1.0,False
20803_473c87ac,topo_isolated,4,21616_c6c3347a,topo_isolated,1.0,True
20803_473c87ac,topo_isolated,5,23439_18900af2,topo_minimal,1.0,False
20803_473c87ac,topo_isolated,6,23435_e1c96b4d,topo_moderate,1.0,False
20803_473c87ac,topo_isolated,7,23006_92c5b990,topo_moderate,1.0,False
20803_473c87ac,topo_isolated,8,20259_de1ab632,topo_minimal,1.0,False
20803_473c87ac,topo_isolated,9,22053_de30641b,topo_minimal,1.0,False
20803_473c87ac,topo_isolated,10,20467_f1fcc009,topo_isolated,1.0,True
22323_aa6edb8b,topo_complex,1,21989_a0b5037d,topo_connected,1.0,False
22323_aa6edb8b,topo_complex,2,22046_fe3bae6e,topo_complex,1.0,True
22323_aa6edb8b,topo_complex,3,22066_308cdcfe,topo_connected,1.0,False
22323_aa6edb8b,topo_complex,4,23409_e27e3b8b,topo_isolated,1.0,False
22323_aa6edb8b,topo_complex,5,20229_d1ae2ae3,topo_connected,1.0,False
22323_aa6edb8b,topo_complex,6,20755_4b5e61bf,topo_connected,1.0,False
22323_aa6edb8b,topo_complex,7,20899_a8d7c6d5,topo_complex,1.0,True
22323_aa6edb8b,topo_complex,8,21529_93e51dd9,topo_connected,1.0,False
22323_aa6edb8b,topo_complex,9,22059_b7d76712,topo_connected,1.0,False
22323_aa6edb8b,topo_complex,10,20858_15bdad00,topo_complex,1.0,True
22242_4ceddc2b,topo_complex,1,23161_e7f63a9f,topo_isolated,1.0,False
22242_4ceddc2b,topo_complex,2,23156_7788f78a,topo_complex,1.0,True
22242_4ceddc2b,topo_complex,3,20592_573e41b2,topo_isolated,0.75,False
22242_4ceddc2b,topo_complex,4,22980_3cb3bcc8,topo_complex,0.75,True
22242_4ceddc2b,topo_complex,5,20293_a1999339,topo_complex,0.75,True
22242_4ceddc2b,topo_complex,6,22040_6461a147,topo_connected,0.75,False
22242_4ceddc2b,topo_complex,7,20797_78b83489,topo_minimal,0.75,False
22242_4ceddc2b,topo_complex,8,23376_9b48819a,topo_minimal,0.75,False
22242_4ceddc2b,topo_complex,9,22534_e899f645,topo_complex,0.75,True
22242_4ceddc2b,topo_complex,10,22079_31335df2,topo_connected,0.75,False
23271_f833d903,topo_connected,1,21700_28d193ac,topo_complex,1.0,False
23271_f833d903,topo_connected,2,20500_e88d8065,topo_connected,1.0,True
23271_f833d903,topo_connected,3,20246_40be7668,topo_moderate,1.0,False
23271_f833d903,topo_connected,4,19566_19d85d3b,topo_complex,1.0,False
23271_f833d903,topo_connected,5,21024_9be3d461,topo_moderate,1.0,False
23271_f833d903,topo_connected,6,21352_d60bc953,topo_minimal,1.0,False
23271_f833d903,topo_connected,7,22442_7d5c5d5f,topo_moderate,1.0,False
23271_f833d903,topo_connected,8,21093_1bda9bbe,topo_isolated,1.0,False
23271_f833d903,topo_connected,9,20544_43691724,topo_complex,1.0,False
23271_f833d903,topo_connected,10,22491_a33562ad,topo_complex,1.0,False
23121_cbdf3ebc,topo_moderate,1,21989_a0b5037d,topo_connected,1.0,False
23121_cbdf3ebc,topo_moderate,2,22046_fe3bae6e,topo_complex,1.0,False
23121_cbdf3ebc,topo_moderate,3,22066_308cdcfe,topo_connected,1.0,False
23121_cbdf3ebc,topo_moderate,4,23409_e27e3b8b,topo_isolated,1.0,False
23121_cbdf3ebc,topo_moderate,5,20229_d1ae2ae3,topo_connected,1.0,False
23121_cbdf3ebc,topo_moderate,6,20755_4b5e61bf,topo_connected,1.0,False
23121_cbdf3ebc,topo_moderate,7,20899_a8d7c6d5,topo_complex,1.0,False
23121_cbdf3ebc,topo_moderate,8,21529_93e51dd9,topo_connected,1.0,False
23121_cbdf3ebc,topo_moderate,9,22059_b7d76712,topo_connected,1.0,False
23121_cbdf3ebc,topo_moderate,10,20858_15bdad00,topo_complex,1.0,False
21519_3e869afd,topo_moderate,1,21700_28d193ac,topo_complex,1.0,False
21519_3e869afd,topo_moderate,2,20500_e88d8065,topo_connected,1.0,False
21519_3e869afd,topo_moderate,3,20246_40be7668,topo_moderate,1.0,True
21519_3e869afd,topo_moderate,4,19566_19d85d3b,topo_complex,1.0,False
21519_3e869afd,topo_moderate,5,21024_9be3d461,topo_moderate,1.0,True
21519_3e869afd,topo_moderate,6,21352_d60bc953,topo_minimal,1.0,False
21519_3e869afd,topo_moderate,7,22442_7d5c5d5f,topo_moderate,1.0,True
21519_3e869afd,topo_moderate,8,21093_1bda9bbe,topo_isolated,1.0,False
21519_3e869afd,topo_moderate,9,20544_43691724,topo_complex,1.0,False
21519_3e869afd,topo_moderate,10,22491_a33562ad,topo_complex,1.0,False
23008_3d1bb7b2,topo_minimal,1,21989_a0b5037d,topo_connected,1.0,False
23008_3d1bb7b2,topo_minimal,2,22046_fe3bae6e,topo_complex,1.0,False
23008_3d1bb7b2,topo_minimal,3,22066_308cdcfe,topo_connected,1.0,False
23008_3d1bb7b2,topo_minimal,4,23409_e27e3b8b,topo_isolated,1.0,False
23008_3d1bb7b2,topo_minimal,5,20229_d1ae2ae3,topo_connected,1.0,False
23008_3d1bb7b2,topo_minimal,6,20755_4b5e61bf,topo_connected,1.0,False
23008_3d1bb7b2,topo_minimal,7,20899_a8d7c6d5,topo_complex,1.0,False
23008_3d1bb7b2,topo_minimal,8,21529_93e51dd9,topo_connected,1.0,False
23008_3d1bb7b2,topo_minimal,9,22059_b7d76712,topo_connected,1.0,False
23008_3d1bb7b2,topo_minimal,10,20858_15bdad00,topo_complex,1.0,False
20500_e88d8065,topo_connected,1,21700_28d193ac,topo_complex,1.0,False
20500_e88d8065,topo_connected,2,21519_3e869afd,topo_moderate,1.0,False
20500_e88d8065,topo_connected,3,20246_40be7668,topo_moderate,1.0,False
20500_e88d8065,topo_connected,4,19566_19d85d3b,topo_complex,1.0,False
20500_e88d8065,topo_connected,5,21024_9be3d461,topo_moderate,1.0,False
20500_e88d8065,topo_connected,6,21352_d60bc953,topo_minimal,1.0,False
20500_e88d8065,topo_connected,7,22442_7d5c5d5f,topo_moderate,1.0,False
20500_e88d8065,topo_connected,8,21093_1bda9bbe,topo_isolated,1.0,False
20500_e88d8065,topo_connected,9,20544_43691724,topo_complex,1.0,False
20500_e88d8065,topo_connected,10,22491_a33562ad,topo_complex,1.0,False
22155_ab18f2b6,topo_isolated,1,23468_a0bfb573,topo_complex,1.0,False
22155_ab18f2b6,topo_isolated,2,22311_553b3456,topo_complex,1.0,False
22155_ab18f2b6,topo_isolated,3,22434_2ad62ed6,topo_minimal,1.0,False
22155_ab18f2b6,topo_isolated,4,22049_4da0d894,topo_connected,1.0,False
22155_ab18f2b6,topo_isolated,5,22399_97987ada,topo_isolated,1.0,True
22155_ab18f2b6,topo_isolated,6,23259_d655fcc1,topo_moderate,1.0,False
22155_ab18f2b6,topo_isolated,7,23127_38d73061,topo_complex,1.0,False
22155_ab18f2b6,topo_isolated,8,23170_6ea8ded5,topo_moderate,1.0,False
22155_ab18f2b6,topo_isolated,9,21497_9833a679,topo_moderate,1.0,False
22155_ab18f2b6,topo_isolated,10,22659_0e686e14,topo_moderate,1.0,False
20430_975b8dcf,topo_moderate,1,21700_28d193ac,topo_complex,1.0,False
20430_975b8dcf,topo_moderate,2,21519_3e869afd,topo_moderate,1.0,True
20430_975b8dcf,topo_moderate,3,20246_40be7668,topo_moderate,1.0,True
20430_975b8dcf,topo_moderate,4,19566_19d85d3b,topo_complex,1.0,False
20430_975b8dcf,topo_moderate,5,21024_9be3d461,topo_moderate,1.0,True
20430_975b8dcf,topo_moderate,6,21352_d60bc953,topo_minimal,1.0,False
20430_975b8dcf,topo_moderate,7,22442_7d5c5d5f,topo_moderate,1.0,True
20430_975b8dcf,topo_moderate,8,21093_1bda9bbe,topo_isolated,1.0,False
20430_975b8dcf,topo_moderate,9,20544_43691724,topo_complex,1.0,False
20430_975b8dcf,topo_moderate,10,22491_a33562ad,topo_complex,1.0,False
20647_cea2e07c,topo_moderate,1,22907_ff18dbd5,topo_moderate,1.0,True
20647_cea2e07c,topo_moderate,2,22058_71feafda,topo_isolated,1.0,False
20647_cea2e07c,topo_moderate,3,20672_0bc07cce,topo_minimal,1.0,False
20647_cea2e07c,topo_moderate,4,21616_c6c3347a,topo_isolated,1.0,False
20647_cea2e07c,topo_moderate,5,23439_18900af2,topo_minimal,1.0,False
20647_cea2e07c,topo_moderate,6,23435_e1c96b4d,topo_moderate,1.0,True
20647_cea2e07c,topo_moderate,7,23006_92c5b990,topo_moderate,1.0,True
20647_cea2e07c,topo_moderate,8,20259_de1ab632,topo_minimal,1.0,False
20647_cea2e07c,topo_moderate,9,22053_de30641b,topo_minimal,1.0,False
20647_cea2e07c,topo_moderate,10,20467_f1fcc009,topo_isolated,1.0,False
22894_5f7c276d,topo_complex,1,22421_19401bdd,topo_complex,1.0,True
22894_5f7c276d,topo_complex,2,22278_12f1fb79,topo_minimal,1.0,False
22894_5f7c276d,topo_complex,3,23155_d7305c5f,topo_complex,1.0,True
22894_5f7c276d,topo_complex,4,23217_7c6062e3,topo_connected,1.0,False
22894_5f7c276d,topo_complex,5,21134_7aa7cd89,topo_complex,1.0,True
22894_5f7c276d,topo_complex,6,22419_dfeb5d33,topo_complex,1.0,True
22894_5f7c276d,topo_complex,7,21839_a8eb6d34,topo_isolated,1.0,False
22894_5f7c276d,topo_complex,8,23258_87a2ba81,topo_complex,1.0,True
22894_5f7c276d,topo_complex,9,21697_06656699,topo_connected,1.0,False
22894_5f7c276d,topo_complex,10,21316_69ed56f5,topo_complex,1.0,True
23440_5956321f,topo_isolated,1,22907_ff18dbd5,topo_moderate,1.0,False
23440_5956321f,topo_isolated,2,22058_71feafda,topo_isolated,1.0,True
23440_5956321f,topo_isolated,3,20672_0bc07cce,topo_minimal,1.0,False
23440_5956321f,topo_isolated,4,21616_c6c3347a,topo_isolated,1.0,True
23440_5956321f,topo_isolated,5,23439_18900af2,topo_minimal,1.0,False
23440_5956321f,topo_isolated,6,23435_e1c96b4d,topo_moderate,1.0,False
23440_5956321f,topo_isolated,7,23006_92c5b990,topo_moderate,1.0,False
23440_5956321f,topo_isolated,8,20259_de1ab632,topo_minimal,1.0,False
23440_5956321f,topo_isolated,9,22053_de30641b,topo_minimal,1.0,False
23440_5956321f,topo_isolated,10,20467_f1fcc009,topo_isolated,1.0,True
22508_6bb410af,topo_minimal,1,21448_5646a1b6,topo_minimal,1.0,True
22508_6bb410af,topo_minimal,2,20807_88c198d5,topo_isolated,1.0,False
22508_6bb410af,topo_minimal,3,22136_a539c50b,topo_isolated,1.0,False
22508_6bb410af,topo_minimal,4,20758_cdccf572,topo_moderate,1.0,False
22508_6bb410af,topo_minimal,5,22283_36ba29c9,topo_minimal,1.0,True
22508_6bb410af,topo_minimal,6,21257_770fee9a,topo_isolated,1.0,False
22508_6bb410af,topo_minimal,7,22154_24342da4,topo_isolated,1.0,False
22508_6bb410af,topo_minimal,8,20731_fbdc7731,topo_moderate,1.0,False
22508_6bb410af,topo_minimal,9,21384_b9774b93,topo_moderate,1.0,False
22508_6bb410af,topo_minimal,10,23103_43bde2a6,topo_minimal,1.0,True
21549_18160a0a,topo_moderate,1,21989_a0b5037d,topo_connected,1.0,False
21549_18160a0a,topo_moderate,2,22046_fe3bae6e,topo_complex,1.0,False
21549_18160a0a,topo_moderate,3,22066_308cdcfe,topo_connected,1.0,False
21549_18160a0a,topo_moderate,4,23409_e27e3b8b,topo_isolated,1.0,False
21549_18160a0a,topo_moderate,5,20229_d1ae2ae3,topo_connected,1.0,False
21549_18160a0a,topo_moderate,6,20755_4b5e61bf,topo_connected,1.0,False
21549_18160a0a,topo_moderate,7,20899_a8d7c6d5,topo_complex,1.0,False
21549_18160a0a,topo_moderate,8,21529_93e51dd9,topo_connected,1.0,False
21549_18160a0a,topo_moderate,9,22059_b7d76712,topo_connected,1.0,False
21549_18160a0a,topo_moderate,10,20858_15bdad00,topo_complex,1.0,False
21941_1a683ec2,topo_complex,1,23156_7788f78a,topo_complex,0.75,True
21941_1a683ec2,topo_complex,2,22727_c514268a,topo_moderate,0.75,False
21941_1a683ec2,topo_complex,3,23161_e7f63a9f,topo_isolated,0.75,False
21941_1a683ec2,topo_complex,4,20176_a02bde39,topo_complex,0.75,True
21941_1a683ec2,topo_complex,5,20440_27177360,topo_complex,0.75,True
21941_1a683ec2,topo_complex,6,22242_4ceddc2b,topo_complex,0.75,True
21941_1a683ec2,topo_complex,7,21700_28d193ac,topo_complex,0.5,True
21941_1a683ec2,topo_complex,8,20260_4a01a99d,topo_minimal,0.5,False
21941_1a683ec2,topo_complex,9,23413_6702ec7f,topo_minimal,0.5,False
21941_1a683ec2,topo_complex,10,21093_1bda9bbe,topo_isolated,0.5,False
22761_ca309655,topo_complex,1,23468_a0bfb573,topo_complex,1.0,True
22761_ca309655,topo_complex,2,23102_211ad1db,topo_isolated,1.0,False
22761_ca309655,topo_complex,3,22049_4da0d894,topo_connected,1.0,False
22761_ca309655,topo_complex,4,22399_97987ada,topo_isolated,1.0,False
22761_ca309655,topo_complex,5,23259_d655fcc1,topo_moderate,1.0,False
22761_ca309655,topo_complex,6,23127_38d73061,topo_complex,1.0,True
22761_ca309655,topo_complex,7,23170_6ea8ded5,topo_moderate,1.0,False
22761_ca309655,topo_complex,8,21497_9833a679,topo_moderate,1.0,False
22761_ca309655,topo_complex,9,22659_0e686e14,topo_moderate,1.0,False
22761_ca309655,topo_complex,10,22216_4b032400,topo_minimal,1.0,False
23221_42f37ae3,topo_moderate,1,23468_a0bfb573,topo_complex,1.0,False
23221_42f37ae3,topo_moderate,2,23102_211ad1db,topo_isolated,1.0,False
23221_42f37ae3,topo_moderate,3,22049_4da0d894,topo_connected,1.0,False
23221_42f37ae3,topo_moderate,4,22399_97987ada,topo_isolated,1.0,False
23221_42f37ae3,topo_moderate,5,23259_d655fcc1,topo_moderate,1.0,True
23221_42f37ae3,topo_moderate,6,23127_38d73061,topo_complex,1.0,False
23221_42f37ae3,topo_moderate,7,23170_6ea8ded5,topo_moderate,1.0,True
23221_42f37ae3,topo_moderate,8,21497_9833a679,topo_moderate,1.0,True
23221_42f37ae3,topo_moderate,9,22659_0e686e14,topo_moderate,1.0,True
23221_42f37ae3,topo_moderate,10,22216_4b032400,topo_minimal,1.0,False
22360_42cd6a21,topo_moderate,1,22421_19401bdd,topo_complex,1.0,False
22360_42cd6a21,topo_moderate,2,22278_12f1fb79,topo_minimal,1.0,False
22360_42cd6a21,topo_moderate,3,23155_d7305c5f,topo_complex,1.0,False
22360_42cd6a21,topo_moderate,4,23217_7c6062e3,topo_connected,1.0,False
22360_42cd6a21,topo_moderate,5,21134_7aa7cd89,topo_complex,1.0,False
22360_42cd6a21,topo_moderate,6,22419_dfeb5d33,topo_complex,1.0,False
22360_42cd6a21,topo_moderate,7,21839_a8eb6d34,topo_isolated,1.0,False
22360_42cd6a21,topo_moderate,8,23258_87a2ba81,topo_complex,1.0,False
22360_42cd6a21,topo_moderate,9,21697_06656699,topo_connected,1.0,False
22360_42cd6a21,topo_moderate,10,21316_69ed56f5,topo_complex,1.0,False
21140_8d150c65,topo_minimal,1,22907_ff18dbd5,topo_moderate,1.0,False
21140_8d150c65,topo_minimal,2,22058_71feafda,topo_isolated,1.0,False
21140_8d150c65,topo_minimal,3,20672_0bc07cce,topo_minimal,1.0,True
21140_8d150c65,topo_minimal,4,21616_c6c3347a,topo_isolated,1.0,False
21140_8d150c65,topo_minimal,5,23439_18900af2,topo_minimal,1.0,True
21140_8d150c65,topo_minimal,6,23435_e1c96b4d,topo_moderate,1.0,False
21140_8d150c65,topo_minimal,7,23006_92c5b990,topo_moderate,1.0,False
21140_8d150c65,topo_minimal,8,20259_de1ab632,topo_minimal,1.0,True
21140_8d150c65,topo_minimal,9,22053_de30641b,topo_minimal,1.0,True
21140_8d150c65,topo_minimal,10,20467_f1fcc009,topo_isolated,1.0,False
22232_cb53774e,topo_connected,1,20520_7e357152,topo_isolated,1.0,False
22232_cb53774e,topo_connected,2,20389_c835706f,topo_moderate,1.0,False
22232_cb53774e,topo_connected,3,21164_de08f61e,topo_connected,1.0,True
22232_cb53774e,topo_connected,4,20421_38b63ca5,topo_complex,1.0,False
22232_cb53774e,topo_connected,5,20421_49bd1188,topo_connected,1.0,True
22232_cb53774e,topo_connected,6,22266_078a1f68,topo_complex,1.0,False
22232_cb53774e,topo_connected,7,21528_a5d5490f,topo_connected,0.75,True
22232_cb53774e,topo_connected,8,21503_34f299ca,topo_connected,0.75,True
22232_cb53774e,topo_connected,9,20322_daa5c577,topo_moderate,0.75,False
22232_cb53774e,topo_connected,10,21531_79015e13,topo_minimal,0.75,False
23331_192866b6,topo_connected,1,21989_a0b5037d,topo_connected,1.0,True
23331_192866b6,topo_connected,2,23363_60e39812,topo_complex,1.0,False
23331_192866b6,topo_connected,3,23409_e27e3b8b,topo_isolated,1.0,False
23331_192866b6,topo_connected,4,20229_d1ae2ae3,topo_connected,1.0,True
23331_192866b6,topo_connected,5,20755_4b5e61bf,topo_connected,1.0,True
23331_192866b6,topo_connected,6,20899_a8d7c6d5,topo_complex,1.0,False
23331_192866b6,topo_connected,7,21529_93e51dd9,topo_connected,1.0,True
23331_192866b6,topo_connected,8,22059_b7d76712,topo_connected,1.0,True
23331_192866b6,topo_connected,9,20858_15bdad00,topo_complex,1.0,False
23331_192866b6,topo_connected,10,23434_6635ed57,topo_connected,1.0,True
23378_8d6426ae,topo_moderate,1,22421_19401bdd,topo_complex,1.0,False
23378_8d6426ae,topo_moderate,2,22278_12f1fb79,topo_minimal,1.0,False
23378_8d6426ae,topo_moderate,3,23155_d7305c5f,topo_complex,1.0,False
23378_8d6426ae,topo_moderate,4,23217_7c6062e3,topo_connected,1.0,False
23378_8d6426ae,topo_moderate,5,21134_7aa7cd89,topo_complex,1.0,False
23378_8d6426ae,topo_moderate,6,22419_dfeb5d33,topo_complex,1.0,False
23378_8d6426ae,topo_moderate,7,21839_a8eb6d34,topo_isolated,1.0,False
23378_8d6426ae,topo_moderate,8,23258_87a2ba81,topo_complex,1.0,False
23378_8d6426ae,topo_moderate,9,21697_06656699,topo_connected,1.0,False
23378_8d6426ae,topo_moderate,10,21316_69ed56f5,topo_complex,1.0,False
23505_161e8ec5,topo_connected,1,21989_a0b5037d,topo_connected,1.0,True
23505_161e8ec5,topo_connected,2,23363_60e39812,topo_complex,1.0,False
23505_161e8ec5,topo_connected,3,23409_e27e3b8b,topo_isolated,1.0,False
23505_161e8ec5,topo_connected,4,20229_d1ae2ae3,topo_connected,1.0,True
23505_161e8ec5,topo_connected,5,20755_4b5e61bf,topo_connected,1.0,True
23505_161e8ec5,topo_connected,6,20899_a8d7c6d5,topo_complex,1.0,False
23505_161e8ec5,topo_connected,7,21529_93e51dd9,topo_connected,1.0,True
23505_161e8ec5,topo_connected,8,22059_b7d76712,topo_connected,1.0,True
23505_161e8ec5,topo_connected,9,20858_15bdad00,topo_complex,1.0,False
23505_161e8ec5,topo_connected,10,23434_6635ed57,topo_connected,1.0,True
23239_ba13cf5e,topo_moderate,1,22907_ff18dbd5,topo_moderate,1.0,True
23239_ba13cf5e,topo_moderate,2,22058_71feafda,topo_isolated,1.0,False
23239_ba13cf5e,topo_moderate,3,20672_0bc07cce,topo_minimal,1.0,False
23239_ba13cf5e,topo_moderate,4,21616_c6c3347a,topo_isolated,1.0,False
23239_ba13cf5e,topo_moderate,5,23439_18900af2,topo_minimal,1.0,False
23239_ba13cf5e,topo_moderate,6,23435_e1c96b4d,topo_moderate,1.0,True
23239_ba13cf5e,topo_moderate,7,23006_92c5b990,topo_moderate,1.0,True
23239_ba13cf5e,topo_moderate,8,20259_de1ab632,topo_minimal,1.0,False
23239_ba13cf5e,topo_moderate,9,22053_de30641b,topo_minimal,1.0,False
23239_ba13cf5e,topo_moderate,10,20467_f1fcc009,topo_isolated,1.0,False
23251_3eb3d2e6,topo_minimal,1,21700_28d193ac,topo_complex,1.0,False
23251_3eb3d2e6,topo_minimal,2,21519_3e869afd,topo_moderate,1.0,False
23251_3eb3d2e6,topo_minimal,3,20246_40be7668,topo_moderate,1.0,False
23251_3eb3d2e6,topo_minimal,4,19566_19d85d3b,topo_complex,1.0,False
23251_3eb3d2e6,topo_minimal,5,21024_9be3d461,topo_moderate,1.0,False
23251_3eb3d2e6,topo_minimal,6,21352_d60bc953,topo_minimal,1.0,True
23251_3eb3d2e6,topo_minimal,7,22442_7d5c5d5f,topo_moderate,1.0,False
23251_3eb3d2e6,topo_minimal,8,21093_1bda9bbe,topo_isolated,1.0,False
23251_3eb3d2e6,topo_minimal,9,20544_43691724,topo_complex,1.0,False
23251_3eb3d2e6,topo_minimal,10,22491_a33562ad,topo_complex,1.0,False
21133_f9a1614e,topo_minimal,1,23468_a0bfb573,topo_complex,1.0,False
21133_f9a1614e,topo_minimal,2,21478_8fbd4409,topo_moderate,1.0,False
21133_f9a1614e,topo_minimal,3,23127_38d73061,topo_complex,1.0,False
21133_f9a1614e,topo_minimal,4,21497_9833a679,topo_moderate,1.0,False
21133_f9a1614e,topo_minimal,5,22216_4b032400,topo_minimal,1.0,True
21133_f9a1614e,topo_minimal,6,22141_5db99710,topo_moderate,1.0,False
21133_f9a1614e,topo_minimal,7,22259_613f9d44,topo_moderate,1.0,False
21133_f9a1614e,topo_minimal,8,22245_ca848576,topo_connected,1.0,False
21133_f9a1614e,topo_minimal,9,21840_6847d36c,topo_isolated,1.0,False
21133_f9a1614e,topo_minimal,10,21271_ec7f62b8,topo_connected,1.0,False
22081_ab3124af,topo_complex,1,21700_28d193ac,topo_complex,1.0,True
22081_ab3124af,topo_complex,2,21519_3e869afd,topo_moderate,1.0,False
22081_ab3124af,topo_complex,3,20246_40be7668,topo_moderate,1.0,False
22081_ab3124af,topo_complex,4,19566_19d85d3b,topo_complex,1.0,True
22081_ab3124af,topo_complex,5,21024_9be3d461,topo_moderate,1.0,False
22081_ab3124af,topo_complex,6,21352_d60bc953,topo_minimal,1.0,False
22081_ab3124af,topo_complex,7,22442_7d5c5d5f,topo_moderate,1.0,False
22081_ab3124af,topo_complex,8,21093_1bda9bbe,topo_isolated,1.0,False
22081_ab3124af,topo_complex,9,20544_43691724,topo_complex,1.0,True
22081_ab3124af,topo_complex,10,22491_a33562ad,topo_complex,1.0,True
21275_c8049742,topo_minimal,1,21989_a0b5037d,topo_connected,1.0,False
21275_c8049742,topo_minimal,2,23363_60e39812,topo_complex,1.0,False
21275_c8049742,topo_minimal,3,23409_e27e3b8b,topo_isolated,1.0,False
21275_c8049742,topo_minimal,4,20229_d1ae2ae3,topo_connected,1.0,False
21275_c8049742,topo_minimal,5,20755_4b5e61bf,topo_connected,1.0,False
21275_c8049742,topo_minimal,6,20899_a8d7c6d5,topo_complex,1.0,False
21275_c8049742,topo_minimal,7,21529_93e51dd9,topo_connected,1.0,False
21275_c8049742,topo_minimal,8,22059_b7d76712,topo_connected,1.0,False
21275_c8049742,topo_minimal,9,20858_15bdad00,topo_complex,1.0,False
21275_c8049742,topo_minimal,10,23434_6635ed57,topo_connected,1.0,False
21961_1a090a8b,topo_isolated,1,23468_a0bfb573,topo_complex,1.0,False
21961_1a090a8b,topo_isolated,2,21478_8fbd4409,topo_moderate,1.0,False
21961_1a090a8b,topo_isolated,3,23127_38d73061,topo_complex,1.0,False
21961_1a090a8b,topo_isolated,4,21497_9833a679,topo_moderate,1.0,False
21961_1a090a8b,topo_isolated,5,22216_4b032400,topo_minimal,1.0,False
21961_1a090a8b,topo_isolated,6,22141_5db99710,topo_moderate,1.0,False
21961_1a090a8b,topo_isolated,7,22259_613f9d44,topo_moderate,1.0,False
21961_1a090a8b,topo_isolated,8,22245_ca848576,topo_connected,1.0,False
21961_1a090a8b,topo_isolated,9,21840_6847d36c,topo_isolated,1.0,True
21961_1a090a8b,topo_isolated,10,21271_ec7f62b8,topo_connected,1.0,False
22056_79373464,topo_complex,1,21700_28d193ac,topo_complex,1.0,True
22056_79373464,topo_complex,2,21519_3e869afd,topo_moderate,1.0,False
22056_79373464,topo_complex,3,20246_40be7668,topo_moderate,1.0,False
22056_79373464,topo_complex,4,19566_19d85d3b,topo_complex,1.0,True
22056_79373464,topo_complex,5,21024_9be3d461,topo_moderate,1.0,False
22056_79373464,topo_complex,6,21352_d60bc953,topo_minimal,1.0,False
22056_79373464,topo_complex,7,22442_7d5c5d5f,topo_moderate,1.0,False
22056_79373464,topo_complex,8,21093_1bda9bbe,topo_isolated,1.0,False
22056_79373464,topo_complex,9,20544_43691724,topo_complex,1.0,True
22056_79373464,topo_complex,10,22491_a33562ad,topo_complex,1.0,True
22843_cb38a007,topo_moderate,1,22907_ff18dbd5,topo_moderate,1.0,True
22843_cb38a007,topo_moderate,2,22058_71feafda,topo_isolated,1.0,False
22843_cb38a007,topo_moderate,3,20672_0bc07cce,topo_minimal,1.0,False
22843_cb38a007,topo_moderate,4,21616_c6c3347a,topo_isolated,1.0,False
22843_cb38a007,topo_moderate,5,23439_18900af2,topo_minimal,1.0,False
22843_cb38a007,topo_moderate,6,23435_e1c96b4d,topo_moderate,1.0,True
22843_cb38a007,topo_moderate,7,23006_92c5b990,topo_moderate,1.0,True
22843_cb38a007,topo_moderate,8,20259_de1ab632,topo_minimal,1.0,False
22843_cb38a007,topo_moderate,9,22053_de30641b,topo_minimal,1.0,False
22843_cb38a007,topo_moderate,10,20467_f1fcc009,topo_isolated,1.0,False
21121_1e9e7540,topo_complex,1,22421_19401bdd,topo_complex,1.0,True
21121_1e9e7540,topo_complex,2,22278_12f1fb79,topo_minimal,1.0,False
21121_1e9e7540,topo_complex,3,23155_d7305c5f,topo_complex,1.0,True
21121_1e9e7540,topo_complex,4,23217_7c6062e3,topo_connected,1.0,False
21121_1e9e7540,topo_complex,5,21134_7aa7cd89,topo_complex,1.0,True
21121_1e9e7540,topo_complex,6,22419_dfeb5d33,topo_complex,1.0,True
21121_1e9e7540,topo_complex,7,21839_a8eb6d34,topo_isolated,1.0,False
21121_1e9e7540,topo_complex,8,23258_87a2ba81,topo_complex,1.0,True
21121_1e9e7540,topo_complex,9,21697_06656699,topo_connected,1.0,False
21121_1e9e7540,topo_complex,10,21316_69ed56f5,topo_complex,1.0,True
21182_a480d230,topo_connected,1,22421_19401bdd,topo_complex,1.0,False
21182_a480d230,topo_connected,2,22278_12f1fb79,topo_minimal,1.0,False
21182_a480d230,topo_connected,3,23155_d7305c5f,topo_complex,1.0,False
21182_a480d230,topo_connected,4,23217_7c6062e3,topo_connected,1.0,True
21182_a480d230,topo_connected,5,21134_7aa7cd89,topo_complex,1.0,False
21182_a480d230,topo_connected,6,22419_dfeb5d33,topo_complex,1.0,False
21182_a480d230,topo_connected,7,21839_a8eb6d34,topo_isolated,1.0,False
21182_a480d230,topo_connected,8,23258_87a2ba81,topo_complex,1.0,False
21182_a480d230,topo_connected,9,21697_06656699,topo_connected,1.0,True
21182_a480d230,topo_connected,10,21316_69ed56f5,topo_complex,1.0,False
22418_2722dfe8,topo_connected,1,21989_a0b5037d,topo_connected,1.0,True
22418_2722dfe8,topo_connected,2,23363_60e39812,topo_complex,1.0,False
22418_2722dfe8,topo_connected,3,23409_e27e3b8b,topo_isolated,1.0,False
22418_2722dfe8,topo_connected,4,20229_d1ae2ae3,topo_connected,1.0,True
22418_2722dfe8,topo_connected,5,20755_4b5e61bf,topo_connected,1.0,True
22418_2722dfe8,topo_connected,6,20899_a8d7c6d5,topo_complex,1.0,False
22418_2722dfe8,topo_connected,7,21529_93e51dd9,topo_connected,1.0,True
22418_2722dfe8,topo_connected,8,22059_b7d76712,topo_connected,1.0,True
22418_2722dfe8,topo_connected,9,20858_15bdad00,topo_complex,1.0,False
22418_2722dfe8,topo_connected,10,23434_6635ed57,topo_connected,1.0,True
21357_9edfc0a0,topo_isolated,1,22907_ff18dbd5,topo_moderate,1.0,False
21357_9edfc0a0,topo_isolated,2,22058_71feafda,topo_isolated,1.0,True
21357_9edfc0a0,topo_isolated,3,20672_0bc07cce,topo_minimal,1.0,False
21357_9edfc0a0,topo_isolated,4,21616_c6c3347a,topo_isolated,1.0,True
21357_9edfc0a0,topo_isolated,5,23439_18900af2,topo_minimal,1.0,False
21357_9edfc0a0,topo_isolated,6,23435_e1c96b4d,topo_moderate,1.0,False
21357_9edfc0a0,topo_isolated,7,23006_92c5b990,topo_moderate,1.0,False
21357_9edfc0a0,topo_isolated,8,20259_de1ab632,topo_minimal,1.0,False
21357_9edfc0a0,topo_isolated,9,22053_de30641b,topo_minimal,1.0,False
21357_9edfc0a0,topo_isolated,10,20467_f1fcc009,topo_isolated,1.0,True
21185_ac5324ba,topo_moderate,1,20157_db99ab88,topo_moderate,1.0,True
21185_ac5324ba,topo_moderate,2,21715_53df62c9,topo_minimal,1.0,False
21185_ac5324ba,topo_moderate,3,22218_2f85f6ae,topo_connected,1.0,False
21185_ac5324ba,topo_moderate,4,23238_3c864758,topo_moderate,1.0,True
21185_ac5324ba,topo_moderate,5,21600_0027c6fc,topo_moderate,1.0,True
21185_ac5324ba,topo_moderate,6,22681_124bf3a9,topo_moderate,1.0,True
21185_ac5324ba,topo_moderate,7,21048_75cc125c,topo_complex,1.0,False
21185_ac5324ba,topo_moderate,8,20504_c9e14c9d,topo_connected,1.0,False
21185_ac5324ba,topo_moderate,9,22061_b50b6b66,topo_isolated,1.0,False
21185_ac5324ba,topo_moderate,10,23152_6f2706c9,topo_moderate,1.0,True
23156_7788f78a,topo_complex,1,23161_e7f63a9f,topo_isolated,1.0,False
23156_7788f78a,topo_complex,2,22242_4ceddc2b,topo_complex,1.0,True
23156_7788f78a,topo_complex,3,20628_e0551f7c,topo_connected,0.75,False
23156_7788f78a,topo_complex,4,22980_3cb3bcc8,topo_complex,0.75,True
23156_7788f78a,topo_complex,5,20293_a1999339,topo_complex,0.75,True
23156_7788f78a,topo_complex,6,22040_6461a147,topo_connected,0.75,False
23156_7788f78a,topo_complex,7,20797_78b83489,topo_minimal,0.75,False
23156_7788f78a,topo_complex,8,23376_9b48819a,topo_minimal,0.75,False
23156_7788f78a,topo_complex,9,22534_e899f645,topo_complex,0.75,True
23156_7788f78a,topo_complex,10,22079_31335df2,topo_connected,0.75,False
23162_7e2f3d77,topo_connected,1,21700_28d193ac,topo_complex,1.0,False
23162_7e2f3d77,topo_connected,2,21519_3e869afd,topo_moderate,1.0,False
23162_7e2f3d77,topo_connected,3,20246_40be7668,topo_moderate,1.0,False
23162_7e2f3d77,topo_connected,4,19566_19d85d3b,topo_complex,1.0,False
23162_7e2f3d77,topo_connected,5,21024_9be3d461,topo_moderate,1.0,False
23162_7e2f3d77,topo_connected,6,21352_d60bc953,topo_minimal,1.0,False
23162_7e2f3d77,topo_connected,7,22442_7d5c5d5f,topo_moderate,1.0,False
23162_7e2f3d77,topo_connected,8,21093_1bda9bbe,topo_isolated,1.0,False
23162_7e2f3d77,topo_connected,9,20544_43691724,topo_complex,1.0,False
23162_7e2f3d77,topo_connected,10,22491_a33562ad,topo_complex,1.0,False
21838_5bc448b4,topo_moderate,1,22421_19401bdd,topo_complex,1.0,False
21838_5bc448b4,topo_moderate,2,22278_12f1fb79,topo_minimal,1.0,False
21838_5bc448b4,topo_moderate,3,23155_d7305c5f,topo_complex,1.0,False
21838_5bc448b4,topo_moderate,4,23217_7c6062e3,topo_connected,1.0,False
21838_5bc448b4,topo_moderate,5,21134_7aa7cd89,topo_complex,1.0,False
21838_5bc448b4,topo_moderate,6,22419_dfeb5d33,topo_complex,1.0,False
21838_5bc448b4,topo_moderate,7,21839_a8eb6d34,topo_isolated,1.0,False
21838_5bc448b4,topo_moderate,8,23258_87a2ba81,topo_complex,1.0,False
21838_5bc448b4,topo_moderate,9,21697_06656699,topo_connected,1.0,False
21838_5bc448b4,topo_moderate,10,21316_69ed56f5,topo_complex,1.0,False
20688_955aae0c,topo_connected,1,21989_a0b5037d,topo_connected,1.0,True
20688_955aae0c,topo_connected,2,23363_60e39812,topo_complex,1.0,False
20688_955aae0c,topo_connected,3,23409_e27e3b8b,topo_isolated,1.0,False
20688_955aae0c,topo_connected,4,20229_d1ae2ae3,topo_connected,1.0,True
20688_955aae0c,topo_connected,5,20755_4b5e61bf,topo_connected,1.0,True
20688_955aae0c,topo_connected,6,20899_a8d7c6d5,topo_complex,1.0,False
20688_955aae0c,topo_connected,7,21529_93e51dd9,topo_connected,1.0,True
20688_955aae0c,topo_connected,8,22059_b7d76712,topo_connected,1.0,True
20688_955aae0c,topo_connected,9,20858_15bdad00,topo_complex,1.0,False
20688_955aae0c,topo_connected,10,23434_6635ed57,topo_connected,1.0,True
20419_8ce893b6,topo_minimal,1,23468_a0bfb573,topo_complex,1.0,False
20419_8ce893b6,topo_minimal,2,21478_8fbd4409,topo_moderate,1.0,False
20419_8ce893b6,topo_minimal,3,23127_38d73061,topo_complex,1.0,False
20419_8ce893b6,topo_minimal,4,21497_9833a679,topo_moderate,1.0,False
20419_8ce893b6,topo_minimal,5,22216_4b032400,topo_minimal,1.0,True
20419_8ce893b6,topo_minimal,6,22141_5db99710,topo_moderate,1.0,False
20419_8ce893b6,topo_minimal,7,22259_613f9d44,topo_moderate,1.0,False
20419_8ce893b6,topo_minimal,8,22245_ca848576,topo_connected,1.0,False
20419_8ce893b6,topo_minimal,9,21840_6847d36c,topo_isolated,1.0,False
20419_8ce893b6,topo_minimal,10,21271_ec7f62b8,topo_connected,1.0,False
23495_6366269c,topo_connected,1,21700_28d193ac,topo_complex,1.0,False
23495_6366269c,topo_connected,2,21519_3e869afd,topo_moderate,1.0,False
23495_6366269c,topo_connected,3,20246_40be7668,topo_moderate,1.0,False
23495_6366269c,topo_connected,4,19566_19d85d3b,topo_complex,1.0,False
23495_6366269c,topo_connected,5,21024_9be3d461,topo_moderate,1.0,False
23495_6366269c,topo_connected,6,21352_d60bc953,topo_minimal,1.0,False
23495_6366269c,topo_connected,7,22442_7d5c5d5f,topo_moderate,1.0,False
23495_6366269c,topo_connected,8,21093_1bda9bbe,topo_isolated,1.0,False
23495_6366269c,topo_connected,9,20544_43691724,topo_complex,1.0,False
23495_6366269c,topo_connected,10,22491_a33562ad,topo_complex,1.0,False
22334_677d00e0,topo_isolated,1,21989_a0b5037d,topo_connected,1.0,False
22334_677d00e0,topo_isolated,2,23363_60e39812,topo_complex,1.0,False
22334_677d00e0,topo_isolated,3,23409_e27e3b8b,topo_isolated,1.0,True
22334_677d00e0,topo_isolated,4,20229_d1ae2ae3,topo_connected,1.0,False
22334_677d00e0,topo_isolated,5,20755_4b5e61bf,topo_connected,1.0,False
22334_677d00e0,topo_isolated,6,20899_a8d7c6d5,topo_complex,1.0,False
22334_677d00e0,topo_isolated,7,21529_93e51dd9,topo_connected,1.0,False
22334_677d00e0,topo_isolated,8,22059_b7d76712,topo_connected,1.0,False
22334_677d00e0,topo_isolated,9,20858_15bdad00,topo_complex,1.0,False
22334_677d00e0,topo_isolated,10,23434_6635ed57,topo_connected,1.0,False
20643_71ad3d26,topo_minimal,1,22421_19401bdd,topo_complex,1.0,False
20643_71ad3d26,topo_minimal,2,22278_12f1fb79,topo_minimal,1.0,True
20643_71ad3d26,topo_minimal,3,23155_d7305c5f,topo_complex,1.0,False
20643_71ad3d26,topo_minimal,4,23217_7c6062e3,topo_connected,1.0,False
20643_71ad3d26,topo_minimal,5,21134_7aa7cd89,topo_complex,1.0,False
20643_71ad3d26,topo_minimal,6,22419_dfeb5d33,topo_complex,1.0,False
20643_71ad3d26,topo_minimal,7,21839_a8eb6d34,topo_isolated,1.0,False
20643_71ad3d26,topo_minimal,8,23258_87a2ba81,topo_complex,1.0,False
20643_71ad3d26,topo_minimal,9,21697_06656699,topo_connected,1.0,False
20643_71ad3d26,topo_minimal,10,21316_69ed56f5,topo_complex,1.0,False
22839_113f2990,topo_minimal,1,22907_ff18dbd5,topo_moderate,1.0,False
22839_113f2990,topo_minimal,2,22058_71feafda,topo_isolated,1.0,False
22839_113f2990,topo_minimal,3,20672_0bc07cce,topo_minimal,1.0,True
22839_113f2990,topo_minimal,4,21616_c6c3347a,topo_isolated,1.0,False
22839_113f2990,topo_minimal,5,23439_18900af2,topo_minimal,1.0,True
22839_113f2990,topo_minimal,6,23435_e1c96b4d,topo_moderate,1.0,False
22839_113f2990,topo_minimal,7,23006_92c5b990,topo_moderate,1.0,False
22839_113f2990,topo_minimal,8,20259_de1ab632,topo_minimal,1.0,True
22839_113f2990,topo_minimal,9,22053_de30641b,topo_minimal,1.0,True
22839_113f2990,topo_minimal,10,20467_f1fcc009,topo_isolated,1.0,False
20804_0dcacc66,topo_minimal,1,22907_ff18dbd5,topo_moderate,1.0,False
20804_0dcacc66,topo_minimal,2,22058_71feafda,topo_isolated,1.0,False
20804_0dcacc66,topo_minimal,3,20672_0bc07cce,topo_minimal,1.0,True
20804_0dcacc66,topo_minimal,4,21616_c6c3347a,topo_isolated,1.0,False
20804_0dcacc66,topo_minimal,5,23439_18900af2,topo_minimal,1.0,True
20804_0dcacc66,topo_minimal,6,23435_e1c96b4d,topo_moderate,1.0,False
20804_0dcacc66,topo_minimal,7,23006_92c5b990,topo_moderate,1.0,False
20804_0dcacc66,topo_minimal,8,20259_de1ab632,topo_minimal,1.0,True
20804_0dcacc66,topo_minimal,9,22053_de30641b,topo_minimal,1.0,True
20804_0dcacc66,topo_minimal,10,20467_f1fcc009,topo_isolated,1.0,False
21353_4686c90c,topo_minimal,1,22907_ff18dbd5,topo_moderate,1.0,False
21353_4686c90c,topo_minimal,2,22058_71feafda,topo_isolated,1.0,False
21353_4686c90c,topo_minimal,3,20672_0bc07cce,topo_minimal,1.0,True
21353_4686c90c,topo_minimal,4,21616_c6c3347a,topo_isolated,1.0,False
21353_4686c90c,topo_minimal,5,23439_18900af2,topo_minimal,1.0,True
21353_4686c90c,topo_minimal,6,23435_e1c96b4d,topo_moderate,1.0,False
21353_4686c90c,topo_minimal,7,23006_92c5b990,topo_moderate,1.0,False
21353_4686c90c,topo_minimal,8,20259_de1ab632,topo_minimal,1.0,True
21353_4686c90c,topo_minimal,9,22053_de30641b,topo_minimal,1.0,True
21353_4686c90c,topo_minimal,10,20467_f1fcc009,topo_isolated,1.0,False
23236_d5867507,topo_connected,1,23210_f535bfd2,topo_moderate,1.0,False
23236_d5867507,topo_connected,2,23244_34b5f55e,topo_connected,1.0,True
23236_d5867507,topo_connected,3,23218_02d26ab4,topo_moderate,1.0,False
23236_d5867507,topo_connected,4,23209_1592b0a4,topo_moderate,1.0,False
23236_d5867507,topo_connected,5,23219_40625e2c,topo_moderate,1.0,False
23236_d5867507,topo_connected,6,23211_3aac9c7e,topo_connected,1.0,True
23236_d5867507,topo_connected,7,22589_2c8f7c0b,topo_minimal,0.75,False
23236_d5867507,topo_connected,8,22053_de30641b,topo_minimal,0.75,False
23236_d5867507,topo_connected,9,22891_b8c84495,topo_moderate,0.75,False
23236_d5867507,topo_connected,10,23199_75dc1efd,topo_minimal,0.75,False
22070_fd1b8e5e,topo_connected,1,22421_19401bdd,topo_complex,1.0,False
22070_fd1b8e5e,topo_connected,2,22278_12f1fb79,topo_minimal,1.0,False
22070_fd1b8e5e,topo_connected,3,23155_d7305c5f,topo_complex,1.0,False
22070_fd1b8e5e,topo_connected,4,23217_7c6062e3,topo_connected,1.0,True
22070_fd1b8e5e,topo_connected,5,21134_7aa7cd89,topo_complex,1.0,False
22070_fd1b8e5e,topo_connected,6,22419_dfeb5d33,topo_complex,1.0,False
22070_fd1b8e5e,topo_connected,7,21839_a8eb6d34,topo_isolated,1.0,False
22070_fd1b8e5e,topo_connected,8,23258_87a2ba81,topo_complex,1.0,False
22070_fd1b8e5e,topo_connected,9,21697_06656699,topo_connected,1.0,True
22070_fd1b8e5e,topo_connected,10,21316_69ed56f5,topo_complex,1.0,False
20899_a8d7c6d5,topo_complex,1,21989_a0b5037d,topo_connected,1.0,False
20899_a8d7c6d5,topo_complex,2,23363_60e39812,topo_complex,1.0,True
20899_a8d7c6d5,topo_complex,3,23409_e27e3b8b,topo_isolated,1.0,False
20899_a8d7c6d5,topo_complex,4,20554_abcb705e,topo_moderate,1.0,False
20899_a8d7c6d5,topo_complex,5,20229_d1ae2ae3,topo_connected,1.0,False
20899_a8d7c6d5,topo_complex,6,20755_4b5e61bf,topo_connected,1.0,False
20899_a8d7c6d5,topo_complex,7,21529_93e51dd9,topo_connected,1.0,False
20899_a8d7c6d5,topo_complex,8,22059_b7d76712,topo_connected,1.0,False
20899_a8d7c6d5,topo_complex,9,20858_15bdad00,topo_complex,1.0,True
20899_a8d7c6d5,topo_complex,10,23434_6635ed57,topo_connected,1.0,False
22415_658c81dd,topo_complex,1,22421_19401bdd,topo_complex,1.0,True
22415_658c81dd,topo_complex,2,22278_12f1fb79,topo_minimal,1.0,False
22415_658c81dd,topo_complex,3,23155_d7305c5f,topo_complex,1.0,True
22415_658c81dd,topo_complex,4,23217_7c6062e3,topo_connected,1.0,False
22415_658c81dd,topo_complex,5,21134_7aa7cd89,topo_complex,1.0,True
22415_658c81dd,topo_complex,6,22419_dfeb5d33,topo_complex,1.0,True
22415_658c81dd,topo_complex,7,21839_a8eb6d34,topo_isolated,1.0,False
22415_658c81dd,topo_complex,8,23258_87a2ba81,topo_complex,1.0,True
22415_658c81dd,topo_complex,9,21697_06656699,topo_connected,1.0,False
22415_658c81dd,topo_complex,10,21316_69ed56f5,topo_complex,1.0,True
20551_ff28a959,topo_isolated,1,21448_5646a1b6,topo_minimal,1.0,False
20551_ff28a959,topo_isolated,2,20807_88c198d5,topo_isolated,1.0,True
20551_ff28a959,topo_isolated,3,22136_a539c50b,topo_isolated,1.0,True
20551_ff28a959,topo_isolated,4,20758_cdccf572,topo_moderate,1.0,False
20551_ff28a959,topo_isolated,5,22283_36ba29c9,topo_minimal,1.0,False
20551_ff28a959,topo_isolated,6,21257_770fee9a,topo_isolated,1.0,True
20551_ff28a959,topo_isolated,7,22154_24342da4,topo_isolated,1.0,True
20551_ff28a959,topo_isolated,8,20731_fbdc7731,topo_moderate,1.0,False
20551_ff28a959,topo_isolated,9,21384_b9774b93,topo_moderate,1.0,False
20551_ff28a959,topo_isolated,10,23103_43bde2a6,topo_minimal,1.0,False
23434_6635ed57,topo_connected,1,21989_a0b5037d,topo_connected,1.0,True
23434_6635ed57,topo_connected,2,23363_60e39812,topo_complex,1.0,False
23434_6635ed57,topo_connected,3,23409_e27e3b8b,topo_isolated,1.0,False
23434_6635ed57,topo_connected,4,20554_abcb705e,topo_moderate,1.0,False
23434_6635ed57,topo_connected,5,20229_d1ae2ae3,topo_connected,1.0,True
23434_6635ed57,topo_connected,6,20755_4b5e61bf,topo_connected,1.0,True
23434_6635ed57,topo_connected,7,20899_a8d7c6d5,topo_complex,1.0,False
23434_6635ed57,topo_connected,8,22059_b7d76712,topo_connected,1.0,True
23434_6635ed57,topo_connected,9,21529_93e51dd9,topo_connected,1.0,True
23434_6635ed57,topo_connected,10,20858_15bdad00,topo_complex,1.0,False
23320_e0711ae9,topo_connected,1,23468_a0bfb573,topo_complex,1.0,False
23320_e0711ae9,topo_connected,2,21478_8fbd4409,topo_moderate,1.0,False
23320_e0711ae9,topo_connected,3,23127_38d73061,topo_complex,1.0,False
23320_e0711ae9,topo_connected,4,21497_9833a679,topo_moderate,1.0,False
23320_e0711ae9,topo_connected,5,22216_4b032400,topo_minimal,1.0,False
23320_e0711ae9,topo_connected,6,22141_5db99710,topo_moderate,1.0,False
23320_e0711ae9,topo_connected,7,22259_613f9d44,topo_moderate,1.0,False
23320_e0711ae9,topo_connected,8,22245_ca848576,topo_connected,1.0,True
23320_e0711ae9,topo_connected,9,21840_6847d36c,topo_isolated,1.0,False
23320_e0711ae9,topo_connected,10,21271_ec7f62b8,topo_connected,1.0,True
20892_b1f89c8d,topo_minimal,1,21989_a0b5037d,topo_connected,1.0,False
20892_b1f89c8d,topo_minimal,2,23363_60e39812,topo_complex,1.0,False
20892_b1f89c8d,topo_minimal,3,23409_e27e3b8b,topo_isolated,1.0,False
20892_b1f89c8d,topo_minimal,4,20554_abcb705e,topo_moderate,1.0,False
20892_b1f89c8d,topo_minimal,5,20229_d1ae2ae3,topo_connected,1.0,False
20892_b1f89c8d,topo_minimal,6,20755_4b5e61bf,topo_connected,1.0,False
20892_b1f89c8d,topo_minimal,7,20899_a8d7c6d5,topo_complex,1.0,False
20892_b1f89c8d,topo_minimal,8,22059_b7d76712,topo_connected,1.0,False
20892_b1f89c8d,topo_minimal,9,21529_93e51dd9,topo_connected,1.0,False
20892_b1f89c8d,topo_minimal,10,20858_15bdad00,topo_complex,1.0,False
21761_fdb5f86d,topo_moderate,1,22907_ff18dbd5,topo_moderate,1.0,True
21761_fdb5f86d,topo_moderate,2,22058_71feafda,topo_isolated,1.0,False
21761_fdb5f86d,topo_moderate,3,20672_0bc07cce,topo_minimal,1.0,False
21761_fdb5f86d,topo_moderate,4,21616_c6c3347a,topo_isolated,1.0,False
21761_fdb5f86d,topo_moderate,5,23439_18900af2,topo_minimal,1.0,False
21761_fdb5f86d,topo_moderate,6,23435_e1c96b4d,topo_moderate,1.0,True
21761_fdb5f86d,topo_moderate,7,23006_92c5b990,topo_moderate,1.0,True
21761_fdb5f86d,topo_moderate,8,20259_de1ab632,topo_minimal,1.0,False
21761_fdb5f86d,topo_moderate,9,22053_de30641b,topo_minimal,1.0,False
21761_fdb5f86d,topo_moderate,10,20467_f1fcc009,topo_isolated,1.0,False
22778_7d85debd,topo_complex,1,21989_a0b5037d,topo_connected,1.0,False
22778_7d85debd,topo_complex,2,23363_60e39812,topo_complex,1.0,True
22778_7d85debd,topo_complex,3,23409_e27e3b8b,topo_isolated,1.0,False
22778_7d85debd,topo_complex,4,20554_abcb705e,topo_moderate,1.0,False
22778_7d85debd,topo_complex,5,20229_d1ae2ae3,topo_connected,1.0,False
22778_7d85debd,topo_complex,6,20755_4b5e61bf,topo_connected,1.0,False
22778_7d85debd,topo_complex,7,20899_a8d7c6d5,topo_complex,1.0,True
22778_7d85debd,topo_complex,8,22059_b7d76712,topo_connected,1.0,False
22778_7d85debd,topo_complex,9,21529_93e51dd9,topo_connected,1.0,False
22778_7d85debd,topo_complex,10,20858_15bdad00,topo_complex,1.0,True
20958_94222947,topo_minimal,1,21634_e5e20375,topo_moderate,1.0,False
20958_94222947,topo_minimal,2,23096_7da0f913,topo_moderate,1.0,False
20958_94222947,topo_minimal,3,20671_33532794,topo_minimal,1.0,True
20958_94222947,topo_minimal,4,20385_f2d30908,topo_minimal,1.0,True
20958_94222947,topo_minimal,5,20341_6a1588fb,topo_minimal,1.0,True
20958_94222947,topo_minimal,6,21533_8837772a,topo_moderate,1.0,False
20958_94222947,topo_minimal,7,22732_cd2af0ac,topo_isolated,1.0,False
20958_94222947,topo_minimal,8,22064_e1ba20dd,topo_moderate,0.75,False
20958_94222947,topo_minimal,9,22378_234fea2c,topo_moderate,0.75,False
20958_94222947,topo_minimal,10,21184_971559b6,topo_connected,0.75,False
23006_92c5b990,topo_moderate,1,22907_ff18dbd5,topo_moderate,1.0,True
23006_92c5b990,topo_moderate,2,22058_71feafda,topo_isolated,1.0,False
23006_92c5b990,topo_moderate,3,20672_0bc07cce,topo_minimal,1.0,False
23006_92c5b990,topo_moderate,4,21616_c6c3347a,topo_isolated,1.0,False
23006_92c5b990,topo_moderate,5,23439_18900af2,topo_minimal,1.0,False
23006_92c5b990,topo_moderate,6,23435_e1c96b4d,topo_moderate,1.0,True
23006_92c5b990,topo_moderate,7,20467_f1fcc009,topo_isolated,1.0,False
23006_92c5b990,topo_moderate,8,20259_de1ab632,topo_minimal,1.0,False
23006_92c5b990,topo_moderate,9,22053_de30641b,topo_minimal,1.0,False
23006_92c5b990,topo_moderate,10,21761_fdb5f86d,topo_moderate,1.0,True
20705_ac2a0325,topo_isolated,1,22907_ff18dbd5,topo_moderate,1.0,False
20705_ac2a0325,topo_isolated,2,22058_71feafda,topo_isolated,1.0,True
20705_ac2a0325,topo_isolated,3,20672_0bc07cce,topo_minimal,1.0,False
20705_ac2a0325,topo_isolated,4,21616_c6c3347a,topo_isolated,1.0,True
20705_ac2a0325,topo_isolated,5,23439_18900af2,topo_minimal,1.0,False
20705_ac2a0325,topo_isolated,6,23435_e1c96b4d,topo_moderate,1.0,False
20705_ac2a0325,topo_isolated,7,20467_f1fcc009,topo_isolated,1.0,True
20705_ac2a0325,topo_isolated,8,20259_de1ab632,topo_minimal,1.0,False
20705_ac2a0325,topo_isolated,9,22053_de30641b,topo_minimal,1.0,False
20705_ac2a0325,topo_isolated,10,21761_fdb5f86d,topo_moderate,1.0,False
22919_3ee91d1a,topo_moderate,1,21989_a0b5037d,topo_connected,1.0,False
22919_3ee91d1a,topo_moderate,2,23363_60e39812,topo_complex,1.0,False
22919_3ee91d1a,topo_moderate,3,23409_e27e3b8b,topo_isolated,1.0,False
22919_3ee91d1a,topo_moderate,4,20554_abcb705e,topo_moderate,1.0,True
22919_3ee91d1a,topo_moderate,5,20229_d1ae2ae3,topo_connected,1.0,False
22919_3ee91d1a,topo_moderate,6,20755_4b5e61bf,topo_connected,1.0,False
22919_3ee91d1a,topo_moderate,7,20899_a8d7c6d5,topo_complex,1.0,False
22919_3ee91d1a,topo_moderate,8,22059_b7d76712,topo_connected,1.0,False
22919_3ee91d1a,topo_moderate,9,21529_93e51dd9,topo_connected,1.0,False
22919_3ee91d1a,topo_moderate,10,20858_15bdad00,topo_complex,1.0,False
23342_7193a931,topo_moderate,1,22907_ff18dbd5,topo_moderate,1.0,True
23342_7193a931,topo_moderate,2,22058_71feafda,topo_isolated,1.0,False
23342_7193a931,topo_moderate,3,20672_0bc07cce,topo_minimal,1.0,False
23342_7193a931,topo_moderate,4,21616_c6c3347a,topo_isolated,1.0,False
23342_7193a931,topo_moderate,5,23439_18900af2,topo_minimal,1.0,False
23342_7193a931,topo_moderate,6,23435_e1c96b4d,topo_moderate,1.0,True
23342_7193a931,topo_moderate,7,20467_f1fcc009,topo_isolated,1.0,False
23342_7193a931,topo_moderate,8,20259_de1ab632,topo_minimal,1.0,False
23342_7193a931,topo_moderate,9,22053_de30641b,topo_minimal,1.0,False
23342_7193a931,topo_moderate,10,21761_fdb5f86d,topo_moderate,1.0,True
21563_c72d37a2,topo_moderate,1,21989_a0b5037d,topo_connected,1.0,False
21563_c72d37a2,topo_moderate,2,23363_60e39812,topo_complex,1.0,False
21563_c72d37a2,topo_moderate,3,23409_e27e3b8b,topo_isolated,1.0,False
21563_c72d37a2,topo_moderate,4,20554_abcb705e,topo_moderate,1.0,True
21563_c72d37a2,topo_moderate,5,20229_d1ae2ae3,topo_connected,1.0,False
21563_c72d37a2,topo_moderate,6,20755_4b5e61bf,topo_connected,1.0,False
21563_c72d37a2,topo_moderate,7,20899_a8d7c6d5,topo_complex,1.0,False
21563_c72d37a2,topo_moderate,8,22059_b7d76712,topo_connected,1.0,False
21563_c72d37a2,topo_moderate,9,21529_93e51dd9,topo_connected,1.0,False
21563_c72d37a2,topo_moderate,10,20858_15bdad00,topo_complex,1.0,False
23214_0c411aa1,topo_connected,1,21989_a0b5037d,topo_connected,1.0,True
23214_0c411aa1,topo_connected,2,23363_60e39812,topo_complex,1.0,False
23214_0c411aa1,topo_connected,3,23409_e27e3b8b,topo_isolated,1.0,False
23214_0c411aa1,topo_connected,4,20554_abcb705e,topo_moderate,1.0,False
23214_0c411aa1,topo_connected,5,20229_d1ae2ae3,topo_connected,1.0,True
23214_0c411aa1,topo_connected,6,20755_4b5e61bf,topo_connected,1.0,True
23214_0c411aa1,topo_connected,7,20899_a8d7c6d5,topo_complex,1.0,False
23214_0c411aa1,topo_connected,8,22059_b7d76712,topo_connected,1.0,True
23214_0c411aa1,topo_connected,9,21529_93e51dd9,topo_connected,1.0,True
23214_0c411aa1,topo_connected,10,20858_15bdad00,topo_complex,1.0,False
21619_19435db0,topo_isolated,1,22907_ff18dbd5,topo_moderate,1.0,False
21619_19435db0,topo_isolated,2,22058_71feafda,topo_isolated,1.0,True
21619_19435db0,topo_isolated,3,20672_0bc07cce,topo_minimal,1.0,False
21619_19435db0,topo_isolated,4,21616_c6c3347a,topo_isolated,1.0,True
21619_19435db0,topo_isolated,5,23439_18900af2,topo_minimal,1.0,False
21619_19435db0,topo_isolated,6,23435_e1c96b4d,topo_moderate,1.0,False
21619_19435db0,topo_isolated,7,20467_f1fcc009,topo_isolated,1.0,True
21619_19435db0,topo_isolated,8,20259_de1ab632,topo_minimal,1.0,False
21619_19435db0,topo_isolated,9,22053_de30641b,topo_minimal,1.0,False
21619_19435db0,topo_isolated,10,21761_fdb5f86d,topo_moderate,1.0,False
22900_09de4c7a,topo_moderate,1,21700_28d193ac,topo_complex,1.0,False
22900_09de4c7a,topo_moderate,2,21519_3e869afd,topo_moderate,1.0,True
22900_09de4c7a,topo_moderate,3,20246_40be7668,topo_moderate,1.0,True
22900_09de4c7a,topo_moderate,4,19566_19d85d3b,topo_complex,1.0,False
22900_09de4c7a,topo_moderate,5,21024_9be3d461,topo_moderate,1.0,True
22900_09de4c7a,topo_moderate,6,21352_d60bc953,topo_minimal,1.0,False
22900_09de4c7a,topo_moderate,7,22442_7d5c5d5f,topo_moderate,1.0,True
22900_09de4c7a,topo_moderate,8,21093_1bda9bbe,topo_isolated,1.0,False
22900_09de4c7a,topo_moderate,9,20544_43691724,topo_complex,1.0,False
22900_09de4c7a,topo_moderate,10,22491_a33562ad,topo_complex,1.0,False
21570_9cb1d1c4,topo_minimal,1,22981_93f268ae,topo_minimal,1.0,True
21570_9cb1d1c4,topo_minimal,2,19518_f220b68a,topo_isolated,1.0,False
21570_9cb1d1c4,topo_minimal,3,20910_c64b5d1b,topo_minimal,1.0,True
21570_9cb1d1c4,topo_minimal,4,20814_5a2be0fb,topo_minimal,1.0,True
21570_9cb1d1c4,topo_minimal,5,20940_9777847c,topo_connected,1.0,False
21570_9cb1d1c4,topo_minimal,6,23039_b3d04774,topo_moderate,1.0,False
21570_9cb1d1c4,topo_minimal,7,20409_dafedec6,topo_isolated,1.0,False
21570_9cb1d1c4,topo_minimal,8,23194_b675acc0,topo_connected,1.0,False
21570_9cb1d1c4,topo_minimal,9,23250_aa321310,topo_moderate,1.0,False
21570_9cb1d1c4,topo_minimal,10,20838_86c931be,topo_minimal,1.0,True
21051_5d118b91,topo_minimal,1,22907_ff18dbd5,topo_moderate,1.0,False
21051_5d118b91,topo_minimal,2,22058_71feafda,topo_isolated,1.0,False
21051_5d118b91,topo_minimal,3,20672_0bc07cce,topo_minimal,1.0,True
21051_5d118b91,topo_minimal,4,21616_c6c3347a,topo_isolated,1.0,False
21051_5d118b91,topo_minimal,5,23439_18900af2,topo_minimal,1.0,True
21051_5d118b91,topo_minimal,6,23435_e1c96b4d,topo_moderate,1.0,False
21051_5d118b91,topo_minimal,7,20467_f1fcc009,topo_isolated,1.0,False
21051_5d118b91,topo_minimal,8,20259_de1ab632,topo_minimal,1.0,True
21051_5d118b91,topo_minimal,9,22053_de30641b,topo_minimal,1.0,True
21051_5d118b91,topo_minimal,10,21761_fdb5f86d,topo_moderate,1.0,False
21614_5d6afa62,topo_isolated,1,22907_ff18dbd5,topo_moderate,1.0,False
21614_5d6afa62,topo_isolated,2,22058_71feafda,topo_isolated,1.0,True
21614_5d6afa62,topo_isolated,3,20672_0bc07cce,topo_minimal,1.0,False
21614_5d6afa62,topo_isolated,4,21616_c6c3347a,topo_isolated,1.0,True
21614_5d6afa62,topo_isolated,5,23439_18900af2,topo_minimal,1.0,False
21614_5d6afa62,topo_isolated,6,23435_e1c96b4d,topo_moderate,1.0,False
21614_5d6afa62,topo_isolated,7,20467_f1fcc009,topo_isolated,1.0,True
21614_5d6afa62,topo_isolated,8,20259_de1ab632,topo_minimal,1.0,False
21614_5d6afa62,topo_isolated,9,22053_de30641b,topo_minimal,1.0,False
21614_5d6afa62,topo_isolated,10,21761_fdb5f86d,topo_moderate,1.0,False
21974_1997ebc3,topo_moderate,1,21989_a0b5037d,topo_connected,1.0,False
21974_1997ebc3,topo_moderate,2,23363_60e39812,topo_complex,1.0,False
21974_1997ebc3,topo_moderate,3,23409_e27e3b8b,topo_isolated,1.0,False
21974_1997ebc3,topo_moderate,4,20554_abcb705e,topo_moderate,1.0,True
21974_1997ebc3,topo_moderate,5,20229_d1ae2ae3,topo_connected,1.0,False
21974_1997ebc3,topo_moderate,6,20755_4b5e61bf,topo_connected,1.0,False
21974_1997ebc3,topo_moderate,7,20899_a8d7c6d5,topo_complex,1.0,False
21974_1997ebc3,topo_moderate,8,22059_b7d76712,topo_connected,1.0,False
21974_1997ebc3,topo_moderate,9,21529_93e51dd9,topo_connected,1.0,False
21974_1997ebc3,topo_moderate,10,20858_15bdad00,topo_complex,1.0,False
22652_dc7405ef,topo_connected,1,22421_19401bdd,topo_complex,1.0,False
22652_dc7405ef,topo_connected,2,22278_12f1fb79,topo_minimal,1.0,False
22652_dc7405ef,topo_connected,3,23155_d7305c5f,topo_complex,1.0,False
22652_dc7405ef,topo_connected,4,23217_7c6062e3,topo_connected,1.0,True
22652_dc7405ef,topo_connected,5,21134_7aa7cd89,topo_complex,1.0,False
22652_dc7405ef,topo_connected,6,22419_dfeb5d33,topo_complex,1.0,False
22652_dc7405ef,topo_connected,7,21839_a8eb6d34,topo_isolated,1.0,False
22652_dc7405ef,topo_connected,8,23258_87a2ba81,topo_complex,1.0,False
22652_dc7405ef,topo_connected,9,21697_06656699,topo_connected,1.0,True
22652_dc7405ef,topo_connected,10,21316_69ed56f5,topo_complex,1.0,False
20341_6a1588fb,topo_minimal,1,21634_e5e20375,topo_moderate,1.0,False
20341_6a1588fb,topo_minimal,2,23096_7da0f913,topo_moderate,1.0,False
20341_6a1588fb,topo_minimal,3,20671_33532794,topo_minimal,1.0,True
20341_6a1588fb,topo_minimal,4,20385_f2d30908,topo_minimal,1.0,True
20341_6a1588fb,topo_minimal,5,21533_8837772a,topo_moderate,1.0,False
20341_6a1588fb,topo_minimal,6,22732_cd2af0ac,topo_isolated,1.0,False
20341_6a1588fb,topo_minimal,7,20958_94222947,topo_minimal,1.0,True
20341_6a1588fb,topo_minimal,8,22064_e1ba20dd,topo_moderate,0.75,False
20341_6a1588fb,topo_minimal,9,22378_234fea2c,topo_moderate,0.75,False
20341_6a1588fb,topo_minimal,10,21184_971559b6,topo_connected,0.75,False
21426_51651a10,topo_isolated,1,22907_ff18dbd5,topo_moderate,1.0,False
21426_51651a10,topo_isolated,2,22058_71feafda,topo_isolated,1.0,True
21426_51651a10,topo_isolated,3,20672_0bc07cce,topo_minimal,1.0,False
21426_51651a10,topo_isolated,4,21616_c6c3347a,topo_isolated,1.0,True
21426_51651a10,topo_isolated,5,23439_18900af2,topo_minimal,1.0,False
21426_51651a10,topo_isolated,6,23435_e1c96b4d,topo_moderate,1.0,False
21426_51651a10,topo_isolated,7,20467_f1fcc009,topo_isolated,1.0,True
21426_51651a10,topo_isolated,8,20259_de1ab632,topo_minimal,1.0,False
21426_51651a10,topo_isolated,9,22053_de30641b,topo_minimal,1.0,False
21426_51651a10,topo_isolated,10,21761_fdb5f86d,topo_moderate,1.0,False
22298_51433023,topo_connected,1,21700_28d193ac,topo_complex,1.0,False
22298_51433023,topo_connected,2,21519_3e869afd,topo_moderate,1.0,False
22298_51433023,topo_connected,3,20246_40be7668,topo_moderate,1.0,False
22298_51433023,topo_connected,4,19566_19d85d3b,topo_complex,1.0,False
22298_51433023,topo_connected,5,21024_9be3d461,topo_moderate,1.0,False
22298_51433023,topo_connected,6,21352_d60bc953,topo_minimal,1.0,False
22298_51433023,topo_connected,7,22442_7d5c5d5f,topo_moderate,1.0,False
22298_51433023,topo_connected,8,21093_1bda9bbe,topo_isolated,1.0,False
22298_51433023,topo_connected,9,20544_43691724,topo_complex,1.0,False
22298_51433023,topo_connected,10,22491_a33562ad,topo_complex,1.0,False
22491_a33562ad,topo_complex,1,21700_28d193ac,topo_complex,1.0,True
22491_a33562ad,topo_complex,2,21519_3e869afd,topo_moderate,1.0,False
22491_a33562ad,topo_complex,3,20246_40be7668,topo_moderate,1.0,False
22491_a33562ad,topo_complex,4,19566_19d85d3b,topo_complex,1.0,True
22491_a33562ad,topo_complex,5,21024_9be3d461,topo_moderate,1.0,False
22491_a33562ad,topo_complex,6,21352_d60bc953,topo_minimal,1.0,False
22491_a33562ad,topo_complex,7,22442_7d5c5d5f,topo_moderate,1.0,False
22491_a33562ad,topo_complex,8,21093_1bda9bbe,topo_isolated,1.0,False
22491_a33562ad,topo_complex,9,20544_43691724,topo_complex,1.0,True
22491_a33562ad,topo_complex,10,22298_51433023,topo_connected,1.0,False
20421_0fd51709,topo_connected,1,21685_93737a7a,topo_complex,1.0,False
20421_0fd51709,topo_connected,2,22027_11a2e852,topo_complex,1.0,False
20421_0fd51709,topo_connected,3,20477_633cca4f,topo_moderate,1.0,False
20421_0fd51709,topo_connected,4,22421_19401bdd,topo_complex,0.75,False
20421_0fd51709,topo_connected,5,21845_dff8b3a1,topo_complex,0.75,False
20421_0fd51709,topo_connected,6,23511_8651ac1f,topo_connected,0.75,True
20421_0fd51709,topo_connected,7,21005_9feee615,topo_isolated,0.75,False
20421_0fd51709,topo_connected,8,23217_7c6062e3,topo_connected,0.75,True
20421_0fd51709,topo_connected,9,21134_7aa7cd89,topo_complex,0.75,False
20421_0fd51709,topo_connected,10,22419_dfeb5d33,topo_complex,0.75,False
23136_2b469508,topo_connected,1,22907_ff18dbd5,topo_moderate,1.0,False
23136_2b469508,topo_connected,2,22058_71feafda,topo_isolated,1.0,False
23136_2b469508,topo_connected,3,20672_0bc07cce,topo_minimal,1.0,False
23136_2b469508,topo_connected,4,21616_c6c3347a,topo_isolated,1.0,False
23136_2b469508,topo_connected,5,23439_18900af2,topo_minimal,1.0,False
23136_2b469508,topo_connected,6,23435_e1c96b4d,topo_moderate,1.0,False
23136_2b469508,topo_connected,7,20467_f1fcc009,topo_isolated,1.0,False
23136_2b469508,topo_connected,8,20259_de1ab632,topo_minimal,1.0,False
23136_2b469508,topo_connected,9,22053_de30641b,topo_minimal,1.0,False
23136_2b469508,topo_connected,10,21761_fdb5f86d,topo_moderate,1.0,False
23168_7fdf5427,topo_complex,1,22421_19401bdd,topo_complex,1.0,True
23168_7fdf5427,topo_complex,2,22278_12f1fb79,topo_minimal,1.0,False
23168_7fdf5427,topo_complex,3,23155_d7305c5f,topo_complex,1.0,True
23168_7fdf5427,topo_complex,4,23217_7c6062e3,topo_connected,1.0,False
23168_7fdf5427,topo_complex,5,21134_7aa7cd89,topo_complex,1.0,True
23168_7fdf5427,topo_complex,6,22419_dfeb5d33,topo_complex,1.0,True
23168_7fdf5427,topo_complex,7,21839_a8eb6d34,topo_isolated,1.0,False
23168_7fdf5427,topo_complex,8,23258_87a2ba81,topo_complex,1.0,True
23168_7fdf5427,topo_complex,9,21697_06656699,topo_connected,1.0,False
23168_7fdf5427,topo_complex,10,21316_69ed56f5,topo_complex,1.0,True
20841_1620ae7d,topo_moderate,1,22907_ff18dbd5,topo_moderate,1.0,True
20841_1620ae7d,topo_moderate,2,22058_71feafda,topo_isolated,1.0,False
20841_1620ae7d,topo_moderate,3,20672_0bc07cce,topo_minimal,1.0,False
20841_1620ae7d,topo_moderate,4,21616_c6c3347a,topo_isolated,1.0,False
20841_1620ae7d,topo_moderate,5,23439_18900af2,topo_minimal,1.0,False
20841_1620ae7d,topo_moderate,6,23435_e1c96b4d,topo_moderate,1.0,True
20841_1620ae7d,topo_moderate,7,20467_f1fcc009,topo_isolated,1.0,False
20841_1620ae7d,topo_moderate,8,20259_de1ab632,topo_minimal,1.0,False
20841_1620ae7d,topo_moderate,9,22053_de30641b,topo_minimal,1.0,False
20841_1620ae7d,topo_moderate,10,21761_fdb5f86d,topo_moderate,1.0,True
20216_89b90993,topo_minimal,1,21448_5646a1b6,topo_minimal,1.0,True
20216_89b90993,topo_minimal,2,20807_88c198d5,topo_isolated,1.0,False
20216_89b90993,topo_minimal,3,22136_a539c50b,topo_isolated,1.0,False
20216_89b90993,topo_minimal,4,20758_cdccf572,topo_moderate,1.0,False
20216_89b90993,topo_minimal,5,22283_36ba29c9,topo_minimal,1.0,True
20216_89b90993,topo_minimal,6,21257_770fee9a,topo_isolated,1.0,False
20216_89b90993,topo_minimal,7,22154_24342da4,topo_isolated,1.0,False
20216_89b90993,topo_minimal,8,20731_fbdc7731,topo_moderate,1.0,False
20216_89b90993,topo_minimal,9,21384_b9774b93,topo_moderate,1.0,False
20216_89b90993,topo_minimal,10,23103_43bde2a6,topo_minimal,1.0,True
20157_db99ab88,topo_moderate,1,21048_75cc125c,topo_complex,1.0,False
20157_db99ab88,topo_moderate,2,23366_cc0bc28e,topo_minimal,1.0,False
20157_db99ab88,topo_moderate,3,22062_2d6b3b72,topo_minimal,1.0,False
20157_db99ab88,topo_moderate,4,23354_8182b4eb,topo_isolated,1.0,False
20157_db99ab88,topo_moderate,5,21737_87d83240,topo_moderate,1.0,True
20157_db99ab88,topo_moderate,6,20421_83f66ddc,topo_minimal,1.0,False
20157_db99ab88,topo_moderate,7,20414_a33bd0d7,topo_moderate,1.0,True
20157_db99ab88,topo_moderate,8,22218_2f85f6ae,topo_connected,1.0,False
20157_db99ab88,topo_moderate,9,23323_075a079e,topo_moderate,1.0,True
20157_db99ab88,topo_moderate,10,23238_3c864758,topo_moderate,1.0,True
21329_1bfecd1d,topo_connected,1,22331_152ee5c0,topo_moderate,1.0,False
21329_1bfecd1d,topo_connected,2,22421_19401bdd,topo_complex,0.75,False
21329_1bfecd1d,topo_connected,3,21845_dff8b3a1,topo_complex,0.75,False
21329_1bfecd1d,topo_connected,4,23155_d7305c5f,topo_complex,0.75,False
21329_1bfecd1d,topo_connected,5,23511_8651ac1f,topo_connected,0.75,True
21329_1bfecd1d,topo_connected,6,23217_7c6062e3,topo_connected,0.75,True
21329_1bfecd1d,topo_connected,7,21134_7aa7cd89,topo_complex,0.75,False
21329_1bfecd1d,topo_connected,8,22419_dfeb5d33,topo_complex,0.75,False
21329_1bfecd1d,topo_connected,9,21839_a8eb6d34,topo_isolated,0.75,False
21329_1bfecd1d,topo_connected,10,23258_87a2ba81,topo_complex,0.75,False
23403_e539620b,topo_minimal,1,22907_ff18dbd5,topo_moderate,1.0,False
23403_e539620b,topo_minimal,2,22058_71feafda,topo_isolated,1.0,False
23403_e539620b,topo_minimal,3,20672_0bc07cce,topo_minimal,1.0,True
23403_e539620b,topo_minimal,4,21616_c6c3347a,topo_isolated,1.0,False
23403_e539620b,topo_minimal,5,23439_18900af2,topo_minimal,1.0,True
23403_e539620b,topo_minimal,6,23435_e1c96b4d,topo_moderate,1.0,False
23403_e539620b,topo_minimal,7,20467_f1fcc009,topo_isolated,1.0,False
23403_e539620b,topo_minimal,8,20259_de1ab632,topo_minimal,1.0,True
23403_e539620b,topo_minimal,9,22053_de30641b,topo_minimal,1.0,True
23403_e539620b,topo_minimal,10,21761_fdb5f86d,topo_moderate,1.0,False
22074_c0265b0d,topo_moderate,1,20157_db99ab88,topo_moderate,1.0,True
22074_c0265b0d,topo_moderate,2,23152_6f2706c9,topo_moderate,1.0,True
22074_c0265b0d,topo_moderate,3,22218_2f85f6ae,topo_connected,1.0,False
22074_c0265b0d,topo_moderate,4,23238_3c864758,topo_moderate,1.0,True
22074_c0265b0d,topo_moderate,5,21600_0027c6fc,topo_moderate,1.0,True
22074_c0265b0d,topo_moderate,6,22681_124bf3a9,topo_moderate,1.0,True
22074_c0265b0d,topo_moderate,7,21048_75cc125c,topo_complex,1.0,False
22074_c0265b0d,topo_moderate,8,22061_b50b6b66,topo_isolated,1.0,False
22074_c0265b0d,topo_moderate,9,21715_53df62c9,topo_minimal,1.0,False
22074_c0265b0d,topo_moderate,10,21884_cc2c39f9,topo_moderate,1.0,True
21281_6e562106,topo_moderate,1,21989_a0b5037d,topo_connected,1.0,False
21281_6e562106,topo_moderate,2,23363_60e39812,topo_complex,1.0,False
21281_6e562106,topo_moderate,3,23409_e27e3b8b,topo_isolated,1.0,False
21281_6e562106,topo_moderate,4,20554_abcb705e,topo_moderate,1.0,True
21281_6e562106,topo_moderate,5,20229_d1ae2ae3,topo_connected,1.0,False
21281_6e562106,topo_moderate,6,20755_4b5e61bf,topo_connected,1.0,False
21281_6e562106,topo_moderate,7,20899_a8d7c6d5,topo_complex,1.0,False
21281_6e562106,topo_moderate,8,22059_b7d76712,topo_connected,1.0,False
21281_6e562106,topo_moderate,9,21529_93e51dd9,topo_connected,1.0,False
21281_6e562106,topo_moderate,10,20858_15bdad00,topo_complex,1.0,False
21793_4ad5e2c0,topo_minimal,1,22907_ff18dbd5,topo_moderate,1.0,False
21793_4ad5e2c0,topo_minimal,2,22058_71feafda,topo_isolated,1.0,False
21793_4ad5e2c0,topo_minimal,3,20672_0bc07cce,topo_minimal,1.0,True
21793_4ad5e2c0,topo_minimal,4,21616_c6c3347a,topo_isolated,1.0,False
21793_4ad5e2c0,topo_minimal,5,23439_18900af2,topo_minimal,1.0,True
21793_4ad5e2c0,topo_minimal,6,23435_e1c96b4d,topo_moderate,1.0,False
21793_4ad5e2c0,topo_minimal,7,20467_f1fcc009,topo_isolated,1.0,False
21793_4ad5e2c0,topo_minimal,8,20259_de1ab632,topo_minimal,1.0,True
21793_4ad5e2c0,topo_minimal,9,22053_de30641b,topo_minimal,1.0,True
21793_4ad5e2c0,topo_minimal,10,21761_fdb5f86d,topo_moderate,1.0,False
20319_9f53cd7c,topo_moderate,1,21989_a0b5037d,topo_connected,1.0,False
20319_9f53cd7c,topo_moderate,2,23363_60e39812,topo_complex,1.0,False
20319_9f53cd7c,topo_moderate,3,23409_e27e3b8b,topo_isolated,1.0,False
20319_9f53cd7c,topo_moderate,4,20554_abcb705e,topo_moderate,1.0,True
20319_9f53cd7c,topo_moderate,5,20229_d1ae2ae3,topo_connected,1.0,False
20319_9f53cd7c,topo_moderate,6,20755_4b5e61bf,topo_connected,1.0,False
20319_9f53cd7c,topo_moderate,7,20899_a8d7c6d5,topo_complex,1.0,False
20319_9f53cd7c,topo_moderate,8,22059_b7d76712,topo_connected,1.0,False
20319_9f53cd7c,topo_moderate,9,21529_93e51dd9,topo_connected,1.0,False
20319_9f53cd7c,topo_moderate,10,20858_15bdad00,topo_complex,1.0,False
23387_c4aa9424,topo_minimal,1,22907_ff18dbd5,topo_moderate,1.0,False
23387_c4aa9424,topo_minimal,2,22058_71feafda,topo_isolated,1.0,False
23387_c4aa9424,topo_minimal,3,20672_0bc07cce,topo_minimal,1.0,True
23387_c4aa9424,topo_minimal,4,21616_c6c3347a,topo_isolated,1.0,False
23387_c4aa9424,topo_minimal,5,23439_18900af2,topo_minimal,1.0,True
23387_c4aa9424,topo_minimal,6,23435_e1c96b4d,topo_moderate,1.0,False
23387_c4aa9424,topo_minimal,7,20467_f1fcc009,topo_isolated,1.0,False
23387_c4aa9424,topo_minimal,8,20259_de1ab632,topo_minimal,1.0,True
23387_c4aa9424,topo_minimal,9,22053_de30641b,topo_minimal,1.0,True
23387_c4aa9424,topo_minimal,10,21761_fdb5f86d,topo_moderate,1.0,False
22892_68138f24,topo_minimal,1,23468_a0bfb573,topo_complex,1.0,False
22892_68138f24,topo_minimal,2,21271_ec7f62b8,topo_connected,1.0,False
22892_68138f24,topo_minimal,3,23178_eb4b4280,topo_minimal,1.0,True
22892_68138f24,topo_minimal,4,20682_e208cc63,topo_isolated,1.0,False
22892_68138f24,topo_minimal,5,22762_dcbdd14d,topo_minimal,1.0,True
22892_68138f24,topo_minimal,6,21831_54ca67d1,topo_minimal,1.0,True
22892_68138f24,topo_minimal,7,21037_62248d34,topo_minimal,1.0,True
22892_68138f24,topo_minimal,8,7780_6c885e81,topo_complex,1.0,False
22892_68138f24,topo_minimal,9,21840_6847d36c,topo_isolated,1.0,False
22892_68138f24,topo_minimal,10,22049_4da0d894,topo_connected,1.0,False
21300_ec7da33e,topo_connected,1,22421_19401bdd,topo_complex,1.0,False
21300_ec7da33e,topo_connected,2,22278_12f1fb79,topo_minimal,1.0,False
21300_ec7da33e,topo_connected,3,23155_d7305c5f,topo_complex,1.0,False
21300_ec7da33e,topo_connected,4,23217_7c6062e3,topo_connected,1.0,True
21300_ec7da33e,topo_connected,5,21134_7aa7cd89,topo_complex,1.0,False
21300_ec7da33e,topo_connected,6,22419_dfeb5d33,topo_complex,1.0,False
21300_ec7da33e,topo_connected,7,21839_a8eb6d34,topo_isolated,1.0,False
21300_ec7da33e,topo_connected,8,23258_87a2ba81,topo_complex,1.0,False
21300_ec7da33e,topo_connected,9,21697_06656699,topo_connected,1.0,True
21300_ec7da33e,topo_connected,10,21316_69ed56f5,topo_complex,1.0,False
21805_2ba39d00,topo_complex,1,22421_19401bdd,topo_complex,1.0,True
21805_2ba39d00,topo_complex,2,22278_12f1fb79,topo_minimal,1.0,False
21805_2ba39d00,topo_complex,3,23155_d7305c5f,topo_complex,1.0,True
21805_2ba39d00,topo_complex,4,23217_7c6062e3,topo_connected,1.0,False
21805_2ba39d00,topo_complex,5,21134_7aa7cd89,topo_complex,1.0,True
21805_2ba39d00,topo_complex,6,22419_dfeb5d33,topo_complex,1.0,True
21805_2ba39d00,topo_complex,7,21839_a8eb6d34,topo_isolated,1.0,False
21805_2ba39d00,topo_complex,8,23258_87a2ba81,topo_complex,1.0,True
21805_2ba39d00,topo_complex,9,21697_06656699,topo_connected,1.0,False
21805_2ba39d00,topo_complex,10,21316_69ed56f5,topo_complex,1.0,True
22442_7d5c5d5f,topo_moderate,1,21700_28d193ac,topo_complex,1.0,False
22442_7d5c5d5f,topo_moderate,2,21519_3e869afd,topo_moderate,1.0,True
22442_7d5c5d5f,topo_moderate,3,20246_40be7668,topo_moderate,1.0,True
22442_7d5c5d5f,topo_moderate,4,19566_19d85d3b,topo_complex,1.0,False
22442_7d5c5d5f,topo_moderate,5,21024_9be3d461,topo_moderate,1.0,True
22442_7d5c5d5f,topo_moderate,6,21352_d60bc953,topo_minimal,1.0,False
22442_7d5c5d5f,topo_moderate,7,21093_1bda9bbe,topo_isolated,1.0,False
22442_7d5c5d5f,topo_moderate,8,20544_43691724,topo_complex,1.0,False
22442_7d5c5d5f,topo_moderate,9,22491_a33562ad,topo_complex,1.0,False
22442_7d5c5d5f,topo_moderate,10,22298_51433023,topo_connected,1.0,False
21009_907a2a95,topo_complex,1,21989_a0b5037d,topo_connected,1.0,False
21009_907a2a95,topo_complex,2,23363_60e39812,topo_complex,1.0,True
21009_907a2a95,topo_complex,3,23409_e27e3b8b,topo_isolated,1.0,False
21009_907a2a95,topo_complex,4,20554_abcb705e,topo_moderate,1.0,False
21009_907a2a95,topo_complex,5,20229_d1ae2ae3,topo_connected,1.0,False
21009_907a2a95,topo_complex,6,20755_4b5e61bf,topo_connected,1.0,False
21009_907a2a95,topo_complex,7,20899_a8d7c6d5,topo_complex,1.0,True
21009_907a2a95,topo_complex,8,22059_b7d76712,topo_connected,1.0,False
21009_907a2a95,topo_complex,9,21529_93e51dd9,topo_connected,1.0,False
21009_907a2a95,topo_complex,10,20858_15bdad00,topo_complex,1.0,True
21806_616e985a,topo_isolated,1,22907_ff18dbd5,topo_moderate,1.0,False
21806_616e985a,topo_isolated,2,22058_71feafda,topo_isolated,1.0,True
21806_616e985a,topo_isolated,3,20672_0bc07cce,topo_minimal,1.0,False
21806_616e985a,topo_isolated,4,21616_c6c3347a,topo_isolated,1.0,True
21806_616e985a,topo_isolated,5,23439_18900af2,topo_minimal,1.0,False
21806_616e985a,topo_isolated,6,23435_e1c96b4d,topo_moderate,1.0,False
21806_616e985a,topo_isolated,7,20467_f1fcc009,topo_isolated,1.0,True
21806_616e985a,topo_isolated,8,20259_de1ab632,topo_minimal,1.0,False
21806_616e985a,topo_isolated,9,22053_de30641b,topo_minimal,1.0,False
21806_616e985a,topo_isolated,10,21761_fdb5f86d,topo_moderate,1.0,False
21352_d60bc953,topo_minimal,1,21700_28d193ac,topo_complex,1.0,False
21352_d60bc953,topo_minimal,2,21519_3e869afd,topo_moderate,1.0,False
21352_d60bc953,topo_minimal,3,20246_40be7668,topo_moderate,1.0,False
21352_d60bc953,topo_minimal,4,19566_19d85d3b,topo_complex,1.0,False
21352_d60bc953,topo_minimal,5,21024_9be3d461,topo_moderate,1.0,False
21352_d60bc953,topo_minimal,6,22442_7d5c5d5f,topo_moderate,1.0,False
21352_d60bc953,topo_minimal,7,21093_1bda9bbe,topo_isolated,1.0,False
21352_d60bc953,topo_minimal,8,20544_43691724,topo_complex,1.0,False
21352_d60bc953,topo_minimal,9,22491_a33562ad,topo_complex,1.0,False
21352_d60bc953,topo_minimal,10,22298_51433023,topo_connected,1.0,False
22886_a6331748,topo_minimal,1,23468_a0bfb573,topo_complex,1.0,False
22886_a6331748,topo_minimal,2,21271_ec7f62b8,topo_connected,1.0,False
22886_a6331748,topo_minimal,3,23178_eb4b4280,topo_minimal,1.0,True
22886_a6331748,topo_minimal,4,20682_e208cc63,topo_isolated,1.0,False
22886_a6331748,topo_minimal,5,22762_dcbdd14d,topo_minimal,1.0,True
22886_a6331748,topo_minimal,6,21831_54ca67d1,topo_minimal,1.0,True
22886_a6331748,topo_minimal,7,21037_62248d34,topo_minimal,1.0,True
22886_a6331748,topo_minimal,8,7780_6c885e81,topo_complex,1.0,False
22886_a6331748,topo_minimal,9,21840_6847d36c,topo_isolated,1.0,False
22886_a6331748,topo_minimal,10,22049_4da0d894,topo_connected,1.0,False
22142_7891a26a,topo_minimal,1,22907_ff18dbd5,topo_moderate,1.0,False
22142_7891a26a,topo_minimal,2,22058_71feafda,topo_isolated,1.0,False
22142_7891a26a,topo_minimal,3,20672_0bc07cce,topo_minimal,1.0,True
22142_7891a26a,topo_minimal,4,21616_c6c3347a,topo_isolated,1.0,False
22142_7891a26a,topo_minimal,5,23439_18900af2,topo_minimal,1.0,True
22142_7891a26a,topo_minimal,6,23435_e1c96b4d,topo_moderate,1.0,False
22142_7891a26a,topo_minimal,7,20467_f1fcc009,topo_isolated,1.0,False
22142_7891a26a,topo_minimal,8,20259_de1ab632,topo_minimal,1.0,True
22142_7891a26a,topo_minimal,9,22053_de30641b,topo_minimal,1.0,True
22142_7891a26a,topo_minimal,10,21761_fdb5f86d,topo_moderate,1.0,False
22331_152ee5c0,topo_moderate,1,21329_1bfecd1d,topo_connected,1.0,False
22331_152ee5c0,topo_moderate,2,22421_19401bdd,topo_complex,0.75,False
22331_152ee5c0,topo_moderate,3,21845_dff8b3a1,topo_complex,0.75,False
22331_152ee5c0,topo_moderate,4,23155_d7305c5f,topo_complex,0.75,False
22331_152ee5c0,topo_moderate,5,23511_8651ac1f,topo_connected,0.75,False
22331_152ee5c0,topo_moderate,6,23217_7c6062e3,topo_connected,0.75,False
22331_152ee5c0,topo_moderate,7,21134_7aa7cd89,topo_complex,0.75,False
22331_152ee5c0,topo_moderate,8,22419_dfeb5d33,topo_complex,0.75,False
22331_152ee5c0,topo_moderate,9,21839_a8eb6d34,topo_isolated,0.75,False
22331_152ee5c0,topo_moderate,10,23258_87a2ba81,topo_complex,0.75,False
23128_cb135b1b,topo_minimal,1,21989_a0b5037d,topo_connected,1.0,False
23128_cb135b1b,topo_minimal,2,23363_60e39812,topo_complex,1.0,False
23128_cb135b1b,topo_minimal,3,23409_e27e3b8b,topo_isolated,1.0,False
23128_cb135b1b,topo_minimal,4,20554_abcb705e,topo_moderate,1.0,False
23128_cb135b1b,topo_minimal,5,20229_d1ae2ae3,topo_connected,1.0,False
23128_cb135b1b,topo_minimal,6,20755_4b5e61bf,topo_connected,1.0,False
23128_cb135b1b,topo_minimal,7,20899_a8d7c6d5,topo_complex,1.0,False
23128_cb135b1b,topo_minimal,8,22059_b7d76712,topo_connected,1.0,False
23128_cb135b1b,topo_minimal,9,21529_93e51dd9,topo_connected,1.0,False
23128_cb135b1b,topo_minimal,10,20858_15bdad00,topo_complex,1.0,False
22653_58d6287d,topo_isolated,1,22907_ff18dbd5,topo_moderate,1.0,False
22653_58d6287d,topo_isolated,2,22058_71feafda,topo_isolated,1.0,True
22653_58d6287d,topo_isolated,3,20672_0bc07cce,topo_minimal,1.0,False
22653_58d6287d,topo_isolated,4,21616_c6c3347a,topo_isolated,1.0,True
22653_58d6287d,topo_isolated,5,23439_18900af2,topo_minimal,1.0,False
22653_58d6287d,topo_isolated,6,23435_e1c96b4d,topo_moderate,1.0,False
22653_58d6287d,topo_isolated,7,20467_f1fcc009,topo_isolated,1.0,True
22653_58d6287d,topo_isolated,8,20259_de1ab632,topo_minimal,1.0,False
22653_58d6287d,topo_isolated,9,22053_de30641b,topo_minimal,1.0,False
22653_58d6287d,topo_isolated,10,21761_fdb5f86d,topo_moderate,1.0,False
23368_648717d8,topo_complex,1,21989_a0b5037d,topo_connected,1.0,False
23368_648717d8,topo_complex,2,23363_60e39812,topo_complex,1.0,True
23368_648717d8,topo_complex,3,23409_e27e3b8b,topo_isolated,1.0,False
23368_648717d8,topo_complex,4,20554_abcb705e,topo_moderate,1.0,False
23368_648717d8,topo_complex,5,20229_d1ae2ae3,topo_connected,1.0,False
23368_648717d8,topo_complex,6,20755_4b5e61bf,topo_connected,1.0,False
23368_648717d8,topo_complex,7,20899_a8d7c6d5,topo_complex,1.0,True
23368_648717d8,topo_complex,8,22059_b7d76712,topo_connected,1.0,False
23368_648717d8,topo_complex,9,21529_93e51dd9,topo_connected,1.0,False
23368_648717d8,topo_complex,10,20858_15bdad00,topo_complex,1.0,True
23501_6c48b3c1,topo_complex,1,21989_a0b5037d,topo_connected,1.0,False
23501_6c48b3c1,topo_complex,2,23363_60e39812,topo_complex,1.0,True
23501_6c48b3c1,topo_complex,3,23409_e27e3b8b,topo_isolated,1.0,False
23501_6c48b3c1,topo_complex,4,20554_abcb705e,topo_moderate,1.0,False
23501_6c48b3c1,topo_complex,5,20229_d1ae2ae3,topo_connected,1.0,False
23501_6c48b3c1,topo_complex,6,20755_4b5e61bf,topo_connected,1.0,False
23501_6c48b3c1,topo_complex,7,20899_a8d7c6d5,topo_complex,1.0,True
23501_6c48b3c1,topo_complex,8,22059_b7d76712,topo_connected,1.0,False
23501_6c48b3c1,topo_complex,9,21529_93e51dd9,topo_connected,1.0,False
23501_6c48b3c1,topo_complex,10,20858_15bdad00,topo_complex,1.0,True
21024_9be3d461,topo_moderate,1,21700_28d193ac,topo_complex,1.0,False
21024_9be3d461,topo_moderate,2,21519_3e869afd,topo_moderate,1.0,True
21024_9be3d461,topo_moderate,3,20246_40be7668,topo_moderate,1.0,True
21024_9be3d461,topo_moderate,4,19566_19d85d3b,topo_complex,1.0,False
21024_9be3d461,topo_moderate,5,21352_d60bc953,topo_minimal,1.0,False
21024_9be3d461,topo_moderate,6,22442_7d5c5d5f,topo_moderate,1.0,True
21024_9be3d461,topo_moderate,7,21093_1bda9bbe,topo_isolated,1.0,False
21024_9be3d461,topo_moderate,8,20544_43691724,topo_complex,1.0,False
21024_9be3d461,topo_moderate,9,22491_a33562ad,topo_complex,1.0,False
21024_9be3d461,topo_moderate,10,22298_51433023,topo_connected,1.0,False
19566_19d85d3b,topo_complex,1,21700_28d193ac,topo_complex,1.0,True
19566_19d85d3b,topo_complex,2,21519_3e869afd,topo_moderate,1.0,False
19566_19d85d3b,topo_complex,3,20246_40be7668,topo_moderate,1.0,False
19566_19d85d3b,topo_complex,4,21024_9be3d461,topo_moderate,1.0,False
19566_19d85d3b,topo_complex,5,21352_d60bc953,topo_minimal,1.0,False
19566_19d85d3b,topo_complex,6,22442_7d5c5d5f,topo_moderate,1.0,False
19566_19d85d3b,topo_complex,7,21093_1bda9bbe,topo_isolated,1.0,False
19566_19d85d3b,topo_complex,8,20544_43691724,topo_complex,1.0,True
19566_19d85d3b,topo_complex,9,22491_a33562ad,topo_complex,1.0,True
19566_19d85d3b,topo_complex,10,22298_51433023,topo_connected,1.0,False
22134_5e72e871,topo_complex,1,21989_a0b5037d,topo_connected,1.0,False
22134_5e72e871,topo_complex,2,23363_60e39812,topo_complex,1.0,True
22134_5e72e871,topo_complex,3,23409_e27e3b8b,topo_isolated,1.0,False
22134_5e72e871,topo_complex,4,20554_abcb705e,topo_moderate,1.0,False
22134_5e72e871,topo_complex,5,20229_d1ae2ae3,topo_connected,1.0,False
22134_5e72e871,topo_complex,6,20755_4b5e61bf,topo_connected,1.0,False
22134_5e72e871,topo_complex,7,20899_a8d7c6d5,topo_complex,1.0,True
22134_5e72e871,topo_complex,8,22059_b7d76712,topo_connected,1.0,False
22134_5e72e871,topo_complex,9,21529_93e51dd9,topo_connected,1.0,False
22134_5e72e871,topo_complex,10,20858_15bdad00,topo_complex,1.0,True
22706_58a933f4,topo_moderate,1,23468_a0bfb573,topo_complex,1.0,False
22706_58a933f4,topo_moderate,2,21271_ec7f62b8,topo_connected,1.0,False
22706_58a933f4,topo_moderate,3,23178_eb4b4280,topo_minimal,1.0,False
22706_58a933f4,topo_moderate,4,20682_e208cc63,topo_isolated,1.0,False
22706_58a933f4,topo_moderate,5,22762_dcbdd14d,topo_minimal,1.0,False
22706_58a933f4,topo_moderate,6,21831_54ca67d1,topo_minimal,1.0,False
22706_58a933f4,topo_moderate,7,21037_62248d34,topo_minimal,1.0,False
22706_58a933f4,topo_moderate,8,7780_6c885e81,topo_complex,1.0,False
22706_58a933f4,topo_moderate,9,21840_6847d36c,topo_isolated,1.0,False
22706_58a933f4,topo_moderate,10,22049_4da0d894,topo_connected,1.0,False
20823_f144e996,topo_isolated,1,21989_a0b5037d,topo_connected,1.0,False
20823_f144e996,topo_isolated,2,23363_60e39812,topo_complex,1.0,False
20823_f144e996,topo_isolated,3,23409_e27e3b8b,topo_isolated,1.0,True
20823_f144e996,topo_isolated,4,20554_abcb705e,topo_moderate,1.0,False
20823_f144e996,topo_isolated,5,20229_d1ae2ae3,topo_connected,1.0,False
20823_f144e996,topo_isolated,6,20755_4b5e61bf,topo_connected,1.0,False
20823_f144e996,topo_isolated,7,20899_a8d7c6d5,topo_complex,1.0,False
20823_f144e996,topo_isolated,8,22059_b7d76712,topo_connected,1.0,False
20823_f144e996,topo_isolated,9,21529_93e51dd9,topo_connected,1.0,False
20823_f144e996,topo_isolated,10,20858_15bdad00,topo_complex,1.0,False
23406_1d36b046,topo_minimal,1,22907_ff18dbd5,topo_moderate,1.0,False
23406_1d36b046,topo_minimal,2,22058_71feafda,topo_isolated,1.0,False
23406_1d36b046,topo_minimal,3,20672_0bc07cce,topo_minimal,1.0,True
23406_1d36b046,topo_minimal,4,21616_c6c3347a,topo_isolated,1.0,False
23406_1d36b046,topo_minimal,5,23439_18900af2,topo_minimal,1.0,True
23406_1d36b046,topo_minimal,6,23435_e1c96b4d,topo_moderate,1.0,False
23406_1d36b046,topo_minimal,7,20467_f1fcc009,topo_isolated,1.0,False
23406_1d36b046,topo_minimal,8,20259_de1ab632,topo_minimal,1.0,True
23406_1d36b046,topo_minimal,9,22053_de30641b,topo_minimal,1.0,True
23406_1d36b046,topo_minimal,10,21761_fdb5f86d,topo_moderate,1.0,False
22717_08784417,topo_connected,1,22421_19401bdd,topo_complex,1.0,False
22717_08784417,topo_connected,2,22278_12f1fb79,topo_minimal,1.0,False
22717_08784417,topo_connected,3,23155_d7305c5f,topo_complex,1.0,False
22717_08784417,topo_connected,4,23217_7c6062e3,topo_connected,1.0,True
22717_08784417,topo_connected,5,21134_7aa7cd89,topo_complex,1.0,False
22717_08784417,topo_connected,6,22419_dfeb5d33,topo_complex,1.0,False
22717_08784417,topo_connected,7,21839_a8eb6d34,topo_isolated,1.0,False
22717_08784417,topo_connected,8,23258_87a2ba81,topo_complex,1.0,False
22717_08784417,topo_connected,9,21697_06656699,topo_connected,1.0,True
22717_08784417,topo_connected,10,21316_69ed56f5,topo_complex,1.0,False
23414_f7d4a688,topo_isolated,1,22197_94c66357,topo_moderate,1.0,False
23414_f7d4a688,topo_isolated,2,20676_9715ec9c,topo_minimal,1.0,False
23414_f7d4a688,topo_isolated,3,22197_66c5655e,topo_connected,1.0,False
23414_f7d4a688,topo_isolated,4,22196_0deb2e34,topo_connected,1.0,False
23414_f7d4a688,topo_isolated,5,22196_e5bf8c9d,topo_connected,1.0,False
23414_f7d4a688,topo_isolated,6,23318_65e3a7c9,topo_minimal,1.0,False
23414_f7d4a688,topo_isolated,7,21008_a3fec63b,topo_connected,0.75,False
23414_f7d4a688,topo_isolated,8,21549_18160a0a,topo_moderate,0.75,False
23414_f7d4a688,topo_isolated,9,23331_192866b6,topo_connected,0.75,False
23414_f7d4a688,topo_isolated,10,22418_2722dfe8,topo_connected,0.75,False
21692_777db9e2,topo_complex,1,23468_a0bfb573,topo_complex,1.0,True
21692_777db9e2,topo_complex,2,21271_ec7f62b8,topo_connected,1.0,False
21692_777db9e2,topo_complex,3,23178_eb4b4280,topo_minimal,1.0,False
21692_777db9e2,topo_complex,4,20682_e208cc63,topo_isolated,1.0,False
21692_777db9e2,topo_complex,5,22762_dcbdd14d,topo_minimal,1.0,False
21692_777db9e2,topo_complex,6,21831_54ca67d1,topo_minimal,1.0,False
21692_777db9e2,topo_complex,7,21037_62248d34,topo_minimal,1.0,False
21692_777db9e2,topo_complex,8,7780_6c885e81,topo_complex,1.0,True
21692_777db9e2,topo_complex,9,21840_6847d36c,topo_isolated,1.0,False
21692_777db9e2,topo_complex,10,22049_4da0d894,topo_connected,1.0,False
20792_d2ea0500,topo_isolated,1,20990_0a226634,topo_isolated,0.75,True
20792_d2ea0500,topo_isolated,2,22080_594bcb66,topo_minimal,0.75,False
20792_d2ea0500,topo_isolated,3,23438_b1ef78f4,topo_moderate,0.75,False
20792_d2ea0500,topo_isolated,4,21186_d1698d8c,topo_complex,0.75,False
20792_d2ea0500,topo_isolated,5,21884_cc2c39f9,topo_moderate,0.5,False
20792_d2ea0500,topo_isolated,6,20504_c9e14c9d,topo_connected,0.5,False
20792_d2ea0500,topo_isolated,7,20384_767d849a,topo_minimal,0.5,False
20792_d2ea0500,topo_isolated,8,22057_4947db57,topo_minimal,0.5,False
20792_d2ea0500,topo_isolated,9,22062_2d6b3b72,topo_minimal,0.5,False
20792_d2ea0500,topo_isolated,10,21990_7bb6efcf,topo_isolated,0.5,True
20926_4c0f33f6,topo_minimal,1,20970_d20c6c35,topo_connected,1.0,False
20926_4c0f33f6,topo_minimal,2,21176_b5c72bfb,topo_moderate,1.0,False
20926_4c0f33f6,topo_minimal,3,22399_97987ada,topo_isolated,0.75,False
20926_4c0f33f6,topo_minimal,4,21133_f9a1614e,topo_minimal,0.75,True
20926_4c0f33f6,topo_minimal,5,20502_58b65de9,topo_connected,0.75,False
20926_4c0f33f6,topo_minimal,6,21692_777db9e2,topo_complex,0.75,False
20926_4c0f33f6,topo_minimal,7,21961_1a090a8b,topo_isolated,0.75,False
20926_4c0f33f6,topo_minimal,8,21248_0a862e3e,topo_minimal,0.75,True
20926_4c0f33f6,topo_minimal,9,22365_a4eb929c,topo_moderate,0.75,False
20926_4c0f33f6,topo_minimal,10,22983_0ab3faaf,topo_minimal,0.75,True
21248_0a862e3e,topo_minimal,1,23468_a0bfb573,topo_complex,1.0,False
21248_0a862e3e,topo_minimal,2,21271_ec7f62b8,topo_connected,1.0,False
21248_0a862e3e,topo_minimal,3,23178_eb4b4280,topo_minimal,1.0,True
21248_0a862e3e,topo_minimal,4,20682_e208cc63,topo_isolated,1.0,False
21248_0a862e3e,topo_minimal,5,22762_dcbdd14d,topo_minimal,1.0,True
21248_0a862e3e,topo_minimal,6,21831_54ca67d1,topo_minimal,1.0,True
21248_0a862e3e,topo_minimal,7,21037_62248d34,topo_minimal,1.0,True
21248_0a862e3e,topo_minimal,8,7780_6c885e81,topo_complex,1.0,False
21248_0a862e3e,topo_minimal,9,21840_6847d36c,topo_isolated,1.0,False
21248_0a862e3e,topo_minimal,10,22049_4da0d894,topo_connected,1.0,False
22365_a4eb929c,topo_moderate,1,23468_a0bfb573,topo_complex,1.0,False
22365_a4eb929c,topo_moderate,2,21271_ec7f62b8,topo_connected,1.0,False
22365_a4eb929c,topo_moderate,3,23178_eb4b4280,topo_minimal,1.0,False
22365_a4eb929c,topo_moderate,4,20682_e208cc63,topo_isolated,1.0,False
22365_a4eb929c,topo_moderate,5,22762_dcbdd14d,topo_minimal,1.0,False
22365_a4eb929c,topo_moderate,6,21831_54ca67d1,topo_minimal,1.0,False
22365_a4eb929c,topo_moderate,7,21037_62248d34,topo_minimal,1.0,False
22365_a4eb929c,topo_moderate,8,7780_6c885e81,topo_complex,1.0,False
22365_a4eb929c,topo_moderate,9,21840_6847d36c,topo_isolated,1.0,False
22365_a4eb929c,topo_moderate,10,22049_4da0d894,topo_connected,1.0,False
22257_6fb4c50c,topo_minimal,1,22907_ff18dbd5,topo_moderate,1.0,False
22257_6fb4c50c,topo_minimal,2,22058_71feafda,topo_isolated,1.0,False
22257_6fb4c50c,topo_minimal,3,20672_0bc07cce,topo_minimal,1.0,True
22257_6fb4c50c,topo_minimal,4,21616_c6c3347a,topo_isolated,1.0,False
22257_6fb4c50c,topo_minimal,5,23439_18900af2,topo_minimal,1.0,True
22257_6fb4c50c,topo_minimal,6,23435_e1c96b4d,topo_moderate,1.0,False
22257_6fb4c50c,topo_minimal,7,20467_f1fcc009,topo_isolated,1.0,False
22257_6fb4c50c,topo_minimal,8,20259_de1ab632,topo_minimal,1.0,True
22257_6fb4c50c,topo_minimal,9,22053_de30641b,topo_minimal,1.0,True
22257_6fb4c50c,topo_minimal,10,21761_fdb5f86d,topo_moderate,1.0,False
20674_2fb6cabd,topo_isolated,1,22907_ff18dbd5,topo_moderate,1.0,False
20674_2fb6cabd,topo_isolated,2,22058_71feafda,topo_isolated,1.0,True
20674_2fb6cabd,topo_isolated,3,20672_0bc07cce,topo_minimal,1.0,False
20674_2fb6cabd,topo_isolated,4,21616_c6c3347a,topo_isolated,1.0,True
20674_2fb6cabd,topo_isolated,5,23439_18900af2,topo_minimal,1.0,False
20674_2fb6cabd,topo_isolated,6,23435_e1c96b4d,topo_moderate,1.0,False
20674_2fb6cabd,topo_isolated,7,20467_f1fcc009,topo_isolated,1.0,True
20674_2fb6cabd,topo_isolated,8,20259_de1ab632,topo_minimal,1.0,False
20674_2fb6cabd,topo_isolated,9,22053_de30641b,topo_minimal,1.0,False
20674_2fb6cabd,topo_isolated,10,21761_fdb5f86d,topo_moderate,1.0,False
22028_776fbf0d,topo_complex,1,22421_19401bdd,topo_complex,1.0,True
22028_776fbf0d,topo_complex,2,22278_12f1fb79,topo_minimal,1.0,False
22028_776fbf0d,topo_complex,3,23155_d7305c5f,topo_complex,1.0,True
22028_776fbf0d,topo_complex,4,23217_7c6062e3,topo_connected,1.0,False
22028_776fbf0d,topo_complex,5,21134_7aa7cd89,topo_complex,1.0,True
22028_776fbf0d,topo_complex,6,22419_dfeb5d33,topo_complex,1.0,True
22028_776fbf0d,topo_complex,7,21839_a8eb6d34,topo_isolated,1.0,False
22028_776fbf0d,topo_complex,8,23258_87a2ba81,topo_complex,1.0,True
22028_776fbf0d,topo_complex,9,21697_06656699,topo_connected,1.0,False
22028_776fbf0d,topo_complex,10,21316_69ed56f5,topo_complex,1.0,True
23036_7f9d143f,topo_connected,1,21989_a0b5037d,topo_connected,1.0,True
23036_7f9d143f,topo_connected,2,23363_60e39812,topo_complex,1.0,False
23036_7f9d143f,topo_connected,3,23409_e27e3b8b,topo_isolated,1.0,False
23036_7f9d143f,topo_connected,4,20554_abcb705e,topo_moderate,1.0,False
23036_7f9d143f,topo_connected,5,20229_d1ae2ae3,topo_connected,1.0,True
23036_7f9d143f,topo_connected,6,20755_4b5e61bf,topo_connected,1.0,True
23036_7f9d143f,topo_connected,7,20899_a8d7c6d5,topo_complex,1.0,False
23036_7f9d143f,topo_connected,8,22059_b7d76712,topo_connected,1.0,True
23036_7f9d143f,topo_connected,9,21529_93e51dd9,topo_connected,1.0,True
23036_7f9d143f,topo_connected,10,20858_15bdad00,topo_complex,1.0,False
20743_c8ea8159,topo_minimal,1,21989_a0b5037d,topo_connected,1.0,False
20743_c8ea8159,topo_minimal,2,23363_60e39812,topo_complex,1.0,False
20743_c8ea8159,topo_minimal,3,23409_e27e3b8b,topo_isolated,1.0,False
20743_c8ea8159,topo_minimal,4,20554_abcb705e,topo_moderate,1.0,False
20743_c8ea8159,topo_minimal,5,20229_d1ae2ae3,topo_connected,1.0,False
20743_c8ea8159,topo_minimal,6,20755_4b5e61bf,topo_connected,1.0,False
20743_c8ea8159,topo_minimal,7,20899_a8d7c6d5,topo_complex,1.0,False
20743_c8ea8159,topo_minimal,8,22059_b7d76712,topo_connected,1.0,False
20743_c8ea8159,topo_minimal,9,21529_93e51dd9,topo_connected,1.0,False
20743_c8ea8159,topo_minimal,10,20858_15bdad00,topo_complex,1.0,False
22668_9c30f6c0,topo_minimal,1,22907_ff18dbd5,topo_moderate,1.0,False
22668_9c30f6c0,topo_minimal,2,22058_71feafda,topo_isolated,1.0,False
22668_9c30f6c0,topo_minimal,3,20672_0bc07cce,topo_minimal,1.0,True
22668_9c30f6c0,topo_minimal,4,21616_c6c3347a,topo_isolated,1.0,False
22668_9c30f6c0,topo_minimal,5,23439_18900af2,topo_minimal,1.0,True
22668_9c30f6c0,topo_minimal,6,23435_e1c96b4d,topo_moderate,1.0,False
22668_9c30f6c0,topo_minimal,7,20467_f1fcc009,topo_isolated,1.0,False
22668_9c30f6c0,topo_minimal,8,20259_de1ab632,topo_minimal,1.0,True
22668_9c30f6c0,topo_minimal,9,22053_de30641b,topo_minimal,1.0,True
22668_9c30f6c0,topo_minimal,10,21761_fdb5f86d,topo_moderate,1.0,False
22266_078a1f68,topo_complex,1,21164_de08f61e,topo_connected,1.0,False
22266_078a1f68,topo_complex,2,20520_7e357152,topo_isolated,1.0,False
22266_078a1f68,topo_complex,3,22232_cb53774e,topo_connected,1.0,False
22266_078a1f68,topo_complex,4,20421_49bd1188,topo_connected,1.0,False
22266_078a1f68,topo_complex,5,20421_38b63ca5,topo_complex,1.0,True
22266_078a1f68,topo_complex,6,20389_c835706f,topo_moderate,1.0,False
22266_078a1f68,topo_complex,7,20779_fc5a7c3d,topo_connected,0.75,False
22266_078a1f68,topo_complex,8,21503_34f299ca,topo_connected,0.75,False
22266_078a1f68,topo_complex,9,20322_daa5c577,topo_moderate,0.75,False
22266_078a1f68,topo_complex,10,21531_79015e13,topo_minimal,0.75,False
21882_795be793,topo_moderate,1,22907_ff18dbd5,topo_moderate,1.0,True
21882_795be793,topo_moderate,2,22058_71feafda,topo_isolated,1.0,False
21882_795be793,topo_moderate,3,20672_0bc07cce,topo_minimal,1.0,False
21882_795be793,topo_moderate,4,21616_c6c3347a,topo_isolated,1.0,False
21882_795be793,topo_moderate,5,23439_18900af2,topo_minimal,1.0,False
21882_795be793,topo_moderate,6,23435_e1c96b4d,topo_moderate,1.0,True
21882_795be793,topo_moderate,7,20467_f1fcc009,topo_isolated,1.0,False
21882_795be793,topo_moderate,8,20259_de1ab632,topo_minimal,1.0,False
21882_795be793,topo_moderate,9,22053_de30641b,topo_minimal,1.0,False
21882_795be793,topo_moderate,10,21761_fdb5f86d,topo_moderate,1.0,True
21601_360ce1c7,topo_connected,1,21989_a0b5037d,topo_connected,1.0,True
21601_360ce1c7,topo_connected,2,23363_60e39812,topo_complex,1.0,False
21601_360ce1c7,topo_connected,3,23409_e27e3b8b,topo_isolated,1.0,False
21601_360ce1c7,topo_connected,4,20554_abcb705e,topo_moderate,1.0,False
21601_360ce1c7,topo_connected,5,20229_d1ae2ae3,topo_connected,1.0,True
21601_360ce1c7,topo_connected,6,20755_4b5e61bf,topo_connected,1.0,True
21601_360ce1c7,topo_connected,7,20899_a8d7c6d5,topo_complex,1.0,False
21601_360ce1c7,topo_connected,8,22059_b7d76712,topo_connected,1.0,True
21601_360ce1c7,topo_connected,9,21529_93e51dd9,topo_connected,1.0,True
21601_360ce1c7,topo_connected,10,20858_15bdad00,topo_complex,1.0,False
23102_211ad1db,topo_isolated,1,23468_a0bfb573,topo_complex,1.0,False
23102_211ad1db,topo_isolated,2,21840_6847d36c,topo_isolated,1.0,True
23102_211ad1db,topo_isolated,3,23178_eb4b4280,topo_minimal,1.0,False
23102_211ad1db,topo_isolated,4,20682_e208cc63,topo_isolated,1.0,True
23102_211ad1db,topo_isolated,5,22762_dcbdd14d,topo_minimal,1.0,False
23102_211ad1db,topo_isolated,6,21831_54ca67d1,topo_minimal,1.0,False
23102_211ad1db,topo_isolated,7,21037_62248d34,topo_minimal,1.0,False
23102_211ad1db,topo_isolated,8,7780_6c885e81,topo_complex,1.0,False
23102_211ad1db,topo_isolated,9,21271_ec7f62b8,topo_connected,1.0,False
23102_211ad1db,topo_isolated,10,23259_d655fcc1,topo_moderate,1.0,False
21092_32622a83,topo_connected,1,21989_a0b5037d,topo_connected,1.0,True
21092_32622a83,topo_connected,2,23363_60e39812,topo_complex,1.0,False
21092_32622a83,topo_connected,3,23409_e27e3b8b,topo_isolated,1.0,False
21092_32622a83,topo_connected,4,20554_abcb705e,topo_moderate,1.0,False
21092_32622a83,topo_connected,5,20229_d1ae2ae3,topo_connected,1.0,True
21092_32622a83,topo_connected,6,20755_4b5e61bf,topo_connected,1.0,True
21092_32622a83,topo_connected,7,20899_a8d7c6d5,topo_complex,1.0,False
21092_32622a83,topo_connected,8,22059_b7d76712,topo_connected,1.0,True
21092_32622a83,topo_connected,9,21529_93e51dd9,topo_connected,1.0,True
21092_32622a83,topo_connected,10,20858_15bdad00,topo_complex,1.0,False
23039_b3d04774,topo_moderate,1,21570_9cb1d1c4,topo_minimal,1.0,False
23039_b3d04774,topo_moderate,2,21422_b2a6bf27,topo_isolated,1.0,False
23039_b3d04774,topo_moderate,3,20409_dafedec6,topo_isolated,1.0,False
23039_b3d04774,topo_moderate,4,20814_5a2be0fb,topo_minimal,1.0,False
23039_b3d04774,topo_moderate,5,20947_115d4058,topo_isolated,1.0,False
23039_b3d04774,topo_moderate,6,23250_aa321310,topo_moderate,1.0,True
23039_b3d04774,topo_moderate,7,19518_f220b68a,topo_isolated,1.0,False
23039_b3d04774,topo_moderate,8,20838_86c931be,topo_minimal,1.0,False
23039_b3d04774,topo_moderate,9,23194_b675acc0,topo_connected,1.0,False
23039_b3d04774,topo_moderate,10,22981_93f268ae,topo_minimal,1.0,False
23132_1847c4ef,topo_complex,1,21989_a0b5037d,topo_connected,1.0,False
23132_1847c4ef,topo_complex,2,23363_60e39812,topo_complex,1.0,True
23132_1847c4ef,topo_complex,3,23409_e27e3b8b,topo_isolated,1.0,False
23132_1847c4ef,topo_complex,4,20554_abcb705e,topo_moderate,1.0,False
23132_1847c4ef,topo_complex,5,20229_d1ae2ae3,topo_connected,1.0,False
23132_1847c4ef,topo_complex,6,20755_4b5e61bf,topo_connected,1.0,False
23132_1847c4ef,topo_complex,7,20899_a8d7c6d5,topo_complex,1.0,True
23132_1847c4ef,topo_complex,8,22059_b7d76712,topo_connected,1.0,False
23132_1847c4ef,topo_complex,9,21529_93e51dd9,topo_connected,1.0,False
23132_1847c4ef,topo_complex,10,20858_15bdad00,topo_complex,1.0,True
19810_f77c5501,topo_complex,1,21989_a0b5037d,topo_connected,1.0,False
19810_f77c5501,topo_complex,2,23363_60e39812,topo_complex,1.0,True
19810_f77c5501,topo_complex,3,23409_e27e3b8b,topo_isolated,1.0,False
19810_f77c5501,topo_complex,4,20554_abcb705e,topo_moderate,1.0,False
19810_f77c5501,topo_complex,5,20229_d1ae2ae3,topo_connected,1.0,False
19810_f77c5501,topo_complex,6,20755_4b5e61bf,topo_connected,1.0,False
19810_f77c5501,topo_complex,7,20899_a8d7c6d5,topo_complex,1.0,True
19810_f77c5501,topo_complex,8,22059_b7d76712,topo_connected,1.0,False
19810_f77c5501,topo_complex,9,21529_93e51dd9,topo_connected,1.0,False
19810_f77c5501,topo_complex,10,20858_15bdad00,topo_complex,1.0,True
20385_f2d30908,topo_minimal,1,22732_cd2af0ac,topo_isolated,1.0,False
20385_f2d30908,topo_minimal,2,21634_e5e20375,topo_moderate,1.0,False
20385_f2d30908,topo_minimal,3,23096_7da0f913,topo_moderate,1.0,False
20385_f2d30908,topo_minimal,4,20671_33532794,topo_minimal,1.0,True
20385_f2d30908,topo_minimal,5,21533_8837772a,topo_moderate,1.0,False
20385_f2d30908,topo_minimal,6,20341_6a1588fb,topo_minimal,1.0,True
20385_f2d30908,topo_minimal,7,20958_94222947,topo_minimal,1.0,True
20385_f2d30908,topo_minimal,8,22839_113f2990,topo_minimal,0.75,True
20385_f2d30908,topo_minimal,9,21184_971559b6,topo_connected,0.75,False
20385_f2d30908,topo_minimal,10,22378_234fea2c,topo_moderate,0.75,False
22727_c514268a,topo_moderate,1,20176_a02bde39,topo_complex,1.0,False
22727_c514268a,topo_moderate,2,20440_27177360,topo_complex,1.0,False
22727_c514268a,topo_moderate,3,21202_e452c491,topo_isolated,0.75,False
22727_c514268a,topo_moderate,4,23409_e27e3b8b,topo_isolated,0.75,False
22727_c514268a,topo_moderate,5,22197_94c66357,topo_moderate,0.75,True
22727_c514268a,topo_moderate,6,20281_a29f9a18,topo_minimal,0.75,False
22727_c514268a,topo_moderate,7,20229_d1ae2ae3,topo_connected,0.75,False
22727_c514268a,topo_moderate,8,23008_3d1bb7b2,topo_minimal,0.75,False
22727_c514268a,topo_moderate,9,23318_65e3a7c9,topo_minimal,0.75,False
22727_c514268a,topo_moderate,10,22066_308cdcfe,topo_connected,0.75,False
22278_12f1fb79,topo_minimal,1,22421_19401bdd,topo_complex,1.0,False
22278_12f1fb79,topo_minimal,2,22028_776fbf0d,topo_complex,1.0,False
22278_12f1fb79,topo_minimal,3,23155_d7305c5f,topo_complex,1.0,False
22278_12f1fb79,topo_minimal,4,23217_7c6062e3,topo_connected,1.0,False
22278_12f1fb79,topo_minimal,5,21134_7aa7cd89,topo_complex,1.0,False
22278_12f1fb79,topo_minimal,6,22419_dfeb5d33,topo_complex,1.0,False
22278_12f1fb79,topo_minimal,7,21839_a8eb6d34,topo_isolated,1.0,False
22278_12f1fb79,topo_minimal,8,23258_87a2ba81,topo_complex,1.0,False
22278_12f1fb79,topo_minimal,9,21697_06656699,topo_connected,1.0,False
22278_12f1fb79,topo_minimal,10,21316_69ed56f5,topo_complex,1.0,False
21599_80057f94,topo_connected,1,22907_ff18dbd5,topo_moderate,1.0,False
21599_80057f94,topo_connected,2,22058_71feafda,topo_isolated,1.0,False
21599_80057f94,topo_connected,3,20672_0bc07cce,topo_minimal,1.0,False
21599_80057f94,topo_connected,4,21616_c6c3347a,topo_isolated,1.0,False
21599_80057f94,topo_connected,5,23439_18900af2,topo_minimal,1.0,False
21599_80057f94,topo_connected,6,23435_e1c96b4d,topo_moderate,1.0,False
21599_80057f94,topo_connected,7,20467_f1fcc009,topo_isolated,1.0,False
21599_80057f94,topo_connected,8,20259_de1ab632,topo_minimal,1.0,False
21599_80057f94,topo_connected,9,22053_de30641b,topo_minimal,1.0,False
21599_80057f94,topo_connected,10,21761_fdb5f86d,topo_moderate,1.0,False
23226_8d1b5098,topo_connected,1,21700_28d193ac,topo_complex,1.0,False
23226_8d1b5098,topo_connected,2,23048_8a1a5553,topo_complex,1.0,False
23226_8d1b5098,topo_connected,3,21986_67c5509a,topo_complex,1.0,False
23226_8d1b5098,topo_connected,4,21425_d0d47a2a,topo_complex,1.0,False
23226_8d1b5098,topo_connected,5,23123_f35404c4,topo_complex,1.0,False
23226_8d1b5098,topo_connected,6,21545_4384f96e,topo_moderate,1.0,False
23226_8d1b5098,topo_connected,7,21582_a3d32115,topo_moderate,1.0,False
23226_8d1b5098,topo_connected,8,21580_b8b2571b,topo_connected,1.0,True
23226_8d1b5098,topo_connected,9,21926_b4c7068b,topo_complex,1.0,False
23226_8d1b5098,topo_connected,10,23002_4d53fb3f,topo_moderate,1.0,False
21292_f94bd96b,topo_connected,1,20431_27e7f151,topo_connected,1.0,True
21292_f94bd96b,topo_connected,2,21028_d4d30a2e,topo_complex,1.0,False
21292_f94bd96b,topo_connected,3,20789_1809f41f,topo_moderate,1.0,False
21292_f94bd96b,topo_connected,4,23374_57cca189,topo_connected,1.0,True
21292_f94bd96b,topo_connected,5,22196_0deb2e34,topo_connected,0.75,True
21292_f94bd96b,topo_connected,6,22045_ead71aca,topo_moderate,0.75,False
21292_f94bd96b,topo_connected,7,21281_6e562106,topo_moderate,0.75,False
21292_f94bd96b,topo_connected,8,23322_8f85d82d,topo_moderate,0.75,False
21292_f94bd96b,topo_connected,9,20860_b8e9a191,topo_complex,0.75,False
21292_f94bd96b,topo_connected,10,20788_d25efea2,topo_connected,0.75,True
23502_5a80f907,topo_isolated,1,21989_a0b5037d,topo_connected,1.0,False
23502_5a80f907,topo_isolated,2,23363_60e39812,topo_complex,1.0,False
23502_5a80f907,topo_isolated,3,23409_e27e3b8b,topo_isolated,1.0,True
23502_5a80f907,topo_isolated,4,20554_abcb705e,topo_moderate,1.0,False
23502_5a80f907,topo_isolated,5,20229_d1ae2ae3,topo_connected,1.0,False
23502_5a80f907,topo_isolated,6,20755_4b5e61bf,topo_connected,1.0,False
23502_5a80f907,topo_isolated,7,20899_a8d7c6d5,topo_complex,1.0,False
23502_5a80f907,topo_isolated,8,22059_b7d76712,topo_connected,1.0,False
23502_5a80f907,topo_isolated,9,21529_93e51dd9,topo_connected,1.0,False
23502_5a80f907,topo_isolated,10,20858_15bdad00,topo_complex,1.0,False
23144_88ca00a5,topo_connected,1,21700_28d193ac,topo_complex,1.0,False
23144_88ca00a5,topo_connected,2,23048_8a1a5553,topo_complex,1.0,False
23144_88ca00a5,topo_connected,3,21986_67c5509a,topo_complex,1.0,False
23144_88ca00a5,topo_connected,4,21425_d0d47a2a,topo_complex,1.0,False
23144_88ca00a5,topo_connected,5,23123_f35404c4,topo_complex,1.0,False
23144_88ca00a5,topo_connected,6,21545_4384f96e,topo_moderate,1.0,False
23144_88ca00a5,topo_connected,7,21582_a3d32115,topo_moderate,1.0,False
23144_88ca00a5,topo_connected,8,21580_b8b2571b,topo_connected,1.0,True
23144_88ca00a5,topo_connected,9,21926_b4c7068b,topo_complex,1.0,False
23144_88ca00a5,topo_connected,10,23002_4d53fb3f,topo_moderate,1.0,False
23048_8a1a5553,topo_complex,1,21700_28d193ac,topo_complex,1.0,True
23048_8a1a5553,topo_complex,2,23144_88ca00a5,topo_connected,1.0,False
23048_8a1a5553,topo_complex,3,21986_67c5509a,topo_complex,1.0,True
23048_8a1a5553,topo_complex,4,21425_d0d47a2a,topo_complex,1.0,True
23048_8a1a5553,topo_complex,5,23123_f35404c4,topo_complex,1.0,True
23048_8a1a5553,topo_complex,6,21545_4384f96e,topo_moderate,1.0,False
23048_8a1a5553,topo_complex,7,21582_a3d32115,topo_moderate,1.0,False
23048_8a1a5553,topo_complex,8,21580_b8b2571b,topo_connected,1.0,False
23048_8a1a5553,topo_complex,9,21926_b4c7068b,topo_complex,1.0,True
23048_8a1a5553,topo_complex,10,23002_4d53fb3f,topo_moderate,1.0,False
20278_d442e77d,topo_complex,1,21989_a0b5037d,topo_connected,1.0,False
20278_d442e77d,topo_complex,2,23363_60e39812,topo_complex,1.0,True
20278_d442e77d,topo_complex,3,23409_e27e3b8b,topo_isolated,1.0,False
20278_d442e77d,topo_complex,4,20554_abcb705e,topo_moderate,1.0,False
20278_d442e77d,topo_complex,5,20229_d1ae2ae3,topo_connected,1.0,False
20278_d442e77d,topo_complex,6,20755_4b5e61bf,topo_connected,1.0,False
20278_d442e77d,topo_complex,7,20899_a8d7c6d5,topo_complex,1.0,True
20278_d442e77d,topo_complex,8,22059_b7d76712,topo_connected,1.0,False
20278_d442e77d,topo_complex,9,21529_93e51dd9,topo_connected,1.0,False
20278_d442e77d,topo_complex,10,20858_15bdad00,topo_complex,1.0,True
21202_e452c491,topo_isolated,1,21989_a0b5037d,topo_connected,1.0,False
21202_e452c491,topo_isolated,2,23363_60e39812,topo_complex,1.0,False
21202_e452c491,topo_isolated,3,23409_e27e3b8b,topo_isolated,1.0,True
21202_e452c491,topo_isolated,4,20554_abcb705e,topo_moderate,1.0,False
21202_e452c491,topo_isolated,5,20229_d1ae2ae3,topo_connected,1.0,False
21202_e452c491,topo_isolated,6,20755_4b5e61bf,topo_connected,1.0,False
21202_e452c491,topo_isolated,7,20899_a8d7c6d5,topo_complex,1.0,False
21202_e452c491,topo_isolated,8,22059_b7d76712,topo_connected,1.0,False
21202_e452c491,topo_isolated,9,21529_93e51dd9,topo_connected,1.0,False
21202_e452c491,topo_isolated,10,20858_15bdad00,topo_complex,1.0,False
23026_e6f08109,topo_complex,1,21989_a0b5037d,topo_connected,1.0,False
23026_e6f08109,topo_complex,2,23363_60e39812,topo_complex,1.0,True
23026_e6f08109,topo_complex,3,23409_e27e3b8b,topo_isolated,1.0,False
23026_e6f08109,topo_complex,4,20554_abcb705e,topo_moderate,1.0,False
23026_e6f08109,topo_complex,5,20229_d1ae2ae3,topo_connected,1.0,False
23026_e6f08109,topo_complex,6,20755_4b5e61bf,topo_connected,1.0,False
23026_e6f08109,topo_complex,7,20899_a8d7c6d5,topo_complex,1.0,True
23026_e6f08109,topo_complex,8,22059_b7d76712,topo_connected,1.0,False
23026_e6f08109,topo_complex,9,21529_93e51dd9,topo_connected,1.0,False
23026_e6f08109,topo_complex,10,20858_15bdad00,topo_complex,1.0,True
20822_5bb36119,topo_isolated,1,21448_5646a1b6,topo_minimal,1.0,False
20822_5bb36119,topo_isolated,2,20807_88c198d5,topo_isolated,1.0,True
20822_5bb36119,topo_isolated,3,22136_a539c50b,topo_isolated,1.0,True
20822_5bb36119,topo_isolated,4,20758_cdccf572,topo_moderate,1.0,False
20822_5bb36119,topo_isolated,5,22283_36ba29c9,topo_minimal,1.0,False
20822_5bb36119,topo_isolated,6,21257_770fee9a,topo_isolated,1.0,True
20822_5bb36119,topo_isolated,7,22154_24342da4,topo_isolated,1.0,True
20822_5bb36119,topo_isolated,8,20731_fbdc7731,topo_moderate,1.0,False
20822_5bb36119,topo_isolated,9,21384_b9774b93,topo_moderate,1.0,False
20822_5bb36119,topo_isolated,10,23103_43bde2a6,topo_minimal,1.0,False
22405_20f11d58,topo_isolated,1,21700_28d193ac,topo_complex,1.0,False
22405_20f11d58,topo_isolated,2,23144_88ca00a5,topo_connected,1.0,False
22405_20f11d58,topo_isolated,3,21986_67c5509a,topo_complex,1.0,False
22405_20f11d58,topo_isolated,4,21425_d0d47a2a,topo_complex,1.0,False
22405_20f11d58,topo_isolated,5,23123_f35404c4,topo_complex,1.0,False
22405_20f11d58,topo_isolated,6,21545_4384f96e,topo_moderate,1.0,False
22405_20f11d58,topo_isolated,7,21582_a3d32115,topo_moderate,1.0,False
22405_20f11d58,topo_isolated,8,21580_b8b2571b,topo_connected,1.0,False
22405_20f11d58,topo_isolated,9,21926_b4c7068b,topo_complex,1.0,False
22405_20f11d58,topo_isolated,10,23002_4d53fb3f,topo_moderate,1.0,False
20188_98b86c0f,topo_moderate,1,22498_b8bdb105,topo_minimal,1.0,False
20188_98b86c0f,topo_moderate,2,20340_86125547,topo_minimal,1.0,False
20188_98b86c0f,topo_moderate,3,20586_cbec2689,topo_connected,1.0,False
20188_98b86c0f,topo_moderate,4,21785_d595ced5,topo_minimal,1.0,False
20188_98b86c0f,topo_moderate,5,21994_357aac6f,topo_connected,0.75,False
20188_98b86c0f,topo_moderate,6,22378_234fea2c,topo_moderate,0.75,True
20188_98b86c0f,topo_moderate,7,22839_113f2990,topo_minimal,0.75,False
20188_98b86c0f,topo_moderate,8,21184_971559b6,topo_connected,0.75,False
20188_98b86c0f,topo_moderate,9,22053_de30641b,topo_minimal,0.75,False
20188_98b86c0f,topo_moderate,10,22891_b8c84495,topo_moderate,0.75,True
20349_a12428da,topo_isolated,1,21989_a0b5037d,topo_connected,1.0,False
20349_a12428da,topo_isolated,2,23363_60e39812,topo_complex,1.0,False
20349_a12428da,topo_isolated,3,23409_e27e3b8b,topo_isolated,1.0,True
20349_a12428da,topo_isolated,4,20554_abcb705e,topo_moderate,1.0,False
20349_a12428da,topo_isolated,5,20229_d1ae2ae3,topo_connected,1.0,False
20349_a12428da,topo_isolated,6,20755_4b5e61bf,topo_connected,1.0,False
20349_a12428da,topo_isolated,7,20899_a8d7c6d5,topo_complex,1.0,False
20349_a12428da,topo_isolated,8,22059_b7d76712,topo_connected,1.0,False
20349_a12428da,topo_isolated,9,21529_93e51dd9,topo_connected,1.0,False
20349_a12428da,topo_isolated,10,20858_15bdad00,topo_complex,1.0,False
21244_24c3ce72,topo_complex,1,21700_28d193ac,topo_complex,1.0,True
21244_24c3ce72,topo_complex,2,23144_88ca00a5,topo_connected,1.0,False
21244_24c3ce72,topo_complex,3,21986_67c5509a,topo_complex,1.0,True
21244_24c3ce72,topo_complex,4,21425_d0d47a2a,topo_complex,1.0,True
21244_24c3ce72,topo_complex,5,23123_f35404c4,topo_complex,1.0,True
21244_24c3ce72,topo_complex,6,21545_4384f96e,topo_moderate,1.0,False
21244_24c3ce72,topo_complex,7,21582_a3d32115,topo_moderate,1.0,False
21244_24c3ce72,topo_complex,8,21580_b8b2571b,topo_connected,1.0,False
21244_24c3ce72,topo_complex,9,21926_b4c7068b,topo_complex,1.0,True
21244_24c3ce72,topo_complex,10,23002_4d53fb3f,topo_moderate,1.0,False
21274_2fb8c3f5,topo_isolated,1,22907_ff18dbd5,topo_moderate,1.0,False
21274_2fb8c3f5,topo_isolated,2,22058_71feafda,topo_isolated,1.0,True
21274_2fb8c3f5,topo_isolated,3,20672_0bc07cce,topo_minimal,1.0,False
21274_2fb8c3f5,topo_isolated,4,21616_c6c3347a,topo_isolated,1.0,True
21274_2fb8c3f5,topo_isolated,5,23439_18900af2,topo_minimal,1.0,False
21274_2fb8c3f5,topo_isolated,6,23435_e1c96b4d,topo_moderate,1.0,False
21274_2fb8c3f5,topo_isolated,7,20467_f1fcc009,topo_isolated,1.0,True
21274_2fb8c3f5,topo_isolated,8,20259_de1ab632,topo_minimal,1.0,False
21274_2fb8c3f5,topo_isolated,9,22053_de30641b,topo_minimal,1.0,False
21274_2fb8c3f5,topo_isolated,10,21761_fdb5f86d,topo_moderate,1.0,False
20898_5f5b9bc7,topo_minimal,1,22907_ff18dbd5,topo_moderate,1.0,False
20898_5f5b9bc7,topo_minimal,2,22058_71feafda,topo_isolated,1.0,False
20898_5f5b9bc7,topo_minimal,3,20672_0bc07cce,topo_minimal,1.0,True
20898_5f5b9bc7,topo_minimal,4,21616_c6c3347a,topo_isolated,1.0,False
20898_5f5b9bc7,topo_minimal,5,23439_18900af2,topo_minimal,1.0,True
20898_5f5b9bc7,topo_minimal,6,23435_e1c96b4d,topo_moderate,1.0,False
20898_5f5b9bc7,topo_minimal,7,20467_f1fcc009,topo_isolated,1.0,False
20898_5f5b9bc7,topo_minimal,8,20259_de1ab632,topo_minimal,1.0,True
20898_5f5b9bc7,topo_minimal,9,22053_de30641b,topo_minimal,1.0,True
20898_5f5b9bc7,topo_minimal,10,21761_fdb5f86d,topo_moderate,1.0,False
22440_014f1bac,topo_connected,1,21989_a0b5037d,topo_connected,1.0,True
22440_014f1bac,topo_connected,2,23363_60e39812,topo_complex,1.0,False
22440_014f1bac,topo_connected,3,23409_e27e3b8b,topo_isolated,1.0,False
22440_014f1bac,topo_connected,4,20554_abcb705e,topo_moderate,1.0,False
22440_014f1bac,topo_connected,5,20229_d1ae2ae3,topo_connected,1.0,True
22440_014f1bac,topo_connected,6,20755_4b5e61bf,topo_connected,1.0,True
22440_014f1bac,topo_connected,7,20899_a8d7c6d5,topo_complex,1.0,False
22440_014f1bac,topo_connected,8,22059_b7d76712,topo_connected,1.0,True
22440_014f1bac,topo_connected,9,21529_93e51dd9,topo_connected,1.0,True
22440_014f1bac,topo_connected,10,20858_15bdad00,topo_complex,1.0,False
22199_8ec9eeb2,topo_complex,1,21989_a0b5037d,topo_connected,1.0,False
22199_8ec9eeb2,topo_complex,2,23363_60e39812,topo_complex,1.0,True
22199_8ec9eeb2,topo_complex,3,23409_e27e3b8b,topo_isolated,1.0,False
22199_8ec9eeb2,topo_complex,4,20554_abcb705e,topo_moderate,1.0,False
22199_8ec9eeb2,topo_complex,5,20229_d1ae2ae3,topo_connected,1.0,False
22199_8ec9eeb2,topo_complex,6,20755_4b5e61bf,topo_connected,1.0,False
22199_8ec9eeb2,topo_complex,7,20899_a8d7c6d5,topo_complex,1.0,True
22199_8ec9eeb2,topo_complex,8,22059_b7d76712,topo_connected,1.0,False
22199_8ec9eeb2,topo_complex,9,21529_93e51dd9,topo_connected,1.0,False
22199_8ec9eeb2,topo_complex,10,20858_15bdad00,topo_complex,1.0,True
22729_232da678,topo_connected,1,21989_a0b5037d,topo_connected,1.0,True
22729_232da678,topo_connected,2,23363_60e39812,topo_complex,1.0,False
22729_232da678,topo_connected,3,23409_e27e3b8b,topo_isolated,1.0,False
22729_232da678,topo_connected,4,20554_abcb705e,topo_moderate,1.0,False
22729_232da678,topo_connected,5,20229_d1ae2ae3,topo_connected,1.0,True
22729_232da678,topo_connected,6,20755_4b5e61bf,topo_connected,1.0,True
22729_232da678,topo_connected,7,20899_a8d7c6d5,topo_complex,1.0,False
22729_232da678,topo_connected,8,22059_b7d76712,topo_connected,1.0,True
22729_232da678,topo_connected,9,21529_93e51dd9,topo_connected,1.0,True
22729_232da678,topo_connected,10,20858_15bdad00,topo_complex,1.0,False
20636_ca9eb29a,topo_connected,1,21700_28d193ac,topo_complex,1.0,False
20636_ca9eb29a,topo_connected,2,23144_88ca00a5,topo_connected,1.0,True
20636_ca9eb29a,topo_connected,3,21986_67c5509a,topo_complex,1.0,False
20636_ca9eb29a,topo_connected,4,21425_d0d47a2a,topo_complex,1.0,False
20636_ca9eb29a,topo_connected,5,23123_f35404c4,topo_complex,1.0,False
20636_ca9eb29a,topo_connected,6,21545_4384f96e,topo_moderate,1.0,False
20636_ca9eb29a,topo_connected,7,21582_a3d32115,topo_moderate,1.0,False
20636_ca9eb29a,topo_connected,8,21580_b8b2571b,topo_connected,1.0,True
20636_ca9eb29a,topo_connected,9,21926_b4c7068b,topo_complex,1.0,False
20636_ca9eb29a,topo_connected,10,23002_4d53fb3f,topo_moderate,1.0,False
21611_1d3ff1b6,topo_isolated,1,22907_ff18dbd5,topo_moderate,1.0,False
21611_1d3ff1b6,topo_isolated,2,21761_fdb5f86d,topo_moderate,1.0,False
21611_1d3ff1b6,topo_isolated,3,23006_92c5b990,topo_moderate,1.0,False
21611_1d3ff1b6,topo_isolated,4,20672_0bc07cce,topo_minimal,1.0,False
21611_1d3ff1b6,topo_isolated,5,23439_18900af2,topo_minimal,1.0,False
21611_1d3ff1b6,topo_isolated,6,23435_e1c96b4d,topo_moderate,1.0,False
21611_1d3ff1b6,topo_isolated,7,21616_c6c3347a,topo_isolated,1.0,True
21611_1d3ff1b6,topo_isolated,8,20259_de1ab632,topo_minimal,1.0,False
21611_1d3ff1b6,topo_isolated,9,22053_de30641b,topo_minimal,1.0,False
21611_1d3ff1b6,topo_isolated,10,20467_f1fcc009,topo_isolated,1.0,True
22125_e3a4cad4,topo_complex,1,22421_19401bdd,topo_complex,1.0,True
22125_e3a4cad4,topo_complex,2,22028_776fbf0d,topo_complex,1.0,True
22125_e3a4cad4,topo_complex,3,23155_d7305c5f,topo_complex,1.0,True
22125_e3a4cad4,topo_complex,4,23217_7c6062e3,topo_connected,1.0,False
22125_e3a4cad4,topo_complex,5,21134_7aa7cd89,topo_complex,1.0,True
22125_e3a4cad4,topo_complex,6,22419_dfeb5d33,topo_complex,1.0,True
22125_e3a4cad4,topo_complex,7,21839_a8eb6d34,topo_isolated,1.0,False
22125_e3a4cad4,topo_complex,8,23258_87a2ba81,topo_complex,1.0,True
22125_e3a4cad4,topo_complex,9,21697_06656699,topo_connected,1.0,False
22125_e3a4cad4,topo_complex,10,21316_69ed56f5,topo_complex,1.0,True
21979_29f59427,topo_connected,1,20287_072b5bf6,topo_isolated,1.0,False
21979_29f59427,topo_connected,2,22764_b884dce6,topo_moderate,1.0,False
21979_29f59427,topo_connected,3,21700_28d193ac,topo_complex,0.75,False
21979_29f59427,topo_connected,4,21918_976c2754,topo_complex,0.75,False
21979_29f59427,topo_connected,5,21986_67c5509a,topo_complex,0.75,False
21979_29f59427,topo_connected,6,21425_d0d47a2a,topo_complex,0.75,False
21979_29f59427,topo_connected,7,23123_f35404c4,topo_complex,0.75,False
21979_29f59427,topo_connected,8,21545_4384f96e,topo_moderate,0.75,False
21979_29f59427,topo_connected,9,21580_b8b2571b,topo_connected,0.75,True
21979_29f59427,topo_connected,10,22430_c6f08b03,topo_complex,0.75,False
21048_75cc125c,topo_complex,1,20157_db99ab88,topo_moderate,1.0,False
21048_75cc125c,topo_complex,2,21715_53df62c9,topo_minimal,1.0,False
21048_75cc125c,topo_complex,3,22218_2f85f6ae,topo_connected,1.0,False
21048_75cc125c,topo_complex,4,23238_3c864758,topo_moderate,1.0,False
21048_75cc125c,topo_complex,5,21600_0027c6fc,topo_moderate,1.0,False
21048_75cc125c,topo_complex,6,22681_124bf3a9,topo_moderate,1.0,False
21048_75cc125c,topo_complex,7,23034_b38134ee,topo_connected,1.0,False
21048_75cc125c,topo_complex,8,20504_c9e14c9d,topo_connected,1.0,False
21048_75cc125c,topo_complex,9,22061_b50b6b66,topo_isolated,1.0,False
21048_75cc125c,topo_complex,10,23152_6f2706c9,topo_moderate,1.0,False
21831_54ca67d1,topo_minimal,1,23468_a0bfb573,topo_complex,1.0,False
21831_54ca67d1,topo_minimal,2,23178_eb4b4280,topo_minimal,1.0,True
21831_54ca67d1,topo_minimal,3,22095_af226cbc,topo_complex,1.0,False
21831_54ca67d1,topo_minimal,4,22892_68138f24,topo_minimal,1.0,True
21831_54ca67d1,topo_minimal,5,21961_1a090a8b,topo_isolated,1.0,False
21831_54ca67d1,topo_minimal,6,22434_2ad62ed6,topo_minimal,1.0,True
21831_54ca67d1,topo_minimal,7,23259_d655fcc1,topo_moderate,1.0,False
21831_54ca67d1,topo_minimal,8,22049_4da0d894,topo_connected,1.0,False
21831_54ca67d1,topo_minimal,9,22399_97987ada,topo_isolated,1.0,False
21831_54ca67d1,topo_minimal,10,23102_211ad1db,topo_isolated,1.0,False
22586_ff3651b2,topo_moderate,1,21989_a0b5037d,topo_connected,1.0,False
22586_ff3651b2,topo_moderate,2,23363_60e39812,topo_complex,1.0,False
22586_ff3651b2,topo_moderate,3,23409_e27e3b8b,topo_isolated,1.0,False
22586_ff3651b2,topo_moderate,4,20554_abcb705e,topo_moderate,1.0,True
22586_ff3651b2,topo_moderate,5,20229_d1ae2ae3,topo_connected,1.0,False
22586_ff3651b2,topo_moderate,6,20755_4b5e61bf,topo_connected,1.0,False
22586_ff3651b2,topo_moderate,7,20899_a8d7c6d5,topo_complex,1.0,False
22586_ff3651b2,topo_moderate,8,22059_b7d76712,topo_connected,1.0,False
22586_ff3651b2,topo_moderate,9,21529_93e51dd9,topo_connected,1.0,False
22586_ff3651b2,topo_moderate,10,20858_15bdad00,topo_complex,1.0,False
21422_b2a6bf27,topo_isolated,1,23039_b3d04774,topo_moderate,1.0,False
21422_b2a6bf27,topo_isolated,2,20838_86c931be,topo_minimal,1.0,False
21422_b2a6bf27,topo_isolated,3,20409_dafedec6,topo_isolated,1.0,True
21422_b2a6bf27,topo_isolated,4,20814_5a2be0fb,topo_minimal,1.0,False
21422_b2a6bf27,topo_isolated,5,23250_aa321310,topo_moderate,1.0,False
21422_b2a6bf27,topo_isolated,6,19518_f220b68a,topo_isolated,1.0,True
21422_b2a6bf27,topo_isolated,7,20947_115d4058,topo_isolated,1.0,True
21422_b2a6bf27,topo_isolated,8,21570_9cb1d1c4,topo_minimal,1.0,False
21422_b2a6bf27,topo_isolated,9,22981_93f268ae,topo_minimal,1.0,False
21422_b2a6bf27,topo_isolated,10,20940_9777847c,topo_connected,1.0,False
23259_d655fcc1,topo_moderate,1,21831_54ca67d1,topo_minimal,1.0,False
23259_d655fcc1,topo_moderate,2,23320_e0711ae9,topo_connected,1.0,False
23259_d655fcc1,topo_moderate,3,23102_211ad1db,topo_isolated,1.0,False
23259_d655fcc1,topo_moderate,4,21497_9833a679,topo_moderate,1.0,True
23259_d655fcc1,topo_moderate,5,22216_4b032400,topo_minimal,1.0,False
23259_d655fcc1,topo_moderate,6,22259_613f9d44,topo_moderate,1.0,True
23259_d655fcc1,topo_moderate,7,22245_ca848576,topo_connected,1.0,False
23259_d655fcc1,topo_moderate,8,22141_5db99710,topo_moderate,1.0,True
23259_d655fcc1,topo_moderate,9,21271_ec7f62b8,topo_connected,1.0,False
23259_d655fcc1,topo_moderate,10,21840_6847d36c,topo_isolated,1.0,False
21497_9833a679,topo_moderate,1,21831_54ca67d1,topo_minimal,1.0,False
21497_9833a679,topo_moderate,2,23320_e0711ae9,topo_connected,1.0,False
21497_9833a679,topo_moderate,3,23102_211ad1db,topo_isolated,1.0,False
21497_9833a679,topo_moderate,4,23259_d655fcc1,topo_moderate,1.0,True
21497_9833a679,topo_moderate,5,22216_4b032400,topo_minimal,1.0,False
21497_9833a679,topo_moderate,6,22259_613f9d44,topo_moderate,1.0,True
21497_9833a679,topo_moderate,7,22245_ca848576,topo_connected,1.0,False
21497_9833a679,topo_moderate,8,22141_5db99710,topo_moderate,1.0,True
21497_9833a679,topo_moderate,9,21271_ec7f62b8,topo_connected,1.0,False
21497_9833a679,topo_moderate,10,21840_6847d36c,topo_isolated,1.0,False
22245_ca848576,topo_connected,1,21831_54ca67d1,topo_minimal,1.0,False
22245_ca848576,topo_connected,2,23320_e0711ae9,topo_connected,1.0,True
22245_ca848576,topo_connected,3,23102_211ad1db,topo_isolated,1.0,False
22245_ca848576,topo_connected,4,23259_d655fcc1,topo_moderate,1.0,False
22245_ca848576,topo_connected,5,22216_4b032400,topo_minimal,1.0,False
22245_ca848576,topo_connected,6,22259_613f9d44,topo_moderate,1.0,False
22245_ca848576,topo_connected,7,21497_9833a679,topo_moderate,1.0,False
22245_ca848576,topo_connected,8,22141_5db99710,topo_moderate,1.0,False
22245_ca848576,topo_connected,9,21271_ec7f62b8,topo_connected,1.0,True
22245_ca848576,topo_connected,10,21840_6847d36c,topo_isolated,1.0,False
21848_0fff9631,topo_isolated,1,22907_ff18dbd5,topo_moderate,1.0,False
21848_0fff9631,topo_isolated,2,22058_71feafda,topo_isolated,1.0,True
21848_0fff9631,topo_isolated,3,20672_0bc07cce,topo_minimal,1.0,False
21848_0fff9631,topo_isolated,4,21616_c6c3347a,topo_isolated,1.0,True
21848_0fff9631,topo_isolated,5,23439_18900af2,topo_minimal,1.0,False
21848_0fff9631,topo_isolated,6,23435_e1c96b4d,topo_moderate,1.0,False
21848_0fff9631,topo_isolated,7,20467_f1fcc009,topo_isolated,1.0,True
21848_0fff9631,topo_isolated,8,20259_de1ab632,topo_minimal,1.0,False
21848_0fff9631,topo_isolated,9,22053_de30641b,topo_minimal,1.0,False
21848_0fff9631,topo_isolated,10,21761_fdb5f86d,topo_moderate,1.0,False
20731_fbdc7731,topo_moderate,1,21448_5646a1b6,topo_minimal,1.0,False
20731_fbdc7731,topo_moderate,2,20807_88c198d5,topo_isolated,1.0,False
20731_fbdc7731,topo_moderate,3,22136_a539c50b,topo_isolated,1.0,False
20731_fbdc7731,topo_moderate,4,20758_cdccf572,topo_moderate,1.0,True
20731_fbdc7731,topo_moderate,5,22283_36ba29c9,topo_minimal,1.0,False
20731_fbdc7731,topo_moderate,6,21257_770fee9a,topo_isolated,1.0,False
20731_fbdc7731,topo_moderate,7,22154_24342da4,topo_isolated,1.0,False
20731_fbdc7731,topo_moderate,8,21384_b9774b93,topo_moderate,1.0,True
20731_fbdc7731,topo_moderate,9,23103_43bde2a6,topo_minimal,1.0,False
20731_fbdc7731,topo_moderate,10,20989_885bd9b9,topo_minimal,1.0,False
21015_10304cb9,topo_isolated,1,22907_ff18dbd5,topo_moderate,1.0,False
21015_10304cb9,topo_isolated,2,22058_71feafda,topo_isolated,1.0,True
21015_10304cb9,topo_isolated,3,20672_0bc07cce,topo_minimal,1.0,False
21015_10304cb9,topo_isolated,4,21616_c6c3347a,topo_isolated,1.0,True
21015_10304cb9,topo_isolated,5,23439_18900af2,topo_minimal,1.0,False
21015_10304cb9,topo_isolated,6,23435_e1c96b4d,topo_moderate,1.0,False
21015_10304cb9,topo_isolated,7,20467_f1fcc009,topo_isolated,1.0,True
21015_10304cb9,topo_isolated,8,20259_de1ab632,topo_minimal,1.0,False
21015_10304cb9,topo_isolated,9,22053_de30641b,topo_minimal,1.0,False
21015_10304cb9,topo_isolated,10,21761_fdb5f86d,topo_moderate,1.0,False
23210_f535bfd2,topo_moderate,1,23244_34b5f55e,topo_connected,1.0,False
23210_f535bfd2,topo_moderate,2,23236_d5867507,topo_connected,1.0,False
23210_f535bfd2,topo_moderate,3,23218_02d26ab4,topo_moderate,1.0,True
23210_f535bfd2,topo_moderate,4,23209_1592b0a4,topo_moderate,1.0,True
23210_f535bfd2,topo_moderate,5,23219_40625e2c,topo_moderate,1.0,True
23210_f535bfd2,topo_moderate,6,23211_3aac9c7e,topo_connected,1.0,False
23210_f535bfd2,topo_moderate,7,23164_659c91ef,topo_connected,0.75,False
23210_f535bfd2,topo_moderate,8,22589_2c8f7c0b,topo_minimal,0.75,False
23210_f535bfd2,topo_moderate,9,22891_b8c84495,topo_moderate,0.75,True
23210_f535bfd2,topo_moderate,10,23199_75dc1efd,topo_minimal,0.75,False
22784_bcace961,topo_isolated,1,21989_a0b5037d,topo_connected,1.0,False
22784_bcace961,topo_isolated,2,23363_60e39812,topo_complex,1.0,False
22784_bcace961,topo_isolated,3,23409_e27e3b8b,topo_isolated,1.0,True
22784_bcace961,topo_isolated,4,20554_abcb705e,topo_moderate,1.0,False
22784_bcace961,topo_isolated,5,20229_d1ae2ae3,topo_connected,1.0,False
22784_bcace961,topo_isolated,6,20755_4b5e61bf,topo_connected,1.0,False
22784_bcace961,topo_isolated,7,20899_a8d7c6d5,topo_complex,1.0,False
22784_bcace961,topo_isolated,8,22059_b7d76712,topo_connected,1.0,False
22784_bcace961,topo_isolated,9,21529_93e51dd9,topo_connected,1.0,False
22784_bcace961,topo_isolated,10,20858_15bdad00,topo_complex,1.0,False
22630_b6010fff,topo_connected,1,21989_a0b5037d,topo_connected,1.0,True
22630_b6010fff,topo_connected,2,22072_5163223a,topo_moderate,1.0,False
22630_b6010fff,topo_connected,3,23331_192866b6,topo_connected,1.0,True
22630_b6010fff,topo_connected,4,21358_a69a36f3,topo_moderate,1.0,False
22630_b6010fff,topo_connected,5,22035_101c7ab4,topo_connected,1.0,True
22630_b6010fff,topo_connected,6,23505_161e8ec5,topo_connected,1.0,True
22630_b6010fff,topo_connected,7,20788_d25efea2,topo_connected,1.0,True
22630_b6010fff,topo_connected,8,21923_41fa6eda,topo_moderate,1.0,False
22630_b6010fff,topo_connected,9,22228_1c82530b,topo_connected,1.0,True
22630_b6010fff,topo_connected,10,21390_4d1e2d9c,topo_moderate,1.0,False
20755_4b5e61bf,topo_connected,1,21989_a0b5037d,topo_connected,1.0,True
20755_4b5e61bf,topo_connected,2,23363_60e39812,topo_complex,1.0,False
20755_4b5e61bf,topo_connected,3,23409_e27e3b8b,topo_isolated,1.0,False
20755_4b5e61bf,topo_connected,4,20554_abcb705e,topo_moderate,1.0,False
20755_4b5e61bf,topo_connected,5,20229_d1ae2ae3,topo_connected,1.0,True
20755_4b5e61bf,topo_connected,6,20899_a8d7c6d5,topo_complex,1.0,False
20755_4b5e61bf,topo_connected,7,22059_b7d76712,topo_connected,1.0,True
20755_4b5e61bf,topo_connected,8,21529_93e51dd9,topo_connected,1.0,True
20755_4b5e61bf,topo_connected,9,20858_15bdad00,topo_complex,1.0,False
20755_4b5e61bf,topo_connected,10,23434_6635ed57,topo_connected,1.0,True
23002_4d53fb3f,topo_moderate,1,21700_28d193ac,topo_complex,1.0,False
23002_4d53fb3f,topo_moderate,2,23144_88ca00a5,topo_connected,1.0,False
23002_4d53fb3f,topo_moderate,3,21986_67c5509a,topo_complex,1.0,False
23002_4d53fb3f,topo_moderate,4,21425_d0d47a2a,topo_complex,1.0,False
23002_4d53fb3f,topo_moderate,5,23123_f35404c4,topo_complex,1.0,False
23002_4d53fb3f,topo_moderate,6,21545_4384f96e,topo_moderate,1.0,True
23002_4d53fb3f,topo_moderate,7,21582_a3d32115,topo_moderate,1.0,True
23002_4d53fb3f,topo_moderate,8,21580_b8b2571b,topo_connected,1.0,False
23002_4d53fb3f,topo_moderate,9,21926_b4c7068b,topo_complex,1.0,False
23002_4d53fb3f,topo_moderate,10,20636_ca9eb29a,topo_connected,1.0,False
20291_42287610,topo_isolated,1,22907_ff18dbd5,topo_moderate,1.0,False
20291_42287610,topo_isolated,2,22058_71feafda,topo_isolated,1.0,True
20291_42287610,topo_isolated,3,20672_0bc07cce,topo_minimal,1.0,False
20291_42287610,topo_isolated,4,21616_c6c3347a,topo_isolated,1.0,True
20291_42287610,topo_isolated,5,23439_18900af2,topo_minimal,1.0,False
20291_42287610,topo_isolated,6,23435_e1c96b4d,topo_moderate,1.0,False
20291_42287610,topo_isolated,7,20467_f1fcc009,topo_isolated,1.0,True
20291_42287610,topo_isolated,8,20259_de1ab632,topo_minimal,1.0,False
20291_42287610,topo_isolated,9,22053_de30641b,topo_minimal,1.0,False
20291_42287610,topo_isolated,10,21761_fdb5f86d,topo_moderate,1.0,False
23245_ccd099b6,topo_connected,1,20504_c9e14c9d,topo_connected,0.75,True
23245_ccd099b6,topo_connected,2,21625_d5d4c9a7,topo_moderate,0.75,False
23245_ccd099b6,topo_connected,3,20176_a02bde39,topo_complex,0.75,False
23245_ccd099b6,topo_connected,4,20285_b64b1a7e,topo_minimal,0.75,False
23245_ccd099b6,topo_connected,5,21715_53df62c9,topo_minimal,0.75,False
23245_ccd099b6,topo_connected,6,23218_02d26ab4,topo_moderate,0.75,False
23245_ccd099b6,topo_connected,7,20421_83f66ddc,topo_minimal,0.75,False
23245_ccd099b6,topo_connected,8,23244_34b5f55e,topo_connected,0.75,True
23245_ccd099b6,topo_connected,9,23210_f535bfd2,topo_moderate,0.75,False
23245_ccd099b6,topo_connected,10,20414_a33bd0d7,topo_moderate,0.75,False
21580_b8b2571b,topo_connected,1,21700_28d193ac,topo_complex,1.0,False
21580_b8b2571b,topo_connected,2,23144_88ca00a5,topo_connected,1.0,True
21580_b8b2571b,topo_connected,3,21986_67c5509a,topo_complex,1.0,False
21580_b8b2571b,topo_connected,4,21425_d0d47a2a,topo_complex,1.0,False
21580_b8b2571b,topo_connected,5,23123_f35404c4,topo_complex,1.0,False
21580_b8b2571b,topo_connected,6,21545_4384f96e,topo_moderate,1.0,False
21580_b8b2571b,topo_connected,7,21582_a3d32115,topo_moderate,1.0,False
21580_b8b2571b,topo_connected,8,23002_4d53fb3f,topo_moderate,1.0,False
21580_b8b2571b,topo_connected,9,21926_b4c7068b,topo_complex,1.0,False
21580_b8b2571b,topo_connected,10,20636_ca9eb29a,topo_connected,1.0,True
21365_ab403591,topo_connected,1,21989_a0b5037d,topo_connected,1.0,True
21365_ab403591,topo_connected,2,23363_60e39812,topo_complex,1.0,False
21365_ab403591,topo_connected,3,23409_e27e3b8b,topo_isolated,1.0,False
21365_ab403591,topo_connected,4,20554_abcb705e,topo_moderate,1.0,False
21365_ab403591,topo_connected,5,20229_d1ae2ae3,topo_connected,1.0,True
21365_ab403591,topo_connected,6,20899_a8d7c6d5,topo_complex,1.0,False
21365_ab403591,topo_connected,7,22059_b7d76712,topo_connected,1.0,True
21365_ab403591,topo_connected,8,21529_93e51dd9,topo_connected,1.0,True
21365_ab403591,topo_connected,9,20858_15bdad00,topo_complex,1.0,False
21365_ab403591,topo_connected,10,23434_6635ed57,topo_connected,1.0,True
22014_5880c417,topo_moderate,1,22907_ff18dbd5,topo_moderate,1.0,True
22014_5880c417,topo_moderate,2,22058_71feafda,topo_isolated,1.0,False
22014_5880c417,topo_moderate,3,20672_0bc07cce,topo_minimal,1.0,False
22014_5880c417,topo_moderate,4,21616_c6c3347a,topo_isolated,1.0,False
22014_5880c417,topo_moderate,5,23439_18900af2,topo_minimal,1.0,False
22014_5880c417,topo_moderate,6,23435_e1c96b4d,topo_moderate,1.0,True
22014_5880c417,topo_moderate,7,20467_f1fcc009,topo_isolated,1.0,False
22014_5880c417,topo_moderate,8,20259_de1ab632,topo_minimal,1.0,False
22014_5880c417,topo_moderate,9,22053_de30641b,topo_minimal,1.0,False
22014_5880c417,topo_moderate,10,21761_fdb5f86d,topo_moderate,1.0,True
21630_316322ff,topo_isolated,1,22907_ff18dbd5,topo_moderate,1.0,False
21630_316322ff,topo_isolated,2,22058_71feafda,topo_isolated,1.0,True
21630_316322ff,topo_isolated,3,20672_0bc07cce,topo_minimal,1.0,False
21630_316322ff,topo_isolated,4,21616_c6c3347a,topo_isolated,1.0,True
21630_316322ff,topo_isolated,5,23439_18900af2,topo_minimal,1.0,False
21630_316322ff,topo_isolated,6,23435_e1c96b4d,topo_moderate,1.0,False
21630_316322ff,topo_isolated,7,20467_f1fcc009,topo_isolated,1.0,True
21630_316322ff,topo_isolated,8,20259_de1ab632,topo_minimal,1.0,False
21630_316322ff,topo_isolated,9,22053_de30641b,topo_minimal,1.0,False
21630_316322ff,topo_isolated,10,21761_fdb5f86d,topo_moderate,1.0,False
22349_6f67a96e,topo_minimal,1,22907_ff18dbd5,topo_moderate,1.0,False
22349_6f67a96e,topo_minimal,2,22058_71feafda,topo_isolated,1.0,False
22349_6f67a96e,topo_minimal,3,20672_0bc07cce,topo_minimal,1.0,True
22349_6f67a96e,topo_minimal,4,21616_c6c3347a,topo_isolated,1.0,False
22349_6f67a96e,topo_minimal,5,23439_18900af2,topo_minimal,1.0,True
22349_6f67a96e,topo_minimal,6,23435_e1c96b4d,topo_moderate,1.0,False
22349_6f67a96e,topo_minimal,7,20467_f1fcc009,topo_isolated,1.0,False
22349_6f67a96e,topo_minimal,8,20259_de1ab632,topo_minimal,1.0,True
22349_6f67a96e,topo_minimal,9,22053_de30641b,topo_minimal,1.0,True
22349_6f67a96e,topo_minimal,10,21761_fdb5f86d,topo_moderate,1.0,False
21316_69ed56f5,topo_complex,1,22421_19401bdd,topo_complex,1.0,True
21316_69ed56f5,topo_complex,2,22028_776fbf0d,topo_complex,1.0,True
21316_69ed56f5,topo_complex,3,23155_d7305c5f,topo_complex,1.0,True
21316_69ed56f5,topo_complex,4,23217_7c6062e3,topo_connected,1.0,False
21316_69ed56f5,topo_complex,5,21134_7aa7cd89,topo_complex,1.0,True
21316_69ed56f5,topo_complex,6,22419_dfeb5d33,topo_complex,1.0,True
21316_69ed56f5,topo_complex,7,21839_a8eb6d34,topo_isolated,1.0,False
21316_69ed56f5,topo_complex,8,23258_87a2ba81,topo_complex,1.0,True
21316_69ed56f5,topo_complex,9,21697_06656699,topo_connected,1.0,False
21316_69ed56f5,topo_complex,10,21845_dff8b3a1,topo_complex,1.0,True
20281_a29f9a18,topo_minimal,1,21989_a0b5037d,topo_connected,1.0,False
20281_a29f9a18,topo_minimal,2,23363_60e39812,topo_complex,1.0,False
20281_a29f9a18,topo_minimal,3,23409_e27e3b8b,topo_isolated,1.0,False
20281_a29f9a18,topo_minimal,4,20554_abcb705e,topo_moderate,1.0,False
20281_a29f9a18,topo_minimal,5,20229_d1ae2ae3,topo_connected,1.0,False
20281_a29f9a18,topo_minimal,6,20899_a8d7c6d5,topo_complex,1.0,False
20281_a29f9a18,topo_minimal,7,22059_b7d76712,topo_connected,1.0,False
20281_a29f9a18,topo_minimal,8,21529_93e51dd9,topo_connected,1.0,False
20281_a29f9a18,topo_minimal,9,20858_15bdad00,topo_complex,1.0,False
20281_a29f9a18,topo_minimal,10,23434_6635ed57,topo_connected,1.0,False
21243_3ec5d732,topo_minimal,1,22907_ff18dbd5,topo_moderate,1.0,False
21243_3ec5d732,topo_minimal,2,22058_71feafda,topo_isolated,1.0,False
21243_3ec5d732,topo_minimal,3,20672_0bc07cce,topo_minimal,1.0,True
21243_3ec5d732,topo_minimal,4,21616_c6c3347a,topo_isolated,1.0,False
21243_3ec5d732,topo_minimal,5,23439_18900af2,topo_minimal,1.0,True
21243_3ec5d732,topo_minimal,6,23435_e1c96b4d,topo_moderate,1.0,False
21243_3ec5d732,topo_minimal,7,20467_f1fcc009,topo_isolated,1.0,False
21243_3ec5d732,topo_minimal,8,20259_de1ab632,topo_minimal,1.0,True
21243_3ec5d732,topo_minimal,9,22053_de30641b,topo_minimal,1.0,True
21243_3ec5d732,topo_minimal,10,21761_fdb5f86d,topo_moderate,1.0,False
21545_4384f96e,topo_moderate,1,21700_28d193ac,topo_complex,1.0,False
21545_4384f96e,topo_moderate,2,23144_88ca00a5,topo_connected,1.0,False
21545_4384f96e,topo_moderate,3,21986_67c5509a,topo_complex,1.0,False
21545_4384f96e,topo_moderate,4,21425_d0d47a2a,topo_complex,1.0,False
21545_4384f96e,topo_moderate,5,23123_f35404c4,topo_complex,1.0,False
21545_4384f96e,topo_moderate,6,21582_a3d32115,topo_moderate,1.0,True
21545_4384f96e,topo_moderate,7,21580_b8b2571b,topo_connected,1.0,False
21545_4384f96e,topo_moderate,8,23002_4d53fb3f,topo_moderate,1.0,True
21545_4384f96e,topo_moderate,9,21926_b4c7068b,topo_complex,1.0,False
21545_4384f96e,topo_moderate,10,20636_ca9eb29a,topo_connected,1.0,False
23258_87a2ba81,topo_complex,1,22421_19401bdd,topo_complex,1.0,True
23258_87a2ba81,topo_complex,2,22028_776fbf0d,topo_complex,1.0,True
23258_87a2ba81,topo_complex,3,23155_d7305c5f,topo_complex,1.0,True
23258_87a2ba81,topo_complex,4,23217_7c6062e3,topo_connected,1.0,False
23258_87a2ba81,topo_complex,5,21134_7aa7cd89,topo_complex,1.0,True
23258_87a2ba81,topo_complex,6,22419_dfeb5d33,topo_complex,1.0,True
23258_87a2ba81,topo_complex,7,21839_a8eb6d34,topo_isolated,1.0,False
23258_87a2ba81,topo_complex,8,21316_69ed56f5,topo_complex,1.0,True
23258_87a2ba81,topo_complex,9,21697_06656699,topo_connected,1.0,False
23258_87a2ba81,topo_complex,10,21845_dff8b3a1,topo_complex,1.0,True
21839_a8eb6d34,topo_isolated,1,22421_19401bdd,topo_complex,1.0,False
21839_a8eb6d34,topo_isolated,2,22028_776fbf0d,topo_complex,1.0,False
21839_a8eb6d34,topo_isolated,3,23155_d7305c5f,topo_complex,1.0,False
21839_a8eb6d34,topo_isolated,4,23217_7c6062e3,topo_connected,1.0,False
21839_a8eb6d34,topo_isolated,5,21134_7aa7cd89,topo_complex,1.0,False
21839_a8eb6d34,topo_isolated,6,22419_dfeb5d33,topo_complex,1.0,False
21839_a8eb6d34,topo_isolated,7,23258_87a2ba81,topo_complex,1.0,False
21839_a8eb6d34,topo_isolated,8,21316_69ed56f5,topo_complex,1.0,False
21839_a8eb6d34,topo_isolated,9,21697_06656699,topo_connected,1.0,False
21839_a8eb6d34,topo_isolated,10,21845_dff8b3a1,topo_complex,1.0,False
23123_f35404c4,topo_complex,1,21700_28d193ac,topo_complex,1.0,True
23123_f35404c4,topo_complex,2,23144_88ca00a5,topo_connected,1.0,False
23123_f35404c4,topo_complex,3,21986_67c5509a,topo_complex,1.0,True
23123_f35404c4,topo_complex,4,21425_d0d47a2a,topo_complex,1.0,True
23123_f35404c4,topo_complex,5,21545_4384f96e,topo_moderate,1.0,False
23123_f35404c4,topo_complex,6,21582_a3d32115,topo_moderate,1.0,False
23123_f35404c4,topo_complex,7,21580_b8b2571b,topo_connected,1.0,False
23123_f35404c4,topo_complex,8,23002_4d53fb3f,topo_moderate,1.0,False
23123_f35404c4,topo_complex,9,21926_b4c7068b,topo_complex,1.0,True
23123_f35404c4,topo_complex,10,20636_ca9eb29a,topo_connected,1.0,False
21425_d0d47a2a,topo_complex,1,21700_28d193ac,topo_complex,1.0,True
21425_d0d47a2a,topo_complex,2,23144_88ca00a5,topo_connected,1.0,False
21425_d0d47a2a,topo_complex,3,21986_67c5509a,topo_complex,1.0,True
21425_d0d47a2a,topo_complex,4,23123_f35404c4,topo_complex,1.0,True
21425_d0d47a2a,topo_complex,5,21545_4384f96e,topo_moderate,1.0,False
21425_d0d47a2a,topo_complex,6,21582_a3d32115,topo_moderate,1.0,False
21425_d0d47a2a,topo_complex,7,21580_b8b2571b,topo_connected,1.0,False
21425_d0d47a2a,topo_complex,8,23002_4d53fb3f,topo_moderate,1.0,False
21425_d0d47a2a,topo_complex,9,21926_b4c7068b,topo_complex,1.0,True
21425_d0d47a2a,topo_complex,10,20636_ca9eb29a,topo_connected,1.0,False
22419_dfeb5d33,topo_complex,1,22421_19401bdd,topo_complex,1.0,True
22419_dfeb5d33,topo_complex,2,22028_776fbf0d,topo_complex,1.0,True
22419_dfeb5d33,topo_complex,3,23155_d7305c5f,topo_complex,1.0,True
22419_dfeb5d33,topo_complex,4,23217_7c6062e3,topo_connected,1.0,False
22419_dfeb5d33,topo_complex,5,21134_7aa7cd89,topo_complex,1.0,True
22419_dfeb5d33,topo_complex,6,21839_a8eb6d34,topo_isolated,1.0,False
22419_dfeb5d33,topo_complex,7,23258_87a2ba81,topo_complex,1.0,True
22419_dfeb5d33,topo_complex,8,21316_69ed56f5,topo_complex,1.0,True
22419_dfeb5d33,topo_complex,9,21697_06656699,topo_connected,1.0,False
22419_dfeb5d33,topo_complex,10,21845_dff8b3a1,topo_complex,1.0,True
21986_67c5509a,topo_complex,1,21700_28d193ac,topo_complex,1.0,True
21986_67c5509a,topo_complex,2,23144_88ca00a5,topo_connected,1.0,False
21986_67c5509a,topo_complex,3,21425_d0d47a2a,topo_complex,1.0,True
21986_67c5509a,topo_complex,4,23123_f35404c4,topo_complex,1.0,True
21986_67c5509a,topo_complex,5,21545_4384f96e,topo_moderate,1.0,False
21986_67c5509a,topo_complex,6,21582_a3d32115,topo_moderate,1.0,False
21986_67c5509a,topo_complex,7,21580_b8b2571b,topo_connected,1.0,False
21986_67c5509a,topo_complex,8,23002_4d53fb3f,topo_moderate,1.0,False
21986_67c5509a,topo_complex,9,21926_b4c7068b,topo_complex,1.0,True
21986_67c5509a,topo_complex,10,20636_ca9eb29a,topo_connected,1.0,False
21035_d308c5c4,topo_isolated,1,21989_a0b5037d,topo_connected,1.0,False
21035_d308c5c4,topo_isolated,2,23363_60e39812,topo_complex,1.0,False
21035_d308c5c4,topo_isolated,3,23409_e27e3b8b,topo_isolated,1.0,True
21035_d308c5c4,topo_isolated,4,20554_abcb705e,topo_moderate,1.0,False
21035_d308c5c4,topo_isolated,5,20229_d1ae2ae3,topo_connected,1.0,False
21035_d308c5c4,topo_isolated,6,20899_a8d7c6d5,topo_complex,1.0,False
21035_d308c5c4,topo_isolated,7,22059_b7d76712,topo_connected,1.0,False
21035_d308c5c4,topo_isolated,8,21529_93e51dd9,topo_connected,1.0,False
21035_d308c5c4,topo_isolated,9,20858_15bdad00,topo_complex,1.0,False
21035_d308c5c4,topo_isolated,10,23434_6635ed57,topo_connected,1.0,False
21859_35124f79,topo_complex,1,21700_28d193ac,topo_complex,1.0,True
21859_35124f79,topo_complex,2,23144_88ca00a5,topo_connected,1.0,False
21859_35124f79,topo_complex,3,21425_d0d47a2a,topo_complex,1.0,True
21859_35124f79,topo_complex,4,23123_f35404c4,topo_complex,1.0,True
21859_35124f79,topo_complex,5,21545_4384f96e,topo_moderate,1.0,False
21859_35124f79,topo_complex,6,21582_a3d32115,topo_moderate,1.0,False
21859_35124f79,topo_complex,7,21580_b8b2571b,topo_connected,1.0,False
21859_35124f79,topo_complex,8,23002_4d53fb3f,topo_moderate,1.0,False
21859_35124f79,topo_complex,9,21926_b4c7068b,topo_complex,1.0,True
21859_35124f79,topo_complex,10,20636_ca9eb29a,topo_connected,1.0,False
22421_19401bdd,topo_complex,1,20245_f1b25d43,topo_complex,1.0,True
22421_19401bdd,topo_complex,2,21511_d07c59c2,topo_connected,1.0,False
22421_19401bdd,topo_complex,3,22278_12f1fb79,topo_minimal,1.0,False
22421_19401bdd,topo_complex,4,22028_776fbf0d,topo_complex,1.0,True
22421_19401bdd,topo_complex,5,23329_6939d5d9,topo_complex,1.0,True
22421_19401bdd,topo_complex,6,20737_5249e274,topo_connected,1.0,False
22421_19401bdd,topo_complex,7,21849_a5f563a6,topo_complex,1.0,True
22421_19401bdd,topo_complex,8,21722_68aeba65,topo_complex,1.0,True
22421_19401bdd,topo_complex,9,22893_eb8aa8ac,topo_minimal,1.0,False
22421_19401bdd,topo_complex,10,21843_effbd24d,topo_connected,1.0,False
22787_49022c32,topo_complex,1,21700_28d193ac,topo_complex,1.0,True
22787_49022c32,topo_complex,2,23144_88ca00a5,topo_connected,1.0,False
22787_49022c32,topo_complex,3,21425_d0d47a2a,topo_complex,1.0,True
22787_49022c32,topo_complex,4,23123_f35404c4,topo_complex,1.0,True
22787_49022c32,topo_complex,5,21545_4384f96e,topo_moderate,1.0,False
22787_49022c32,topo_complex,6,21582_a3d32115,topo_moderate,1.0,False
22787_49022c32,topo_complex,7,21580_b8b2571b,topo_connected,1.0,False
22787_49022c32,topo_complex,8,23002_4d53fb3f,topo_moderate,1.0,False
22787_49022c32,topo_complex,9,21926_b4c7068b,topo_complex,1.0,True
22787_49022c32,topo_complex,10,20636_ca9eb29a,topo_connected,1.0,False
23103_66470b7e,topo_moderate,1,22907_ff18dbd5,topo_moderate,1.0,True
23103_66470b7e,topo_moderate,2,22058_71feafda,topo_isolated,1.0,False
23103_66470b7e,topo_moderate,3,20672_0bc07cce,topo_minimal,1.0,False
23103_66470b7e,topo_moderate,4,21616_c6c3347a,topo_isolated,1.0,False
23103_66470b7e,topo_moderate,5,23439_18900af2,topo_minimal,1.0,False
23103_66470b7e,topo_moderate,6,23435_e1c96b4d,topo_moderate,1.0,True
23103_66470b7e,topo_moderate,7,20467_f1fcc009,topo_isolated,1.0,False
23103_66470b7e,topo_moderate,8,20259_de1ab632,topo_minimal,1.0,False
23103_66470b7e,topo_moderate,9,22053_de30641b,topo_minimal,1.0,False
23103_66470b7e,topo_moderate,10,21761_fdb5f86d,topo_moderate,1.0,True
20505_017d4cc4,topo_connected,1,21989_a0b5037d,topo_connected,1.0,True
20505_017d4cc4,topo_connected,2,23363_60e39812,topo_complex,1.0,False
20505_017d4cc4,topo_connected,3,23409_e27e3b8b,topo_isolated,1.0,False
20505_017d4cc4,topo_connected,4,20554_abcb705e,topo_moderate,1.0,False
20505_017d4cc4,topo_connected,5,20229_d1ae2ae3,topo_connected,1.0,True
20505_017d4cc4,topo_connected,6,20899_a8d7c6d5,topo_complex,1.0,False
20505_017d4cc4,topo_connected,7,22059_b7d76712,topo_connected,1.0,True
20505_017d4cc4,topo_connected,8,21529_93e51dd9,topo_connected,1.0,True
20505_017d4cc4,topo_connected,9,20858_15bdad00,topo_complex,1.0,False
20505_017d4cc4,topo_connected,10,23434_6635ed57,topo_connected,1.0,True
23044_9a964a68,topo_complex,1,21989_a0b5037d,topo_connected,1.0,False
23044_9a964a68,topo_complex,2,23363_60e39812,topo_complex,1.0,True
23044_9a964a68,topo_complex,3,23409_e27e3b8b,topo_isolated,1.0,False
23044_9a964a68,topo_complex,4,20554_abcb705e,topo_moderate,1.0,False
23044_9a964a68,topo_complex,5,20229_d1ae2ae3,topo_connected,1.0,False
23044_9a964a68,topo_complex,6,20899_a8d7c6d5,topo_complex,1.0,True
23044_9a964a68,topo_complex,7,22059_b7d76712,topo_connected,1.0,False
23044_9a964a68,topo_complex,8,21529_93e51dd9,topo_connected,1.0,False
23044_9a964a68,topo_complex,9,20858_15bdad00,topo_complex,1.0,True
23044_9a964a68,topo_complex,10,23434_6635ed57,topo_connected,1.0,False
20682_e208cc63,topo_isolated,1,21831_54ca67d1,topo_minimal,1.0,False
20682_e208cc63,topo_isolated,2,22245_ca848576,topo_connected,1.0,False
20682_e208cc63,topo_isolated,3,21478_8fbd4409,topo_moderate,1.0,False
20682_e208cc63,topo_isolated,4,23178_eb4b4280,topo_minimal,1.0,False
20682_e208cc63,topo_isolated,5,22762_dcbdd14d,topo_minimal,1.0,False
20682_e208cc63,topo_isolated,6,7780_6c885e81,topo_complex,1.0,False
20682_e208cc63,topo_isolated,7,21037_62248d34,topo_minimal,1.0,False
20682_e208cc63,topo_isolated,8,21840_6847d36c,topo_isolated,1.0,True
20682_e208cc63,topo_isolated,9,21271_ec7f62b8,topo_connected,1.0,False
20682_e208cc63,topo_isolated,10,22049_4da0d894,topo_connected,1.0,False
21976_807c9b26,topo_minimal,1,22907_ff18dbd5,topo_moderate,1.0,False
21976_807c9b26,topo_minimal,2,22058_71feafda,topo_isolated,1.0,False
21976_807c9b26,topo_minimal,3,20672_0bc07cce,topo_minimal,1.0,True
21976_807c9b26,topo_minimal,4,21616_c6c3347a,topo_isolated,1.0,False
21976_807c9b26,topo_minimal,5,23439_18900af2,topo_minimal,1.0,True
21976_807c9b26,topo_minimal,6,23435_e1c96b4d,topo_moderate,1.0,False
21976_807c9b26,topo_minimal,7,20467_f1fcc009,topo_isolated,1.0,False
21976_807c9b26,topo_minimal,8,20259_de1ab632,topo_minimal,1.0,True
21976_807c9b26,topo_minimal,9,22053_de30641b,topo_minimal,1.0,True
21976_807c9b26,topo_minimal,10,21761_fdb5f86d,topo_moderate,1.0,False
21865_c190b734,topo_minimal,1,22907_ff18dbd5,topo_moderate,1.0,False
21865_c190b734,topo_minimal,2,22058_71feafda,topo_isolated,1.0,False
21865_c190b734,topo_minimal,3,20672_0bc07cce,topo_minimal,1.0,True
21865_c190b734,topo_minimal,4,21616_c6c3347a,topo_isolated,1.0,False
21865_c190b734,topo_minimal,5,23439_18900af2,topo_minimal,1.0,True
21865_c190b734,topo_minimal,6,23435_e1c96b4d,topo_moderate,1.0,False
21865_c190b734,topo_minimal,7,20467_f1fcc009,topo_isolated,1.0,False
21865_c190b734,topo_minimal,8,20259_de1ab632,topo_minimal,1.0,True
21865_c190b734,topo_minimal,9,22053_de30641b,topo_minimal,1.0,True
21865_c190b734,topo_minimal,10,21761_fdb5f86d,topo_moderate,1.0,False
20426_79358492,topo_isolated,1,22907_ff18dbd5,topo_moderate,1.0,False
20426_79358492,topo_isolated,2,22058_71feafda,topo_isolated,1.0,True
20426_79358492,topo_isolated,3,20672_0bc07cce,topo_minimal,1.0,False
20426_79358492,topo_isolated,4,21616_c6c3347a,topo_isolated,1.0,True
20426_79358492,topo_isolated,5,23439_18900af2,topo_minimal,1.0,False
20426_79358492,topo_isolated,6,23435_e1c96b4d,topo_moderate,1.0,False
20426_79358492,topo_isolated,7,20467_f1fcc009,topo_isolated,1.0,True
20426_79358492,topo_isolated,8,20259_de1ab632,topo_minimal,1.0,False
20426_79358492,topo_isolated,9,22053_de30641b,topo_minimal,1.0,False
20426_79358492,topo_isolated,10,21761_fdb5f86d,topo_moderate,1.0,False
22076_20e8a107,topo_complex,1,21700_28d193ac,topo_complex,1.0,True
22076_20e8a107,topo_complex,2,23144_88ca00a5,topo_connected,1.0,False
22076_20e8a107,topo_complex,3,21425_d0d47a2a,topo_complex,1.0,True
22076_20e8a107,topo_complex,4,23123_f35404c4,topo_complex,1.0,True
22076_20e8a107,topo_complex,5,21545_4384f96e,topo_moderate,1.0,False
22076_20e8a107,topo_complex,6,21582_a3d32115,topo_moderate,1.0,False
22076_20e8a107,topo_complex,7,21580_b8b2571b,topo_connected,1.0,False
22076_20e8a107,topo_complex,8,23002_4d53fb3f,topo_moderate,1.0,False
22076_20e8a107,topo_complex,9,21926_b4c7068b,topo_complex,1.0,True
22076_20e8a107,topo_complex,10,20636_ca9eb29a,topo_connected,1.0,False
23217_7c6062e3,topo_connected,1,22421_19401bdd,topo_complex,1.0,False
23217_7c6062e3,topo_connected,2,22028_776fbf0d,topo_complex,1.0,False
23217_7c6062e3,topo_connected,3,23155_d7305c5f,topo_complex,1.0,False
23217_7c6062e3,topo_connected,4,21134_7aa7cd89,topo_complex,1.0,False
23217_7c6062e3,topo_connected,5,22419_dfeb5d33,topo_complex,1.0,False
23217_7c6062e3,topo_connected,6,21839_a8eb6d34,topo_isolated,1.0,False
23217_7c6062e3,topo_connected,7,23258_87a2ba81,topo_complex,1.0,False
23217_7c6062e3,topo_connected,8,21316_69ed56f5,topo_complex,1.0,False
23217_7c6062e3,topo_connected,9,21697_06656699,topo_connected,1.0,True
23217_7c6062e3,topo_connected,10,21845_dff8b3a1,topo_complex,1.0,False
23408_e5fd25ba,topo_moderate,1,22907_ff18dbd5,topo_moderate,1.0,True
23408_e5fd25ba,topo_moderate,2,22058_71feafda,topo_isolated,1.0,False
23408_e5fd25ba,topo_moderate,3,20672_0bc07cce,topo_minimal,1.0,False
23408_e5fd25ba,topo_moderate,4,21616_c6c3347a,topo_isolated,1.0,False
23408_e5fd25ba,topo_moderate,5,23439_18900af2,topo_minimal,1.0,False
23408_e5fd25ba,topo_moderate,6,23435_e1c96b4d,topo_moderate,1.0,True
23408_e5fd25ba,topo_moderate,7,20467_f1fcc009,topo_isolated,1.0,False
23408_e5fd25ba,topo_moderate,8,20259_de1ab632,topo_minimal,1.0,False
23408_e5fd25ba,topo_moderate,9,22053_de30641b,topo_minimal,1.0,False
23408_e5fd25ba,topo_moderate,10,21761_fdb5f86d,topo_moderate,1.0,True
22443_fa24c6f9,topo_isolated,1,21989_a0b5037d,topo_connected,1.0,False
22443_fa24c6f9,topo_isolated,2,23363_60e39812,topo_complex,1.0,False
22443_fa24c6f9,topo_isolated,3,23409_e27e3b8b,topo_isolated,1.0,True
22443_fa24c6f9,topo_isolated,4,20554_abcb705e,topo_moderate,1.0,False
22443_fa24c6f9,topo_isolated,5,20229_d1ae2ae3,topo_connected,1.0,False
22443_fa24c6f9,topo_isolated,6,20899_a8d7c6d5,topo_complex,1.0,False
22443_fa24c6f9,topo_isolated,7,22059_b7d76712,topo_connected,1.0,False
22443_fa24c6f9,topo_isolated,8,21529_93e51dd9,topo_connected,1.0,False
22443_fa24c6f9,topo_isolated,9,20858_15bdad00,topo_complex,1.0,False
22443_fa24c6f9,topo_isolated,10,23434_6635ed57,topo_connected,1.0,False
21706_adfb2ece,topo_moderate,1,21989_a0b5037d,topo_connected,1.0,False
21706_adfb2ece,topo_moderate,2,23363_60e39812,topo_complex,1.0,False
21706_adfb2ece,topo_moderate,3,23409_e27e3b8b,topo_isolated,1.0,False
21706_adfb2ece,topo_moderate,4,20554_abcb705e,topo_moderate,1.0,True
21706_adfb2ece,topo_moderate,5,20229_d1ae2ae3,topo_connected,1.0,False
21706_adfb2ece,topo_moderate,6,20899_a8d7c6d5,topo_complex,1.0,False
21706_adfb2ece,topo_moderate,7,22059_b7d76712,topo_connected,1.0,False
21706_adfb2ece,topo_moderate,8,21529_93e51dd9,topo_connected,1.0,False
21706_adfb2ece,topo_moderate,9,20858_15bdad00,topo_complex,1.0,False
21706_adfb2ece,topo_moderate,10,23434_6635ed57,topo_connected,1.0,False
23265_07de6a0b,topo_moderate,1,22907_ff18dbd5,topo_moderate,1.0,True
23265_07de6a0b,topo_moderate,2,22058_71feafda,topo_isolated,1.0,False
23265_07de6a0b,topo_moderate,3,20672_0bc07cce,topo_minimal,1.0,False
23265_07de6a0b,topo_moderate,4,21616_c6c3347a,topo_isolated,1.0,False
23265_07de6a0b,topo_moderate,5,23439_18900af2,topo_minimal,1.0,False
23265_07de6a0b,topo_moderate,6,23435_e1c96b4d,topo_moderate,1.0,True
23265_07de6a0b,topo_moderate,7,20467_f1fcc009,topo_isolated,1.0,False
23265_07de6a0b,topo_moderate,8,20259_de1ab632,topo_minimal,1.0,False
23265_07de6a0b,topo_moderate,9,22053_de30641b,topo_minimal,1.0,False
23265_07de6a0b,topo_moderate,10,21761_fdb5f86d,topo_moderate,1.0,True
21745_56cbe841,topo_complex,1,21989_a0b5037d,topo_connected,1.0,False
21745_56cbe841,topo_complex,2,23363_60e39812,topo_complex,1.0,True
21745_56cbe841,topo_complex,3,23409_e27e3b8b,topo_isolated,1.0,False
21745_56cbe841,topo_complex,4,20554_abcb705e,topo_moderate,1.0,False
21745_56cbe841,topo_complex,5,20229_d1ae2ae3,topo_connected,1.0,False
21745_56cbe841,topo_complex,6,20899_a8d7c6d5,topo_complex,1.0,True
21745_56cbe841,topo_complex,7,22059_b7d76712,topo_connected,1.0,False
21745_56cbe841,topo_complex,8,21529_93e51dd9,topo_connected,1.0,False
21745_56cbe841,topo_complex,9,20858_15bdad00,topo_complex,1.0,True
21745_56cbe841,topo_complex,10,23434_6635ed57,topo_connected,1.0,False
20466_4b3e5186,topo_minimal,1,22907_ff18dbd5,topo_moderate,1.0,False
20466_4b3e5186,topo_minimal,2,22058_71feafda,topo_isolated,1.0,False
20466_4b3e5186,topo_minimal,3,20672_0bc07cce,topo_minimal,1.0,True
20466_4b3e5186,topo_minimal,4,21616_c6c3347a,topo_isolated,1.0,False
20466_4b3e5186,topo_minimal,5,23439_18900af2,topo_minimal,1.0,True
20466_4b3e5186,topo_minimal,6,23435_e1c96b4d,topo_moderate,1.0,False
20466_4b3e5186,topo_minimal,7,20467_f1fcc009,topo_isolated,1.0,False
20466_4b3e5186,topo_minimal,8,20259_de1ab632,topo_minimal,1.0,True
20466_4b3e5186,topo_minimal,9,22053_de30641b,topo_minimal,1.0,True
20466_4b3e5186,topo_minimal,10,21761_fdb5f86d,topo_moderate,1.0,False
21695_1f33863f,topo_connected,1,20157_db99ab88,topo_moderate,1.0,False
21695_1f33863f,topo_connected,2,22062_2d6b3b72,topo_minimal,1.0,False
21695_1f33863f,topo_connected,3,22218_2f85f6ae,topo_connected,1.0,True
21695_1f33863f,topo_connected,4,23238_3c864758,topo_moderate,1.0,False
21695_1f33863f,topo_connected,5,21600_0027c6fc,topo_moderate,1.0,False
21695_1f33863f,topo_connected,6,22681_124bf3a9,topo_moderate,1.0,False
21695_1f33863f,topo_connected,7,23034_b38134ee,topo_connected,1.0,True
21695_1f33863f,topo_connected,8,20504_c9e14c9d,topo_connected,1.0,True
21695_1f33863f,topo_connected,9,22061_b50b6b66,topo_isolated,1.0,False
21695_1f33863f,topo_connected,10,21715_53df62c9,topo_minimal,1.0,False
19518_f220b68a,topo_isolated,1,20940_9777847c,topo_connected,1.0,False
19518_f220b68a,topo_isolated,2,23194_b675acc0,topo_connected,1.0,False
19518_f220b68a,topo_isolated,3,20838_86c931be,topo_minimal,1.0,False
19518_f220b68a,topo_isolated,4,20409_dafedec6,topo_isolated,1.0,True
19518_f220b68a,topo_isolated,5,23039_b3d04774,topo_moderate,1.0,False
19518_f220b68a,topo_isolated,6,20814_5a2be0fb,topo_minimal,1.0,False
19518_f220b68a,topo_isolated,7,21422_b2a6bf27,topo_isolated,1.0,True
19518_f220b68a,topo_isolated,8,20910_c64b5d1b,topo_minimal,1.0,False
19518_f220b68a,topo_isolated,9,22981_93f268ae,topo_minimal,1.0,False
19518_f220b68a,topo_isolated,10,21570_9cb1d1c4,topo_minimal,1.0,False
22313_3a8b93dc,topo_connected,1,21989_a0b5037d,topo_connected,1.0,True
22313_3a8b93dc,topo_connected,2,23363_60e39812,topo_complex,1.0,False
22313_3a8b93dc,topo_connected,3,23409_e27e3b8b,topo_isolated,1.0,False
22313_3a8b93dc,topo_connected,4,20554_abcb705e,topo_moderate,1.0,False
22313_3a8b93dc,topo_connected,5,20229_d1ae2ae3,topo_connected,1.0,True
22313_3a8b93dc,topo_connected,6,20899_a8d7c6d5,topo_complex,1.0,False
22313_3a8b93dc,topo_connected,7,22059_b7d76712,topo_connected,1.0,True
22313_3a8b93dc,topo_connected,8,21529_93e51dd9,topo_connected,1.0,True
22313_3a8b93dc,topo_connected,9,20858_15bdad00,topo_complex,1.0,False
22313_3a8b93dc,topo_connected,10,23434_6635ed57,topo_connected,1.0,True
22251_88fd728c,topo_complex,1,21989_a0b5037d,topo_connected,1.0,False
22251_88fd728c,topo_complex,2,23363_60e39812,topo_complex,1.0,True
22251_88fd728c,topo_complex,3,23409_e27e3b8b,topo_isolated,1.0,False
22251_88fd728c,topo_complex,4,20554_abcb705e,topo_moderate,1.0,False
22251_88fd728c,topo_complex,5,20229_d1ae2ae3,topo_connected,1.0,False
22251_88fd728c,topo_complex,6,20899_a8d7c6d5,topo_complex,1.0,True
22251_88fd728c,topo_complex,7,22059_b7d76712,topo_connected,1.0,False
22251_88fd728c,topo_complex,8,21529_93e51dd9,topo_connected,1.0,False
22251_88fd728c,topo_complex,9,20858_15bdad00,topo_complex,1.0,True
22251_88fd728c,topo_complex,10,23434_6635ed57,topo_connected,1.0,False
21613_d57e983a,topo_isolated,1,22907_ff18dbd5,topo_moderate,1.0,False
21613_d57e983a,topo_isolated,2,22058_71feafda,topo_isolated,1.0,True
21613_d57e983a,topo_isolated,3,20672_0bc07cce,topo_minimal,1.0,False
21613_d57e983a,topo_isolated,4,21616_c6c3347a,topo_isolated,1.0,True
21613_d57e983a,topo_isolated,5,23439_18900af2,topo_minimal,1.0,False
21613_d57e983a,topo_isolated,6,23435_e1c96b4d,topo_moderate,1.0,False
21613_d57e983a,topo_isolated,7,20467_f1fcc009,topo_isolated,1.0,True
21613_d57e983a,topo_isolated,8,20259_de1ab632,topo_minimal,1.0,False
21613_d57e983a,topo_isolated,9,22053_de30641b,topo_minimal,1.0,False
21613_d57e983a,topo_isolated,10,21761_fdb5f86d,topo_moderate,1.0,False
22067_624b28e3,topo_moderate,1,22907_ff18dbd5,topo_moderate,1.0,True
22067_624b28e3,topo_moderate,2,22058_71feafda,topo_isolated,1.0,False
22067_624b28e3,topo_moderate,3,20672_0bc07cce,topo_minimal,1.0,False
22067_624b28e3,topo_moderate,4,21616_c6c3347a,topo_isolated,1.0,False
22067_624b28e3,topo_moderate,5,23439_18900af2,topo_minimal,1.0,False
22067_624b28e3,topo_moderate,6,23435_e1c96b4d,topo_moderate,1.0,True
22067_624b28e3,topo_moderate,7,20467_f1fcc009,topo_isolated,1.0,False
22067_624b28e3,topo_moderate,8,20259_de1ab632,topo_minimal,1.0,False
22067_624b28e3,topo_moderate,9,22053_de30641b,topo_minimal,1.0,False
22067_624b28e3,topo_moderate,10,21761_fdb5f86d,topo_moderate,1.0,True
21005_9feee615,topo_isolated,1,21739_57582b8f,topo_connected,1.0,False
21005_9feee615,topo_isolated,2,21744_5ae4d9d5,topo_connected,1.0,False
21005_9feee615,topo_isolated,3,21700_28d193ac,topo_complex,0.75,False
21005_9feee615,topo_isolated,4,21979_29f59427,topo_connected,0.75,False
21005_9feee615,topo_isolated,5,23048_8a1a5553,topo_complex,0.75,False
21005_9feee615,topo_isolated,6,22430_c6f08b03,topo_complex,0.75,False
21005_9feee615,topo_isolated,7,22405_20f11d58,topo_isolated,0.75,True
21005_9feee615,topo_isolated,8,21244_24c3ce72,topo_complex,0.75,False
21005_9feee615,topo_isolated,9,20636_ca9eb29a,topo_connected,0.75,False
21005_9feee615,topo_isolated,10,21580_b8b2571b,topo_connected,0.75,False
23250_aa321310,topo_moderate,1,21570_9cb1d1c4,topo_minimal,1.0,False
23250_aa321310,topo_moderate,2,19518_f220b68a,topo_isolated,1.0,False
23250_aa321310,topo_moderate,3,20910_c64b5d1b,topo_minimal,1.0,False
23250_aa321310,topo_moderate,4,20940_9777847c,topo_connected,1.0,False
23250_aa321310,topo_moderate,5,22981_93f268ae,topo_minimal,1.0,False
23250_aa321310,topo_moderate,6,23039_b3d04774,topo_moderate,1.0,True
23250_aa321310,topo_moderate,7,20409_dafedec6,topo_isolated,1.0,False
23250_aa321310,topo_moderate,8,20814_5a2be0fb,topo_minimal,1.0,False
23250_aa321310,topo_moderate,9,23194_b675acc0,topo_connected,1.0,False
23250_aa321310,topo_moderate,10,20838_86c931be,topo_minimal,1.0,False
23155_d7305c5f,topo_complex,1,22421_19401bdd,topo_complex,1.0,True
23155_d7305c5f,topo_complex,2,22028_776fbf0d,topo_complex,1.0,True
23155_d7305c5f,topo_complex,3,23217_7c6062e3,topo_connected,1.0,False
23155_d7305c5f,topo_complex,4,21134_7aa7cd89,topo_complex,1.0,True
23155_d7305c5f,topo_complex,5,22419_dfeb5d33,topo_complex,1.0,True
23155_d7305c5f,topo_complex,6,21839_a8eb6d34,topo_isolated,1.0,False
23155_d7305c5f,topo_complex,7,23258_87a2ba81,topo_complex,1.0,True
23155_d7305c5f,topo_complex,8,21316_69ed56f5,topo_complex,1.0,True
23155_d7305c5f,topo_complex,9,21697_06656699,topo_connected,1.0,False
23155_d7305c5f,topo_complex,10,21845_dff8b3a1,topo_complex,1.0,True
22749_346e10ae,topo_minimal,1,22907_ff18dbd5,topo_moderate,1.0,False
22749_346e10ae,topo_minimal,2,22058_71feafda,topo_isolated,1.0,False
22749_346e10ae,topo_minimal,3,20672_0bc07cce,topo_minimal,1.0,True
22749_346e10ae,topo_minimal,4,21616_c6c3347a,topo_isolated,1.0,False
22749_346e10ae,topo_minimal,5,23439_18900af2,topo_minimal,1.0,True
22749_346e10ae,topo_minimal,6,23435_e1c96b4d,topo_moderate,1.0,False
22749_346e10ae,topo_minimal,7,20467_f1fcc009,topo_isolated,1.0,False
22749_346e10ae,topo_minimal,8,20259_de1ab632,topo_minimal,1.0,True
22749_346e10ae,topo_minimal,9,22053_de30641b,topo_minimal,1.0,True
22749_346e10ae,topo_minimal,10,21761_fdb5f86d,topo_moderate,1.0,False
20818_098cad7c,topo_complex,1,22421_19401bdd,topo_complex,1.0,True
20818_098cad7c,topo_complex,2,22028_776fbf0d,topo_complex,1.0,True
20818_098cad7c,topo_complex,3,23217_7c6062e3,topo_connected,1.0,False
20818_098cad7c,topo_complex,4,21134_7aa7cd89,topo_complex,1.0,True
20818_098cad7c,topo_complex,5,22419_dfeb5d33,topo_complex,1.0,True
20818_098cad7c,topo_complex,6,21839_a8eb6d34,topo_isolated,1.0,False
20818_098cad7c,topo_complex,7,23258_87a2ba81,topo_complex,1.0,True
20818_098cad7c,topo_complex,8,21316_69ed56f5,topo_complex,1.0,True
20818_098cad7c,topo_complex,9,21697_06656699,topo_connected,1.0,False
20818_098cad7c,topo_complex,10,21845_dff8b3a1,topo_complex,1.0,True
7780_6c885e81,topo_complex,1,21248_0a862e3e,topo_minimal,1.0,False
7780_6c885e81,topo_complex,2,21497_9833a679,topo_moderate,1.0,False
7780_6c885e81,topo_complex,3,23178_eb4b4280,topo_minimal,1.0,False
7780_6c885e81,topo_complex,4,22762_dcbdd14d,topo_minimal,1.0,False
7780_6c885e81,topo_complex,5,21840_6847d36c,topo_isolated,1.0,False
7780_6c885e81,topo_complex,6,21037_62248d34,topo_minimal,1.0,False
7780_6c885e81,topo_complex,7,22245_ca848576,topo_connected,1.0,False
7780_6c885e81,topo_complex,8,21271_ec7f62b8,topo_connected,1.0,False
7780_6c885e81,topo_complex,9,22141_5db99710,topo_moderate,1.0,False
7780_6c885e81,topo_complex,10,22049_4da0d894,topo_connected,1.0,False
21581_8f948e0b,topo_moderate,1,22907_ff18dbd5,topo_moderate,1.0,True
21581_8f948e0b,topo_moderate,2,22058_71feafda,topo_isolated,1.0,False
21581_8f948e0b,topo_moderate,3,20672_0bc07cce,topo_minimal,1.0,False
21581_8f948e0b,topo_moderate,4,21616_c6c3347a,topo_isolated,1.0,False
21581_8f948e0b,topo_moderate,5,23439_18900af2,topo_minimal,1.0,False
21581_8f948e0b,topo_moderate,6,23435_e1c96b4d,topo_moderate,1.0,True
21581_8f948e0b,topo_moderate,7,20467_f1fcc009,topo_isolated,1.0,False
21581_8f948e0b,topo_moderate,8,20259_de1ab632,topo_minimal,1.0,False
21581_8f948e0b,topo_moderate,9,22053_de30641b,topo_minimal,1.0,False
21581_8f948e0b,topo_moderate,10,21761_fdb5f86d,topo_moderate,1.0,True
20186_f66e4ad3,topo_minimal,1,22907_ff18dbd5,topo_moderate,1.0,False
20186_f66e4ad3,topo_minimal,2,22058_71feafda,topo_isolated,1.0,False
20186_f66e4ad3,topo_minimal,3,20672_0bc07cce,topo_minimal,1.0,True
20186_f66e4ad3,topo_minimal,4,21616_c6c3347a,topo_isolated,1.0,False
20186_f66e4ad3,topo_minimal,5,23439_18900af2,topo_minimal,1.0,True
20186_f66e4ad3,topo_minimal,6,23435_e1c96b4d,topo_moderate,1.0,False
20186_f66e4ad3,topo_minimal,7,20467_f1fcc009,topo_isolated,1.0,False
20186_f66e4ad3,topo_minimal,8,20259_de1ab632,topo_minimal,1.0,True
20186_f66e4ad3,topo_minimal,9,22053_de30641b,topo_minimal,1.0,True
20186_f66e4ad3,topo_minimal,10,21761_fdb5f86d,topo_moderate,1.0,False
23322_8f85d82d,topo_moderate,1,21989_a0b5037d,topo_connected,1.0,False
23322_8f85d82d,topo_moderate,2,23363_60e39812,topo_complex,1.0,False
23322_8f85d82d,topo_moderate,3,23409_e27e3b8b,topo_isolated,1.0,False
23322_8f85d82d,topo_moderate,4,20554_abcb705e,topo_moderate,1.0,True
23322_8f85d82d,topo_moderate,5,20229_d1ae2ae3,topo_connected,1.0,False
23322_8f85d82d,topo_moderate,6,20899_a8d7c6d5,topo_complex,1.0,False
23322_8f85d82d,topo_moderate,7,22059_b7d76712,topo_connected,1.0,False
23322_8f85d82d,topo_moderate,8,21529_93e51dd9,topo_connected,1.0,False
23322_8f85d82d,topo_moderate,9,20858_15bdad00,topo_complex,1.0,False
23322_8f85d82d,topo_moderate,10,23434_6635ed57,topo_connected,1.0,False
23235_f9ccb8b0,topo_connected,1,21700_28d193ac,topo_complex,1.0,False
23235_f9ccb8b0,topo_connected,2,23144_88ca00a5,topo_connected,1.0,True
23235_f9ccb8b0,topo_connected,3,21425_d0d47a2a,topo_complex,1.0,False
23235_f9ccb8b0,topo_connected,4,23123_f35404c4,topo_complex,1.0,False
23235_f9ccb8b0,topo_connected,5,21545_4384f96e,topo_moderate,1.0,False
23235_f9ccb8b0,topo_connected,6,21582_a3d32115,topo_moderate,1.0,False
23235_f9ccb8b0,topo_connected,7,21580_b8b2571b,topo_connected,1.0,True
23235_f9ccb8b0,topo_connected,8,23002_4d53fb3f,topo_moderate,1.0,False
23235_f9ccb8b0,topo_connected,9,21926_b4c7068b,topo_complex,1.0,False
23235_f9ccb8b0,topo_connected,10,20636_ca9eb29a,topo_connected,1.0,True
21528_a5d5490f,topo_connected,1,21989_a0b5037d,topo_connected,1.0,True
21528_a5d5490f,topo_connected,2,23363_60e39812,topo_complex,1.0,False
21528_a5d5490f,topo_connected,3,23409_e27e3b8b,topo_isolated,1.0,False
21528_a5d5490f,topo_connected,4,20554_abcb705e,topo_moderate,1.0,False
21528_a5d5490f,topo_connected,5,20229_d1ae2ae3,topo_connected,1.0,True
21528_a5d5490f,topo_connected,6,20899_a8d7c6d5,topo_complex,1.0,False
21528_a5d5490f,topo_connected,7,22059_b7d76712,topo_connected,1.0,True
21528_a5d5490f,topo_connected,8,21529_93e51dd9,topo_connected,1.0,True
21528_a5d5490f,topo_connected,9,20858_15bdad00,topo_complex,1.0,False
21528_a5d5490f,topo_connected,10,23434_6635ed57,topo_connected,1.0,True
23466_1cf60d09,topo_complex,1,21989_a0b5037d,topo_connected,1.0,False
23466_1cf60d09,topo_complex,2,23363_60e39812,topo_complex,1.0,True
23466_1cf60d09,topo_complex,3,23409_e27e3b8b,topo_isolated,1.0,False
23466_1cf60d09,topo_complex,4,20554_abcb705e,topo_moderate,1.0,False
23466_1cf60d09,topo_complex,5,20229_d1ae2ae3,topo_connected,1.0,False
23466_1cf60d09,topo_complex,6,20899_a8d7c6d5,topo_complex,1.0,True
23466_1cf60d09,topo_complex,7,22059_b7d76712,topo_connected,1.0,False
23466_1cf60d09,topo_complex,8,21529_93e51dd9,topo_connected,1.0,False
23466_1cf60d09,topo_complex,9,20858_15bdad00,topo_complex,1.0,True
23466_1cf60d09,topo_complex,10,23434_6635ed57,topo_connected,1.0,False
21467_67965037,topo_complex,1,21603_98a15295,topo_minimal,1.0,False
21467_67965037,topo_complex,2,22050_e8702dd4,topo_connected,1.0,False
21467_67965037,topo_complex,3,22561_067b78ae,topo_moderate,1.0,False
21467_67965037,topo_complex,4,20225_4ce6d59b,topo_isolated,1.0,False
21467_67965037,topo_complex,5,22266_078a1f68,topo_complex,0.75,True
21467_67965037,topo_complex,6,20680_b095cb77,topo_minimal,0.75,False
21467_67965037,topo_complex,7,20926_4c0f33f6,topo_minimal,0.75,False
21467_67965037,topo_complex,8,21248_0a862e3e,topo_minimal,0.75,False
21467_67965037,topo_complex,9,22365_a4eb929c,topo_moderate,0.75,False
21467_67965037,topo_complex,10,20502_58b65de9,topo_connected,0.75,False
20165_2b088be5,topo_complex,1,21700_28d193ac,topo_complex,1.0,True
20165_2b088be5,topo_complex,2,23144_88ca00a5,topo_connected,1.0,False
20165_2b088be5,topo_complex,3,21425_d0d47a2a,topo_complex,1.0,True
20165_2b088be5,topo_complex,4,23123_f35404c4,topo_complex,1.0,True
20165_2b088be5,topo_complex,5,21545_4384f96e,topo_moderate,1.0,False
20165_2b088be5,topo_complex,6,21582_a3d32115,topo_moderate,1.0,False
20165_2b088be5,topo_complex,7,21580_b8b2571b,topo_connected,1.0,False
20165_2b088be5,topo_complex,8,23002_4d53fb3f,topo_moderate,1.0,False
20165_2b088be5,topo_complex,9,21926_b4c7068b,topo_complex,1.0,True
20165_2b088be5,topo_complex,10,20636_ca9eb29a,topo_connected,1.0,False
22581_406c16c4,topo_moderate,1,21700_28d193ac,topo_complex,1.0,False
22581_406c16c4,topo_moderate,2,23144_88ca00a5,topo_connected,1.0,False
22581_406c16c4,topo_moderate,3,21425_d0d47a2a,topo_complex,1.0,False
22581_406c16c4,topo_moderate,4,23123_f35404c4,topo_complex,1.0,False
22581_406c16c4,topo_moderate,5,21545_4384f96e,topo_moderate,1.0,True
22581_406c16c4,topo_moderate,6,21582_a3d32115,topo_moderate,1.0,True
22581_406c16c4,topo_moderate,7,21580_b8b2571b,topo_connected,1.0,False
22581_406c16c4,topo_moderate,8,23002_4d53fb3f,topo_moderate,1.0,True
22581_406c16c4,topo_moderate,9,21926_b4c7068b,topo_complex,1.0,False
22581_406c16c4,topo_moderate,10,20636_ca9eb29a,topo_connected,1.0,False
21781_5985da6d,topo_isolated,1,22907_ff18dbd5,topo_moderate,1.0,False
21781_5985da6d,topo_isolated,2,22058_71feafda,topo_isolated,1.0,True
21781_5985da6d,topo_isolated,3,20672_0bc07cce,topo_minimal,1.0,False
21781_5985da6d,topo_isolated,4,21616_c6c3347a,topo_isolated,1.0,True
21781_5985da6d,topo_isolated,5,23439_18900af2,topo_minimal,1.0,False
21781_5985da6d,topo_isolated,6,23435_e1c96b4d,topo_moderate,1.0,False
21781_5985da6d,topo_isolated,7,20467_f1fcc009,topo_isolated,1.0,True
21781_5985da6d,topo_isolated,8,20259_de1ab632,topo_minimal,1.0,False
21781_5985da6d,topo_isolated,9,22053_de30641b,topo_minimal,1.0,False
21781_5985da6d,topo_isolated,10,21761_fdb5f86d,topo_moderate,1.0,False
21267_35a558cc,topo_isolated,1,22907_ff18dbd5,topo_moderate,1.0,False
21267_35a558cc,topo_isolated,2,22058_71feafda,topo_isolated,1.0,True
21267_35a558cc,topo_isolated,3,20672_0bc07cce,topo_minimal,1.0,False
21267_35a558cc,topo_isolated,4,21616_c6c3347a,topo_isolated,1.0,True
21267_35a558cc,topo_isolated,5,23439_18900af2,topo_minimal,1.0,False
21267_35a558cc,topo_isolated,6,23435_e1c96b4d,topo_moderate,1.0,False
21267_35a558cc,topo_isolated,7,20467_f1fcc009,topo_isolated,1.0,True
21267_35a558cc,topo_isolated,8,20259_de1ab632,topo_minimal,1.0,False
21267_35a558cc,topo_isolated,9,22053_de30641b,topo_minimal,1.0,False
21267_35a558cc,topo_isolated,10,21761_fdb5f86d,topo_moderate,1.0,False
21849_a5f563a6,topo_complex,1,22421_19401bdd,topo_complex,1.0,True
21849_a5f563a6,topo_complex,2,22028_776fbf0d,topo_complex,1.0,True
21849_a5f563a6,topo_complex,3,23217_7c6062e3,topo_connected,1.0,False
21849_a5f563a6,topo_complex,4,21134_7aa7cd89,topo_complex,1.0,True
21849_a5f563a6,topo_complex,5,22419_dfeb5d33,topo_complex,1.0,True
21849_a5f563a6,topo_complex,6,21839_a8eb6d34,topo_isolated,1.0,False
21849_a5f563a6,topo_complex,7,23258_87a2ba81,topo_complex,1.0,True
21849_a5f563a6,topo_complex,8,21316_69ed56f5,topo_complex,1.0,True
21849_a5f563a6,topo_complex,9,21697_06656699,topo_connected,1.0,False
21849_a5f563a6,topo_complex,10,21845_dff8b3a1,topo_complex,1.0,True
20722_90d46353,topo_minimal,1,21989_a0b5037d,topo_connected,1.0,False
20722_90d46353,topo_minimal,2,23363_60e39812,topo_complex,1.0,False
20722_90d46353,topo_minimal,3,23409_e27e3b8b,topo_isolated,1.0,False
20722_90d46353,topo_minimal,4,20554_abcb705e,topo_moderate,1.0,False
20722_90d46353,topo_minimal,5,20229_d1ae2ae3,topo_connected,1.0,False
20722_90d46353,topo_minimal,6,20899_a8d7c6d5,topo_complex,1.0,False
20722_90d46353,topo_minimal,7,22059_b7d76712,topo_connected,1.0,False
20722_90d46353,topo_minimal,8,21529_93e51dd9,topo_connected,1.0,False
20722_90d46353,topo_minimal,9,20858_15bdad00,topo_complex,1.0,False
20722_90d46353,topo_minimal,10,23434_6635ed57,topo_connected,1.0,False
23213_3df3cb34,topo_complex,1,21989_a0b5037d,topo_connected,1.0,False
23213_3df3cb34,topo_complex,2,23363_60e39812,topo_complex,1.0,True
23213_3df3cb34,topo_complex,3,23409_e27e3b8b,topo_isolated,1.0,False
23213_3df3cb34,topo_complex,4,20554_abcb705e,topo_moderate,1.0,False
23213_3df3cb34,topo_complex,5,20229_d1ae2ae3,topo_connected,1.0,False
23213_3df3cb34,topo_complex,6,20899_a8d7c6d5,topo_complex,1.0,True
23213_3df3cb34,topo_complex,7,22059_b7d76712,topo_connected,1.0,False
23213_3df3cb34,topo_complex,8,21529_93e51dd9,topo_connected,1.0,False
23213_3df3cb34,topo_complex,9,20858_15bdad00,topo_complex,1.0,True
23213_3df3cb34,topo_complex,10,23434_6635ed57,topo_connected,1.0,False
22073_951645ae,topo_connected,1,22907_ff18dbd5,topo_moderate,1.0,False
22073_951645ae,topo_connected,2,22058_71feafda,topo_isolated,1.0,False
22073_951645ae,topo_connected,3,20672_0bc07cce,topo_minimal,1.0,False
22073_951645ae,topo_connected,4,21616_c6c3347a,topo_isolated,1.0,False
22073_951645ae,topo_connected,5,23439_18900af2,topo_minimal,1.0,False
22073_951645ae,topo_connected,6,23435_e1c96b4d,topo_moderate,1.0,False
22073_951645ae,topo_connected,7,20467_f1fcc009,topo_isolated,1.0,False
22073_951645ae,topo_connected,8,20259_de1ab632,topo_minimal,1.0,False
22073_951645ae,topo_connected,9,22053_de30641b,topo_minimal,1.0,False
22073_951645ae,topo_connected,10,21761_fdb5f86d,topo_moderate,1.0,False
22341_0f9c52ed,topo_connected,1,21989_a0b5037d,topo_connected,1.0,True
22341_0f9c52ed,topo_connected,2,23363_60e39812,topo_complex,1.0,False
22341_0f9c52ed,topo_connected,3,23409_e27e3b8b,topo_isolated,1.0,False
22341_0f9c52ed,topo_connected,4,20554_abcb705e,topo_moderate,1.0,False
22341_0f9c52ed,topo_connected,5,20229_d1ae2ae3,topo_connected,1.0,True
22341_0f9c52ed,topo_connected,6,20899_a8d7c6d5,topo_complex,1.0,False
22341_0f9c52ed,topo_connected,7,22059_b7d76712,topo_connected,1.0,True
22341_0f9c52ed,topo_connected,8,21529_93e51dd9,topo_connected,1.0,True
22341_0f9c52ed,topo_connected,9,20858_15bdad00,topo_complex,1.0,False
22341_0f9c52ed,topo_connected,10,23434_6635ed57,topo_connected,1.0,True
22075_12b129d5,topo_isolated,1,22907_ff18dbd5,topo_moderate,1.0,False
22075_12b129d5,topo_isolated,2,22058_71feafda,topo_isolated,1.0,True
22075_12b129d5,topo_isolated,3,20672_0bc07cce,topo_minimal,1.0,False
22075_12b129d5,topo_isolated,4,21616_c6c3347a,topo_isolated,1.0,True
22075_12b129d5,topo_isolated,5,23439_18900af2,topo_minimal,1.0,False
22075_12b129d5,topo_isolated,6,23435_e1c96b4d,topo_moderate,1.0,False
22075_12b129d5,topo_isolated,7,20467_f1fcc009,topo_isolated,1.0,True
22075_12b129d5,topo_isolated,8,20259_de1ab632,topo_minimal,1.0,False
22075_12b129d5,topo_isolated,9,22053_de30641b,topo_minimal,1.0,False
22075_12b129d5,topo_isolated,10,21761_fdb5f86d,topo_moderate,1.0,False
22762_dcbdd14d,topo_minimal,1,21831_54ca67d1,topo_minimal,1.0,True
22762_dcbdd14d,topo_minimal,2,22245_ca848576,topo_connected,1.0,False
22762_dcbdd14d,topo_minimal,3,21478_8fbd4409,topo_moderate,1.0,False
22762_dcbdd14d,topo_minimal,4,23178_eb4b4280,topo_minimal,1.0,True
22762_dcbdd14d,topo_minimal,5,20682_e208cc63,topo_isolated,1.0,False
22762_dcbdd14d,topo_minimal,6,7780_6c885e81,topo_complex,1.0,False
22762_dcbdd14d,topo_minimal,7,21037_62248d34,topo_minimal,1.0,True
22762_dcbdd14d,topo_minimal,8,21840_6847d36c,topo_isolated,1.0,False
22762_dcbdd14d,topo_minimal,9,21271_ec7f62b8,topo_connected,1.0,False
22762_dcbdd14d,topo_minimal,10,22049_4da0d894,topo_connected,1.0,False
21722_68aeba65,topo_complex,1,22421_19401bdd,topo_complex,1.0,True
21722_68aeba65,topo_complex,2,22028_776fbf0d,topo_complex,1.0,True
21722_68aeba65,topo_complex,3,23217_7c6062e3,topo_connected,1.0,False
21722_68aeba65,topo_complex,4,21134_7aa7cd89,topo_complex,1.0,True
21722_68aeba65,topo_complex,5,22419_dfeb5d33,topo_complex,1.0,True
21722_68aeba65,topo_complex,6,21839_a8eb6d34,topo_isolated,1.0,False
21722_68aeba65,topo_complex,7,23258_87a2ba81,topo_complex,1.0,True
21722_68aeba65,topo_complex,8,21316_69ed56f5,topo_complex,1.0,True
21722_68aeba65,topo_complex,9,21697_06656699,topo_connected,1.0,False
21722_68aeba65,topo_complex,10,21845_dff8b3a1,topo_complex,1.0,True
22133_465d7a91,topo_isolated,1,22907_ff18dbd5,topo_moderate,1.0,False
22133_465d7a91,topo_isolated,2,22058_71feafda,topo_isolated,1.0,True
22133_465d7a91,topo_isolated,3,20672_0bc07cce,topo_minimal,1.0,False
22133_465d7a91,topo_isolated,4,21616_c6c3347a,topo_isolated,1.0,True
22133_465d7a91,topo_isolated,5,23439_18900af2,topo_minimal,1.0,False
22133_465d7a91,topo_isolated,6,23435_e1c96b4d,topo_moderate,1.0,False
22133_465d7a91,topo_isolated,7,20467_f1fcc009,topo_isolated,1.0,True
22133_465d7a91,topo_isolated,8,20259_de1ab632,topo_minimal,1.0,False
22133_465d7a91,topo_isolated,9,22053_de30641b,topo_minimal,1.0,False
22133_465d7a91,topo_isolated,10,21761_fdb5f86d,topo_moderate,1.0,False
21592_c5e77a82,topo_connected,1,21989_a0b5037d,topo_connected,1.0,True
21592_c5e77a82,topo_connected,2,23363_60e39812,topo_complex,1.0,False
21592_c5e77a82,topo_connected,3,23409_e27e3b8b,topo_isolated,1.0,False
21592_c5e77a82,topo_connected,4,20554_abcb705e,topo_moderate,1.0,False
21592_c5e77a82,topo_connected,5,20229_d1ae2ae3,topo_connected,1.0,True
21592_c5e77a82,topo_connected,6,20899_a8d7c6d5,topo_complex,1.0,False
21592_c5e77a82,topo_connected,7,22059_b7d76712,topo_connected,1.0,True
21592_c5e77a82,topo_connected,8,21529_93e51dd9,topo_connected,1.0,True
21592_c5e77a82,topo_connected,9,20858_15bdad00,topo_complex,1.0,False
21592_c5e77a82,topo_connected,10,23434_6635ed57,topo_connected,1.0,True
21511_d07c59c2,topo_connected,1,22421_19401bdd,topo_complex,1.0,False
21511_d07c59c2,topo_connected,2,22028_776fbf0d,topo_complex,1.0,False
21511_d07c59c2,topo_connected,3,23217_7c6062e3,topo_connected,1.0,True
21511_d07c59c2,topo_connected,4,21134_7aa7cd89,topo_complex,1.0,False
21511_d07c59c2,topo_connected,5,22419_dfeb5d33,topo_complex,1.0,False
21511_d07c59c2,topo_connected,6,21839_a8eb6d34,topo_isolated,1.0,False
21511_d07c59c2,topo_connected,7,23258_87a2ba81,topo_complex,1.0,False
21511_d07c59c2,topo_connected,8,21316_69ed56f5,topo_complex,1.0,False
21511_d07c59c2,topo_connected,9,21697_06656699,topo_connected,1.0,True
21511_d07c59c2,topo_connected,10,21845_dff8b3a1,topo_complex,1.0,False
21994_357aac6f,topo_connected,1,22907_ff18dbd5,topo_moderate,1.0,False
21994_357aac6f,topo_connected,2,22058_71feafda,topo_isolated,1.0,False
21994_357aac6f,topo_connected,3,20672_0bc07cce,topo_minimal,1.0,False
21994_357aac6f,topo_connected,4,21616_c6c3347a,topo_isolated,1.0,False
21994_357aac6f,topo_connected,5,23439_18900af2,topo_minimal,1.0,False
21994_357aac6f,topo_connected,6,23435_e1c96b4d,topo_moderate,1.0,False
21994_357aac6f,topo_connected,7,20467_f1fcc009,topo_isolated,1.0,False
21994_357aac6f,topo_connected,8,20259_de1ab632,topo_minimal,1.0,False
21994_357aac6f,topo_connected,9,22053_de30641b,topo_minimal,1.0,False
21994_357aac6f,topo_connected,10,21761_fdb5f86d,topo_moderate,1.0,False
20671_33532794,topo_minimal,1,21634_e5e20375,topo_moderate,1.0,False
20671_33532794,topo_minimal,2,23096_7da0f913,topo_moderate,1.0,False
20671_33532794,topo_minimal,3,20958_94222947,topo_minimal,1.0,True
20671_33532794,topo_minimal,4,20385_f2d30908,topo_minimal,1.0,True
20671_33532794,topo_minimal,5,20341_6a1588fb,topo_minimal,1.0,True
20671_33532794,topo_minimal,6,21533_8837772a,topo_moderate,1.0,False
20671_33532794,topo_minimal,7,22732_cd2af0ac,topo_isolated,1.0,False
20671_33532794,topo_minimal,8,22064_e1ba20dd,topo_moderate,0.75,False
20671_33532794,topo_minimal,9,22378_234fea2c,topo_moderate,0.75,False
20671_33532794,topo_minimal,10,21184_971559b6,topo_connected,0.75,False
20697_d3e106b4,topo_complex,1,22421_19401bdd,topo_complex,1.0,True
20697_d3e106b4,topo_complex,2,22028_776fbf0d,topo_complex,1.0,True
20697_d3e106b4,topo_complex,3,23217_7c6062e3,topo_connected,1.0,False
20697_d3e106b4,topo_complex,4,21134_7aa7cd89,topo_complex,1.0,True
20697_d3e106b4,topo_complex,5,22419_dfeb5d33,topo_complex,1.0,True
20697_d3e106b4,topo_complex,6,21839_a8eb6d34,topo_isolated,1.0,False
20697_d3e106b4,topo_complex,7,23258_87a2ba81,topo_complex,1.0,True
20697_d3e106b4,topo_complex,8,21316_69ed56f5,topo_complex,1.0,True
20697_d3e106b4,topo_complex,9,21697_06656699,topo_connected,1.0,False
20697_d3e106b4,topo_complex,10,21845_dff8b3a1,topo_complex,1.0,True
20241_ccb70dc8,topo_isolated,1,22907_ff18dbd5,topo_moderate,1.0,False
20241_ccb70dc8,topo_isolated,2,22058_71feafda,topo_isolated,1.0,True
20241_ccb70dc8,topo_isolated,3,20672_0bc07cce,topo_minimal,1.0,False
20241_ccb70dc8,topo_isolated,4,21616_c6c3347a,topo_isolated,1.0,True
20241_ccb70dc8,topo_isolated,5,23439_18900af2,topo_minimal,1.0,False
20241_ccb70dc8,topo_isolated,6,23435_e1c96b4d,topo_moderate,1.0,False
20241_ccb70dc8,topo_isolated,7,20467_f1fcc009,topo_isolated,1.0,True
20241_ccb70dc8,topo_isolated,8,20259_de1ab632,topo_minimal,1.0,False
20241_ccb70dc8,topo_isolated,9,22053_de30641b,topo_minimal,1.0,False
20241_ccb70dc8,topo_isolated,10,21761_fdb5f86d,topo_moderate,1.0,False
21557_53eafe15,topo_complex,1,21700_28d193ac,topo_complex,1.0,True
21557_53eafe15,topo_complex,2,23144_88ca00a5,topo_connected,1.0,False
21557_53eafe15,topo_complex,3,21425_d0d47a2a,topo_complex,1.0,True
21557_53eafe15,topo_complex,4,23123_f35404c4,topo_complex,1.0,True
21557_53eafe15,topo_complex,5,21545_4384f96e,topo_moderate,1.0,False
21557_53eafe15,topo_complex,6,21582_a3d32115,topo_moderate,1.0,False
21557_53eafe15,topo_complex,7,21580_b8b2571b,topo_connected,1.0,False
21557_53eafe15,topo_complex,8,23002_4d53fb3f,topo_moderate,1.0,False
21557_53eafe15,topo_complex,9,21926_b4c7068b,topo_complex,1.0,True
21557_53eafe15,topo_complex,10,20636_ca9eb29a,topo_connected,1.0,False
7778_3a9748b3,topo_complex,1,21700_28d193ac,topo_complex,1.0,True
7778_3a9748b3,topo_complex,2,23144_88ca00a5,topo_connected,1.0,False
7778_3a9748b3,topo_complex,3,21425_d0d47a2a,topo_complex,1.0,True
7778_3a9748b3,topo_complex,4,23123_f35404c4,topo_complex,1.0,True
7778_3a9748b3,topo_complex,5,21545_4384f96e,topo_moderate,1.0,False
7778_3a9748b3,topo_complex,6,21582_a3d32115,topo_moderate,1.0,False
7778_3a9748b3,topo_complex,7,21580_b8b2571b,topo_connected,1.0,False
7778_3a9748b3,topo_complex,8,23002_4d53fb3f,topo_moderate,1.0,False
7778_3a9748b3,topo_complex,9,21926_b4c7068b,topo_complex,1.0,True
7778_3a9748b3,topo_complex,10,20636_ca9eb29a,topo_connected,1.0,False
20488_589ac9c0,topo_minimal,1,22907_ff18dbd5,topo_moderate,1.0,False
20488_589ac9c0,topo_minimal,2,22058_71feafda,topo_isolated,1.0,False
20488_589ac9c0,topo_minimal,3,20672_0bc07cce,topo_minimal,1.0,True
20488_589ac9c0,topo_minimal,4,21616_c6c3347a,topo_isolated,1.0,False
20488_589ac9c0,topo_minimal,5,23439_18900af2,topo_minimal,1.0,True
20488_589ac9c0,topo_minimal,6,23435_e1c96b4d,topo_moderate,1.0,False
20488_589ac9c0,topo_minimal,7,20467_f1fcc009,topo_isolated,1.0,False
20488_589ac9c0,topo_minimal,8,20259_de1ab632,topo_minimal,1.0,True
20488_589ac9c0,topo_minimal,9,22053_de30641b,topo_minimal,1.0,True
20488_589ac9c0,topo_minimal,10,21761_fdb5f86d,topo_moderate,1.0,False
23374_57cca189,topo_connected,1,21292_f94bd96b,topo_connected,1.0,True
23374_57cca189,topo_connected,2,20789_1809f41f,topo_moderate,1.0,False
23374_57cca189,topo_connected,3,21028_d4d30a2e,topo_complex,1.0,False
23374_57cca189,topo_connected,4,20431_27e7f151,topo_connected,1.0,True
23374_57cca189,topo_connected,5,22383_e5f707a7,topo_moderate,0.75,False
23374_57cca189,topo_connected,6,22072_5163223a,topo_moderate,0.75,False
23374_57cca189,topo_connected,7,20722_90d46353,topo_minimal,0.75,False
23374_57cca189,topo_connected,8,23213_3df3cb34,topo_complex,0.75,False
23374_57cca189,topo_connected,9,22126_e1cca10f,topo_connected,0.75,True
23374_57cca189,topo_connected,10,23028_2ca87745,topo_connected,0.75,True
22129_48b47c52,topo_minimal,1,21448_5646a1b6,topo_minimal,1.0,True
22129_48b47c52,topo_minimal,2,21862_ec534e16,topo_minimal,1.0,True
22129_48b47c52,topo_minimal,3,22136_a539c50b,topo_isolated,1.0,False
22129_48b47c52,topo_minimal,4,20758_cdccf572,topo_moderate,1.0,False
22129_48b47c52,topo_minimal,5,21257_770fee9a,topo_isolated,1.0,False
22129_48b47c52,topo_minimal,6,22283_36ba29c9,topo_minimal,1.0,True
22129_48b47c52,topo_minimal,7,22154_24342da4,topo_isolated,1.0,False
22129_48b47c52,topo_minimal,8,20731_fbdc7731,topo_moderate,1.0,False
22129_48b47c52,topo_minimal,9,21384_b9774b93,topo_moderate,1.0,False
22129_48b47c52,topo_minimal,10,23103_43bde2a6,topo_minimal,1.0,True
20176_a02bde39,topo_complex,1,22727_c514268a,topo_moderate,1.0,False
20176_a02bde39,topo_complex,2,20440_27177360,topo_complex,1.0,True
20176_a02bde39,topo_complex,3,22474_b10fea1a,topo_complex,0.75,True
20176_a02bde39,topo_complex,4,20743_c8ea8159,topo_minimal,0.75,False
20176_a02bde39,topo_complex,5,21837_b67d788c,topo_connected,0.75,False
20176_a02bde39,topo_complex,6,23121_cbdf3ebc,topo_moderate,0.75,False
20176_a02bde39,topo_complex,7,23363_60e39812,topo_complex,0.75,True
20176_a02bde39,topo_complex,8,22066_308cdcfe,topo_connected,0.75,False
20176_a02bde39,topo_complex,9,23409_e27e3b8b,topo_isolated,0.75,False
20176_a02bde39,topo_complex,10,23036_7f9d143f,topo_connected,0.75,False
19596_fb9531a5,topo_complex,1,22421_19401bdd,topo_complex,1.0,True
19596_fb9531a5,topo_complex,2,22028_776fbf0d,topo_complex,1.0,True
19596_fb9531a5,topo_complex,3,23217_7c6062e3,topo_connected,1.0,False
19596_fb9531a5,topo_complex,4,21134_7aa7cd89,topo_complex,1.0,True
19596_fb9531a5,topo_complex,5,22419_dfeb5d33,topo_complex,1.0,True
19596_fb9531a5,topo_complex,6,21839_a8eb6d34,topo_isolated,1.0,False
19596_fb9531a5,topo_complex,7,23258_87a2ba81,topo_complex,1.0,True
19596_fb9531a5,topo_complex,8,21316_69ed56f5,topo_complex,1.0,True
19596_fb9531a5,topo_complex,9,21697_06656699,topo_connected,1.0,False
19596_fb9531a5,topo_complex,10,21845_dff8b3a1,topo_complex,1.0,True
20438_5f344b00,topo_isolated,1,21448_5646a1b6,topo_minimal,1.0,False
20438_5f344b00,topo_isolated,2,21862_ec534e16,topo_minimal,1.0,False
20438_5f344b00,topo_isolated,3,22136_a539c50b,topo_isolated,1.0,True
20438_5f344b00,topo_isolated,4,20758_cdccf572,topo_moderate,1.0,False
20438_5f344b00,topo_isolated,5,21257_770fee9a,topo_isolated,1.0,True
20438_5f344b00,topo_isolated,6,22283_36ba29c9,topo_minimal,1.0,False
20438_5f344b00,topo_isolated,7,22154_24342da4,topo_isolated,1.0,True
20438_5f344b00,topo_isolated,8,20731_fbdc7731,topo_moderate,1.0,False
20438_5f344b00,topo_isolated,9,21384_b9774b93,topo_moderate,1.0,False
20438_5f344b00,topo_isolated,10,23103_43bde2a6,topo_minimal,1.0,False
23419_ea47995f,topo_complex,1,22421_19401bdd,topo_complex,1.0,True
23419_ea47995f,topo_complex,2,22028_776fbf0d,topo_complex,1.0,True
23419_ea47995f,topo_complex,3,23217_7c6062e3,topo_connected,1.0,False
23419_ea47995f,topo_complex,4,21134_7aa7cd89,topo_complex,1.0,True
23419_ea47995f,topo_complex,5,22419_dfeb5d33,topo_complex,1.0,True
23419_ea47995f,topo_complex,6,21839_a8eb6d34,topo_isolated,1.0,False
23419_ea47995f,topo_complex,7,23258_87a2ba81,topo_complex,1.0,True
23419_ea47995f,topo_complex,8,21316_69ed56f5,topo_complex,1.0,True
23419_ea47995f,topo_complex,9,21697_06656699,topo_connected,1.0,False
23419_ea47995f,topo_complex,10,21845_dff8b3a1,topo_complex,1.0,True
22035_101c7ab4,topo_connected,1,21989_a0b5037d,topo_connected,1.0,True
22035_101c7ab4,topo_connected,2,23363_60e39812,topo_complex,1.0,False
22035_101c7ab4,topo_connected,3,23409_e27e3b8b,topo_isolated,1.0,False
22035_101c7ab4,topo_connected,4,20554_abcb705e,topo_moderate,1.0,False
22035_101c7ab4,topo_connected,5,20229_d1ae2ae3,topo_connected,1.0,True
22035_101c7ab4,topo_connected,6,20899_a8d7c6d5,topo_complex,1.0,False
22035_101c7ab4,topo_connected,7,22059_b7d76712,topo_connected,1.0,True
22035_101c7ab4,topo_connected,8,21529_93e51dd9,topo_connected,1.0,True
22035_101c7ab4,topo_connected,9,20858_15bdad00,topo_complex,1.0,False
22035_101c7ab4,topo_connected,10,23434_6635ed57,topo_connected,1.0,True
20989_a261efa3,topo_isolated,1,21448_5646a1b6,topo_minimal,1.0,False
20989_a261efa3,topo_isolated,2,21862_ec534e16,topo_minimal,1.0,False
20989_a261efa3,topo_isolated,3,22136_a539c50b,topo_isolated,1.0,True
20989_a261efa3,topo_isolated,4,20758_cdccf572,topo_moderate,1.0,False
20989_a261efa3,topo_isolated,5,21257_770fee9a,topo_isolated,1.0,True
20989_a261efa3,topo_isolated,6,22283_36ba29c9,topo_minimal,1.0,False
20989_a261efa3,topo_isolated,7,22154_24342da4,topo_isolated,1.0,True
20989_a261efa3,topo_isolated,8,20731_fbdc7731,topo_moderate,1.0,False
20989_a261efa3,topo_isolated,9,21384_b9774b93,topo_moderate,1.0,False
20989_a261efa3,topo_isolated,10,23103_43bde2a6,topo_minimal,1.0,False
23127_38d73061,topo_complex,1,21831_54ca67d1,topo_minimal,1.0,False
23127_38d73061,topo_complex,2,23320_e0711ae9,topo_connected,1.0,False
23127_38d73061,topo_complex,3,23102_211ad1db,topo_isolated,1.0,False
23127_38d73061,topo_complex,4,21497_9833a679,topo_moderate,1.0,False
23127_38d73061,topo_complex,5,22216_4b032400,topo_minimal,1.0,False
23127_38d73061,topo_complex,6,22259_613f9d44,topo_moderate,1.0,False
23127_38d73061,topo_complex,7,22245_ca848576,topo_connected,1.0,False
23127_38d73061,topo_complex,8,22141_5db99710,topo_moderate,1.0,False
23127_38d73061,topo_complex,9,21271_ec7f62b8,topo_connected,1.0,False
23127_38d73061,topo_complex,10,21840_6847d36c,topo_isolated,1.0,False
23354_8182b4eb,topo_isolated,1,20157_db99ab88,topo_moderate,1.0,False
23354_8182b4eb,topo_isolated,2,21715_53df62c9,topo_minimal,1.0,False
23354_8182b4eb,topo_isolated,3,22218_2f85f6ae,topo_connected,1.0,False
23354_8182b4eb,topo_isolated,4,23238_3c864758,topo_moderate,1.0,False
23354_8182b4eb,topo_isolated,5,21600_0027c6fc,topo_moderate,1.0,False
23354_8182b4eb,topo_isolated,6,22681_124bf3a9,topo_moderate,1.0,False
23354_8182b4eb,topo_isolated,7,23034_b38134ee,topo_connected,1.0,False
23354_8182b4eb,topo_isolated,8,20504_c9e14c9d,topo_connected,1.0,False
23354_8182b4eb,topo_isolated,9,22061_b50b6b66,topo_isolated,1.0,True
23354_8182b4eb,topo_isolated,10,23152_6f2706c9,topo_moderate,1.0,False
21685_93737a7a,topo_complex,1,20421_0fd51709,topo_connected,1.0,False
21685_93737a7a,topo_complex,2,22027_11a2e852,topo_complex,1.0,True
21685_93737a7a,topo_complex,3,20477_633cca4f,topo_moderate,1.0,False
21685_93737a7a,topo_complex,4,22421_19401bdd,topo_complex,0.75,True
21685_93737a7a,topo_complex,5,22278_12f1fb79,topo_minimal,0.75,False
21685_93737a7a,topo_complex,6,23511_8651ac1f,topo_connected,0.75,False
21685_93737a7a,topo_complex,7,23217_7c6062e3,topo_connected,0.75,False
21685_93737a7a,topo_complex,8,21134_7aa7cd89,topo_complex,0.75,True
21685_93737a7a,topo_complex,9,22419_dfeb5d33,topo_complex,0.75,True
21685_93737a7a,topo_complex,10,21839_a8eb6d34,topo_isolated,0.75,False
21989_a0b5037d,topo_connected,1,22630_b6010fff,topo_connected,1.0,True
21989_a0b5037d,topo_connected,2,22072_5163223a,topo_moderate,1.0,False
21989_a0b5037d,topo_connected,3,23331_192866b6,topo_connected,1.0,True
21989_a0b5037d,topo_connected,4,21358_a69a36f3,topo_moderate,1.0,False
21989_a0b5037d,topo_connected,5,20735_fb18051a,topo_connected,1.0,True
21989_a0b5037d,topo_connected,6,23505_161e8ec5,topo_connected,1.0,True
21989_a0b5037d,topo_connected,7,20788_d25efea2,topo_connected,1.0,True
21989_a0b5037d,topo_connected,8,21923_41fa6eda,topo_moderate,1.0,False
21989_a0b5037d,topo_connected,9,22228_1c82530b,topo_connected,1.0,True
21989_a0b5037d,topo_connected,10,21390_4d1e2d9c,topo_moderate,1.0,False
22027_11a2e852,topo_complex,1,20421_0fd51709,topo_connected,1.0,False
22027_11a2e852,topo_complex,2,21685_93737a7a,topo_complex,1.0,True
22027_11a2e852,topo_complex,3,20477_633cca4f,topo_moderate,1.0,False
22027_11a2e852,topo_complex,4,22421_19401bdd,topo_complex,0.75,True
22027_11a2e852,topo_complex,5,22278_12f1fb79,topo_minimal,0.75,False
22027_11a2e852,topo_complex,6,23511_8651ac1f,topo_connected,0.75,False
22027_11a2e852,topo_complex,7,23217_7c6062e3,topo_connected,0.75,False
22027_11a2e852,topo_complex,8,21134_7aa7cd89,topo_complex,0.75,True
22027_11a2e852,topo_complex,9,22419_dfeb5d33,topo_complex,0.75,True
22027_11a2e852,topo_complex,10,21839_a8eb6d34,topo_isolated,0.75,False
21184_971559b6,topo_connected,1,22907_ff18dbd5,topo_moderate,1.0,False
21184_971559b6,topo_connected,2,22058_71feafda,topo_isolated,1.0,False
21184_971559b6,topo_connected,3,20672_0bc07cce,topo_minimal,1.0,False
21184_971559b6,topo_connected,4,21616_c6c3347a,topo_isolated,1.0,False
21184_971559b6,topo_connected,5,23439_18900af2,topo_minimal,1.0,False
21184_971559b6,topo_connected,6,23435_e1c96b4d,topo_moderate,1.0,False
21184_971559b6,topo_connected,7,20467_f1fcc009,topo_isolated,1.0,False
21184_971559b6,topo_connected,8,20259_de1ab632,topo_minimal,1.0,False
21184_971559b6,topo_connected,9,22053_de30641b,topo_minimal,1.0,False
21184_971559b6,topo_connected,10,21761_fdb5f86d,topo_moderate,1.0,False
20547_ec8cfd0d,topo_isolated,1,22907_ff18dbd5,topo_moderate,1.0,False
20547_ec8cfd0d,topo_isolated,2,22058_71feafda,topo_isolated,1.0,True
20547_ec8cfd0d,topo_isolated,3,20672_0bc07cce,topo_minimal,1.0,False
20547_ec8cfd0d,topo_isolated,4,21616_c6c3347a,topo_isolated,1.0,True
20547_ec8cfd0d,topo_isolated,5,23439_18900af2,topo_minimal,1.0,False
20547_ec8cfd0d,topo_isolated,6,23435_e1c96b4d,topo_moderate,1.0,False
20547_ec8cfd0d,topo_isolated,7,20467_f1fcc009,topo_isolated,1.0,True
20547_ec8cfd0d,topo_isolated,8,20259_de1ab632,topo_minimal,1.0,False
20547_ec8cfd0d,topo_isolated,9,22053_de30641b,topo_minimal,1.0,False
20547_ec8cfd0d,topo_isolated,10,21761_fdb5f86d,topo_moderate,1.0,False
20479_77930584,topo_isolated,1,22907_ff18dbd5,topo_moderate,1.0,False
20479_77930584,topo_isolated,2,22058_71feafda,topo_isolated,1.0,True
20479_77930584,topo_isolated,3,20672_0bc07cce,topo_minimal,1.0,False
20479_77930584,topo_isolated,4,21616_c6c3347a,topo_isolated,1.0,True
20479_77930584,topo_isolated,5,23439_18900af2,topo_minimal,1.0,False
20479_77930584,topo_isolated,6,23435_e1c96b4d,topo_moderate,1.0,False
20479_77930584,topo_isolated,7,20467_f1fcc009,topo_isolated,1.0,True
20479_77930584,topo_isolated,8,20259_de1ab632,topo_minimal,1.0,False
20479_77930584,topo_isolated,9,22053_de30641b,topo_minimal,1.0,False
20479_77930584,topo_isolated,10,21761_fdb5f86d,topo_moderate,1.0,False
22589_2c8f7c0b,topo_minimal,1,22907_ff18dbd5,topo_moderate,1.0,False
22589_2c8f7c0b,topo_minimal,2,22058_71feafda,topo_isolated,1.0,False
22589_2c8f7c0b,topo_minimal,3,20672_0bc07cce,topo_minimal,1.0,True
22589_2c8f7c0b,topo_minimal,4,21616_c6c3347a,topo_isolated,1.0,False
22589_2c8f7c0b,topo_minimal,5,23439_18900af2,topo_minimal,1.0,True
22589_2c8f7c0b,topo_minimal,6,23435_e1c96b4d,topo_moderate,1.0,False
22589_2c8f7c0b,topo_minimal,7,20467_f1fcc009,topo_isolated,1.0,False
22589_2c8f7c0b,topo_minimal,8,20259_de1ab632,topo_minimal,1.0,True
22589_2c8f7c0b,topo_minimal,9,22053_de30641b,topo_minimal,1.0,True
22589_2c8f7c0b,topo_minimal,10,21761_fdb5f86d,topo_moderate,1.0,False
20741_c337946f,topo_minimal,1,22907_ff18dbd5,topo_moderate,1.0,False
20741_c337946f,topo_minimal,2,22058_71feafda,topo_isolated,1.0,False
20741_c337946f,topo_minimal,3,20672_0bc07cce,topo_minimal,1.0,True
20741_c337946f,topo_minimal,4,21616_c6c3347a,topo_isolated,1.0,False
20741_c337946f,topo_minimal,5,23439_18900af2,topo_minimal,1.0,True
20741_c337946f,topo_minimal,6,23435_e1c96b4d,topo_moderate,1.0,False
20741_c337946f,topo_minimal,7,20467_f1fcc009,topo_isolated,1.0,False
20741_c337946f,topo_minimal,8,20259_de1ab632,topo_minimal,1.0,True
20741_c337946f,topo_minimal,9,22053_de30641b,topo_minimal,1.0,True
20741_c337946f,topo_minimal,10,21761_fdb5f86d,topo_moderate,1.0,False
20237_06b27bf5,topo_moderate,1,23468_a0bfb573,topo_complex,1.0,False
20237_06b27bf5,topo_moderate,2,22095_af226cbc,topo_complex,1.0,False
20237_06b27bf5,topo_moderate,3,22434_2ad62ed6,topo_minimal,1.0,False
20237_06b27bf5,topo_moderate,4,23259_d655fcc1,topo_moderate,1.0,True
20237_06b27bf5,topo_moderate,5,22049_4da0d894,topo_connected,1.0,False
20237_06b27bf5,topo_moderate,6,23102_211ad1db,topo_isolated,1.0,False
20237_06b27bf5,topo_moderate,7,23127_38d73061,topo_complex,1.0,False
20237_06b27bf5,topo_moderate,8,23170_6ea8ded5,topo_moderate,1.0,True
20237_06b27bf5,topo_moderate,9,21497_9833a679,topo_moderate,1.0,True
20237_06b27bf5,topo_moderate,10,22155_ab18f2b6,topo_isolated,1.0,False
20431_0088a0dd,topo_moderate,1,21989_a0b5037d,topo_connected,1.0,False
20431_0088a0dd,topo_moderate,2,23363_60e39812,topo_complex,1.0,False
20431_0088a0dd,topo_moderate,3,23409_e27e3b8b,topo_isolated,1.0,False
20431_0088a0dd,topo_moderate,4,20554_abcb705e,topo_moderate,1.0,True
20431_0088a0dd,topo_moderate,5,20229_d1ae2ae3,topo_connected,1.0,False
20431_0088a0dd,topo_moderate,6,20899_a8d7c6d5,topo_complex,1.0,False
20431_0088a0dd,topo_moderate,7,22059_b7d76712,topo_connected,1.0,False
20431_0088a0dd,topo_moderate,8,21529_93e51dd9,topo_connected,1.0,False
20431_0088a0dd,topo_moderate,9,20858_15bdad00,topo_complex,1.0,False
20431_0088a0dd,topo_moderate,10,23434_6635ed57,topo_connected,1.0,False
22417_4a15d62e,topo_connected,1,22421_19401bdd,topo_complex,1.0,False
22417_4a15d62e,topo_connected,2,22028_776fbf0d,topo_complex,1.0,False
22417_4a15d62e,topo_connected,3,23217_7c6062e3,topo_connected,1.0,True
22417_4a15d62e,topo_connected,4,21134_7aa7cd89,topo_complex,1.0,False
22417_4a15d62e,topo_connected,5,22419_dfeb5d33,topo_complex,1.0,False
22417_4a15d62e,topo_connected,6,21839_a8eb6d34,topo_isolated,1.0,False
22417_4a15d62e,topo_connected,7,23258_87a2ba81,topo_complex,1.0,False
22417_4a15d62e,topo_connected,8,21316_69ed56f5,topo_complex,1.0,False
22417_4a15d62e,topo_connected,9,21697_06656699,topo_connected,1.0,True
22417_4a15d62e,topo_connected,10,21845_dff8b3a1,topo_complex,1.0,False
20672_0bc07cce,topo_minimal,1,22907_ff18dbd5,topo_moderate,1.0,False
20672_0bc07cce,topo_minimal,2,22058_71feafda,topo_isolated,1.0,False
20672_0bc07cce,topo_minimal,3,23006_92c5b990,topo_moderate,1.0,False
20672_0bc07cce,topo_minimal,4,21616_c6c3347a,topo_isolated,1.0,False
20672_0bc07cce,topo_minimal,5,23439_18900af2,topo_minimal,1.0,True
20672_0bc07cce,topo_minimal,6,23435_e1c96b4d,topo_moderate,1.0,False
20672_0bc07cce,topo_minimal,7,20467_f1fcc009,topo_isolated,1.0,False
20672_0bc07cce,topo_minimal,8,20259_de1ab632,topo_minimal,1.0,True
20672_0bc07cce,topo_minimal,9,22053_de30641b,topo_minimal,1.0,True
20672_0bc07cce,topo_minimal,10,21761_fdb5f86d,topo_moderate,1.0,False
21616_c6c3347a,topo_isolated,1,22907_ff18dbd5,topo_moderate,1.0,False
21616_c6c3347a,topo_isolated,2,22058_71feafda,topo_isolated,1.0,True
21616_c6c3347a,topo_isolated,3,20672_0bc07cce,topo_minimal,1.0,False
21616_c6c3347a,topo_isolated,4,23006_92c5b990,topo_moderate,1.0,False
21616_c6c3347a,topo_isolated,5,23439_18900af2,topo_minimal,1.0,False
21616_c6c3347a,topo_isolated,6,23435_e1c96b4d,topo_moderate,1.0,False
21616_c6c3347a,topo_isolated,7,20467_f1fcc009,topo_isolated,1.0,True
21616_c6c3347a,topo_isolated,8,20259_de1ab632,topo_minimal,1.0,False
21616_c6c3347a,topo_isolated,9,22053_de30641b,topo_minimal,1.0,False
21616_c6c3347a,topo_isolated,10,21761_fdb5f86d,topo_moderate,1.0,False
22576_d05619d1,topo_isolated,1,22421_19401bdd,topo_complex,1.0,False
22576_d05619d1,topo_isolated,2,22028_776fbf0d,topo_complex,1.0,False
22576_d05619d1,topo_isolated,3,23217_7c6062e3,topo_connected,1.0,False
22576_d05619d1,topo_isolated,4,21134_7aa7cd89,topo_complex,1.0,False
22576_d05619d1,topo_isolated,5,22419_dfeb5d33,topo_complex,1.0,False
22576_d05619d1,topo_isolated,6,21839_a8eb6d34,topo_isolated,1.0,True
22576_d05619d1,topo_isolated,7,23258_87a2ba81,topo_complex,1.0,False
22576_d05619d1,topo_isolated,8,21316_69ed56f5,topo_complex,1.0,False
22576_d05619d1,topo_isolated,9,21697_06656699,topo_connected,1.0,False
22576_d05619d1,topo_isolated,10,21845_dff8b3a1,topo_complex,1.0,False
20946_6573271d,topo_isolated,1,21448_5646a1b6,topo_minimal,1.0,False
20946_6573271d,topo_isolated,2,21862_ec534e16,topo_minimal,1.0,False
20946_6573271d,topo_isolated,3,22136_a539c50b,topo_isolated,1.0,True
20946_6573271d,topo_isolated,4,20758_cdccf572,topo_moderate,1.0,False
20946_6573271d,topo_isolated,5,21257_770fee9a,topo_isolated,1.0,True
20946_6573271d,topo_isolated,6,22283_36ba29c9,topo_minimal,1.0,False
20946_6573271d,topo_isolated,7,22154_24342da4,topo_isolated,1.0,True
20946_6573271d,topo_isolated,8,20731_fbdc7731,topo_moderate,1.0,False
20946_6573271d,topo_isolated,9,21384_b9774b93,topo_moderate,1.0,False
20946_6573271d,topo_isolated,10,23103_43bde2a6,topo_minimal,1.0,False
22483_f4e4b62a,topo_complex,1,21700_28d193ac,topo_complex,1.0,True
22483_f4e4b62a,topo_complex,2,23144_88ca00a5,topo_connected,1.0,False
22483_f4e4b62a,topo_complex,3,21425_d0d47a2a,topo_complex,1.0,True
22483_f4e4b62a,topo_complex,4,23123_f35404c4,topo_complex,1.0,True
22483_f4e4b62a,topo_complex,5,21545_4384f96e,topo_moderate,1.0,False
22483_f4e4b62a,topo_complex,6,21582_a3d32115,topo_moderate,1.0,False
22483_f4e4b62a,topo_complex,7,21580_b8b2571b,topo_connected,1.0,False
22483_f4e4b62a,topo_complex,8,23002_4d53fb3f,topo_moderate,1.0,False
22483_f4e4b62a,topo_complex,9,21926_b4c7068b,topo_complex,1.0,True
22483_f4e4b62a,topo_complex,10,20636_ca9eb29a,topo_connected,1.0,False
20467_f1fcc009,topo_isolated,1,22907_ff18dbd5,topo_moderate,1.0,False
20467_f1fcc009,topo_isolated,2,22058_71feafda,topo_isolated,1.0,True
20467_f1fcc009,topo_isolated,3,20672_0bc07cce,topo_minimal,1.0,False
20467_f1fcc009,topo_isolated,4,21616_c6c3347a,topo_isolated,1.0,True
20467_f1fcc009,topo_isolated,5,23439_18900af2,topo_minimal,1.0,False
20467_f1fcc009,topo_isolated,6,23435_e1c96b4d,topo_moderate,1.0,False
20467_f1fcc009,topo_isolated,7,23006_92c5b990,topo_moderate,1.0,False
20467_f1fcc009,topo_isolated,8,20259_de1ab632,topo_minimal,1.0,False
20467_f1fcc009,topo_isolated,9,22053_de30641b,topo_minimal,1.0,False
20467_f1fcc009,topo_isolated,10,21761_fdb5f86d,topo_moderate,1.0,False
20279_aed6b3b3,topo_complex,1,22421_19401bdd,topo_complex,1.0,True
20279_aed6b3b3,topo_complex,2,22028_776fbf0d,topo_complex,1.0,True
20279_aed6b3b3,topo_complex,3,23217_7c6062e3,topo_connected,1.0,False
20279_aed6b3b3,topo_complex,4,21134_7aa7cd89,topo_complex,1.0,True
20279_aed6b3b3,topo_complex,5,22419_dfeb5d33,topo_complex,1.0,True
20279_aed6b3b3,topo_complex,6,21839_a8eb6d34,topo_isolated,1.0,False
20279_aed6b3b3,topo_complex,7,23258_87a2ba81,topo_complex,1.0,True
20279_aed6b3b3,topo_complex,8,21316_69ed56f5,topo_complex,1.0,True
20279_aed6b3b3,topo_complex,9,21697_06656699,topo_connected,1.0,False
20279_aed6b3b3,topo_complex,10,21845_dff8b3a1,topo_complex,1.0,True
22058_71feafda,topo_isolated,1,22907_ff18dbd5,topo_moderate,1.0,False
22058_71feafda,topo_isolated,2,21761_fdb5f86d,topo_moderate,1.0,False
22058_71feafda,topo_isolated,3,20672_0bc07cce,topo_minimal,1.0,False
22058_71feafda,topo_isolated,4,21616_c6c3347a,topo_isolated,1.0,True
22058_71feafda,topo_isolated,5,23439_18900af2,topo_minimal,1.0,False
22058_71feafda,topo_isolated,6,23435_e1c96b4d,topo_moderate,1.0,False
22058_71feafda,topo_isolated,7,23006_92c5b990,topo_moderate,1.0,False
22058_71feafda,topo_isolated,8,20259_de1ab632,topo_minimal,1.0,False
22058_71feafda,topo_isolated,9,22053_de30641b,topo_minimal,1.0,False
22058_71feafda,topo_isolated,10,20467_f1fcc009,topo_isolated,1.0,True
23413_6702ec7f,topo_minimal,1,21989_a0b5037d,topo_connected,1.0,False
23413_6702ec7f,topo_minimal,2,23363_60e39812,topo_complex,1.0,False
23413_6702ec7f,topo_minimal,3,23409_e27e3b8b,topo_isolated,1.0,False
23413_6702ec7f,topo_minimal,4,20554_abcb705e,topo_moderate,1.0,False
23413_6702ec7f,topo_minimal,5,20229_d1ae2ae3,topo_connected,1.0,False
23413_6702ec7f,topo_minimal,6,20899_a8d7c6d5,topo_complex,1.0,False
23413_6702ec7f,topo_minimal,7,22059_b7d76712,topo_connected,1.0,False
23413_6702ec7f,topo_minimal,8,21529_93e51dd9,topo_connected,1.0,False
23413_6702ec7f,topo_minimal,9,20858_15bdad00,topo_complex,1.0,False
23413_6702ec7f,topo_minimal,10,23434_6635ed57,topo_connected,1.0,False
21093_1bda9bbe,topo_isolated,1,21700_28d193ac,topo_complex,1.0,False
21093_1bda9bbe,topo_isolated,2,23144_88ca00a5,topo_connected,1.0,False
21093_1bda9bbe,topo_isolated,3,21425_d0d47a2a,topo_complex,1.0,False
21093_1bda9bbe,topo_isolated,4,23123_f35404c4,topo_complex,1.0,False
21093_1bda9bbe,topo_isolated,5,21545_4384f96e,topo_moderate,1.0,False
21093_1bda9bbe,topo_isolated,6,21582_a3d32115,topo_moderate,1.0,False
21093_1bda9bbe,topo_isolated,7,21580_b8b2571b,topo_connected,1.0,False
21093_1bda9bbe,topo_isolated,8,23002_4d53fb3f,topo_moderate,1.0,False
21093_1bda9bbe,topo_isolated,9,21926_b4c7068b,topo_complex,1.0,False
21093_1bda9bbe,topo_isolated,10,20636_ca9eb29a,topo_connected,1.0,False
20544_43691724,topo_complex,1,21700_28d193ac,topo_complex,1.0,True
20544_43691724,topo_complex,2,23144_88ca00a5,topo_connected,1.0,False
20544_43691724,topo_complex,3,21425_d0d47a2a,topo_complex,1.0,True
20544_43691724,topo_complex,4,23123_f35404c4,topo_complex,1.0,True
20544_43691724,topo_complex,5,21545_4384f96e,topo_moderate,1.0,False
20544_43691724,topo_complex,6,21582_a3d32115,topo_moderate,1.0,False
20544_43691724,topo_complex,7,21580_b8b2571b,topo_connected,1.0,False
20544_43691724,topo_complex,8,23002_4d53fb3f,topo_moderate,1.0,False
20544_43691724,topo_complex,9,21926_b4c7068b,topo_complex,1.0,True
20544_43691724,topo_complex,10,20636_ca9eb29a,topo_connected,1.0,False
22764_b884dce6,topo_moderate,1,20287_072b5bf6,topo_isolated,1.0,False
22764_b884dce6,topo_moderate,2,21979_29f59427,topo_connected,1.0,False
22764_b884dce6,topo_moderate,3,21700_28d193ac,topo_complex,0.75,False
22764_b884dce6,topo_moderate,4,21582_a3d32115,topo_moderate,0.75,True
22764_b884dce6,topo_moderate,5,21425_d0d47a2a,topo_complex,0.75,False
22764_b884dce6,topo_moderate,6,23123_f35404c4,topo_complex,0.75,False
22764_b884dce6,topo_moderate,7,21545_4384f96e,topo_moderate,0.75,True
22764_b884dce6,topo_moderate,8,21580_b8b2571b,topo_connected,0.75,False
22764_b884dce6,topo_moderate,9,23002_4d53fb3f,topo_moderate,0.75,True
22764_b884dce6,topo_moderate,10,22430_c6f08b03,topo_complex,0.75,False
21069_508a9947,topo_complex,1,21700_28d193ac,topo_complex,1.0,True
21069_508a9947,topo_complex,2,23144_88ca00a5,topo_connected,1.0,False
21069_508a9947,topo_complex,3,21425_d0d47a2a,topo_complex,1.0,True
21069_508a9947,topo_complex,4,23123_f35404c4,topo_complex,1.0,True
21069_508a9947,topo_complex,5,21545_4384f96e,topo_moderate,1.0,False
21069_508a9947,topo_complex,6,21582_a3d32115,topo_moderate,1.0,False
21069_508a9947,topo_complex,7,21580_b8b2571b,topo_connected,1.0,False
21069_508a9947,topo_complex,8,23002_4d53fb3f,topo_moderate,1.0,False
21069_508a9947,topo_complex,9,21926_b4c7068b,topo_complex,1.0,True
21069_508a9947,topo_complex,10,20636_ca9eb29a,topo_connected,1.0,False
20959_d4905d19,topo_complex,1,22421_19401bdd,topo_complex,1.0,True
20959_d4905d19,topo_complex,2,22028_776fbf0d,topo_complex,1.0,True
20959_d4905d19,topo_complex,3,23217_7c6062e3,topo_connected,1.0,False
20959_d4905d19,topo_complex,4,21134_7aa7cd89,topo_complex,1.0,True
20959_d4905d19,topo_complex,5,22419_dfeb5d33,topo_complex,1.0,True
20959_d4905d19,topo_complex,6,21839_a8eb6d34,topo_isolated,1.0,False
20959_d4905d19,topo_complex,7,23258_87a2ba81,topo_complex,1.0,True
20959_d4905d19,topo_complex,8,21316_69ed56f5,topo_complex,1.0,True
20959_d4905d19,topo_complex,9,21697_06656699,topo_connected,1.0,False
20959_d4905d19,topo_complex,10,21845_dff8b3a1,topo_complex,1.0,True
20421_83f66ddc,topo_minimal,1,20157_db99ab88,topo_moderate,1.0,False
20421_83f66ddc,topo_minimal,2,21715_53df62c9,topo_minimal,1.0,True
20421_83f66ddc,topo_minimal,3,22218_2f85f6ae,topo_connected,1.0,False
20421_83f66ddc,topo_minimal,4,23238_3c864758,topo_moderate,1.0,False
20421_83f66ddc,topo_minimal,5,21600_0027c6fc,topo_moderate,1.0,False
20421_83f66ddc,topo_minimal,6,22681_124bf3a9,topo_moderate,1.0,False
20421_83f66ddc,topo_minimal,7,21048_75cc125c,topo_complex,1.0,False
20421_83f66ddc,topo_minimal,8,20504_c9e14c9d,topo_connected,1.0,False
20421_83f66ddc,topo_minimal,9,22061_b50b6b66,topo_isolated,1.0,False
20421_83f66ddc,topo_minimal,10,23152_6f2706c9,topo_moderate,1.0,False
22472_f65d3470,topo_isolated,1,22907_ff18dbd5,topo_moderate,1.0,False
22472_f65d3470,topo_isolated,2,22058_71feafda,topo_isolated,1.0,True
22472_f65d3470,topo_isolated,3,20672_0bc07cce,topo_minimal,1.0,False
22472_f65d3470,topo_isolated,4,21616_c6c3347a,topo_isolated,1.0,True
22472_f65d3470,topo_isolated,5,23439_18900af2,topo_minimal,1.0,False
22472_f65d3470,topo_isolated,6,23435_e1c96b4d,topo_moderate,1.0,False
22472_f65d3470,topo_isolated,7,23006_92c5b990,topo_moderate,1.0,False
22472_f65d3470,topo_isolated,8,20259_de1ab632,topo_minimal,1.0,False
22472_f65d3470,topo_isolated,9,22053_de30641b,topo_minimal,1.0,False
22472_f65d3470,topo_isolated,10,20467_f1fcc009,topo_isolated,1.0,True
20260_4a01a99d,topo_minimal,1,21700_28d193ac,topo_complex,1.0,False
20260_4a01a99d,topo_minimal,2,23144_88ca00a5,topo_connected,1.0,False
20260_4a01a99d,topo_minimal,3,21425_d0d47a2a,topo_complex,1.0,False
20260_4a01a99d,topo_minimal,4,23123_f35404c4,topo_complex,1.0,False
20260_4a01a99d,topo_minimal,5,21545_4384f96e,topo_moderate,1.0,False
20260_4a01a99d,topo_minimal,6,21582_a3d32115,topo_moderate,1.0,False
20260_4a01a99d,topo_minimal,7,21580_b8b2571b,topo_connected,1.0,False
20260_4a01a99d,topo_minimal,8,23002_4d53fb3f,topo_moderate,1.0,False
20260_4a01a99d,topo_minimal,9,21926_b4c7068b,topo_complex,1.0,False
20260_4a01a99d,topo_minimal,10,20636_ca9eb29a,topo_connected,1.0,False
23309_76dcf100,topo_connected,1,22421_19401bdd,topo_complex,1.0,False
23309_76dcf100,topo_connected,2,22028_776fbf0d,topo_complex,1.0,False
23309_76dcf100,topo_connected,3,23217_7c6062e3,topo_connected,1.0,True
23309_76dcf100,topo_connected,4,21134_7aa7cd89,topo_complex,1.0,False
23309_76dcf100,topo_connected,5,22419_dfeb5d33,topo_complex,1.0,False
23309_76dcf100,topo_connected,6,21839_a8eb6d34,topo_isolated,1.0,False
23309_76dcf100,topo_connected,7,23258_87a2ba81,topo_complex,1.0,False
23309_76dcf100,topo_connected,8,21316_69ed56f5,topo_complex,1.0,False
23309_76dcf100,topo_connected,9,21697_06656699,topo_connected,1.0,True
23309_76dcf100,topo_connected,10,21845_dff8b3a1,topo_complex,1.0,False
21790_aaf9224a,topo_connected,1,21989_a0b5037d,topo_connected,1.0,True
21790_aaf9224a,topo_connected,2,23363_60e39812,topo_complex,1.0,False
21790_aaf9224a,topo_connected,3,23409_e27e3b8b,topo_isolated,1.0,False
21790_aaf9224a,topo_connected,4,20554_abcb705e,topo_moderate,1.0,False
21790_aaf9224a,topo_connected,5,20229_d1ae2ae3,topo_connected,1.0,True
21790_aaf9224a,topo_connected,6,20899_a8d7c6d5,topo_complex,1.0,False
21790_aaf9224a,topo_connected,7,22059_b7d76712,topo_connected,1.0,True
21790_aaf9224a,topo_connected,8,21529_93e51dd9,topo_connected,1.0,True
21790_aaf9224a,topo_connected,9,20858_15bdad00,topo_complex,1.0,False
21790_aaf9224a,topo_connected,10,23434_6635ed57,topo_connected,1.0,True
23152_6f2706c9,topo_moderate,1,20157_db99ab88,topo_moderate,1.0,True
23152_6f2706c9,topo_moderate,2,21715_53df62c9,topo_minimal,1.0,False
23152_6f2706c9,topo_moderate,3,22218_2f85f6ae,topo_connected,1.0,False
23152_6f2706c9,topo_moderate,4,23238_3c864758,topo_moderate,1.0,True
23152_6f2706c9,topo_moderate,5,21600_0027c6fc,topo_moderate,1.0,True
23152_6f2706c9,topo_moderate,6,22681_124bf3a9,topo_moderate,1.0,True
23152_6f2706c9,topo_moderate,7,21048_75cc125c,topo_complex,1.0,False
23152_6f2706c9,topo_moderate,8,20504_c9e14c9d,topo_connected,1.0,False
23152_6f2706c9,topo_moderate,9,22061_b50b6b66,topo_isolated,1.0,False
23152_6f2706c9,topo_moderate,10,21884_cc2c39f9,topo_moderate,1.0,True
21257_770fee9a,topo_isolated,1,21448_5646a1b6,topo_minimal,1.0,False
21257_770fee9a,topo_isolated,2,20807_88c198d5,topo_isolated,1.0,True
21257_770fee9a,topo_isolated,3,22136_a539c50b,topo_isolated,1.0,True
21257_770fee9a,topo_isolated,4,20758_cdccf572,topo_moderate,1.0,False
21257_770fee9a,topo_isolated,5,22283_36ba29c9,topo_minimal,1.0,False
21257_770fee9a,topo_isolated,6,22154_24342da4,topo_isolated,1.0,True
21257_770fee9a,topo_isolated,7,20731_fbdc7731,topo_moderate,1.0,False
21257_770fee9a,topo_isolated,8,21384_b9774b93,topo_moderate,1.0,False
21257_770fee9a,topo_isolated,9,23103_43bde2a6,topo_minimal,1.0,False
21257_770fee9a,topo_isolated,10,20989_885bd9b9,topo_minimal,1.0,False
22306_c3dca308,topo_complex,1,22421_19401bdd,topo_complex,1.0,True
22306_c3dca308,topo_complex,2,22028_776fbf0d,topo_complex,1.0,True
22306_c3dca308,topo_complex,3,23217_7c6062e3,topo_connected,1.0,False
22306_c3dca308,topo_complex,4,21134_7aa7cd89,topo_complex,1.0,True
22306_c3dca308,topo_complex,5,22419_dfeb5d33,topo_complex,1.0,True
22306_c3dca308,topo_complex,6,21839_a8eb6d34,topo_isolated,1.0,False
22306_c3dca308,topo_complex,7,23258_87a2ba81,topo_complex,1.0,True
22306_c3dca308,topo_complex,8,21316_69ed56f5,topo_complex,1.0,True
22306_c3dca308,topo_complex,9,21697_06656699,topo_connected,1.0,False
22306_c3dca308,topo_complex,10,21845_dff8b3a1,topo_complex,1.0,True
20628_e0551f7c,topo_connected,1,21989_a0b5037d,topo_connected,1.0,True
20628_e0551f7c,topo_connected,2,23363_60e39812,topo_complex,1.0,False
20628_e0551f7c,topo_connected,3,23409_e27e3b8b,topo_isolated,1.0,False
20628_e0551f7c,topo_connected,4,20554_abcb705e,topo_moderate,1.0,False
20628_e0551f7c,topo_connected,5,20229_d1ae2ae3,topo_connected,1.0,True
20628_e0551f7c,topo_connected,6,20899_a8d7c6d5,topo_complex,1.0,False
20628_e0551f7c,topo_connected,7,22059_b7d76712,topo_connected,1.0,True
20628_e0551f7c,topo_connected,8,21529_93e51dd9,topo_connected,1.0,True
20628_e0551f7c,topo_connected,9,20858_15bdad00,topo_complex,1.0,False
20628_e0551f7c,topo_connected,10,23434_6635ed57,topo_connected,1.0,True
20838_86c931be,topo_minimal,1,22261_6efe61e3,topo_minimal,1.0,True
20838_86c931be,topo_minimal,2,19518_f220b68a,topo_isolated,1.0,False
20838_86c931be,topo_minimal,3,21422_b2a6bf27,topo_isolated,1.0,False
20838_86c931be,topo_minimal,4,22981_93f268ae,topo_minimal,1.0,True
20838_86c931be,topo_minimal,5,20940_9777847c,topo_connected,1.0,False
20838_86c931be,topo_minimal,6,23039_b3d04774,topo_moderate,1.0,False
20838_86c931be,topo_minimal,7,20409_dafedec6,topo_isolated,1.0,False
20838_86c931be,topo_minimal,8,20814_5a2be0fb,topo_minimal,1.0,True
20838_86c931be,topo_minimal,9,23194_b675acc0,topo_connected,1.0,False
20838_86c931be,topo_minimal,10,23250_aa321310,topo_moderate,1.0,False
22154_24342da4,topo_isolated,1,21448_5646a1b6,topo_minimal,1.0,False
22154_24342da4,topo_isolated,2,20807_88c198d5,topo_isolated,1.0,True
22154_24342da4,topo_isolated,3,22136_a539c50b,topo_isolated,1.0,True
22154_24342da4,topo_isolated,4,20758_cdccf572,topo_moderate,1.0,False
22154_24342da4,topo_isolated,5,22283_36ba29c9,topo_minimal,1.0,False
22154_24342da4,topo_isolated,6,21257_770fee9a,topo_isolated,1.0,True
22154_24342da4,topo_isolated,7,20731_fbdc7731,topo_moderate,1.0,False
22154_24342da4,topo_isolated,8,21384_b9774b93,topo_moderate,1.0,False
22154_24342da4,topo_isolated,9,23103_43bde2a6,topo_minimal,1.0,False
22154_24342da4,topo_isolated,10,20989_885bd9b9,topo_minimal,1.0,False
22980_3cb3bcc8,topo_complex,1,21989_a0b5037d,topo_connected,1.0,False
22980_3cb3bcc8,topo_complex,2,23363_60e39812,topo_complex,1.0,True
22980_3cb3bcc8,topo_complex,3,23409_e27e3b8b,topo_isolated,1.0,False
22980_3cb3bcc8,topo_complex,4,20554_abcb705e,topo_moderate,1.0,False
22980_3cb3bcc8,topo_complex,5,20229_d1ae2ae3,topo_connected,1.0,False
22980_3cb3bcc8,topo_complex,6,20899_a8d7c6d5,topo_complex,1.0,True
22980_3cb3bcc8,topo_complex,7,22059_b7d76712,topo_connected,1.0,False
22980_3cb3bcc8,topo_complex,8,21529_93e51dd9,topo_connected,1.0,False
22980_3cb3bcc8,topo_complex,9,20858_15bdad00,topo_complex,1.0,True
22980_3cb3bcc8,topo_complex,10,23434_6635ed57,topo_connected,1.0,False
20478_c02790cb,topo_minimal,1,22907_ff18dbd5,topo_moderate,1.0,False
20478_c02790cb,topo_minimal,2,22058_71feafda,topo_isolated,1.0,False
20478_c02790cb,topo_minimal,3,20672_0bc07cce,topo_minimal,1.0,True
20478_c02790cb,topo_minimal,4,21616_c6c3347a,topo_isolated,1.0,False
20478_c02790cb,topo_minimal,5,23439_18900af2,topo_minimal,1.0,True
20478_c02790cb,topo_minimal,6,23435_e1c96b4d,topo_moderate,1.0,False
20478_c02790cb,topo_minimal,7,23006_92c5b990,topo_moderate,1.0,False
20478_c02790cb,topo_minimal,8,20259_de1ab632,topo_minimal,1.0,True
20478_c02790cb,topo_minimal,9,22053_de30641b,topo_minimal,1.0,True
20478_c02790cb,topo_minimal,10,20467_f1fcc009,topo_isolated,1.0,False
20477_633cca4f,topo_moderate,1,20421_0fd51709,topo_connected,1.0,False
20477_633cca4f,topo_moderate,2,21685_93737a7a,topo_complex,1.0,False
20477_633cca4f,topo_moderate,3,22027_11a2e852,topo_complex,1.0,False
20477_633cca4f,topo_moderate,4,22421_19401bdd,topo_complex,0.75,False
20477_633cca4f,topo_moderate,5,22278_12f1fb79,topo_minimal,0.75,False
20477_633cca4f,topo_moderate,6,23511_8651ac1f,topo_connected,0.75,False
20477_633cca4f,topo_moderate,7,23217_7c6062e3,topo_connected,0.75,False
20477_633cca4f,topo_moderate,8,21134_7aa7cd89,topo_complex,0.75,False
20477_633cca4f,topo_moderate,9,22419_dfeb5d33,topo_complex,0.75,False
20477_633cca4f,topo_moderate,10,21839_a8eb6d34,topo_isolated,0.75,False
20225_4ce6d59b,topo_isolated,1,22050_e8702dd4,topo_connected,1.0,False
20225_4ce6d59b,topo_isolated,2,21467_67965037,topo_complex,1.0,False
20225_4ce6d59b,topo_isolated,3,21603_98a15295,topo_minimal,1.0,False
20225_4ce6d59b,topo_isolated,4,22561_067b78ae,topo_moderate,1.0,False
20225_4ce6d59b,topo_isolated,5,20682_e208cc63,topo_isolated,0.75,True
20225_4ce6d59b,topo_isolated,6,21478_8fbd4409,topo_moderate,0.75,False
20225_4ce6d59b,topo_isolated,7,22659_0e686e14,topo_moderate,0.75,False
20225_4ce6d59b,topo_isolated,8,21828_21ab2114,topo_isolated,0.75,True
20225_4ce6d59b,topo_isolated,9,20585_09b72895,topo_moderate,0.75,False
20225_4ce6d59b,topo_isolated,10,20421_38b63ca5,topo_complex,0.75,False
20797_78b83489,topo_minimal,1,21989_a0b5037d,topo_connected,1.0,False
20797_78b83489,topo_minimal,2,23363_60e39812,topo_complex,1.0,False
20797_78b83489,topo_minimal,3,23409_e27e3b8b,topo_isolated,1.0,False
20797_78b83489,topo_minimal,4,20554_abcb705e,topo_moderate,1.0,False
20797_78b83489,topo_minimal,5,20229_d1ae2ae3,topo_connected,1.0,False
20797_78b83489,topo_minimal,6,20899_a8d7c6d5,topo_complex,1.0,False
20797_78b83489,topo_minimal,7,22059_b7d76712,topo_connected,1.0,False
20797_78b83489,topo_minimal,8,21529_93e51dd9,topo_connected,1.0,False
20797_78b83489,topo_minimal,9,20858_15bdad00,topo_complex,1.0,False
20797_78b83489,topo_minimal,10,23434_6635ed57,topo_connected,1.0,False
23376_9b48819a,topo_minimal,1,21700_28d193ac,topo_complex,1.0,False
23376_9b48819a,topo_minimal,2,23144_88ca00a5,topo_connected,1.0,False
23376_9b48819a,topo_minimal,3,21425_d0d47a2a,topo_complex,1.0,False
23376_9b48819a,topo_minimal,4,23123_f35404c4,topo_complex,1.0,False
23376_9b48819a,topo_minimal,5,21545_4384f96e,topo_moderate,1.0,False
23376_9b48819a,topo_minimal,6,21582_a3d32115,topo_moderate,1.0,False
23376_9b48819a,topo_minimal,7,21580_b8b2571b,topo_connected,1.0,False
23376_9b48819a,topo_minimal,8,23002_4d53fb3f,topo_moderate,1.0,False
23376_9b48819a,topo_minimal,9,21926_b4c7068b,topo_complex,1.0,False
23376_9b48819a,topo_minimal,10,20636_ca9eb29a,topo_connected,1.0,False
22534_e899f645,topo_complex,1,21989_a0b5037d,topo_connected,1.0,False
22534_e899f645,topo_complex,2,23363_60e39812,topo_complex,1.0,True
22534_e899f645,topo_complex,3,23409_e27e3b8b,topo_isolated,1.0,False
22534_e899f645,topo_complex,4,20554_abcb705e,topo_moderate,1.0,False
22534_e899f645,topo_complex,5,20229_d1ae2ae3,topo_connected,1.0,False
22534_e899f645,topo_complex,6,20899_a8d7c6d5,topo_complex,1.0,True
22534_e899f645,topo_complex,7,22059_b7d76712,topo_connected,1.0,False
22534_e899f645,topo_complex,8,21529_93e51dd9,topo_connected,1.0,False
22534_e899f645,topo_complex,9,20858_15bdad00,topo_complex,1.0,True
22534_e899f645,topo_complex,10,23434_6635ed57,topo_connected,1.0,False
22079_31335df2,topo_connected,1,21700_28d193ac,topo_complex,1.0,False
22079_31335df2,topo_connected,2,23144_88ca00a5,topo_connected,1.0,True
22079_31335df2,topo_connected,3,21425_d0d47a2a,topo_complex,1.0,False
22079_31335df2,topo_connected,4,23123_f35404c4,topo_complex,1.0,False
22079_31335df2,topo_connected,5,21545_4384f96e,topo_moderate,1.0,False
22079_31335df2,topo_connected,6,21582_a3d32115,topo_moderate,1.0,False
22079_31335df2,topo_connected,7,21580_b8b2571b,topo_connected,1.0,True
22079_31335df2,topo_connected,8,23002_4d53fb3f,topo_moderate,1.0,False
22079_31335df2,topo_connected,9,21926_b4c7068b,topo_complex,1.0,False
22079_31335df2,topo_connected,10,20636_ca9eb29a,topo_connected,1.0,True
22414_14ead4a3,topo_complex,1,23468_a0bfb573,topo_complex,1.0,True
22414_14ead4a3,topo_complex,2,21271_ec7f62b8,topo_connected,1.0,False
22414_14ead4a3,topo_complex,3,23178_eb4b4280,topo_minimal,1.0,False
22414_14ead4a3,topo_complex,4,20682_e208cc63,topo_isolated,1.0,False
22414_14ead4a3,topo_complex,5,22762_dcbdd14d,topo_minimal,1.0,False
22414_14ead4a3,topo_complex,6,21831_54ca67d1,topo_minimal,1.0,False
22414_14ead4a3,topo_complex,7,21037_62248d34,topo_minimal,1.0,False
22414_14ead4a3,topo_complex,8,7780_6c885e81,topo_complex,1.0,True
22414_14ead4a3,topo_complex,9,21840_6847d36c,topo_isolated,1.0,False
22414_14ead4a3,topo_complex,10,22049_4da0d894,topo_connected,1.0,False
23313_210c6783,topo_connected,1,21989_a0b5037d,topo_connected,1.0,True
23313_210c6783,topo_connected,2,23363_60e39812,topo_complex,1.0,False
23313_210c6783,topo_connected,3,23409_e27e3b8b,topo_isolated,1.0,False
23313_210c6783,topo_connected,4,20554_abcb705e,topo_moderate,1.0,False
23313_210c6783,topo_connected,5,20229_d1ae2ae3,topo_connected,1.0,True
23313_210c6783,topo_connected,6,20899_a8d7c6d5,topo_complex,1.0,False
23313_210c6783,topo_connected,7,22059_b7d76712,topo_connected,1.0,True
23313_210c6783,topo_connected,8,21529_93e51dd9,topo_connected,1.0,True
23313_210c6783,topo_connected,9,20858_15bdad00,topo_complex,1.0,False
23313_210c6783,topo_connected,10,23434_6635ed57,topo_connected,1.0,True
21600_0027c6fc,topo_moderate,1,20157_db99ab88,topo_moderate,1.0,True
21600_0027c6fc,topo_moderate,2,23152_6f2706c9,topo_moderate,1.0,True
21600_0027c6fc,topo_moderate,3,22218_2f85f6ae,topo_connected,1.0,False
21600_0027c6fc,topo_moderate,4,23238_3c864758,topo_moderate,1.0,True
21600_0027c6fc,topo_moderate,5,22681_124bf3a9,topo_moderate,1.0,True
21600_0027c6fc,topo_moderate,6,21048_75cc125c,topo_complex,1.0,False
21600_0027c6fc,topo_moderate,7,20504_c9e14c9d,topo_connected,1.0,False
21600_0027c6fc,topo_moderate,8,22061_b50b6b66,topo_isolated,1.0,False
21600_0027c6fc,topo_moderate,9,21715_53df62c9,topo_minimal,1.0,False
21600_0027c6fc,topo_moderate,10,21884_cc2c39f9,topo_moderate,1.0,True
21081_72fa4ad1,topo_moderate,1,22421_19401bdd,topo_complex,1.0,False
21081_72fa4ad1,topo_moderate,2,22028_776fbf0d,topo_complex,1.0,False
21081_72fa4ad1,topo_moderate,3,23217_7c6062e3,topo_connected,1.0,False
21081_72fa4ad1,topo_moderate,4,21134_7aa7cd89,topo_complex,1.0,False
21081_72fa4ad1,topo_moderate,5,22419_dfeb5d33,topo_complex,1.0,False
21081_72fa4ad1,topo_moderate,6,21839_a8eb6d34,topo_isolated,1.0,False
21081_72fa4ad1,topo_moderate,7,23258_87a2ba81,topo_complex,1.0,False
21081_72fa4ad1,topo_moderate,8,21316_69ed56f5,topo_complex,1.0,False
21081_72fa4ad1,topo_moderate,9,21697_06656699,topo_connected,1.0,False
21081_72fa4ad1,topo_moderate,10,21845_dff8b3a1,topo_complex,1.0,False
21423_196855d1,topo_minimal,1,22907_ff18dbd5,topo_moderate,1.0,False
21423_196855d1,topo_minimal,2,22058_71feafda,topo_isolated,1.0,False
21423_196855d1,topo_minimal,3,20672_0bc07cce,topo_minimal,1.0,True
21423_196855d1,topo_minimal,4,21616_c6c3347a,topo_isolated,1.0,False
21423_196855d1,topo_minimal,5,23439_18900af2,topo_minimal,1.0,True
21423_196855d1,topo_minimal,6,23435_e1c96b4d,topo_moderate,1.0,False
21423_196855d1,topo_minimal,7,23006_92c5b990,topo_moderate,1.0,False
21423_196855d1,topo_minimal,8,20259_de1ab632,topo_minimal,1.0,True
21423_196855d1,topo_minimal,9,22053_de30641b,topo_minimal,1.0,True
21423_196855d1,topo_minimal,10,20467_f1fcc009,topo_isolated,1.0,False
22670_9353c710,topo_connected,1,21700_28d193ac,topo_complex,1.0,False
22670_9353c710,topo_connected,2,23144_88ca00a5,topo_connected,1.0,True
22670_9353c710,topo_connected,3,21425_d0d47a2a,topo_complex,1.0,False
22670_9353c710,topo_connected,4,23123_f35404c4,topo_complex,1.0,False
22670_9353c710,topo_connected,5,21545_4384f96e,topo_moderate,1.0,False
22670_9353c710,topo_connected,6,21582_a3d32115,topo_moderate,1.0,False
22670_9353c710,topo_connected,7,21580_b8b2571b,topo_connected,1.0,True
22670_9353c710,topo_connected,8,23002_4d53fb3f,topo_moderate,1.0,False
22670_9353c710,topo_connected,9,21926_b4c7068b,topo_complex,1.0,False
22670_9353c710,topo_connected,10,20636_ca9eb29a,topo_connected,1.0,True
20421_38b63ca5,topo_complex,1,20520_7e357152,topo_isolated,1.0,False
20421_38b63ca5,topo_complex,2,20421_49bd1188,topo_connected,1.0,False
20421_38b63ca5,topo_complex,3,21164_de08f61e,topo_connected,1.0,False
20421_38b63ca5,topo_complex,4,20389_c835706f,topo_moderate,1.0,False
20421_38b63ca5,topo_complex,5,22266_078a1f68,topo_complex,1.0,True
20421_38b63ca5,topo_complex,6,22232_cb53774e,topo_connected,1.0,False
20421_38b63ca5,topo_complex,7,23322_8f85d82d,topo_moderate,0.75,False
20421_38b63ca5,topo_complex,8,20592_573e41b2,topo_isolated,0.75,False
20421_38b63ca5,topo_complex,9,21528_a5d5490f,topo_connected,0.75,False
20421_38b63ca5,topo_complex,10,23176_1bf2a2d5,topo_complex,0.75,True
21718_1551037b,topo_moderate,1,21700_28d193ac,topo_complex,1.0,False
21718_1551037b,topo_moderate,2,23144_88ca00a5,topo_connected,1.0,False
21718_1551037b,topo_moderate,3,21425_d0d47a2a,topo_complex,1.0,False
21718_1551037b,topo_moderate,4,23123_f35404c4,topo_complex,1.0,False
21718_1551037b,topo_moderate,5,21545_4384f96e,topo_moderate,1.0,True
21718_1551037b,topo_moderate,6,21582_a3d32115,topo_moderate,1.0,True
21718_1551037b,topo_moderate,7,21580_b8b2571b,topo_connected,1.0,False
21718_1551037b,topo_moderate,8,23002_4d53fb3f,topo_moderate,1.0,True
21718_1551037b,topo_moderate,9,21926_b4c7068b,topo_complex,1.0,False
21718_1551037b,topo_moderate,10,20636_ca9eb29a,topo_connected,1.0,False
20585_09b72895,topo_moderate,1,23468_a0bfb573,topo_complex,1.0,False
20585_09b72895,topo_moderate,2,21271_ec7f62b8,topo_connected,1.0,False
20585_09b72895,topo_moderate,3,23178_eb4b4280,topo_minimal,1.0,False
20585_09b72895,topo_moderate,4,20682_e208cc63,topo_isolated,1.0,False
20585_09b72895,topo_moderate,5,22762_dcbdd14d,topo_minimal,1.0,False
20585_09b72895,topo_moderate,6,21831_54ca67d1,topo_minimal,1.0,False
20585_09b72895,topo_moderate,7,21037_62248d34,topo_minimal,1.0,False
20585_09b72895,topo_moderate,8,7780_6c885e81,topo_complex,1.0,False
20585_09b72895,topo_moderate,9,21840_6847d36c,topo_isolated,1.0,False
20585_09b72895,topo_moderate,10,22049_4da0d894,topo_connected,1.0,False
21828_21ab2114,topo_isolated,1,23468_a0bfb573,topo_complex,1.0,False
21828_21ab2114,topo_isolated,2,21271_ec7f62b8,topo_connected,1.0,False
21828_21ab2114,topo_isolated,3,23178_eb4b4280,topo_minimal,1.0,False
21828_21ab2114,topo_isolated,4,20682_e208cc63,topo_isolated,1.0,True
21828_21ab2114,topo_isolated,5,22762_dcbdd14d,topo_minimal,1.0,False
21828_21ab2114,topo_isolated,6,21831_54ca67d1,topo_minimal,1.0,False
21828_21ab2114,topo_isolated,7,21037_62248d34,topo_minimal,1.0,False
21828_21ab2114,topo_isolated,8,7780_6c885e81,topo_complex,1.0,False
21828_21ab2114,topo_isolated,9,21840_6847d36c,topo_isolated,1.0,True
21828_21ab2114,topo_isolated,10,22049_4da0d894,topo_connected,1.0,False
20511_e1b972aa,topo_moderate,1,21989_a0b5037d,topo_connected,1.0,False
20511_e1b972aa,topo_moderate,2,23363_60e39812,topo_complex,1.0,False
20511_e1b972aa,topo_moderate,3,23409_e27e3b8b,topo_isolated,1.0,False
20511_e1b972aa,topo_moderate,4,20554_abcb705e,topo_moderate,1.0,True
20511_e1b972aa,topo_moderate,5,20229_d1ae2ae3,topo_connected,1.0,False
20511_e1b972aa,topo_moderate,6,20899_a8d7c6d5,topo_complex,1.0,False
20511_e1b972aa,topo_moderate,7,22059_b7d76712,topo_connected,1.0,False
20511_e1b972aa,topo_moderate,8,21529_93e51dd9,topo_connected,1.0,False
20511_e1b972aa,topo_moderate,9,20858_15bdad00,topo_complex,1.0,False
20511_e1b972aa,topo_moderate,10,23434_6635ed57,topo_connected,1.0,False
22671_fdd1b1e6,topo_connected,1,22907_ff18dbd5,topo_moderate,1.0,False
22671_fdd1b1e6,topo_connected,2,22058_71feafda,topo_isolated,1.0,False
22671_fdd1b1e6,topo_connected,3,20672_0bc07cce,topo_minimal,1.0,False
22671_fdd1b1e6,topo_connected,4,21616_c6c3347a,topo_isolated,1.0,False
22671_fdd1b1e6,topo_connected,5,23439_18900af2,topo_minimal,1.0,False
22671_fdd1b1e6,topo_connected,6,23435_e1c96b4d,topo_moderate,1.0,False
22671_fdd1b1e6,topo_connected,7,23006_92c5b990,topo_moderate,1.0,False
22671_fdd1b1e6,topo_connected,8,20259_de1ab632,topo_minimal,1.0,False
22671_fdd1b1e6,topo_connected,9,22053_de30641b,topo_minimal,1.0,False
22671_fdd1b1e6,topo_connected,10,20467_f1fcc009,topo_isolated,1.0,False
21139_cd619b26,topo_minimal,1,22907_ff18dbd5,topo_moderate,1.0,False
21139_cd619b26,topo_minimal,2,22058_71feafda,topo_isolated,1.0,False
21139_cd619b26,topo_minimal,3,20672_0bc07cce,topo_minimal,1.0,True
21139_cd619b26,topo_minimal,4,21616_c6c3347a,topo_isolated,1.0,False
21139_cd619b26,topo_minimal,5,23439_18900af2,topo_minimal,1.0,True
21139_cd619b26,topo_minimal,6,23435_e1c96b4d,topo_moderate,1.0,False
21139_cd619b26,topo_minimal,7,23006_92c5b990,topo_moderate,1.0,False
21139_cd619b26,topo_minimal,8,20259_de1ab632,topo_minimal,1.0,True
21139_cd619b26,topo_minimal,9,22053_de30641b,topo_minimal,1.0,True
21139_cd619b26,topo_minimal,10,20467_f1fcc009,topo_isolated,1.0,False
23184_731e5af0,topo_moderate,1,22907_ff18dbd5,topo_moderate,1.0,True
23184_731e5af0,topo_moderate,2,22058_71feafda,topo_isolated,1.0,False
23184_731e5af0,topo_moderate,3,20672_0bc07cce,topo_minimal,1.0,False
23184_731e5af0,topo_moderate,4,21616_c6c3347a,topo_isolated,1.0,False
23184_731e5af0,topo_moderate,5,23439_18900af2,topo_minimal,1.0,False
23184_731e5af0,topo_moderate,6,23435_e1c96b4d,topo_moderate,1.0,True
23184_731e5af0,topo_moderate,7,23006_92c5b990,topo_moderate,1.0,True
23184_731e5af0,topo_moderate,8,20259_de1ab632,topo_minimal,1.0,False
23184_731e5af0,topo_moderate,9,22053_de30641b,topo_minimal,1.0,False
23184_731e5af0,topo_moderate,10,20467_f1fcc009,topo_isolated,1.0,False
20990_0a226634,topo_isolated,1,23438_b1ef78f4,topo_moderate,1.0,False
20990_0a226634,topo_isolated,2,22080_594bcb66,topo_minimal,1.0,False
20990_0a226634,topo_isolated,3,21448_5646a1b6,topo_minimal,0.75,False
20990_0a226634,topo_isolated,4,22706_58a933f4,topo_moderate,0.75,False
20990_0a226634,topo_isolated,5,20429_419c4cdd,topo_isolated,0.75,True
20990_0a226634,topo_isolated,6,21564_fa5b2db7,topo_isolated,0.75,True
20990_0a226634,topo_isolated,7,22216_4b032400,topo_minimal,0.75,False
20990_0a226634,topo_isolated,8,21625_d5d4c9a7,topo_moderate,0.75,False
20990_0a226634,topo_isolated,9,20792_d2ea0500,topo_isolated,0.75,True
20990_0a226634,topo_isolated,10,21692_777db9e2,topo_complex,0.75,False
20586_cbec2689,topo_connected,1,20340_86125547,topo_minimal,1.0,False
20586_cbec2689,topo_connected,2,20188_98b86c0f,topo_moderate,1.0,False
20586_cbec2689,topo_connected,3,22498_b8bdb105,topo_minimal,1.0,False
20586_cbec2689,topo_connected,4,21785_d595ced5,topo_minimal,1.0,False
20586_cbec2689,topo_connected,5,21994_357aac6f,topo_connected,0.75,True
20586_cbec2689,topo_connected,6,20479_77930584,topo_isolated,0.75,False
20586_cbec2689,topo_connected,7,22839_113f2990,topo_minimal,0.75,False
20586_cbec2689,topo_connected,8,22053_de30641b,topo_minimal,0.75,False
20586_cbec2689,topo_connected,9,22891_b8c84495,topo_moderate,0.75,False
20586_cbec2689,topo_connected,10,23199_75dc1efd,topo_minimal,0.75,False
20182_71b9e491,topo_connected,1,21989_a0b5037d,topo_connected,1.0,True
20182_71b9e491,topo_connected,2,23363_60e39812,topo_complex,1.0,False
20182_71b9e491,topo_connected,3,23409_e27e3b8b,topo_isolated,1.0,False
20182_71b9e491,topo_connected,4,20554_abcb705e,topo_moderate,1.0,False
20182_71b9e491,topo_connected,5,20229_d1ae2ae3,topo_connected,1.0,True
20182_71b9e491,topo_connected,6,20899_a8d7c6d5,topo_complex,1.0,False
20182_71b9e491,topo_connected,7,22059_b7d76712,topo_connected,1.0,True
20182_71b9e491,topo_connected,8,21529_93e51dd9,topo_connected,1.0,True
20182_71b9e491,topo_connected,9,20858_15bdad00,topo_complex,1.0,False
20182_71b9e491,topo_connected,10,23434_6635ed57,topo_connected,1.0,True
22981_93f268ae,topo_minimal,1,22261_6efe61e3,topo_minimal,1.0,True
22981_93f268ae,topo_minimal,2,19518_f220b68a,topo_isolated,1.0,False
22981_93f268ae,topo_minimal,3,21422_b2a6bf27,topo_isolated,1.0,False
22981_93f268ae,topo_minimal,4,20814_5a2be0fb,topo_minimal,1.0,True
22981_93f268ae,topo_minimal,5,20940_9777847c,topo_connected,1.0,False
22981_93f268ae,topo_minimal,6,23039_b3d04774,topo_moderate,1.0,False
22981_93f268ae,topo_minimal,7,20409_dafedec6,topo_isolated,1.0,False
22981_93f268ae,topo_minimal,8,21570_9cb1d1c4,topo_minimal,1.0,True
22981_93f268ae,topo_minimal,9,23194_b675acc0,topo_connected,1.0,False
22981_93f268ae,topo_minimal,10,23250_aa321310,topo_moderate,1.0,False
20989_d1b8b0f8,topo_complex,1,21989_a0b5037d,topo_connected,1.0,False
20989_d1b8b0f8,topo_complex,2,23363_60e39812,topo_complex,1.0,True
20989_d1b8b0f8,topo_complex,3,23409_e27e3b8b,topo_isolated,1.0,False
20989_d1b8b0f8,topo_complex,4,20554_abcb705e,topo_moderate,1.0,False
20989_d1b8b0f8,topo_complex,5,20229_d1ae2ae3,topo_connected,1.0,False
20989_d1b8b0f8,topo_complex,6,20899_a8d7c6d5,topo_complex,1.0,True
20989_d1b8b0f8,topo_complex,7,22059_b7d76712,topo_connected,1.0,False
20989_d1b8b0f8,topo_complex,8,21529_93e51dd9,topo_connected,1.0,False
20989_d1b8b0f8,topo_complex,9,20858_15bdad00,topo_complex,1.0,True
20989_d1b8b0f8,topo_complex,10,23434_6635ed57,topo_connected,1.0,False
20451_557fe5cd,topo_minimal,1,21448_5646a1b6,topo_minimal,1.0,True
20451_557fe5cd,topo_minimal,2,20807_88c198d5,topo_isolated,1.0,False
20451_557fe5cd,topo_minimal,3,22136_a539c50b,topo_isolated,1.0,False
20451_557fe5cd,topo_minimal,4,20758_cdccf572,topo_moderate,1.0,False
20451_557fe5cd,topo_minimal,5,22283_36ba29c9,topo_minimal,1.0,True
20451_557fe5cd,topo_minimal,6,21257_770fee9a,topo_isolated,1.0,False
20451_557fe5cd,topo_minimal,7,22154_24342da4,topo_isolated,1.0,False
20451_557fe5cd,topo_minimal,8,20731_fbdc7731,topo_moderate,1.0,False
20451_557fe5cd,topo_minimal,9,21384_b9774b93,topo_moderate,1.0,False
20451_557fe5cd,topo_minimal,10,23103_43bde2a6,topo_minimal,1.0,True
22825_f4c18d65,topo_moderate,1,22907_ff18dbd5,topo_moderate,1.0,True
22825_f4c18d65,topo_moderate,2,22058_71feafda,topo_isolated,1.0,False
22825_f4c18d65,topo_moderate,3,20672_0bc07cce,topo_minimal,1.0,False
22825_f4c18d65,topo_moderate,4,21616_c6c3347a,topo_isolated,1.0,False
22825_f4c18d65,topo_moderate,5,23439_18900af2,topo_minimal,1.0,False
22825_f4c18d65,topo_moderate,6,23435_e1c96b4d,topo_moderate,1.0,True
22825_f4c18d65,topo_moderate,7,23006_92c5b990,topo_moderate,1.0,True
22825_f4c18d65,topo_moderate,8,20259_de1ab632,topo_minimal,1.0,False
22825_f4c18d65,topo_moderate,9,22053_de30641b,topo_minimal,1.0,False
22825_f4c18d65,topo_moderate,10,20467_f1fcc009,topo_isolated,1.0,False
20533_0a3e112b,topo_connected,1,21700_28d193ac,topo_complex,1.0,False
20533_0a3e112b,topo_connected,2,23144_88ca00a5,topo_connected,1.0,True
20533_0a3e112b,topo_connected,3,21425_d0d47a2a,topo_complex,1.0,False
20533_0a3e112b,topo_connected,4,23123_f35404c4,topo_complex,1.0,False
20533_0a3e112b,topo_connected,5,21545_4384f96e,topo_moderate,1.0,False
20533_0a3e112b,topo_connected,6,21582_a3d32115,topo_moderate,1.0,False
20533_0a3e112b,topo_connected,7,21580_b8b2571b,topo_connected,1.0,True
20533_0a3e112b,topo_connected,8,23002_4d53fb3f,topo_moderate,1.0,False
20533_0a3e112b,topo_connected,9,21926_b4c7068b,topo_complex,1.0,False
20533_0a3e112b,topo_connected,10,20636_ca9eb29a,topo_connected,1.0,True
22196_e5bf8c9d,topo_connected,1,22197_94c66357,topo_moderate,1.0,False
22196_e5bf8c9d,topo_connected,2,23318_65e3a7c9,topo_minimal,1.0,False
22196_e5bf8c9d,topo_connected,3,20676_9715ec9c,topo_minimal,1.0,False
22196_e5bf8c9d,topo_connected,4,22196_0deb2e34,topo_connected,1.0,True
22196_e5bf8c9d,topo_connected,5,22197_66c5655e,topo_connected,1.0,True
22196_e5bf8c9d,topo_connected,6,23414_f7d4a688,topo_isolated,1.0,False
22196_e5bf8c9d,topo_connected,7,21566_ff590631,topo_moderate,0.75,False
22196_e5bf8c9d,topo_connected,8,23174_8ef93daf,topo_isolated,0.75,False
22196_e5bf8c9d,topo_connected,9,22448_1f21757a,topo_connected,0.75,True
22196_e5bf8c9d,topo_connected,10,21621_711e1918,topo_complex,0.75,False
21165_5cb2d287,topo_isolated,1,22907_ff18dbd5,topo_moderate,1.0,False
21165_5cb2d287,topo_isolated,2,22058_71feafda,topo_isolated,1.0,True
21165_5cb2d287,topo_isolated,3,20672_0bc07cce,topo_minimal,1.0,False
21165_5cb2d287,topo_isolated,4,21616_c6c3347a,topo_isolated,1.0,True
21165_5cb2d287,topo_isolated,5,23439_18900af2,topo_minimal,1.0,False
21165_5cb2d287,topo_isolated,6,23435_e1c96b4d,topo_moderate,1.0,False
21165_5cb2d287,topo_isolated,7,23006_92c5b990,topo_moderate,1.0,False
21165_5cb2d287,topo_isolated,8,20259_de1ab632,topo_minimal,1.0,False
21165_5cb2d287,topo_isolated,9,22053_de30641b,topo_minimal,1.0,False
21165_5cb2d287,topo_isolated,10,20467_f1fcc009,topo_isolated,1.0,True
23101_6aec02ee,topo_complex,1,22421_19401bdd,topo_complex,1.0,True
23101_6aec02ee,topo_complex,2,22028_776fbf0d,topo_complex,1.0,True
23101_6aec02ee,topo_complex,3,23217_7c6062e3,topo_connected,1.0,False
23101_6aec02ee,topo_complex,4,21134_7aa7cd89,topo_complex,1.0,True
23101_6aec02ee,topo_complex,5,22419_dfeb5d33,topo_complex,1.0,True
23101_6aec02ee,topo_complex,6,21839_a8eb6d34,topo_isolated,1.0,False
23101_6aec02ee,topo_complex,7,23258_87a2ba81,topo_complex,1.0,True
23101_6aec02ee,topo_complex,8,21316_69ed56f5,topo_complex,1.0,True
23101_6aec02ee,topo_complex,9,21697_06656699,topo_connected,1.0,False
23101_6aec02ee,topo_complex,10,21845_dff8b3a1,topo_complex,1.0,True
20817_ef63b1a7,topo_minimal,1,20157_db99ab88,topo_moderate,1.0,False
20817_ef63b1a7,topo_minimal,2,22062_2d6b3b72,topo_minimal,1.0,True
20817_ef63b1a7,topo_minimal,3,22218_2f85f6ae,topo_connected,1.0,False
20817_ef63b1a7,topo_minimal,4,23238_3c864758,topo_moderate,1.0,False
20817_ef63b1a7,topo_minimal,5,21600_0027c6fc,topo_moderate,1.0,False
20817_ef63b1a7,topo_minimal,6,22681_124bf3a9,topo_moderate,1.0,False
20817_ef63b1a7,topo_minimal,7,21048_75cc125c,topo_complex,1.0,False
20817_ef63b1a7,topo_minimal,8,20504_c9e14c9d,topo_connected,1.0,False
20817_ef63b1a7,topo_minimal,9,22061_b50b6b66,topo_isolated,1.0,False
20817_ef63b1a7,topo_minimal,10,21715_53df62c9,topo_minimal,1.0,True
22141_5db99710,topo_moderate,1,23468_a0bfb573,topo_complex,1.0,False
22141_5db99710,topo_moderate,2,23320_e0711ae9,topo_connected,1.0,False
22141_5db99710,topo_moderate,3,23127_38d73061,topo_complex,1.0,False
22141_5db99710,topo_moderate,4,21497_9833a679,topo_moderate,1.0,True
22141_5db99710,topo_moderate,5,22216_4b032400,topo_minimal,1.0,False
22141_5db99710,topo_moderate,6,22259_613f9d44,topo_moderate,1.0,True
22141_5db99710,topo_moderate,7,22245_ca848576,topo_connected,1.0,False
22141_5db99710,topo_moderate,8,21840_6847d36c,topo_isolated,1.0,False
22141_5db99710,topo_moderate,9,21271_ec7f62b8,topo_connected,1.0,False
22141_5db99710,topo_moderate,10,7780_6c885e81,topo_complex,1.0,False
20860_b8e9a191,topo_complex,1,21989_a0b5037d,topo_connected,1.0,False
20860_b8e9a191,topo_complex,2,23363_60e39812,topo_complex,1.0,True
20860_b8e9a191,topo_complex,3,23409_e27e3b8b,topo_isolated,1.0,False
20860_b8e9a191,topo_complex,4,20554_abcb705e,topo_moderate,1.0,False
20860_b8e9a191,topo_complex,5,20229_d1ae2ae3,topo_connected,1.0,False
20860_b8e9a191,topo_complex,6,20899_a8d7c6d5,topo_complex,1.0,True
20860_b8e9a191,topo_complex,7,22059_b7d76712,topo_connected,1.0,False
20860_b8e9a191,topo_complex,8,21529_93e51dd9,topo_connected,1.0,False
20860_b8e9a191,topo_complex,9,20858_15bdad00,topo_complex,1.0,True
20860_b8e9a191,topo_complex,10,23434_6635ed57,topo_connected,1.0,False
21610_5dcf1187,topo_isolated,1,22907_ff18dbd5,topo_moderate,1.0,False
21610_5dcf1187,topo_isolated,2,22058_71feafda,topo_isolated,1.0,True
21610_5dcf1187,topo_isolated,3,20672_0bc07cce,topo_minimal,1.0,False
21610_5dcf1187,topo_isolated,4,21616_c6c3347a,topo_isolated,1.0,True
21610_5dcf1187,topo_isolated,5,23439_18900af2,topo_minimal,1.0,False
21610_5dcf1187,topo_isolated,6,23435_e1c96b4d,topo_moderate,1.0,False
21610_5dcf1187,topo_isolated,7,23006_92c5b990,topo_moderate,1.0,False
21610_5dcf1187,topo_isolated,8,20259_de1ab632,topo_minimal,1.0,False
21610_5dcf1187,topo_isolated,9,22053_de30641b,topo_minimal,1.0,False
21610_5dcf1187,topo_isolated,10,20467_f1fcc009,topo_isolated,1.0,True
20285_b64b1a7e,topo_minimal,1,20157_db99ab88,topo_moderate,1.0,False
20285_b64b1a7e,topo_minimal,2,22062_2d6b3b72,topo_minimal,1.0,True
20285_b64b1a7e,topo_minimal,3,22218_2f85f6ae,topo_connected,1.0,False
20285_b64b1a7e,topo_minimal,4,23238_3c864758,topo_moderate,1.0,False
20285_b64b1a7e,topo_minimal,5,21600_0027c6fc,topo_moderate,1.0,False
20285_b64b1a7e,topo_minimal,6,22681_124bf3a9,topo_moderate,1.0,False
20285_b64b1a7e,topo_minimal,7,21048_75cc125c,topo_complex,1.0,False
20285_b64b1a7e,topo_minimal,8,20504_c9e14c9d,topo_connected,1.0,False
20285_b64b1a7e,topo_minimal,9,22061_b50b6b66,topo_isolated,1.0,False
20285_b64b1a7e,topo_minimal,10,21715_53df62c9,topo_minimal,1.0,True
21741_c6faf98e,topo_connected,1,21700_28d193ac,topo_complex,1.0,False
21741_c6faf98e,topo_connected,2,23144_88ca00a5,topo_connected,1.0,True
21741_c6faf98e,topo_connected,3,21425_d0d47a2a,topo_complex,1.0,False
21741_c6faf98e,topo_connected,4,23123_f35404c4,topo_complex,1.0,False
21741_c6faf98e,topo_connected,5,21545_4384f96e,topo_moderate,1.0,False
21741_c6faf98e,topo_connected,6,21582_a3d32115,topo_moderate,1.0,False
21741_c6faf98e,topo_connected,7,21580_b8b2571b,topo_connected,1.0,True
21741_c6faf98e,topo_connected,8,23002_4d53fb3f,topo_moderate,1.0,False
21741_c6faf98e,topo_connected,9,21926_b4c7068b,topo_complex,1.0,False
21741_c6faf98e,topo_connected,10,20636_ca9eb29a,topo_connected,1.0,True
21377_19909a40,topo_isolated,1,21989_a0b5037d,topo_connected,1.0,False
21377_19909a40,topo_isolated,2,23363_60e39812,topo_complex,1.0,False
21377_19909a40,topo_isolated,3,23409_e27e3b8b,topo_isolated,1.0,True
21377_19909a40,topo_isolated,4,20554_abcb705e,topo_moderate,1.0,False
21377_19909a40,topo_isolated,5,20229_d1ae2ae3,topo_connected,1.0,False
21377_19909a40,topo_isolated,6,20899_a8d7c6d5,topo_complex,1.0,False
21377_19909a40,topo_isolated,7,22059_b7d76712,topo_connected,1.0,False
21377_19909a40,topo_isolated,8,21529_93e51dd9,topo_connected,1.0,False
21377_19909a40,topo_isolated,9,20858_15bdad00,topo_complex,1.0,False
21377_19909a40,topo_isolated,10,23434_6635ed57,topo_connected,1.0,False
23174_8ef93daf,topo_isolated,1,21989_a0b5037d,topo_connected,1.0,False
23174_8ef93daf,topo_isolated,2,23363_60e39812,topo_complex,1.0,False
23174_8ef93daf,topo_isolated,3,23409_e27e3b8b,topo_isolated,1.0,True
23174_8ef93daf,topo_isolated,4,20554_abcb705e,topo_moderate,1.0,False
23174_8ef93daf,topo_isolated,5,20229_d1ae2ae3,topo_connected,1.0,False
23174_8ef93daf,topo_isolated,6,20899_a8d7c6d5,topo_complex,1.0,False
23174_8ef93daf,topo_isolated,7,22059_b7d76712,topo_connected,1.0,False
23174_8ef93daf,topo_isolated,8,21529_93e51dd9,topo_connected,1.0,False
23174_8ef93daf,topo_isolated,9,20858_15bdad00,topo_complex,1.0,False
23174_8ef93daf,topo_isolated,10,23434_6635ed57,topo_connected,1.0,False
22448_1f21757a,topo_connected,1,21989_a0b5037d,topo_connected,1.0,True
22448_1f21757a,topo_connected,2,23363_60e39812,topo_complex,1.0,False
22448_1f21757a,topo_connected,3,23409_e27e3b8b,topo_isolated,1.0,False
22448_1f21757a,topo_connected,4,20554_abcb705e,topo_moderate,1.0,False
22448_1f21757a,topo_connected,5,20229_d1ae2ae3,topo_connected,1.0,True
22448_1f21757a,topo_connected,6,20899_a8d7c6d5,topo_complex,1.0,False
22448_1f21757a,topo_connected,7,22059_b7d76712,topo_connected,1.0,True
22448_1f21757a,topo_connected,8,21529_93e51dd9,topo_connected,1.0,True
22448_1f21757a,topo_connected,9,20858_15bdad00,topo_complex,1.0,False
22448_1f21757a,topo_connected,10,23434_6635ed57,topo_connected,1.0,True
21621_711e1918,topo_complex,1,21989_a0b5037d,topo_connected,1.0,False
21621_711e1918,topo_complex,2,23363_60e39812,topo_complex,1.0,True
21621_711e1918,topo_complex,3,23409_e27e3b8b,topo_isolated,1.0,False
21621_711e1918,topo_complex,4,20554_abcb705e,topo_moderate,1.0,False
21621_711e1918,topo_complex,5,20229_d1ae2ae3,topo_connected,1.0,False
21621_711e1918,topo_complex,6,20899_a8d7c6d5,topo_complex,1.0,True
21621_711e1918,topo_complex,7,22059_b7d76712,topo_connected,1.0,False
21621_711e1918,topo_complex,8,21529_93e51dd9,topo_connected,1.0,False
21621_711e1918,topo_complex,9,20858_15bdad00,topo_complex,1.0,True
21621_711e1918,topo_complex,10,23434_6635ed57,topo_connected,1.0,False
22261_6efe61e3,topo_minimal,1,22981_93f268ae,topo_minimal,1.0,True
22261_6efe61e3,topo_minimal,2,20838_86c931be,topo_minimal,1.0,True
22261_6efe61e3,topo_minimal,3,21422_b2a6bf27,topo_isolated,1.0,False
22261_6efe61e3,topo_minimal,4,20814_5a2be0fb,topo_minimal,1.0,True
22261_6efe61e3,topo_minimal,5,20940_9777847c,topo_connected,1.0,False
22261_6efe61e3,topo_minimal,6,23039_b3d04774,topo_moderate,1.0,False
22261_6efe61e3,topo_minimal,7,20409_dafedec6,topo_isolated,1.0,False
22261_6efe61e3,topo_minimal,8,21570_9cb1d1c4,topo_minimal,1.0,True
22261_6efe61e3,topo_minimal,9,23194_b675acc0,topo_connected,1.0,False
22261_6efe61e3,topo_minimal,10,19518_f220b68a,topo_isolated,1.0,False
20495_e8e7e80c,topo_moderate,1,22907_ff18dbd5,topo_moderate,1.0,True
20495_e8e7e80c,topo_moderate,2,22058_71feafda,topo_isolated,1.0,False
20495_e8e7e80c,topo_moderate,3,20672_0bc07cce,topo_minimal,1.0,False
20495_e8e7e80c,topo_moderate,4,21616_c6c3347a,topo_isolated,1.0,False
20495_e8e7e80c,topo_moderate,5,23439_18900af2,topo_minimal,1.0,False
20495_e8e7e80c,topo_moderate,6,23435_e1c96b4d,topo_moderate,1.0,True
20495_e8e7e80c,topo_moderate,7,23006_92c5b990,topo_moderate,1.0,True
20495_e8e7e80c,topo_moderate,8,20259_de1ab632,topo_minimal,1.0,False
20495_e8e7e80c,topo_moderate,9,22053_de30641b,topo_minimal,1.0,False
20495_e8e7e80c,topo_moderate,10,20467_f1fcc009,topo_isolated,1.0,False
23282_a1b17daa,topo_complex,1,21700_28d193ac,topo_complex,1.0,True
23282_a1b17daa,topo_complex,2,23144_88ca00a5,topo_connected,1.0,False
23282_a1b17daa,topo_complex,3,21425_d0d47a2a,topo_complex,1.0,True
23282_a1b17daa,topo_complex,4,23123_f35404c4,topo_complex,1.0,True
23282_a1b17daa,topo_complex,5,21545_4384f96e,topo_moderate,1.0,False
23282_a1b17daa,topo_complex,6,21582_a3d32115,topo_moderate,1.0,False
23282_a1b17daa,topo_complex,7,21580_b8b2571b,topo_connected,1.0,False
23282_a1b17daa,topo_complex,8,23002_4d53fb3f,topo_moderate,1.0,False
23282_a1b17daa,topo_complex,9,21926_b4c7068b,topo_complex,1.0,True
23282_a1b17daa,topo_complex,10,20636_ca9eb29a,topo_connected,1.0,False
22078_1758e9fc,topo_moderate,1,20157_db99ab88,topo_moderate,1.0,True
22078_1758e9fc,topo_moderate,2,22062_2d6b3b72,topo_minimal,1.0,False
22078_1758e9fc,topo_moderate,3,22218_2f85f6ae,topo_connected,1.0,False
22078_1758e9fc,topo_moderate,4,23238_3c864758,topo_moderate,1.0,True
22078_1758e9fc,topo_moderate,5,21600_0027c6fc,topo_moderate,1.0,True
22078_1758e9fc,topo_moderate,6,22681_124bf3a9,topo_moderate,1.0,True
22078_1758e9fc,topo_moderate,7,21048_75cc125c,topo_complex,1.0,False
22078_1758e9fc,topo_moderate,8,20504_c9e14c9d,topo_connected,1.0,False
22078_1758e9fc,topo_moderate,9,22061_b50b6b66,topo_isolated,1.0,False
22078_1758e9fc,topo_moderate,10,21715_53df62c9,topo_minimal,1.0,False
21744_5ae4d9d5,topo_connected,1,21005_9feee615,topo_isolated,1.0,False
21744_5ae4d9d5,topo_connected,2,21739_57582b8f,topo_connected,1.0,True
21744_5ae4d9d5,topo_connected,3,21700_28d193ac,topo_complex,0.75,False
21744_5ae4d9d5,topo_connected,4,21979_29f59427,topo_connected,0.75,True
21744_5ae4d9d5,topo_connected,5,23048_8a1a5553,topo_complex,0.75,False
21744_5ae4d9d5,topo_connected,6,22430_c6f08b03,topo_complex,0.75,False
21744_5ae4d9d5,topo_connected,7,22405_20f11d58,topo_isolated,0.75,False
21744_5ae4d9d5,topo_connected,8,21244_24c3ce72,topo_complex,0.75,False
21744_5ae4d9d5,topo_connected,9,20636_ca9eb29a,topo_connected,0.75,True
21744_5ae4d9d5,topo_connected,10,21580_b8b2571b,topo_connected,0.75,True
22812_cf865ed1,topo_moderate,1,23468_a0bfb573,topo_complex,1.0,False
22812_cf865ed1,topo_moderate,2,21478_8fbd4409,topo_moderate,1.0,True
22812_cf865ed1,topo_moderate,3,23127_38d73061,topo_complex,1.0,False
22812_cf865ed1,topo_moderate,4,21497_9833a679,topo_moderate,1.0,True
22812_cf865ed1,topo_moderate,5,22216_4b032400,topo_minimal,1.0,False
22812_cf865ed1,topo_moderate,6,22141_5db99710,topo_moderate,1.0,True
22812_cf865ed1,topo_moderate,7,22259_613f9d44,topo_moderate,1.0,True
22812_cf865ed1,topo_moderate,8,22245_ca848576,topo_connected,1.0,False
22812_cf865ed1,topo_moderate,9,21840_6847d36c,topo_isolated,1.0,False
22812_cf865ed1,topo_moderate,10,21271_ec7f62b8,topo_connected,1.0,False
21566_ff590631,topo_moderate,1,21989_a0b5037d,topo_connected,1.0,False
21566_ff590631,topo_moderate,2,23363_60e39812,topo_complex,1.0,False
21566_ff590631,topo_moderate,3,23409_e27e3b8b,topo_isolated,1.0,False
21566_ff590631,topo_moderate,4,20554_abcb705e,topo_moderate,1.0,True
21566_ff590631,topo_moderate,5,20229_d1ae2ae3,topo_connected,1.0,False
21566_ff590631,topo_moderate,6,20899_a8d7c6d5,topo_complex,1.0,False
21566_ff590631,topo_moderate,7,22059_b7d76712,topo_connected,1.0,False
21566_ff590631,topo_moderate,8,21529_93e51dd9,topo_connected,1.0,False
21566_ff590631,topo_moderate,9,20858_15bdad00,topo_complex,1.0,False
21566_ff590631,topo_moderate,10,23434_6635ed57,topo_connected,1.0,False
21337_062b39fa,topo_complex,1,21700_28d193ac,topo_complex,1.0,True
21337_062b39fa,topo_complex,2,23144_88ca00a5,topo_connected,1.0,False
21337_062b39fa,topo_complex,3,21425_d0d47a2a,topo_complex,1.0,True
21337_062b39fa,topo_complex,4,23123_f35404c4,topo_complex,1.0,True
21337_062b39fa,topo_complex,5,21545_4384f96e,topo_moderate,1.0,False
21337_062b39fa,topo_complex,6,21582_a3d32115,topo_moderate,1.0,False
21337_062b39fa,topo_complex,7,21580_b8b2571b,topo_connected,1.0,False
21337_062b39fa,topo_complex,8,23002_4d53fb3f,topo_moderate,1.0,False
21337_062b39fa,topo_complex,9,21926_b4c7068b,topo_complex,1.0,True
21337_062b39fa,topo_complex,10,20636_ca9eb29a,topo_connected,1.0,False
23467_9f431540,topo_moderate,1,22421_19401bdd,topo_complex,1.0,False
23467_9f431540,topo_moderate,2,22028_776fbf0d,topo_complex,1.0,False
23467_9f431540,topo_moderate,3,23217_7c6062e3,topo_connected,1.0,False
23467_9f431540,topo_moderate,4,21134_7aa7cd89,topo_complex,1.0,False
23467_9f431540,topo_moderate,5,22419_dfeb5d33,topo_complex,1.0,False
23467_9f431540,topo_moderate,6,21839_a8eb6d34,topo_isolated,1.0,False
23467_9f431540,topo_moderate,7,23258_87a2ba81,topo_complex,1.0,False
23467_9f431540,topo_moderate,8,21316_69ed56f5,topo_complex,1.0,False
23467_9f431540,topo_moderate,9,21697_06656699,topo_connected,1.0,False
23467_9f431540,topo_moderate,10,21845_dff8b3a1,topo_complex,1.0,False
22434_2ad62ed6,topo_minimal,1,23468_a0bfb573,topo_complex,1.0,False
22434_2ad62ed6,topo_minimal,2,21478_8fbd4409,topo_moderate,1.0,False
22434_2ad62ed6,topo_minimal,3,23127_38d73061,topo_complex,1.0,False
22434_2ad62ed6,topo_minimal,4,21497_9833a679,topo_moderate,1.0,False
22434_2ad62ed6,topo_minimal,5,22216_4b032400,topo_minimal,1.0,True
22434_2ad62ed6,topo_minimal,6,22141_5db99710,topo_moderate,1.0,False
22434_2ad62ed6,topo_minimal,7,22259_613f9d44,topo_moderate,1.0,False
22434_2ad62ed6,topo_minimal,8,22245_ca848576,topo_connected,1.0,False
22434_2ad62ed6,topo_minimal,9,21840_6847d36c,topo_isolated,1.0,False
22434_2ad62ed6,topo_minimal,10,21271_ec7f62b8,topo_connected,1.0,False
22236_db209dff,topo_minimal,1,21448_5646a1b6,topo_minimal,1.0,True
22236_db209dff,topo_minimal,2,20807_88c198d5,topo_isolated,1.0,False
22236_db209dff,topo_minimal,3,22136_a539c50b,topo_isolated,1.0,False
22236_db209dff,topo_minimal,4,20758_cdccf572,topo_moderate,1.0,False
22236_db209dff,topo_minimal,5,22283_36ba29c9,topo_minimal,1.0,True
22236_db209dff,topo_minimal,6,21257_770fee9a,topo_isolated,1.0,False
22236_db209dff,topo_minimal,7,22154_24342da4,topo_isolated,1.0,False
22236_db209dff,topo_minimal,8,20731_fbdc7731,topo_moderate,1.0,False
22236_db209dff,topo_minimal,9,21384_b9774b93,topo_moderate,1.0,False
22236_db209dff,topo_minimal,10,23103_43bde2a6,topo_minimal,1.0,True
20951_2918f2fa,topo_moderate,1,22907_ff18dbd5,topo_moderate,1.0,True
20951_2918f2fa,topo_moderate,2,22058_71feafda,topo_isolated,1.0,False
20951_2918f2fa,topo_moderate,3,20672_0bc07cce,topo_minimal,1.0,False
20951_2918f2fa,topo_moderate,4,21616_c6c3347a,topo_isolated,1.0,False
20951_2918f2fa,topo_moderate,5,23439_18900af2,topo_minimal,1.0,False
20951_2918f2fa,topo_moderate,6,23435_e1c96b4d,topo_moderate,1.0,True
20951_2918f2fa,topo_moderate,7,23006_92c5b990,topo_moderate,1.0,True
20951_2918f2fa,topo_moderate,8,20259_de1ab632,topo_minimal,1.0,False
20951_2918f2fa,topo_moderate,9,22053_de30641b,topo_minimal,1.0,False
20951_2918f2fa,topo_moderate,10,20467_f1fcc009,topo_isolated,1.0,False
21186_d1698d8c,topo_complex,1,21958_e48ddf4e,topo_isolated,0.75,False
21186_d1698d8c,topo_complex,2,20237_06b27bf5,topo_moderate,0.75,False
21186_d1698d8c,topo_complex,3,20792_d2ea0500,topo_isolated,0.75,False
21186_d1698d8c,topo_complex,4,20680_b095cb77,topo_minimal,0.75,False
21186_d1698d8c,topo_complex,5,20926_4c0f33f6,topo_minimal,0.75,False
21186_d1698d8c,topo_complex,6,21248_0a862e3e,topo_minimal,0.75,False
21186_d1698d8c,topo_complex,7,20502_58b65de9,topo_connected,0.75,False
21186_d1698d8c,topo_complex,8,22365_a4eb929c,topo_moderate,0.75,False
21186_d1698d8c,topo_complex,9,22812_cf865ed1,topo_moderate,0.75,False
21186_d1698d8c,topo_complex,10,22311_553b3456,topo_complex,0.75,True
20609_69f28932,topo_moderate,1,23468_a0bfb573,topo_complex,1.0,False
20609_69f28932,topo_moderate,2,21478_8fbd4409,topo_moderate,1.0,True
20609_69f28932,topo_moderate,3,23127_38d73061,topo_complex,1.0,False
20609_69f28932,topo_moderate,4,21497_9833a679,topo_moderate,1.0,True
20609_69f28932,topo_moderate,5,22216_4b032400,topo_minimal,1.0,False
20609_69f28932,topo_moderate,6,22141_5db99710,topo_moderate,1.0,True
20609_69f28932,topo_moderate,7,22259_613f9d44,topo_moderate,1.0,True
20609_69f28932,topo_moderate,8,22245_ca848576,topo_connected,1.0,False
20609_69f28932,topo_moderate,9,21840_6847d36c,topo_isolated,1.0,False
20609_69f28932,topo_moderate,10,21271_ec7f62b8,topo_connected,1.0,False
22064_e1ba20dd,topo_moderate,1,22907_ff18dbd5,topo_moderate,1.0,True
22064_e1ba20dd,topo_moderate,2,22058_71feafda,topo_isolated,1.0,False
22064_e1ba20dd,topo_moderate,3,20672_0bc07cce,topo_minimal,1.0,False
22064_e1ba20dd,topo_moderate,4,21616_c6c3347a,topo_isolated,1.0,False
22064_e1ba20dd,topo_moderate,5,23439_18900af2,topo_minimal,1.0,False
22064_e1ba20dd,topo_moderate,6,23435_e1c96b4d,topo_moderate,1.0,True
22064_e1ba20dd,topo_moderate,7,23006_92c5b990,topo_moderate,1.0,True
22064_e1ba20dd,topo_moderate,8,20259_de1ab632,topo_minimal,1.0,False
22064_e1ba20dd,topo_moderate,9,22053_de30641b,topo_minimal,1.0,False
22064_e1ba20dd,topo_moderate,10,20467_f1fcc009,topo_isolated,1.0,False
21008_a3fec63b,topo_connected,1,21989_a0b5037d,topo_connected,1.0,True
21008_a3fec63b,topo_connected,2,23363_60e39812,topo_complex,1.0,False
21008_a3fec63b,topo_connected,3,23409_e27e3b8b,topo_isolated,1.0,False
21008_a3fec63b,topo_connected,4,20554_abcb705e,topo_moderate,1.0,False
21008_a3fec63b,topo_connected,5,20229_d1ae2ae3,topo_connected,1.0,True
21008_a3fec63b,topo_connected,6,20899_a8d7c6d5,topo_complex,1.0,False
21008_a3fec63b,topo_connected,7,22059_b7d76712,topo_connected,1.0,True
21008_a3fec63b,topo_connected,8,21529_93e51dd9,topo_connected,1.0,True
21008_a3fec63b,topo_connected,9,20858_15bdad00,topo_complex,1.0,False
21008_a3fec63b,topo_connected,10,23434_6635ed57,topo_connected,1.0,True
21739_57582b8f,topo_connected,1,21005_9feee615,topo_isolated,1.0,False
21739_57582b8f,topo_connected,2,21744_5ae4d9d5,topo_connected,1.0,True
21739_57582b8f,topo_connected,3,21700_28d193ac,topo_complex,0.75,False
21739_57582b8f,topo_connected,4,21979_29f59427,topo_connected,0.75,True
21739_57582b8f,topo_connected,5,23048_8a1a5553,topo_complex,0.75,False
21739_57582b8f,topo_connected,6,22430_c6f08b03,topo_complex,0.75,False
21739_57582b8f,topo_connected,7,22405_20f11d58,topo_isolated,0.75,False
21739_57582b8f,topo_connected,8,21244_24c3ce72,topo_complex,0.75,False
21739_57582b8f,topo_connected,9,20636_ca9eb29a,topo_connected,0.75,True
21739_57582b8f,topo_connected,10,21580_b8b2571b,topo_connected,0.75,True
21990_7bb6efcf,topo_isolated,1,21448_5646a1b6,topo_minimal,1.0,False
21990_7bb6efcf,topo_isolated,2,20807_88c198d5,topo_isolated,1.0,True
21990_7bb6efcf,topo_isolated,3,22136_a539c50b,topo_isolated,1.0,True
21990_7bb6efcf,topo_isolated,4,20758_cdccf572,topo_moderate,1.0,False
21990_7bb6efcf,topo_isolated,5,22283_36ba29c9,topo_minimal,1.0,False
21990_7bb6efcf,topo_isolated,6,21257_770fee9a,topo_isolated,1.0,True
21990_7bb6efcf,topo_isolated,7,22154_24342da4,topo_isolated,1.0,True
21990_7bb6efcf,topo_isolated,8,20731_fbdc7731,topo_moderate,1.0,False
21990_7bb6efcf,topo_isolated,9,21384_b9774b93,topo_moderate,1.0,False
21990_7bb6efcf,topo_isolated,10,23103_43bde2a6,topo_minimal,1.0,False
22357_e2f7b060,topo_complex,1,21700_28d193ac,topo_complex,1.0,True
22357_e2f7b060,topo_complex,2,23144_88ca00a5,topo_connected,1.0,False
22357_e2f7b060,topo_complex,3,21425_d0d47a2a,topo_complex,1.0,True
22357_e2f7b060,topo_complex,4,23123_f35404c4,topo_complex,1.0,True
22357_e2f7b060,topo_complex,5,21545_4384f96e,topo_moderate,1.0,False
22357_e2f7b060,topo_complex,6,21582_a3d32115,topo_moderate,1.0,False
22357_e2f7b060,topo_complex,7,21580_b8b2571b,topo_connected,1.0,False
22357_e2f7b060,topo_complex,8,23002_4d53fb3f,topo_moderate,1.0,False
22357_e2f7b060,topo_complex,9,21926_b4c7068b,topo_complex,1.0,True
22357_e2f7b060,topo_complex,10,20636_ca9eb29a,topo_connected,1.0,False
23021_047d1f8a,topo_isolated,1,22907_ff18dbd5,topo_moderate,1.0,False
23021_047d1f8a,topo_isolated,2,22058_71feafda,topo_isolated,1.0,True
23021_047d1f8a,topo_isolated,3,20672_0bc07cce,topo_minimal,1.0,False
23021_047d1f8a,topo_isolated,4,21616_c6c3347a,topo_isolated,1.0,True
23021_047d1f8a,topo_isolated,5,23439_18900af2,topo_minimal,1.0,False
23021_047d1f8a,topo_isolated,6,23435_e1c96b4d,topo_moderate,1.0,False
23021_047d1f8a,topo_isolated,7,23006_92c5b990,topo_moderate,1.0,False
23021_047d1f8a,topo_isolated,8,20259_de1ab632,topo_minimal,1.0,False
23021_047d1f8a,topo_isolated,9,22053_de30641b,topo_minimal,1.0,False
23021_047d1f8a,topo_isolated,10,20467_f1fcc009,topo_isolated,1.0,True
20812_462bd352,topo_minimal,1,22907_ff18dbd5,topo_moderate,1.0,False
20812_462bd352,topo_minimal,2,22058_71feafda,topo_isolated,1.0,False
20812_462bd352,topo_minimal,3,20672_0bc07cce,topo_minimal,1.0,True
20812_462bd352,topo_minimal,4,21616_c6c3347a,topo_isolated,1.0,False
20812_462bd352,topo_minimal,5,23439_18900af2,topo_minimal,1.0,True
20812_462bd352,topo_minimal,6,23435_e1c96b4d,topo_moderate,1.0,False
20812_462bd352,topo_minimal,7,23006_92c5b990,topo_moderate,1.0,False
20812_462bd352,topo_minimal,8,20259_de1ab632,topo_minimal,1.0,True
20812_462bd352,topo_minimal,9,22053_de30641b,topo_minimal,1.0,True
20812_462bd352,topo_minimal,10,20467_f1fcc009,topo_isolated,1.0,False
21119_4f5c95a6,topo_minimal,1,22907_ff18dbd5,topo_moderate,1.0,False
21119_4f5c95a6,topo_minimal,2,22058_71feafda,topo_isolated,1.0,False
21119_4f5c95a6,topo_minimal,3,20672_0bc07cce,topo_minimal,1.0,True
21119_4f5c95a6,topo_minimal,4,21616_c6c3347a,topo_isolated,1.0,False
21119_4f5c95a6,topo_minimal,5,23439_18900af2,topo_minimal,1.0,True
21119_4f5c95a6,topo_minimal,6,23435_e1c96b4d,topo_moderate,1.0,False
21119_4f5c95a6,topo_minimal,7,23006_92c5b990,topo_moderate,1.0,False
21119_4f5c95a6,topo_minimal,8,20259_de1ab632,topo_minimal,1.0,True
21119_4f5c95a6,topo_minimal,9,22053_de30641b,topo_minimal,1.0,True
21119_4f5c95a6,topo_minimal,10,20467_f1fcc009,topo_isolated,1.0,False
21174_861bd902,topo_moderate,1,22421_19401bdd,topo_complex,1.0,False
21174_861bd902,topo_moderate,2,22028_776fbf0d,topo_complex,1.0,False
21174_861bd902,topo_moderate,3,23217_7c6062e3,topo_connected,1.0,False
21174_861bd902,topo_moderate,4,21134_7aa7cd89,topo_complex,1.0,False
21174_861bd902,topo_moderate,5,22419_dfeb5d33,topo_complex,1.0,False
21174_861bd902,topo_moderate,6,21839_a8eb6d34,topo_isolated,1.0,False
21174_861bd902,topo_moderate,7,23258_87a2ba81,topo_complex,1.0,False
21174_861bd902,topo_moderate,8,21316_69ed56f5,topo_complex,1.0,False
21174_861bd902,topo_moderate,9,21697_06656699,topo_connected,1.0,False
21174_861bd902,topo_moderate,10,21845_dff8b3a1,topo_complex,1.0,False
22057_4947db57,topo_minimal,1,23468_a0bfb573,topo_complex,1.0,False
22057_4947db57,topo_minimal,2,21478_8fbd4409,topo_moderate,1.0,False
22057_4947db57,topo_minimal,3,23127_38d73061,topo_complex,1.0,False
22057_4947db57,topo_minimal,4,21497_9833a679,topo_moderate,1.0,False
22057_4947db57,topo_minimal,5,22216_4b032400,topo_minimal,1.0,True
22057_4947db57,topo_minimal,6,22141_5db99710,topo_moderate,1.0,False
22057_4947db57,topo_minimal,7,22259_613f9d44,topo_moderate,1.0,False
22057_4947db57,topo_minimal,8,22245_ca848576,topo_connected,1.0,False
22057_4947db57,topo_minimal,9,21840_6847d36c,topo_isolated,1.0,False
22057_4947db57,topo_minimal,10,21271_ec7f62b8,topo_connected,1.0,False
20858_15bdad00,topo_complex,1,21989_a0b5037d,topo_connected,1.0,False
20858_15bdad00,topo_complex,2,23363_60e39812,topo_complex,1.0,True
20858_15bdad00,topo_complex,3,23409_e27e3b8b,topo_isolated,1.0,False
20858_15bdad00,topo_complex,4,20554_abcb705e,topo_moderate,1.0,False
20858_15bdad00,topo_complex,5,20229_d1ae2ae3,topo_connected,1.0,False
20858_15bdad00,topo_complex,6,20899_a8d7c6d5,topo_complex,1.0,True
20858_15bdad00,topo_complex,7,22059_b7d76712,topo_connected,1.0,False
20858_15bdad00,topo_complex,8,21529_93e51dd9,topo_connected,1.0,False
20858_15bdad00,topo_complex,9,23434_6635ed57,topo_connected,1.0,False
20858_15bdad00,topo_complex,10,20892_b1f89c8d,topo_minimal,1.0,False
20384_767d849a,topo_minimal,1,21448_5646a1b6,topo_minimal,1.0,True
20384_767d849a,topo_minimal,2,20807_88c198d5,topo_isolated,1.0,False
20384_767d849a,topo_minimal,3,22136_a539c50b,topo_isolated,1.0,False
20384_767d849a,topo_minimal,4,20758_cdccf572,topo_moderate,1.0,False
20384_767d849a,topo_minimal,5,22283_36ba29c9,topo_minimal,1.0,True
20384_767d849a,topo_minimal,6,21257_770fee9a,topo_isolated,1.0,False
20384_767d849a,topo_minimal,7,22154_24342da4,topo_isolated,1.0,False
20384_767d849a,topo_minimal,8,20731_fbdc7731,topo_moderate,1.0,False
20384_767d849a,topo_minimal,9,21384_b9774b93,topo_moderate,1.0,False
20384_767d849a,topo_minimal,10,23103_43bde2a6,topo_minimal,1.0,True
22059_b7d76712,topo_connected,1,21989_a0b5037d,topo_connected,1.0,True
22059_b7d76712,topo_connected,2,23363_60e39812,topo_complex,1.0,False
22059_b7d76712,topo_connected,3,23409_e27e3b8b,topo_isolated,1.0,False
22059_b7d76712,topo_connected,4,20554_abcb705e,topo_moderate,1.0,False
22059_b7d76712,topo_connected,5,20229_d1ae2ae3,topo_connected,1.0,True
22059_b7d76712,topo_connected,6,20899_a8d7c6d5,topo_complex,1.0,False
22059_b7d76712,topo_connected,7,21529_93e51dd9,topo_connected,1.0,True
22059_b7d76712,topo_connected,8,20858_15bdad00,topo_complex,1.0,False
22059_b7d76712,topo_connected,9,23434_6635ed57,topo_connected,1.0,True
22059_b7d76712,topo_connected,10,20892_b1f89c8d,topo_minimal,1.0,False
22197_94c66357,topo_moderate,1,23318_65e3a7c9,topo_minimal,1.0,False
22197_94c66357,topo_moderate,2,20676_9715ec9c,topo_minimal,1.0,False
22197_94c66357,topo_moderate,3,22196_0deb2e34,topo_connected,1.0,False
22197_94c66357,topo_moderate,4,22197_66c5655e,topo_connected,1.0,False
22197_94c66357,topo_moderate,5,22196_e5bf8c9d,topo_connected,1.0,False
22197_94c66357,topo_moderate,6,23414_f7d4a688,topo_isolated,1.0,False
22197_94c66357,topo_moderate,7,23331_192866b6,topo_connected,0.75,False
22197_94c66357,topo_moderate,8,21275_c8049742,topo_minimal,0.75,False
22197_94c66357,topo_moderate,9,21377_19909a40,topo_isolated,0.75,False
22197_94c66357,topo_moderate,10,23174_8ef93daf,topo_isolated,0.75,False
22080_594bcb66,topo_minimal,1,23438_b1ef78f4,topo_moderate,1.0,False
22080_594bcb66,topo_minimal,2,20990_0a226634,topo_isolated,1.0,False
22080_594bcb66,topo_minimal,3,21448_5646a1b6,topo_minimal,0.75,True
22080_594bcb66,topo_minimal,4,22367_b4a67e61,topo_minimal,0.75,True
22080_594bcb66,topo_minimal,5,22216_4b032400,topo_minimal,0.75,True
22080_594bcb66,topo_minimal,6,21625_d5d4c9a7,topo_moderate,0.75,False
22080_594bcb66,topo_minimal,7,20792_d2ea0500,topo_isolated,0.75,False
22080_594bcb66,topo_minimal,8,21692_777db9e2,topo_complex,0.75,False
22080_594bcb66,topo_minimal,9,22259_613f9d44,topo_moderate,0.75,False
22080_594bcb66,topo_minimal,10,22706_58a933f4,topo_moderate,0.75,False
21450_ea24ffcc,topo_connected,1,21700_28d193ac,topo_complex,1.0,False
21450_ea24ffcc,topo_connected,2,23144_88ca00a5,topo_connected,1.0,True
21450_ea24ffcc,topo_connected,3,21425_d0d47a2a,topo_complex,1.0,False
21450_ea24ffcc,topo_connected,4,23123_f35404c4,topo_complex,1.0,False
21450_ea24ffcc,topo_connected,5,21545_4384f96e,topo_moderate,1.0,False
21450_ea24ffcc,topo_connected,6,21582_a3d32115,topo_moderate,1.0,False
21450_ea24ffcc,topo_connected,7,21580_b8b2571b,topo_connected,1.0,True
21450_ea24ffcc,topo_connected,8,23002_4d53fb3f,topo_moderate,1.0,False
21450_ea24ffcc,topo_connected,9,21926_b4c7068b,topo_complex,1.0,False
21450_ea24ffcc,topo_connected,10,20636_ca9eb29a,topo_connected,1.0,True
20799_213bf924,topo_complex,1,22421_19401bdd,topo_complex,1.0,True
20799_213bf924,topo_complex,2,22028_776fbf0d,topo_complex,1.0,True
20799_213bf924,topo_complex,3,23217_7c6062e3,topo_connected,1.0,False
20799_213bf924,topo_complex,4,21134_7aa7cd89,topo_complex,1.0,True
20799_213bf924,topo_complex,5,22419_dfeb5d33,topo_complex,1.0,True
20799_213bf924,topo_complex,6,21839_a8eb6d34,topo_isolated,1.0,False
20799_213bf924,topo_complex,7,23258_87a2ba81,topo_complex,1.0,True
20799_213bf924,topo_complex,8,21316_69ed56f5,topo_complex,1.0,True
20799_213bf924,topo_complex,9,21697_06656699,topo_connected,1.0,False
20799_213bf924,topo_complex,10,21845_dff8b3a1,topo_complex,1.0,True
20504_c9e14c9d,topo_connected,1,20157_db99ab88,topo_moderate,1.0,False
20504_c9e14c9d,topo_connected,2,22062_2d6b3b72,topo_minimal,1.0,False
20504_c9e14c9d,topo_connected,3,22218_2f85f6ae,topo_connected,1.0,True
20504_c9e14c9d,topo_connected,4,23238_3c864758,topo_moderate,1.0,False
20504_c9e14c9d,topo_connected,5,22681_124bf3a9,topo_moderate,1.0,False
20504_c9e14c9d,topo_connected,6,21048_75cc125c,topo_complex,1.0,False
20504_c9e14c9d,topo_connected,7,22061_b50b6b66,topo_isolated,1.0,False
20504_c9e14c9d,topo_connected,8,21715_53df62c9,topo_minimal,1.0,False
20504_c9e14c9d,topo_connected,9,23152_6f2706c9,topo_moderate,1.0,False
20504_c9e14c9d,topo_connected,10,21884_cc2c39f9,topo_moderate,1.0,False
21533_8837772a,topo_moderate,1,20671_33532794,topo_minimal,1.0,False
21533_8837772a,topo_moderate,2,20958_94222947,topo_minimal,1.0,False
21533_8837772a,topo_moderate,3,20341_6a1588fb,topo_minimal,1.0,False
21533_8837772a,topo_moderate,4,20385_f2d30908,topo_minimal,1.0,False
21533_8837772a,topo_moderate,5,23096_7da0f913,topo_moderate,1.0,True
21533_8837772a,topo_moderate,6,22732_cd2af0ac,topo_isolated,1.0,False
21533_8837772a,topo_moderate,7,21634_e5e20375,topo_moderate,1.0,True
21533_8837772a,topo_moderate,8,20406_dacb0300,topo_moderate,0.75,True
21533_8837772a,topo_moderate,9,23194_b675acc0,topo_connected,0.75,False
21533_8837772a,topo_moderate,10,22053_de30641b,topo_minimal,0.75,False
20436_41b730a3,topo_isolated,1,20801_0796e2ee,topo_isolated,1.0,True
20436_41b730a3,topo_isolated,2,22058_71feafda,topo_isolated,1.0,True
20436_41b730a3,topo_isolated,3,20672_0bc07cce,topo_minimal,1.0,False
20436_41b730a3,topo_isolated,4,21616_c6c3347a,topo_isolated,1.0,True
20436_41b730a3,topo_isolated,5,23439_18900af2,topo_minimal,1.0,False
20436_41b730a3,topo_isolated,6,23435_e1c96b4d,topo_moderate,1.0,False
20436_41b730a3,topo_isolated,7,23006_92c5b990,topo_moderate,1.0,False
20436_41b730a3,topo_isolated,8,20259_de1ab632,topo_minimal,1.0,False
20436_41b730a3,topo_isolated,9,22053_de30641b,topo_minimal,1.0,False
20436_41b730a3,topo_isolated,10,20467_f1fcc009,topo_isolated,1.0,True
20229_d1ae2ae3,topo_connected,1,21989_a0b5037d,topo_connected,1.0,True
20229_d1ae2ae3,topo_connected,2,23363_60e39812,topo_complex,1.0,False
20229_d1ae2ae3,topo_connected,3,23409_e27e3b8b,topo_isolated,1.0,False
20229_d1ae2ae3,topo_connected,4,20554_abcb705e,topo_moderate,1.0,False
20229_d1ae2ae3,topo_connected,5,20899_a8d7c6d5,topo_complex,1.0,False
20229_d1ae2ae3,topo_connected,6,21529_93e51dd9,topo_connected,1.0,True
20229_d1ae2ae3,topo_connected,7,22059_b7d76712,topo_connected,1.0,True
20229_d1ae2ae3,topo_connected,8,20858_15bdad00,topo_complex,1.0,False
20229_d1ae2ae3,topo_connected,9,23434_6635ed57,topo_connected,1.0,True
20229_d1ae2ae3,topo_connected,10,20892_b1f89c8d,topo_minimal,1.0,False
21244_d67bbabc,topo_complex,1,21700_28d193ac,topo_complex,1.0,True
21244_d67bbabc,topo_complex,2,23144_88ca00a5,topo_connected,1.0,False
21244_d67bbabc,topo_complex,3,21425_d0d47a2a,topo_complex,1.0,True
21244_d67bbabc,topo_complex,4,23123_f35404c4,topo_complex,1.0,True
21244_d67bbabc,topo_complex,5,21545_4384f96e,topo_moderate,1.0,False
21244_d67bbabc,topo_complex,6,21582_a3d32115,topo_moderate,1.0,False
21244_d67bbabc,topo_complex,7,21580_b8b2571b,topo_connected,1.0,False
21244_d67bbabc,topo_complex,8,23002_4d53fb3f,topo_moderate,1.0,False
21244_d67bbabc,topo_complex,9,21926_b4c7068b,topo_complex,1.0,True
21244_d67bbabc,topo_complex,10,20636_ca9eb29a,topo_connected,1.0,False
23318_65e3a7c9,topo_minimal,1,22197_94c66357,topo_moderate,1.0,False
23318_65e3a7c9,topo_minimal,2,20676_9715ec9c,topo_minimal,1.0,True
23318_65e3a7c9,topo_minimal,3,22196_0deb2e34,topo_connected,1.0,False
23318_65e3a7c9,topo_minimal,4,22197_66c5655e,topo_connected,1.0,False
23318_65e3a7c9,topo_minimal,5,23414_f7d4a688,topo_isolated,1.0,False
23318_65e3a7c9,topo_minimal,6,22196_e5bf8c9d,topo_connected,1.0,False
23318_65e3a7c9,topo_minimal,7,21275_c8049742,topo_minimal,0.75,True
23318_65e3a7c9,topo_minimal,8,21377_19909a40,topo_isolated,0.75,False
23318_65e3a7c9,topo_minimal,9,23174_8ef93daf,topo_isolated,0.75,False
23318_65e3a7c9,topo_minimal,10,22448_1f21757a,topo_connected,0.75,False
22893_eb8aa8ac,topo_minimal,1,22421_19401bdd,topo_complex,1.0,False
22893_eb8aa8ac,topo_minimal,2,22028_776fbf0d,topo_complex,1.0,False
22893_eb8aa8ac,topo_minimal,3,23217_7c6062e3,topo_connected,1.0,False
22893_eb8aa8ac,topo_minimal,4,21134_7aa7cd89,topo_complex,1.0,False
22893_eb8aa8ac,topo_minimal,5,22419_dfeb5d33,topo_complex,1.0,False
22893_eb8aa8ac,topo_minimal,6,21839_a8eb6d34,topo_isolated,1.0,False
22893_eb8aa8ac,topo_minimal,7,23258_87a2ba81,topo_complex,1.0,False
22893_eb8aa8ac,topo_minimal,8,21316_69ed56f5,topo_complex,1.0,False
22893_eb8aa8ac,topo_minimal,9,21697_06656699,topo_connected,1.0,False
22893_eb8aa8ac,topo_minimal,10,21845_dff8b3a1,topo_complex,1.0,False
23409_e27e3b8b,topo_isolated,1,21989_a0b5037d,topo_connected,1.0,False
23409_e27e3b8b,topo_isolated,2,23363_60e39812,topo_complex,1.0,False
23409_e27e3b8b,topo_isolated,3,20554_abcb705e,topo_moderate,1.0,False
23409_e27e3b8b,topo_isolated,4,20229_d1ae2ae3,topo_connected,1.0,False
23409_e27e3b8b,topo_isolated,5,20899_a8d7c6d5,topo_complex,1.0,False
23409_e27e3b8b,topo_isolated,6,21529_93e51dd9,topo_connected,1.0,False
23409_e27e3b8b,topo_isolated,7,22059_b7d76712,topo_connected,1.0,False
23409_e27e3b8b,topo_isolated,8,20858_15bdad00,topo_complex,1.0,False
23409_e27e3b8b,topo_isolated,9,23434_6635ed57,topo_connected,1.0,False
23409_e27e3b8b,topo_isolated,10,20892_b1f89c8d,topo_minimal,1.0,False
22066_308cdcfe,topo_connected,1,21989_a0b5037d,topo_connected,1.0,True
22066_308cdcfe,topo_connected,2,23363_60e39812,topo_complex,1.0,False
22066_308cdcfe,topo_connected,3,23409_e27e3b8b,topo_isolated,1.0,False
22066_308cdcfe,topo_connected,4,20229_d1ae2ae3,topo_connected,1.0,True
22066_308cdcfe,topo_connected,5,20899_a8d7c6d5,topo_complex,1.0,False
22066_308cdcfe,topo_connected,6,21529_93e51dd9,topo_connected,1.0,True
22066_308cdcfe,topo_connected,7,22059_b7d76712,topo_connected,1.0,True
22066_308cdcfe,topo_connected,8,20858_15bdad00,topo_complex,1.0,False
22066_308cdcfe,topo_connected,9,23434_6635ed57,topo_connected,1.0,True
22066_308cdcfe,topo_connected,10,20892_b1f89c8d,topo_minimal,1.0,False
23363_60e39812,topo_complex,1,21989_a0b5037d,topo_connected,1.0,False
23363_60e39812,topo_complex,2,20554_abcb705e,topo_moderate,1.0,False
23363_60e39812,topo_complex,3,23409_e27e3b8b,topo_isolated,1.0,False
23363_60e39812,topo_complex,4,20229_d1ae2ae3,topo_connected,1.0,False
23363_60e39812,topo_complex,5,20899_a8d7c6d5,topo_complex,1.0,True
23363_60e39812,topo_complex,6,21529_93e51dd9,topo_connected,1.0,False
23363_60e39812,topo_complex,7,22059_b7d76712,topo_connected,1.0,False
23363_60e39812,topo_complex,8,20858_15bdad00,topo_complex,1.0,True
23363_60e39812,topo_complex,9,23434_6635ed57,topo_connected,1.0,False
23363_60e39812,topo_complex,10,20892_b1f89c8d,topo_minimal,1.0,False
20737_5249e274,topo_connected,1,22421_19401bdd,topo_complex,1.0,False
20737_5249e274,topo_connected,2,22028_776fbf0d,topo_complex,1.0,False
20737_5249e274,topo_connected,3,23217_7c6062e3,topo_connected,1.0,True
20737_5249e274,topo_connected,4,21134_7aa7cd89,topo_complex,1.0,False
20737_5249e274,topo_connected,5,22419_dfeb5d33,topo_complex,1.0,False
20737_5249e274,topo_connected,6,21839_a8eb6d34,topo_isolated,1.0,False
20737_5249e274,topo_connected,7,23258_87a2ba81,topo_complex,1.0,False
20737_5249e274,topo_connected,8,21316_69ed56f5,topo_complex,1.0,False
20737_5249e274,topo_connected,9,21697_06656699,topo_connected,1.0,True
20737_5249e274,topo_connected,10,21845_dff8b3a1,topo_complex,1.0,False
23329_6939d5d9,topo_complex,1,22421_19401bdd,topo_complex,1.0,True
23329_6939d5d9,topo_complex,2,22028_776fbf0d,topo_complex,1.0,True
23329_6939d5d9,topo_complex,3,23217_7c6062e3,topo_connected,1.0,False
23329_6939d5d9,topo_complex,4,21134_7aa7cd89,topo_complex,1.0,True
23329_6939d5d9,topo_complex,5,22419_dfeb5d33,topo_complex,1.0,True
23329_6939d5d9,topo_complex,6,21839_a8eb6d34,topo_isolated,1.0,False
23329_6939d5d9,topo_complex,7,23258_87a2ba81,topo_complex,1.0,True
23329_6939d5d9,topo_complex,8,21316_69ed56f5,topo_complex,1.0,True
23329_6939d5d9,topo_complex,9,21697_06656699,topo_connected,1.0,False
23329_6939d5d9,topo_complex,10,21845_dff8b3a1,topo_complex,1.0,True
21884_cc2c39f9,topo_moderate,1,20157_db99ab88,topo_moderate,1.0,True
21884_cc2c39f9,topo_moderate,2,22062_2d6b3b72,topo_minimal,1.0,False
21884_cc2c39f9,topo_moderate,3,22218_2f85f6ae,topo_connected,1.0,False
21884_cc2c39f9,topo_moderate,4,23238_3c864758,topo_moderate,1.0,True
21884_cc2c39f9,topo_moderate,5,22681_124bf3a9,topo_moderate,1.0,True
21884_cc2c39f9,topo_moderate,6,21048_75cc125c,topo_complex,1.0,False
21884_cc2c39f9,topo_moderate,7,20504_c9e14c9d,topo_connected,1.0,False
21884_cc2c39f9,topo_moderate,8,22061_b50b6b66,topo_isolated,1.0,False
21884_cc2c39f9,topo_moderate,9,21715_53df62c9,topo_minimal,1.0,False
21884_cc2c39f9,topo_moderate,10,23152_6f2706c9,topo_moderate,1.0,True
20231_f54462bb,topo_isolated,1,20801_0796e2ee,topo_isolated,1.0,True
20231_f54462bb,topo_isolated,2,22058_71feafda,topo_isolated,1.0,True
20231_f54462bb,topo_isolated,3,20672_0bc07cce,topo_minimal,1.0,False
20231_f54462bb,topo_isolated,4,21616_c6c3347a,topo_isolated,1.0,True
20231_f54462bb,topo_isolated,5,23439_18900af2,topo_minimal,1.0,False
20231_f54462bb,topo_isolated,6,23435_e1c96b4d,topo_moderate,1.0,False
20231_f54462bb,topo_isolated,7,23006_92c5b990,topo_moderate,1.0,False
20231_f54462bb,topo_isolated,8,20259_de1ab632,topo_minimal,1.0,False
20231_f54462bb,topo_isolated,9,22053_de30641b,topo_minimal,1.0,False
20231_f54462bb,topo_isolated,10,20467_f1fcc009,topo_isolated,1.0,True
20322_5a8c6077,topo_moderate,1,21989_a0b5037d,topo_connected,1.0,False
20322_5a8c6077,topo_moderate,2,23363_60e39812,topo_complex,1.0,False
20322_5a8c6077,topo_moderate,3,23409_e27e3b8b,topo_isolated,1.0,False
20322_5a8c6077,topo_moderate,4,20229_d1ae2ae3,topo_connected,1.0,False
20322_5a8c6077,topo_moderate,5,20899_a8d7c6d5,topo_complex,1.0,False
20322_5a8c6077,topo_moderate,6,21529_93e51dd9,topo_connected,1.0,False
20322_5a8c6077,topo_moderate,7,22059_b7d76712,topo_connected,1.0,False
20322_5a8c6077,topo_moderate,8,20858_15bdad00,topo_complex,1.0,False
20322_5a8c6077,topo_moderate,9,23434_6635ed57,topo_connected,1.0,False
20322_5a8c6077,topo_moderate,10,20892_b1f89c8d,topo_minimal,1.0,False
22528_f3370a64,topo_isolated,1,21700_28d193ac,topo_complex,1.0,False
22528_f3370a64,topo_isolated,2,23144_88ca00a5,topo_connected,1.0,False
22528_f3370a64,topo_isolated,3,21425_d0d47a2a,topo_complex,1.0,False
22528_f3370a64,topo_isolated,4,23123_f35404c4,topo_complex,1.0,False
22528_f3370a64,topo_isolated,5,21545_4384f96e,topo_moderate,1.0,False
22528_f3370a64,topo_isolated,6,21582_a3d32115,topo_moderate,1.0,False
22528_f3370a64,topo_isolated,7,21580_b8b2571b,topo_connected,1.0,False
22528_f3370a64,topo_isolated,8,23002_4d53fb3f,topo_moderate,1.0,False
22528_f3370a64,topo_isolated,9,21926_b4c7068b,topo_complex,1.0,False
22528_f3370a64,topo_isolated,10,20636_ca9eb29a,topo_connected,1.0,False
22168_a84560a9,topo_connected,1,22421_19401bdd,topo_complex,1.0,False
22168_a84560a9,topo_connected,2,22278_12f1fb79,topo_minimal,1.0,False
22168_a84560a9,topo_connected,3,23155_d7305c5f,topo_complex,1.0,False
22168_a84560a9,topo_connected,4,23217_7c6062e3,topo_connected,1.0,True
22168_a84560a9,topo_connected,5,21134_7aa7cd89,topo_complex,1.0,False
22168_a84560a9,topo_connected,6,22419_dfeb5d33,topo_complex,1.0,False
22168_a84560a9,topo_connected,7,21839_a8eb6d34,topo_isolated,1.0,False
22168_a84560a9,topo_connected,8,23258_87a2ba81,topo_complex,1.0,False
22168_a84560a9,topo_connected,9,21316_69ed56f5,topo_complex,1.0,False
22168_a84560a9,topo_connected,10,21697_06656699,topo_connected,1.0,True
21513_50fb4d62,topo_connected,1,21989_a0b5037d,topo_connected,1.0,True
21513_50fb4d62,topo_connected,2,23363_60e39812,topo_complex,1.0,False
21513_50fb4d62,topo_connected,3,23409_e27e3b8b,topo_isolated,1.0,False
21513_50fb4d62,topo_connected,4,20229_d1ae2ae3,topo_connected,1.0,True
21513_50fb4d62,topo_connected,5,20899_a8d7c6d5,topo_complex,1.0,False
21513_50fb4d62,topo_connected,6,21529_93e51dd9,topo_connected,1.0,True
21513_50fb4d62,topo_connected,7,22059_b7d76712,topo_connected,1.0,True
21513_50fb4d62,topo_connected,8,20858_15bdad00,topo_complex,1.0,False
21513_50fb4d62,topo_connected,9,23434_6635ed57,topo_connected,1.0,True
21513_50fb4d62,topo_connected,10,20892_b1f89c8d,topo_minimal,1.0,False
22043_041e1b7c,topo_moderate,1,20801_0796e2ee,topo_isolated,1.0,False
22043_041e1b7c,topo_moderate,2,22058_71feafda,topo_isolated,1.0,False
22043_041e1b7c,topo_moderate,3,20672_0bc07cce,topo_minimal,1.0,False
22043_041e1b7c,topo_moderate,4,21616_c6c3347a,topo_isolated,1.0,False
22043_041e1b7c,topo_moderate,5,23439_18900af2,topo_minimal,1.0,False
22043_041e1b7c,topo_moderate,6,23435_e1c96b4d,topo_moderate,1.0,True
22043_041e1b7c,topo_moderate,7,23006_92c5b990,topo_moderate,1.0,True
22043_041e1b7c,topo_moderate,8,20259_de1ab632,topo_minimal,1.0,False
22043_041e1b7c,topo_moderate,9,22053_de30641b,topo_minimal,1.0,False
22043_041e1b7c,topo_moderate,10,20467_f1fcc009,topo_isolated,1.0,False
21224_18ba4aba,topo_moderate,1,21989_a0b5037d,topo_connected,1.0,False
21224_18ba4aba,topo_moderate,2,23363_60e39812,topo_complex,1.0,False
21224_18ba4aba,topo_moderate,3,23409_e27e3b8b,topo_isolated,1.0,False
21224_18ba4aba,topo_moderate,4,20229_d1ae2ae3,topo_connected,1.0,False
21224_18ba4aba,topo_moderate,5,20899_a8d7c6d5,topo_complex,1.0,False
21224_18ba4aba,topo_moderate,6,21529_93e51dd9,topo_connected,1.0,False
21224_18ba4aba,topo_moderate,7,22059_b7d76712,topo_connected,1.0,False
21224_18ba4aba,topo_moderate,8,20858_15bdad00,topo_complex,1.0,False
21224_18ba4aba,topo_moderate,9,23434_6635ed57,topo_connected,1.0,False
21224_18ba4aba,topo_moderate,10,20892_b1f89c8d,topo_minimal,1.0,False
20246_40be7668,topo_moderate,1,21700_28d193ac,topo_complex,1.0,False
20246_40be7668,topo_moderate,2,22430_c6f08b03,topo_complex,1.0,False
20246_40be7668,topo_moderate,3,21425_d0d47a2a,topo_complex,1.0,False
20246_40be7668,topo_moderate,4,23123_f35404c4,topo_complex,1.0,False
20246_40be7668,topo_moderate,5,21545_4384f96e,topo_moderate,1.0,True
20246_40be7668,topo_moderate,6,21582_a3d32115,topo_moderate,1.0,True
20246_40be7668,topo_moderate,7,21580_b8b2571b,topo_connected,1.0,False
20246_40be7668,topo_moderate,8,23002_4d53fb3f,topo_moderate,1.0,True
20246_40be7668,topo_moderate,9,21926_b4c7068b,topo_complex,1.0,False
20246_40be7668,topo_moderate,10,20636_ca9eb29a,topo_connected,1.0,False
22837_7644c972,topo_isolated,1,20801_0796e2ee,topo_isolated,1.0,True
22837_7644c972,topo_isolated,2,22058_71feafda,topo_isolated,1.0,True
22837_7644c972,topo_isolated,3,20672_0bc07cce,topo_minimal,1.0,False
22837_7644c972,topo_isolated,4,21616_c6c3347a,topo_isolated,1.0,True
22837_7644c972,topo_isolated,5,23439_18900af2,topo_minimal,1.0,False
22837_7644c972,topo_isolated,6,23435_e1c96b4d,topo_moderate,1.0,False
22837_7644c972,topo_isolated,7,23006_92c5b990,topo_moderate,1.0,False
22837_7644c972,topo_isolated,8,20259_de1ab632,topo_minimal,1.0,False
22837_7644c972,topo_isolated,9,22053_de30641b,topo_minimal,1.0,False
22837_7644c972,topo_isolated,10,20467_f1fcc009,topo_isolated,1.0,True
22843_ff77027f,topo_moderate,1,20801_0796e2ee,topo_isolated,1.0,False
22843_ff77027f,topo_moderate,2,22058_71feafda,topo_isolated,1.0,False
22843_ff77027f,topo_moderate,3,20672_0bc07cce,topo_minimal,1.0,False
22843_ff77027f,topo_moderate,4,21616_c6c3347a,topo_isolated,1.0,False
22843_ff77027f,topo_moderate,5,23439_18900af2,topo_minimal,1.0,False
22843_ff77027f,topo_moderate,6,23435_e1c96b4d,topo_moderate,1.0,True
22843_ff77027f,topo_moderate,7,23006_92c5b990,topo_moderate,1.0,True
22843_ff77027f,topo_moderate,8,20259_de1ab632,topo_minimal,1.0,False
22843_ff77027f,topo_moderate,9,22053_de30641b,topo_minimal,1.0,False
22843_ff77027f,topo_moderate,10,20467_f1fcc009,topo_isolated,1.0,False
23244_34b5f55e,topo_connected,1,23210_f535bfd2,topo_moderate,1.0,False
23244_34b5f55e,topo_connected,2,23236_d5867507,topo_connected,1.0,True
23244_34b5f55e,topo_connected,3,23218_02d26ab4,topo_moderate,1.0,False
23244_34b5f55e,topo_connected,4,23209_1592b0a4,topo_moderate,1.0,False
23244_34b5f55e,topo_connected,5,23219_40625e2c,topo_moderate,1.0,False
23244_34b5f55e,topo_connected,6,23211_3aac9c7e,topo_connected,1.0,True
23244_34b5f55e,topo_connected,7,20741_c337946f,topo_minimal,0.75,False
23244_34b5f55e,topo_connected,8,22891_b8c84495,topo_moderate,0.75,False
23244_34b5f55e,topo_connected,9,23199_75dc1efd,topo_minimal,0.75,False
23244_34b5f55e,topo_connected,10,20547_ec8cfd0d,topo_isolated,0.75,False
21840_6847d36c,topo_isolated,1,23468_a0bfb573,topo_complex,1.0,False
21840_6847d36c,topo_isolated,2,22259_613f9d44,topo_moderate,1.0,False
21840_6847d36c,topo_isolated,3,23102_211ad1db,topo_isolated,1.0,True
21840_6847d36c,topo_isolated,4,22049_4da0d894,topo_connected,1.0,False
21840_6847d36c,topo_isolated,5,22399_97987ada,topo_isolated,1.0,True
21840_6847d36c,topo_isolated,6,23259_d655fcc1,topo_moderate,1.0,False
21840_6847d36c,topo_isolated,7,23127_38d73061,topo_complex,1.0,False
21840_6847d36c,topo_isolated,8,23170_6ea8ded5,topo_moderate,1.0,False
21840_6847d36c,topo_isolated,9,21497_9833a679,topo_moderate,1.0,False
21840_6847d36c,topo_isolated,10,22659_0e686e14,topo_moderate,1.0,False
21282_b2d83538,topo_connected,1,21989_a0b5037d,topo_connected,1.0,True
21282_b2d83538,topo_connected,2,23363_60e39812,topo_complex,1.0,False
21282_b2d83538,topo_connected,3,23409_e27e3b8b,topo_isolated,1.0,False
21282_b2d83538,topo_connected,4,20229_d1ae2ae3,topo_connected,1.0,True
21282_b2d83538,topo_connected,5,20899_a8d7c6d5,topo_complex,1.0,False
21282_b2d83538,topo_connected,6,21529_93e51dd9,topo_connected,1.0,True
21282_b2d83538,topo_connected,7,22059_b7d76712,topo_connected,1.0,True
21282_b2d83538,topo_connected,8,20858_15bdad00,topo_complex,1.0,False
21282_b2d83538,topo_connected,9,23434_6635ed57,topo_connected,1.0,True
21282_b2d83538,topo_connected,10,20892_b1f89c8d,topo_minimal,1.0,False
23176_1bf2a2d5,topo_complex,1,21989_a0b5037d,topo_connected,1.0,False
23176_1bf2a2d5,topo_complex,2,23363_60e39812,topo_complex,1.0,True
23176_1bf2a2d5,topo_complex,3,23409_e27e3b8b,topo_isolated,1.0,False
23176_1bf2a2d5,topo_complex,4,20229_d1ae2ae3,topo_connected,1.0,False
23176_1bf2a2d5,topo_complex,5,20899_a8d7c6d5,topo_complex,1.0,True
23176_1bf2a2d5,topo_complex,6,21529_93e51dd9,topo_connected,1.0,False
23176_1bf2a2d5,topo_complex,7,22059_b7d76712,topo_connected,1.0,False
23176_1bf2a2d5,topo_complex,8,20858_15bdad00,topo_complex,1.0,True
23176_1bf2a2d5,topo_complex,9,23434_6635ed57,topo_connected,1.0,False
23176_1bf2a2d5,topo_complex,10,20892_b1f89c8d,topo_minimal,1.0,False
23341_d5ead6d2,topo_moderate,1,20801_0796e2ee,topo_isolated,1.0,False
23341_d5ead6d2,topo_moderate,2,22058_71feafda,topo_isolated,1.0,False
23341_d5ead6d2,topo_moderate,3,20672_0bc07cce,topo_minimal,1.0,False
23341_d5ead6d2,topo_moderate,4,21616_c6c3347a,topo_isolated,1.0,False
23341_d5ead6d2,topo_moderate,5,23439_18900af2,topo_minimal,1.0,False
23341_d5ead6d2,topo_moderate,6,23435_e1c96b4d,topo_moderate,1.0,True
23341_d5ead6d2,topo_moderate,7,23006_92c5b990,topo_moderate,1.0,True
23341_d5ead6d2,topo_moderate,8,20259_de1ab632,topo_minimal,1.0,False
23341_d5ead6d2,topo_moderate,9,22053_de30641b,topo_minimal,1.0,False
23341_d5ead6d2,topo_moderate,10,20467_f1fcc009,topo_isolated,1.0,False
21503_34f299ca,topo_connected,1,21989_a0b5037d,topo_connected,1.0,True
21503_34f299ca,topo_connected,2,23363_60e39812,topo_complex,1.0,False
21503_34f299ca,topo_connected,3,23409_e27e3b8b,topo_isolated,1.0,False
21503_34f299ca,topo_connected,4,20229_d1ae2ae3,topo_connected,1.0,True
21503_34f299ca,topo_connected,5,20899_a8d7c6d5,topo_complex,1.0,False
21503_34f299ca,topo_connected,6,21529_93e51dd9,topo_connected,1.0,True
21503_34f299ca,topo_connected,7,22059_b7d76712,topo_connected,1.0,True
21503_34f299ca,topo_connected,8,20858_15bdad00,topo_complex,1.0,False
21503_34f299ca,topo_connected,9,23434_6635ed57,topo_connected,1.0,True
21503_34f299ca,topo_connected,10,20892_b1f89c8d,topo_minimal,1.0,False
20322_daa5c577,topo_moderate,1,21989_a0b5037d,topo_connected,1.0,False
20322_daa5c577,topo_moderate,2,23363_60e39812,topo_complex,1.0,False
20322_daa5c577,topo_moderate,3,23409_e27e3b8b,topo_isolated,1.0,False
20322_daa5c577,topo_moderate,4,20229_d1ae2ae3,topo_connected,1.0,False
20322_daa5c577,topo_moderate,5,20899_a8d7c6d5,topo_complex,1.0,False
20322_daa5c577,topo_moderate,6,21529_93e51dd9,topo_connected,1.0,False
20322_daa5c577,topo_moderate,7,22059_b7d76712,topo_connected,1.0,False
20322_daa5c577,topo_moderate,8,20858_15bdad00,topo_complex,1.0,False
20322_daa5c577,topo_moderate,9,23434_6635ed57,topo_connected,1.0,False
20322_daa5c577,topo_moderate,10,20892_b1f89c8d,topo_minimal,1.0,False
21531_79015e13,topo_minimal,1,21989_a0b5037d,topo_connected,1.0,False
21531_79015e13,topo_minimal,2,23363_60e39812,topo_complex,1.0,False
21531_79015e13,topo_minimal,3,23409_e27e3b8b,topo_isolated,1.0,False
21531_79015e13,topo_minimal,4,20229_d1ae2ae3,topo_connected,1.0,False
21531_79015e13,topo_minimal,5,20899_a8d7c6d5,topo_complex,1.0,False
21531_79015e13,topo_minimal,6,21529_93e51dd9,topo_connected,1.0,False
21531_79015e13,topo_minimal,7,22059_b7d76712,topo_connected,1.0,False
21531_79015e13,topo_minimal,8,20858_15bdad00,topo_complex,1.0,False
21531_79015e13,topo_minimal,9,23434_6635ed57,topo_connected,1.0,False
21531_79015e13,topo_minimal,10,20892_b1f89c8d,topo_minimal,1.0,True
22383_e5f707a7,topo_moderate,1,21989_a0b5037d,topo_connected,1.0,False
22383_e5f707a7,topo_moderate,2,23363_60e39812,topo_complex,1.0,False
22383_e5f707a7,topo_moderate,3,23409_e27e3b8b,topo_isolated,1.0,False
22383_e5f707a7,topo_moderate,4,20229_d1ae2ae3,topo_connected,1.0,False
22383_e5f707a7,topo_moderate,5,20899_a8d7c6d5,topo_complex,1.0,False
22383_e5f707a7,topo_moderate,6,21529_93e51dd9,topo_connected,1.0,False
22383_e5f707a7,topo_moderate,7,22059_b7d76712,topo_connected,1.0,False
22383_e5f707a7,topo_moderate,8,20858_15bdad00,topo_complex,1.0,False
22383_e5f707a7,topo_moderate,9,23434_6635ed57,topo_connected,1.0,False
22383_e5f707a7,topo_moderate,10,20892_b1f89c8d,topo_minimal,1.0,False
20779_fc5a7c3d,topo_connected,1,21989_a0b5037d,topo_connected,1.0,True
20779_fc5a7c3d,topo_connected,2,23363_60e39812,topo_complex,1.0,False
20779_fc5a7c3d,topo_connected,3,23409_e27e3b8b,topo_isolated,1.0,False
20779_fc5a7c3d,topo_connected,4,20229_d1ae2ae3,topo_connected,1.0,True
20779_fc5a7c3d,topo_connected,5,20899_a8d7c6d5,topo_complex,1.0,False
20779_fc5a7c3d,topo_connected,6,21529_93e51dd9,topo_connected,1.0,True
20779_fc5a7c3d,topo_connected,7,22059_b7d76712,topo_connected,1.0,True
20779_fc5a7c3d,topo_connected,8,20858_15bdad00,topo_complex,1.0,False
20779_fc5a7c3d,topo_connected,9,23434_6635ed57,topo_connected,1.0,True
20779_fc5a7c3d,topo_connected,10,20892_b1f89c8d,topo_minimal,1.0,False
20910_c64b5d1b,topo_minimal,1,22261_6efe61e3,topo_minimal,1.0,True
20910_c64b5d1b,topo_minimal,2,23194_b675acc0,topo_connected,1.0,False
20910_c64b5d1b,topo_minimal,3,20838_86c931be,topo_minimal,1.0,True
20910_c64b5d1b,topo_minimal,4,21570_9cb1d1c4,topo_minimal,1.0,True
20910_c64b5d1b,topo_minimal,5,20409_dafedec6,topo_isolated,1.0,False
20910_c64b5d1b,topo_minimal,6,23039_b3d04774,topo_moderate,1.0,False
20910_c64b5d1b,topo_minimal,7,20814_5a2be0fb,topo_minimal,1.0,True
20910_c64b5d1b,topo_minimal,8,21422_b2a6bf27,topo_isolated,1.0,False
20910_c64b5d1b,topo_minimal,9,20940_9777847c,topo_connected,1.0,False
20910_c64b5d1b,topo_minimal,10,22981_93f268ae,topo_minimal,1.0,True
21453_679a343c,topo_isolated,1,20801_0796e2ee,topo_isolated,1.0,True
21453_679a343c,topo_isolated,2,22058_71feafda,topo_isolated,1.0,True
21453_679a343c,topo_isolated,3,20672_0bc07cce,topo_minimal,1.0,False
21453_679a343c,topo_isolated,4,21616_c6c3347a,topo_isolated,1.0,True
21453_679a343c,topo_isolated,5,23439_18900af2,topo_minimal,1.0,False
21453_679a343c,topo_isolated,6,23435_e1c96b4d,topo_moderate,1.0,False
21453_679a343c,topo_isolated,7,23006_92c5b990,topo_moderate,1.0,False
21453_679a343c,topo_isolated,8,20259_de1ab632,topo_minimal,1.0,False
21453_679a343c,topo_isolated,9,22053_de30641b,topo_minimal,1.0,False
21453_679a343c,topo_isolated,10,20467_f1fcc009,topo_isolated,1.0,True
23158_c7e753c2,topo_moderate,1,20801_0796e2ee,topo_isolated,1.0,False
23158_c7e753c2,topo_moderate,2,22058_71feafda,topo_isolated,1.0,False
23158_c7e753c2,topo_moderate,3,20672_0bc07cce,topo_minimal,1.0,False
23158_c7e753c2,topo_moderate,4,21616_c6c3347a,topo_isolated,1.0,False
23158_c7e753c2,topo_moderate,5,23439_18900af2,topo_minimal,1.0,False
23158_c7e753c2,topo_moderate,6,23435_e1c96b4d,topo_moderate,1.0,True
23158_c7e753c2,topo_moderate,7,23006_92c5b990,topo_moderate,1.0,True
23158_c7e753c2,topo_moderate,8,20259_de1ab632,topo_minimal,1.0,False
23158_c7e753c2,topo_moderate,9,22053_de30641b,topo_minimal,1.0,False
23158_c7e753c2,topo_moderate,10,20467_f1fcc009,topo_isolated,1.0,False
21856_f84d9348,topo_moderate,1,21989_a0b5037d,topo_connected,1.0,False
21856_f84d9348,topo_moderate,2,23363_60e39812,topo_complex,1.0,False
21856_f84d9348,topo_moderate,3,23409_e27e3b8b,topo_isolated,1.0,False
21856_f84d9348,topo_moderate,4,20229_d1ae2ae3,topo_connected,1.0,False
21856_f84d9348,topo_moderate,5,20899_a8d7c6d5,topo_complex,1.0,False
21856_f84d9348,topo_moderate,6,21529_93e51dd9,topo_connected,1.0,False
21856_f84d9348,topo_moderate,7,22059_b7d76712,topo_connected,1.0,False
21856_f84d9348,topo_moderate,8,20858_15bdad00,topo_complex,1.0,False
21856_f84d9348,topo_moderate,9,23434_6635ed57,topo_connected,1.0,False
21856_f84d9348,topo_moderate,10,20892_b1f89c8d,topo_minimal,1.0,False
20469_b6211bfd,topo_minimal,1,20801_0796e2ee,topo_isolated,1.0,False
20469_b6211bfd,topo_minimal,2,22058_71feafda,topo_isolated,1.0,False
20469_b6211bfd,topo_minimal,3,20672_0bc07cce,topo_minimal,1.0,True
20469_b6211bfd,topo_minimal,4,21616_c6c3347a,topo_isolated,1.0,False
20469_b6211bfd,topo_minimal,5,23439_18900af2,topo_minimal,1.0,True
20469_b6211bfd,topo_minimal,6,23435_e1c96b4d,topo_moderate,1.0,False
20469_b6211bfd,topo_minimal,7,23006_92c5b990,topo_moderate,1.0,False
20469_b6211bfd,topo_minimal,8,20259_de1ab632,topo_minimal,1.0,True
20469_b6211bfd,topo_minimal,9,22053_de30641b,topo_minimal,1.0,True
20469_b6211bfd,topo_minimal,10,20467_f1fcc009,topo_isolated,1.0,False
22126_e1cca10f,topo_connected,1,21989_a0b5037d,topo_connected,1.0,True
22126_e1cca10f,topo_connected,2,23363_60e39812,topo_complex,1.0,False
22126_e1cca10f,topo_connected,3,23409_e27e3b8b,topo_isolated,1.0,False
22126_e1cca10f,topo_connected,4,20229_d1ae2ae3,topo_connected,1.0,True
22126_e1cca10f,topo_connected,5,20899_a8d7c6d5,topo_complex,1.0,False
22126_e1cca10f,topo_connected,6,21529_93e51dd9,topo_connected,1.0,True
22126_e1cca10f,topo_connected,7,22059_b7d76712,topo_connected,1.0,True
22126_e1cca10f,topo_connected,8,20858_15bdad00,topo_complex,1.0,False
22126_e1cca10f,topo_connected,9,23434_6635ed57,topo_connected,1.0,True
22126_e1cca10f,topo_connected,10,20892_b1f89c8d,topo_minimal,1.0,False
20908_10574fbf,topo_minimal,1,20801_0796e2ee,topo_isolated,1.0,False
20908_10574fbf,topo_minimal,2,22058_71feafda,topo_isolated,1.0,False
20908_10574fbf,topo_minimal,3,20672_0bc07cce,topo_minimal,1.0,True
20908_10574fbf,topo_minimal,4,21616_c6c3347a,topo_isolated,1.0,False
20908_10574fbf,topo_minimal,5,23439_18900af2,topo_minimal,1.0,True
20908_10574fbf,topo_minimal,6,23435_e1c96b4d,topo_moderate,1.0,False
20908_10574fbf,topo_minimal,7,23006_92c5b990,topo_moderate,1.0,False
20908_10574fbf,topo_minimal,8,20259_de1ab632,topo_minimal,1.0,True
20908_10574fbf,topo_minimal,9,22053_de30641b,topo_minimal,1.0,True
20908_10574fbf,topo_minimal,10,20467_f1fcc009,topo_isolated,1.0,False
23096_7da0f913,topo_moderate,1,20671_33532794,topo_minimal,1.0,False
23096_7da0f913,topo_moderate,2,21533_8837772a,topo_moderate,1.0,True
23096_7da0f913,topo_moderate,3,20341_6a1588fb,topo_minimal,1.0,False
23096_7da0f913,topo_moderate,4,20385_f2d30908,topo_minimal,1.0,False
23096_7da0f913,topo_moderate,5,20958_94222947,topo_minimal,1.0,False
23096_7da0f913,topo_moderate,6,22732_cd2af0ac,topo_isolated,1.0,False
23096_7da0f913,topo_moderate,7,21634_e5e20375,topo_moderate,1.0,True
23096_7da0f913,topo_moderate,8,20406_dacb0300,topo_moderate,0.75,True
23096_7da0f913,topo_moderate,9,22053_de30641b,topo_minimal,0.75,False
23096_7da0f913,topo_moderate,10,23199_75dc1efd,topo_minimal,0.75,False
22072_5163223a,topo_moderate,1,21989_a0b5037d,topo_connected,1.0,False
22072_5163223a,topo_moderate,2,23363_60e39812,topo_complex,1.0,False
22072_5163223a,topo_moderate,3,23409_e27e3b8b,topo_isolated,1.0,False
22072_5163223a,topo_moderate,4,20229_d1ae2ae3,topo_connected,1.0,False
22072_5163223a,topo_moderate,5,20899_a8d7c6d5,topo_complex,1.0,False
22072_5163223a,topo_moderate,6,21529_93e51dd9,topo_connected,1.0,False
22072_5163223a,topo_moderate,7,22059_b7d76712,topo_connected,1.0,False
22072_5163223a,topo_moderate,8,20858_15bdad00,topo_complex,1.0,False
22072_5163223a,topo_moderate,9,23434_6635ed57,topo_connected,1.0,False
22072_5163223a,topo_moderate,10,20892_b1f89c8d,topo_minimal,1.0,False
23120_f7c9092f,topo_connected,1,21989_a0b5037d,topo_connected,1.0,True
23120_f7c9092f,topo_connected,2,23363_60e39812,topo_complex,1.0,False
23120_f7c9092f,topo_connected,3,23409_e27e3b8b,topo_isolated,1.0,False
23120_f7c9092f,topo_connected,4,20229_d1ae2ae3,topo_connected,1.0,True
23120_f7c9092f,topo_connected,5,20899_a8d7c6d5,topo_complex,1.0,False
23120_f7c9092f,topo_connected,6,21529_93e51dd9,topo_connected,1.0,True
23120_f7c9092f,topo_connected,7,22059_b7d76712,topo_connected,1.0,True
23120_f7c9092f,topo_connected,8,20858_15bdad00,topo_complex,1.0,False
23120_f7c9092f,topo_connected,9,23434_6635ed57,topo_connected,1.0,True
23120_f7c9092f,topo_connected,10,20892_b1f89c8d,topo_minimal,1.0,False
23438_b1ef78f4,topo_moderate,1,20990_0a226634,topo_isolated,1.0,False
23438_b1ef78f4,topo_moderate,2,22080_594bcb66,topo_minimal,1.0,False
23438_b1ef78f4,topo_moderate,3,21448_5646a1b6,topo_minimal,0.75,False
23438_b1ef78f4,topo_moderate,4,22706_58a933f4,topo_moderate,0.75,True
23438_b1ef78f4,topo_moderate,5,21564_fa5b2db7,topo_isolated,0.75,False
23438_b1ef78f4,topo_moderate,6,22216_4b032400,topo_minimal,0.75,False
23438_b1ef78f4,topo_moderate,7,21625_d5d4c9a7,topo_moderate,0.75,True
23438_b1ef78f4,topo_moderate,8,20792_d2ea0500,topo_isolated,0.75,False
23438_b1ef78f4,topo_moderate,9,21692_777db9e2,topo_complex,0.75,False
23438_b1ef78f4,topo_moderate,10,22259_613f9d44,topo_moderate,0.75,True
22678_ff42f120,topo_moderate,1,23468_a0bfb573,topo_complex,1.0,False
22678_ff42f120,topo_moderate,2,22259_613f9d44,topo_moderate,1.0,True
22678_ff42f120,topo_moderate,3,22399_97987ada,topo_isolated,1.0,False
22678_ff42f120,topo_moderate,4,22049_4da0d894,topo_connected,1.0,False
22678_ff42f120,topo_moderate,5,23259_d655fcc1,topo_moderate,1.0,True
22678_ff42f120,topo_moderate,6,23170_6ea8ded5,topo_moderate,1.0,True
22678_ff42f120,topo_moderate,7,23127_38d73061,topo_complex,1.0,False
22678_ff42f120,topo_moderate,8,22659_0e686e14,topo_moderate,1.0,True
22678_ff42f120,topo_moderate,9,21497_9833a679,topo_moderate,1.0,True
22678_ff42f120,topo_moderate,10,22155_ab18f2b6,topo_isolated,1.0,False
23194_b675acc0,topo_connected,1,22261_6efe61e3,topo_minimal,1.0,False
23194_b675acc0,topo_connected,2,19518_f220b68a,topo_isolated,1.0,False
23194_b675acc0,topo_connected,3,20910_c64b5d1b,topo_minimal,1.0,False
23194_b675acc0,topo_connected,4,21422_b2a6bf27,topo_isolated,1.0,False
23194_b675acc0,topo_connected,5,22981_93f268ae,topo_minimal,1.0,False
23194_b675acc0,topo_connected,6,20940_9777847c,topo_connected,1.0,True
23194_b675acc0,topo_connected,7,23039_b3d04774,topo_moderate,1.0,False
23194_b675acc0,topo_connected,8,20409_dafedec6,topo_isolated,1.0,False
23194_b675acc0,topo_connected,9,20814_5a2be0fb,topo_minimal,1.0,False
23194_b675acc0,topo_connected,10,21570_9cb1d1c4,topo_minimal,1.0,False
20406_dacb0300,topo_moderate,1,20801_0796e2ee,topo_isolated,1.0,False
20406_dacb0300,topo_moderate,2,22058_71feafda,topo_isolated,1.0,False
20406_dacb0300,topo_moderate,3,20672_0bc07cce,topo_minimal,1.0,False
20406_dacb0300,topo_moderate,4,21616_c6c3347a,topo_isolated,1.0,False
20406_dacb0300,topo_moderate,5,23439_18900af2,topo_minimal,1.0,False
20406_dacb0300,topo_moderate,6,23435_e1c96b4d,topo_moderate,1.0,True
20406_dacb0300,topo_moderate,7,23006_92c5b990,topo_moderate,1.0,True
20406_dacb0300,topo_moderate,8,20259_de1ab632,topo_minimal,1.0,False
20406_dacb0300,topo_moderate,9,22053_de30641b,topo_minimal,1.0,False
20406_dacb0300,topo_moderate,10,20467_f1fcc009,topo_isolated,1.0,False
22228_1c82530b,topo_connected,1,21989_a0b5037d,topo_connected,1.0,True
22228_1c82530b,topo_connected,2,23363_60e39812,topo_complex,1.0,False
22228_1c82530b,topo_connected,3,23409_e27e3b8b,topo_isolated,1.0,False
22228_1c82530b,topo_connected,4,20229_d1ae2ae3,topo_connected,1.0,True
22228_1c82530b,topo_connected,5,20899_a8d7c6d5,topo_complex,1.0,False
22228_1c82530b,topo_connected,6,21529_93e51dd9,topo_connected,1.0,True
22228_1c82530b,topo_connected,7,22059_b7d76712,topo_connected,1.0,True
22228_1c82530b,topo_connected,8,20858_15bdad00,topo_complex,1.0,False
22228_1c82530b,topo_connected,9,23434_6635ed57,topo_connected,1.0,True
22228_1c82530b,topo_connected,10,20892_b1f89c8d,topo_minimal,1.0,False
23199_75dc1efd,topo_minimal,1,20801_0796e2ee,topo_isolated,1.0,False
23199_75dc1efd,topo_minimal,2,22058_71feafda,topo_isolated,1.0,False
23199_75dc1efd,topo_minimal,3,20672_0bc07cce,topo_minimal,1.0,True
23199_75dc1efd,topo_minimal,4,21616_c6c3347a,topo_isolated,1.0,False
23199_75dc1efd,topo_minimal,5,23439_18900af2,topo_minimal,1.0,True
23199_75dc1efd,topo_minimal,6,23435_e1c96b4d,topo_moderate,1.0,False
23199_75dc1efd,topo_minimal,7,23006_92c5b990,topo_moderate,1.0,False
23199_75dc1efd,topo_minimal,8,20259_de1ab632,topo_minimal,1.0,True
23199_75dc1efd,topo_minimal,9,22053_de30641b,topo_minimal,1.0,True
23199_75dc1efd,topo_minimal,10,20467_f1fcc009,topo_isolated,1.0,False
23310_7daded69,topo_complex,1,22421_19401bdd,topo_complex,1.0,True
23310_7daded69,topo_complex,2,22028_776fbf0d,topo_complex,1.0,True
23310_7daded69,topo_complex,3,23217_7c6062e3,topo_connected,1.0,False
23310_7daded69,topo_complex,4,21134_7aa7cd89,topo_complex,1.0,True
23310_7daded69,topo_complex,5,22419_dfeb5d33,topo_complex,1.0,True
23310_7daded69,topo_complex,6,21839_a8eb6d34,topo_isolated,1.0,False
23310_7daded69,topo_complex,7,23258_87a2ba81,topo_complex,1.0,True
23310_7daded69,topo_complex,8,21316_69ed56f5,topo_complex,1.0,True
23310_7daded69,topo_complex,9,21697_06656699,topo_connected,1.0,False
23310_7daded69,topo_complex,10,21845_dff8b3a1,topo_complex,1.0,True
21923_41fa6eda,topo_moderate,1,21989_a0b5037d,topo_connected,1.0,False
21923_41fa6eda,topo_moderate,2,23363_60e39812,topo_complex,1.0,False
21923_41fa6eda,topo_moderate,3,23409_e27e3b8b,topo_isolated,1.0,False
21923_41fa6eda,topo_moderate,4,20229_d1ae2ae3,topo_connected,1.0,False
21923_41fa6eda,topo_moderate,5,20899_a8d7c6d5,topo_complex,1.0,False
21923_41fa6eda,topo_moderate,6,21529_93e51dd9,topo_connected,1.0,False
21923_41fa6eda,topo_moderate,7,22059_b7d76712,topo_connected,1.0,False
21923_41fa6eda,topo_moderate,8,20858_15bdad00,topo_complex,1.0,False
21923_41fa6eda,topo_moderate,9,23434_6635ed57,topo_connected,1.0,False
21923_41fa6eda,topo_moderate,10,20892_b1f89c8d,topo_minimal,1.0,False
20788_d25efea2,topo_connected,1,21989_a0b5037d,topo_connected,1.0,True
20788_d25efea2,topo_connected,2,23363_60e39812,topo_complex,1.0,False
20788_d25efea2,topo_connected,3,23409_e27e3b8b,topo_isolated,1.0,False
20788_d25efea2,topo_connected,4,20229_d1ae2ae3,topo_connected,1.0,True
20788_d25efea2,topo_connected,5,20899_a8d7c6d5,topo_complex,1.0,False
20788_d25efea2,topo_connected,6,21529_93e51dd9,topo_connected,1.0,True
20788_d25efea2,topo_connected,7,22059_b7d76712,topo_connected,1.0,True
20788_d25efea2,topo_connected,8,20858_15bdad00,topo_complex,1.0,False
20788_d25efea2,topo_connected,9,23434_6635ed57,topo_connected,1.0,True
20788_d25efea2,topo_connected,10,20892_b1f89c8d,topo_minimal,1.0,False
20340_86125547,topo_minimal,1,20188_98b86c0f,topo_moderate,1.0,False
20340_86125547,topo_minimal,2,22498_b8bdb105,topo_minimal,1.0,True
20340_86125547,topo_minimal,3,20586_cbec2689,topo_connected,1.0,False
20340_86125547,topo_minimal,4,21785_d595ced5,topo_minimal,1.0,True
20340_86125547,topo_minimal,5,21994_357aac6f,topo_connected,0.75,False
20340_86125547,topo_minimal,6,20479_77930584,topo_isolated,0.75,False
20340_86125547,topo_minimal,7,22839_113f2990,topo_minimal,0.75,True
20340_86125547,topo_minimal,8,22053_de30641b,topo_minimal,0.75,True
20340_86125547,topo_minimal,9,22891_b8c84495,topo_moderate,0.75,False
20340_86125547,topo_minimal,10,21184_971559b6,topo_connected,0.75,False
21958_e48ddf4e,topo_isolated,1,21982_bdafa78d,topo_isolated,1.0,True
21958_e48ddf4e,topo_isolated,2,21271_ec7f62b8,topo_connected,1.0,False
21958_e48ddf4e,topo_isolated,3,21478_8fbd4409,topo_moderate,1.0,False
21958_e48ddf4e,topo_isolated,4,23178_eb4b4280,topo_minimal,1.0,False
21958_e48ddf4e,topo_isolated,5,20682_e208cc63,topo_isolated,1.0,True
21958_e48ddf4e,topo_isolated,6,22762_dcbdd14d,topo_minimal,1.0,False
21958_e48ddf4e,topo_isolated,7,21037_62248d34,topo_minimal,1.0,False
21958_e48ddf4e,topo_isolated,8,7780_6c885e81,topo_complex,1.0,False
21958_e48ddf4e,topo_isolated,9,21840_6847d36c,topo_isolated,1.0,True
21958_e48ddf4e,topo_isolated,10,20502_58b65de9,topo_connected,1.0,False
16550_e88d6986,topo_minimal,1,20801_0796e2ee,topo_isolated,1.0,False
16550_e88d6986,topo_minimal,2,22058_71feafda,topo_isolated,1.0,False
16550_e88d6986,topo_minimal,3,20672_0bc07cce,topo_minimal,1.0,True
16550_e88d6986,topo_minimal,4,21616_c6c3347a,topo_isolated,1.0,False
16550_e88d6986,topo_minimal,5,23439_18900af2,topo_minimal,1.0,True
16550_e88d6986,topo_minimal,6,23435_e1c96b4d,topo_moderate,1.0,False
16550_e88d6986,topo_minimal,7,23006_92c5b990,topo_moderate,1.0,False
16550_e88d6986,topo_minimal,8,20259_de1ab632,topo_minimal,1.0,True
16550_e88d6986,topo_minimal,9,22053_de30641b,topo_minimal,1.0,True
16550_e88d6986,topo_minimal,10,20467_f1fcc009,topo_isolated,1.0,False
21358_a69a36f3,topo_moderate,1,21989_a0b5037d,topo_connected,1.0,False
21358_a69a36f3,topo_moderate,2,23363_60e39812,topo_complex,1.0,False
21358_a69a36f3,topo_moderate,3,23409_e27e3b8b,topo_isolated,1.0,False
21358_a69a36f3,topo_moderate,4,20229_d1ae2ae3,topo_connected,1.0,False
21358_a69a36f3,topo_moderate,5,20899_a8d7c6d5,topo_complex,1.0,False
21358_a69a36f3,topo_moderate,6,21529_93e51dd9,topo_connected,1.0,False
21358_a69a36f3,topo_moderate,7,22059_b7d76712,topo_connected,1.0,False
21358_a69a36f3,topo_moderate,8,20858_15bdad00,topo_complex,1.0,False
21358_a69a36f3,topo_moderate,9,23434_6635ed57,topo_connected,1.0,False
21358_a69a36f3,topo_moderate,10,20892_b1f89c8d,topo_minimal,1.0,False
20701_6dcbc975,topo_complex,1,21700_28d193ac,topo_complex,1.0,True
20701_6dcbc975,topo_complex,2,23144_88ca00a5,topo_connected,1.0,False
20701_6dcbc975,topo_complex,3,21425_d0d47a2a,topo_complex,1.0,True
20701_6dcbc975,topo_complex,4,23123_f35404c4,topo_complex,1.0,True
20701_6dcbc975,topo_complex,5,21545_4384f96e,topo_moderate,1.0,False
20701_6dcbc975,topo_complex,6,21582_a3d32115,topo_moderate,1.0,False
20701_6dcbc975,topo_complex,7,21580_b8b2571b,topo_connected,1.0,False
20701_6dcbc975,topo_complex,8,23002_4d53fb3f,topo_moderate,1.0,False
20701_6dcbc975,topo_complex,9,21926_b4c7068b,topo_complex,1.0,True
20701_6dcbc975,topo_complex,10,20636_ca9eb29a,topo_connected,1.0,False
21924_bbd9f7a9,topo_connected,1,22421_19401bdd,topo_complex,1.0,False
21924_bbd9f7a9,topo_connected,2,22028_776fbf0d,topo_complex,1.0,False
21924_bbd9f7a9,topo_connected,3,23217_7c6062e3,topo_connected,1.0,True
21924_bbd9f7a9,topo_connected,4,21134_7aa7cd89,topo_complex,1.0,False
21924_bbd9f7a9,topo_connected,5,22419_dfeb5d33,topo_complex,1.0,False
21924_bbd9f7a9,topo_connected,6,21839_a8eb6d34,topo_isolated,1.0,False
21924_bbd9f7a9,topo_connected,7,23258_87a2ba81,topo_complex,1.0,False
21924_bbd9f7a9,topo_connected,8,21316_69ed56f5,topo_complex,1.0,False
21924_bbd9f7a9,topo_connected,9,21697_06656699,topo_connected,1.0,True
21924_bbd9f7a9,topo_connected,10,21845_dff8b3a1,topo_complex,1.0,False
20451_84d8b290,topo_minimal,1,21448_5646a1b6,topo_minimal,1.0,True
20451_84d8b290,topo_minimal,2,20807_88c198d5,topo_isolated,1.0,False
20451_84d8b290,topo_minimal,3,22136_a539c50b,topo_isolated,1.0,False
20451_84d8b290,topo_minimal,4,20758_cdccf572,topo_moderate,1.0,False
20451_84d8b290,topo_minimal,5,22283_36ba29c9,topo_minimal,1.0,True
20451_84d8b290,topo_minimal,6,21257_770fee9a,topo_isolated,1.0,False
20451_84d8b290,topo_minimal,7,22154_24342da4,topo_isolated,1.0,False
20451_84d8b290,topo_minimal,8,20731_fbdc7731,topo_moderate,1.0,False
20451_84d8b290,topo_minimal,9,21384_b9774b93,topo_moderate,1.0,False
20451_84d8b290,topo_minimal,10,23103_43bde2a6,topo_minimal,1.0,True
22085_e039a7d3,topo_complex,1,21989_a0b5037d,topo_connected,1.0,False
22085_e039a7d3,topo_complex,2,23363_60e39812,topo_complex,1.0,True
22085_e039a7d3,topo_complex,3,23409_e27e3b8b,topo_isolated,1.0,False
22085_e039a7d3,topo_complex,4,20229_d1ae2ae3,topo_connected,1.0,False
22085_e039a7d3,topo_complex,5,20899_a8d7c6d5,topo_complex,1.0,True
22085_e039a7d3,topo_complex,6,21529_93e51dd9,topo_connected,1.0,False
22085_e039a7d3,topo_complex,7,22059_b7d76712,topo_connected,1.0,False
22085_e039a7d3,topo_complex,8,20858_15bdad00,topo_complex,1.0,True
22085_e039a7d3,topo_complex,9,23434_6635ed57,topo_connected,1.0,False
22085_e039a7d3,topo_complex,10,20892_b1f89c8d,topo_minimal,1.0,False
22983_0ab3faaf,topo_minimal,1,22654_4c426b0f,topo_moderate,1.0,False
22983_0ab3faaf,topo_minimal,2,21271_ec7f62b8,topo_connected,1.0,False
22983_0ab3faaf,topo_minimal,3,21478_8fbd4409,topo_moderate,1.0,False
22983_0ab3faaf,topo_minimal,4,23178_eb4b4280,topo_minimal,1.0,True
22983_0ab3faaf,topo_minimal,5,20682_e208cc63,topo_isolated,1.0,False
22983_0ab3faaf,topo_minimal,6,22762_dcbdd14d,topo_minimal,1.0,True
22983_0ab3faaf,topo_minimal,7,21037_62248d34,topo_minimal,1.0,True
22983_0ab3faaf,topo_minimal,8,7780_6c885e81,topo_complex,1.0,False
22983_0ab3faaf,topo_minimal,9,21840_6847d36c,topo_isolated,1.0,False
22983_0ab3faaf,topo_minimal,10,20502_58b65de9,topo_connected,1.0,False
20947_115d4058,topo_isolated,1,22261_6efe61e3,topo_minimal,1.0,False
20947_115d4058,topo_isolated,2,19518_f220b68a,topo_isolated,1.0,True
20947_115d4058,topo_isolated,3,20910_c64b5d1b,topo_minimal,1.0,False
20947_115d4058,topo_isolated,4,21422_b2a6bf27,topo_isolated,1.0,True
20947_115d4058,topo_isolated,5,22981_93f268ae,topo_minimal,1.0,False
20947_115d4058,topo_isolated,6,20940_9777847c,topo_connected,1.0,False
20947_115d4058,topo_isolated,7,23039_b3d04774,topo_moderate,1.0,False
20947_115d4058,topo_isolated,8,20409_dafedec6,topo_isolated,1.0,True
20947_115d4058,topo_isolated,9,23194_b675acc0,topo_connected,1.0,False
20947_115d4058,topo_isolated,10,21570_9cb1d1c4,topo_minimal,1.0,False
23045_a8c4e4bc,topo_complex,1,21989_a0b5037d,topo_connected,1.0,False
23045_a8c4e4bc,topo_complex,2,23363_60e39812,topo_complex,1.0,True
23045_a8c4e4bc,topo_complex,3,23409_e27e3b8b,topo_isolated,1.0,False
23045_a8c4e4bc,topo_complex,4,20229_d1ae2ae3,topo_connected,1.0,False
23045_a8c4e4bc,topo_complex,5,20899_a8d7c6d5,topo_complex,1.0,True
23045_a8c4e4bc,topo_complex,6,21529_93e51dd9,topo_connected,1.0,False
23045_a8c4e4bc,topo_complex,7,22059_b7d76712,topo_connected,1.0,False
23045_a8c4e4bc,topo_complex,8,20858_15bdad00,topo_complex,1.0,True
23045_a8c4e4bc,topo_complex,9,23434_6635ed57,topo_connected,1.0,False
23045_a8c4e4bc,topo_complex,10,20892_b1f89c8d,topo_minimal,1.0,False
20259_de1ab632,topo_minimal,1,20801_0796e2ee,topo_isolated,1.0,False
20259_de1ab632,topo_minimal,2,22378_234fea2c,topo_moderate,1.0,False
20259_de1ab632,topo_minimal,3,20672_0bc07cce,topo_minimal,1.0,True
20259_de1ab632,topo_minimal,4,21616_c6c3347a,topo_isolated,1.0,False
20259_de1ab632,topo_minimal,5,23439_18900af2,topo_minimal,1.0,True
20259_de1ab632,topo_minimal,6,23435_e1c96b4d,topo_moderate,1.0,False
20259_de1ab632,topo_minimal,7,23006_92c5b990,topo_moderate,1.0,False
20259_de1ab632,topo_minimal,8,22053_de30641b,topo_minimal,1.0,True
20259_de1ab632,topo_minimal,9,22891_b8c84495,topo_moderate,1.0,False
20259_de1ab632,topo_minimal,10,20467_f1fcc009,topo_isolated,1.0,False
22367_b4a67e61,topo_minimal,1,21448_5646a1b6,topo_minimal,1.0,True
22367_b4a67e61,topo_minimal,2,20807_88c198d5,topo_isolated,1.0,False
22367_b4a67e61,topo_minimal,3,22136_a539c50b,topo_isolated,1.0,False
22367_b4a67e61,topo_minimal,4,20758_cdccf572,topo_moderate,1.0,False
22367_b4a67e61,topo_minimal,5,22283_36ba29c9,topo_minimal,1.0,True
22367_b4a67e61,topo_minimal,6,21257_770fee9a,topo_isolated,1.0,False
22367_b4a67e61,topo_minimal,7,22154_24342da4,topo_isolated,1.0,False
22367_b4a67e61,topo_minimal,8,20731_fbdc7731,topo_moderate,1.0,False
22367_b4a67e61,topo_minimal,9,21384_b9774b93,topo_moderate,1.0,False
22367_b4a67e61,topo_minimal,10,23103_43bde2a6,topo_minimal,1.0,True
20849_9821b6fe,topo_isolated,1,21989_a0b5037d,topo_connected,1.0,False
20849_9821b6fe,topo_isolated,2,23363_60e39812,topo_complex,1.0,False
20849_9821b6fe,topo_isolated,3,23409_e27e3b8b,topo_isolated,1.0,True
20849_9821b6fe,topo_isolated,4,20229_d1ae2ae3,topo_connected,1.0,False
20849_9821b6fe,topo_isolated,5,20899_a8d7c6d5,topo_complex,1.0,False
20849_9821b6fe,topo_isolated,6,21529_93e51dd9,topo_connected,1.0,False
20849_9821b6fe,topo_isolated,7,22059_b7d76712,topo_connected,1.0,False
20849_9821b6fe,topo_isolated,8,20858_15bdad00,topo_complex,1.0,False
20849_9821b6fe,topo_isolated,9,23434_6635ed57,topo_connected,1.0,False
20849_9821b6fe,topo_isolated,10,20892_b1f89c8d,topo_minimal,1.0,False
22469_9d87f800,topo_moderate,1,21989_a0b5037d,topo_connected,1.0,False
22469_9d87f800,topo_moderate,2,23363_60e39812,topo_complex,1.0,False
22469_9d87f800,topo_moderate,3,23409_e27e3b8b,topo_isolated,1.0,False
22469_9d87f800,topo_moderate,4,20229_d1ae2ae3,topo_connected,1.0,False
22469_9d87f800,topo_moderate,5,20899_a8d7c6d5,topo_complex,1.0,False
22469_9d87f800,topo_moderate,6,21529_93e51dd9,topo_connected,1.0,False
22469_9d87f800,topo_moderate,7,22059_b7d76712,topo_connected,1.0,False
22469_9d87f800,topo_moderate,8,20858_15bdad00,topo_complex,1.0,False
22469_9d87f800,topo_moderate,9,23434_6635ed57,topo_connected,1.0,False
22469_9d87f800,topo_moderate,10,20892_b1f89c8d,topo_minimal,1.0,False
23435_e1c96b4d,topo_moderate,1,20801_0796e2ee,topo_isolated,1.0,False
23435_e1c96b4d,topo_moderate,2,22378_234fea2c,topo_moderate,1.0,True
23435_e1c96b4d,topo_moderate,3,20672_0bc07cce,topo_minimal,1.0,False
23435_e1c96b4d,topo_moderate,4,21616_c6c3347a,topo_isolated,1.0,False
23435_e1c96b4d,topo_moderate,5,23439_18900af2,topo_minimal,1.0,False
23435_e1c96b4d,topo_moderate,6,23006_92c5b990,topo_moderate,1.0,True
23435_e1c96b4d,topo_moderate,7,22053_de30641b,topo_minimal,1.0,False
23435_e1c96b4d,topo_moderate,8,20259_de1ab632,topo_minimal,1.0,False
23435_e1c96b4d,topo_moderate,9,22891_b8c84495,topo_moderate,1.0,True
23435_e1c96b4d,topo_moderate,10,20467_f1fcc009,topo_isolated,1.0,False
23043_c0827516,topo_moderate,1,21989_a0b5037d,topo_connected,1.0,False
23043_c0827516,topo_moderate,2,23363_60e39812,topo_complex,1.0,False
23043_c0827516,topo_moderate,3,23409_e27e3b8b,topo_isolated,1.0,False
23043_c0827516,topo_moderate,4,20229_d1ae2ae3,topo_connected,1.0,False
23043_c0827516,topo_moderate,5,20899_a8d7c6d5,topo_complex,1.0,False
23043_c0827516,topo_moderate,6,21529_93e51dd9,topo_connected,1.0,False
23043_c0827516,topo_moderate,7,22059_b7d76712,topo_connected,1.0,False
23043_c0827516,topo_moderate,8,20858_15bdad00,topo_complex,1.0,False
23043_c0827516,topo_moderate,9,23434_6635ed57,topo_connected,1.0,False
23043_c0827516,topo_moderate,10,20892_b1f89c8d,topo_minimal,1.0,False
23154_7c74d190,topo_connected,1,22421_19401bdd,topo_complex,1.0,False
23154_7c74d190,topo_connected,2,22028_776fbf0d,topo_complex,1.0,False
23154_7c74d190,topo_connected,3,23217_7c6062e3,topo_connected,1.0,True
23154_7c74d190,topo_connected,4,21134_7aa7cd89,topo_complex,1.0,False
23154_7c74d190,topo_connected,5,22419_dfeb5d33,topo_complex,1.0,False
23154_7c74d190,topo_connected,6,21839_a8eb6d34,topo_isolated,1.0,False
23154_7c74d190,topo_connected,7,23258_87a2ba81,topo_complex,1.0,False
23154_7c74d190,topo_connected,8,21316_69ed56f5,topo_complex,1.0,False
23154_7c74d190,topo_connected,9,21697_06656699,topo_connected,1.0,True
23154_7c74d190,topo_connected,10,21845_dff8b3a1,topo_complex,1.0,False
20387_0d507234,topo_isolated,1,21989_a0b5037d,topo_connected,1.0,False
20387_0d507234,topo_isolated,2,23363_60e39812,topo_complex,1.0,False
20387_0d507234,topo_isolated,3,23409_e27e3b8b,topo_isolated,1.0,True
20387_0d507234,topo_isolated,4,20229_d1ae2ae3,topo_connected,1.0,False
20387_0d507234,topo_isolated,5,20899_a8d7c6d5,topo_complex,1.0,False
20387_0d507234,topo_isolated,6,21529_93e51dd9,topo_connected,1.0,False
20387_0d507234,topo_isolated,7,22059_b7d76712,topo_connected,1.0,False
20387_0d507234,topo_isolated,8,20858_15bdad00,topo_complex,1.0,False
20387_0d507234,topo_isolated,9,23434_6635ed57,topo_connected,1.0,False
20387_0d507234,topo_isolated,10,20892_b1f89c8d,topo_minimal,1.0,False
22862_f5406bb0,topo_isolated,1,20801_0796e2ee,topo_isolated,1.0,True
22862_f5406bb0,topo_isolated,2,22378_234fea2c,topo_moderate,1.0,False
22862_f5406bb0,topo_isolated,3,21616_c6c3347a,topo_isolated,1.0,True
22862_f5406bb0,topo_isolated,4,23439_18900af2,topo_minimal,1.0,False
22862_f5406bb0,topo_isolated,5,23006_92c5b990,topo_moderate,1.0,False
22862_f5406bb0,topo_isolated,6,23435_e1c96b4d,topo_moderate,1.0,False
22862_f5406bb0,topo_isolated,7,22053_de30641b,topo_minimal,1.0,False
22862_f5406bb0,topo_isolated,8,20259_de1ab632,topo_minimal,1.0,False
22862_f5406bb0,topo_isolated,9,22891_b8c84495,topo_moderate,1.0,False
22862_f5406bb0,topo_isolated,10,20467_f1fcc009,topo_isolated,1.0,True
22890_4ecfa491,topo_connected,1,21700_28d193ac,topo_complex,1.0,False
22890_4ecfa491,topo_connected,2,23144_88ca00a5,topo_connected,1.0,True
22890_4ecfa491,topo_connected,3,21425_d0d47a2a,topo_complex,1.0,False
22890_4ecfa491,topo_connected,4,23123_f35404c4,topo_complex,1.0,False
22890_4ecfa491,topo_connected,5,21545_4384f96e,topo_moderate,1.0,False
22890_4ecfa491,topo_connected,6,21582_a3d32115,topo_moderate,1.0,False
22890_4ecfa491,topo_connected,7,21580_b8b2571b,topo_connected,1.0,True
22890_4ecfa491,topo_connected,8,23002_4d53fb3f,topo_moderate,1.0,False
22890_4ecfa491,topo_connected,9,21926_b4c7068b,topo_complex,1.0,False
22890_4ecfa491,topo_connected,10,20636_ca9eb29a,topo_connected,1.0,True
21625_d5d4c9a7,topo_moderate,1,20157_db99ab88,topo_moderate,1.0,True
21625_d5d4c9a7,topo_moderate,2,23152_6f2706c9,topo_moderate,1.0,True
21625_d5d4c9a7,topo_moderate,3,22218_2f85f6ae,topo_connected,1.0,False
21625_d5d4c9a7,topo_moderate,4,23238_3c864758,topo_moderate,1.0,True
21625_d5d4c9a7,topo_moderate,5,22681_124bf3a9,topo_moderate,1.0,True
21625_d5d4c9a7,topo_moderate,6,23034_b38134ee,topo_connected,1.0,False
21625_d5d4c9a7,topo_moderate,7,20504_c9e14c9d,topo_connected,1.0,False
21625_d5d4c9a7,topo_moderate,8,22061_b50b6b66,topo_isolated,1.0,False
21625_d5d4c9a7,topo_moderate,9,21715_53df62c9,topo_minimal,1.0,False
21625_d5d4c9a7,topo_moderate,10,21884_cc2c39f9,topo_moderate,1.0,True
22216_4b032400,topo_minimal,1,22654_4c426b0f,topo_moderate,1.0,False
22216_4b032400,topo_minimal,2,7780_6c885e81,topo_complex,1.0,False
22216_4b032400,topo_minimal,3,23320_e0711ae9,topo_connected,1.0,False
22216_4b032400,topo_minimal,4,21478_8fbd4409,topo_moderate,1.0,False
22216_4b032400,topo_minimal,5,23178_eb4b4280,topo_minimal,1.0,True
22216_4b032400,topo_minimal,6,20682_e208cc63,topo_isolated,1.0,False
22216_4b032400,topo_minimal,7,22762_dcbdd14d,topo_minimal,1.0,True
22216_4b032400,topo_minimal,8,21037_62248d34,topo_minimal,1.0,True
22216_4b032400,topo_minimal,9,21271_ec7f62b8,topo_connected,1.0,False
22216_4b032400,topo_minimal,10,22049_4da0d894,topo_connected,1.0,False
21564_fa5b2db7,topo_isolated,1,21448_5646a1b6,topo_minimal,1.0,False
21564_fa5b2db7,topo_isolated,2,20807_88c198d5,topo_isolated,1.0,True
21564_fa5b2db7,topo_isolated,3,22136_a539c50b,topo_isolated,1.0,True
21564_fa5b2db7,topo_isolated,4,20758_cdccf572,topo_moderate,1.0,False
21564_fa5b2db7,topo_isolated,5,22283_36ba29c9,topo_minimal,1.0,False
21564_fa5b2db7,topo_isolated,6,21257_770fee9a,topo_isolated,1.0,True
21564_fa5b2db7,topo_isolated,7,22154_24342da4,topo_isolated,1.0,True
21564_fa5b2db7,topo_isolated,8,20731_fbdc7731,topo_moderate,1.0,False
21564_fa5b2db7,topo_isolated,9,21384_b9774b93,topo_moderate,1.0,False
21564_fa5b2db7,topo_isolated,10,23103_43bde2a6,topo_minimal,1.0,False
21918_976c2754,topo_complex,1,21700_28d193ac,topo_complex,1.0,True
21918_976c2754,topo_complex,2,23144_88ca00a5,topo_connected,1.0,False
21918_976c2754,topo_complex,3,21425_d0d47a2a,topo_complex,1.0,True
21918_976c2754,topo_complex,4,23123_f35404c4,topo_complex,1.0,True
21918_976c2754,topo_complex,5,21545_4384f96e,topo_moderate,1.0,False
21918_976c2754,topo_complex,6,21582_a3d32115,topo_moderate,1.0,False
21918_976c2754,topo_complex,7,21580_b8b2571b,topo_connected,1.0,False
21918_976c2754,topo_complex,8,23002_4d53fb3f,topo_moderate,1.0,False
21918_976c2754,topo_complex,9,21926_b4c7068b,topo_complex,1.0,True
21918_976c2754,topo_complex,10,20636_ca9eb29a,topo_connected,1.0,False
21615_f2ecc6e8,topo_isolated,1,20801_0796e2ee,topo_isolated,1.0,True
21615_f2ecc6e8,topo_isolated,2,22378_234fea2c,topo_moderate,1.0,False
21615_f2ecc6e8,topo_isolated,3,21616_c6c3347a,topo_isolated,1.0,True
21615_f2ecc6e8,topo_isolated,4,23439_18900af2,topo_minimal,1.0,False
21615_f2ecc6e8,topo_isolated,5,23006_92c5b990,topo_moderate,1.0,False
21615_f2ecc6e8,topo_isolated,6,23435_e1c96b4d,topo_moderate,1.0,False
21615_f2ecc6e8,topo_isolated,7,22053_de30641b,topo_minimal,1.0,False
21615_f2ecc6e8,topo_isolated,8,20259_de1ab632,topo_minimal,1.0,False
21615_f2ecc6e8,topo_isolated,9,22891_b8c84495,topo_moderate,1.0,False
21615_f2ecc6e8,topo_isolated,10,20467_f1fcc009,topo_isolated,1.0,True
23164_659c91ef,topo_connected,1,20801_0796e2ee,topo_isolated,1.0,False
23164_659c91ef,topo_connected,2,22378_234fea2c,topo_moderate,1.0,False
23164_659c91ef,topo_connected,3,21616_c6c3347a,topo_isolated,1.0,False
23164_659c91ef,topo_connected,4,23439_18900af2,topo_minimal,1.0,False
23164_659c91ef,topo_connected,5,23006_92c5b990,topo_moderate,1.0,False
23164_659c91ef,topo_connected,6,23435_e1c96b4d,topo_moderate,1.0,False
23164_659c91ef,topo_connected,7,22053_de30641b,topo_minimal,1.0,False
23164_659c91ef,topo_connected,8,20259_de1ab632,topo_minimal,1.0,False
23164_659c91ef,topo_connected,9,22891_b8c84495,topo_moderate,1.0,False
23164_659c91ef,topo_connected,10,20467_f1fcc009,topo_isolated,1.0,False
21271_ec7f62b8,topo_connected,1,22654_4c426b0f,topo_moderate,1.0,False
21271_ec7f62b8,topo_connected,2,7780_6c885e81,topo_complex,1.0,False
21271_ec7f62b8,topo_connected,3,23320_e0711ae9,topo_connected,1.0,True
21271_ec7f62b8,topo_connected,4,21478_8fbd4409,topo_moderate,1.0,False
21271_ec7f62b8,topo_connected,5,23178_eb4b4280,topo_minimal,1.0,False
21271_ec7f62b8,topo_connected,6,20682_e208cc63,topo_isolated,1.0,False
21271_ec7f62b8,topo_connected,7,22762_dcbdd14d,topo_minimal,1.0,False
21271_ec7f62b8,topo_connected,8,21037_62248d34,topo_minimal,1.0,False
21271_ec7f62b8,topo_connected,9,21840_6847d36c,topo_isolated,1.0,False
21271_ec7f62b8,topo_connected,10,22049_4da0d894,topo_connected,1.0,True
22746_920025a0,topo_moderate,1,20801_0796e2ee,topo_isolated,1.0,False
22746_920025a0,topo_moderate,2,22378_234fea2c,topo_moderate,1.0,True
22746_920025a0,topo_moderate,3,21616_c6c3347a,topo_isolated,1.0,False
22746_920025a0,topo_moderate,4,23439_18900af2,topo_minimal,1.0,False
22746_920025a0,topo_moderate,5,23006_92c5b990,topo_moderate,1.0,True
22746_920025a0,topo_moderate,6,23435_e1c96b4d,topo_moderate,1.0,True
22746_920025a0,topo_moderate,7,22053_de30641b,topo_minimal,1.0,False
22746_920025a0,topo_moderate,8,20259_de1ab632,topo_minimal,1.0,False
22746_920025a0,topo_moderate,9,22891_b8c84495,topo_moderate,1.0,True
22746_920025a0,topo_moderate,10,20467_f1fcc009,topo_isolated,1.0,False
20429_9dd95c38,topo_isolated,1,21448_5646a1b6,topo_minimal,1.0,False
20429_9dd95c38,topo_isolated,2,20807_88c198d5,topo_isolated,1.0,True
20429_9dd95c38,topo_isolated,3,22136_a539c50b,topo_isolated,1.0,True
20429_9dd95c38,topo_isolated,4,20758_cdccf572,topo_moderate,1.0,False
20429_9dd95c38,topo_isolated,5,22283_36ba29c9,topo_minimal,1.0,False
20429_9dd95c38,topo_isolated,6,21257_770fee9a,topo_isolated,1.0,True
20429_9dd95c38,topo_isolated,7,22154_24342da4,topo_isolated,1.0,True
20429_9dd95c38,topo_isolated,8,20731_fbdc7731,topo_moderate,1.0,False
20429_9dd95c38,topo_isolated,9,21384_b9774b93,topo_moderate,1.0,False
20429_9dd95c38,topo_isolated,10,23103_43bde2a6,topo_minimal,1.0,False
20806_ca60b7ae,topo_minimal,1,21448_5646a1b6,topo_minimal,1.0,True
20806_ca60b7ae,topo_minimal,2,20807_88c198d5,topo_isolated,1.0,False
20806_ca60b7ae,topo_minimal,3,22136_a539c50b,topo_isolated,1.0,False
20806_ca60b7ae,topo_minimal,4,20758_cdccf572,topo_moderate,1.0,False
20806_ca60b7ae,topo_minimal,5,22283_36ba29c9,topo_minimal,1.0,True
20806_ca60b7ae,topo_minimal,6,21257_770fee9a,topo_isolated,1.0,False
20806_ca60b7ae,topo_minimal,7,22154_24342da4,topo_isolated,1.0,False
20806_ca60b7ae,topo_minimal,8,20731_fbdc7731,topo_moderate,1.0,False
20806_ca60b7ae,topo_minimal,9,21384_b9774b93,topo_moderate,1.0,False
20806_ca60b7ae,topo_minimal,10,23103_43bde2a6,topo_minimal,1.0,True
23178_eb4b4280,topo_minimal,1,22654_4c426b0f,topo_moderate,1.0,False
23178_eb4b4280,topo_minimal,2,21840_6847d36c,topo_isolated,1.0,False
23178_eb4b4280,topo_minimal,3,23320_e0711ae9,topo_connected,1.0,False
23178_eb4b4280,topo_minimal,4,21478_8fbd4409,topo_moderate,1.0,False
23178_eb4b4280,topo_minimal,5,20682_e208cc63,topo_isolated,1.0,False
23178_eb4b4280,topo_minimal,6,22762_dcbdd14d,topo_minimal,1.0,True
23178_eb4b4280,topo_minimal,7,7780_6c885e81,topo_complex,1.0,False
23178_eb4b4280,topo_minimal,8,21037_62248d34,topo_minimal,1.0,True
23178_eb4b4280,topo_minimal,9,21271_ec7f62b8,topo_connected,1.0,False
23178_eb4b4280,topo_minimal,10,22049_4da0d894,topo_connected,1.0,False
21478_8fbd4409,topo_moderate,1,22654_4c426b0f,topo_moderate,1.0,True
21478_8fbd4409,topo_moderate,2,21840_6847d36c,topo_isolated,1.0,False
21478_8fbd4409,topo_moderate,3,23320_e0711ae9,topo_connected,1.0,False
21478_8fbd4409,topo_moderate,4,23178_eb4b4280,topo_minimal,1.0,False
21478_8fbd4409,topo_moderate,5,20682_e208cc63,topo_isolated,1.0,False
21478_8fbd4409,topo_moderate,6,22762_dcbdd14d,topo_minimal,1.0,False
21478_8fbd4409,topo_moderate,7,7780_6c885e81,topo_complex,1.0,False
21478_8fbd4409,topo_moderate,8,21037_62248d34,topo_minimal,1.0,False
21478_8fbd4409,topo_moderate,9,21271_ec7f62b8,topo_connected,1.0,False
21478_8fbd4409,topo_moderate,10,22049_4da0d894,topo_connected,1.0,False
23511_8651ac1f,topo_connected,1,22421_19401bdd,topo_complex,1.0,False
23511_8651ac1f,topo_connected,2,22028_776fbf0d,topo_complex,1.0,False
23511_8651ac1f,topo_connected,3,23217_7c6062e3,topo_connected,1.0,True
23511_8651ac1f,topo_connected,4,21134_7aa7cd89,topo_complex,1.0,False
23511_8651ac1f,topo_connected,5,22419_dfeb5d33,topo_complex,1.0,False
23511_8651ac1f,topo_connected,6,21839_a8eb6d34,topo_isolated,1.0,False
23511_8651ac1f,topo_connected,7,23258_87a2ba81,topo_complex,1.0,False
23511_8651ac1f,topo_connected,8,21316_69ed56f5,topo_complex,1.0,False
23511_8651ac1f,topo_connected,9,21697_06656699,topo_connected,1.0,True
23511_8651ac1f,topo_connected,10,21845_dff8b3a1,topo_complex,1.0,False
22372_e91792a1,topo_connected,1,21989_a0b5037d,topo_connected,1.0,True
22372_e91792a1,topo_connected,2,21563_c72d37a2,topo_moderate,1.0,False
22372_e91792a1,topo_connected,3,22066_308cdcfe,topo_connected,1.0,True
22372_e91792a1,topo_connected,4,23409_e27e3b8b,topo_isolated,1.0,False
22372_e91792a1,topo_connected,5,20229_d1ae2ae3,topo_connected,1.0,True
22372_e91792a1,topo_connected,6,20899_a8d7c6d5,topo_complex,1.0,False
22372_e91792a1,topo_connected,7,21529_93e51dd9,topo_connected,1.0,True
22372_e91792a1,topo_connected,8,22059_b7d76712,topo_connected,1.0,True
22372_e91792a1,topo_connected,9,20858_15bdad00,topo_complex,1.0,False
22372_e91792a1,topo_connected,10,23434_6635ed57,topo_connected,1.0,True
21634_e5e20375,topo_moderate,1,23096_7da0f913,topo_moderate,1.0,True
21634_e5e20375,topo_moderate,2,20958_94222947,topo_minimal,1.0,False
21634_e5e20375,topo_moderate,3,20385_f2d30908,topo_minimal,1.0,False
21634_e5e20375,topo_moderate,4,20341_6a1588fb,topo_minimal,1.0,False
21634_e5e20375,topo_moderate,5,21533_8837772a,topo_moderate,1.0,True
21634_e5e20375,topo_moderate,6,20671_33532794,topo_minimal,1.0,False
21634_e5e20375,topo_moderate,7,22732_cd2af0ac,topo_isolated,1.0,False
21634_e5e20375,topo_moderate,8,22064_e1ba20dd,topo_moderate,0.75,True
21634_e5e20375,topo_moderate,9,21184_971559b6,topo_connected,0.75,False
21634_e5e20375,topo_moderate,10,22378_234fea2c,topo_moderate,0.75,True
22430_c6f08b03,topo_complex,1,21700_28d193ac,topo_complex,1.0,True
22430_c6f08b03,topo_complex,2,23144_88ca00a5,topo_connected,1.0,False
22430_c6f08b03,topo_complex,3,21425_d0d47a2a,topo_complex,1.0,True
22430_c6f08b03,topo_complex,4,23123_f35404c4,topo_complex,1.0,True
22430_c6f08b03,topo_complex,5,21545_4384f96e,topo_moderate,1.0,False
22430_c6f08b03,topo_complex,6,21582_a3d32115,topo_moderate,1.0,False
22430_c6f08b03,topo_complex,7,21580_b8b2571b,topo_connected,1.0,False
22430_c6f08b03,topo_complex,8,23002_4d53fb3f,topo_moderate,1.0,False
22430_c6f08b03,topo_complex,9,21926_b4c7068b,topo_complex,1.0,True
22430_c6f08b03,topo_complex,10,20636_ca9eb29a,topo_connected,1.0,False
22461_0ba0e480,topo_connected,1,21989_a0b5037d,topo_connected,1.0,True
22461_0ba0e480,topo_connected,2,21563_c72d37a2,topo_moderate,1.0,False
22461_0ba0e480,topo_connected,3,22066_308cdcfe,topo_connected,1.0,True
22461_0ba0e480,topo_connected,4,23409_e27e3b8b,topo_isolated,1.0,False
22461_0ba0e480,topo_connected,5,20229_d1ae2ae3,topo_connected,1.0,True
22461_0ba0e480,topo_connected,6,20899_a8d7c6d5,topo_complex,1.0,False
22461_0ba0e480,topo_connected,7,21529_93e51dd9,topo_connected,1.0,True
22461_0ba0e480,topo_connected,8,22059_b7d76712,topo_connected,1.0,True
22461_0ba0e480,topo_connected,9,20858_15bdad00,topo_complex,1.0,False
22461_0ba0e480,topo_connected,10,23434_6635ed57,topo_connected,1.0,True
23305_2662b29a,topo_minimal,1,21989_a0b5037d,topo_connected,1.0,False
23305_2662b29a,topo_minimal,2,21563_c72d37a2,topo_moderate,1.0,False
23305_2662b29a,topo_minimal,3,22066_308cdcfe,topo_connected,1.0,False
23305_2662b29a,topo_minimal,4,23409_e27e3b8b,topo_isolated,1.0,False
23305_2662b29a,topo_minimal,5,20229_d1ae2ae3,topo_connected,1.0,False
23305_2662b29a,topo_minimal,6,20899_a8d7c6d5,topo_complex,1.0,False
23305_2662b29a,topo_minimal,7,21529_93e51dd9,topo_connected,1.0,False
23305_2662b29a,topo_minimal,8,22059_b7d76712,topo_connected,1.0,False
23305_2662b29a,topo_minimal,9,20858_15bdad00,topo_complex,1.0,False
23305_2662b29a,topo_minimal,10,23434_6635ed57,topo_connected,1.0,False
23163_7b143a6f,topo_moderate,1,20801_0796e2ee,topo_isolated,1.0,False
23163_7b143a6f,topo_moderate,2,22378_234fea2c,topo_moderate,1.0,True
23163_7b143a6f,topo_moderate,3,21616_c6c3347a,topo_isolated,1.0,False
23163_7b143a6f,topo_moderate,4,23439_18900af2,topo_minimal,1.0,False
23163_7b143a6f,topo_moderate,5,23006_92c5b990,topo_moderate,1.0,True
23163_7b143a6f,topo_moderate,6,23435_e1c96b4d,topo_moderate,1.0,True
23163_7b143a6f,topo_moderate,7,22053_de30641b,topo_minimal,1.0,False
23163_7b143a6f,topo_moderate,8,20259_de1ab632,topo_minimal,1.0,False
23163_7b143a6f,topo_moderate,9,22891_b8c84495,topo_moderate,1.0,True
23163_7b143a6f,topo_moderate,10,20467_f1fcc009,topo_isolated,1.0,False
20970_d20c6c35,topo_connected,1,21176_b5c72bfb,topo_moderate,1.0,False
20970_d20c6c35,topo_connected,2,20926_4c0f33f6,topo_minimal,1.0,False
20970_d20c6c35,topo_connected,3,22399_97987ada,topo_isolated,0.75,False
20970_d20c6c35,topo_connected,4,22886_a6331748,topo_minimal,0.75,False
20970_d20c6c35,topo_connected,5,21478_8fbd4409,topo_moderate,0.75,False
20970_d20c6c35,topo_connected,6,23320_e0711ae9,topo_connected,0.75,True
20970_d20c6c35,topo_connected,7,21828_21ab2114,topo_isolated,0.75,False
20970_d20c6c35,topo_connected,8,20585_09b72895,topo_moderate,0.75,False
20970_d20c6c35,topo_connected,9,22414_14ead4a3,topo_complex,0.75,False
20970_d20c6c35,topo_connected,10,20225_4ce6d59b,topo_isolated,0.75,False
23218_02d26ab4,topo_moderate,1,23210_f535bfd2,topo_moderate,1.0,True
23218_02d26ab4,topo_moderate,2,23244_34b5f55e,topo_connected,1.0,False
23218_02d26ab4,topo_moderate,3,23236_d5867507,topo_connected,1.0,False
23218_02d26ab4,topo_moderate,4,23219_40625e2c,topo_moderate,1.0,True
23218_02d26ab4,topo_moderate,5,23209_1592b0a4,topo_moderate,1.0,True
23218_02d26ab4,topo_moderate,6,23211_3aac9c7e,topo_connected,1.0,False
23218_02d26ab4,topo_moderate,7,20741_c337946f,topo_minimal,0.75,False
23218_02d26ab4,topo_moderate,8,22891_b8c84495,topo_moderate,0.75,True
23218_02d26ab4,topo_moderate,9,20547_ec8cfd0d,topo_isolated,0.75,False
23218_02d26ab4,topo_moderate,10,23199_75dc1efd,topo_minimal,0.75,False
22987_37973191,topo_complex,1,21989_a0b5037d,topo_connected,1.0,False
22987_37973191,topo_complex,2,21563_c72d37a2,topo_moderate,1.0,False
22987_37973191,topo_complex,3,22066_308cdcfe,topo_connected,1.0,False
22987_37973191,topo_complex,4,23409_e27e3b8b,topo_isolated,1.0,False
22987_37973191,topo_complex,5,20229_d1ae2ae3,topo_connected,1.0,False
22987_37973191,topo_complex,6,20899_a8d7c6d5,topo_complex,1.0,True
22987_37973191,topo_complex,7,21529_93e51dd9,topo_connected,1.0,False
22987_37973191,topo_complex,8,22059_b7d76712,topo_connected,1.0,False
22987_37973191,topo_complex,9,20858_15bdad00,topo_complex,1.0,True
22987_37973191,topo_complex,10,23434_6635ed57,topo_connected,1.0,False
22147_12995368,topo_moderate,1,21448_5646a1b6,topo_minimal,1.0,False
22147_12995368,topo_moderate,2,20807_88c198d5,topo_isolated,1.0,False
22147_12995368,topo_moderate,3,22136_a539c50b,topo_isolated,1.0,False
22147_12995368,topo_moderate,4,20758_cdccf572,topo_moderate,1.0,True
22147_12995368,topo_moderate,5,22283_36ba29c9,topo_minimal,1.0,False
22147_12995368,topo_moderate,6,21257_770fee9a,topo_isolated,1.0,False
22147_12995368,topo_moderate,7,22154_24342da4,topo_isolated,1.0,False
22147_12995368,topo_moderate,8,20731_fbdc7731,topo_moderate,1.0,True
22147_12995368,topo_moderate,9,21384_b9774b93,topo_moderate,1.0,True
22147_12995368,topo_moderate,10,23103_43bde2a6,topo_minimal,1.0,False
21552_4e9c19b1,topo_moderate,1,21989_a0b5037d,topo_connected,1.0,False
21552_4e9c19b1,topo_moderate,2,21563_c72d37a2,topo_moderate,1.0,True
21552_4e9c19b1,topo_moderate,3,22066_308cdcfe,topo_connected,1.0,False
21552_4e9c19b1,topo_moderate,4,23409_e27e3b8b,topo_isolated,1.0,False
21552_4e9c19b1,topo_moderate,5,20229_d1ae2ae3,topo_connected,1.0,False
21552_4e9c19b1,topo_moderate,6,20899_a8d7c6d5,topo_complex,1.0,False
21552_4e9c19b1,topo_moderate,7,21529_93e51dd9,topo_connected,1.0,False
21552_4e9c19b1,topo_moderate,8,22059_b7d76712,topo_connected,1.0,False
21552_4e9c19b1,topo_moderate,9,20858_15bdad00,topo_complex,1.0,False
21552_4e9c19b1,topo_moderate,10,23434_6635ed57,topo_connected,1.0,False
21582_a3d32115,topo_moderate,1,21700_28d193ac,topo_complex,1.0,False
21582_a3d32115,topo_moderate,2,23144_88ca00a5,topo_connected,1.0,False
21582_a3d32115,topo_moderate,3,21986_67c5509a,topo_complex,1.0,False
21582_a3d32115,topo_moderate,4,21425_d0d47a2a,topo_complex,1.0,False
21582_a3d32115,topo_moderate,5,23123_f35404c4,topo_complex,1.0,False
21582_a3d32115,topo_moderate,6,21545_4384f96e,topo_moderate,1.0,True
21582_a3d32115,topo_moderate,7,21580_b8b2571b,topo_connected,1.0,False
21582_a3d32115,topo_moderate,8,23002_4d53fb3f,topo_moderate,1.0,True
21582_a3d32115,topo_moderate,9,21926_b4c7068b,topo_complex,1.0,False
21582_a3d32115,topo_moderate,10,20636_ca9eb29a,topo_connected,1.0,False
21911_429c1a72,topo_isolated,1,20801_0796e2ee,topo_isolated,1.0,True
21911_429c1a72,topo_isolated,2,22378_234fea2c,topo_moderate,1.0,False
21911_429c1a72,topo_isolated,3,21616_c6c3347a,topo_isolated,1.0,True
21911_429c1a72,topo_isolated,4,23439_18900af2,topo_minimal,1.0,False
21911_429c1a72,topo_isolated,5,23006_92c5b990,topo_moderate,1.0,False
21911_429c1a72,topo_isolated,6,23435_e1c96b4d,topo_moderate,1.0,False
21911_429c1a72,topo_isolated,7,22053_de30641b,topo_minimal,1.0,False
21911_429c1a72,topo_isolated,8,20259_de1ab632,topo_minimal,1.0,False
21911_429c1a72,topo_isolated,9,22891_b8c84495,topo_moderate,1.0,False
21911_429c1a72,topo_isolated,10,20467_f1fcc009,topo_isolated,1.0,True
20657_913a7675,topo_connected,1,21989_a0b5037d,topo_connected,1.0,True
20657_913a7675,topo_connected,2,21563_c72d37a2,topo_moderate,1.0,False
20657_913a7675,topo_connected,3,22066_308cdcfe,topo_connected,1.0,True
20657_913a7675,topo_connected,4,23409_e27e3b8b,topo_isolated,1.0,False
20657_913a7675,topo_connected,5,20229_d1ae2ae3,topo_connected,1.0,True
20657_913a7675,topo_connected,6,20899_a8d7c6d5,topo_complex,1.0,False
20657_913a7675,topo_connected,7,21529_93e51dd9,topo_connected,1.0,True
20657_913a7675,topo_connected,8,22059_b7d76712,topo_connected,1.0,True
20657_913a7675,topo_connected,9,20858_15bdad00,topo_complex,1.0,False
20657_913a7675,topo_connected,10,23434_6635ed57,topo_connected,1.0,True
21926_b4c7068b,topo_complex,1,21700_28d193ac,topo_complex,1.0,True
21926_b4c7068b,topo_complex,2,23144_88ca00a5,topo_connected,1.0,False
21926_b4c7068b,topo_complex,3,21986_67c5509a,topo_complex,1.0,True
21926_b4c7068b,topo_complex,4,21425_d0d47a2a,topo_complex,1.0,True
21926_b4c7068b,topo_complex,5,23123_f35404c4,topo_complex,1.0,True
21926_b4c7068b,topo_complex,6,21545_4384f96e,topo_moderate,1.0,False
21926_b4c7068b,topo_complex,7,21582_a3d32115,topo_moderate,1.0,False
21926_b4c7068b,topo_complex,8,21580_b8b2571b,topo_connected,1.0,False
21926_b4c7068b,topo_complex,9,23002_4d53fb3f,topo_moderate,1.0,False
21926_b4c7068b,topo_complex,10,20636_ca9eb29a,topo_connected,1.0,False
22732_cd2af0ac,topo_isolated,1,20341_6a1588fb,topo_minimal,1.0,False
22732_cd2af0ac,topo_isolated,2,21634_e5e20375,topo_moderate,1.0,False
22732_cd2af0ac,topo_isolated,3,23096_7da0f913,topo_moderate,1.0,False
22732_cd2af0ac,topo_isolated,4,20958_94222947,topo_minimal,1.0,False
22732_cd2af0ac,topo_isolated,5,20385_f2d30908,topo_minimal,1.0,False
22732_cd2af0ac,topo_isolated,6,20671_33532794,topo_minimal,1.0,False
22732_cd2af0ac,topo_isolated,7,21533_8837772a,topo_moderate,1.0,False
22732_cd2af0ac,topo_isolated,8,22839_113f2990,topo_minimal,0.75,False
22732_cd2af0ac,topo_isolated,9,21184_971559b6,topo_connected,0.75,False
22732_cd2af0ac,topo_isolated,10,20804_0dcacc66,topo_minimal,0.75,False
21049_f644930a,topo_connected,1,21989_a0b5037d,topo_connected,1.0,True
21049_f644930a,topo_connected,2,21563_c72d37a2,topo_moderate,1.0,False
21049_f644930a,topo_connected,3,22066_308cdcfe,topo_connected,1.0,True
21049_f644930a,topo_connected,4,23409_e27e3b8b,topo_isolated,1.0,False
21049_f644930a,topo_connected,5,20229_d1ae2ae3,topo_connected,1.0,True
21049_f644930a,topo_connected,6,20899_a8d7c6d5,topo_complex,1.0,False
21049_f644930a,topo_connected,7,21529_93e51dd9,topo_connected,1.0,True
21049_f644930a,topo_connected,8,22059_b7d76712,topo_connected,1.0,True
21049_f644930a,topo_connected,9,20858_15bdad00,topo_complex,1.0,False
21049_f644930a,topo_connected,10,23434_6635ed57,topo_connected,1.0,True
22345_bc482c26,topo_isolated,1,21989_a0b5037d,topo_connected,1.0,False
22345_bc482c26,topo_isolated,2,21563_c72d37a2,topo_moderate,1.0,False
22345_bc482c26,topo_isolated,3,22066_308cdcfe,topo_connected,1.0,False
22345_bc482c26,topo_isolated,4,23409_e27e3b8b,topo_isolated,1.0,True
22345_bc482c26,topo_isolated,5,20229_d1ae2ae3,topo_connected,1.0,False
22345_bc482c26,topo_isolated,6,20899_a8d7c6d5,topo_complex,1.0,False
22345_bc482c26,topo_isolated,7,21529_93e51dd9,topo_connected,1.0,False
22345_bc482c26,topo_isolated,8,22059_b7d76712,topo_connected,1.0,False
22345_bc482c26,topo_isolated,9,20858_15bdad00,topo_complex,1.0,False
22345_bc482c26,topo_isolated,10,23434_6635ed57,topo_connected,1.0,False
21697_06656699,topo_connected,1,22421_19401bdd,topo_complex,1.0,False
21697_06656699,topo_connected,2,22028_776fbf0d,topo_complex,1.0,False
21697_06656699,topo_connected,3,23155_d7305c5f,topo_complex,1.0,False
21697_06656699,topo_connected,4,23217_7c6062e3,topo_connected,1.0,True
21697_06656699,topo_connected,5,21134_7aa7cd89,topo_complex,1.0,False
21697_06656699,topo_connected,6,22419_dfeb5d33,topo_complex,1.0,False
21697_06656699,topo_connected,7,21839_a8eb6d34,topo_isolated,1.0,False
21697_06656699,topo_connected,8,23258_87a2ba81,topo_complex,1.0,False
21697_06656699,topo_connected,9,21316_69ed56f5,topo_complex,1.0,False
21697_06656699,topo_connected,10,21845_dff8b3a1,topo_complex,1.0,False
20412_42170125,topo_moderate,1,20801_0796e2ee,topo_isolated,1.0,False
20412_42170125,topo_moderate,2,22378_234fea2c,topo_moderate,1.0,True
20412_42170125,topo_moderate,3,21616_c6c3347a,topo_isolated,1.0,False
20412_42170125,topo_moderate,4,23439_18900af2,topo_minimal,1.0,False
20412_42170125,topo_moderate,5,23006_92c5b990,topo_moderate,1.0,True
20412_42170125,topo_moderate,6,23435_e1c96b4d,topo_moderate,1.0,True
20412_42170125,topo_moderate,7,22053_de30641b,topo_minimal,1.0,False
20412_42170125,topo_moderate,8,20259_de1ab632,topo_minimal,1.0,False
20412_42170125,topo_moderate,9,22891_b8c84495,topo_moderate,1.0,True
20412_42170125,topo_moderate,10,20467_f1fcc009,topo_isolated,1.0,False
21845_dff8b3a1,topo_complex,1,22421_19401bdd,topo_complex,1.0,True
21845_dff8b3a1,topo_complex,2,22028_776fbf0d,topo_complex,1.0,True
21845_dff8b3a1,topo_complex,3,23155_d7305c5f,topo_complex,1.0,True
21845_dff8b3a1,topo_complex,4,23217_7c6062e3,topo_connected,1.0,False
21845_dff8b3a1,topo_complex,5,21134_7aa7cd89,topo_complex,1.0,True
21845_dff8b3a1,topo_complex,6,22419_dfeb5d33,topo_complex,1.0,True
21845_dff8b3a1,topo_complex,7,21839_a8eb6d34,topo_isolated,1.0,False
21845_dff8b3a1,topo_complex,8,23258_87a2ba81,topo_complex,1.0,True
21845_dff8b3a1,topo_complex,9,21697_06656699,topo_connected,1.0,False
21845_dff8b3a1,topo_complex,10,21316_69ed56f5,topo_complex,1.0,True
23083_fdb942ac,topo_connected,1,21700_28d193ac,topo_complex,1.0,False
23083_fdb942ac,topo_connected,2,23144_88ca00a5,topo_connected,1.0,True
23083_fdb942ac,topo_connected,3,21986_67c5509a,topo_complex,1.0,False
23083_fdb942ac,topo_connected,4,21425_d0d47a2a,topo_complex,1.0,False
23083_fdb942ac,topo_connected,5,23123_f35404c4,topo_complex,1.0,False
23083_fdb942ac,topo_connected,6,21545_4384f96e,topo_moderate,1.0,False
23083_fdb942ac,topo_connected,7,21582_a3d32115,topo_moderate,1.0,False
23083_fdb942ac,topo_connected,8,21580_b8b2571b,topo_connected,1.0,True
23083_fdb942ac,topo_connected,9,21926_b4c7068b,topo_complex,1.0,False
23083_fdb942ac,topo_connected,10,23002_4d53fb3f,topo_moderate,1.0,False
22050_e8702dd4,topo_connected,1,21467_67965037,topo_complex,1.0,False
22050_e8702dd4,topo_connected,2,20225_4ce6d59b,topo_isolated,1.0,False
22050_e8702dd4,topo_connected,3,22561_067b78ae,topo_moderate,1.0,False
22050_e8702dd4,topo_connected,4,21603_98a15295,topo_minimal,1.0,False
22050_e8702dd4,topo_connected,5,21037_62248d34,topo_minimal,0.75,False
22050_e8702dd4,topo_connected,6,23127_38d73061,topo_complex,0.75,False
22050_e8702dd4,topo_connected,7,20926_4c0f33f6,topo_minimal,0.75,False
22050_e8702dd4,topo_connected,8,20680_b095cb77,topo_minimal,0.75,False
22050_e8702dd4,topo_connected,9,21248_0a862e3e,topo_minimal,0.75,False
22050_e8702dd4,topo_connected,10,22365_a4eb929c,topo_moderate,0.75,False
21495_ebbbd369,topo_moderate,1,20801_0796e2ee,topo_isolated,1.0,False
21495_ebbbd369,topo_moderate,2,22378_234fea2c,topo_moderate,1.0,True
21495_ebbbd369,topo_moderate,3,21616_c6c3347a,topo_isolated,1.0,False
21495_ebbbd369,topo_moderate,4,23439_18900af2,topo_minimal,1.0,False
21495_ebbbd369,topo_moderate,5,23006_92c5b990,topo_moderate,1.0,True
21495_ebbbd369,topo_moderate,6,23435_e1c96b4d,topo_moderate,1.0,True
21495_ebbbd369,topo_moderate,7,22053_de30641b,topo_minimal,1.0,False
21495_ebbbd369,topo_moderate,8,20259_de1ab632,topo_minimal,1.0,False
21495_ebbbd369,topo_moderate,9,22891_b8c84495,topo_moderate,1.0,True
21495_ebbbd369,topo_moderate,10,20467_f1fcc009,topo_isolated,1.0,False
22140_9cda24cc,topo_minimal,1,21448_5646a1b6,topo_minimal,1.0,True
22140_9cda24cc,topo_minimal,2,20807_88c198d5,topo_isolated,1.0,False
22140_9cda24cc,topo_minimal,3,22136_a539c50b,topo_isolated,1.0,False
22140_9cda24cc,topo_minimal,4,20758_cdccf572,topo_moderate,1.0,False
22140_9cda24cc,topo_minimal,5,22283_36ba29c9,topo_minimal,1.0,True
22140_9cda24cc,topo_minimal,6,21257_770fee9a,topo_isolated,1.0,False
22140_9cda24cc,topo_minimal,7,22154_24342da4,topo_isolated,1.0,False
22140_9cda24cc,topo_minimal,8,20731_fbdc7731,topo_moderate,1.0,False
22140_9cda24cc,topo_minimal,9,21384_b9774b93,topo_moderate,1.0,False
22140_9cda24cc,topo_minimal,10,23103_43bde2a6,topo_minimal,1.0,True
23035_6087bb57,topo_connected,1,21989_a0b5037d,topo_connected,1.0,True
23035_6087bb57,topo_connected,2,21563_c72d37a2,topo_moderate,1.0,False
23035_6087bb57,topo_connected,3,22066_308cdcfe,topo_connected,1.0,True
23035_6087bb57,topo_connected,4,23409_e27e3b8b,topo_isolated,1.0,False
23035_6087bb57,topo_connected,5,20229_d1ae2ae3,topo_connected,1.0,True
23035_6087bb57,topo_connected,6,20899_a8d7c6d5,topo_complex,1.0,False
23035_6087bb57,topo_connected,7,21529_93e51dd9,topo_connected,1.0,True
23035_6087bb57,topo_connected,8,22059_b7d76712,topo_connected,1.0,True
23035_6087bb57,topo_connected,9,20858_15bdad00,topo_complex,1.0,False
23035_6087bb57,topo_connected,10,23434_6635ed57,topo_connected,1.0,True
21836_5bc91e49,topo_moderate,1,22654_4c426b0f,topo_moderate,1.0,True
21836_5bc91e49,topo_moderate,2,21840_6847d36c,topo_isolated,1.0,False
21836_5bc91e49,topo_moderate,3,21478_8fbd4409,topo_moderate,1.0,True
21836_5bc91e49,topo_moderate,4,23178_eb4b4280,topo_minimal,1.0,False
21836_5bc91e49,topo_moderate,5,20682_e208cc63,topo_isolated,1.0,False
21836_5bc91e49,topo_moderate,6,22762_dcbdd14d,topo_minimal,1.0,False
21836_5bc91e49,topo_moderate,7,7780_6c885e81,topo_complex,1.0,False
21836_5bc91e49,topo_moderate,8,21037_62248d34,topo_minimal,1.0,False
21836_5bc91e49,topo_moderate,9,21271_ec7f62b8,topo_connected,1.0,False
21836_5bc91e49,topo_moderate,10,22049_4da0d894,topo_connected,1.0,False
21539_cfe1f7fd,topo_connected,1,21989_a0b5037d,topo_connected,1.0,True
21539_cfe1f7fd,topo_connected,2,21563_c72d37a2,topo_moderate,1.0,False
21539_cfe1f7fd,topo_connected,3,22066_308cdcfe,topo_connected,1.0,True
21539_cfe1f7fd,topo_connected,4,23409_e27e3b8b,topo_isolated,1.0,False
21539_cfe1f7fd,topo_connected,5,20229_d1ae2ae3,topo_connected,1.0,True
21539_cfe1f7fd,topo_connected,6,20899_a8d7c6d5,topo_complex,1.0,False
21539_cfe1f7fd,topo_connected,7,21529_93e51dd9,topo_connected,1.0,True
21539_cfe1f7fd,topo_connected,8,22059_b7d76712,topo_connected,1.0,True
21539_cfe1f7fd,topo_connected,9,20858_15bdad00,topo_complex,1.0,False
21539_cfe1f7fd,topo_connected,10,23434_6635ed57,topo_connected,1.0,True
21626_b34008e6,topo_connected,1,21989_a0b5037d,topo_connected,1.0,True
21626_b34008e6,topo_connected,2,21563_c72d37a2,topo_moderate,1.0,False
21626_b34008e6,topo_connected,3,22066_308cdcfe,topo_connected,1.0,True
21626_b34008e6,topo_connected,4,23409_e27e3b8b,topo_isolated,1.0,False
21626_b34008e6,topo_connected,5,20229_d1ae2ae3,topo_connected,1.0,True
21626_b34008e6,topo_connected,6,20899_a8d7c6d5,topo_complex,1.0,False
21626_b34008e6,topo_connected,7,21529_93e51dd9,topo_connected,1.0,True
21626_b34008e6,topo_connected,8,22059_b7d76712,topo_connected,1.0,True
21626_b34008e6,topo_connected,9,20858_15bdad00,topo_complex,1.0,False
21626_b34008e6,topo_connected,10,23434_6635ed57,topo_connected,1.0,True
21862_ec534e16,topo_minimal,1,21448_5646a1b6,topo_minimal,1.0,True
21862_ec534e16,topo_minimal,2,20807_88c198d5,topo_isolated,1.0,False
21862_ec534e16,topo_minimal,3,22136_a539c50b,topo_isolated,1.0,False
21862_ec534e16,topo_minimal,4,20758_cdccf572,topo_moderate,1.0,False
21862_ec534e16,topo_minimal,5,22283_36ba29c9,topo_minimal,1.0,True
21862_ec534e16,topo_minimal,6,21257_770fee9a,topo_isolated,1.0,False
21862_ec534e16,topo_minimal,7,22154_24342da4,topo_isolated,1.0,False
21862_ec534e16,topo_minimal,8,20731_fbdc7731,topo_moderate,1.0,False
21862_ec534e16,topo_minimal,9,21384_b9774b93,topo_moderate,1.0,False
21862_ec534e16,topo_minimal,10,23103_43bde2a6,topo_minimal,1.0,True
21451_fea6f0d1,topo_isolated,1,20801_0796e2ee,topo_isolated,1.0,True
21451_fea6f0d1,topo_isolated,2,22378_234fea2c,topo_moderate,1.0,False
21451_fea6f0d1,topo_isolated,3,21616_c6c3347a,topo_isolated,1.0,True
21451_fea6f0d1,topo_isolated,4,23439_18900af2,topo_minimal,1.0,False
21451_fea6f0d1,topo_isolated,5,23006_92c5b990,topo_moderate,1.0,False
21451_fea6f0d1,topo_isolated,6,23435_e1c96b4d,topo_moderate,1.0,False
21451_fea6f0d1,topo_isolated,7,22053_de30641b,topo_minimal,1.0,False
21451_fea6f0d1,topo_isolated,8,20259_de1ab632,topo_minimal,1.0,False
21451_fea6f0d1,topo_isolated,9,22891_b8c84495,topo_moderate,1.0,False
21451_fea6f0d1,topo_isolated,10,20467_f1fcc009,topo_isolated,1.0,True
20431_27e7f151,topo_connected,1,21292_f94bd96b,topo_connected,1.0,True
20431_27e7f151,topo_connected,2,21028_d4d30a2e,topo_complex,1.0,False
20431_27e7f151,topo_connected,3,20789_1809f41f,topo_moderate,1.0,False
20431_27e7f151,topo_connected,4,23374_57cca189,topo_connected,1.0,True
20431_27e7f151,topo_connected,5,20511_e1b972aa,topo_moderate,0.75,False
20431_27e7f151,topo_connected,6,22418_2722dfe8,topo_connected,0.75,True
20431_27e7f151,topo_connected,7,23120_f7c9092f,topo_connected,0.75,True
20431_27e7f151,topo_connected,8,22072_5163223a,topo_moderate,0.75,False
20431_27e7f151,topo_connected,9,20722_90d46353,topo_minimal,0.75,False
20431_27e7f151,topo_connected,10,23213_3df3cb34,topo_complex,0.75,False
23493_57512264,topo_complex,1,21989_a0b5037d,topo_connected,1.0,False
23493_57512264,topo_complex,2,21563_c72d37a2,topo_moderate,1.0,False
23493_57512264,topo_complex,3,22066_308cdcfe,topo_connected,1.0,False
23493_57512264,topo_complex,4,23409_e27e3b8b,topo_isolated,1.0,False
23493_57512264,topo_complex,5,20229_d1ae2ae3,topo_connected,1.0,False
23493_57512264,topo_complex,6,20899_a8d7c6d5,topo_complex,1.0,True
23493_57512264,topo_complex,7,21529_93e51dd9,topo_connected,1.0,False
23493_57512264,topo_complex,8,22059_b7d76712,topo_connected,1.0,False
23493_57512264,topo_complex,9,20858_15bdad00,topo_complex,1.0,True
23493_57512264,topo_complex,10,23434_6635ed57,topo_connected,1.0,False
23170_6ea8ded5,topo_moderate,1,22654_4c426b0f,topo_moderate,1.0,True
23170_6ea8ded5,topo_moderate,2,21840_6847d36c,topo_isolated,1.0,False
23170_6ea8ded5,topo_moderate,3,21478_8fbd4409,topo_moderate,1.0,True
23170_6ea8ded5,topo_moderate,4,23178_eb4b4280,topo_minimal,1.0,False
23170_6ea8ded5,topo_moderate,5,20682_e208cc63,topo_isolated,1.0,False
23170_6ea8ded5,topo_moderate,6,22762_dcbdd14d,topo_minimal,1.0,False
23170_6ea8ded5,topo_moderate,7,7780_6c885e81,topo_complex,1.0,False
23170_6ea8ded5,topo_moderate,8,21037_62248d34,topo_minimal,1.0,False
23170_6ea8ded5,topo_moderate,9,21271_ec7f62b8,topo_connected,1.0,False
23170_6ea8ded5,topo_moderate,10,22049_4da0d894,topo_connected,1.0,False
22747_3f6faf4c,topo_connected,1,20801_0796e2ee,topo_isolated,1.0,False
22747_3f6faf4c,topo_connected,2,22378_234fea2c,topo_moderate,1.0,False
22747_3f6faf4c,topo_connected,3,21616_c6c3347a,topo_isolated,1.0,False
22747_3f6faf4c,topo_connected,4,23439_18900af2,topo_minimal,1.0,False
22747_3f6faf4c,topo_connected,5,23006_92c5b990,topo_moderate,1.0,False
22747_3f6faf4c,topo_connected,6,23435_e1c96b4d,topo_moderate,1.0,False
22747_3f6faf4c,topo_connected,7,22053_de30641b,topo_minimal,1.0,False
22747_3f6faf4c,topo_connected,8,20259_de1ab632,topo_minimal,1.0,False
22747_3f6faf4c,topo_connected,9,22891_b8c84495,topo_moderate,1.0,False
22747_3f6faf4c,topo_connected,10,20467_f1fcc009,topo_isolated,1.0,False
20925_dc64a33a,topo_moderate,1,21989_a0b5037d,topo_connected,1.0,False
20925_dc64a33a,topo_moderate,2,21563_c72d37a2,topo_moderate,1.0,True
20925_dc64a33a,topo_moderate,3,22066_308cdcfe,topo_connected,1.0,False
20925_dc64a33a,topo_moderate,4,23409_e27e3b8b,topo_isolated,1.0,False
20925_dc64a33a,topo_moderate,5,20229_d1ae2ae3,topo_connected,1.0,False
20925_dc64a33a,topo_moderate,6,20899_a8d7c6d5,topo_complex,1.0,False
20925_dc64a33a,topo_moderate,7,21529_93e51dd9,topo_connected,1.0,False
20925_dc64a33a,topo_moderate,8,22059_b7d76712,topo_connected,1.0,False
20925_dc64a33a,topo_moderate,9,20858_15bdad00,topo_complex,1.0,False
20925_dc64a33a,topo_moderate,10,23434_6635ed57,topo_connected,1.0,False
21603_98a15295,topo_minimal,1,21467_67965037,topo_complex,1.0,False
21603_98a15295,topo_minimal,2,22050_e8702dd4,topo_connected,1.0,False
21603_98a15295,topo_minimal,3,20225_4ce6d59b,topo_isolated,1.0,False
21603_98a15295,topo_minimal,4,22561_067b78ae,topo_moderate,1.0,False
21603_98a15295,topo_minimal,5,23102_211ad1db,topo_isolated,0.75,False
21603_98a15295,topo_minimal,6,20926_4c0f33f6,topo_minimal,0.75,True
21603_98a15295,topo_minimal,7,20680_b095cb77,topo_minimal,0.75,True
21603_98a15295,topo_minimal,8,21248_0a862e3e,topo_minimal,0.75,True
21603_98a15295,topo_minimal,9,22365_a4eb929c,topo_moderate,0.75,False
21603_98a15295,topo_minimal,10,20502_58b65de9,topo_connected,0.75,False
23417_9a9e9937,topo_connected,1,21989_a0b5037d,topo_connected,1.0,True
23417_9a9e9937,topo_connected,2,21563_c72d37a2,topo_moderate,1.0,False
23417_9a9e9937,topo_connected,3,22066_308cdcfe,topo_connected,1.0,True
23417_9a9e9937,topo_connected,4,23409_e27e3b8b,topo_isolated,1.0,False
23417_9a9e9937,topo_connected,5,20229_d1ae2ae3,topo_connected,1.0,True
23417_9a9e9937,topo_connected,6,20899_a8d7c6d5,topo_complex,1.0,False
23417_9a9e9937,topo_connected,7,21529_93e51dd9,topo_connected,1.0,True
23417_9a9e9937,topo_connected,8,22059_b7d76712,topo_connected,1.0,True
23417_9a9e9937,topo_connected,9,20858_15bdad00,topo_complex,1.0,False
23417_9a9e9937,topo_connected,10,23434_6635ed57,topo_connected,1.0,True
21797_69df08d5,topo_complex,1,21551_c6c2d516,topo_moderate,1.0,False
21797_69df08d5,topo_complex,2,20818_098cad7c,topo_complex,0.75,True
21797_69df08d5,topo_complex,3,23155_d7305c5f,topo_complex,0.75,True
21797_69df08d5,topo_complex,4,23511_8651ac1f,topo_connected,0.75,False
21797_69df08d5,topo_complex,5,23217_7c6062e3,topo_connected,0.75,False
21797_69df08d5,topo_complex,6,21134_7aa7cd89,topo_complex,0.75,True
21797_69df08d5,topo_complex,7,22419_dfeb5d33,topo_complex,0.75,True
21797_69df08d5,topo_complex,8,21839_a8eb6d34,topo_isolated,0.75,False
21797_69df08d5,topo_complex,9,23258_87a2ba81,topo_complex,0.75,True
21797_69df08d5,topo_complex,10,21316_69ed56f5,topo_complex,0.75,True
21991_ab98f156,topo_complex,1,21700_28d193ac,topo_complex,1.0,True
21991_ab98f156,topo_complex,2,21519_3e869afd,topo_moderate,1.0,False
21991_ab98f156,topo_complex,3,20246_40be7668,topo_moderate,1.0,False
21991_ab98f156,topo_complex,4,19566_19d85d3b,topo_complex,1.0,True
21991_ab98f156,topo_complex,5,21024_9be3d461,topo_moderate,1.0,False
21991_ab98f156,topo_complex,6,21352_d60bc953,topo_minimal,1.0,False
21991_ab98f156,topo_complex,7,22442_7d5c5d5f,topo_moderate,1.0,False
21991_ab98f156,topo_complex,8,21093_1bda9bbe,topo_isolated,1.0,False
21991_ab98f156,topo_complex,9,20544_43691724,topo_complex,1.0,True
21991_ab98f156,topo_complex,10,22491_a33562ad,topo_complex,1.0,True
23034_b38134ee,topo_connected,1,20157_db99ab88,topo_moderate,1.0,False
23034_b38134ee,topo_connected,2,22062_2d6b3b72,topo_minimal,1.0,False
23034_b38134ee,topo_connected,3,22218_2f85f6ae,topo_connected,1.0,True
23034_b38134ee,topo_connected,4,23238_3c864758,topo_moderate,1.0,False
23034_b38134ee,topo_connected,5,22681_124bf3a9,topo_moderate,1.0,False
23034_b38134ee,topo_connected,6,20504_c9e14c9d,topo_connected,1.0,True
23034_b38134ee,topo_connected,7,22061_b50b6b66,topo_isolated,1.0,False
23034_b38134ee,topo_connected,8,21715_53df62c9,topo_minimal,1.0,False
23034_b38134ee,topo_connected,9,23152_6f2706c9,topo_moderate,1.0,False
23034_b38134ee,topo_connected,10,21884_cc2c39f9,topo_moderate,1.0,False
21612_e2981dae,topo_isolated,1,20801_0796e2ee,topo_isolated,1.0,True
21612_e2981dae,topo_isolated,2,22378_234fea2c,topo_moderate,1.0,False
21612_e2981dae,topo_isolated,3,21616_c6c3347a,topo_isolated,1.0,True
21612_e2981dae,topo_isolated,4,23439_18900af2,topo_minimal,1.0,False
21612_e2981dae,topo_isolated,5,23006_92c5b990,topo_moderate,1.0,False
21612_e2981dae,topo_isolated,6,23435_e1c96b4d,topo_moderate,1.0,False
21612_e2981dae,topo_isolated,7,22053_de30641b,topo_minimal,1.0,False
21612_e2981dae,topo_isolated,8,20259_de1ab632,topo_minimal,1.0,False
21612_e2981dae,topo_isolated,9,22891_b8c84495,topo_moderate,1.0,False
21612_e2981dae,topo_isolated,10,20467_f1fcc009,topo_isolated,1.0,True
21785_d595ced5,topo_minimal,1,20340_86125547,topo_minimal,1.0,True
21785_d595ced5,topo_minimal,2,20188_98b86c0f,topo_moderate,1.0,False
21785_d595ced5,topo_minimal,3,22498_b8bdb105,topo_minimal,1.0,True
21785_d595ced5,topo_minimal,4,20586_cbec2689,topo_connected,1.0,False
21785_d595ced5,topo_minimal,5,20671_33532794,topo_minimal,0.75,True
21785_d595ced5,topo_minimal,6,20479_77930584,topo_isolated,0.75,False
21785_d595ced5,topo_minimal,7,22839_113f2990,topo_minimal,0.75,True
21785_d595ced5,topo_minimal,8,22053_de30641b,topo_minimal,0.75,True
21785_d595ced5,topo_minimal,9,22891_b8c84495,topo_moderate,0.75,False
21785_d595ced5,topo_minimal,10,21184_971559b6,topo_connected,0.75,False
21175_85118898,topo_moderate,1,20801_0796e2ee,topo_isolated,1.0,False
21175_85118898,topo_moderate,2,22378_234fea2c,topo_moderate,1.0,True
21175_85118898,topo_moderate,3,21616_c6c3347a,topo_isolated,1.0,False
21175_85118898,topo_moderate,4,23439_18900af2,topo_minimal,1.0,False
21175_85118898,topo_moderate,5,23006_92c5b990,topo_moderate,1.0,True
21175_85118898,topo_moderate,6,23435_e1c96b4d,topo_moderate,1.0,True
21175_85118898,topo_moderate,7,22053_de30641b,topo_minimal,1.0,False
21175_85118898,topo_moderate,8,20259_de1ab632,topo_minimal,1.0,False
21175_85118898,topo_moderate,9,22891_b8c84495,topo_moderate,1.0,True
21175_85118898,topo_moderate,10,20467_f1fcc009,topo_isolated,1.0,False
20163_3742f394,topo_connected,1,21989_a0b5037d,topo_connected,1.0,True
20163_3742f394,topo_connected,2,21563_c72d37a2,topo_moderate,1.0,False
20163_3742f394,topo_connected,3,22066_308cdcfe,topo_connected,1.0,True
20163_3742f394,topo_connected,4,23409_e27e3b8b,topo_isolated,1.0,False
20163_3742f394,topo_connected,5,20229_d1ae2ae3,topo_connected,1.0,True
20163_3742f394,topo_connected,6,20899_a8d7c6d5,topo_complex,1.0,False
20163_3742f394,topo_connected,7,21529_93e51dd9,topo_connected,1.0,True
20163_3742f394,topo_connected,8,22059_b7d76712,topo_connected,1.0,True
20163_3742f394,topo_connected,9,20858_15bdad00,topo_complex,1.0,False
20163_3742f394,topo_connected,10,23434_6635ed57,topo_connected,1.0,True
22002_315afcfc,topo_complex,1,21989_a0b5037d,topo_connected,1.0,False
22002_315afcfc,topo_complex,2,21563_c72d37a2,topo_moderate,1.0,False
22002_315afcfc,topo_complex,3,22066_308cdcfe,topo_connected,1.0,False
22002_315afcfc,topo_complex,4,23409_e27e3b8b,topo_isolated,1.0,False
22002_315afcfc,topo_complex,5,20229_d1ae2ae3,topo_connected,1.0,False
22002_315afcfc,topo_complex,6,20899_a8d7c6d5,topo_complex,1.0,True
22002_315afcfc,topo_complex,7,21529_93e51dd9,topo_connected,1.0,False
22002_315afcfc,topo_complex,8,22059_b7d76712,topo_connected,1.0,False
22002_315afcfc,topo_complex,9,20858_15bdad00,topo_complex,1.0,True
22002_315afcfc,topo_complex,10,23434_6635ed57,topo_connected,1.0,False
22162_439af02a,topo_isolated,1,21989_a0b5037d,topo_connected,1.0,False
22162_439af02a,topo_isolated,2,21563_c72d37a2,topo_moderate,1.0,False
22162_439af02a,topo_isolated,3,22066_308cdcfe,topo_connected,1.0,False
22162_439af02a,topo_isolated,4,23409_e27e3b8b,topo_isolated,1.0,True
22162_439af02a,topo_isolated,5,20229_d1ae2ae3,topo_connected,1.0,False
22162_439af02a,topo_isolated,6,20899_a8d7c6d5,topo_complex,1.0,False
22162_439af02a,topo_isolated,7,21529_93e51dd9,topo_connected,1.0,False
22162_439af02a,topo_isolated,8,22059_b7d76712,topo_connected,1.0,False
22162_439af02a,topo_isolated,9,20858_15bdad00,topo_complex,1.0,False
22162_439af02a,topo_isolated,10,23434_6635ed57,topo_connected,1.0,False
21656_964b0c84,topo_complex,1,21700_28d193ac,topo_complex,1.0,True
21656_964b0c84,topo_complex,2,21519_3e869afd,topo_moderate,1.0,False
21656_964b0c84,topo_complex,3,20246_40be7668,topo_moderate,1.0,False
21656_964b0c84,topo_complex,4,19566_19d85d3b,topo_complex,1.0,True
21656_964b0c84,topo_complex,5,21024_9be3d461,topo_moderate,1.0,False
21656_964b0c84,topo_complex,6,21352_d60bc953,topo_minimal,1.0,False
21656_964b0c84,topo_complex,7,22442_7d5c5d5f,topo_moderate,1.0,False
21656_964b0c84,topo_complex,8,21093_1bda9bbe,topo_isolated,1.0,False
21656_964b0c84,topo_complex,9,20544_43691724,topo_complex,1.0,True
21656_964b0c84,topo_complex,10,22491_a33562ad,topo_complex,1.0,True
23369_447545f6,topo_moderate,1,20801_0796e2ee,topo_isolated,1.0,False
23369_447545f6,topo_moderate,2,22378_234fea2c,topo_moderate,1.0,True
23369_447545f6,topo_moderate,3,21616_c6c3347a,topo_isolated,1.0,False
23369_447545f6,topo_moderate,4,23439_18900af2,topo_minimal,1.0,False
23369_447545f6,topo_moderate,5,23006_92c5b990,topo_moderate,1.0,True
23369_447545f6,topo_moderate,6,23435_e1c96b4d,topo_moderate,1.0,True
23369_447545f6,topo_moderate,7,22053_de30641b,topo_minimal,1.0,False
23369_447545f6,topo_moderate,8,20259_de1ab632,topo_minimal,1.0,False
23369_447545f6,topo_moderate,9,22891_b8c84495,topo_moderate,1.0,True
23369_447545f6,topo_moderate,10,20467_f1fcc009,topo_isolated,1.0,False
20141_b9376856,topo_moderate,1,21989_a0b5037d,topo_connected,1.0,False
20141_b9376856,topo_moderate,2,21563_c72d37a2,topo_moderate,1.0,True
20141_b9376856,topo_moderate,3,22066_308cdcfe,topo_connected,1.0,False
20141_b9376856,topo_moderate,4,23409_e27e3b8b,topo_isolated,1.0,False
20141_b9376856,topo_moderate,5,20229_d1ae2ae3,topo_connected,1.0,False
20141_b9376856,topo_moderate,6,20899_a8d7c6d5,topo_complex,1.0,False
20141_b9376856,topo_moderate,7,21529_93e51dd9,topo_connected,1.0,False
20141_b9376856,topo_moderate,8,22059_b7d76712,topo_connected,1.0,False
20141_b9376856,topo_moderate,9,20858_15bdad00,topo_complex,1.0,False
20141_b9376856,topo_moderate,10,23434_6635ed57,topo_connected,1.0,False
23103_43bde2a6,topo_minimal,1,21448_5646a1b6,topo_minimal,1.0,True
23103_43bde2a6,topo_minimal,2,20731_fbdc7731,topo_moderate,1.0,False
23103_43bde2a6,topo_minimal,3,21825_ce32b0a0,topo_minimal,1.0,True
23103_43bde2a6,topo_minimal,4,22136_a539c50b,topo_isolated,1.0,False
23103_43bde2a6,topo_minimal,5,20758_cdccf572,topo_moderate,1.0,False
23103_43bde2a6,topo_minimal,6,20429_9dd95c38,topo_isolated,1.0,False
23103_43bde2a6,topo_minimal,7,20806_ca60b7ae,topo_minimal,1.0,True
23103_43bde2a6,topo_minimal,8,22236_db209dff,topo_minimal,1.0,True
23103_43bde2a6,topo_minimal,9,22283_36ba29c9,topo_minimal,1.0,True
23103_43bde2a6,topo_minimal,10,21257_770fee9a,topo_isolated,1.0,False
21384_b9774b93,topo_moderate,1,21448_5646a1b6,topo_minimal,1.0,False
21384_b9774b93,topo_moderate,2,20731_fbdc7731,topo_moderate,1.0,True
21384_b9774b93,topo_moderate,3,21825_ce32b0a0,topo_minimal,1.0,False
21384_b9774b93,topo_moderate,4,22136_a539c50b,topo_isolated,1.0,False
21384_b9774b93,topo_moderate,5,20758_cdccf572,topo_moderate,1.0,True
21384_b9774b93,topo_moderate,6,20429_9dd95c38,topo_isolated,1.0,False
21384_b9774b93,topo_moderate,7,20806_ca60b7ae,topo_minimal,1.0,False
21384_b9774b93,topo_moderate,8,22236_db209dff,topo_minimal,1.0,False
21384_b9774b93,topo_moderate,9,22283_36ba29c9,topo_minimal,1.0,False
21384_b9774b93,topo_moderate,10,21257_770fee9a,topo_isolated,1.0,False
20239_49b65a55,topo_complex,1,21989_a0b5037d,topo_connected,1.0,False
20239_49b65a55,topo_complex,2,21563_c72d37a2,topo_moderate,1.0,False
20239_49b65a55,topo_complex,3,22066_308cdcfe,topo_connected,1.0,False
20239_49b65a55,topo_complex,4,23409_e27e3b8b,topo_isolated,1.0,False
20239_49b65a55,topo_complex,5,20229_d1ae2ae3,topo_connected,1.0,False
20239_49b65a55,topo_complex,6,20899_a8d7c6d5,topo_complex,1.0,True
20239_49b65a55,topo_complex,7,21529_93e51dd9,topo_connected,1.0,False
20239_49b65a55,topo_complex,8,22059_b7d76712,topo_connected,1.0,False
20239_49b65a55,topo_complex,9,20858_15bdad00,topo_complex,1.0,True
20239_49b65a55,topo_complex,10,23434_6635ed57,topo_connected,1.0,False
21424_9d516e3a,topo_minimal,1,21989_a0b5037d,topo_connected,1.0,False
21424_9d516e3a,topo_minimal,2,21563_c72d37a2,topo_moderate,1.0,False
21424_9d516e3a,topo_minimal,3,22066_308cdcfe,topo_connected,1.0,False
21424_9d516e3a,topo_minimal,4,23409_e27e3b8b,topo_isolated,1.0,False
21424_9d516e3a,topo_minimal,5,20229_d1ae2ae3,topo_connected,1.0,False
21424_9d516e3a,topo_minimal,6,20899_a8d7c6d5,topo_complex,1.0,False
21424_9d516e3a,topo_minimal,7,21529_93e51dd9,topo_connected,1.0,False
21424_9d516e3a,topo_minimal,8,22059_b7d76712,topo_connected,1.0,False
21424_9d516e3a,topo_minimal,9,20858_15bdad00,topo_complex,1.0,False
21424_9d516e3a,topo_minimal,10,23434_6635ed57,topo_connected,1.0,False
21551_c6c2d516,topo_moderate,1,21797_69df08d5,topo_complex,1.0,False
21551_c6c2d516,topo_moderate,2,22421_19401bdd,topo_complex,0.75,False
21551_c6c2d516,topo_moderate,3,22717_08784417,topo_connected,0.75,False
21551_c6c2d516,topo_moderate,4,23511_8651ac1f,topo_connected,0.75,False
21551_c6c2d516,topo_moderate,5,23217_7c6062e3,topo_connected,0.75,False
21551_c6c2d516,topo_moderate,6,21134_7aa7cd89,topo_complex,0.75,False
21551_c6c2d516,topo_moderate,7,22419_dfeb5d33,topo_complex,0.75,False
21551_c6c2d516,topo_moderate,8,21839_a8eb6d34,topo_isolated,0.75,False
21551_c6c2d516,topo_moderate,9,23258_87a2ba81,topo_complex,0.75,False
21551_c6c2d516,topo_moderate,10,21316_69ed56f5,topo_complex,0.75,False
20940_9777847c,topo_connected,1,22261_6efe61e3,topo_minimal,1.0,False
20940_9777847c,topo_connected,2,21570_9cb1d1c4,topo_minimal,1.0,False
20940_9777847c,topo_connected,3,20910_c64b5d1b,topo_minimal,1.0,False
20940_9777847c,topo_connected,4,21422_b2a6bf27,topo_isolated,1.0,False
20940_9777847c,topo_connected,5,22981_93f268ae,topo_minimal,1.0,False
20940_9777847c,topo_connected,6,23039_b3d04774,topo_moderate,1.0,False
20940_9777847c,topo_connected,7,20409_dafedec6,topo_isolated,1.0,False
20940_9777847c,topo_connected,8,19518_f220b68a,topo_isolated,1.0,False
20940_9777847c,topo_connected,9,23194_b675acc0,topo_connected,1.0,True
20940_9777847c,topo_connected,10,23250_aa321310,topo_moderate,1.0,False
23451_14c8d09e,topo_connected,1,21989_a0b5037d,topo_connected,1.0,True
23451_14c8d09e,topo_connected,2,21563_c72d37a2,topo_moderate,1.0,False
23451_14c8d09e,topo_connected,3,22066_308cdcfe,topo_connected,1.0,True
23451_14c8d09e,topo_connected,4,23409_e27e3b8b,topo_isolated,1.0,False
23451_14c8d09e,topo_connected,5,20229_d1ae2ae3,topo_connected,1.0,True
23451_14c8d09e,topo_connected,6,20899_a8d7c6d5,topo_complex,1.0,False
23451_14c8d09e,topo_connected,7,21529_93e51dd9,topo_connected,1.0,True
23451_14c8d09e,topo_connected,8,22059_b7d76712,topo_connected,1.0,True
23451_14c8d09e,topo_connected,9,20858_15bdad00,topo_complex,1.0,False
23451_14c8d09e,topo_connected,10,23434_6635ed57,topo_connected,1.0,True
21037_62248d34,topo_minimal,1,22654_4c426b0f,topo_moderate,1.0,False
21037_62248d34,topo_minimal,2,21840_6847d36c,topo_isolated,1.0,False
21037_62248d34,topo_minimal,3,23320_e0711ae9,topo_connected,1.0,False
21037_62248d34,topo_minimal,4,21478_8fbd4409,topo_moderate,1.0,False
21037_62248d34,topo_minimal,5,23178_eb4b4280,topo_minimal,1.0,True
21037_62248d34,topo_minimal,6,20682_e208cc63,topo_isolated,1.0,False
21037_62248d34,topo_minimal,7,7780_6c885e81,topo_complex,1.0,False
21037_62248d34,topo_minimal,8,22762_dcbdd14d,topo_minimal,1.0,True
21037_62248d34,topo_minimal,9,21271_ec7f62b8,topo_connected,1.0,False
21037_62248d34,topo_minimal,10,22049_4da0d894,topo_connected,1.0,False
21817_945cd3c9,topo_connected,1,21989_a0b5037d,topo_connected,1.0,True
21817_945cd3c9,topo_connected,2,21563_c72d37a2,topo_moderate,1.0,False
21817_945cd3c9,topo_connected,3,22066_308cdcfe,topo_connected,1.0,True
21817_945cd3c9,topo_connected,4,23409_e27e3b8b,topo_isolated,1.0,False
21817_945cd3c9,topo_connected,5,20229_d1ae2ae3,topo_connected,1.0,True
21817_945cd3c9,topo_connected,6,20899_a8d7c6d5,topo_complex,1.0,False
21817_945cd3c9,topo_connected,7,21529_93e51dd9,topo_connected,1.0,True
21817_945cd3c9,topo_connected,8,22059_b7d76712,topo_connected,1.0,True
21817_945cd3c9,topo_connected,9,20858_15bdad00,topo_complex,1.0,False
21817_945cd3c9,topo_connected,10,23434_6635ed57,topo_connected,1.0,True
23283_fadf3820,topo_connected,1,21989_a0b5037d,topo_connected,1.0,True
23283_fadf3820,topo_connected,2,21563_c72d37a2,topo_moderate,1.0,False
23283_fadf3820,topo_connected,3,22066_308cdcfe,topo_connected,1.0,True
23283_fadf3820,topo_connected,4,23409_e27e3b8b,topo_isolated,1.0,False
23283_fadf3820,topo_connected,5,20229_d1ae2ae3,topo_connected,1.0,True
23283_fadf3820,topo_connected,6,20899_a8d7c6d5,topo_complex,1.0,False
23283_fadf3820,topo_connected,7,21529_93e51dd9,topo_connected,1.0,True
23283_fadf3820,topo_connected,8,22059_b7d76712,topo_connected,1.0,True
23283_fadf3820,topo_connected,9,20858_15bdad00,topo_complex,1.0,False
23283_fadf3820,topo_connected,10,23434_6635ed57,topo_connected,1.0,True
23323_075a079e,topo_moderate,1,20157_db99ab88,topo_moderate,1.0,True
23323_075a079e,topo_moderate,2,21185_ac5324ba,topo_moderate,1.0,True
23323_075a079e,topo_moderate,3,22681_124bf3a9,topo_moderate,1.0,True
23323_075a079e,topo_moderate,4,21600_0027c6fc,topo_moderate,1.0,True
23323_075a079e,topo_moderate,5,20504_c9e14c9d,topo_connected,1.0,False
23323_075a079e,topo_moderate,6,22061_b50b6b66,topo_isolated,1.0,False
23323_075a079e,topo_moderate,7,21715_53df62c9,topo_minimal,1.0,False
23323_075a079e,topo_moderate,8,23152_6f2706c9,topo_moderate,1.0,True
23323_075a079e,topo_moderate,9,21884_cc2c39f9,topo_moderate,1.0,True
23323_075a079e,topo_moderate,10,20421_83f66ddc,topo_minimal,1.0,False
23172_4ab01e83,topo_connected,1,21989_a0b5037d,topo_connected,1.0,True
23172_4ab01e83,topo_connected,2,21563_c72d37a2,topo_moderate,1.0,False
23172_4ab01e83,topo_connected,3,22066_308cdcfe,topo_connected,1.0,True
23172_4ab01e83,topo_connected,4,23409_e27e3b8b,topo_isolated,1.0,False
23172_4ab01e83,topo_connected,5,20229_d1ae2ae3,topo_connected,1.0,True
23172_4ab01e83,topo_connected,6,20899_a8d7c6d5,topo_complex,1.0,False
23172_4ab01e83,topo_connected,7,21529_93e51dd9,topo_connected,1.0,True
23172_4ab01e83,topo_connected,8,22059_b7d76712,topo_connected,1.0,True
23172_4ab01e83,topo_connected,9,20858_15bdad00,topo_complex,1.0,False
23172_4ab01e83,topo_connected,10,23434_6635ed57,topo_connected,1.0,True
21762_90d34d16,topo_moderate,1,21700_28d193ac,topo_complex,1.0,False
21762_90d34d16,topo_moderate,2,20500_e88d8065,topo_connected,1.0,False
21762_90d34d16,topo_moderate,3,20246_40be7668,topo_moderate,1.0,True
21762_90d34d16,topo_moderate,4,19566_19d85d3b,topo_complex,1.0,False
21762_90d34d16,topo_moderate,5,21024_9be3d461,topo_moderate,1.0,True
21762_90d34d16,topo_moderate,6,21352_d60bc953,topo_minimal,1.0,False
21762_90d34d16,topo_moderate,7,22442_7d5c5d5f,topo_moderate,1.0,True
21762_90d34d16,topo_moderate,8,21093_1bda9bbe,topo_isolated,1.0,False
21762_90d34d16,topo_moderate,9,20544_43691724,topo_complex,1.0,False
21762_90d34d16,topo_moderate,10,22491_a33562ad,topo_complex,1.0,False
22612_28fe0ac2,topo_connected,1,21989_a0b5037d,topo_connected,1.0,True
22612_28fe0ac2,topo_connected,2,21563_c72d37a2,topo_moderate,1.0,False
22612_28fe0ac2,topo_connected,3,22066_308cdcfe,topo_connected,1.0,True
22612_28fe0ac2,topo_connected,4,23409_e27e3b8b,topo_isolated,1.0,False
22612_28fe0ac2,topo_connected,5,20229_d1ae2ae3,topo_connected,1.0,True
22612_28fe0ac2,topo_connected,6,20899_a8d7c6d5,topo_complex,1.0,False
22612_28fe0ac2,topo_connected,7,21529_93e51dd9,topo_connected,1.0,True
22612_28fe0ac2,topo_connected,8,22059_b7d76712,topo_connected,1.0,True
22612_28fe0ac2,topo_connected,9,20858_15bdad00,topo_complex,1.0,False
22612_28fe0ac2,topo_connected,10,23434_6635ed57,topo_connected,1.0,True
22535_0ba01cc9,topo_complex,1,21700_28d193ac,topo_complex,1.0,True
22535_0ba01cc9,topo_complex,2,20500_e88d8065,topo_connected,1.0,False
22535_0ba01cc9,topo_complex,3,20246_40be7668,topo_moderate,1.0,False
22535_0ba01cc9,topo_complex,4,19566_19d85d3b,topo_complex,1.0,True
22535_0ba01cc9,topo_complex,5,21024_9be3d461,topo_moderate,1.0,False
22535_0ba01cc9,topo_complex,6,21352_d60bc953,topo_minimal,1.0,False
22535_0ba01cc9,topo_complex,7,22442_7d5c5d5f,topo_moderate,1.0,False
22535_0ba01cc9,topo_complex,8,21093_1bda9bbe,topo_isolated,1.0,False
22535_0ba01cc9,topo_complex,9,20544_43691724,topo_complex,1.0,True
22535_0ba01cc9,topo_complex,10,22491_a33562ad,topo_complex,1.0,True
21715_53df62c9,topo_minimal,1,20157_db99ab88,topo_moderate,1.0,False
21715_53df62c9,topo_minimal,2,21185_ac5324ba,topo_moderate,1.0,False
21715_53df62c9,topo_minimal,3,22681_124bf3a9,topo_moderate,1.0,False
21715_53df62c9,topo_minimal,4,21600_0027c6fc,topo_moderate,1.0,False
21715_53df62c9,topo_minimal,5,20504_c9e14c9d,topo_connected,1.0,False
21715_53df62c9,topo_minimal,6,22061_b50b6b66,topo_isolated,1.0,False
21715_53df62c9,topo_minimal,7,23152_6f2706c9,topo_moderate,1.0,False
21715_53df62c9,topo_minimal,8,21884_cc2c39f9,topo_moderate,1.0,False
21715_53df62c9,topo_minimal,9,23323_075a079e,topo_moderate,1.0,False
21715_53df62c9,topo_minimal,10,20421_83f66ddc,topo_minimal,1.0,True
22283_36ba29c9,topo_minimal,1,21448_5646a1b6,topo_minimal,1.0,True
22283_36ba29c9,topo_minimal,2,20216_89b90993,topo_minimal,1.0,True
22283_36ba29c9,topo_minimal,3,21825_ce32b0a0,topo_minimal,1.0,True
22283_36ba29c9,topo_minimal,4,22136_a539c50b,topo_isolated,1.0,False
22283_36ba29c9,topo_minimal,5,20758_cdccf572,topo_moderate,1.0,False
22283_36ba29c9,topo_minimal,6,20429_9dd95c38,topo_isolated,1.0,False
22283_36ba29c9,topo_minimal,7,20806_ca60b7ae,topo_minimal,1.0,True
22283_36ba29c9,topo_minimal,8,22236_db209dff,topo_minimal,1.0,True
22283_36ba29c9,topo_minimal,9,21257_770fee9a,topo_isolated,1.0,False
22283_36ba29c9,topo_minimal,10,22154_24342da4,topo_isolated,1.0,False
20620_8a5226b4,topo_isolated,1,22421_19401bdd,topo_complex,1.0,False
20620_8a5226b4,topo_isolated,2,22278_12f1fb79,topo_minimal,1.0,False
20620_8a5226b4,topo_isolated,3,23155_d7305c5f,topo_complex,1.0,False
20620_8a5226b4,topo_isolated,4,23217_7c6062e3,topo_connected,1.0,False
20620_8a5226b4,topo_isolated,5,21134_7aa7cd89,topo_complex,1.0,False
20620_8a5226b4,topo_isolated,6,22419_dfeb5d33,topo_complex,1.0,False
20620_8a5226b4,topo_isolated,7,21839_a8eb6d34,topo_isolated,1.0,True
20620_8a5226b4,topo_isolated,8,23258_87a2ba81,topo_complex,1.0,False
20620_8a5226b4,topo_isolated,9,21697_06656699,topo_connected,1.0,False
20620_8a5226b4,topo_isolated,10,21316_69ed56f5,topo_complex,1.0,False
20329_414757bb,topo_connected,1,21989_a0b5037d,topo_connected,1.0,True
20329_414757bb,topo_connected,2,21563_c72d37a2,topo_moderate,1.0,False
20329_414757bb,topo_connected,3,22066_308cdcfe,topo_connected,1.0,True
20329_414757bb,topo_connected,4,23409_e27e3b8b,topo_isolated,1.0,False
20329_414757bb,topo_connected,5,20229_d1ae2ae3,topo_connected,1.0,True
20329_414757bb,topo_connected,6,20899_a8d7c6d5,topo_complex,1.0,False
20329_414757bb,topo_connected,7,21529_93e51dd9,topo_connected,1.0,True
20329_414757bb,topo_connected,8,22059_b7d76712,topo_connected,1.0,True
20329_414757bb,topo_connected,9,20858_15bdad00,topo_complex,1.0,False
20329_414757bb,topo_connected,10,23434_6635ed57,topo_connected,1.0,True
22377_d490f505,topo_moderate,1,20801_0796e2ee,topo_isolated,1.0,False
22377_d490f505,topo_moderate,2,22378_234fea2c,topo_moderate,1.0,True
22377_d490f505,topo_moderate,3,21616_c6c3347a,topo_isolated,1.0,False
22377_d490f505,topo_moderate,4,23439_18900af2,topo_minimal,1.0,False
22377_d490f505,topo_moderate,5,23006_92c5b990,topo_moderate,1.0,True
22377_d490f505,topo_moderate,6,23435_e1c96b4d,topo_moderate,1.0,True
22377_d490f505,topo_moderate,7,22053_de30641b,topo_minimal,1.0,False
22377_d490f505,topo_moderate,8,20259_de1ab632,topo_minimal,1.0,False
22377_d490f505,topo_moderate,9,22891_b8c84495,topo_moderate,1.0,True
22377_d490f505,topo_moderate,10,20467_f1fcc009,topo_isolated,1.0,False
22492_047b125b,topo_connected,1,21700_28d193ac,topo_complex,1.0,False
22492_047b125b,topo_connected,2,20500_e88d8065,topo_connected,1.0,True
22492_047b125b,topo_connected,3,20246_40be7668,topo_moderate,1.0,False
22492_047b125b,topo_connected,4,19566_19d85d3b,topo_complex,1.0,False
22492_047b125b,topo_connected,5,21024_9be3d461,topo_moderate,1.0,False
22492_047b125b,topo_connected,6,21352_d60bc953,topo_minimal,1.0,False
22492_047b125b,topo_connected,7,22442_7d5c5d5f,topo_moderate,1.0,False
22492_047b125b,topo_connected,8,21093_1bda9bbe,topo_isolated,1.0,False
22492_047b125b,topo_connected,9,20544_43691724,topo_complex,1.0,False
22492_047b125b,topo_connected,10,22491_a33562ad,topo_complex,1.0,False
22402_a62e84b4,topo_isolated,1,21700_28d193ac,topo_complex,1.0,False
22402_a62e84b4,topo_isolated,2,20500_e88d8065,topo_connected,1.0,False
22402_a62e84b4,topo_isolated,3,20246_40be7668,topo_moderate,1.0,False
22402_a62e84b4,topo_isolated,4,19566_19d85d3b,topo_complex,1.0,False
22402_a62e84b4,topo_isolated,5,21024_9be3d461,topo_moderate,1.0,False
22402_a62e84b4,topo_isolated,6,21352_d60bc953,topo_minimal,1.0,False
22402_a62e84b4,topo_isolated,7,22442_7d5c5d5f,topo_moderate,1.0,False
22402_a62e84b4,topo_isolated,8,21093_1bda9bbe,topo_isolated,1.0,True
22402_a62e84b4,topo_isolated,9,20544_43691724,topo_complex,1.0,False
22402_a62e84b4,topo_isolated,10,22491_a33562ad,topo_complex,1.0,False
20287_072b5bf6,topo_isolated,1,21979_29f59427,topo_connected,1.0,False
20287_072b5bf6,topo_isolated,2,22764_b884dce6,topo_moderate,1.0,False
20287_072b5bf6,topo_isolated,3,21700_28d193ac,topo_complex,0.75,False
20287_072b5bf6,topo_isolated,4,21918_976c2754,topo_complex,0.75,False
20287_072b5bf6,topo_isolated,5,21986_67c5509a,topo_complex,0.75,False
20287_072b5bf6,topo_isolated,6,21425_d0d47a2a,topo_complex,0.75,False
20287_072b5bf6,topo_isolated,7,23123_f35404c4,topo_complex,0.75,False
20287_072b5bf6,topo_isolated,8,21545_4384f96e,topo_moderate,0.75,False
20287_072b5bf6,topo_isolated,9,21580_b8b2571b,topo_connected,0.75,False
20287_072b5bf6,topo_isolated,10,22430_c6f08b03,topo_complex,0.75,False
20810_f6674f2d,topo_isolated,1,20801_0796e2ee,topo_isolated,1.0,True
20810_f6674f2d,topo_isolated,2,22378_234fea2c,topo_moderate,1.0,False
20810_f6674f2d,topo_isolated,3,21616_c6c3347a,topo_isolated,1.0,True
20810_f6674f2d,topo_isolated,4,23439_18900af2,topo_minimal,1.0,False
20810_f6674f2d,topo_isolated,5,23006_92c5b990,topo_moderate,1.0,False
20810_f6674f2d,topo_isolated,6,23435_e1c96b4d,topo_moderate,1.0,False
20810_f6674f2d,topo_isolated,7,22053_de30641b,topo_minimal,1.0,False
20810_f6674f2d,topo_isolated,8,20259_de1ab632,topo_minimal,1.0,False
20810_f6674f2d,topo_isolated,9,22891_b8c84495,topo_moderate,1.0,False
20810_f6674f2d,topo_isolated,10,20467_f1fcc009,topo_isolated,1.0,True
22049_4da0d894,topo_connected,1,22654_4c426b0f,topo_moderate,1.0,False
22049_4da0d894,topo_connected,2,21840_6847d36c,topo_isolated,1.0,False
22049_4da0d894,topo_connected,3,23320_e0711ae9,topo_connected,1.0,True
22049_4da0d894,topo_connected,4,21478_8fbd4409,topo_moderate,1.0,False
22049_4da0d894,topo_connected,5,23178_eb4b4280,topo_minimal,1.0,False
22049_4da0d894,topo_connected,6,20682_e208cc63,topo_isolated,1.0,False
22049_4da0d894,topo_connected,7,7780_6c885e81,topo_complex,1.0,False
22049_4da0d894,topo_connected,8,21037_62248d34,topo_minimal,1.0,False
22049_4da0d894,topo_connected,9,21271_ec7f62b8,topo_connected,1.0,True
22049_4da0d894,topo_connected,10,23259_d655fcc1,topo_moderate,1.0,False
20758_cdccf572,topo_moderate,1,21448_5646a1b6,topo_minimal,1.0,False
20758_cdccf572,topo_moderate,2,20946_6573271d,topo_isolated,1.0,False
20758_cdccf572,topo_moderate,3,21825_ce32b0a0,topo_minimal,1.0,False
20758_cdccf572,topo_moderate,4,22136_a539c50b,topo_isolated,1.0,False
20758_cdccf572,topo_moderate,5,20429_9dd95c38,topo_isolated,1.0,False
20758_cdccf572,topo_moderate,6,20806_ca60b7ae,topo_minimal,1.0,False
20758_cdccf572,topo_moderate,7,20551_ff28a959,topo_isolated,1.0,False
20758_cdccf572,topo_moderate,8,22236_db209dff,topo_minimal,1.0,False
20758_cdccf572,topo_moderate,9,21257_770fee9a,topo_isolated,1.0,False
20758_cdccf572,topo_moderate,10,22283_36ba29c9,topo_minimal,1.0,False
22681_124bf3a9,topo_moderate,1,20157_db99ab88,topo_moderate,1.0,True
22681_124bf3a9,topo_moderate,2,21185_ac5324ba,topo_moderate,1.0,True
22681_124bf3a9,topo_moderate,3,21600_0027c6fc,topo_moderate,1.0,True
22681_124bf3a9,topo_moderate,4,20504_c9e14c9d,topo_connected,1.0,False
22681_124bf3a9,topo_moderate,5,22061_b50b6b66,topo_isolated,1.0,False
22681_124bf3a9,topo_moderate,6,21715_53df62c9,topo_minimal,1.0,False
22681_124bf3a9,topo_moderate,7,23152_6f2706c9,topo_moderate,1.0,True
22681_124bf3a9,topo_moderate,8,21884_cc2c39f9,topo_moderate,1.0,True
22681_124bf3a9,topo_moderate,9,23323_075a079e,topo_moderate,1.0,True
22681_124bf3a9,topo_moderate,10,20421_83f66ddc,topo_minimal,1.0,False
21690_5d1f3475,topo_moderate,1,20801_0796e2ee,topo_isolated,1.0,False
21690_5d1f3475,topo_moderate,2,22378_234fea2c,topo_moderate,1.0,True
21690_5d1f3475,topo_moderate,3,21616_c6c3347a,topo_isolated,1.0,False
21690_5d1f3475,topo_moderate,4,23439_18900af2,topo_minimal,1.0,False
21690_5d1f3475,topo_moderate,5,23006_92c5b990,topo_moderate,1.0,True
21690_5d1f3475,topo_moderate,6,23435_e1c96b4d,topo_moderate,1.0,True
21690_5d1f3475,topo_moderate,7,22053_de30641b,topo_minimal,1.0,False
21690_5d1f3475,topo_moderate,8,20259_de1ab632,topo_minimal,1.0,False
21690_5d1f3475,topo_moderate,9,22891_b8c84495,topo_moderate,1.0,True
21690_5d1f3475,topo_moderate,10,20467_f1fcc009,topo_isolated,1.0,False
20546_87dbd755,topo_complex,1,22421_19401bdd,topo_complex,1.0,True
20546_87dbd755,topo_complex,2,22278_12f1fb79,topo_minimal,1.0,False
20546_87dbd755,topo_complex,3,23155_d7305c5f,topo_complex,1.0,True
20546_87dbd755,topo_complex,4,23217_7c6062e3,topo_connected,1.0,False
20546_87dbd755,topo_complex,5,21134_7aa7cd89,topo_complex,1.0,True
20546_87dbd755,topo_complex,6,22419_dfeb5d33,topo_complex,1.0,True
20546_87dbd755,topo_complex,7,21839_a8eb6d34,topo_isolated,1.0,False
20546_87dbd755,topo_complex,8,23258_87a2ba81,topo_complex,1.0,True
20546_87dbd755,topo_complex,9,21697_06656699,topo_connected,1.0,False
20546_87dbd755,topo_complex,10,21316_69ed56f5,topo_complex,1.0,True
22092_897b0ffa,topo_moderate,1,21989_a0b5037d,topo_connected,1.0,False
22092_897b0ffa,topo_moderate,2,21563_c72d37a2,topo_moderate,1.0,True
22092_897b0ffa,topo_moderate,3,22066_308cdcfe,topo_connected,1.0,False
22092_897b0ffa,topo_moderate,4,23409_e27e3b8b,topo_isolated,1.0,False
22092_897b0ffa,topo_moderate,5,20229_d1ae2ae3,topo_connected,1.0,False
22092_897b0ffa,topo_moderate,6,20899_a8d7c6d5,topo_complex,1.0,False
22092_897b0ffa,topo_moderate,7,21529_93e51dd9,topo_connected,1.0,False
22092_897b0ffa,topo_moderate,8,22059_b7d76712,topo_connected,1.0,False
22092_897b0ffa,topo_moderate,9,20858_15bdad00,topo_complex,1.0,False
22092_897b0ffa,topo_moderate,10,23434_6635ed57,topo_connected,1.0,False
20991_6795af4f,topo_isolated,1,22421_19401bdd,topo_complex,0.75,False
20991_6795af4f,topo_isolated,2,21121_1e9e7540,topo_complex,0.75,False
20991_6795af4f,topo_isolated,3,23217_7c6062e3,topo_connected,0.75,False
20991_6795af4f,topo_isolated,4,23511_8651ac1f,topo_connected,0.75,False
20991_6795af4f,topo_isolated,5,21134_7aa7cd89,topo_complex,0.75,False
20991_6795af4f,topo_isolated,6,22419_dfeb5d33,topo_complex,0.75,False
20991_6795af4f,topo_isolated,7,21839_a8eb6d34,topo_isolated,0.75,True
20991_6795af4f,topo_isolated,8,23258_87a2ba81,topo_complex,0.75,False
20991_6795af4f,topo_isolated,9,21316_69ed56f5,topo_complex,0.75,False
20991_6795af4f,topo_isolated,10,22125_e3a4cad4,topo_complex,0.75,False
23049_207a41f0,topo_connected,1,21989_a0b5037d,topo_connected,1.0,True
23049_207a41f0,topo_connected,2,21563_c72d37a2,topo_moderate,1.0,False
23049_207a41f0,topo_connected,3,22066_308cdcfe,topo_connected,1.0,True
23049_207a41f0,topo_connected,4,23409_e27e3b8b,topo_isolated,1.0,False
23049_207a41f0,topo_connected,5,20229_d1ae2ae3,topo_connected,1.0,True
23049_207a41f0,topo_connected,6,20899_a8d7c6d5,topo_complex,1.0,False
23049_207a41f0,topo_connected,7,21529_93e51dd9,topo_connected,1.0,True
23049_207a41f0,topo_connected,8,22059_b7d76712,topo_connected,1.0,True
23049_207a41f0,topo_connected,9,20858_15bdad00,topo_complex,1.0,False
23049_207a41f0,topo_connected,10,23434_6635ed57,topo_connected,1.0,True
22533_e7298b05,topo_complex,1,21700_28d193ac,topo_complex,1.0,True
22533_e7298b05,topo_complex,2,20500_e88d8065,topo_connected,1.0,False
22533_e7298b05,topo_complex,3,20246_40be7668,topo_moderate,1.0,False
22533_e7298b05,topo_complex,4,19566_19d85d3b,topo_complex,1.0,True
22533_e7298b05,topo_complex,5,21024_9be3d461,topo_moderate,1.0,False
22533_e7298b05,topo_complex,6,21352_d60bc953,topo_minimal,1.0,False
22533_e7298b05,topo_complex,7,22442_7d5c5d5f,topo_moderate,1.0,False
22533_e7298b05,topo_complex,8,21093_1bda9bbe,topo_isolated,1.0,False
22533_e7298b05,topo_complex,9,20544_43691724,topo_complex,1.0,True
22533_e7298b05,topo_complex,10,22491_a33562ad,topo_complex,1.0,True
22638_37f9fe91,topo_connected,1,22654_4c426b0f,topo_moderate,1.0,False
22638_37f9fe91,topo_connected,2,21271_ec7f62b8,topo_connected,1.0,True
22638_37f9fe91,topo_connected,3,21478_8fbd4409,topo_moderate,1.0,False
22638_37f9fe91,topo_connected,4,23178_eb4b4280,topo_minimal,1.0,False
22638_37f9fe91,topo_connected,5,20682_e208cc63,topo_isolated,1.0,False
22638_37f9fe91,topo_connected,6,7780_6c885e81,topo_complex,1.0,False
22638_37f9fe91,topo_connected,7,21037_62248d34,topo_minimal,1.0,False
22638_37f9fe91,topo_connected,8,21840_6847d36c,topo_isolated,1.0,False
22638_37f9fe91,topo_connected,9,22762_dcbdd14d,topo_minimal,1.0,False
22638_37f9fe91,topo_connected,10,20502_58b65de9,topo_connected,1.0,True
21617_ddd3657b,topo_isolated,1,20801_0796e2ee,topo_isolated,1.0,True
21617_ddd3657b,topo_isolated,2,22378_234fea2c,topo_moderate,1.0,False
21617_ddd3657b,topo_isolated,3,21616_c6c3347a,topo_isolated,1.0,True
21617_ddd3657b,topo_isolated,4,23439_18900af2,topo_minimal,1.0,False
21617_ddd3657b,topo_isolated,5,23006_92c5b990,topo_moderate,1.0,False
21617_ddd3657b,topo_isolated,6,23435_e1c96b4d,topo_moderate,1.0,False
21617_ddd3657b,topo_isolated,7,22053_de30641b,topo_minimal,1.0,False
21617_ddd3657b,topo_isolated,8,20259_de1ab632,topo_minimal,1.0,False
21617_ddd3657b,topo_isolated,9,22891_b8c84495,topo_moderate,1.0,False
21617_ddd3657b,topo_isolated,10,20467_f1fcc009,topo_isolated,1.0,True
21858_f1409ea2,topo_complex,1,21989_a0b5037d,topo_connected,1.0,False
21858_f1409ea2,topo_complex,2,21563_c72d37a2,topo_moderate,1.0,False
21858_f1409ea2,topo_complex,3,22066_308cdcfe,topo_connected,1.0,False
21858_f1409ea2,topo_complex,4,23409_e27e3b8b,topo_isolated,1.0,False
21858_f1409ea2,topo_complex,5,20229_d1ae2ae3,topo_connected,1.0,False
21858_f1409ea2,topo_complex,6,20899_a8d7c6d5,topo_complex,1.0,True
21858_f1409ea2,topo_complex,7,21529_93e51dd9,topo_connected,1.0,False
21858_f1409ea2,topo_complex,8,22059_b7d76712,topo_connected,1.0,False
21858_f1409ea2,topo_complex,9,20858_15bdad00,topo_complex,1.0,True
21858_f1409ea2,topo_complex,10,23434_6635ed57,topo_connected,1.0,False
21028_d4d30a2e,topo_complex,1,21292_f94bd96b,topo_connected,1.0,False
21028_d4d30a2e,topo_complex,2,20431_27e7f151,topo_connected,1.0,False
21028_d4d30a2e,topo_complex,3,20789_1809f41f,topo_moderate,1.0,False
21028_d4d30a2e,topo_complex,4,23374_57cca189,topo_connected,1.0,False
21028_d4d30a2e,topo_complex,5,22313_3a8b93dc,topo_connected,0.75,False
21028_d4d30a2e,topo_complex,6,20322_daa5c577,topo_moderate,0.75,False
21028_d4d30a2e,topo_complex,7,23213_3df3cb34,topo_complex,0.75,True
21028_d4d30a2e,topo_complex,8,22126_e1cca10f,topo_connected,0.75,False
21028_d4d30a2e,topo_complex,9,23028_2ca87745,topo_connected,0.75,False
21028_d4d30a2e,topo_complex,10,21856_f84d9348,topo_moderate,0.75,False
21541_abc67be6,topo_moderate,1,21989_a0b5037d,topo_connected,1.0,False
21541_abc67be6,topo_moderate,2,21563_c72d37a2,topo_moderate,1.0,True
21541_abc67be6,topo_moderate,3,22066_308cdcfe,topo_connected,1.0,False
21541_abc67be6,topo_moderate,4,23409_e27e3b8b,topo_isolated,1.0,False
21541_abc67be6,topo_moderate,5,20229_d1ae2ae3,topo_connected,1.0,False
21541_abc67be6,topo_moderate,6,20899_a8d7c6d5,topo_complex,1.0,False
21541_abc67be6,topo_moderate,7,21529_93e51dd9,topo_connected,1.0,False
21541_abc67be6,topo_moderate,8,22059_b7d76712,topo_connected,1.0,False
21541_abc67be6,topo_moderate,9,20858_15bdad00,topo_complex,1.0,False
21541_abc67be6,topo_moderate,10,23434_6635ed57,topo_connected,1.0,False
22826_199df203,topo_connected,1,21989_a0b5037d,topo_connected,1.0,True
22826_199df203,topo_connected,2,21563_c72d37a2,topo_moderate,1.0,False
22826_199df203,topo_connected,3,22066_308cdcfe,topo_connected,1.0,True
22826_199df203,topo_connected,4,23409_e27e3b8b,topo_isolated,1.0,False
22826_199df203,topo_connected,5,20229_d1ae2ae3,topo_connected,1.0,True
22826_199df203,topo_connected,6,20899_a8d7c6d5,topo_complex,1.0,False
22826_199df203,topo_connected,7,21529_93e51dd9,topo_connected,1.0,True
22826_199df203,topo_connected,8,22059_b7d76712,topo_connected,1.0,True
22826_199df203,topo_connected,9,20858_15bdad00,topo_complex,1.0,False
22826_199df203,topo_connected,10,23434_6635ed57,topo_connected,1.0,True
22227_aca28ff2,topo_moderate,1,20801_0796e2ee,topo_isolated,1.0,False
22227_aca28ff2,topo_moderate,2,22378_234fea2c,topo_moderate,1.0,True
22227_aca28ff2,topo_moderate,3,21616_c6c3347a,topo_isolated,1.0,False
22227_aca28ff2,topo_moderate,4,23439_18900af2,topo_minimal,1.0,False
22227_aca28ff2,topo_moderate,5,23006_92c5b990,topo_moderate,1.0,True
22227_aca28ff2,topo_moderate,6,23435_e1c96b4d,topo_moderate,1.0,True
22227_aca28ff2,topo_moderate,7,22053_de30641b,topo_minimal,1.0,False
22227_aca28ff2,topo_moderate,8,20259_de1ab632,topo_minimal,1.0,False
22227_aca28ff2,topo_moderate,9,22891_b8c84495,topo_moderate,1.0,True
22227_aca28ff2,topo_moderate,10,20467_f1fcc009,topo_isolated,1.0,False
22902_83870421,topo_minimal,1,20801_0796e2ee,topo_isolated,1.0,False
22902_83870421,topo_minimal,2,22378_234fea2c,topo_moderate,1.0,False
22902_83870421,topo_minimal,3,21616_c6c3347a,topo_isolated,1.0,False
22902_83870421,topo_minimal,4,23439_18900af2,topo_minimal,1.0,True
22902_83870421,topo_minimal,5,23006_92c5b990,topo_moderate,1.0,False
22902_83870421,topo_minimal,6,23435_e1c96b4d,topo_moderate,1.0,False
22902_83870421,topo_minimal,7,22053_de30641b,topo_minimal,1.0,True
22902_83870421,topo_minimal,8,20259_de1ab632,topo_minimal,1.0,True
22902_83870421,topo_minimal,9,22891_b8c84495,topo_moderate,1.0,False
22902_83870421,topo_minimal,10,20467_f1fcc009,topo_isolated,1.0,False
21665_2e14b6ff,topo_isolated,1,21448_5646a1b6,topo_minimal,1.0,False
21665_2e14b6ff,topo_isolated,2,20807_88c198d5,topo_isolated,1.0,True
21665_2e14b6ff,topo_isolated,3,22136_a539c50b,topo_isolated,1.0,True
21665_2e14b6ff,topo_isolated,4,20429_9dd95c38,topo_isolated,1.0,True
21665_2e14b6ff,topo_isolated,5,20758_cdccf572,topo_moderate,1.0,False
21665_2e14b6ff,topo_isolated,6,20806_ca60b7ae,topo_minimal,1.0,False
21665_2e14b6ff,topo_isolated,7,20551_ff28a959,topo_isolated,1.0,True
21665_2e14b6ff,topo_isolated,8,22236_db209dff,topo_minimal,1.0,False
21665_2e14b6ff,topo_isolated,9,21257_770fee9a,topo_isolated,1.0,True
21665_2e14b6ff,topo_isolated,10,22283_36ba29c9,topo_minimal,1.0,False
20813_726b2714,topo_minimal,1,20801_0796e2ee,topo_isolated,1.0,False
20813_726b2714,topo_minimal,2,22378_234fea2c,topo_moderate,1.0,False
20813_726b2714,topo_minimal,3,21616_c6c3347a,topo_isolated,1.0,False
20813_726b2714,topo_minimal,4,23439_18900af2,topo_minimal,1.0,True
20813_726b2714,topo_minimal,5,23006_92c5b990,topo_moderate,1.0,False
20813_726b2714,topo_minimal,6,23435_e1c96b4d,topo_moderate,1.0,False
20813_726b2714,topo_minimal,7,22053_de30641b,topo_minimal,1.0,True
20813_726b2714,topo_minimal,8,20259_de1ab632,topo_minimal,1.0,True
20813_726b2714,topo_minimal,9,22891_b8c84495,topo_moderate,1.0,False
20813_726b2714,topo_minimal,10,20467_f1fcc009,topo_isolated,1.0,False
20429_4c909f3f,topo_isolated,1,20801_0796e2ee,topo_isolated,1.0,True
20429_4c909f3f,topo_isolated,2,22378_234fea2c,topo_moderate,1.0,False
20429_4c909f3f,topo_isolated,3,21616_c6c3347a,topo_isolated,1.0,True
20429_4c909f3f,topo_isolated,4,23439_18900af2,topo_minimal,1.0,False
20429_4c909f3f,topo_isolated,5,23006_92c5b990,topo_moderate,1.0,False
20429_4c909f3f,topo_isolated,6,23435_e1c96b4d,topo_moderate,1.0,False
20429_4c909f3f,topo_isolated,7,22053_de30641b,topo_minimal,1.0,False
20429_4c909f3f,topo_isolated,8,20259_de1ab632,topo_minimal,1.0,False
20429_4c909f3f,topo_isolated,9,22891_b8c84495,topo_moderate,1.0,False
20429_4c909f3f,topo_isolated,10,20467_f1fcc009,topo_isolated,1.0,True
23373_f5dac851,topo_complex,1,21989_a0b5037d,topo_connected,1.0,False
23373_f5dac851,topo_complex,2,21563_c72d37a2,topo_moderate,1.0,False
23373_f5dac851,topo_complex,3,22066_308cdcfe,topo_connected,1.0,False
23373_f5dac851,topo_complex,4,23409_e27e3b8b,topo_isolated,1.0,False
23373_f5dac851,topo_complex,5,20229_d1ae2ae3,topo_connected,1.0,False
23373_f5dac851,topo_complex,6,20899_a8d7c6d5,topo_complex,1.0,True
23373_f5dac851,topo_complex,7,21529_93e51dd9,topo_connected,1.0,False
23373_f5dac851,topo_complex,8,22059_b7d76712,topo_connected,1.0,False
23373_f5dac851,topo_complex,9,20858_15bdad00,topo_complex,1.0,True
23373_f5dac851,topo_complex,10,23434_6635ed57,topo_connected,1.0,False
21794_4d137e7d,topo_isolated,1,21989_a0b5037d,topo_connected,1.0,False
21794_4d137e7d,topo_isolated,2,21563_c72d37a2,topo_moderate,1.0,False
21794_4d137e7d,topo_isolated,3,22066_308cdcfe,topo_connected,1.0,False
21794_4d137e7d,topo_isolated,4,23409_e27e3b8b,topo_isolated,1.0,True
21794_4d137e7d,topo_isolated,5,20229_d1ae2ae3,topo_connected,1.0,False
21794_4d137e7d,topo_isolated,6,20899_a8d7c6d5,topo_complex,1.0,False
21794_4d137e7d,topo_isolated,7,21529_93e51dd9,topo_connected,1.0,False
21794_4d137e7d,topo_isolated,8,22059_b7d76712,topo_connected,1.0,False
21794_4d137e7d,topo_isolated,9,20858_15bdad00,topo_complex,1.0,False
21794_4d137e7d,topo_isolated,10,23434_6635ed57,topo_connected,1.0,False
22065_0d414124,topo_moderate,1,22421_19401bdd,topo_complex,1.0,False
22065_0d414124,topo_moderate,2,22278_12f1fb79,topo_minimal,1.0,False
22065_0d414124,topo_moderate,3,23155_d7305c5f,topo_complex,1.0,False
22065_0d414124,topo_moderate,4,23217_7c6062e3,topo_connected,1.0,False
22065_0d414124,topo_moderate,5,21134_7aa7cd89,topo_complex,1.0,False
22065_0d414124,topo_moderate,6,22419_dfeb5d33,topo_complex,1.0,False
22065_0d414124,topo_moderate,7,21839_a8eb6d34,topo_isolated,1.0,False
22065_0d414124,topo_moderate,8,23258_87a2ba81,topo_complex,1.0,False
22065_0d414124,topo_moderate,9,21697_06656699,topo_connected,1.0,False
22065_0d414124,topo_moderate,10,21316_69ed56f5,topo_complex,1.0,False
22224_1e749c32,topo_moderate,1,20157_db99ab88,topo_moderate,1.0,True
22224_1e749c32,topo_moderate,2,21737_87d83240,topo_moderate,1.0,True
22224_1e749c32,topo_moderate,3,21600_0027c6fc,topo_moderate,1.0,True
22224_1e749c32,topo_moderate,4,22681_124bf3a9,topo_moderate,1.0,True
22224_1e749c32,topo_moderate,5,20504_c9e14c9d,topo_connected,1.0,False
22224_1e749c32,topo_moderate,6,22061_b50b6b66,topo_isolated,1.0,False
22224_1e749c32,topo_moderate,7,21715_53df62c9,topo_minimal,1.0,False
22224_1e749c32,topo_moderate,8,23152_6f2706c9,topo_moderate,1.0,True
22224_1e749c32,topo_moderate,9,21884_cc2c39f9,topo_moderate,1.0,True
22224_1e749c32,topo_moderate,10,23323_075a079e,topo_moderate,1.0,True
22047_5a090f16,topo_isolated,1,21448_5646a1b6,topo_minimal,1.0,False
22047_5a090f16,topo_isolated,2,20807_88c198d5,topo_isolated,1.0,True
22047_5a090f16,topo_isolated,3,22136_a539c50b,topo_isolated,1.0,True
22047_5a090f16,topo_isolated,4,20429_9dd95c38,topo_isolated,1.0,True
22047_5a090f16,topo_isolated,5,20758_cdccf572,topo_moderate,1.0,False
22047_5a090f16,topo_isolated,6,20806_ca60b7ae,topo_minimal,1.0,False
22047_5a090f16,topo_isolated,7,20551_ff28a959,topo_isolated,1.0,True
22047_5a090f16,topo_isolated,8,22236_db209dff,topo_minimal,1.0,False
22047_5a090f16,topo_isolated,9,21257_770fee9a,topo_isolated,1.0,True
22047_5a090f16,topo_isolated,10,22283_36ba29c9,topo_minimal,1.0,False
20952_b8a54213,topo_complex,1,21700_28d193ac,topo_complex,1.0,True
20952_b8a54213,topo_complex,2,20500_e88d8065,topo_connected,1.0,False
20952_b8a54213,topo_complex,3,20246_40be7668,topo_moderate,1.0,False
20952_b8a54213,topo_complex,4,19566_19d85d3b,topo_complex,1.0,True
20952_b8a54213,topo_complex,5,21024_9be3d461,topo_moderate,1.0,False
20952_b8a54213,topo_complex,6,21352_d60bc953,topo_minimal,1.0,False
20952_b8a54213,topo_complex,7,22442_7d5c5d5f,topo_moderate,1.0,False
20952_b8a54213,topo_complex,8,21093_1bda9bbe,topo_isolated,1.0,False
20952_b8a54213,topo_complex,9,20544_43691724,topo_complex,1.0,True
20952_b8a54213,topo_complex,10,22491_a33562ad,topo_complex,1.0,True
21490_d07ff9f8,topo_complex,1,22654_4c426b0f,topo_moderate,1.0,False
21490_d07ff9f8,topo_complex,2,21271_ec7f62b8,topo_connected,1.0,False
21490_d07ff9f8,topo_complex,3,21478_8fbd4409,topo_moderate,1.0,False
21490_d07ff9f8,topo_complex,4,23178_eb4b4280,topo_minimal,1.0,False
21490_d07ff9f8,topo_complex,5,20682_e208cc63,topo_isolated,1.0,False
21490_d07ff9f8,topo_complex,6,7780_6c885e81,topo_complex,1.0,True
21490_d07ff9f8,topo_complex,7,21037_62248d34,topo_minimal,1.0,False
21490_d07ff9f8,topo_complex,8,21840_6847d36c,topo_isolated,1.0,False
21490_d07ff9f8,topo_complex,9,22762_dcbdd14d,topo_minimal,1.0,False
21490_d07ff9f8,topo_complex,10,20502_58b65de9,topo_connected,1.0,False
23041_8d3ea25c,topo_complex,1,21989_a0b5037d,topo_connected,1.0,False
23041_8d3ea25c,topo_complex,2,21563_c72d37a2,topo_moderate,1.0,False
23041_8d3ea25c,topo_complex,3,22066_308cdcfe,topo_connected,1.0,False
23041_8d3ea25c,topo_complex,4,23409_e27e3b8b,topo_isolated,1.0,False
23041_8d3ea25c,topo_complex,5,20229_d1ae2ae3,topo_connected,1.0,False
23041_8d3ea25c,topo_complex,6,20899_a8d7c6d5,topo_complex,1.0,True
23041_8d3ea25c,topo_complex,7,21529_93e51dd9,topo_connected,1.0,False
23041_8d3ea25c,topo_complex,8,22059_b7d76712,topo_connected,1.0,False
23041_8d3ea25c,topo_complex,9,20858_15bdad00,topo_complex,1.0,True
23041_8d3ea25c,topo_complex,10,23434_6635ed57,topo_connected,1.0,False
22241_535ad84b,topo_isolated,1,21448_5646a1b6,topo_minimal,1.0,False
22241_535ad84b,topo_isolated,2,20807_88c198d5,topo_isolated,1.0,True
22241_535ad84b,topo_isolated,3,22136_a539c50b,topo_isolated,1.0,True
22241_535ad84b,topo_isolated,4,20429_9dd95c38,topo_isolated,1.0,True
22241_535ad84b,topo_isolated,5,20758_cdccf572,topo_moderate,1.0,False
22241_535ad84b,topo_isolated,6,20806_ca60b7ae,topo_minimal,1.0,False
22241_535ad84b,topo_isolated,7,20551_ff28a959,topo_isolated,1.0,True
22241_535ad84b,topo_isolated,8,22236_db209dff,topo_minimal,1.0,False
22241_535ad84b,topo_isolated,9,21257_770fee9a,topo_isolated,1.0,True
22241_535ad84b,topo_isolated,10,22283_36ba29c9,topo_minimal,1.0,False
23022_86e6a8a0,topo_moderate,1,20801_0796e2ee,topo_isolated,1.0,False
23022_86e6a8a0,topo_moderate,2,22378_234fea2c,topo_moderate,1.0,True
23022_86e6a8a0,topo_moderate,3,21616_c6c3347a,topo_isolated,1.0,False
23022_86e6a8a0,topo_moderate,4,23439_18900af2,topo_minimal,1.0,False
23022_86e6a8a0,topo_moderate,5,23006_92c5b990,topo_moderate,1.0,True
23022_86e6a8a0,topo_moderate,6,23435_e1c96b4d,topo_moderate,1.0,True
23022_86e6a8a0,topo_moderate,7,22053_de30641b,topo_minimal,1.0,False
23022_86e6a8a0,topo_moderate,8,20259_de1ab632,topo_minimal,1.0,False
23022_86e6a8a0,topo_moderate,9,22891_b8c84495,topo_moderate,1.0,True
23022_86e6a8a0,topo_moderate,10,20467_f1fcc009,topo_isolated,1.0,False
23053_139f2009,topo_complex,1,21700_28d193ac,topo_complex,1.0,True
23053_139f2009,topo_complex,2,20500_e88d8065,topo_connected,1.0,False
23053_139f2009,topo_complex,3,20246_40be7668,topo_moderate,1.0,False
23053_139f2009,topo_complex,4,19566_19d85d3b,topo_complex,1.0,True
23053_139f2009,topo_complex,5,21024_9be3d461,topo_moderate,1.0,False
23053_139f2009,topo_complex,6,21352_d60bc953,topo_minimal,1.0,False
23053_139f2009,topo_complex,7,22442_7d5c5d5f,topo_moderate,1.0,False
23053_139f2009,topo_complex,8,21093_1bda9bbe,topo_isolated,1.0,False
23053_139f2009,topo_complex,9,20544_43691724,topo_complex,1.0,True
23053_139f2009,topo_complex,10,22491_a33562ad,topo_complex,1.0,True
23037_d0df320c,topo_minimal,1,22654_4c426b0f,topo_moderate,1.0,False
23037_d0df320c,topo_minimal,2,21271_ec7f62b8,topo_connected,1.0,False
23037_d0df320c,topo_minimal,3,21478_8fbd4409,topo_moderate,1.0,False
23037_d0df320c,topo_minimal,4,23178_eb4b4280,topo_minimal,1.0,True
23037_d0df320c,topo_minimal,5,20682_e208cc63,topo_isolated,1.0,False
23037_d0df320c,topo_minimal,6,7780_6c885e81,topo_complex,1.0,False
23037_d0df320c,topo_minimal,7,21037_62248d34,topo_minimal,1.0,True
23037_d0df320c,topo_minimal,8,21840_6847d36c,topo_isolated,1.0,False
23037_d0df320c,topo_minimal,9,22762_dcbdd14d,topo_minimal,1.0,True
23037_d0df320c,topo_minimal,10,20502_58b65de9,topo_connected,1.0,False
22416_4cd31921,topo_connected,1,22421_19401bdd,topo_complex,1.0,False
22416_4cd31921,topo_connected,2,22278_12f1fb79,topo_minimal,1.0,False
22416_4cd31921,topo_connected,3,23155_d7305c5f,topo_complex,1.0,False
22416_4cd31921,topo_connected,4,23217_7c6062e3,topo_connected,1.0,True
22416_4cd31921,topo_connected,5,21134_7aa7cd89,topo_complex,1.0,False
22416_4cd31921,topo_connected,6,22419_dfeb5d33,topo_complex,1.0,False
22416_4cd31921,topo_connected,7,21839_a8eb6d34,topo_isolated,1.0,False
22416_4cd31921,topo_connected,8,23258_87a2ba81,topo_complex,1.0,False
22416_4cd31921,topo_connected,9,21697_06656699,topo_connected,1.0,True
22416_4cd31921,topo_connected,10,21316_69ed56f5,topo_complex,1.0,False
21391_78fc6345,topo_moderate,1,20801_0796e2ee,topo_isolated,1.0,False
21391_78fc6345,topo_moderate,2,22378_234fea2c,topo_moderate,1.0,True
21391_78fc6345,topo_moderate,3,21616_c6c3347a,topo_isolated,1.0,False
21391_78fc6345,topo_moderate,4,23439_18900af2,topo_minimal,1.0,False
21391_78fc6345,topo_moderate,5,23006_92c5b990,topo_moderate,1.0,True
21391_78fc6345,topo_moderate,6,23435_e1c96b4d,topo_moderate,1.0,True
21391_78fc6345,topo_moderate,7,22053_de30641b,topo_minimal,1.0,False
21391_78fc6345,topo_moderate,8,20259_de1ab632,topo_minimal,1.0,False
21391_78fc6345,topo_moderate,9,22891_b8c84495,topo_moderate,1.0,True
21391_78fc6345,topo_moderate,10,20467_f1fcc009,topo_isolated,1.0,False
21134_7aa7cd89,topo_complex,1,22421_19401bdd,topo_complex,1.0,True
21134_7aa7cd89,topo_complex,2,22028_776fbf0d,topo_complex,1.0,True
21134_7aa7cd89,topo_complex,3,23155_d7305c5f,topo_complex,1.0,True
21134_7aa7cd89,topo_complex,4,23217_7c6062e3,topo_connected,1.0,False
21134_7aa7cd89,topo_complex,5,22419_dfeb5d33,topo_complex,1.0,True
21134_7aa7cd89,topo_complex,6,21839_a8eb6d34,topo_isolated,1.0,False
21134_7aa7cd89,topo_complex,7,23258_87a2ba81,topo_complex,1.0,True
21134_7aa7cd89,topo_complex,8,21316_69ed56f5,topo_complex,1.0,True
21134_7aa7cd89,topo_complex,9,21697_06656699,topo_connected,1.0,False
21134_7aa7cd89,topo_complex,10,21845_dff8b3a1,topo_complex,1.0,True
21700_28d193ac,topo_complex,1,20787_ed64ff5e,topo_moderate,1.0,False
21700_28d193ac,topo_complex,2,23144_88ca00a5,topo_connected,1.0,False
21700_28d193ac,topo_complex,3,20870_dedaef5b,topo_complex,1.0,True
21700_28d193ac,topo_complex,4,7778_3a9748b3,topo_complex,1.0,True
21700_28d193ac,topo_complex,5,21557_53eafe15,topo_complex,1.0,True
21700_28d193ac,topo_complex,6,21582_a3d32115,topo_moderate,1.0,False
21700_28d193ac,topo_complex,7,22581_406c16c4,topo_moderate,1.0,False
21700_28d193ac,topo_complex,8,20165_2b088be5,topo_complex,1.0,True
21700_28d193ac,topo_complex,9,21926_b4c7068b,topo_complex,1.0,True
21700_28d193ac,topo_complex,10,23235_f9ccb8b0,topo_connected,1.0,False
