Subject,Predicate,Object
SimpleRotor,rdfs:subClassOf,EngineeringAssembly
SymmetricRotor,rdfs:subClassOf,EngineeringAssembly
MediumRotor,rdfs:subClassOf,EngineeringAssembly
HighComplexityRotor,rdfs:subClassOf,EngineeringAssembly
ComplexAssembly,rdfs:subClassOf,EngineeringAssembly
Steel,rdfs:subClassOf,EngineeringMaterial
Aluminum,rdfs:subClassOf,EngineeringMaterial
Plastic,rdfs:subClassOf,EngineeringMaterial
Wood,rdfs:subClassOf,EngineeringMaterial
Composite,rdfs:subClassOf,EngineeringMaterial
OtherEngineeringMaterial,rdfs:subClassOf,EngineeringMaterial
TopologyFeature,rdfs:subClassOf,EngineeringFeature
PhysicalFeature,rdfs:subClassOf,EngineeringFeature
StructuralFeature,rdfs:subClassOf,EngineeringFeature
EdgeCount,rdfs:subClassOf,TopologyFeature
FaceCount,rdfs:subClassOf,TopologyFeature
GeometricComplexity,rdfs:subClassOf,TopologyFeature
Mass,rdfs:subClassOf,PhysicalFeature
Volume,rdfs:subClassOf,PhysicalFeature
ComponentCount,rdfs:subClassOf,StructuralFeature
RotationalSymmetry,rdfs:subClassOf,StructuralFeature
21448_5646a1b6,rdf:type,SimpleRotor
21448_5646a1b6,hasMaterial,Steel
21448_5646a1b6,belongsToFamily,simple_rotor
21448_5646a1b6,hasComplexityLevel,Low
21448_5646a1b6,hasTopology,Sparse
21448_5646a1b6,hasStructure,Symmetric
21448_5646a1b6,hasMassCategory,LightWeight
21448_5646a1b6,hasVolumeCategory,SmallVolume
22312_3f366a4a,rdf:type,SymmetricRotor
22312_3f366a4a,hasMaterial,Steel
22312_3f366a4a,belongsToFamily,symmetric_rotor
22312_3f366a4a,hasComplexityLevel,Medium
22312_3f366a4a,hasTopology,Moderate
22312_3f366a4a,hasStructure,Symmetric
22312_3f366a4a,hasMassCategory,MediumWeight
22312_3f366a4a,hasVolumeCategory,MediumVolume
20756_75f43564,rdf:type,SimpleRotor
20756_75f43564,hasMaterial,Steel
20756_75f43564,belongsToFamily,simple_rotor
20756_75f43564,hasComplexityLevel,Low
20756_75f43564,hasTopology,Sparse
20756_75f43564,hasStructure,Asymmetric
20756_75f43564,hasMassCategory,LightWeight
20756_75f43564,hasVolumeCategory,SmallVolume
21708_e61bd657,rdf:type,ComplexAssembly
21708_e61bd657,hasMaterial,Steel
21708_e61bd657,belongsToFamily,complex_assembly
21708_e61bd657,hasComplexityLevel,High
21708_e61bd657,hasTopology,Dense
21708_e61bd657,hasStructure,Asymmetric
21708_e61bd657,hasMassCategory,HeavyWeight
21708_e61bd657,hasVolumeCategory,LargeVolume
23311_ad36a9ec,rdf:type,SimpleRotor
23311_ad36a9ec,hasMaterial,Steel
23311_ad36a9ec,belongsToFamily,simple_rotor
23311_ad36a9ec,hasComplexityLevel,Low
23311_ad36a9ec,hasTopology,Sparse
23311_ad36a9ec,hasStructure,Asymmetric
23311_ad36a9ec,hasMassCategory,MediumWeight
23311_ad36a9ec,hasVolumeCategory,MediumVolume
22680_1f4026f6,rdf:type,MediumRotor
22680_1f4026f6,hasMaterial,Steel
22680_1f4026f6,belongsToFamily,medium_rotor
22680_1f4026f6,hasComplexityLevel,Medium
22680_1f4026f6,hasTopology,Moderate
22680_1f4026f6,hasStructure,Asymmetric
22680_1f4026f6,hasMassCategory,MediumWeight
22680_1f4026f6,hasVolumeCategory,MediumVolume
21265_7329c813,rdf:type,SimpleRotor
21265_7329c813,hasMaterial,Steel
21265_7329c813,belongsToFamily,simple_rotor
21265_7329c813,hasComplexityLevel,Low
21265_7329c813,hasTopology,Sparse
21265_7329c813,hasStructure,Asymmetric
21265_7329c813,hasMassCategory,LightWeight
21265_7329c813,hasVolumeCategory,MediumVolume
22832_731d3b9f,rdf:type,MediumRotor
22832_731d3b9f,hasMaterial,Steel
22832_731d3b9f,belongsToFamily,medium_rotor
22832_731d3b9f,hasComplexityLevel,Medium
22832_731d3b9f,hasTopology,Moderate
22832_731d3b9f,hasStructure,Asymmetric
22832_731d3b9f,hasMassCategory,LightWeight
22832_731d3b9f,hasVolumeCategory,MediumVolume
23476_705b76d1,rdf:type,MediumRotor
23476_705b76d1,hasMaterial,Steel
23476_705b76d1,belongsToFamily,medium_rotor
23476_705b76d1,hasComplexityLevel,Medium
23476_705b76d1,hasTopology,Moderate
23476_705b76d1,hasStructure,Asymmetric
23476_705b76d1,hasMassCategory,MediumWeight
23476_705b76d1,hasVolumeCategory,MediumVolume
22131_6b4b60f8,rdf:type,SimpleRotor
22131_6b4b60f8,hasMaterial,Steel
22131_6b4b60f8,belongsToFamily,simple_rotor
22131_6b4b60f8,hasComplexityLevel,Low
22131_6b4b60f8,hasTopology,Sparse
22131_6b4b60f8,hasStructure,Asymmetric
22131_6b4b60f8,hasMassCategory,MediumWeight
22131_6b4b60f8,hasVolumeCategory,MediumVolume
20994_9c88b1ba,rdf:type,SimpleRotor
20994_9c88b1ba,hasMaterial,Steel
20994_9c88b1ba,belongsToFamily,simple_rotor
20994_9c88b1ba,hasComplexityLevel,Low
20994_9c88b1ba,hasTopology,Sparse
20994_9c88b1ba,hasStructure,Asymmetric
20994_9c88b1ba,hasMassCategory,LightWeight
20994_9c88b1ba,hasVolumeCategory,SmallVolume
22026_62afa265,rdf:type,SimpleRotor
22026_62afa265,hasMaterial,Wood
22026_62afa265,belongsToFamily,simple_rotor
22026_62afa265,hasComplexityLevel,Low
22026_62afa265,hasTopology,Sparse
22026_62afa265,hasStructure,Symmetric
22026_62afa265,hasMassCategory,LightWeight
22026_62afa265,hasVolumeCategory,MediumVolume
22021_520ec8c3,rdf:type,MediumRotor
22021_520ec8c3,hasMaterial,Steel
22021_520ec8c3,belongsToFamily,medium_rotor
22021_520ec8c3,hasComplexityLevel,Medium
22021_520ec8c3,hasTopology,Moderate
22021_520ec8c3,hasStructure,Asymmetric
22021_520ec8c3,hasMassCategory,LightWeight
22021_520ec8c3,hasVolumeCategory,MediumVolume
20351_dc6e4e1e,rdf:type,ComplexAssembly
20351_dc6e4e1e,hasMaterial,Steel
20351_dc6e4e1e,belongsToFamily,complex_assembly
20351_dc6e4e1e,hasComplexityLevel,High
20351_dc6e4e1e,hasTopology,Dense
20351_dc6e4e1e,hasStructure,Asymmetric
20351_dc6e4e1e,hasMassCategory,MediumWeight
20351_dc6e4e1e,hasVolumeCategory,MediumVolume
22218_2f85f6ae,rdf:type,MediumRotor
22218_2f85f6ae,hasMaterial,Steel
22218_2f85f6ae,belongsToFamily,medium_rotor
22218_2f85f6ae,hasComplexityLevel,Medium
22218_2f85f6ae,hasTopology,Sparse
22218_2f85f6ae,hasStructure,Asymmetric
22218_2f85f6ae,hasMassCategory,MediumWeight
22218_2f85f6ae,hasVolumeCategory,MediumVolume
21810_718ae2fe,rdf:type,SimpleRotor
21810_718ae2fe,hasMaterial,Steel
21810_718ae2fe,belongsToFamily,simple_rotor
21810_718ae2fe,hasComplexityLevel,Low
21810_718ae2fe,hasTopology,Sparse
21810_718ae2fe,hasStructure,Symmetric
21810_718ae2fe,hasMassCategory,MediumWeight
21810_718ae2fe,hasVolumeCategory,MediumVolume
20215_e2eb3082,rdf:type,MediumRotor
20215_e2eb3082,hasMaterial,Steel
20215_e2eb3082,belongsToFamily,medium_rotor
20215_e2eb3082,hasComplexityLevel,Medium
20215_e2eb3082,hasTopology,Moderate
20215_e2eb3082,hasStructure,Asymmetric
20215_e2eb3082,hasMassCategory,LightWeight
20215_e2eb3082,hasVolumeCategory,SmallVolume
22561_067b78ae,rdf:type,SymmetricRotor
22561_067b78ae,hasMaterial,OtherEngineeringMaterial
22561_067b78ae,belongsToFamily,symmetric_rotor
22561_067b78ae,hasComplexityLevel,Medium
22561_067b78ae,hasTopology,Moderate
22561_067b78ae,hasStructure,Symmetric
22561_067b78ae,hasMassCategory,LightWeight
22561_067b78ae,hasVolumeCategory,SmallVolume
21421_fb12b69b,rdf:type,ComplexAssembly
21421_fb12b69b,hasMaterial,Steel
21421_fb12b69b,belongsToFamily,complex_assembly
21421_fb12b69b,hasComplexityLevel,High
21421_fb12b69b,hasTopology,Dense
21421_fb12b69b,hasStructure,Asymmetric
21421_fb12b69b,hasMassCategory,MediumWeight
21421_fb12b69b,hasVolumeCategory,MediumVolume
22082_39503fa6,rdf:type,MediumRotor
22082_39503fa6,hasMaterial,Steel
22082_39503fa6,belongsToFamily,medium_rotor
22082_39503fa6,hasComplexityLevel,Medium
22082_39503fa6,hasTopology,Moderate
22082_39503fa6,hasStructure,Asymmetric
22082_39503fa6,hasMassCategory,MediumWeight
22082_39503fa6,hasVolumeCategory,MediumVolume
23308_245d257c,rdf:type,MediumRotor
23308_245d257c,hasMaterial,Steel
23308_245d257c,belongsToFamily,medium_rotor
23308_245d257c,hasComplexityLevel,Medium
23308_245d257c,hasTopology,Moderate
23308_245d257c,hasStructure,Asymmetric
23308_245d257c,hasMassCategory,LightWeight
23308_245d257c,hasVolumeCategory,SmallVolume
22844_9b75b8e0,rdf:type,SimpleRotor
22844_9b75b8e0,hasMaterial,Steel
22844_9b75b8e0,belongsToFamily,simple_rotor
22844_9b75b8e0,hasComplexityLevel,Low
22844_9b75b8e0,hasTopology,Sparse
22844_9b75b8e0,hasStructure,Asymmetric
22844_9b75b8e0,hasMassCategory,LightWeight
22844_9b75b8e0,hasVolumeCategory,SmallVolume
20408_b4fda9eb,rdf:type,MediumRotor
20408_b4fda9eb,hasMaterial,Steel
20408_b4fda9eb,belongsToFamily,medium_rotor
20408_b4fda9eb,hasComplexityLevel,Medium
20408_b4fda9eb,hasTopology,Moderate
20408_b4fda9eb,hasStructure,Asymmetric
20408_b4fda9eb,hasMassCategory,LightWeight
20408_b4fda9eb,hasVolumeCategory,SmallVolume
21326_ab4d6c43,rdf:type,SimpleRotor
21326_ab4d6c43,hasMaterial,Steel
21326_ab4d6c43,belongsToFamily,simple_rotor
21326_ab4d6c43,hasComplexityLevel,Low
21326_ab4d6c43,hasTopology,Sparse
21326_ab4d6c43,hasStructure,Asymmetric
21326_ab4d6c43,hasMassCategory,LightWeight
21326_ab4d6c43,hasVolumeCategory,SmallVolume
22211_b1ee53f0,rdf:type,ComplexAssembly
22211_b1ee53f0,hasMaterial,Steel
22211_b1ee53f0,belongsToFamily,complex_assembly
22211_b1ee53f0,hasComplexityLevel,High
22211_b1ee53f0,hasTopology,Dense
22211_b1ee53f0,hasStructure,Symmetric
22211_b1ee53f0,hasMassCategory,MediumWeight
22211_b1ee53f0,hasVolumeCategory,MediumVolume
23211_3aac9c7e,rdf:type,SimpleRotor
23211_3aac9c7e,hasMaterial,Wood
23211_3aac9c7e,belongsToFamily,simple_rotor
23211_3aac9c7e,hasComplexityLevel,Low
23211_3aac9c7e,hasTopology,Sparse
23211_3aac9c7e,hasStructure,Asymmetric
23211_3aac9c7e,hasMassCategory,LightWeight
23211_3aac9c7e,hasVolumeCategory,MediumVolume
20676_9715ec9c,rdf:type,MediumRotor
20676_9715ec9c,hasMaterial,Plastic
20676_9715ec9c,belongsToFamily,medium_rotor
20676_9715ec9c,hasComplexityLevel,Medium
20676_9715ec9c,hasTopology,Moderate
20676_9715ec9c,hasStructure,Asymmetric
20676_9715ec9c,hasMassCategory,LightWeight
20676_9715ec9c,hasVolumeCategory,SmallVolume
20220_3de82b2a,rdf:type,SimpleRotor
20220_3de82b2a,hasMaterial,Steel
20220_3de82b2a,belongsToFamily,simple_rotor
20220_3de82b2a,hasComplexityLevel,Low
20220_3de82b2a,hasTopology,Sparse
20220_3de82b2a,hasStructure,Asymmetric
20220_3de82b2a,hasMassCategory,HeavyWeight
20220_3de82b2a,hasVolumeCategory,LargeVolume
22776_facf9bcf,rdf:type,MediumRotor
22776_facf9bcf,hasMaterial,Steel
22776_facf9bcf,belongsToFamily,medium_rotor
22776_facf9bcf,hasComplexityLevel,Medium
22776_facf9bcf,hasTopology,Moderate
22776_facf9bcf,hasStructure,Asymmetric
22776_facf9bcf,hasMassCategory,MediumWeight
22776_facf9bcf,hasVolumeCategory,MediumVolume
21837_b67d788c,rdf:type,MediumRotor
21837_b67d788c,hasMaterial,Steel
21837_b67d788c,belongsToFamily,medium_rotor
21837_b67d788c,hasComplexityLevel,Medium
21837_b67d788c,hasTopology,Moderate
21837_b67d788c,hasStructure,Asymmetric
21837_b67d788c,hasMassCategory,LightWeight
21837_b67d788c,hasVolumeCategory,SmallVolume
20668_b2f2633e,rdf:type,HighComplexityRotor
20668_b2f2633e,hasMaterial,Steel
20668_b2f2633e,belongsToFamily,high_complexity_rotor
20668_b2f2633e,hasComplexityLevel,High
20668_b2f2633e,hasTopology,Dense
20668_b2f2633e,hasStructure,Asymmetric
20668_b2f2633e,hasMassCategory,LightWeight
20668_b2f2633e,hasVolumeCategory,SmallVolume
21459_a9de5e5b,rdf:type,SimpleRotor
21459_a9de5e5b,hasMaterial,Steel
21459_a9de5e5b,belongsToFamily,simple_rotor
21459_a9de5e5b,hasComplexityLevel,Low
21459_a9de5e5b,hasTopology,Sparse
21459_a9de5e5b,hasStructure,Asymmetric
21459_a9de5e5b,hasMassCategory,LightWeight
21459_a9de5e5b,hasVolumeCategory,SmallVolume
21386_e234c6b6,rdf:type,SymmetricRotor
21386_e234c6b6,hasMaterial,Steel
21386_e234c6b6,belongsToFamily,symmetric_rotor
21386_e234c6b6,hasComplexityLevel,Medium
21386_e234c6b6,hasTopology,Moderate
21386_e234c6b6,hasStructure,Symmetric
21386_e234c6b6,hasMassCategory,MediumWeight
21386_e234c6b6,hasVolumeCategory,MediumVolume
22474_b10fea1a,rdf:type,MediumRotor
22474_b10fea1a,hasMaterial,Steel
22474_b10fea1a,belongsToFamily,medium_rotor
22474_b10fea1a,hasComplexityLevel,Medium
22474_b10fea1a,hasTopology,Moderate
22474_b10fea1a,hasStructure,Asymmetric
22474_b10fea1a,hasMassCategory,MediumWeight
22474_b10fea1a,hasVolumeCategory,MediumVolume
19051_26735260,rdf:type,HighComplexityRotor
19051_26735260,hasMaterial,Steel
19051_26735260,belongsToFamily,high_complexity_rotor
19051_26735260,hasComplexityLevel,High
19051_26735260,hasTopology,Dense
19051_26735260,hasStructure,Asymmetric
19051_26735260,hasMassCategory,MediumWeight
19051_26735260,hasVolumeCategory,MediumVolume
20332_0c2a24aa,rdf:type,SimpleRotor
20332_0c2a24aa,hasMaterial,Steel
20332_0c2a24aa,belongsToFamily,simple_rotor
20332_0c2a24aa,hasComplexityLevel,Low
20332_0c2a24aa,hasTopology,Sparse
20332_0c2a24aa,hasStructure,Asymmetric
20332_0c2a24aa,hasMassCategory,LightWeight
20332_0c2a24aa,hasVolumeCategory,SmallVolume
20807_88c198d5,rdf:type,SimpleRotor
20807_88c198d5,hasMaterial,Steel
20807_88c198d5,belongsToFamily,simple_rotor
20807_88c198d5,hasComplexityLevel,Low
20807_88c198d5,hasTopology,Sparse
20807_88c198d5,hasStructure,Symmetric
20807_88c198d5,hasMassCategory,MediumWeight
20807_88c198d5,hasVolumeCategory,MediumVolume
21825_ce32b0a0,rdf:type,SimpleRotor
21825_ce32b0a0,hasMaterial,Steel
21825_ce32b0a0,belongsToFamily,simple_rotor
21825_ce32b0a0,hasComplexityLevel,Low
21825_ce32b0a0,hasTopology,Sparse
21825_ce32b0a0,hasStructure,Symmetric
21825_ce32b0a0,hasMassCategory,LightWeight
21825_ce32b0a0,hasVolumeCategory,SmallVolume
23366_cc0bc28e,rdf:type,MediumRotor
23366_cc0bc28e,hasMaterial,Steel
23366_cc0bc28e,belongsToFamily,medium_rotor
23366_cc0bc28e,hasComplexityLevel,Medium
23366_cc0bc28e,hasTopology,Sparse
23366_cc0bc28e,hasStructure,Asymmetric
23366_cc0bc28e,hasMassCategory,LightWeight
23366_cc0bc28e,hasVolumeCategory,MediumVolume
22136_a539c50b,rdf:type,SimpleRotor
22136_a539c50b,hasMaterial,Steel
22136_a539c50b,belongsToFamily,simple_rotor
22136_a539c50b,hasComplexityLevel,Low
22136_a539c50b,hasTopology,Sparse
22136_a539c50b,hasStructure,Symmetric
22136_a539c50b,hasMassCategory,LightWeight
22136_a539c50b,hasVolumeCategory,SmallVolume
20414_a33bd0d7,rdf:type,MediumRotor
20414_a33bd0d7,hasMaterial,Steel
20414_a33bd0d7,belongsToFamily,medium_rotor
20414_a33bd0d7,hasComplexityLevel,Medium
20414_a33bd0d7,hasTopology,Sparse
20414_a33bd0d7,hasStructure,Asymmetric
20414_a33bd0d7,hasMassCategory,MediumWeight
20414_a33bd0d7,hasVolumeCategory,MediumVolume
22196_0deb2e34,rdf:type,MediumRotor
22196_0deb2e34,hasMaterial,Plastic
22196_0deb2e34,belongsToFamily,medium_rotor
22196_0deb2e34,hasComplexityLevel,Medium
22196_0deb2e34,hasTopology,Moderate
22196_0deb2e34,hasStructure,Asymmetric
22196_0deb2e34,hasMassCategory,LightWeight
22196_0deb2e34,hasVolumeCategory,SmallVolume
23273_8f301ce3,rdf:type,ComplexAssembly
23273_8f301ce3,hasMaterial,Steel
23273_8f301ce3,belongsToFamily,complex_assembly
23273_8f301ce3,hasComplexityLevel,High
23273_8f301ce3,hasTopology,Dense
23273_8f301ce3,hasStructure,Symmetric
23273_8f301ce3,hasMassCategory,MediumWeight
23273_8f301ce3,hasVolumeCategory,MediumVolume
21063_037107dc,rdf:type,HighComplexityRotor
21063_037107dc,hasMaterial,Steel
21063_037107dc,belongsToFamily,high_complexity_rotor
21063_037107dc,hasComplexityLevel,High
21063_037107dc,hasTopology,Dense
21063_037107dc,hasStructure,Asymmetric
21063_037107dc,hasMassCategory,LightWeight
21063_037107dc,hasVolumeCategory,SmallVolume
23351_6104d55d,rdf:type,SimpleRotor
23351_6104d55d,hasMaterial,Steel
23351_6104d55d,belongsToFamily,simple_rotor
23351_6104d55d,hasComplexityLevel,Low
23351_6104d55d,hasTopology,Sparse
23351_6104d55d,hasStructure,Asymmetric
23351_6104d55d,hasMassCategory,MediumWeight
23351_6104d55d,hasVolumeCategory,MediumVolume
21236_b696e901,rdf:type,ComplexAssembly
21236_b696e901,hasMaterial,Steel
21236_b696e901,belongsToFamily,complex_assembly
21236_b696e901,hasComplexityLevel,High
21236_b696e901,hasTopology,Dense
21236_b696e901,hasStructure,Asymmetric
21236_b696e901,hasMassCategory,MediumWeight
21236_b696e901,hasVolumeCategory,MediumVolume
23321_c9497b79,rdf:type,SimpleRotor
23321_c9497b79,hasMaterial,Steel
23321_c9497b79,belongsToFamily,simple_rotor
23321_c9497b79,hasComplexityLevel,Low
23321_c9497b79,hasTopology,Sparse
23321_c9497b79,hasStructure,Asymmetric
23321_c9497b79,hasMassCategory,MediumWeight
23321_c9497b79,hasVolumeCategory,MediumVolume
21351_675c66b1,rdf:type,ComplexAssembly
21351_675c66b1,hasMaterial,Steel
21351_675c66b1,belongsToFamily,complex_assembly
21351_675c66b1,hasComplexityLevel,High
21351_675c66b1,hasTopology,Dense
21351_675c66b1,hasStructure,Asymmetric
21351_675c66b1,hasMassCategory,HeavyWeight
21351_675c66b1,hasVolumeCategory,LargeVolume
20675_66ac9773,rdf:type,HighComplexityRotor
20675_66ac9773,hasMaterial,Steel
20675_66ac9773,belongsToFamily,high_complexity_rotor
20675_66ac9773,hasComplexityLevel,High
20675_66ac9773,hasTopology,Dense
20675_66ac9773,hasStructure,Symmetric
20675_66ac9773,hasMassCategory,HeavyWeight
20675_66ac9773,hasVolumeCategory,LargeVolume
23238_3c864758,rdf:type,MediumRotor
23238_3c864758,hasMaterial,Steel
23238_3c864758,belongsToFamily,medium_rotor
23238_3c864758,hasComplexityLevel,Medium
23238_3c864758,hasTopology,Sparse
23238_3c864758,hasStructure,Asymmetric
23238_3c864758,hasMassCategory,HeavyWeight
23238_3c864758,hasVolumeCategory,MediumVolume
20193_2da4f0a0,rdf:type,SimpleRotor
20193_2da4f0a0,hasMaterial,Steel
20193_2da4f0a0,belongsToFamily,simple_rotor
20193_2da4f0a0,hasComplexityLevel,Low
20193_2da4f0a0,hasTopology,Sparse
20193_2da4f0a0,hasStructure,Asymmetric
20193_2da4f0a0,hasMassCategory,MediumWeight
20193_2da4f0a0,hasVolumeCategory,MediumVolume
23473_1dfa6e40,rdf:type,MediumRotor
23473_1dfa6e40,hasMaterial,Steel
23473_1dfa6e40,belongsToFamily,medium_rotor
23473_1dfa6e40,hasComplexityLevel,Medium
23473_1dfa6e40,hasTopology,Moderate
23473_1dfa6e40,hasStructure,Asymmetric
23473_1dfa6e40,hasMassCategory,LightWeight
23473_1dfa6e40,hasVolumeCategory,SmallVolume
21709_4dd88551,rdf:type,HighComplexityRotor
21709_4dd88551,hasMaterial,Steel
21709_4dd88551,belongsToFamily,high_complexity_rotor
21709_4dd88551,hasComplexityLevel,High
21709_4dd88551,hasTopology,Dense
21709_4dd88551,hasStructure,Symmetric
21709_4dd88551,hasMassCategory,MediumWeight
21709_4dd88551,hasVolumeCategory,MediumVolume
20646_4cd14a72,rdf:type,SimpleRotor
20646_4cd14a72,hasMaterial,Steel
20646_4cd14a72,belongsToFamily,simple_rotor
20646_4cd14a72,hasComplexityLevel,Low
20646_4cd14a72,hasTopology,Sparse
20646_4cd14a72,hasStructure,Asymmetric
20646_4cd14a72,hasMassCategory,LightWeight
20646_4cd14a72,hasVolumeCategory,SmallVolume
21588_0c48dc5f,rdf:type,SimpleRotor
21588_0c48dc5f,hasMaterial,Steel
21588_0c48dc5f,belongsToFamily,simple_rotor
21588_0c48dc5f,hasComplexityLevel,Low
21588_0c48dc5f,hasTopology,Sparse
21588_0c48dc5f,hasStructure,Asymmetric
21588_0c48dc5f,hasMassCategory,MediumWeight
21588_0c48dc5f,hasVolumeCategory,MediumVolume
23377_690165aa,rdf:type,HighComplexityRotor
23377_690165aa,hasMaterial,Steel
23377_690165aa,belongsToFamily,high_complexity_rotor
23377_690165aa,hasComplexityLevel,High
23377_690165aa,hasTopology,Dense
23377_690165aa,hasStructure,Symmetric
23377_690165aa,hasMassCategory,LightWeight
23377_690165aa,hasVolumeCategory,SmallVolume
23468_a0bfb573,rdf:type,SymmetricRotor
23468_a0bfb573,hasMaterial,Steel
23468_a0bfb573,belongsToFamily,symmetric_rotor
23468_a0bfb573,hasComplexityLevel,Medium
23468_a0bfb573,hasTopology,Moderate
23468_a0bfb573,hasStructure,Symmetric
23468_a0bfb573,hasMassCategory,LightWeight
23468_a0bfb573,hasVolumeCategory,SmallVolume
20468_1c33550a,rdf:type,SimpleRotor
20468_1c33550a,hasMaterial,Steel
20468_1c33550a,belongsToFamily,simple_rotor
20468_1c33550a,hasComplexityLevel,Low
20468_1c33550a,hasTopology,Sparse
20468_1c33550a,hasStructure,Asymmetric
20468_1c33550a,hasMassCategory,LightWeight
20468_1c33550a,hasVolumeCategory,MediumVolume
21176_b5c72bfb,rdf:type,SymmetricRotor
21176_b5c72bfb,hasMaterial,Wood
21176_b5c72bfb,belongsToFamily,symmetric_rotor
21176_b5c72bfb,hasComplexityLevel,Medium
21176_b5c72bfb,hasTopology,Moderate
21176_b5c72bfb,hasStructure,Symmetric
21176_b5c72bfb,hasMassCategory,MediumWeight
21176_b5c72bfb,hasVolumeCategory,LargeVolume
23252_ef165bed,rdf:type,MediumRotor
23252_ef165bed,hasMaterial,Steel
23252_ef165bed,belongsToFamily,medium_rotor
23252_ef165bed,hasComplexityLevel,Medium
23252_ef165bed,hasTopology,Moderate
23252_ef165bed,hasStructure,Asymmetric
23252_ef165bed,hasMassCategory,LightWeight
23252_ef165bed,hasVolumeCategory,SmallVolume
21164_de08f61e,rdf:type,MediumRotor
21164_de08f61e,hasMaterial,OtherEngineeringMaterial
21164_de08f61e,belongsToFamily,medium_rotor
21164_de08f61e,hasComplexityLevel,Medium
21164_de08f61e,hasTopology,Moderate
21164_de08f61e,hasStructure,Asymmetric
21164_de08f61e,hasMassCategory,MediumWeight
21164_de08f61e,hasVolumeCategory,MediumVolume
20789_1809f41f,rdf:type,MediumRotor
20789_1809f41f,hasMaterial,Aluminum
20789_1809f41f,belongsToFamily,medium_rotor
20789_1809f41f,hasComplexityLevel,Medium
20789_1809f41f,hasTopology,Moderate
20789_1809f41f,hasStructure,Asymmetric
20789_1809f41f,hasMassCategory,HeavyWeight
20789_1809f41f,hasVolumeCategory,LargeVolume
22197_66c5655e,rdf:type,MediumRotor
22197_66c5655e,hasMaterial,Plastic
22197_66c5655e,belongsToFamily,medium_rotor
22197_66c5655e,hasComplexityLevel,Medium
22197_66c5655e,hasTopology,Moderate
22197_66c5655e,hasStructure,Asymmetric
22197_66c5655e,hasMassCategory,LightWeight
22197_66c5655e,hasVolumeCategory,MediumVolume
21352_c1101acb,rdf:type,HighComplexityRotor
21352_c1101acb,hasMaterial,Steel
21352_c1101acb,belongsToFamily,high_complexity_rotor
21352_c1101acb,hasComplexityLevel,High
21352_c1101acb,hasTopology,Dense
21352_c1101acb,hasStructure,Symmetric
21352_c1101acb,hasMassCategory,HeavyWeight
21352_c1101acb,hasVolumeCategory,LargeVolume
22376_3ebc82a2,rdf:type,MediumRotor
22376_3ebc82a2,hasMaterial,Steel
22376_3ebc82a2,belongsToFamily,medium_rotor
22376_3ebc82a2,hasComplexityLevel,Medium
22376_3ebc82a2,hasTopology,Moderate
22376_3ebc82a2,hasStructure,Asymmetric
22376_3ebc82a2,hasMassCategory,MediumWeight
22376_3ebc82a2,hasVolumeCategory,MediumVolume
20502_58b65de9,rdf:type,SymmetricRotor
20502_58b65de9,hasMaterial,Steel
20502_58b65de9,belongsToFamily,symmetric_rotor
20502_58b65de9,hasComplexityLevel,Medium
20502_58b65de9,hasTopology,Moderate
20502_58b65de9,hasStructure,Symmetric
20502_58b65de9,hasMassCategory,MediumWeight
20502_58b65de9,hasVolumeCategory,MediumVolume
21153_a2fb81fe,rdf:type,HighComplexityRotor
21153_a2fb81fe,hasMaterial,Steel
21153_a2fb81fe,belongsToFamily,high_complexity_rotor
21153_a2fb81fe,hasComplexityLevel,High
21153_a2fb81fe,hasTopology,Dense
21153_a2fb81fe,hasStructure,Asymmetric
21153_a2fb81fe,hasMassCategory,HeavyWeight
21153_a2fb81fe,hasVolumeCategory,LargeVolume
20409_dafedec6,rdf:type,SimpleRotor
20409_dafedec6,hasMaterial,OtherEngineeringMaterial
20409_dafedec6,belongsToFamily,simple_rotor
20409_dafedec6,hasComplexityLevel,Low
20409_dafedec6,hasTopology,Sparse
20409_dafedec6,hasStructure,Asymmetric
20409_dafedec6,hasMassCategory,LightWeight
20409_dafedec6,hasVolumeCategory,SmallVolume
21492_8bd34fc1,rdf:type,ComplexAssembly
21492_8bd34fc1,hasMaterial,Steel
21492_8bd34fc1,belongsToFamily,complex_assembly
21492_8bd34fc1,hasComplexityLevel,High
21492_8bd34fc1,hasTopology,Dense
21492_8bd34fc1,hasStructure,Symmetric
21492_8bd34fc1,hasMassCategory,MediumWeight
21492_8bd34fc1,hasVolumeCategory,MediumVolume
20622_38dd90d0,rdf:type,HighComplexityRotor
20622_38dd90d0,hasMaterial,Steel
20622_38dd90d0,belongsToFamily,high_complexity_rotor
20622_38dd90d0,hasComplexityLevel,High
20622_38dd90d0,hasTopology,Dense
20622_38dd90d0,hasStructure,Asymmetric
20622_38dd90d0,hasMassCategory,MediumWeight
20622_38dd90d0,hasVolumeCategory,MediumVolume
22428_c1ffa51a,rdf:type,HighComplexityRotor
22428_c1ffa51a,hasMaterial,Steel
22428_c1ffa51a,belongsToFamily,high_complexity_rotor
22428_c1ffa51a,hasComplexityLevel,High
22428_c1ffa51a,hasTopology,Dense
22428_c1ffa51a,hasStructure,Symmetric
22428_c1ffa51a,hasMassCategory,LightWeight
22428_c1ffa51a,hasVolumeCategory,MediumVolume
21047_60d69af3,rdf:type,SimpleRotor
21047_60d69af3,hasMaterial,Steel
21047_60d69af3,belongsToFamily,simple_rotor
21047_60d69af3,hasComplexityLevel,Low
21047_60d69af3,hasTopology,Sparse
21047_60d69af3,hasStructure,Asymmetric
21047_60d69af3,hasMassCategory,LightWeight
21047_60d69af3,hasVolumeCategory,SmallVolume
23215_08a54de0,rdf:type,SimpleRotor
23215_08a54de0,hasMaterial,Steel
23215_08a54de0,belongsToFamily,simple_rotor
23215_08a54de0,hasComplexityLevel,Low
23215_08a54de0,hasTopology,Sparse
23215_08a54de0,hasStructure,Asymmetric
23215_08a54de0,hasMassCategory,HeavyWeight
23215_08a54de0,hasVolumeCategory,LargeVolume
20680_b095cb77,rdf:type,SymmetricRotor
20680_b095cb77,hasMaterial,Plastic
20680_b095cb77,belongsToFamily,symmetric_rotor
20680_b095cb77,hasComplexityLevel,Medium
20680_b095cb77,hasTopology,Moderate
20680_b095cb77,hasStructure,Symmetric
20680_b095cb77,hasMassCategory,LightWeight
20680_b095cb77,hasVolumeCategory,SmallVolume
23130_7417d5b3,rdf:type,HighComplexityRotor
23130_7417d5b3,hasMaterial,Steel
23130_7417d5b3,belongsToFamily,high_complexity_rotor
23130_7417d5b3,hasComplexityLevel,High
23130_7417d5b3,hasTopology,Dense
23130_7417d5b3,hasStructure,Asymmetric
23130_7417d5b3,hasMassCategory,HeavyWeight
23130_7417d5b3,hasVolumeCategory,LargeVolume
22193_c8773ded,rdf:type,HighComplexityRotor
22193_c8773ded,hasMaterial,Steel
22193_c8773ded,belongsToFamily,high_complexity_rotor
22193_c8773ded,hasComplexityLevel,High
22193_c8773ded,hasTopology,Dense
22193_c8773ded,hasStructure,Asymmetric
22193_c8773ded,hasMassCategory,MediumWeight
22193_c8773ded,hasVolumeCategory,MediumVolume
20735_fb18051a,rdf:type,MediumRotor
20735_fb18051a,hasMaterial,Steel
20735_fb18051a,belongsToFamily,medium_rotor
20735_fb18051a,hasComplexityLevel,Medium
20735_fb18051a,hasTopology,Moderate
20735_fb18051a,hasStructure,Asymmetric
20735_fb18051a,hasMassCategory,MediumWeight
20735_fb18051a,hasVolumeCategory,MediumVolume
20989_885bd9b9,rdf:type,SimpleRotor
20989_885bd9b9,hasMaterial,Steel
20989_885bd9b9,belongsToFamily,simple_rotor
20989_885bd9b9,hasComplexityLevel,Low
20989_885bd9b9,hasTopology,Sparse
20989_885bd9b9,hasStructure,Symmetric
20989_885bd9b9,hasMassCategory,LightWeight
20989_885bd9b9,hasVolumeCategory,SmallVolume
20927_826f4b56,rdf:type,SimpleRotor
20927_826f4b56,hasMaterial,Steel
20927_826f4b56,belongsToFamily,simple_rotor
20927_826f4b56,hasComplexityLevel,Low
20927_826f4b56,hasTopology,Sparse
20927_826f4b56,hasStructure,Asymmetric
20927_826f4b56,hasMassCategory,LightWeight
20927_826f4b56,hasVolumeCategory,SmallVolume
21719_d60b8a4a,rdf:type,MediumRotor
21719_d60b8a4a,hasMaterial,Steel
21719_d60b8a4a,belongsToFamily,medium_rotor
21719_d60b8a4a,hasComplexityLevel,Medium
21719_d60b8a4a,hasTopology,Moderate
21719_d60b8a4a,hasStructure,Asymmetric
21719_d60b8a4a,hasMassCategory,LightWeight
21719_d60b8a4a,hasVolumeCategory,SmallVolume
21776_fb0bfbc6,rdf:type,SimpleRotor
21776_fb0bfbc6,hasMaterial,Steel
21776_fb0bfbc6,belongsToFamily,simple_rotor
21776_fb0bfbc6,hasComplexityLevel,Low
21776_fb0bfbc6,hasTopology,Sparse
21776_fb0bfbc6,hasStructure,Asymmetric
21776_fb0bfbc6,hasMassCategory,LightWeight
21776_fb0bfbc6,hasVolumeCategory,SmallVolume
23372_4cb88567,rdf:type,MediumRotor
23372_4cb88567,hasMaterial,Steel
23372_4cb88567,belongsToFamily,medium_rotor
23372_4cb88567,hasComplexityLevel,Medium
23372_4cb88567,hasTopology,Moderate
23372_4cb88567,hasStructure,Asymmetric
23372_4cb88567,hasMassCategory,HeavyWeight
23372_4cb88567,hasVolumeCategory,LargeVolume
22895_4533b542,rdf:type,SimpleRotor
22895_4533b542,hasMaterial,Steel
22895_4533b542,belongsToFamily,simple_rotor
22895_4533b542,hasComplexityLevel,Low
22895_4533b542,hasTopology,Sparse
22895_4533b542,hasStructure,Asymmetric
22895_4533b542,hasMassCategory,LightWeight
22895_4533b542,hasVolumeCategory,SmallVolume
20870_dedaef5b,rdf:type,HighComplexityRotor
20870_dedaef5b,hasMaterial,Steel
20870_dedaef5b,belongsToFamily,high_complexity_rotor
20870_dedaef5b,hasComplexityLevel,High
20870_dedaef5b,hasTopology,Dense
20870_dedaef5b,hasStructure,Asymmetric
20870_dedaef5b,hasMassCategory,LightWeight
20870_dedaef5b,hasVolumeCategory,SmallVolume
22399_97987ada,rdf:type,SymmetricRotor
22399_97987ada,hasMaterial,Steel
22399_97987ada,belongsToFamily,symmetric_rotor
22399_97987ada,hasComplexityLevel,Medium
22399_97987ada,hasTopology,Moderate
22399_97987ada,hasStructure,Symmetric
22399_97987ada,hasMassCategory,LightWeight
22399_97987ada,hasVolumeCategory,MediumVolume
20376_eefa9511,rdf:type,SimpleRotor
20376_eefa9511,hasMaterial,Steel
20376_eefa9511,belongsToFamily,simple_rotor
20376_eefa9511,hasComplexityLevel,Low
20376_eefa9511,hasTopology,Sparse
20376_eefa9511,hasStructure,Asymmetric
20376_eefa9511,hasMassCategory,LightWeight
20376_eefa9511,hasVolumeCategory,SmallVolume
22180_ce7c3bd8,rdf:type,SimpleRotor
22180_ce7c3bd8,hasMaterial,Steel
22180_ce7c3bd8,belongsToFamily,simple_rotor
22180_ce7c3bd8,hasComplexityLevel,Low
22180_ce7c3bd8,hasTopology,Sparse
22180_ce7c3bd8,hasStructure,Asymmetric
22180_ce7c3bd8,hasMassCategory,MediumWeight
22180_ce7c3bd8,hasVolumeCategory,MediumVolume
20421_49bd1188,rdf:type,MediumRotor
20421_49bd1188,hasMaterial,OtherEngineeringMaterial
20421_49bd1188,belongsToFamily,medium_rotor
20421_49bd1188,hasComplexityLevel,Medium
20421_49bd1188,hasTopology,Moderate
20421_49bd1188,hasStructure,Asymmetric
20421_49bd1188,hasMassCategory,MediumWeight
20421_49bd1188,hasVolumeCategory,LargeVolume
20530_2246503a,rdf:type,MediumRotor
20530_2246503a,hasMaterial,Steel
20530_2246503a,belongsToFamily,medium_rotor
20530_2246503a,hasComplexityLevel,Medium
20530_2246503a,hasTopology,Moderate
20530_2246503a,hasStructure,Asymmetric
20530_2246503a,hasMassCategory,LightWeight
20530_2246503a,hasVolumeCategory,MediumVolume
20815_b3d9e6c9,rdf:type,MediumRotor
20815_b3d9e6c9,hasMaterial,Steel
20815_b3d9e6c9,belongsToFamily,medium_rotor
20815_b3d9e6c9,hasComplexityLevel,Medium
20815_b3d9e6c9,hasTopology,Sparse
20815_b3d9e6c9,hasStructure,Asymmetric
20815_b3d9e6c9,hasMassCategory,MediumWeight
20815_b3d9e6c9,hasVolumeCategory,MediumVolume
21809_8bd6b10e,rdf:type,HighComplexityRotor
21809_8bd6b10e,hasMaterial,Steel
21809_8bd6b10e,belongsToFamily,high_complexity_rotor
21809_8bd6b10e,hasComplexityLevel,High
21809_8bd6b10e,hasTopology,Dense
21809_8bd6b10e,hasStructure,Asymmetric
21809_8bd6b10e,hasMassCategory,LightWeight
21809_8bd6b10e,hasVolumeCategory,MediumVolume
22210_649a5363,rdf:type,SimpleRotor
22210_649a5363,hasMaterial,Steel
22210_649a5363,belongsToFamily,simple_rotor
22210_649a5363,hasComplexityLevel,Low
22210_649a5363,hasTopology,Sparse
22210_649a5363,hasStructure,Asymmetric
22210_649a5363,hasMassCategory,MediumWeight
22210_649a5363,hasVolumeCategory,MediumVolume
23195_2629864e,rdf:type,ComplexAssembly
23195_2629864e,hasMaterial,Steel
23195_2629864e,belongsToFamily,complex_assembly
23195_2629864e,hasComplexityLevel,High
23195_2629864e,hasTopology,Dense
23195_2629864e,hasStructure,Asymmetric
23195_2629864e,hasMassCategory,HeavyWeight
23195_2629864e,hasVolumeCategory,LargeVolume
22827_f33929ec,rdf:type,HighComplexityRotor
22827_f33929ec,hasMaterial,Steel
22827_f33929ec,belongsToFamily,high_complexity_rotor
22827_f33929ec,hasComplexityLevel,High
22827_f33929ec,hasTopology,Dense
22827_f33929ec,hasStructure,Asymmetric
22827_f33929ec,hasMassCategory,MediumWeight
22827_f33929ec,hasVolumeCategory,MediumVolume
20745_3e22ad07,rdf:type,HighComplexityRotor
20745_3e22ad07,hasMaterial,Steel
20745_3e22ad07,belongsToFamily,high_complexity_rotor
20745_3e22ad07,hasComplexityLevel,High
20745_3e22ad07,hasTopology,Dense
20745_3e22ad07,hasStructure,Symmetric
20745_3e22ad07,hasMassCategory,MediumWeight
20745_3e22ad07,hasVolumeCategory,MediumVolume
21779_b99623fc,rdf:type,MediumRotor
21779_b99623fc,hasMaterial,Steel
21779_b99623fc,belongsToFamily,medium_rotor
21779_b99623fc,hasComplexityLevel,Medium
21779_b99623fc,hasTopology,Moderate
21779_b99623fc,hasStructure,Asymmetric
21779_b99623fc,hasMassCategory,LightWeight
21779_b99623fc,hasVolumeCategory,SmallVolume
20212_5d1f2de1,rdf:type,SimpleRotor
20212_5d1f2de1,hasMaterial,Steel
20212_5d1f2de1,belongsToFamily,simple_rotor
20212_5d1f2de1,hasComplexityLevel,Low
20212_5d1f2de1,hasTopology,Sparse
20212_5d1f2de1,hasStructure,Asymmetric
20212_5d1f2de1,hasMassCategory,LightWeight
20212_5d1f2de1,hasVolumeCategory,SmallVolume
21550_0b16151d,rdf:type,MediumRotor
21550_0b16151d,hasMaterial,Steel
21550_0b16151d,belongsToFamily,medium_rotor
21550_0b16151d,hasComplexityLevel,Medium
21550_0b16151d,hasTopology,Moderate
21550_0b16151d,hasStructure,Asymmetric
21550_0b16151d,hasMassCategory,LightWeight
21550_0b16151d,hasVolumeCategory,SmallVolume
23209_1592b0a4,rdf:type,SimpleRotor
23209_1592b0a4,hasMaterial,Wood
23209_1592b0a4,belongsToFamily,simple_rotor
23209_1592b0a4,hasComplexityLevel,Low
23209_1592b0a4,hasTopology,Sparse
23209_1592b0a4,hasStructure,Asymmetric
23209_1592b0a4,hasMassCategory,LightWeight
23209_1592b0a4,hasVolumeCategory,MediumVolume
22498_b8bdb105,rdf:type,SimpleRotor
22498_b8bdb105,hasMaterial,Plastic
22498_b8bdb105,belongsToFamily,simple_rotor
22498_b8bdb105,hasComplexityLevel,Low
22498_b8bdb105,hasTopology,Sparse
22498_b8bdb105,hasStructure,Asymmetric
22498_b8bdb105,hasMassCategory,LightWeight
22498_b8bdb105,hasVolumeCategory,SmallVolume
23380_abffc859,rdf:type,MediumRotor
23380_abffc859,hasMaterial,Steel
23380_abffc859,belongsToFamily,medium_rotor
23380_abffc859,hasComplexityLevel,Medium
23380_abffc859,hasTopology,Moderate
23380_abffc859,hasStructure,Asymmetric
23380_abffc859,hasMassCategory,MediumWeight
23380_abffc859,hasVolumeCategory,MediumVolume
20389_c835706f,rdf:type,MediumRotor
20389_c835706f,hasMaterial,OtherEngineeringMaterial
20389_c835706f,belongsToFamily,medium_rotor
20389_c835706f,hasComplexityLevel,Medium
20389_c835706f,hasTopology,Moderate
20389_c835706f,hasStructure,Asymmetric
20389_c835706f,hasMassCategory,MediumWeight
20389_c835706f,hasVolumeCategory,MediumVolume
21429_6d2d3974,rdf:type,MediumRotor
21429_6d2d3974,hasMaterial,Steel
21429_6d2d3974,belongsToFamily,medium_rotor
21429_6d2d3974,hasComplexityLevel,Medium
21429_6d2d3974,hasTopology,Moderate
21429_6d2d3974,hasStructure,Asymmetric
21429_6d2d3974,hasMassCategory,HeavyWeight
21429_6d2d3974,hasVolumeCategory,LargeVolume
21843_effbd24d,rdf:type,HighComplexityRotor
21843_effbd24d,hasMaterial,Steel
21843_effbd24d,belongsToFamily,high_complexity_rotor
21843_effbd24d,hasComplexityLevel,High
21843_effbd24d,hasTopology,Dense
21843_effbd24d,hasStructure,Symmetric
21843_effbd24d,hasMassCategory,LightWeight
21843_effbd24d,hasVolumeCategory,SmallVolume
23439_18900af2,rdf:type,SimpleRotor
23439_18900af2,hasMaterial,Steel
23439_18900af2,belongsToFamily,simple_rotor
23439_18900af2,hasComplexityLevel,Low
23439_18900af2,hasTopology,Sparse
23439_18900af2,hasStructure,Asymmetric
23439_18900af2,hasMassCategory,MediumWeight
23439_18900af2,hasVolumeCategory,MediumVolume
21737_87d83240,rdf:type,MediumRotor
21737_87d83240,hasMaterial,Steel
21737_87d83240,belongsToFamily,medium_rotor
21737_87d83240,hasComplexityLevel,Medium
21737_87d83240,hasTopology,Sparse
21737_87d83240,hasStructure,Asymmetric
21737_87d83240,hasMassCategory,MediumWeight
21737_87d83240,hasVolumeCategory,MediumVolume
21496_f4025ad5,rdf:type,MediumRotor
21496_f4025ad5,hasMaterial,Steel
21496_f4025ad5,belongsToFamily,medium_rotor
21496_f4025ad5,hasComplexityLevel,Medium
21496_f4025ad5,hasTopology,Moderate
21496_f4025ad5,hasStructure,Asymmetric
21496_f4025ad5,hasMassCategory,HeavyWeight
21496_f4025ad5,hasVolumeCategory,LargeVolume
22053_de30641b,rdf:type,SimpleRotor
22053_de30641b,hasMaterial,Steel
22053_de30641b,belongsToFamily,simple_rotor
22053_de30641b,hasComplexityLevel,Low
22053_de30641b,hasTopology,Sparse
22053_de30641b,hasStructure,Asymmetric
22053_de30641b,hasMassCategory,MediumWeight
22053_de30641b,hasVolumeCategory,MediumVolume
22891_b8c84495,rdf:type,SimpleRotor
22891_b8c84495,hasMaterial,Steel
22891_b8c84495,belongsToFamily,simple_rotor
22891_b8c84495,hasComplexityLevel,Low
22891_b8c84495,hasTopology,Sparse
22891_b8c84495,hasStructure,Asymmetric
22891_b8c84495,hasMassCategory,LightWeight
22891_b8c84495,hasVolumeCategory,SmallVolume
21390_4d1e2d9c,rdf:type,MediumRotor
21390_4d1e2d9c,hasMaterial,Steel
21390_4d1e2d9c,belongsToFamily,medium_rotor
21390_4d1e2d9c,hasComplexityLevel,Medium
21390_4d1e2d9c,hasTopology,Moderate
21390_4d1e2d9c,hasStructure,Asymmetric
21390_4d1e2d9c,hasMassCategory,LightWeight
21390_4d1e2d9c,hasVolumeCategory,SmallVolume
22378_234fea2c,rdf:type,SimpleRotor
22378_234fea2c,hasMaterial,Steel
22378_234fea2c,belongsToFamily,simple_rotor
22378_234fea2c,hasComplexityLevel,Low
22378_234fea2c,hasTopology,Sparse
22378_234fea2c,hasStructure,Asymmetric
22378_234fea2c,hasMassCategory,LightWeight
22378_234fea2c,hasVolumeCategory,SmallVolume
22659_0e686e14,rdf:type,SymmetricRotor
22659_0e686e14,hasMaterial,Steel
22659_0e686e14,belongsToFamily,symmetric_rotor
22659_0e686e14,hasComplexityLevel,Medium
22659_0e686e14,hasTopology,Moderate
22659_0e686e14,hasStructure,Symmetric
22659_0e686e14,hasMassCategory,LightWeight
22659_0e686e14,hasVolumeCategory,SmallVolume
22304_33009be6,rdf:type,SimpleRotor
22304_33009be6,hasMaterial,Steel
22304_33009be6,belongsToFamily,simple_rotor
22304_33009be6,hasComplexityLevel,Low
22304_33009be6,hasTopology,Sparse
22304_33009be6,hasStructure,Symmetric
22304_33009be6,hasMassCategory,LightWeight
22304_33009be6,hasVolumeCategory,SmallVolume
20765_99d0665e,rdf:type,HighComplexityRotor
20765_99d0665e,hasMaterial,Steel
20765_99d0665e,belongsToFamily,high_complexity_rotor
20765_99d0665e,hasComplexityLevel,High
20765_99d0665e,hasTopology,Dense
20765_99d0665e,hasStructure,Asymmetric
20765_99d0665e,hasMassCategory,HeavyWeight
20765_99d0665e,hasVolumeCategory,LargeVolume
23422_f214bd4d,rdf:type,ComplexAssembly
23422_f214bd4d,hasMaterial,Steel
23422_f214bd4d,belongsToFamily,complex_assembly
23422_f214bd4d,hasComplexityLevel,High
23422_f214bd4d,hasTopology,Dense
23422_f214bd4d,hasStructure,Asymmetric
23422_f214bd4d,hasMassCategory,HeavyWeight
23422_f214bd4d,hasVolumeCategory,LargeVolume
23343_f000bdae,rdf:type,SimpleRotor
23343_f000bdae,hasMaterial,Steel
23343_f000bdae,belongsToFamily,simple_rotor
23343_f000bdae,hasComplexityLevel,Low
23343_f000bdae,hasTopology,Sparse
23343_f000bdae,hasStructure,Asymmetric
23343_f000bdae,hasMassCategory,LightWeight
23343_f000bdae,hasVolumeCategory,SmallVolume
23161_e7f63a9f,rdf:type,HighComplexityRotor
23161_e7f63a9f,hasMaterial,Steel
23161_e7f63a9f,belongsToFamily,high_complexity_rotor
23161_e7f63a9f,hasComplexityLevel,High
23161_e7f63a9f,hasTopology,Moderate
23161_e7f63a9f,hasStructure,Asymmetric
23161_e7f63a9f,hasMassCategory,MediumWeight
23161_e7f63a9f,hasVolumeCategory,MediumVolume
22011_0832eefe,rdf:type,MediumRotor
22011_0832eefe,hasMaterial,Steel
22011_0832eefe,belongsToFamily,medium_rotor
22011_0832eefe,hasComplexityLevel,Medium
22011_0832eefe,hasTopology,Moderate
22011_0832eefe,hasStructure,Asymmetric
22011_0832eefe,hasMassCategory,MediumWeight
22011_0832eefe,hasVolumeCategory,MediumVolume
22214_b098105d,rdf:type,SimpleRotor
22214_b098105d,hasMaterial,Steel
22214_b098105d,belongsToFamily,simple_rotor
22214_b098105d,hasComplexityLevel,Low
22214_b098105d,hasTopology,Sparse
22214_b098105d,hasStructure,Asymmetric
22214_b098105d,hasMassCategory,MediumWeight
22214_b098105d,hasVolumeCategory,MediumVolume
22046_fe3bae6e,rdf:type,MediumRotor
22046_fe3bae6e,hasMaterial,Steel
22046_fe3bae6e,belongsToFamily,medium_rotor
22046_fe3bae6e,hasComplexityLevel,Medium
22046_fe3bae6e,hasTopology,Moderate
22046_fe3bae6e,hasStructure,Asymmetric
22046_fe3bae6e,hasMassCategory,LightWeight
22046_fe3bae6e,hasVolumeCategory,SmallVolume
23204_ff1672a9,rdf:type,ComplexAssembly
23204_ff1672a9,hasMaterial,Steel
23204_ff1672a9,belongsToFamily,complex_assembly
23204_ff1672a9,hasComplexityLevel,High
23204_ff1672a9,hasTopology,Dense
23204_ff1672a9,hasStructure,Asymmetric
23204_ff1672a9,hasMassCategory,MediumWeight
23204_ff1672a9,hasVolumeCategory,MediumVolume
21529_93e51dd9,rdf:type,MediumRotor
21529_93e51dd9,hasMaterial,Steel
21529_93e51dd9,belongsToFamily,medium_rotor
21529_93e51dd9,hasComplexityLevel,Medium
21529_93e51dd9,hasTopology,Moderate
21529_93e51dd9,hasStructure,Asymmetric
21529_93e51dd9,hasMassCategory,LightWeight
21529_93e51dd9,hasVolumeCategory,SmallVolume
20429_419c4cdd,rdf:type,SimpleRotor
20429_419c4cdd,hasMaterial,Steel
20429_419c4cdd,belongsToFamily,simple_rotor
20429_419c4cdd,hasComplexityLevel,Low
20429_419c4cdd,hasTopology,Sparse
20429_419c4cdd,hasStructure,Symmetric
20429_419c4cdd,hasMassCategory,LightWeight
20429_419c4cdd,hasVolumeCategory,SmallVolume
20241_8c0d3f83,rdf:type,SimpleRotor
20241_8c0d3f83,hasMaterial,Steel
20241_8c0d3f83,belongsToFamily,simple_rotor
20241_8c0d3f83,hasComplexityLevel,Low
20241_8c0d3f83,hasTopology,Sparse
20241_8c0d3f83,hasStructure,Asymmetric
20241_8c0d3f83,hasMassCategory,MediumWeight
20241_8c0d3f83,hasVolumeCategory,MediumVolume
20440_27177360,rdf:type,MediumRotor
20440_27177360,hasMaterial,Wood
20440_27177360,belongsToFamily,medium_rotor
20440_27177360,hasComplexityLevel,Medium
20440_27177360,hasTopology,Moderate
20440_27177360,hasStructure,Asymmetric
20440_27177360,hasMassCategory,MediumWeight
20440_27177360,hasVolumeCategory,MediumVolume
20554_abcb705e,rdf:type,MediumRotor
20554_abcb705e,hasMaterial,Steel
20554_abcb705e,belongsToFamily,medium_rotor
20554_abcb705e,hasComplexityLevel,Medium
20554_abcb705e,hasTopology,Moderate
20554_abcb705e,hasStructure,Asymmetric
20554_abcb705e,hasMassCategory,MediumWeight
20554_abcb705e,hasVolumeCategory,MediumVolume
22135_2aa77ff2,rdf:type,SimpleRotor
22135_2aa77ff2,hasMaterial,Steel
22135_2aa77ff2,belongsToFamily,simple_rotor
22135_2aa77ff2,hasComplexityLevel,Low
22135_2aa77ff2,hasTopology,Sparse
22135_2aa77ff2,hasStructure,Asymmetric
22135_2aa77ff2,hasMassCategory,LightWeight
22135_2aa77ff2,hasVolumeCategory,SmallVolume
21204_96d26a7f,rdf:type,HighComplexityRotor
21204_96d26a7f,hasMaterial,Steel
21204_96d26a7f,belongsToFamily,high_complexity_rotor
21204_96d26a7f,hasComplexityLevel,High
21204_96d26a7f,hasTopology,Dense
21204_96d26a7f,hasStructure,Symmetric
21204_96d26a7f,hasMassCategory,MediumWeight
21204_96d26a7f,hasVolumeCategory,MediumVolume
22259_613f9d44,rdf:type,SymmetricRotor
22259_613f9d44,hasMaterial,Steel
22259_613f9d44,belongsToFamily,symmetric_rotor
22259_613f9d44,hasComplexityLevel,Medium
22259_613f9d44,hasTopology,Moderate
22259_613f9d44,hasStructure,Symmetric
22259_613f9d44,hasMassCategory,LightWeight
22259_613f9d44,hasVolumeCategory,SmallVolume
20520_7e357152,rdf:type,MediumRotor
20520_7e357152,hasMaterial,OtherEngineeringMaterial
20520_7e357152,belongsToFamily,medium_rotor
20520_7e357152,hasComplexityLevel,Medium
20520_7e357152,hasTopology,Moderate
20520_7e357152,hasStructure,Asymmetric
20520_7e357152,hasMassCategory,LightWeight
20520_7e357152,hasVolumeCategory,SmallVolume
20802_802b7d69,rdf:type,SimpleRotor
20802_802b7d69,hasMaterial,Steel
20802_802b7d69,belongsToFamily,simple_rotor
20802_802b7d69,hasComplexityLevel,Low
20802_802b7d69,hasTopology,Sparse
20802_802b7d69,hasStructure,Asymmetric
20802_802b7d69,hasMassCategory,LightWeight
20802_802b7d69,hasVolumeCategory,MediumVolume
20392_8b23d193,rdf:type,SimpleRotor
20392_8b23d193,hasMaterial,Steel
20392_8b23d193,belongsToFamily,simple_rotor
20392_8b23d193,hasComplexityLevel,Low
20392_8b23d193,hasTopology,Sparse
20392_8b23d193,hasStructure,Asymmetric
20392_8b23d193,hasMassCategory,LightWeight
20392_8b23d193,hasVolumeCategory,SmallVolume
22178_976d2411,rdf:type,SimpleRotor
22178_976d2411,hasMaterial,Steel
22178_976d2411,belongsToFamily,simple_rotor
22178_976d2411,hasComplexityLevel,Low
22178_976d2411,hasTopology,Sparse
22178_976d2411,hasStructure,Asymmetric
22178_976d2411,hasMassCategory,LightWeight
22178_976d2411,hasVolumeCategory,SmallVolume
22710_77324fc2,rdf:type,MediumRotor
22710_77324fc2,hasMaterial,Steel
22710_77324fc2,belongsToFamily,medium_rotor
22710_77324fc2,hasComplexityLevel,Medium
22710_77324fc2,hasTopology,Moderate
22710_77324fc2,hasStructure,Asymmetric
22710_77324fc2,hasMassCategory,HeavyWeight
22710_77324fc2,hasVolumeCategory,MediumVolume
20245_f1b25d43,rdf:type,HighComplexityRotor
20245_f1b25d43,hasMaterial,Steel
20245_f1b25d43,belongsToFamily,high_complexity_rotor
20245_f1b25d43,hasComplexityLevel,High
20245_f1b25d43,hasTopology,Dense
20245_f1b25d43,hasStructure,Symmetric
20245_f1b25d43,hasMassCategory,MediumWeight
20245_f1b25d43,hasVolumeCategory,MediumVolume
22617_a286f13c,rdf:type,MediumRotor
22617_a286f13c,hasMaterial,Steel
22617_a286f13c,belongsToFamily,medium_rotor
22617_a286f13c,hasComplexityLevel,Medium
22617_a286f13c,hasTopology,Moderate
22617_a286f13c,hasStructure,Asymmetric
22617_a286f13c,hasMassCategory,HeavyWeight
22617_a286f13c,hasVolumeCategory,LargeVolume
23233_ac09e2e5,rdf:type,HighComplexityRotor
23233_ac09e2e5,hasMaterial,Steel
23233_ac09e2e5,belongsToFamily,high_complexity_rotor
23233_ac09e2e5,hasComplexityLevel,High
23233_ac09e2e5,hasTopology,Dense
23233_ac09e2e5,hasStructure,Symmetric
23233_ac09e2e5,hasMassCategory,MediumWeight
23233_ac09e2e5,hasVolumeCategory,MediumVolume
21469_abec26c4,rdf:type,SimpleRotor
21469_abec26c4,hasMaterial,Steel
21469_abec26c4,belongsToFamily,simple_rotor
21469_abec26c4,hasComplexityLevel,Low
21469_abec26c4,hasTopology,Sparse
21469_abec26c4,hasStructure,Asymmetric
21469_abec26c4,hasMassCategory,LightWeight
21469_abec26c4,hasVolumeCategory,SmallVolume
22413_901f5867,rdf:type,ComplexAssembly
22413_901f5867,hasMaterial,Steel
22413_901f5867,belongsToFamily,complex_assembly
22413_901f5867,hasComplexityLevel,High
22413_901f5867,hasTopology,Dense
22413_901f5867,hasStructure,Asymmetric
22413_901f5867,hasMassCategory,MediumWeight
22413_901f5867,hasVolumeCategory,MediumVolume
22061_b50b6b66,rdf:type,MediumRotor
22061_b50b6b66,hasMaterial,Steel
22061_b50b6b66,belongsToFamily,medium_rotor
22061_b50b6b66,hasComplexityLevel,Medium
22061_b50b6b66,hasTopology,Sparse
22061_b50b6b66,hasStructure,Asymmetric
22061_b50b6b66,hasMassCategory,MediumWeight
22061_b50b6b66,hasVolumeCategory,MediumVolume
23475_b14d1dc8,rdf:type,MediumRotor
23475_b14d1dc8,hasMaterial,Steel
23475_b14d1dc8,belongsToFamily,medium_rotor
23475_b14d1dc8,hasComplexityLevel,Medium
23475_b14d1dc8,hasTopology,Moderate
23475_b14d1dc8,hasStructure,Asymmetric
23475_b14d1dc8,hasMassCategory,MediumWeight
23475_b14d1dc8,hasVolumeCategory,MediumVolume
20787_ed64ff5e,rdf:type,ComplexAssembly
20787_ed64ff5e,hasMaterial,Steel
20787_ed64ff5e,belongsToFamily,complex_assembly
20787_ed64ff5e,hasComplexityLevel,High
20787_ed64ff5e,hasTopology,Dense
20787_ed64ff5e,hasStructure,Asymmetric
20787_ed64ff5e,hasMassCategory,HeavyWeight
20787_ed64ff5e,hasVolumeCategory,LargeVolume
20746_57a7b346,rdf:type,HighComplexityRotor
20746_57a7b346,hasMaterial,Steel
20746_57a7b346,belongsToFamily,high_complexity_rotor
20746_57a7b346,hasComplexityLevel,High
20746_57a7b346,hasTopology,Dense
20746_57a7b346,hasStructure,Asymmetric
20746_57a7b346,hasMassCategory,MediumWeight
20746_57a7b346,hasVolumeCategory,MediumVolume
23219_40625e2c,rdf:type,SimpleRotor
23219_40625e2c,hasMaterial,Wood
23219_40625e2c,belongsToFamily,simple_rotor
23219_40625e2c,hasComplexityLevel,Low
23219_40625e2c,hasTopology,Sparse
23219_40625e2c,hasStructure,Asymmetric
23219_40625e2c,hasMassCategory,LightWeight
23219_40625e2c,hasVolumeCategory,MediumVolume
22311_553b3456,rdf:type,SymmetricRotor
22311_553b3456,hasMaterial,Steel
22311_553b3456,belongsToFamily,symmetric_rotor
22311_553b3456,hasComplexityLevel,Medium
22311_553b3456,hasTopology,Moderate
22311_553b3456,hasStructure,Symmetric
22311_553b3456,hasMassCategory,MediumWeight
22311_553b3456,hasVolumeCategory,MediumVolume
22017_6d3be48d,rdf:type,MediumRotor
22017_6d3be48d,hasMaterial,Steel
22017_6d3be48d,belongsToFamily,medium_rotor
22017_6d3be48d,hasComplexityLevel,Medium
22017_6d3be48d,hasTopology,Moderate
22017_6d3be48d,hasStructure,Asymmetric
22017_6d3be48d,hasMassCategory,HeavyWeight
22017_6d3be48d,hasVolumeCategory,LargeVolume
21091_bbf490e7,rdf:type,MediumRotor
21091_bbf490e7,hasMaterial,Steel
21091_bbf490e7,belongsToFamily,medium_rotor
21091_bbf490e7,hasComplexityLevel,Medium
21091_bbf490e7,hasTopology,Moderate
21091_bbf490e7,hasStructure,Asymmetric
21091_bbf490e7,hasMassCategory,MediumWeight
21091_bbf490e7,hasVolumeCategory,MediumVolume
23480_3f7a8d50,rdf:type,MediumRotor
23480_3f7a8d50,hasMaterial,Steel
23480_3f7a8d50,belongsToFamily,medium_rotor
23480_3f7a8d50,hasComplexityLevel,Medium
23480_3f7a8d50,hasTopology,Moderate
23480_3f7a8d50,hasStructure,Asymmetric
23480_3f7a8d50,hasMassCategory,HeavyWeight
23480_3f7a8d50,hasVolumeCategory,LargeVolume
20814_5a2be0fb,rdf:type,SimpleRotor
20814_5a2be0fb,hasMaterial,OtherEngineeringMaterial
20814_5a2be0fb,belongsToFamily,simple_rotor
20814_5a2be0fb,hasComplexityLevel,Low
20814_5a2be0fb,hasTopology,Sparse
20814_5a2be0fb,hasStructure,Asymmetric
20814_5a2be0fb,hasMassCategory,LightWeight
20814_5a2be0fb,hasVolumeCategory,MediumVolume
22654_4c426b0f,rdf:type,SymmetricRotor
22654_4c426b0f,hasMaterial,Steel
22654_4c426b0f,belongsToFamily,symmetric_rotor
22654_4c426b0f,hasComplexityLevel,Medium
22654_4c426b0f,hasTopology,Moderate
22654_4c426b0f,hasStructure,Symmetric
22654_4c426b0f,hasMassCategory,LightWeight
22654_4c426b0f,hasVolumeCategory,SmallVolume
21594_428d32af,rdf:type,MediumRotor
21594_428d32af,hasMaterial,Steel
21594_428d32af,belongsToFamily,medium_rotor
21594_428d32af,hasComplexityLevel,Medium
21594_428d32af,hasTopology,Moderate
21594_428d32af,hasStructure,Asymmetric
21594_428d32af,hasMassCategory,HeavyWeight
21594_428d32af,hasVolumeCategory,LargeVolume
22270_c6999138,rdf:type,SimpleRotor
22270_c6999138,hasMaterial,Steel
22270_c6999138,belongsToFamily,simple_rotor
22270_c6999138,hasComplexityLevel,Low
22270_c6999138,hasTopology,Sparse
22270_c6999138,hasStructure,Asymmetric
22270_c6999138,hasMassCategory,MediumWeight
22270_c6999138,hasVolumeCategory,MediumVolume
21062_c4ed6d45,rdf:type,SimpleRotor
21062_c4ed6d45,hasMaterial,Steel
21062_c4ed6d45,belongsToFamily,simple_rotor
21062_c4ed6d45,hasComplexityLevel,Low
21062_c4ed6d45,hasTopology,Sparse
21062_c4ed6d45,hasStructure,Asymmetric
21062_c4ed6d45,hasMassCategory,HeavyWeight
21062_c4ed6d45,hasVolumeCategory,LargeVolume
21816_3891a442,rdf:type,MediumRotor
21816_3891a442,hasMaterial,Steel
21816_3891a442,belongsToFamily,medium_rotor
21816_3891a442,hasComplexityLevel,Medium
21816_3891a442,hasTopology,Moderate
21816_3891a442,hasStructure,Asymmetric
21816_3891a442,hasMassCategory,MediumWeight
21816_3891a442,hasVolumeCategory,MediumVolume
21912_3f74887c,rdf:type,MediumRotor
21912_3f74887c,hasMaterial,Steel
21912_3f74887c,belongsToFamily,medium_rotor
21912_3f74887c,hasComplexityLevel,Medium
21912_3f74887c,hasTopology,Moderate
21912_3f74887c,hasStructure,Asymmetric
21912_3f74887c,hasMassCategory,LightWeight
21912_3f74887c,hasVolumeCategory,SmallVolume
22577_cd96733e,rdf:type,MediumRotor
22577_cd96733e,hasMaterial,Steel
22577_cd96733e,belongsToFamily,medium_rotor
22577_cd96733e,hasComplexityLevel,Medium
22577_cd96733e,hasTopology,Moderate
22577_cd96733e,hasStructure,Asymmetric
22577_cd96733e,hasMassCategory,LightWeight
22577_cd96733e,hasVolumeCategory,SmallVolume
21590_7d092186,rdf:type,MediumRotor
21590_7d092186,hasMaterial,Steel
21590_7d092186,belongsToFamily,medium_rotor
21590_7d092186,hasComplexityLevel,Medium
21590_7d092186,hasTopology,Moderate
21590_7d092186,hasStructure,Asymmetric
21590_7d092186,hasMassCategory,MediumWeight
21590_7d092186,hasVolumeCategory,MediumVolume
21647_6b6cca6f,rdf:type,ComplexAssembly
21647_6b6cca6f,hasMaterial,Steel
21647_6b6cca6f,belongsToFamily,complex_assembly
21647_6b6cca6f,hasComplexityLevel,High
21647_6b6cca6f,hasTopology,Dense
21647_6b6cca6f,hasStructure,Symmetric
21647_6b6cca6f,hasMassCategory,HeavyWeight
21647_6b6cca6f,hasVolumeCategory,LargeVolume
20342_c140780b,rdf:type,SimpleRotor
20342_c140780b,hasMaterial,Steel
20342_c140780b,belongsToFamily,simple_rotor
20342_c140780b,hasComplexityLevel,Low
20342_c140780b,hasTopology,Sparse
20342_c140780b,hasStructure,Asymmetric
20342_c140780b,hasMassCategory,LightWeight
20342_c140780b,hasVolumeCategory,SmallVolume
21982_bdafa78d,rdf:type,SymmetricRotor
21982_bdafa78d,hasMaterial,Steel
21982_bdafa78d,belongsToFamily,symmetric_rotor
21982_bdafa78d,hasComplexityLevel,Medium
21982_bdafa78d,hasTopology,Moderate
21982_bdafa78d,hasStructure,Symmetric
21982_bdafa78d,hasMassCategory,HeavyWeight
21982_bdafa78d,hasVolumeCategory,LargeVolume
20232_e5b060d9,rdf:type,SimpleRotor
20232_e5b060d9,hasMaterial,Steel
20232_e5b060d9,belongsToFamily,simple_rotor
20232_e5b060d9,hasComplexityLevel,Low
20232_e5b060d9,hasTopology,Sparse
20232_e5b060d9,hasStructure,Asymmetric
20232_e5b060d9,hasMassCategory,LightWeight
20232_e5b060d9,hasVolumeCategory,SmallVolume
22852_dc1dbed6,rdf:type,MediumRotor
22852_dc1dbed6,hasMaterial,Steel
22852_dc1dbed6,belongsToFamily,medium_rotor
22852_dc1dbed6,hasComplexityLevel,Medium
22852_dc1dbed6,hasTopology,Moderate
22852_dc1dbed6,hasStructure,Asymmetric
22852_dc1dbed6,hasMassCategory,HeavyWeight
22852_dc1dbed6,hasVolumeCategory,LargeVolume
22666_bdaa1303,rdf:type,MediumRotor
22666_bdaa1303,hasMaterial,Steel
22666_bdaa1303,belongsToFamily,medium_rotor
22666_bdaa1303,hasComplexityLevel,Medium
22666_bdaa1303,hasTopology,Moderate
22666_bdaa1303,hasStructure,Asymmetric
22666_bdaa1303,hasMassCategory,LightWeight
22666_bdaa1303,hasVolumeCategory,SmallVolume
21977_ce9f4e71,rdf:type,HighComplexityRotor
21977_ce9f4e71,hasMaterial,Steel
21977_ce9f4e71,belongsToFamily,high_complexity_rotor
21977_ce9f4e71,hasComplexityLevel,High
21977_ce9f4e71,hasTopology,Dense
21977_ce9f4e71,hasStructure,Symmetric
21977_ce9f4e71,hasMassCategory,LightWeight
21977_ce9f4e71,hasVolumeCategory,SmallVolume
22404_66db7dd7,rdf:type,ComplexAssembly
22404_66db7dd7,hasMaterial,Steel
22404_66db7dd7,belongsToFamily,complex_assembly
22404_66db7dd7,hasComplexityLevel,High
22404_66db7dd7,hasTopology,Dense
22404_66db7dd7,hasStructure,Asymmetric
22404_66db7dd7,hasMassCategory,LightWeight
22404_66db7dd7,hasVolumeCategory,SmallVolume
22374_aa5bb54d,rdf:type,SimpleRotor
22374_aa5bb54d,hasMaterial,Steel
22374_aa5bb54d,belongsToFamily,simple_rotor
22374_aa5bb54d,hasComplexityLevel,Low
22374_aa5bb54d,hasTopology,Sparse
22374_aa5bb54d,hasStructure,Asymmetric
22374_aa5bb54d,hasMassCategory,LightWeight
22374_aa5bb54d,hasVolumeCategory,SmallVolume
22907_ff18dbd5,rdf:type,SimpleRotor
22907_ff18dbd5,hasMaterial,Steel
22907_ff18dbd5,belongsToFamily,simple_rotor
22907_ff18dbd5,hasComplexityLevel,Low
22907_ff18dbd5,hasTopology,Sparse
22907_ff18dbd5,hasStructure,Asymmetric
22907_ff18dbd5,hasMassCategory,LightWeight
22907_ff18dbd5,hasVolumeCategory,SmallVolume
20801_0796e2ee,rdf:type,SimpleRotor
20801_0796e2ee,hasMaterial,Steel
20801_0796e2ee,belongsToFamily,simple_rotor
20801_0796e2ee,hasComplexityLevel,Low
20801_0796e2ee,hasTopology,Sparse
20801_0796e2ee,hasStructure,Asymmetric
20801_0796e2ee,hasMassCategory,LightWeight
20801_0796e2ee,hasVolumeCategory,MediumVolume
22045_ead71aca,rdf:type,MediumRotor
22045_ead71aca,hasMaterial,Steel
22045_ead71aca,belongsToFamily,medium_rotor
22045_ead71aca,hasComplexityLevel,Medium
22045_ead71aca,hasTopology,Moderate
22045_ead71aca,hasStructure,Asymmetric
22045_ead71aca,hasMassCategory,HeavyWeight
22045_ead71aca,hasVolumeCategory,MediumVolume
23339_87a4d11f,rdf:type,SimpleRotor
23339_87a4d11f,hasMaterial,Steel
23339_87a4d11f,belongsToFamily,simple_rotor
23339_87a4d11f,hasComplexityLevel,Low
23339_87a4d11f,hasTopology,Sparse
23339_87a4d11f,hasStructure,Asymmetric
23339_87a4d11f,hasMassCategory,HeavyWeight
23339_87a4d11f,hasVolumeCategory,LargeVolume
22095_af226cbc,rdf:type,SymmetricRotor
22095_af226cbc,hasMaterial,Steel
22095_af226cbc,belongsToFamily,symmetric_rotor
22095_af226cbc,hasComplexityLevel,Medium
22095_af226cbc,hasTopology,Moderate
22095_af226cbc,hasStructure,Symmetric
22095_af226cbc,hasMassCategory,MediumWeight
22095_af226cbc,hasVolumeCategory,MediumVolume
23442_28996649,rdf:type,SimpleRotor
23442_28996649,hasMaterial,Steel
23442_28996649,belongsToFamily,simple_rotor
23442_28996649,hasComplexityLevel,Low
23442_28996649,hasTopology,Sparse
23442_28996649,hasStructure,Asymmetric
23442_28996649,hasMassCategory,LightWeight
23442_28996649,hasVolumeCategory,SmallVolume
23028_2ca87745,rdf:type,MediumRotor
23028_2ca87745,hasMaterial,Steel
23028_2ca87745,belongsToFamily,medium_rotor
23028_2ca87745,hasComplexityLevel,Medium
23028_2ca87745,hasTopology,Moderate
23028_2ca87745,hasStructure,Asymmetric
23028_2ca87745,hasMassCategory,LightWeight
23028_2ca87745,hasVolumeCategory,SmallVolume
21573_31a18ad0,rdf:type,SimpleRotor
21573_31a18ad0,hasMaterial,Steel
21573_31a18ad0,belongsToFamily,simple_rotor
21573_31a18ad0,hasComplexityLevel,Low
21573_31a18ad0,hasTopology,Sparse
21573_31a18ad0,hasStructure,Asymmetric
21573_31a18ad0,hasMassCategory,MediumWeight
21573_31a18ad0,hasVolumeCategory,MediumVolume
20592_573e41b2,rdf:type,MediumRotor
20592_573e41b2,hasMaterial,Steel
20592_573e41b2,belongsToFamily,medium_rotor
20592_573e41b2,hasComplexityLevel,Medium
20592_573e41b2,hasTopology,Moderate
20592_573e41b2,hasStructure,Asymmetric
20592_573e41b2,hasMassCategory,HeavyWeight
20592_573e41b2,hasVolumeCategory,LargeVolume
22899_5b97e4f5,rdf:type,SimpleRotor
22899_5b97e4f5,hasMaterial,Steel
22899_5b97e4f5,belongsToFamily,simple_rotor
22899_5b97e4f5,hasComplexityLevel,Low
22899_5b97e4f5,hasTopology,Sparse
22899_5b97e4f5,hasStructure,Asymmetric
22899_5b97e4f5,hasMassCategory,LightWeight
22899_5b97e4f5,hasVolumeCategory,SmallVolume
22062_2d6b3b72,rdf:type,MediumRotor
22062_2d6b3b72,hasMaterial,Steel
22062_2d6b3b72,belongsToFamily,medium_rotor
22062_2d6b3b72,hasComplexityLevel,Medium
22062_2d6b3b72,hasTopology,Sparse
22062_2d6b3b72,hasStructure,Asymmetric
22062_2d6b3b72,hasMassCategory,MediumWeight
22062_2d6b3b72,hasVolumeCategory,MediumVolume
22040_6461a147,rdf:type,MediumRotor
22040_6461a147,hasMaterial,Steel
22040_6461a147,belongsToFamily,medium_rotor
22040_6461a147,hasComplexityLevel,Medium
22040_6461a147,hasTopology,Moderate
22040_6461a147,hasStructure,Asymmetric
22040_6461a147,hasMassCategory,MediumWeight
22040_6461a147,hasVolumeCategory,MediumVolume
20293_a1999339,rdf:type,HighComplexityRotor
20293_a1999339,hasMaterial,Steel
20293_a1999339,belongsToFamily,high_complexity_rotor
20293_a1999339,hasComplexityLevel,High
20293_a1999339,hasTopology,Dense
20293_a1999339,hasStructure,Asymmetric
20293_a1999339,hasMassCategory,MediumWeight
20293_a1999339,hasVolumeCategory,MediumVolume
22910_97f0cc18,rdf:type,HighComplexityRotor
22910_97f0cc18,hasMaterial,Steel
22910_97f0cc18,belongsToFamily,high_complexity_rotor
22910_97f0cc18,hasComplexityLevel,High
22910_97f0cc18,hasTopology,Dense
22910_97f0cc18,hasStructure,Asymmetric
22910_97f0cc18,hasMassCategory,HeavyWeight
22910_97f0cc18,hasVolumeCategory,LargeVolume
20934_fe7fbd78,rdf:type,SimpleRotor
20934_fe7fbd78,hasMaterial,Steel
20934_fe7fbd78,belongsToFamily,simple_rotor
20934_fe7fbd78,hasComplexityLevel,Low
20934_fe7fbd78,hasTopology,Sparse
20934_fe7fbd78,hasStructure,Asymmetric
20934_fe7fbd78,hasMassCategory,LightWeight
20934_fe7fbd78,hasVolumeCategory,SmallVolume
23379_636204a6,rdf:type,MediumRotor
23379_636204a6,hasMaterial,Steel
23379_636204a6,belongsToFamily,medium_rotor
23379_636204a6,hasComplexityLevel,Medium
23379_636204a6,hasTopology,Moderate
23379_636204a6,hasStructure,Asymmetric
23379_636204a6,hasMassCategory,MediumWeight
23379_636204a6,hasVolumeCategory,MediumVolume
20803_473c87ac,rdf:type,SimpleRotor
20803_473c87ac,hasMaterial,Steel
20803_473c87ac,belongsToFamily,simple_rotor
20803_473c87ac,hasComplexityLevel,Low
20803_473c87ac,hasTopology,Sparse
20803_473c87ac,hasStructure,Asymmetric
20803_473c87ac,hasMassCategory,LightWeight
20803_473c87ac,hasVolumeCategory,MediumVolume
22323_aa6edb8b,rdf:type,MediumRotor
22323_aa6edb8b,hasMaterial,Steel
22323_aa6edb8b,belongsToFamily,medium_rotor
22323_aa6edb8b,hasComplexityLevel,Medium
22323_aa6edb8b,hasTopology,Moderate
22323_aa6edb8b,hasStructure,Asymmetric
22323_aa6edb8b,hasMassCategory,HeavyWeight
22323_aa6edb8b,hasVolumeCategory,MediumVolume
22242_4ceddc2b,rdf:type,ComplexAssembly
22242_4ceddc2b,hasMaterial,Steel
22242_4ceddc2b,belongsToFamily,complex_assembly
22242_4ceddc2b,hasComplexityLevel,High
22242_4ceddc2b,hasTopology,Moderate
22242_4ceddc2b,hasStructure,Asymmetric
22242_4ceddc2b,hasMassCategory,MediumWeight
22242_4ceddc2b,hasVolumeCategory,MediumVolume
23271_f833d903,rdf:type,ComplexAssembly
23271_f833d903,hasMaterial,Steel
23271_f833d903,belongsToFamily,complex_assembly
23271_f833d903,hasComplexityLevel,High
23271_f833d903,hasTopology,Dense
23271_f833d903,hasStructure,Asymmetric
23271_f833d903,hasMassCategory,MediumWeight
23271_f833d903,hasVolumeCategory,MediumVolume
23121_cbdf3ebc,rdf:type,MediumRotor
23121_cbdf3ebc,hasMaterial,Steel
23121_cbdf3ebc,belongsToFamily,medium_rotor
23121_cbdf3ebc,hasComplexityLevel,Medium
23121_cbdf3ebc,hasTopology,Moderate
23121_cbdf3ebc,hasStructure,Asymmetric
23121_cbdf3ebc,hasMassCategory,HeavyWeight
23121_cbdf3ebc,hasVolumeCategory,MediumVolume
21519_3e869afd,rdf:type,HighComplexityRotor
21519_3e869afd,hasMaterial,Steel
21519_3e869afd,belongsToFamily,high_complexity_rotor
21519_3e869afd,hasComplexityLevel,High
21519_3e869afd,hasTopology,Dense
21519_3e869afd,hasStructure,Asymmetric
21519_3e869afd,hasMassCategory,MediumWeight
21519_3e869afd,hasVolumeCategory,MediumVolume
23008_3d1bb7b2,rdf:type,MediumRotor
23008_3d1bb7b2,hasMaterial,Steel
23008_3d1bb7b2,belongsToFamily,medium_rotor
23008_3d1bb7b2,hasComplexityLevel,Medium
23008_3d1bb7b2,hasTopology,Moderate
23008_3d1bb7b2,hasStructure,Asymmetric
23008_3d1bb7b2,hasMassCategory,MediumWeight
23008_3d1bb7b2,hasVolumeCategory,MediumVolume
20500_e88d8065,rdf:type,HighComplexityRotor
20500_e88d8065,hasMaterial,Steel
20500_e88d8065,belongsToFamily,high_complexity_rotor
20500_e88d8065,hasComplexityLevel,High
20500_e88d8065,hasTopology,Dense
20500_e88d8065,hasStructure,Asymmetric
20500_e88d8065,hasMassCategory,MediumWeight
20500_e88d8065,hasVolumeCategory,MediumVolume
22155_ab18f2b6,rdf:type,SymmetricRotor
22155_ab18f2b6,hasMaterial,Steel
22155_ab18f2b6,belongsToFamily,symmetric_rotor
22155_ab18f2b6,hasComplexityLevel,Medium
22155_ab18f2b6,hasTopology,Moderate
22155_ab18f2b6,hasStructure,Symmetric
22155_ab18f2b6,hasMassCategory,LightWeight
22155_ab18f2b6,hasVolumeCategory,SmallVolume
20430_975b8dcf,rdf:type,HighComplexityRotor
20430_975b8dcf,hasMaterial,Steel
20430_975b8dcf,belongsToFamily,high_complexity_rotor
20430_975b8dcf,hasComplexityLevel,High
20430_975b8dcf,hasTopology,Dense
20430_975b8dcf,hasStructure,Asymmetric
20430_975b8dcf,hasMassCategory,MediumWeight
20430_975b8dcf,hasVolumeCategory,MediumVolume
20647_cea2e07c,rdf:type,SimpleRotor
20647_cea2e07c,hasMaterial,Steel
20647_cea2e07c,belongsToFamily,simple_rotor
20647_cea2e07c,hasComplexityLevel,Low
20647_cea2e07c,hasTopology,Sparse
20647_cea2e07c,hasStructure,Asymmetric
20647_cea2e07c,hasMassCategory,LightWeight
20647_cea2e07c,hasVolumeCategory,SmallVolume
22894_5f7c276d,rdf:type,HighComplexityRotor
22894_5f7c276d,hasMaterial,Steel
22894_5f7c276d,belongsToFamily,high_complexity_rotor
22894_5f7c276d,hasComplexityLevel,High
22894_5f7c276d,hasTopology,Dense
22894_5f7c276d,hasStructure,Symmetric
22894_5f7c276d,hasMassCategory,LightWeight
22894_5f7c276d,hasVolumeCategory,SmallVolume
23440_5956321f,rdf:type,SimpleRotor
23440_5956321f,hasMaterial,Steel
23440_5956321f,belongsToFamily,simple_rotor
23440_5956321f,hasComplexityLevel,Low
23440_5956321f,hasTopology,Sparse
23440_5956321f,hasStructure,Asymmetric
23440_5956321f,hasMassCategory,LightWeight
23440_5956321f,hasVolumeCategory,SmallVolume
22508_6bb410af,rdf:type,SimpleRotor
22508_6bb410af,hasMaterial,Steel
22508_6bb410af,belongsToFamily,simple_rotor
22508_6bb410af,hasComplexityLevel,Low
22508_6bb410af,hasTopology,Sparse
22508_6bb410af,hasStructure,Symmetric
22508_6bb410af,hasMassCategory,HeavyWeight
22508_6bb410af,hasVolumeCategory,LargeVolume
21549_18160a0a,rdf:type,MediumRotor
21549_18160a0a,hasMaterial,Steel
21549_18160a0a,belongsToFamily,medium_rotor
21549_18160a0a,hasComplexityLevel,Medium
21549_18160a0a,hasTopology,Moderate
21549_18160a0a,hasStructure,Asymmetric
21549_18160a0a,hasMassCategory,LightWeight
21549_18160a0a,hasVolumeCategory,SmallVolume
21941_1a683ec2,rdf:type,ComplexAssembly
21941_1a683ec2,hasMaterial,Wood
21941_1a683ec2,belongsToFamily,complex_assembly
21941_1a683ec2,hasComplexityLevel,High
21941_1a683ec2,hasTopology,Moderate
21941_1a683ec2,hasStructure,Asymmetric
21941_1a683ec2,hasMassCategory,HeavyWeight
21941_1a683ec2,hasVolumeCategory,LargeVolume
22761_ca309655,rdf:type,SymmetricRotor
22761_ca309655,hasMaterial,Steel
22761_ca309655,belongsToFamily,symmetric_rotor
22761_ca309655,hasComplexityLevel,Medium
22761_ca309655,hasTopology,Moderate
22761_ca309655,hasStructure,Symmetric
22761_ca309655,hasMassCategory,HeavyWeight
22761_ca309655,hasVolumeCategory,LargeVolume
23221_42f37ae3,rdf:type,SymmetricRotor
23221_42f37ae3,hasMaterial,Steel
23221_42f37ae3,belongsToFamily,symmetric_rotor
23221_42f37ae3,hasComplexityLevel,Medium
23221_42f37ae3,hasTopology,Moderate
23221_42f37ae3,hasStructure,Symmetric
23221_42f37ae3,hasMassCategory,LightWeight
23221_42f37ae3,hasVolumeCategory,SmallVolume
22360_42cd6a21,rdf:type,HighComplexityRotor
22360_42cd6a21,hasMaterial,Steel
22360_42cd6a21,belongsToFamily,high_complexity_rotor
22360_42cd6a21,hasComplexityLevel,High
22360_42cd6a21,hasTopology,Dense
22360_42cd6a21,hasStructure,Symmetric
22360_42cd6a21,hasMassCategory,LightWeight
22360_42cd6a21,hasVolumeCategory,SmallVolume
21140_8d150c65,rdf:type,SimpleRotor
21140_8d150c65,hasMaterial,Steel
21140_8d150c65,belongsToFamily,simple_rotor
21140_8d150c65,hasComplexityLevel,Low
21140_8d150c65,hasTopology,Sparse
21140_8d150c65,hasStructure,Asymmetric
21140_8d150c65,hasMassCategory,LightWeight
21140_8d150c65,hasVolumeCategory,SmallVolume
22232_cb53774e,rdf:type,MediumRotor
22232_cb53774e,hasMaterial,OtherEngineeringMaterial
22232_cb53774e,belongsToFamily,medium_rotor
22232_cb53774e,hasComplexityLevel,Medium
22232_cb53774e,hasTopology,Moderate
22232_cb53774e,hasStructure,Asymmetric
22232_cb53774e,hasMassCategory,MediumWeight
22232_cb53774e,hasVolumeCategory,MediumVolume
23331_192866b6,rdf:type,MediumRotor
23331_192866b6,hasMaterial,Steel
23331_192866b6,belongsToFamily,medium_rotor
23331_192866b6,hasComplexityLevel,Medium
23331_192866b6,hasTopology,Moderate
23331_192866b6,hasStructure,Asymmetric
23331_192866b6,hasMassCategory,HeavyWeight
23331_192866b6,hasVolumeCategory,LargeVolume
23378_8d6426ae,rdf:type,HighComplexityRotor
23378_8d6426ae,hasMaterial,Steel
23378_8d6426ae,belongsToFamily,high_complexity_rotor
23378_8d6426ae,hasComplexityLevel,High
23378_8d6426ae,hasTopology,Dense
23378_8d6426ae,hasStructure,Symmetric
23378_8d6426ae,hasMassCategory,LightWeight
23378_8d6426ae,hasVolumeCategory,SmallVolume
23505_161e8ec5,rdf:type,MediumRotor
23505_161e8ec5,hasMaterial,Steel
23505_161e8ec5,belongsToFamily,medium_rotor
23505_161e8ec5,hasComplexityLevel,Medium
23505_161e8ec5,hasTopology,Moderate
23505_161e8ec5,hasStructure,Asymmetric
23505_161e8ec5,hasMassCategory,HeavyWeight
23505_161e8ec5,hasVolumeCategory,LargeVolume
23239_ba13cf5e,rdf:type,SimpleRotor
23239_ba13cf5e,hasMaterial,Steel
23239_ba13cf5e,belongsToFamily,simple_rotor
23239_ba13cf5e,hasComplexityLevel,Low
23239_ba13cf5e,hasTopology,Sparse
23239_ba13cf5e,hasStructure,Asymmetric
23239_ba13cf5e,hasMassCategory,MediumWeight
23239_ba13cf5e,hasVolumeCategory,MediumVolume
23251_3eb3d2e6,rdf:type,HighComplexityRotor
23251_3eb3d2e6,hasMaterial,Steel
23251_3eb3d2e6,belongsToFamily,high_complexity_rotor
23251_3eb3d2e6,hasComplexityLevel,High
23251_3eb3d2e6,hasTopology,Dense
23251_3eb3d2e6,hasStructure,Asymmetric
23251_3eb3d2e6,hasMassCategory,MediumWeight
23251_3eb3d2e6,hasVolumeCategory,MediumVolume
21133_f9a1614e,rdf:type,SymmetricRotor
21133_f9a1614e,hasMaterial,Steel
21133_f9a1614e,belongsToFamily,symmetric_rotor
21133_f9a1614e,hasComplexityLevel,Medium
21133_f9a1614e,hasTopology,Moderate
21133_f9a1614e,hasStructure,Symmetric
21133_f9a1614e,hasMassCategory,LightWeight
21133_f9a1614e,hasVolumeCategory,SmallVolume
22081_ab3124af,rdf:type,HighComplexityRotor
22081_ab3124af,hasMaterial,Steel
22081_ab3124af,belongsToFamily,high_complexity_rotor
22081_ab3124af,hasComplexityLevel,High
22081_ab3124af,hasTopology,Dense
22081_ab3124af,hasStructure,Asymmetric
22081_ab3124af,hasMassCategory,MediumWeight
22081_ab3124af,hasVolumeCategory,MediumVolume
21275_c8049742,rdf:type,MediumRotor
21275_c8049742,hasMaterial,Steel
21275_c8049742,belongsToFamily,medium_rotor
21275_c8049742,hasComplexityLevel,Medium
21275_c8049742,hasTopology,Moderate
21275_c8049742,hasStructure,Asymmetric
21275_c8049742,hasMassCategory,MediumWeight
21275_c8049742,hasVolumeCategory,MediumVolume
21961_1a090a8b,rdf:type,SymmetricRotor
21961_1a090a8b,hasMaterial,Steel
21961_1a090a8b,belongsToFamily,symmetric_rotor
21961_1a090a8b,hasComplexityLevel,Medium
21961_1a090a8b,hasTopology,Moderate
21961_1a090a8b,hasStructure,Symmetric
21961_1a090a8b,hasMassCategory,MediumWeight
21961_1a090a8b,hasVolumeCategory,MediumVolume
22056_79373464,rdf:type,ComplexAssembly
22056_79373464,hasMaterial,Steel
22056_79373464,belongsToFamily,complex_assembly
22056_79373464,hasComplexityLevel,High
22056_79373464,hasTopology,Dense
22056_79373464,hasStructure,Asymmetric
22056_79373464,hasMassCategory,HeavyWeight
22056_79373464,hasVolumeCategory,LargeVolume
22843_cb38a007,rdf:type,SimpleRotor
22843_cb38a007,hasMaterial,Steel
22843_cb38a007,belongsToFamily,simple_rotor
22843_cb38a007,hasComplexityLevel,Low
22843_cb38a007,hasTopology,Sparse
22843_cb38a007,hasStructure,Asymmetric
22843_cb38a007,hasMassCategory,LightWeight
22843_cb38a007,hasVolumeCategory,SmallVolume
21121_1e9e7540,rdf:type,HighComplexityRotor
21121_1e9e7540,hasMaterial,Steel
21121_1e9e7540,belongsToFamily,high_complexity_rotor
21121_1e9e7540,hasComplexityLevel,High
21121_1e9e7540,hasTopology,Dense
21121_1e9e7540,hasStructure,Symmetric
21121_1e9e7540,hasMassCategory,LightWeight
21121_1e9e7540,hasVolumeCategory,SmallVolume
21182_a480d230,rdf:type,HighComplexityRotor
21182_a480d230,hasMaterial,Steel
21182_a480d230,belongsToFamily,high_complexity_rotor
21182_a480d230,hasComplexityLevel,High
21182_a480d230,hasTopology,Dense
21182_a480d230,hasStructure,Symmetric
21182_a480d230,hasMassCategory,MediumWeight
21182_a480d230,hasVolumeCategory,MediumVolume
22418_2722dfe8,rdf:type,MediumRotor
22418_2722dfe8,hasMaterial,Steel
22418_2722dfe8,belongsToFamily,medium_rotor
22418_2722dfe8,hasComplexityLevel,Medium
22418_2722dfe8,hasTopology,Moderate
22418_2722dfe8,hasStructure,Asymmetric
22418_2722dfe8,hasMassCategory,LightWeight
22418_2722dfe8,hasVolumeCategory,SmallVolume
21357_9edfc0a0,rdf:type,SimpleRotor
21357_9edfc0a0,hasMaterial,Steel
21357_9edfc0a0,belongsToFamily,simple_rotor
21357_9edfc0a0,hasComplexityLevel,Low
21357_9edfc0a0,hasTopology,Sparse
21357_9edfc0a0,hasStructure,Asymmetric
21357_9edfc0a0,hasMassCategory,HeavyWeight
21357_9edfc0a0,hasVolumeCategory,LargeVolume
21185_ac5324ba,rdf:type,MediumRotor
21185_ac5324ba,hasMaterial,Steel
21185_ac5324ba,belongsToFamily,medium_rotor
21185_ac5324ba,hasComplexityLevel,Medium
21185_ac5324ba,hasTopology,Sparse
21185_ac5324ba,hasStructure,Asymmetric
21185_ac5324ba,hasMassCategory,MediumWeight
21185_ac5324ba,hasVolumeCategory,MediumVolume
23156_7788f78a,rdf:type,HighComplexityRotor
23156_7788f78a,hasMaterial,Steel
23156_7788f78a,belongsToFamily,high_complexity_rotor
23156_7788f78a,hasComplexityLevel,High
23156_7788f78a,hasTopology,Moderate
23156_7788f78a,hasStructure,Asymmetric
23156_7788f78a,hasMassCategory,HeavyWeight
23156_7788f78a,hasVolumeCategory,MediumVolume
23162_7e2f3d77,rdf:type,ComplexAssembly
23162_7e2f3d77,hasMaterial,Steel
23162_7e2f3d77,belongsToFamily,complex_assembly
23162_7e2f3d77,hasComplexityLevel,High
23162_7e2f3d77,hasTopology,Dense
23162_7e2f3d77,hasStructure,Asymmetric
23162_7e2f3d77,hasMassCategory,MediumWeight
23162_7e2f3d77,hasVolumeCategory,MediumVolume
21838_5bc448b4,rdf:type,HighComplexityRotor
21838_5bc448b4,hasMaterial,Steel
21838_5bc448b4,belongsToFamily,high_complexity_rotor
21838_5bc448b4,hasComplexityLevel,High
21838_5bc448b4,hasTopology,Dense
21838_5bc448b4,hasStructure,Symmetric
21838_5bc448b4,hasMassCategory,LightWeight
21838_5bc448b4,hasVolumeCategory,SmallVolume
20688_955aae0c,rdf:type,MediumRotor
20688_955aae0c,hasMaterial,Steel
20688_955aae0c,belongsToFamily,medium_rotor
20688_955aae0c,hasComplexityLevel,Medium
20688_955aae0c,hasTopology,Moderate
20688_955aae0c,hasStructure,Asymmetric
20688_955aae0c,hasMassCategory,HeavyWeight
20688_955aae0c,hasVolumeCategory,LargeVolume
20419_8ce893b6,rdf:type,SymmetricRotor
20419_8ce893b6,hasMaterial,Steel
20419_8ce893b6,belongsToFamily,symmetric_rotor
20419_8ce893b6,hasComplexityLevel,Medium
20419_8ce893b6,hasTopology,Moderate
20419_8ce893b6,hasStructure,Symmetric
20419_8ce893b6,hasMassCategory,HeavyWeight
20419_8ce893b6,hasVolumeCategory,LargeVolume
23495_6366269c,rdf:type,HighComplexityRotor
23495_6366269c,hasMaterial,Steel
23495_6366269c,belongsToFamily,high_complexity_rotor
23495_6366269c,hasComplexityLevel,High
23495_6366269c,hasTopology,Dense
23495_6366269c,hasStructure,Asymmetric
23495_6366269c,hasMassCategory,HeavyWeight
23495_6366269c,hasVolumeCategory,LargeVolume
22334_677d00e0,rdf:type,MediumRotor
22334_677d00e0,hasMaterial,Steel
22334_677d00e0,belongsToFamily,medium_rotor
22334_677d00e0,hasComplexityLevel,Medium
22334_677d00e0,hasTopology,Moderate
22334_677d00e0,hasStructure,Asymmetric
22334_677d00e0,hasMassCategory,MediumWeight
22334_677d00e0,hasVolumeCategory,MediumVolume
20643_71ad3d26,rdf:type,HighComplexityRotor
20643_71ad3d26,hasMaterial,Steel
20643_71ad3d26,belongsToFamily,high_complexity_rotor
20643_71ad3d26,hasComplexityLevel,High
20643_71ad3d26,hasTopology,Dense
20643_71ad3d26,hasStructure,Symmetric
20643_71ad3d26,hasMassCategory,LightWeight
20643_71ad3d26,hasVolumeCategory,SmallVolume
22839_113f2990,rdf:type,SimpleRotor
22839_113f2990,hasMaterial,Steel
22839_113f2990,belongsToFamily,simple_rotor
22839_113f2990,hasComplexityLevel,Low
22839_113f2990,hasTopology,Sparse
22839_113f2990,hasStructure,Asymmetric
22839_113f2990,hasMassCategory,LightWeight
22839_113f2990,hasVolumeCategory,SmallVolume
20804_0dcacc66,rdf:type,SimpleRotor
20804_0dcacc66,hasMaterial,Steel
20804_0dcacc66,belongsToFamily,simple_rotor
20804_0dcacc66,hasComplexityLevel,Low
20804_0dcacc66,hasTopology,Sparse
20804_0dcacc66,hasStructure,Asymmetric
20804_0dcacc66,hasMassCategory,MediumWeight
20804_0dcacc66,hasVolumeCategory,MediumVolume
21353_4686c90c,rdf:type,SimpleRotor
21353_4686c90c,hasMaterial,Steel
21353_4686c90c,belongsToFamily,simple_rotor
21353_4686c90c,hasComplexityLevel,Low
21353_4686c90c,hasTopology,Sparse
21353_4686c90c,hasStructure,Asymmetric
21353_4686c90c,hasMassCategory,MediumWeight
21353_4686c90c,hasVolumeCategory,MediumVolume
23236_d5867507,rdf:type,SimpleRotor
23236_d5867507,hasMaterial,Wood
23236_d5867507,belongsToFamily,simple_rotor
23236_d5867507,hasComplexityLevel,Low
23236_d5867507,hasTopology,Sparse
23236_d5867507,hasStructure,Asymmetric
23236_d5867507,hasMassCategory,LightWeight
23236_d5867507,hasVolumeCategory,MediumVolume
22070_fd1b8e5e,rdf:type,HighComplexityRotor
22070_fd1b8e5e,hasMaterial,Steel
22070_fd1b8e5e,belongsToFamily,high_complexity_rotor
22070_fd1b8e5e,hasComplexityLevel,High
22070_fd1b8e5e,hasTopology,Dense
22070_fd1b8e5e,hasStructure,Symmetric
22070_fd1b8e5e,hasMassCategory,LightWeight
22070_fd1b8e5e,hasVolumeCategory,SmallVolume
20899_a8d7c6d5,rdf:type,MediumRotor
20899_a8d7c6d5,hasMaterial,Steel
20899_a8d7c6d5,belongsToFamily,medium_rotor
20899_a8d7c6d5,hasComplexityLevel,Medium
20899_a8d7c6d5,hasTopology,Moderate
20899_a8d7c6d5,hasStructure,Asymmetric
20899_a8d7c6d5,hasMassCategory,HeavyWeight
20899_a8d7c6d5,hasVolumeCategory,MediumVolume
22415_658c81dd,rdf:type,ComplexAssembly
22415_658c81dd,hasMaterial,Steel
22415_658c81dd,belongsToFamily,complex_assembly
22415_658c81dd,hasComplexityLevel,High
22415_658c81dd,hasTopology,Dense
22415_658c81dd,hasStructure,Symmetric
22415_658c81dd,hasMassCategory,LightWeight
22415_658c81dd,hasVolumeCategory,SmallVolume
20551_ff28a959,rdf:type,SimpleRotor
20551_ff28a959,hasMaterial,Steel
20551_ff28a959,belongsToFamily,simple_rotor
20551_ff28a959,hasComplexityLevel,Low
20551_ff28a959,hasTopology,Sparse
20551_ff28a959,hasStructure,Symmetric
20551_ff28a959,hasMassCategory,HeavyWeight
20551_ff28a959,hasVolumeCategory,LargeVolume
23434_6635ed57,rdf:type,MediumRotor
23434_6635ed57,hasMaterial,Steel
23434_6635ed57,belongsToFamily,medium_rotor
23434_6635ed57,hasComplexityLevel,Medium
23434_6635ed57,hasTopology,Moderate
23434_6635ed57,hasStructure,Asymmetric
23434_6635ed57,hasMassCategory,MediumWeight
23434_6635ed57,hasVolumeCategory,MediumVolume
23320_e0711ae9,rdf:type,SymmetricRotor
23320_e0711ae9,hasMaterial,Steel
23320_e0711ae9,belongsToFamily,symmetric_rotor
23320_e0711ae9,hasComplexityLevel,Medium
23320_e0711ae9,hasTopology,Moderate
23320_e0711ae9,hasStructure,Symmetric
23320_e0711ae9,hasMassCategory,MediumWeight
23320_e0711ae9,hasVolumeCategory,MediumVolume
20892_b1f89c8d,rdf:type,MediumRotor
20892_b1f89c8d,hasMaterial,Steel
20892_b1f89c8d,belongsToFamily,medium_rotor
20892_b1f89c8d,hasComplexityLevel,Medium
20892_b1f89c8d,hasTopology,Moderate
20892_b1f89c8d,hasStructure,Asymmetric
20892_b1f89c8d,hasMassCategory,LightWeight
20892_b1f89c8d,hasVolumeCategory,MediumVolume
21761_fdb5f86d,rdf:type,SimpleRotor
21761_fdb5f86d,hasMaterial,Steel
21761_fdb5f86d,belongsToFamily,simple_rotor
21761_fdb5f86d,hasComplexityLevel,Low
21761_fdb5f86d,hasTopology,Sparse
21761_fdb5f86d,hasStructure,Asymmetric
21761_fdb5f86d,hasMassCategory,LightWeight
21761_fdb5f86d,hasVolumeCategory,MediumVolume
22778_7d85debd,rdf:type,MediumRotor
22778_7d85debd,hasMaterial,Steel
22778_7d85debd,belongsToFamily,medium_rotor
22778_7d85debd,hasComplexityLevel,Medium
22778_7d85debd,hasTopology,Moderate
22778_7d85debd,hasStructure,Asymmetric
22778_7d85debd,hasMassCategory,MediumWeight
22778_7d85debd,hasVolumeCategory,MediumVolume
20958_94222947,rdf:type,SimpleRotor
20958_94222947,hasMaterial,Aluminum
20958_94222947,belongsToFamily,simple_rotor
20958_94222947,hasComplexityLevel,Low
20958_94222947,hasTopology,Sparse
20958_94222947,hasStructure,Asymmetric
20958_94222947,hasMassCategory,LightWeight
20958_94222947,hasVolumeCategory,MediumVolume
23006_92c5b990,rdf:type,SimpleRotor
23006_92c5b990,hasMaterial,Steel
23006_92c5b990,belongsToFamily,simple_rotor
23006_92c5b990,hasComplexityLevel,Low
23006_92c5b990,hasTopology,Sparse
23006_92c5b990,hasStructure,Asymmetric
23006_92c5b990,hasMassCategory,LightWeight
23006_92c5b990,hasVolumeCategory,SmallVolume
20705_ac2a0325,rdf:type,SimpleRotor
20705_ac2a0325,hasMaterial,Steel
20705_ac2a0325,belongsToFamily,simple_rotor
20705_ac2a0325,hasComplexityLevel,Low
20705_ac2a0325,hasTopology,Sparse
20705_ac2a0325,hasStructure,Asymmetric
20705_ac2a0325,hasMassCategory,MediumWeight
20705_ac2a0325,hasVolumeCategory,MediumVolume
22919_3ee91d1a,rdf:type,MediumRotor
22919_3ee91d1a,hasMaterial,Steel
22919_3ee91d1a,belongsToFamily,medium_rotor
22919_3ee91d1a,hasComplexityLevel,Medium
22919_3ee91d1a,hasTopology,Moderate
22919_3ee91d1a,hasStructure,Asymmetric
22919_3ee91d1a,hasMassCategory,LightWeight
22919_3ee91d1a,hasVolumeCategory,SmallVolume
23342_7193a931,rdf:type,SimpleRotor
23342_7193a931,hasMaterial,Steel
23342_7193a931,belongsToFamily,simple_rotor
23342_7193a931,hasComplexityLevel,Low
23342_7193a931,hasTopology,Sparse
23342_7193a931,hasStructure,Asymmetric
23342_7193a931,hasMassCategory,MediumWeight
23342_7193a931,hasVolumeCategory,MediumVolume
21563_c72d37a2,rdf:type,MediumRotor
21563_c72d37a2,hasMaterial,Steel
21563_c72d37a2,belongsToFamily,medium_rotor
21563_c72d37a2,hasComplexityLevel,Medium
21563_c72d37a2,hasTopology,Moderate
21563_c72d37a2,hasStructure,Asymmetric
21563_c72d37a2,hasMassCategory,HeavyWeight
21563_c72d37a2,hasVolumeCategory,MediumVolume
23214_0c411aa1,rdf:type,MediumRotor
23214_0c411aa1,hasMaterial,Steel
23214_0c411aa1,belongsToFamily,medium_rotor
23214_0c411aa1,hasComplexityLevel,Medium
23214_0c411aa1,hasTopology,Moderate
23214_0c411aa1,hasStructure,Asymmetric
23214_0c411aa1,hasMassCategory,HeavyWeight
23214_0c411aa1,hasVolumeCategory,MediumVolume
21619_19435db0,rdf:type,SimpleRotor
21619_19435db0,hasMaterial,Steel
21619_19435db0,belongsToFamily,simple_rotor
21619_19435db0,hasComplexityLevel,Low
21619_19435db0,hasTopology,Sparse
21619_19435db0,hasStructure,Asymmetric
21619_19435db0,hasMassCategory,MediumWeight
21619_19435db0,hasVolumeCategory,MediumVolume
22900_09de4c7a,rdf:type,HighComplexityRotor
22900_09de4c7a,hasMaterial,Steel
22900_09de4c7a,belongsToFamily,high_complexity_rotor
22900_09de4c7a,hasComplexityLevel,High
22900_09de4c7a,hasTopology,Dense
22900_09de4c7a,hasStructure,Asymmetric
22900_09de4c7a,hasMassCategory,LightWeight
22900_09de4c7a,hasVolumeCategory,SmallVolume
21570_9cb1d1c4,rdf:type,SimpleRotor
21570_9cb1d1c4,hasMaterial,OtherEngineeringMaterial
21570_9cb1d1c4,belongsToFamily,simple_rotor
21570_9cb1d1c4,hasComplexityLevel,Low
21570_9cb1d1c4,hasTopology,Sparse
21570_9cb1d1c4,hasStructure,Asymmetric
21570_9cb1d1c4,hasMassCategory,HeavyWeight
21570_9cb1d1c4,hasVolumeCategory,LargeVolume
21051_5d118b91,rdf:type,SimpleRotor
21051_5d118b91,hasMaterial,Steel
21051_5d118b91,belongsToFamily,simple_rotor
21051_5d118b91,hasComplexityLevel,Low
21051_5d118b91,hasTopology,Sparse
21051_5d118b91,hasStructure,Asymmetric
21051_5d118b91,hasMassCategory,LightWeight
21051_5d118b91,hasVolumeCategory,SmallVolume
21614_5d6afa62,rdf:type,SimpleRotor
21614_5d6afa62,hasMaterial,Steel
21614_5d6afa62,belongsToFamily,simple_rotor
21614_5d6afa62,hasComplexityLevel,Low
21614_5d6afa62,hasTopology,Sparse
21614_5d6afa62,hasStructure,Asymmetric
21614_5d6afa62,hasMassCategory,MediumWeight
21614_5d6afa62,hasVolumeCategory,MediumVolume
21974_1997ebc3,rdf:type,MediumRotor
21974_1997ebc3,hasMaterial,Steel
21974_1997ebc3,belongsToFamily,medium_rotor
21974_1997ebc3,hasComplexityLevel,Medium
21974_1997ebc3,hasTopology,Moderate
21974_1997ebc3,hasStructure,Asymmetric
21974_1997ebc3,hasMassCategory,LightWeight
21974_1997ebc3,hasVolumeCategory,SmallVolume
22652_dc7405ef,rdf:type,HighComplexityRotor
22652_dc7405ef,hasMaterial,Steel
22652_dc7405ef,belongsToFamily,high_complexity_rotor
22652_dc7405ef,hasComplexityLevel,High
22652_dc7405ef,hasTopology,Dense
22652_dc7405ef,hasStructure,Symmetric
22652_dc7405ef,hasMassCategory,MediumWeight
22652_dc7405ef,hasVolumeCategory,MediumVolume
20341_6a1588fb,rdf:type,SimpleRotor
20341_6a1588fb,hasMaterial,Aluminum
20341_6a1588fb,belongsToFamily,simple_rotor
20341_6a1588fb,hasComplexityLevel,Low
20341_6a1588fb,hasTopology,Sparse
20341_6a1588fb,hasStructure,Asymmetric
20341_6a1588fb,hasMassCategory,LightWeight
20341_6a1588fb,hasVolumeCategory,MediumVolume
21426_51651a10,rdf:type,SimpleRotor
21426_51651a10,hasMaterial,Steel
21426_51651a10,belongsToFamily,simple_rotor
21426_51651a10,hasComplexityLevel,Low
21426_51651a10,hasTopology,Sparse
21426_51651a10,hasStructure,Asymmetric
21426_51651a10,hasMassCategory,HeavyWeight
21426_51651a10,hasVolumeCategory,LargeVolume
22298_51433023,rdf:type,ComplexAssembly
22298_51433023,hasMaterial,Steel
22298_51433023,belongsToFamily,complex_assembly
22298_51433023,hasComplexityLevel,High
22298_51433023,hasTopology,Dense
22298_51433023,hasStructure,Asymmetric
22298_51433023,hasMassCategory,MediumWeight
22298_51433023,hasVolumeCategory,MediumVolume
22491_a33562ad,rdf:type,ComplexAssembly
22491_a33562ad,hasMaterial,Steel
22491_a33562ad,belongsToFamily,complex_assembly
22491_a33562ad,hasComplexityLevel,High
22491_a33562ad,hasTopology,Dense
22491_a33562ad,hasStructure,Asymmetric
22491_a33562ad,hasMassCategory,HeavyWeight
22491_a33562ad,hasVolumeCategory,MediumVolume
20421_0fd51709,rdf:type,HighComplexityRotor
20421_0fd51709,hasMaterial,OtherEngineeringMaterial
20421_0fd51709,belongsToFamily,high_complexity_rotor
20421_0fd51709,hasComplexityLevel,High
20421_0fd51709,hasTopology,Dense
20421_0fd51709,hasStructure,Symmetric
20421_0fd51709,hasMassCategory,MediumWeight
20421_0fd51709,hasVolumeCategory,LargeVolume
23136_2b469508,rdf:type,SimpleRotor
23136_2b469508,hasMaterial,Steel
23136_2b469508,belongsToFamily,simple_rotor
23136_2b469508,hasComplexityLevel,Low
23136_2b469508,hasTopology,Sparse
23136_2b469508,hasStructure,Asymmetric
23136_2b469508,hasMassCategory,LightWeight
23136_2b469508,hasVolumeCategory,MediumVolume
23168_7fdf5427,rdf:type,HighComplexityRotor
23168_7fdf5427,hasMaterial,Steel
23168_7fdf5427,belongsToFamily,high_complexity_rotor
23168_7fdf5427,hasComplexityLevel,High
23168_7fdf5427,hasTopology,Dense
23168_7fdf5427,hasStructure,Symmetric
23168_7fdf5427,hasMassCategory,HeavyWeight
23168_7fdf5427,hasVolumeCategory,MediumVolume
20841_1620ae7d,rdf:type,SimpleRotor
20841_1620ae7d,hasMaterial,Steel
20841_1620ae7d,belongsToFamily,simple_rotor
20841_1620ae7d,hasComplexityLevel,Low
20841_1620ae7d,hasTopology,Sparse
20841_1620ae7d,hasStructure,Asymmetric
20841_1620ae7d,hasMassCategory,LightWeight
20841_1620ae7d,hasVolumeCategory,SmallVolume
20216_89b90993,rdf:type,SimpleRotor
20216_89b90993,hasMaterial,Steel
20216_89b90993,belongsToFamily,simple_rotor
20216_89b90993,hasComplexityLevel,Low
20216_89b90993,hasTopology,Sparse
20216_89b90993,hasStructure,Symmetric
20216_89b90993,hasMassCategory,LightWeight
20216_89b90993,hasVolumeCategory,SmallVolume
20157_db99ab88,rdf:type,MediumRotor
20157_db99ab88,hasMaterial,Steel
20157_db99ab88,belongsToFamily,medium_rotor
20157_db99ab88,hasComplexityLevel,Medium
20157_db99ab88,hasTopology,Sparse
20157_db99ab88,hasStructure,Asymmetric
20157_db99ab88,hasMassCategory,HeavyWeight
20157_db99ab88,hasVolumeCategory,LargeVolume
21329_1bfecd1d,rdf:type,HighComplexityRotor
21329_1bfecd1d,hasMaterial,Aluminum
21329_1bfecd1d,belongsToFamily,high_complexity_rotor
21329_1bfecd1d,hasComplexityLevel,High
21329_1bfecd1d,hasTopology,Dense
21329_1bfecd1d,hasStructure,Symmetric
21329_1bfecd1d,hasMassCategory,LightWeight
21329_1bfecd1d,hasVolumeCategory,SmallVolume
23403_e539620b,rdf:type,SimpleRotor
23403_e539620b,hasMaterial,Steel
23403_e539620b,belongsToFamily,simple_rotor
23403_e539620b,hasComplexityLevel,Low
23403_e539620b,hasTopology,Sparse
23403_e539620b,hasStructure,Asymmetric
23403_e539620b,hasMassCategory,MediumWeight
23403_e539620b,hasVolumeCategory,MediumVolume
22074_c0265b0d,rdf:type,MediumRotor
22074_c0265b0d,hasMaterial,Steel
22074_c0265b0d,belongsToFamily,medium_rotor
22074_c0265b0d,hasComplexityLevel,Medium
22074_c0265b0d,hasTopology,Sparse
22074_c0265b0d,hasStructure,Asymmetric
22074_c0265b0d,hasMassCategory,MediumWeight
22074_c0265b0d,hasVolumeCategory,MediumVolume
21281_6e562106,rdf:type,MediumRotor
21281_6e562106,hasMaterial,Steel
21281_6e562106,belongsToFamily,medium_rotor
21281_6e562106,hasComplexityLevel,Medium
21281_6e562106,hasTopology,Moderate
21281_6e562106,hasStructure,Asymmetric
21281_6e562106,hasMassCategory,HeavyWeight
21281_6e562106,hasVolumeCategory,LargeVolume
21793_4ad5e2c0,rdf:type,SimpleRotor
21793_4ad5e2c0,hasMaterial,Steel
21793_4ad5e2c0,belongsToFamily,simple_rotor
21793_4ad5e2c0,hasComplexityLevel,Low
21793_4ad5e2c0,hasTopology,Sparse
21793_4ad5e2c0,hasStructure,Asymmetric
21793_4ad5e2c0,hasMassCategory,LightWeight
21793_4ad5e2c0,hasVolumeCategory,SmallVolume
20319_9f53cd7c,rdf:type,MediumRotor
20319_9f53cd7c,hasMaterial,Steel
20319_9f53cd7c,belongsToFamily,medium_rotor
20319_9f53cd7c,hasComplexityLevel,Medium
20319_9f53cd7c,hasTopology,Moderate
20319_9f53cd7c,hasStructure,Asymmetric
20319_9f53cd7c,hasMassCategory,HeavyWeight
20319_9f53cd7c,hasVolumeCategory,LargeVolume
23387_c4aa9424,rdf:type,SimpleRotor
23387_c4aa9424,hasMaterial,Steel
23387_c4aa9424,belongsToFamily,simple_rotor
23387_c4aa9424,hasComplexityLevel,Low
23387_c4aa9424,hasTopology,Sparse
23387_c4aa9424,hasStructure,Asymmetric
23387_c4aa9424,hasMassCategory,LightWeight
23387_c4aa9424,hasVolumeCategory,SmallVolume
22892_68138f24,rdf:type,SymmetricRotor
22892_68138f24,hasMaterial,Steel
22892_68138f24,belongsToFamily,symmetric_rotor
22892_68138f24,hasComplexityLevel,Medium
22892_68138f24,hasTopology,Moderate
22892_68138f24,hasStructure,Symmetric
22892_68138f24,hasMassCategory,LightWeight
22892_68138f24,hasVolumeCategory,SmallVolume
21300_ec7da33e,rdf:type,HighComplexityRotor
21300_ec7da33e,hasMaterial,Steel
21300_ec7da33e,belongsToFamily,high_complexity_rotor
21300_ec7da33e,hasComplexityLevel,High
21300_ec7da33e,hasTopology,Dense
21300_ec7da33e,hasStructure,Symmetric
21300_ec7da33e,hasMassCategory,LightWeight
21300_ec7da33e,hasVolumeCategory,SmallVolume
21805_2ba39d00,rdf:type,HighComplexityRotor
21805_2ba39d00,hasMaterial,Steel
21805_2ba39d00,belongsToFamily,high_complexity_rotor
21805_2ba39d00,hasComplexityLevel,High
21805_2ba39d00,hasTopology,Dense
21805_2ba39d00,hasStructure,Symmetric
21805_2ba39d00,hasMassCategory,MediumWeight
21805_2ba39d00,hasVolumeCategory,MediumVolume
22442_7d5c5d5f,rdf:type,HighComplexityRotor
22442_7d5c5d5f,hasMaterial,Steel
22442_7d5c5d5f,belongsToFamily,high_complexity_rotor
22442_7d5c5d5f,hasComplexityLevel,High
22442_7d5c5d5f,hasTopology,Dense
22442_7d5c5d5f,hasStructure,Asymmetric
22442_7d5c5d5f,hasMassCategory,MediumWeight
22442_7d5c5d5f,hasVolumeCategory,MediumVolume
21009_907a2a95,rdf:type,MediumRotor
21009_907a2a95,hasMaterial,Steel
21009_907a2a95,belongsToFamily,medium_rotor
21009_907a2a95,hasComplexityLevel,Medium
21009_907a2a95,hasTopology,Moderate
21009_907a2a95,hasStructure,Asymmetric
21009_907a2a95,hasMassCategory,LightWeight
21009_907a2a95,hasVolumeCategory,SmallVolume
21806_616e985a,rdf:type,SimpleRotor
21806_616e985a,hasMaterial,Steel
21806_616e985a,belongsToFamily,simple_rotor
21806_616e985a,hasComplexityLevel,Low
21806_616e985a,hasTopology,Sparse
21806_616e985a,hasStructure,Asymmetric
21806_616e985a,hasMassCategory,MediumWeight
21806_616e985a,hasVolumeCategory,MediumVolume
21352_d60bc953,rdf:type,ComplexAssembly
21352_d60bc953,hasMaterial,Steel
21352_d60bc953,belongsToFamily,complex_assembly
21352_d60bc953,hasComplexityLevel,High
21352_d60bc953,hasTopology,Dense
21352_d60bc953,hasStructure,Asymmetric
21352_d60bc953,hasMassCategory,HeavyWeight
21352_d60bc953,hasVolumeCategory,LargeVolume
22886_a6331748,rdf:type,SymmetricRotor
22886_a6331748,hasMaterial,Steel
22886_a6331748,belongsToFamily,symmetric_rotor
22886_a6331748,hasComplexityLevel,Medium
22886_a6331748,hasTopology,Moderate
22886_a6331748,hasStructure,Symmetric
22886_a6331748,hasMassCategory,LightWeight
22886_a6331748,hasVolumeCategory,SmallVolume
22142_7891a26a,rdf:type,SimpleRotor
22142_7891a26a,hasMaterial,Steel
22142_7891a26a,belongsToFamily,simple_rotor
22142_7891a26a,hasComplexityLevel,Low
22142_7891a26a,hasTopology,Sparse
22142_7891a26a,hasStructure,Asymmetric
22142_7891a26a,hasMassCategory,MediumWeight
22142_7891a26a,hasVolumeCategory,MediumVolume
22331_152ee5c0,rdf:type,HighComplexityRotor
22331_152ee5c0,hasMaterial,Aluminum
22331_152ee5c0,belongsToFamily,high_complexity_rotor
22331_152ee5c0,hasComplexityLevel,High
22331_152ee5c0,hasTopology,Dense
22331_152ee5c0,hasStructure,Symmetric
22331_152ee5c0,hasMassCategory,LightWeight
22331_152ee5c0,hasVolumeCategory,SmallVolume
23128_cb135b1b,rdf:type,MediumRotor
23128_cb135b1b,hasMaterial,Steel
23128_cb135b1b,belongsToFamily,medium_rotor
23128_cb135b1b,hasComplexityLevel,Medium
23128_cb135b1b,hasTopology,Moderate
23128_cb135b1b,hasStructure,Asymmetric
23128_cb135b1b,hasMassCategory,LightWeight
23128_cb135b1b,hasVolumeCategory,SmallVolume
22653_58d6287d,rdf:type,SimpleRotor
22653_58d6287d,hasMaterial,Steel
22653_58d6287d,belongsToFamily,simple_rotor
22653_58d6287d,hasComplexityLevel,Low
22653_58d6287d,hasTopology,Sparse
22653_58d6287d,hasStructure,Asymmetric
22653_58d6287d,hasMassCategory,LightWeight
22653_58d6287d,hasVolumeCategory,SmallVolume
23368_648717d8,rdf:type,MediumRotor
23368_648717d8,hasMaterial,Steel
23368_648717d8,belongsToFamily,medium_rotor
23368_648717d8,hasComplexityLevel,Medium
23368_648717d8,hasTopology,Moderate
23368_648717d8,hasStructure,Asymmetric
23368_648717d8,hasMassCategory,LightWeight
23368_648717d8,hasVolumeCategory,MediumVolume
23501_6c48b3c1,rdf:type,MediumRotor
23501_6c48b3c1,hasMaterial,Steel
23501_6c48b3c1,belongsToFamily,medium_rotor
23501_6c48b3c1,hasComplexityLevel,Medium
23501_6c48b3c1,hasTopology,Moderate
23501_6c48b3c1,hasStructure,Asymmetric
23501_6c48b3c1,hasMassCategory,LightWeight
23501_6c48b3c1,hasVolumeCategory,SmallVolume
21024_9be3d461,rdf:type,HighComplexityRotor
21024_9be3d461,hasMaterial,Steel
21024_9be3d461,belongsToFamily,high_complexity_rotor
21024_9be3d461,hasComplexityLevel,High
21024_9be3d461,hasTopology,Dense
21024_9be3d461,hasStructure,Asymmetric
21024_9be3d461,hasMassCategory,MediumWeight
21024_9be3d461,hasVolumeCategory,MediumVolume
19566_19d85d3b,rdf:type,HighComplexityRotor
19566_19d85d3b,hasMaterial,Steel
19566_19d85d3b,belongsToFamily,high_complexity_rotor
19566_19d85d3b,hasComplexityLevel,High
19566_19d85d3b,hasTopology,Dense
19566_19d85d3b,hasStructure,Asymmetric
19566_19d85d3b,hasMassCategory,LightWeight
19566_19d85d3b,hasVolumeCategory,MediumVolume
22134_5e72e871,rdf:type,MediumRotor
22134_5e72e871,hasMaterial,Steel
22134_5e72e871,belongsToFamily,medium_rotor
22134_5e72e871,hasComplexityLevel,Medium
22134_5e72e871,hasTopology,Moderate
22134_5e72e871,hasStructure,Asymmetric
22134_5e72e871,hasMassCategory,LightWeight
22134_5e72e871,hasVolumeCategory,MediumVolume
22706_58a933f4,rdf:type,SymmetricRotor
22706_58a933f4,hasMaterial,Steel
22706_58a933f4,belongsToFamily,symmetric_rotor
22706_58a933f4,hasComplexityLevel,Medium
22706_58a933f4,hasTopology,Moderate
22706_58a933f4,hasStructure,Symmetric
22706_58a933f4,hasMassCategory,LightWeight
22706_58a933f4,hasVolumeCategory,MediumVolume
20823_f144e996,rdf:type,MediumRotor
20823_f144e996,hasMaterial,Steel
20823_f144e996,belongsToFamily,medium_rotor
20823_f144e996,hasComplexityLevel,Medium
20823_f144e996,hasTopology,Moderate
20823_f144e996,hasStructure,Asymmetric
20823_f144e996,hasMassCategory,MediumWeight
20823_f144e996,hasVolumeCategory,MediumVolume
23406_1d36b046,rdf:type,SimpleRotor
23406_1d36b046,hasMaterial,Steel
23406_1d36b046,belongsToFamily,simple_rotor
23406_1d36b046,hasComplexityLevel,Low
23406_1d36b046,hasTopology,Sparse
23406_1d36b046,hasStructure,Asymmetric
23406_1d36b046,hasMassCategory,MediumWeight
23406_1d36b046,hasVolumeCategory,MediumVolume
22717_08784417,rdf:type,ComplexAssembly
22717_08784417,hasMaterial,Steel
22717_08784417,belongsToFamily,complex_assembly
22717_08784417,hasComplexityLevel,High
22717_08784417,hasTopology,Dense
22717_08784417,hasStructure,Symmetric
22717_08784417,hasMassCategory,LightWeight
22717_08784417,hasVolumeCategory,SmallVolume
23414_f7d4a688,rdf:type,MediumRotor
23414_f7d4a688,hasMaterial,Plastic
23414_f7d4a688,belongsToFamily,medium_rotor
23414_f7d4a688,hasComplexityLevel,Medium
23414_f7d4a688,hasTopology,Moderate
23414_f7d4a688,hasStructure,Asymmetric
23414_f7d4a688,hasMassCategory,MediumWeight
23414_f7d4a688,hasVolumeCategory,MediumVolume
21692_777db9e2,rdf:type,SymmetricRotor
21692_777db9e2,hasMaterial,Steel
21692_777db9e2,belongsToFamily,symmetric_rotor
21692_777db9e2,hasComplexityLevel,Medium
21692_777db9e2,hasTopology,Moderate
21692_777db9e2,hasStructure,Symmetric
21692_777db9e2,hasMassCategory,MediumWeight
21692_777db9e2,hasVolumeCategory,MediumVolume
20792_d2ea0500,rdf:type,SymmetricRotor
20792_d2ea0500,hasMaterial,Aluminum
20792_d2ea0500,belongsToFamily,symmetric_rotor
20792_d2ea0500,hasComplexityLevel,Medium
20792_d2ea0500,hasTopology,Sparse
20792_d2ea0500,hasStructure,Symmetric
20792_d2ea0500,hasMassCategory,HeavyWeight
20792_d2ea0500,hasVolumeCategory,LargeVolume
20926_4c0f33f6,rdf:type,SymmetricRotor
20926_4c0f33f6,hasMaterial,Wood
20926_4c0f33f6,belongsToFamily,symmetric_rotor
20926_4c0f33f6,hasComplexityLevel,Medium
20926_4c0f33f6,hasTopology,Moderate
20926_4c0f33f6,hasStructure,Symmetric
20926_4c0f33f6,hasMassCategory,MediumWeight
20926_4c0f33f6,hasVolumeCategory,MediumVolume
21248_0a862e3e,rdf:type,SymmetricRotor
21248_0a862e3e,hasMaterial,Steel
21248_0a862e3e,belongsToFamily,symmetric_rotor
21248_0a862e3e,hasComplexityLevel,Medium
21248_0a862e3e,hasTopology,Moderate
21248_0a862e3e,hasStructure,Symmetric
21248_0a862e3e,hasMassCategory,LightWeight
21248_0a862e3e,hasVolumeCategory,SmallVolume
22365_a4eb929c,rdf:type,SymmetricRotor
22365_a4eb929c,hasMaterial,Steel
22365_a4eb929c,belongsToFamily,symmetric_rotor
22365_a4eb929c,hasComplexityLevel,Medium
22365_a4eb929c,hasTopology,Moderate
22365_a4eb929c,hasStructure,Symmetric
22365_a4eb929c,hasMassCategory,LightWeight
22365_a4eb929c,hasVolumeCategory,SmallVolume
22257_6fb4c50c,rdf:type,SimpleRotor
22257_6fb4c50c,hasMaterial,Steel
22257_6fb4c50c,belongsToFamily,simple_rotor
22257_6fb4c50c,hasComplexityLevel,Low
22257_6fb4c50c,hasTopology,Sparse
22257_6fb4c50c,hasStructure,Asymmetric
22257_6fb4c50c,hasMassCategory,MediumWeight
22257_6fb4c50c,hasVolumeCategory,MediumVolume
20674_2fb6cabd,rdf:type,SimpleRotor
20674_2fb6cabd,hasMaterial,Steel
20674_2fb6cabd,belongsToFamily,simple_rotor
20674_2fb6cabd,hasComplexityLevel,Low
20674_2fb6cabd,hasTopology,Sparse
20674_2fb6cabd,hasStructure,Asymmetric
20674_2fb6cabd,hasMassCategory,HeavyWeight
20674_2fb6cabd,hasVolumeCategory,LargeVolume
22028_776fbf0d,rdf:type,ComplexAssembly
22028_776fbf0d,hasMaterial,Steel
22028_776fbf0d,belongsToFamily,complex_assembly
22028_776fbf0d,hasComplexityLevel,High
22028_776fbf0d,hasTopology,Dense
22028_776fbf0d,hasStructure,Symmetric
22028_776fbf0d,hasMassCategory,MediumWeight
22028_776fbf0d,hasVolumeCategory,MediumVolume
23036_7f9d143f,rdf:type,MediumRotor
23036_7f9d143f,hasMaterial,Steel
23036_7f9d143f,belongsToFamily,medium_rotor
23036_7f9d143f,hasComplexityLevel,Medium
23036_7f9d143f,hasTopology,Moderate
23036_7f9d143f,hasStructure,Asymmetric
23036_7f9d143f,hasMassCategory,LightWeight
23036_7f9d143f,hasVolumeCategory,SmallVolume
20743_c8ea8159,rdf:type,MediumRotor
20743_c8ea8159,hasMaterial,Steel
20743_c8ea8159,belongsToFamily,medium_rotor
20743_c8ea8159,hasComplexityLevel,Medium
20743_c8ea8159,hasTopology,Moderate
20743_c8ea8159,hasStructure,Asymmetric
20743_c8ea8159,hasMassCategory,MediumWeight
20743_c8ea8159,hasVolumeCategory,MediumVolume
22668_9c30f6c0,rdf:type,SimpleRotor
22668_9c30f6c0,hasMaterial,Steel
22668_9c30f6c0,belongsToFamily,simple_rotor
22668_9c30f6c0,hasComplexityLevel,Low
22668_9c30f6c0,hasTopology,Sparse
22668_9c30f6c0,hasStructure,Asymmetric
22668_9c30f6c0,hasMassCategory,MediumWeight
22668_9c30f6c0,hasVolumeCategory,MediumVolume
22266_078a1f68,rdf:type,MediumRotor
22266_078a1f68,hasMaterial,OtherEngineeringMaterial
22266_078a1f68,belongsToFamily,medium_rotor
22266_078a1f68,hasComplexityLevel,Medium
22266_078a1f68,hasTopology,Moderate
22266_078a1f68,hasStructure,Asymmetric
22266_078a1f68,hasMassCategory,MediumWeight
22266_078a1f68,hasVolumeCategory,LargeVolume
21882_795be793,rdf:type,SimpleRotor
21882_795be793,hasMaterial,Steel
21882_795be793,belongsToFamily,simple_rotor
21882_795be793,hasComplexityLevel,Low
21882_795be793,hasTopology,Sparse
21882_795be793,hasStructure,Asymmetric
21882_795be793,hasMassCategory,MediumWeight
21882_795be793,hasVolumeCategory,MediumVolume
21601_360ce1c7,rdf:type,MediumRotor
21601_360ce1c7,hasMaterial,Steel
21601_360ce1c7,belongsToFamily,medium_rotor
21601_360ce1c7,hasComplexityLevel,Medium
21601_360ce1c7,hasTopology,Moderate
21601_360ce1c7,hasStructure,Asymmetric
21601_360ce1c7,hasMassCategory,MediumWeight
21601_360ce1c7,hasVolumeCategory,MediumVolume
23102_211ad1db,rdf:type,SymmetricRotor
23102_211ad1db,hasMaterial,Steel
23102_211ad1db,belongsToFamily,symmetric_rotor
23102_211ad1db,hasComplexityLevel,Medium
23102_211ad1db,hasTopology,Moderate
23102_211ad1db,hasStructure,Symmetric
23102_211ad1db,hasMassCategory,LightWeight
23102_211ad1db,hasVolumeCategory,SmallVolume
21092_32622a83,rdf:type,MediumRotor
21092_32622a83,hasMaterial,Steel
21092_32622a83,belongsToFamily,medium_rotor
21092_32622a83,hasComplexityLevel,Medium
21092_32622a83,hasTopology,Moderate
21092_32622a83,hasStructure,Asymmetric
21092_32622a83,hasMassCategory,HeavyWeight
21092_32622a83,hasVolumeCategory,LargeVolume
23039_b3d04774,rdf:type,SimpleRotor
23039_b3d04774,hasMaterial,OtherEngineeringMaterial
23039_b3d04774,belongsToFamily,simple_rotor
23039_b3d04774,hasComplexityLevel,Low
23039_b3d04774,hasTopology,Sparse
23039_b3d04774,hasStructure,Asymmetric
23039_b3d04774,hasMassCategory,LightWeight
23039_b3d04774,hasVolumeCategory,MediumVolume
23132_1847c4ef,rdf:type,MediumRotor
23132_1847c4ef,hasMaterial,Steel
23132_1847c4ef,belongsToFamily,medium_rotor
23132_1847c4ef,hasComplexityLevel,Medium
23132_1847c4ef,hasTopology,Moderate
23132_1847c4ef,hasStructure,Asymmetric
23132_1847c4ef,hasMassCategory,HeavyWeight
23132_1847c4ef,hasVolumeCategory,MediumVolume
19810_f77c5501,rdf:type,MediumRotor
19810_f77c5501,hasMaterial,Steel
19810_f77c5501,belongsToFamily,medium_rotor
19810_f77c5501,hasComplexityLevel,Medium
19810_f77c5501,hasTopology,Moderate
19810_f77c5501,hasStructure,Asymmetric
19810_f77c5501,hasMassCategory,MediumWeight
19810_f77c5501,hasVolumeCategory,MediumVolume
20385_f2d30908,rdf:type,SimpleRotor
20385_f2d30908,hasMaterial,Aluminum
20385_f2d30908,belongsToFamily,simple_rotor
20385_f2d30908,hasComplexityLevel,Low
20385_f2d30908,hasTopology,Sparse
20385_f2d30908,hasStructure,Asymmetric
20385_f2d30908,hasMassCategory,LightWeight
20385_f2d30908,hasVolumeCategory,MediumVolume
22727_c514268a,rdf:type,MediumRotor
22727_c514268a,hasMaterial,Wood
22727_c514268a,belongsToFamily,medium_rotor
22727_c514268a,hasComplexityLevel,Medium
22727_c514268a,hasTopology,Moderate
22727_c514268a,hasStructure,Asymmetric
22727_c514268a,hasMassCategory,HeavyWeight
22727_c514268a,hasVolumeCategory,LargeVolume
22278_12f1fb79,rdf:type,HighComplexityRotor
22278_12f1fb79,hasMaterial,Steel
22278_12f1fb79,belongsToFamily,high_complexity_rotor
22278_12f1fb79,hasComplexityLevel,High
22278_12f1fb79,hasTopology,Dense
22278_12f1fb79,hasStructure,Symmetric
22278_12f1fb79,hasMassCategory,LightWeight
22278_12f1fb79,hasVolumeCategory,SmallVolume
21599_80057f94,rdf:type,SimpleRotor
21599_80057f94,hasMaterial,Steel
21599_80057f94,belongsToFamily,simple_rotor
21599_80057f94,hasComplexityLevel,Low
21599_80057f94,hasTopology,Sparse
21599_80057f94,hasStructure,Asymmetric
21599_80057f94,hasMassCategory,LightWeight
21599_80057f94,hasVolumeCategory,SmallVolume
23226_8d1b5098,rdf:type,ComplexAssembly
23226_8d1b5098,hasMaterial,Steel
23226_8d1b5098,belongsToFamily,complex_assembly
23226_8d1b5098,hasComplexityLevel,High
23226_8d1b5098,hasTopology,Dense
23226_8d1b5098,hasStructure,Asymmetric
23226_8d1b5098,hasMassCategory,MediumWeight
23226_8d1b5098,hasVolumeCategory,MediumVolume
21292_f94bd96b,rdf:type,MediumRotor
21292_f94bd96b,hasMaterial,Aluminum
21292_f94bd96b,belongsToFamily,medium_rotor
21292_f94bd96b,hasComplexityLevel,Medium
21292_f94bd96b,hasTopology,Moderate
21292_f94bd96b,hasStructure,Asymmetric
21292_f94bd96b,hasMassCategory,LightWeight
21292_f94bd96b,hasVolumeCategory,MediumVolume
23502_5a80f907,rdf:type,MediumRotor
23502_5a80f907,hasMaterial,Steel
23502_5a80f907,belongsToFamily,medium_rotor
23502_5a80f907,hasComplexityLevel,Medium
23502_5a80f907,hasTopology,Moderate
23502_5a80f907,hasStructure,Asymmetric
23502_5a80f907,hasMassCategory,LightWeight
23502_5a80f907,hasVolumeCategory,SmallVolume
23144_88ca00a5,rdf:type,ComplexAssembly
23144_88ca00a5,hasMaterial,Steel
23144_88ca00a5,belongsToFamily,complex_assembly
23144_88ca00a5,hasComplexityLevel,High
23144_88ca00a5,hasTopology,Dense
23144_88ca00a5,hasStructure,Asymmetric
23144_88ca00a5,hasMassCategory,HeavyWeight
23144_88ca00a5,hasVolumeCategory,LargeVolume
23048_8a1a5553,rdf:type,HighComplexityRotor
23048_8a1a5553,hasMaterial,Steel
23048_8a1a5553,belongsToFamily,high_complexity_rotor
23048_8a1a5553,hasComplexityLevel,High
23048_8a1a5553,hasTopology,Dense
23048_8a1a5553,hasStructure,Asymmetric
23048_8a1a5553,hasMassCategory,MediumWeight
23048_8a1a5553,hasVolumeCategory,MediumVolume
20278_d442e77d,rdf:type,MediumRotor
20278_d442e77d,hasMaterial,Steel
20278_d442e77d,belongsToFamily,medium_rotor
20278_d442e77d,hasComplexityLevel,Medium
20278_d442e77d,hasTopology,Moderate
20278_d442e77d,hasStructure,Asymmetric
20278_d442e77d,hasMassCategory,HeavyWeight
20278_d442e77d,hasVolumeCategory,LargeVolume
21202_e452c491,rdf:type,MediumRotor
21202_e452c491,hasMaterial,Steel
21202_e452c491,belongsToFamily,medium_rotor
21202_e452c491,hasComplexityLevel,Medium
21202_e452c491,hasTopology,Moderate
21202_e452c491,hasStructure,Asymmetric
21202_e452c491,hasMassCategory,LightWeight
21202_e452c491,hasVolumeCategory,SmallVolume
23026_e6f08109,rdf:type,MediumRotor
23026_e6f08109,hasMaterial,Steel
23026_e6f08109,belongsToFamily,medium_rotor
23026_e6f08109,hasComplexityLevel,Medium
23026_e6f08109,hasTopology,Moderate
23026_e6f08109,hasStructure,Asymmetric
23026_e6f08109,hasMassCategory,HeavyWeight
23026_e6f08109,hasVolumeCategory,LargeVolume
20822_5bb36119,rdf:type,SimpleRotor
20822_5bb36119,hasMaterial,Steel
20822_5bb36119,belongsToFamily,simple_rotor
20822_5bb36119,hasComplexityLevel,Low
20822_5bb36119,hasTopology,Sparse
20822_5bb36119,hasStructure,Symmetric
20822_5bb36119,hasMassCategory,LightWeight
20822_5bb36119,hasVolumeCategory,SmallVolume
22405_20f11d58,rdf:type,HighComplexityRotor
22405_20f11d58,hasMaterial,Steel
22405_20f11d58,belongsToFamily,high_complexity_rotor
22405_20f11d58,hasComplexityLevel,High
22405_20f11d58,hasTopology,Dense
22405_20f11d58,hasStructure,Asymmetric
22405_20f11d58,hasMassCategory,HeavyWeight
22405_20f11d58,hasVolumeCategory,LargeVolume
20188_98b86c0f,rdf:type,SimpleRotor
20188_98b86c0f,hasMaterial,Plastic
20188_98b86c0f,belongsToFamily,simple_rotor
20188_98b86c0f,hasComplexityLevel,Low
20188_98b86c0f,hasTopology,Sparse
20188_98b86c0f,hasStructure,Asymmetric
20188_98b86c0f,hasMassCategory,LightWeight
20188_98b86c0f,hasVolumeCategory,SmallVolume
20349_a12428da,rdf:type,MediumRotor
20349_a12428da,hasMaterial,Steel
20349_a12428da,belongsToFamily,medium_rotor
20349_a12428da,hasComplexityLevel,Medium
20349_a12428da,hasTopology,Moderate
20349_a12428da,hasStructure,Asymmetric
20349_a12428da,hasMassCategory,HeavyWeight
20349_a12428da,hasVolumeCategory,LargeVolume
21244_24c3ce72,rdf:type,ComplexAssembly
21244_24c3ce72,hasMaterial,Steel
21244_24c3ce72,belongsToFamily,complex_assembly
21244_24c3ce72,hasComplexityLevel,High
21244_24c3ce72,hasTopology,Dense
21244_24c3ce72,hasStructure,Asymmetric
21244_24c3ce72,hasMassCategory,HeavyWeight
21244_24c3ce72,hasVolumeCategory,LargeVolume
21274_2fb8c3f5,rdf:type,SimpleRotor
21274_2fb8c3f5,hasMaterial,Steel
21274_2fb8c3f5,belongsToFamily,simple_rotor
21274_2fb8c3f5,hasComplexityLevel,Low
21274_2fb8c3f5,hasTopology,Sparse
21274_2fb8c3f5,hasStructure,Asymmetric
21274_2fb8c3f5,hasMassCategory,LightWeight
21274_2fb8c3f5,hasVolumeCategory,SmallVolume
20898_5f5b9bc7,rdf:type,SimpleRotor
20898_5f5b9bc7,hasMaterial,Steel
20898_5f5b9bc7,belongsToFamily,simple_rotor
20898_5f5b9bc7,hasComplexityLevel,Low
20898_5f5b9bc7,hasTopology,Sparse
20898_5f5b9bc7,hasStructure,Asymmetric
20898_5f5b9bc7,hasMassCategory,HeavyWeight
20898_5f5b9bc7,hasVolumeCategory,LargeVolume
22440_014f1bac,rdf:type,MediumRotor
22440_014f1bac,hasMaterial,Steel
22440_014f1bac,belongsToFamily,medium_rotor
22440_014f1bac,hasComplexityLevel,Medium
22440_014f1bac,hasTopology,Moderate
22440_014f1bac,hasStructure,Asymmetric
22440_014f1bac,hasMassCategory,MediumWeight
22440_014f1bac,hasVolumeCategory,MediumVolume
22199_8ec9eeb2,rdf:type,MediumRotor
22199_8ec9eeb2,hasMaterial,Steel
22199_8ec9eeb2,belongsToFamily,medium_rotor
22199_8ec9eeb2,hasComplexityLevel,Medium
22199_8ec9eeb2,hasTopology,Moderate
22199_8ec9eeb2,hasStructure,Asymmetric
22199_8ec9eeb2,hasMassCategory,MediumWeight
22199_8ec9eeb2,hasVolumeCategory,MediumVolume
22729_232da678,rdf:type,MediumRotor
22729_232da678,hasMaterial,Steel
22729_232da678,belongsToFamily,medium_rotor
22729_232da678,hasComplexityLevel,Medium
22729_232da678,hasTopology,Moderate
22729_232da678,hasStructure,Asymmetric
22729_232da678,hasMassCategory,MediumWeight
22729_232da678,hasVolumeCategory,MediumVolume
20636_ca9eb29a,rdf:type,HighComplexityRotor
20636_ca9eb29a,hasMaterial,Steel
20636_ca9eb29a,belongsToFamily,high_complexity_rotor
20636_ca9eb29a,hasComplexityLevel,High
20636_ca9eb29a,hasTopology,Dense
20636_ca9eb29a,hasStructure,Asymmetric
20636_ca9eb29a,hasMassCategory,MediumWeight
20636_ca9eb29a,hasVolumeCategory,MediumVolume
21611_1d3ff1b6,rdf:type,SimpleRotor
21611_1d3ff1b6,hasMaterial,Steel
21611_1d3ff1b6,belongsToFamily,simple_rotor
21611_1d3ff1b6,hasComplexityLevel,Low
21611_1d3ff1b6,hasTopology,Sparse
21611_1d3ff1b6,hasStructure,Asymmetric
21611_1d3ff1b6,hasMassCategory,MediumWeight
21611_1d3ff1b6,hasVolumeCategory,MediumVolume
22125_e3a4cad4,rdf:type,ComplexAssembly
22125_e3a4cad4,hasMaterial,Steel
22125_e3a4cad4,belongsToFamily,complex_assembly
22125_e3a4cad4,hasComplexityLevel,High
22125_e3a4cad4,hasTopology,Dense
22125_e3a4cad4,hasStructure,Symmetric
22125_e3a4cad4,hasMassCategory,HeavyWeight
22125_e3a4cad4,hasVolumeCategory,LargeVolume
21979_29f59427,rdf:type,HighComplexityRotor
21979_29f59427,hasMaterial,Aluminum
21979_29f59427,belongsToFamily,high_complexity_rotor
21979_29f59427,hasComplexityLevel,High
21979_29f59427,hasTopology,Dense
21979_29f59427,hasStructure,Asymmetric
21979_29f59427,hasMassCategory,MediumWeight
21979_29f59427,hasVolumeCategory,MediumVolume
21048_75cc125c,rdf:type,MediumRotor
21048_75cc125c,hasMaterial,Steel
21048_75cc125c,belongsToFamily,medium_rotor
21048_75cc125c,hasComplexityLevel,Medium
21048_75cc125c,hasTopology,Sparse
21048_75cc125c,hasStructure,Asymmetric
21048_75cc125c,hasMassCategory,HeavyWeight
21048_75cc125c,hasVolumeCategory,LargeVolume
21831_54ca67d1,rdf:type,SymmetricRotor
21831_54ca67d1,hasMaterial,Steel
21831_54ca67d1,belongsToFamily,symmetric_rotor
21831_54ca67d1,hasComplexityLevel,Medium
21831_54ca67d1,hasTopology,Moderate
21831_54ca67d1,hasStructure,Symmetric
21831_54ca67d1,hasMassCategory,LightWeight
21831_54ca67d1,hasVolumeCategory,SmallVolume
22586_ff3651b2,rdf:type,MediumRotor
22586_ff3651b2,hasMaterial,Steel
22586_ff3651b2,belongsToFamily,medium_rotor
22586_ff3651b2,hasComplexityLevel,Medium
22586_ff3651b2,hasTopology,Moderate
22586_ff3651b2,hasStructure,Asymmetric
22586_ff3651b2,hasMassCategory,LightWeight
22586_ff3651b2,hasVolumeCategory,SmallVolume
21422_b2a6bf27,rdf:type,SimpleRotor
21422_b2a6bf27,hasMaterial,OtherEngineeringMaterial
21422_b2a6bf27,belongsToFamily,simple_rotor
21422_b2a6bf27,hasComplexityLevel,Low
21422_b2a6bf27,hasTopology,Sparse
21422_b2a6bf27,hasStructure,Asymmetric
21422_b2a6bf27,hasMassCategory,LightWeight
21422_b2a6bf27,hasVolumeCategory,SmallVolume
23259_d655fcc1,rdf:type,SymmetricRotor
23259_d655fcc1,hasMaterial,Steel
23259_d655fcc1,belongsToFamily,symmetric_rotor
23259_d655fcc1,hasComplexityLevel,Medium
23259_d655fcc1,hasTopology,Moderate
23259_d655fcc1,hasStructure,Symmetric
23259_d655fcc1,hasMassCategory,LightWeight
23259_d655fcc1,hasVolumeCategory,SmallVolume
21497_9833a679,rdf:type,SymmetricRotor
21497_9833a679,hasMaterial,Steel
21497_9833a679,belongsToFamily,symmetric_rotor
21497_9833a679,hasComplexityLevel,Medium
21497_9833a679,hasTopology,Moderate
21497_9833a679,hasStructure,Symmetric
21497_9833a679,hasMassCategory,LightWeight
21497_9833a679,hasVolumeCategory,SmallVolume
22245_ca848576,rdf:type,SymmetricRotor
22245_ca848576,hasMaterial,Steel
22245_ca848576,belongsToFamily,symmetric_rotor
22245_ca848576,hasComplexityLevel,Medium
22245_ca848576,hasTopology,Moderate
22245_ca848576,hasStructure,Symmetric
22245_ca848576,hasMassCategory,LightWeight
22245_ca848576,hasVolumeCategory,SmallVolume
21848_0fff9631,rdf:type,SimpleRotor
21848_0fff9631,hasMaterial,Steel
21848_0fff9631,belongsToFamily,simple_rotor
21848_0fff9631,hasComplexityLevel,Low
21848_0fff9631,hasTopology,Sparse
21848_0fff9631,hasStructure,Asymmetric
21848_0fff9631,hasMassCategory,MediumWeight
21848_0fff9631,hasVolumeCategory,MediumVolume
20731_fbdc7731,rdf:type,SimpleRotor
20731_fbdc7731,hasMaterial,Steel
20731_fbdc7731,belongsToFamily,simple_rotor
20731_fbdc7731,hasComplexityLevel,Low
20731_fbdc7731,hasTopology,Sparse
20731_fbdc7731,hasStructure,Symmetric
20731_fbdc7731,hasMassCategory,HeavyWeight
20731_fbdc7731,hasVolumeCategory,MediumVolume
21015_10304cb9,rdf:type,SimpleRotor
21015_10304cb9,hasMaterial,Steel
21015_10304cb9,belongsToFamily,simple_rotor
21015_10304cb9,hasComplexityLevel,Low
21015_10304cb9,hasTopology,Sparse
21015_10304cb9,hasStructure,Asymmetric
21015_10304cb9,hasMassCategory,LightWeight
21015_10304cb9,hasVolumeCategory,SmallVolume
23210_f535bfd2,rdf:type,SimpleRotor
23210_f535bfd2,hasMaterial,Wood
23210_f535bfd2,belongsToFamily,simple_rotor
23210_f535bfd2,hasComplexityLevel,Low
23210_f535bfd2,hasTopology,Sparse
23210_f535bfd2,hasStructure,Asymmetric
23210_f535bfd2,hasMassCategory,LightWeight
23210_f535bfd2,hasVolumeCategory,MediumVolume
22784_bcace961,rdf:type,MediumRotor
22784_bcace961,hasMaterial,Steel
22784_bcace961,belongsToFamily,medium_rotor
22784_bcace961,hasComplexityLevel,Medium
22784_bcace961,hasTopology,Moderate
22784_bcace961,hasStructure,Asymmetric
22784_bcace961,hasMassCategory,MediumWeight
22784_bcace961,hasVolumeCategory,MediumVolume
22630_b6010fff,rdf:type,MediumRotor
22630_b6010fff,hasMaterial,Steel
22630_b6010fff,belongsToFamily,medium_rotor
22630_b6010fff,hasComplexityLevel,Medium
22630_b6010fff,hasTopology,Moderate
22630_b6010fff,hasStructure,Asymmetric
22630_b6010fff,hasMassCategory,MediumWeight
22630_b6010fff,hasVolumeCategory,MediumVolume
20755_4b5e61bf,rdf:type,MediumRotor
20755_4b5e61bf,hasMaterial,Steel
20755_4b5e61bf,belongsToFamily,medium_rotor
20755_4b5e61bf,hasComplexityLevel,Medium
20755_4b5e61bf,hasTopology,Moderate
20755_4b5e61bf,hasStructure,Asymmetric
20755_4b5e61bf,hasMassCategory,LightWeight
20755_4b5e61bf,hasVolumeCategory,MediumVolume
23002_4d53fb3f,rdf:type,HighComplexityRotor
23002_4d53fb3f,hasMaterial,Steel
23002_4d53fb3f,belongsToFamily,high_complexity_rotor
23002_4d53fb3f,hasComplexityLevel,High
23002_4d53fb3f,hasTopology,Dense
23002_4d53fb3f,hasStructure,Asymmetric
23002_4d53fb3f,hasMassCategory,LightWeight
23002_4d53fb3f,hasVolumeCategory,SmallVolume
20291_42287610,rdf:type,SimpleRotor
20291_42287610,hasMaterial,Steel
20291_42287610,belongsToFamily,simple_rotor
20291_42287610,hasComplexityLevel,Low
20291_42287610,hasTopology,Sparse
20291_42287610,hasStructure,Asymmetric
20291_42287610,hasMassCategory,MediumWeight
20291_42287610,hasVolumeCategory,MediumVolume
23245_ccd099b6,rdf:type,MediumRotor
23245_ccd099b6,hasMaterial,Wood
23245_ccd099b6,belongsToFamily,medium_rotor
23245_ccd099b6,hasComplexityLevel,Medium
23245_ccd099b6,hasTopology,Sparse
23245_ccd099b6,hasStructure,Asymmetric
23245_ccd099b6,hasMassCategory,LightWeight
23245_ccd099b6,hasVolumeCategory,MediumVolume
21580_b8b2571b,rdf:type,HighComplexityRotor
21580_b8b2571b,hasMaterial,Steel
21580_b8b2571b,belongsToFamily,high_complexity_rotor
21580_b8b2571b,hasComplexityLevel,High
21580_b8b2571b,hasTopology,Dense
21580_b8b2571b,hasStructure,Asymmetric
21580_b8b2571b,hasMassCategory,MediumWeight
21580_b8b2571b,hasVolumeCategory,MediumVolume
21365_ab403591,rdf:type,MediumRotor
21365_ab403591,hasMaterial,Steel
21365_ab403591,belongsToFamily,medium_rotor
21365_ab403591,hasComplexityLevel,Medium
21365_ab403591,hasTopology,Moderate
21365_ab403591,hasStructure,Asymmetric
21365_ab403591,hasMassCategory,HeavyWeight
21365_ab403591,hasVolumeCategory,LargeVolume
22014_5880c417,rdf:type,SimpleRotor
22014_5880c417,hasMaterial,Steel
22014_5880c417,belongsToFamily,simple_rotor
22014_5880c417,hasComplexityLevel,Low
22014_5880c417,hasTopology,Sparse
22014_5880c417,hasStructure,Asymmetric
22014_5880c417,hasMassCategory,LightWeight
22014_5880c417,hasVolumeCategory,SmallVolume
21630_316322ff,rdf:type,SimpleRotor
21630_316322ff,hasMaterial,Steel
21630_316322ff,belongsToFamily,simple_rotor
21630_316322ff,hasComplexityLevel,Low
21630_316322ff,hasTopology,Sparse
21630_316322ff,hasStructure,Asymmetric
21630_316322ff,hasMassCategory,LightWeight
21630_316322ff,hasVolumeCategory,SmallVolume
22349_6f67a96e,rdf:type,SimpleRotor
22349_6f67a96e,hasMaterial,Steel
22349_6f67a96e,belongsToFamily,simple_rotor
22349_6f67a96e,hasComplexityLevel,Low
22349_6f67a96e,hasTopology,Sparse
22349_6f67a96e,hasStructure,Asymmetric
22349_6f67a96e,hasMassCategory,LightWeight
22349_6f67a96e,hasVolumeCategory,SmallVolume
21316_69ed56f5,rdf:type,ComplexAssembly
21316_69ed56f5,hasMaterial,Steel
21316_69ed56f5,belongsToFamily,complex_assembly
21316_69ed56f5,hasComplexityLevel,High
21316_69ed56f5,hasTopology,Dense
21316_69ed56f5,hasStructure,Symmetric
21316_69ed56f5,hasMassCategory,HeavyWeight
21316_69ed56f5,hasVolumeCategory,LargeVolume
20281_a29f9a18,rdf:type,MediumRotor
20281_a29f9a18,hasMaterial,Steel
20281_a29f9a18,belongsToFamily,medium_rotor
20281_a29f9a18,hasComplexityLevel,Medium
20281_a29f9a18,hasTopology,Moderate
20281_a29f9a18,hasStructure,Asymmetric
20281_a29f9a18,hasMassCategory,LightWeight
20281_a29f9a18,hasVolumeCategory,SmallVolume
21243_3ec5d732,rdf:type,SimpleRotor
21243_3ec5d732,hasMaterial,Steel
21243_3ec5d732,belongsToFamily,simple_rotor
21243_3ec5d732,hasComplexityLevel,Low
21243_3ec5d732,hasTopology,Sparse
21243_3ec5d732,hasStructure,Asymmetric
21243_3ec5d732,hasMassCategory,MediumWeight
21243_3ec5d732,hasVolumeCategory,MediumVolume
21545_4384f96e,rdf:type,ComplexAssembly
21545_4384f96e,hasMaterial,Steel
21545_4384f96e,belongsToFamily,complex_assembly
21545_4384f96e,hasComplexityLevel,High
21545_4384f96e,hasTopology,Dense
21545_4384f96e,hasStructure,Asymmetric
21545_4384f96e,hasMassCategory,HeavyWeight
21545_4384f96e,hasVolumeCategory,LargeVolume
23258_87a2ba81,rdf:type,HighComplexityRotor
23258_87a2ba81,hasMaterial,Steel
23258_87a2ba81,belongsToFamily,high_complexity_rotor
23258_87a2ba81,hasComplexityLevel,High
23258_87a2ba81,hasTopology,Dense
23258_87a2ba81,hasStructure,Symmetric
23258_87a2ba81,hasMassCategory,HeavyWeight
23258_87a2ba81,hasVolumeCategory,LargeVolume
21839_a8eb6d34,rdf:type,HighComplexityRotor
21839_a8eb6d34,hasMaterial,Steel
21839_a8eb6d34,belongsToFamily,high_complexity_rotor
21839_a8eb6d34,hasComplexityLevel,High
21839_a8eb6d34,hasTopology,Dense
21839_a8eb6d34,hasStructure,Symmetric
21839_a8eb6d34,hasMassCategory,LightWeight
21839_a8eb6d34,hasVolumeCategory,SmallVolume
23123_f35404c4,rdf:type,ComplexAssembly
23123_f35404c4,hasMaterial,Steel
23123_f35404c4,belongsToFamily,complex_assembly
23123_f35404c4,hasComplexityLevel,High
23123_f35404c4,hasTopology,Dense
23123_f35404c4,hasStructure,Asymmetric
23123_f35404c4,hasMassCategory,LightWeight
23123_f35404c4,hasVolumeCategory,SmallVolume
21425_d0d47a2a,rdf:type,HighComplexityRotor
21425_d0d47a2a,hasMaterial,Steel
21425_d0d47a2a,belongsToFamily,high_complexity_rotor
21425_d0d47a2a,hasComplexityLevel,High
21425_d0d47a2a,hasTopology,Dense
21425_d0d47a2a,hasStructure,Asymmetric
21425_d0d47a2a,hasMassCategory,LightWeight
21425_d0d47a2a,hasVolumeCategory,SmallVolume
22419_dfeb5d33,rdf:type,HighComplexityRotor
22419_dfeb5d33,hasMaterial,Steel
22419_dfeb5d33,belongsToFamily,high_complexity_rotor
22419_dfeb5d33,hasComplexityLevel,High
22419_dfeb5d33,hasTopology,Dense
22419_dfeb5d33,hasStructure,Symmetric
22419_dfeb5d33,hasMassCategory,LightWeight
22419_dfeb5d33,hasVolumeCategory,SmallVolume
21986_67c5509a,rdf:type,ComplexAssembly
21986_67c5509a,hasMaterial,Steel
21986_67c5509a,belongsToFamily,complex_assembly
21986_67c5509a,hasComplexityLevel,High
21986_67c5509a,hasTopology,Dense
21986_67c5509a,hasStructure,Asymmetric
21986_67c5509a,hasMassCategory,LightWeight
21986_67c5509a,hasVolumeCategory,SmallVolume
21035_d308c5c4,rdf:type,MediumRotor
21035_d308c5c4,hasMaterial,Steel
21035_d308c5c4,belongsToFamily,medium_rotor
21035_d308c5c4,hasComplexityLevel,Medium
21035_d308c5c4,hasTopology,Moderate
21035_d308c5c4,hasStructure,Asymmetric
21035_d308c5c4,hasMassCategory,HeavyWeight
21035_d308c5c4,hasVolumeCategory,LargeVolume
21859_35124f79,rdf:type,ComplexAssembly
21859_35124f79,hasMaterial,Steel
21859_35124f79,belongsToFamily,complex_assembly
21859_35124f79,hasComplexityLevel,High
21859_35124f79,hasTopology,Dense
21859_35124f79,hasStructure,Asymmetric
21859_35124f79,hasMassCategory,HeavyWeight
21859_35124f79,hasVolumeCategory,LargeVolume
22421_19401bdd,rdf:type,HighComplexityRotor
22421_19401bdd,hasMaterial,Steel
22421_19401bdd,belongsToFamily,high_complexity_rotor
22421_19401bdd,hasComplexityLevel,High
22421_19401bdd,hasTopology,Dense
22421_19401bdd,hasStructure,Symmetric
22421_19401bdd,hasMassCategory,LightWeight
22421_19401bdd,hasVolumeCategory,SmallVolume
22787_49022c32,rdf:type,ComplexAssembly
22787_49022c32,hasMaterial,Steel
22787_49022c32,belongsToFamily,complex_assembly
22787_49022c32,hasComplexityLevel,High
22787_49022c32,hasTopology,Dense
22787_49022c32,hasStructure,Asymmetric
22787_49022c32,hasMassCategory,MediumWeight
22787_49022c32,hasVolumeCategory,MediumVolume
23103_66470b7e,rdf:type,SimpleRotor
23103_66470b7e,hasMaterial,Steel
23103_66470b7e,belongsToFamily,simple_rotor
23103_66470b7e,hasComplexityLevel,Low
23103_66470b7e,hasTopology,Sparse
23103_66470b7e,hasStructure,Asymmetric
23103_66470b7e,hasMassCategory,LightWeight
23103_66470b7e,hasVolumeCategory,SmallVolume
20505_017d4cc4,rdf:type,MediumRotor
20505_017d4cc4,hasMaterial,Steel
20505_017d4cc4,belongsToFamily,medium_rotor
20505_017d4cc4,hasComplexityLevel,Medium
20505_017d4cc4,hasTopology,Moderate
20505_017d4cc4,hasStructure,Asymmetric
20505_017d4cc4,hasMassCategory,LightWeight
20505_017d4cc4,hasVolumeCategory,SmallVolume
23044_9a964a68,rdf:type,MediumRotor
23044_9a964a68,hasMaterial,Steel
23044_9a964a68,belongsToFamily,medium_rotor
23044_9a964a68,hasComplexityLevel,Medium
23044_9a964a68,hasTopology,Moderate
23044_9a964a68,hasStructure,Asymmetric
23044_9a964a68,hasMassCategory,MediumWeight
23044_9a964a68,hasVolumeCategory,MediumVolume
20682_e208cc63,rdf:type,SymmetricRotor
20682_e208cc63,hasMaterial,Steel
20682_e208cc63,belongsToFamily,symmetric_rotor
20682_e208cc63,hasComplexityLevel,Medium
20682_e208cc63,hasTopology,Moderate
20682_e208cc63,hasStructure,Symmetric
20682_e208cc63,hasMassCategory,MediumWeight
20682_e208cc63,hasVolumeCategory,MediumVolume
21976_807c9b26,rdf:type,SimpleRotor
21976_807c9b26,hasMaterial,Steel
21976_807c9b26,belongsToFamily,simple_rotor
21976_807c9b26,hasComplexityLevel,Low
21976_807c9b26,hasTopology,Sparse
21976_807c9b26,hasStructure,Asymmetric
21976_807c9b26,hasMassCategory,MediumWeight
21976_807c9b26,hasVolumeCategory,MediumVolume
21865_c190b734,rdf:type,SimpleRotor
21865_c190b734,hasMaterial,Steel
21865_c190b734,belongsToFamily,simple_rotor
21865_c190b734,hasComplexityLevel,Low
21865_c190b734,hasTopology,Sparse
21865_c190b734,hasStructure,Asymmetric
21865_c190b734,hasMassCategory,HeavyWeight
21865_c190b734,hasVolumeCategory,LargeVolume
20426_79358492,rdf:type,SimpleRotor
20426_79358492,hasMaterial,Steel
20426_79358492,belongsToFamily,simple_rotor
20426_79358492,hasComplexityLevel,Low
20426_79358492,hasTopology,Sparse
20426_79358492,hasStructure,Asymmetric
20426_79358492,hasMassCategory,LightWeight
20426_79358492,hasVolumeCategory,SmallVolume
22076_20e8a107,rdf:type,HighComplexityRotor
22076_20e8a107,hasMaterial,Steel
22076_20e8a107,belongsToFamily,high_complexity_rotor
22076_20e8a107,hasComplexityLevel,High
22076_20e8a107,hasTopology,Dense
22076_20e8a107,hasStructure,Asymmetric
22076_20e8a107,hasMassCategory,MediumWeight
22076_20e8a107,hasVolumeCategory,MediumVolume
23217_7c6062e3,rdf:type,HighComplexityRotor
23217_7c6062e3,hasMaterial,Steel
23217_7c6062e3,belongsToFamily,high_complexity_rotor
23217_7c6062e3,hasComplexityLevel,High
23217_7c6062e3,hasTopology,Dense
23217_7c6062e3,hasStructure,Symmetric
23217_7c6062e3,hasMassCategory,HeavyWeight
23217_7c6062e3,hasVolumeCategory,LargeVolume
23408_e5fd25ba,rdf:type,SimpleRotor
23408_e5fd25ba,hasMaterial,Steel
23408_e5fd25ba,belongsToFamily,simple_rotor
23408_e5fd25ba,hasComplexityLevel,Low
23408_e5fd25ba,hasTopology,Sparse
23408_e5fd25ba,hasStructure,Asymmetric
23408_e5fd25ba,hasMassCategory,MediumWeight
23408_e5fd25ba,hasVolumeCategory,MediumVolume
22443_fa24c6f9,rdf:type,MediumRotor
22443_fa24c6f9,hasMaterial,Steel
22443_fa24c6f9,belongsToFamily,medium_rotor
22443_fa24c6f9,hasComplexityLevel,Medium
22443_fa24c6f9,hasTopology,Moderate
22443_fa24c6f9,hasStructure,Asymmetric
22443_fa24c6f9,hasMassCategory,HeavyWeight
22443_fa24c6f9,hasVolumeCategory,LargeVolume
21706_adfb2ece,rdf:type,MediumRotor
21706_adfb2ece,hasMaterial,Steel
21706_adfb2ece,belongsToFamily,medium_rotor
21706_adfb2ece,hasComplexityLevel,Medium
21706_adfb2ece,hasTopology,Moderate
21706_adfb2ece,hasStructure,Asymmetric
21706_adfb2ece,hasMassCategory,MediumWeight
21706_adfb2ece,hasVolumeCategory,MediumVolume
23265_07de6a0b,rdf:type,SimpleRotor
23265_07de6a0b,hasMaterial,Steel
23265_07de6a0b,belongsToFamily,simple_rotor
23265_07de6a0b,hasComplexityLevel,Low
23265_07de6a0b,hasTopology,Sparse
23265_07de6a0b,hasStructure,Asymmetric
23265_07de6a0b,hasMassCategory,LightWeight
23265_07de6a0b,hasVolumeCategory,SmallVolume
21745_56cbe841,rdf:type,MediumRotor
21745_56cbe841,hasMaterial,Steel
21745_56cbe841,belongsToFamily,medium_rotor
21745_56cbe841,hasComplexityLevel,Medium
21745_56cbe841,hasTopology,Moderate
21745_56cbe841,hasStructure,Asymmetric
21745_56cbe841,hasMassCategory,LightWeight
21745_56cbe841,hasVolumeCategory,MediumVolume
20466_4b3e5186,rdf:type,SimpleRotor
20466_4b3e5186,hasMaterial,Steel
20466_4b3e5186,belongsToFamily,simple_rotor
20466_4b3e5186,hasComplexityLevel,Low
20466_4b3e5186,hasTopology,Sparse
20466_4b3e5186,hasStructure,Asymmetric
20466_4b3e5186,hasMassCategory,LightWeight
20466_4b3e5186,hasVolumeCategory,SmallVolume
21695_1f33863f,rdf:type,MediumRotor
21695_1f33863f,hasMaterial,Steel
21695_1f33863f,belongsToFamily,medium_rotor
21695_1f33863f,hasComplexityLevel,Medium
21695_1f33863f,hasTopology,Sparse
21695_1f33863f,hasStructure,Asymmetric
21695_1f33863f,hasMassCategory,LightWeight
21695_1f33863f,hasVolumeCategory,SmallVolume
19518_f220b68a,rdf:type,SimpleRotor
19518_f220b68a,hasMaterial,OtherEngineeringMaterial
19518_f220b68a,belongsToFamily,simple_rotor
19518_f220b68a,hasComplexityLevel,Low
19518_f220b68a,hasTopology,Sparse
19518_f220b68a,hasStructure,Asymmetric
19518_f220b68a,hasMassCategory,MediumWeight
19518_f220b68a,hasVolumeCategory,MediumVolume
22313_3a8b93dc,rdf:type,MediumRotor
22313_3a8b93dc,hasMaterial,Steel
22313_3a8b93dc,belongsToFamily,medium_rotor
22313_3a8b93dc,hasComplexityLevel,Medium
22313_3a8b93dc,hasTopology,Moderate
22313_3a8b93dc,hasStructure,Asymmetric
22313_3a8b93dc,hasMassCategory,HeavyWeight
22313_3a8b93dc,hasVolumeCategory,LargeVolume
22251_88fd728c,rdf:type,MediumRotor
22251_88fd728c,hasMaterial,Steel
22251_88fd728c,belongsToFamily,medium_rotor
22251_88fd728c,hasComplexityLevel,Medium
22251_88fd728c,hasTopology,Moderate
22251_88fd728c,hasStructure,Asymmetric
22251_88fd728c,hasMassCategory,HeavyWeight
22251_88fd728c,hasVolumeCategory,LargeVolume
21613_d57e983a,rdf:type,SimpleRotor
21613_d57e983a,hasMaterial,Steel
21613_d57e983a,belongsToFamily,simple_rotor
21613_d57e983a,hasComplexityLevel,Low
21613_d57e983a,hasTopology,Sparse
21613_d57e983a,hasStructure,Asymmetric
21613_d57e983a,hasMassCategory,MediumWeight
21613_d57e983a,hasVolumeCategory,MediumVolume
22067_624b28e3,rdf:type,SimpleRotor
22067_624b28e3,hasMaterial,Steel
22067_624b28e3,belongsToFamily,simple_rotor
22067_624b28e3,hasComplexityLevel,Low
22067_624b28e3,hasTopology,Sparse
22067_624b28e3,hasStructure,Asymmetric
22067_624b28e3,hasMassCategory,LightWeight
22067_624b28e3,hasVolumeCategory,SmallVolume
21005_9feee615,rdf:type,HighComplexityRotor
21005_9feee615,hasMaterial,OtherEngineeringMaterial
21005_9feee615,belongsToFamily,high_complexity_rotor
21005_9feee615,hasComplexityLevel,High
21005_9feee615,hasTopology,Dense
21005_9feee615,hasStructure,Asymmetric
21005_9feee615,hasMassCategory,HeavyWeight
21005_9feee615,hasVolumeCategory,LargeVolume
23250_aa321310,rdf:type,SimpleRotor
23250_aa321310,hasMaterial,OtherEngineeringMaterial
23250_aa321310,belongsToFamily,simple_rotor
23250_aa321310,hasComplexityLevel,Low
23250_aa321310,hasTopology,Sparse
23250_aa321310,hasStructure,Asymmetric
23250_aa321310,hasMassCategory,LightWeight
23250_aa321310,hasVolumeCategory,SmallVolume
23155_d7305c5f,rdf:type,HighComplexityRotor
23155_d7305c5f,hasMaterial,Steel
23155_d7305c5f,belongsToFamily,high_complexity_rotor
23155_d7305c5f,hasComplexityLevel,High
23155_d7305c5f,hasTopology,Dense
23155_d7305c5f,hasStructure,Symmetric
23155_d7305c5f,hasMassCategory,MediumWeight
23155_d7305c5f,hasVolumeCategory,MediumVolume
22749_346e10ae,rdf:type,SimpleRotor
22749_346e10ae,hasMaterial,Steel
22749_346e10ae,belongsToFamily,simple_rotor
22749_346e10ae,hasComplexityLevel,Low
22749_346e10ae,hasTopology,Sparse
22749_346e10ae,hasStructure,Asymmetric
22749_346e10ae,hasMassCategory,LightWeight
22749_346e10ae,hasVolumeCategory,SmallVolume
20818_098cad7c,rdf:type,HighComplexityRotor
20818_098cad7c,hasMaterial,Steel
20818_098cad7c,belongsToFamily,high_complexity_rotor
20818_098cad7c,hasComplexityLevel,High
20818_098cad7c,hasTopology,Dense
20818_098cad7c,hasStructure,Symmetric
20818_098cad7c,hasMassCategory,LightWeight
20818_098cad7c,hasVolumeCategory,MediumVolume
7780_6c885e81,rdf:type,SymmetricRotor
7780_6c885e81,hasMaterial,Steel
7780_6c885e81,belongsToFamily,symmetric_rotor
7780_6c885e81,hasComplexityLevel,Medium
7780_6c885e81,hasTopology,Moderate
7780_6c885e81,hasStructure,Symmetric
7780_6c885e81,hasMassCategory,LightWeight
7780_6c885e81,hasVolumeCategory,SmallVolume
21581_8f948e0b,rdf:type,SimpleRotor
21581_8f948e0b,hasMaterial,Steel
21581_8f948e0b,belongsToFamily,simple_rotor
21581_8f948e0b,hasComplexityLevel,Low
21581_8f948e0b,hasTopology,Sparse
21581_8f948e0b,hasStructure,Asymmetric
21581_8f948e0b,hasMassCategory,MediumWeight
21581_8f948e0b,hasVolumeCategory,MediumVolume
20186_f66e4ad3,rdf:type,SimpleRotor
20186_f66e4ad3,hasMaterial,Steel
20186_f66e4ad3,belongsToFamily,simple_rotor
20186_f66e4ad3,hasComplexityLevel,Low
20186_f66e4ad3,hasTopology,Sparse
20186_f66e4ad3,hasStructure,Asymmetric
20186_f66e4ad3,hasMassCategory,LightWeight
20186_f66e4ad3,hasVolumeCategory,SmallVolume
23322_8f85d82d,rdf:type,MediumRotor
23322_8f85d82d,hasMaterial,Steel
23322_8f85d82d,belongsToFamily,medium_rotor
23322_8f85d82d,hasComplexityLevel,Medium
23322_8f85d82d,hasTopology,Moderate
23322_8f85d82d,hasStructure,Asymmetric
23322_8f85d82d,hasMassCategory,MediumWeight
23322_8f85d82d,hasVolumeCategory,MediumVolume
23235_f9ccb8b0,rdf:type,ComplexAssembly
23235_f9ccb8b0,hasMaterial,Steel
23235_f9ccb8b0,belongsToFamily,complex_assembly
23235_f9ccb8b0,hasComplexityLevel,High
23235_f9ccb8b0,hasTopology,Dense
23235_f9ccb8b0,hasStructure,Asymmetric
23235_f9ccb8b0,hasMassCategory,MediumWeight
23235_f9ccb8b0,hasVolumeCategory,MediumVolume
21528_a5d5490f,rdf:type,MediumRotor
21528_a5d5490f,hasMaterial,Steel
21528_a5d5490f,belongsToFamily,medium_rotor
21528_a5d5490f,hasComplexityLevel,Medium
21528_a5d5490f,hasTopology,Moderate
21528_a5d5490f,hasStructure,Asymmetric
21528_a5d5490f,hasMassCategory,LightWeight
21528_a5d5490f,hasVolumeCategory,SmallVolume
23466_1cf60d09,rdf:type,MediumRotor
23466_1cf60d09,hasMaterial,Steel
23466_1cf60d09,belongsToFamily,medium_rotor
23466_1cf60d09,hasComplexityLevel,Medium
23466_1cf60d09,hasTopology,Moderate
23466_1cf60d09,hasStructure,Asymmetric
23466_1cf60d09,hasMassCategory,LightWeight
23466_1cf60d09,hasVolumeCategory,SmallVolume
21467_67965037,rdf:type,SymmetricRotor
21467_67965037,hasMaterial,OtherEngineeringMaterial
21467_67965037,belongsToFamily,symmetric_rotor
21467_67965037,hasComplexityLevel,Medium
21467_67965037,hasTopology,Moderate
21467_67965037,hasStructure,Symmetric
21467_67965037,hasMassCategory,LightWeight
21467_67965037,hasVolumeCategory,SmallVolume
20165_2b088be5,rdf:type,HighComplexityRotor
20165_2b088be5,hasMaterial,Steel
20165_2b088be5,belongsToFamily,high_complexity_rotor
20165_2b088be5,hasComplexityLevel,High
20165_2b088be5,hasTopology,Dense
20165_2b088be5,hasStructure,Asymmetric
20165_2b088be5,hasMassCategory,MediumWeight
20165_2b088be5,hasVolumeCategory,MediumVolume
22581_406c16c4,rdf:type,ComplexAssembly
22581_406c16c4,hasMaterial,Steel
22581_406c16c4,belongsToFamily,complex_assembly
22581_406c16c4,hasComplexityLevel,High
22581_406c16c4,hasTopology,Dense
22581_406c16c4,hasStructure,Asymmetric
22581_406c16c4,hasMassCategory,MediumWeight
22581_406c16c4,hasVolumeCategory,MediumVolume
21781_5985da6d,rdf:type,SimpleRotor
21781_5985da6d,hasMaterial,Steel
21781_5985da6d,belongsToFamily,simple_rotor
21781_5985da6d,hasComplexityLevel,Low
21781_5985da6d,hasTopology,Sparse
21781_5985da6d,hasStructure,Asymmetric
21781_5985da6d,hasMassCategory,LightWeight
21781_5985da6d,hasVolumeCategory,SmallVolume
21267_35a558cc,rdf:type,SimpleRotor
21267_35a558cc,hasMaterial,Steel
21267_35a558cc,belongsToFamily,simple_rotor
21267_35a558cc,hasComplexityLevel,Low
21267_35a558cc,hasTopology,Sparse
21267_35a558cc,hasStructure,Asymmetric
21267_35a558cc,hasMassCategory,LightWeight
21267_35a558cc,hasVolumeCategory,SmallVolume
21849_a5f563a6,rdf:type,HighComplexityRotor
21849_a5f563a6,hasMaterial,Steel
21849_a5f563a6,belongsToFamily,high_complexity_rotor
21849_a5f563a6,hasComplexityLevel,High
21849_a5f563a6,hasTopology,Dense
21849_a5f563a6,hasStructure,Symmetric
21849_a5f563a6,hasMassCategory,HeavyWeight
21849_a5f563a6,hasVolumeCategory,LargeVolume
20722_90d46353,rdf:type,MediumRotor
20722_90d46353,hasMaterial,Steel
20722_90d46353,belongsToFamily,medium_rotor
20722_90d46353,hasComplexityLevel,Medium
20722_90d46353,hasTopology,Moderate
20722_90d46353,hasStructure,Asymmetric
20722_90d46353,hasMassCategory,HeavyWeight
20722_90d46353,hasVolumeCategory,LargeVolume
23213_3df3cb34,rdf:type,MediumRotor
23213_3df3cb34,hasMaterial,Steel
23213_3df3cb34,belongsToFamily,medium_rotor
23213_3df3cb34,hasComplexityLevel,Medium
23213_3df3cb34,hasTopology,Moderate
23213_3df3cb34,hasStructure,Asymmetric
23213_3df3cb34,hasMassCategory,MediumWeight
23213_3df3cb34,hasVolumeCategory,MediumVolume
22073_951645ae,rdf:type,SimpleRotor
22073_951645ae,hasMaterial,Steel
22073_951645ae,belongsToFamily,simple_rotor
22073_951645ae,hasComplexityLevel,Low
22073_951645ae,hasTopology,Sparse
22073_951645ae,hasStructure,Asymmetric
22073_951645ae,hasMassCategory,LightWeight
22073_951645ae,hasVolumeCategory,SmallVolume
22341_0f9c52ed,rdf:type,MediumRotor
22341_0f9c52ed,hasMaterial,Steel
22341_0f9c52ed,belongsToFamily,medium_rotor
22341_0f9c52ed,hasComplexityLevel,Medium
22341_0f9c52ed,hasTopology,Moderate
22341_0f9c52ed,hasStructure,Asymmetric
22341_0f9c52ed,hasMassCategory,MediumWeight
22341_0f9c52ed,hasVolumeCategory,MediumVolume
22075_12b129d5,rdf:type,SimpleRotor
22075_12b129d5,hasMaterial,Steel
22075_12b129d5,belongsToFamily,simple_rotor
22075_12b129d5,hasComplexityLevel,Low
22075_12b129d5,hasTopology,Sparse
22075_12b129d5,hasStructure,Asymmetric
22075_12b129d5,hasMassCategory,LightWeight
22075_12b129d5,hasVolumeCategory,SmallVolume
22762_dcbdd14d,rdf:type,SymmetricRotor
22762_dcbdd14d,hasMaterial,Steel
22762_dcbdd14d,belongsToFamily,symmetric_rotor
22762_dcbdd14d,hasComplexityLevel,Medium
22762_dcbdd14d,hasTopology,Moderate
22762_dcbdd14d,hasStructure,Symmetric
22762_dcbdd14d,hasMassCategory,MediumWeight
22762_dcbdd14d,hasVolumeCategory,MediumVolume
21722_68aeba65,rdf:type,ComplexAssembly
21722_68aeba65,hasMaterial,Steel
21722_68aeba65,belongsToFamily,complex_assembly
21722_68aeba65,hasComplexityLevel,High
21722_68aeba65,hasTopology,Dense
21722_68aeba65,hasStructure,Symmetric
21722_68aeba65,hasMassCategory,MediumWeight
21722_68aeba65,hasVolumeCategory,MediumVolume
22133_465d7a91,rdf:type,SimpleRotor
22133_465d7a91,hasMaterial,Steel
22133_465d7a91,belongsToFamily,simple_rotor
22133_465d7a91,hasComplexityLevel,Low
22133_465d7a91,hasTopology,Sparse
22133_465d7a91,hasStructure,Asymmetric
22133_465d7a91,hasMassCategory,MediumWeight
22133_465d7a91,hasVolumeCategory,MediumVolume
21592_c5e77a82,rdf:type,MediumRotor
21592_c5e77a82,hasMaterial,Steel
21592_c5e77a82,belongsToFamily,medium_rotor
21592_c5e77a82,hasComplexityLevel,Medium
21592_c5e77a82,hasTopology,Moderate
21592_c5e77a82,hasStructure,Asymmetric
21592_c5e77a82,hasMassCategory,HeavyWeight
21592_c5e77a82,hasVolumeCategory,LargeVolume
21511_d07c59c2,rdf:type,HighComplexityRotor
21511_d07c59c2,hasMaterial,Steel
21511_d07c59c2,belongsToFamily,high_complexity_rotor
21511_d07c59c2,hasComplexityLevel,High
21511_d07c59c2,hasTopology,Dense
21511_d07c59c2,hasStructure,Symmetric
21511_d07c59c2,hasMassCategory,LightWeight
21511_d07c59c2,hasVolumeCategory,SmallVolume
21994_357aac6f,rdf:type,SimpleRotor
21994_357aac6f,hasMaterial,Steel
21994_357aac6f,belongsToFamily,simple_rotor
21994_357aac6f,hasComplexityLevel,Low
21994_357aac6f,hasTopology,Sparse
21994_357aac6f,hasStructure,Asymmetric
21994_357aac6f,hasMassCategory,MediumWeight
21994_357aac6f,hasVolumeCategory,MediumVolume
20671_33532794,rdf:type,SimpleRotor
20671_33532794,hasMaterial,Aluminum
20671_33532794,belongsToFamily,simple_rotor
20671_33532794,hasComplexityLevel,Low
20671_33532794,hasTopology,Sparse
20671_33532794,hasStructure,Asymmetric
20671_33532794,hasMassCategory,LightWeight
20671_33532794,hasVolumeCategory,SmallVolume
20697_d3e106b4,rdf:type,HighComplexityRotor
20697_d3e106b4,hasMaterial,Steel
20697_d3e106b4,belongsToFamily,high_complexity_rotor
20697_d3e106b4,hasComplexityLevel,High
20697_d3e106b4,hasTopology,Dense
20697_d3e106b4,hasStructure,Symmetric
20697_d3e106b4,hasMassCategory,LightWeight
20697_d3e106b4,hasVolumeCategory,SmallVolume
20241_ccb70dc8,rdf:type,SimpleRotor
20241_ccb70dc8,hasMaterial,Steel
20241_ccb70dc8,belongsToFamily,simple_rotor
20241_ccb70dc8,hasComplexityLevel,Low
20241_ccb70dc8,hasTopology,Sparse
20241_ccb70dc8,hasStructure,Asymmetric
20241_ccb70dc8,hasMassCategory,MediumWeight
20241_ccb70dc8,hasVolumeCategory,MediumVolume
21557_53eafe15,rdf:type,ComplexAssembly
21557_53eafe15,hasMaterial,Steel
21557_53eafe15,belongsToFamily,complex_assembly
21557_53eafe15,hasComplexityLevel,High
21557_53eafe15,hasTopology,Dense
21557_53eafe15,hasStructure,Asymmetric
21557_53eafe15,hasMassCategory,MediumWeight
21557_53eafe15,hasVolumeCategory,MediumVolume
7778_3a9748b3,rdf:type,ComplexAssembly
7778_3a9748b3,hasMaterial,Steel
7778_3a9748b3,belongsToFamily,complex_assembly
7778_3a9748b3,hasComplexityLevel,High
7778_3a9748b3,hasTopology,Dense
7778_3a9748b3,hasStructure,Asymmetric
7778_3a9748b3,hasMassCategory,MediumWeight
7778_3a9748b3,hasVolumeCategory,MediumVolume
20488_589ac9c0,rdf:type,SimpleRotor
20488_589ac9c0,hasMaterial,Steel
20488_589ac9c0,belongsToFamily,simple_rotor
20488_589ac9c0,hasComplexityLevel,Low
20488_589ac9c0,hasTopology,Sparse
20488_589ac9c0,hasStructure,Asymmetric
20488_589ac9c0,hasMassCategory,HeavyWeight
20488_589ac9c0,hasVolumeCategory,LargeVolume
23374_57cca189,rdf:type,MediumRotor
23374_57cca189,hasMaterial,Aluminum
23374_57cca189,belongsToFamily,medium_rotor
23374_57cca189,hasComplexityLevel,Medium
23374_57cca189,hasTopology,Moderate
23374_57cca189,hasStructure,Asymmetric
23374_57cca189,hasMassCategory,MediumWeight
23374_57cca189,hasVolumeCategory,MediumVolume
22129_48b47c52,rdf:type,SimpleRotor
22129_48b47c52,hasMaterial,Steel
22129_48b47c52,belongsToFamily,simple_rotor
22129_48b47c52,hasComplexityLevel,Low
22129_48b47c52,hasTopology,Sparse
22129_48b47c52,hasStructure,Symmetric
22129_48b47c52,hasMassCategory,LightWeight
22129_48b47c52,hasVolumeCategory,SmallVolume
20176_a02bde39,rdf:type,MediumRotor
20176_a02bde39,hasMaterial,Wood
20176_a02bde39,belongsToFamily,medium_rotor
20176_a02bde39,hasComplexityLevel,Medium
20176_a02bde39,hasTopology,Moderate
20176_a02bde39,hasStructure,Asymmetric
20176_a02bde39,hasMassCategory,HeavyWeight
20176_a02bde39,hasVolumeCategory,LargeVolume
19596_fb9531a5,rdf:type,HighComplexityRotor
19596_fb9531a5,hasMaterial,Steel
19596_fb9531a5,belongsToFamily,high_complexity_rotor
19596_fb9531a5,hasComplexityLevel,High
19596_fb9531a5,hasTopology,Dense
19596_fb9531a5,hasStructure,Symmetric
19596_fb9531a5,hasMassCategory,MediumWeight
19596_fb9531a5,hasVolumeCategory,MediumVolume
20438_5f344b00,rdf:type,SimpleRotor
20438_5f344b00,hasMaterial,Steel
20438_5f344b00,belongsToFamily,simple_rotor
20438_5f344b00,hasComplexityLevel,Low
20438_5f344b00,hasTopology,Sparse
20438_5f344b00,hasStructure,Symmetric
20438_5f344b00,hasMassCategory,LightWeight
20438_5f344b00,hasVolumeCategory,MediumVolume
23419_ea47995f,rdf:type,ComplexAssembly
23419_ea47995f,hasMaterial,Steel
23419_ea47995f,belongsToFamily,complex_assembly
23419_ea47995f,hasComplexityLevel,High
23419_ea47995f,hasTopology,Dense
23419_ea47995f,hasStructure,Symmetric
23419_ea47995f,hasMassCategory,LightWeight
23419_ea47995f,hasVolumeCategory,SmallVolume
22035_101c7ab4,rdf:type,MediumRotor
22035_101c7ab4,hasMaterial,Steel
22035_101c7ab4,belongsToFamily,medium_rotor
22035_101c7ab4,hasComplexityLevel,Medium
22035_101c7ab4,hasTopology,Moderate
22035_101c7ab4,hasStructure,Asymmetric
22035_101c7ab4,hasMassCategory,LightWeight
22035_101c7ab4,hasVolumeCategory,MediumVolume
20989_a261efa3,rdf:type,SimpleRotor
20989_a261efa3,hasMaterial,Steel
20989_a261efa3,belongsToFamily,simple_rotor
20989_a261efa3,hasComplexityLevel,Low
20989_a261efa3,hasTopology,Sparse
20989_a261efa3,hasStructure,Symmetric
20989_a261efa3,hasMassCategory,LightWeight
20989_a261efa3,hasVolumeCategory,SmallVolume
23127_38d73061,rdf:type,SymmetricRotor
23127_38d73061,hasMaterial,Steel
23127_38d73061,belongsToFamily,symmetric_rotor
23127_38d73061,hasComplexityLevel,Medium
23127_38d73061,hasTopology,Moderate
23127_38d73061,hasStructure,Symmetric
23127_38d73061,hasMassCategory,HeavyWeight
23127_38d73061,hasVolumeCategory,LargeVolume
23354_8182b4eb,rdf:type,MediumRotor
23354_8182b4eb,hasMaterial,Steel
23354_8182b4eb,belongsToFamily,medium_rotor
23354_8182b4eb,hasComplexityLevel,Medium
23354_8182b4eb,hasTopology,Sparse
23354_8182b4eb,hasStructure,Asymmetric
23354_8182b4eb,hasMassCategory,HeavyWeight
23354_8182b4eb,hasVolumeCategory,LargeVolume
21685_93737a7a,rdf:type,HighComplexityRotor
21685_93737a7a,hasMaterial,OtherEngineeringMaterial
21685_93737a7a,belongsToFamily,high_complexity_rotor
21685_93737a7a,hasComplexityLevel,High
21685_93737a7a,hasTopology,Dense
21685_93737a7a,hasStructure,Symmetric
21685_93737a7a,hasMassCategory,HeavyWeight
21685_93737a7a,hasVolumeCategory,LargeVolume
21989_a0b5037d,rdf:type,MediumRotor
21989_a0b5037d,hasMaterial,Steel
21989_a0b5037d,belongsToFamily,medium_rotor
21989_a0b5037d,hasComplexityLevel,Medium
21989_a0b5037d,hasTopology,Moderate
21989_a0b5037d,hasStructure,Asymmetric
21989_a0b5037d,hasMassCategory,HeavyWeight
21989_a0b5037d,hasVolumeCategory,LargeVolume
22027_11a2e852,rdf:type,HighComplexityRotor
22027_11a2e852,hasMaterial,OtherEngineeringMaterial
22027_11a2e852,belongsToFamily,high_complexity_rotor
22027_11a2e852,hasComplexityLevel,High
22027_11a2e852,hasTopology,Dense
22027_11a2e852,hasStructure,Symmetric
22027_11a2e852,hasMassCategory,LightWeight
22027_11a2e852,hasVolumeCategory,SmallVolume
21184_971559b6,rdf:type,SimpleRotor
21184_971559b6,hasMaterial,Steel
21184_971559b6,belongsToFamily,simple_rotor
21184_971559b6,hasComplexityLevel,Low
21184_971559b6,hasTopology,Sparse
21184_971559b6,hasStructure,Asymmetric
21184_971559b6,hasMassCategory,LightWeight
21184_971559b6,hasVolumeCategory,SmallVolume
20547_ec8cfd0d,rdf:type,SimpleRotor
20547_ec8cfd0d,hasMaterial,Steel
20547_ec8cfd0d,belongsToFamily,simple_rotor
20547_ec8cfd0d,hasComplexityLevel,Low
20547_ec8cfd0d,hasTopology,Sparse
20547_ec8cfd0d,hasStructure,Asymmetric
20547_ec8cfd0d,hasMassCategory,LightWeight
20547_ec8cfd0d,hasVolumeCategory,SmallVolume
20479_77930584,rdf:type,SimpleRotor
20479_77930584,hasMaterial,Steel
20479_77930584,belongsToFamily,simple_rotor
20479_77930584,hasComplexityLevel,Low
20479_77930584,hasTopology,Sparse
20479_77930584,hasStructure,Asymmetric
20479_77930584,hasMassCategory,MediumWeight
20479_77930584,hasVolumeCategory,MediumVolume
22589_2c8f7c0b,rdf:type,SimpleRotor
22589_2c8f7c0b,hasMaterial,Steel
22589_2c8f7c0b,belongsToFamily,simple_rotor
22589_2c8f7c0b,hasComplexityLevel,Low
22589_2c8f7c0b,hasTopology,Sparse
22589_2c8f7c0b,hasStructure,Asymmetric
22589_2c8f7c0b,hasMassCategory,LightWeight
22589_2c8f7c0b,hasVolumeCategory,SmallVolume
20741_c337946f,rdf:type,SimpleRotor
20741_c337946f,hasMaterial,Steel
20741_c337946f,belongsToFamily,simple_rotor
20741_c337946f,hasComplexityLevel,Low
20741_c337946f,hasTopology,Sparse
20741_c337946f,hasStructure,Asymmetric
20741_c337946f,hasMassCategory,LightWeight
20741_c337946f,hasVolumeCategory,SmallVolume
20237_06b27bf5,rdf:type,SymmetricRotor
20237_06b27bf5,hasMaterial,Steel
20237_06b27bf5,belongsToFamily,symmetric_rotor
20237_06b27bf5,hasComplexityLevel,Medium
20237_06b27bf5,hasTopology,Moderate
20237_06b27bf5,hasStructure,Symmetric
20237_06b27bf5,hasMassCategory,LightWeight
20237_06b27bf5,hasVolumeCategory,SmallVolume
20431_0088a0dd,rdf:type,MediumRotor
20431_0088a0dd,hasMaterial,Steel
20431_0088a0dd,belongsToFamily,medium_rotor
20431_0088a0dd,hasComplexityLevel,Medium
20431_0088a0dd,hasTopology,Moderate
20431_0088a0dd,hasStructure,Asymmetric
20431_0088a0dd,hasMassCategory,LightWeight
20431_0088a0dd,hasVolumeCategory,MediumVolume
22417_4a15d62e,rdf:type,HighComplexityRotor
22417_4a15d62e,hasMaterial,Steel
22417_4a15d62e,belongsToFamily,high_complexity_rotor
22417_4a15d62e,hasComplexityLevel,High
22417_4a15d62e,hasTopology,Dense
22417_4a15d62e,hasStructure,Symmetric
22417_4a15d62e,hasMassCategory,LightWeight
22417_4a15d62e,hasVolumeCategory,SmallVolume
20672_0bc07cce,rdf:type,SimpleRotor
20672_0bc07cce,hasMaterial,Steel
20672_0bc07cce,belongsToFamily,simple_rotor
20672_0bc07cce,hasComplexityLevel,Low
20672_0bc07cce,hasTopology,Sparse
20672_0bc07cce,hasStructure,Asymmetric
20672_0bc07cce,hasMassCategory,MediumWeight
20672_0bc07cce,hasVolumeCategory,MediumVolume
21616_c6c3347a,rdf:type,SimpleRotor
21616_c6c3347a,hasMaterial,Steel
21616_c6c3347a,belongsToFamily,simple_rotor
21616_c6c3347a,hasComplexityLevel,Low
21616_c6c3347a,hasTopology,Sparse
21616_c6c3347a,hasStructure,Asymmetric
21616_c6c3347a,hasMassCategory,MediumWeight
21616_c6c3347a,hasVolumeCategory,MediumVolume
22576_d05619d1,rdf:type,HighComplexityRotor
22576_d05619d1,hasMaterial,Steel
22576_d05619d1,belongsToFamily,high_complexity_rotor
22576_d05619d1,hasComplexityLevel,High
22576_d05619d1,hasTopology,Dense
22576_d05619d1,hasStructure,Symmetric
22576_d05619d1,hasMassCategory,LightWeight
22576_d05619d1,hasVolumeCategory,MediumVolume
20946_6573271d,rdf:type,SimpleRotor
20946_6573271d,hasMaterial,Steel
20946_6573271d,belongsToFamily,simple_rotor
20946_6573271d,hasComplexityLevel,Low
20946_6573271d,hasTopology,Sparse
20946_6573271d,hasStructure,Symmetric
20946_6573271d,hasMassCategory,LightWeight
20946_6573271d,hasVolumeCategory,SmallVolume
22483_f4e4b62a,rdf:type,ComplexAssembly
22483_f4e4b62a,hasMaterial,Steel
22483_f4e4b62a,belongsToFamily,complex_assembly
22483_f4e4b62a,hasComplexityLevel,High
22483_f4e4b62a,hasTopology,Dense
22483_f4e4b62a,hasStructure,Asymmetric
22483_f4e4b62a,hasMassCategory,MediumWeight
22483_f4e4b62a,hasVolumeCategory,MediumVolume
20467_f1fcc009,rdf:type,SimpleRotor
20467_f1fcc009,hasMaterial,Steel
20467_f1fcc009,belongsToFamily,simple_rotor
20467_f1fcc009,hasComplexityLevel,Low
20467_f1fcc009,hasTopology,Sparse
20467_f1fcc009,hasStructure,Asymmetric
20467_f1fcc009,hasMassCategory,LightWeight
20467_f1fcc009,hasVolumeCategory,SmallVolume
20279_aed6b3b3,rdf:type,HighComplexityRotor
20279_aed6b3b3,hasMaterial,Steel
20279_aed6b3b3,belongsToFamily,high_complexity_rotor
20279_aed6b3b3,hasComplexityLevel,High
20279_aed6b3b3,hasTopology,Dense
20279_aed6b3b3,hasStructure,Symmetric
20279_aed6b3b3,hasMassCategory,LightWeight
20279_aed6b3b3,hasVolumeCategory,MediumVolume
22058_71feafda,rdf:type,SimpleRotor
22058_71feafda,hasMaterial,Steel
22058_71feafda,belongsToFamily,simple_rotor
22058_71feafda,hasComplexityLevel,Low
22058_71feafda,hasTopology,Sparse
22058_71feafda,hasStructure,Asymmetric
22058_71feafda,hasMassCategory,LightWeight
22058_71feafda,hasVolumeCategory,SmallVolume
23413_6702ec7f,rdf:type,MediumRotor
23413_6702ec7f,hasMaterial,Steel
23413_6702ec7f,belongsToFamily,medium_rotor
23413_6702ec7f,hasComplexityLevel,Medium
23413_6702ec7f,hasTopology,Moderate
23413_6702ec7f,hasStructure,Asymmetric
23413_6702ec7f,hasMassCategory,LightWeight
23413_6702ec7f,hasVolumeCategory,MediumVolume
21093_1bda9bbe,rdf:type,HighComplexityRotor
21093_1bda9bbe,hasMaterial,Steel
21093_1bda9bbe,belongsToFamily,high_complexity_rotor
21093_1bda9bbe,hasComplexityLevel,High
21093_1bda9bbe,hasTopology,Dense
21093_1bda9bbe,hasStructure,Asymmetric
21093_1bda9bbe,hasMassCategory,MediumWeight
21093_1bda9bbe,hasVolumeCategory,MediumVolume
20544_43691724,rdf:type,HighComplexityRotor
20544_43691724,hasMaterial,Steel
20544_43691724,belongsToFamily,high_complexity_rotor
20544_43691724,hasComplexityLevel,High
20544_43691724,hasTopology,Dense
20544_43691724,hasStructure,Asymmetric
20544_43691724,hasMassCategory,MediumWeight
20544_43691724,hasVolumeCategory,MediumVolume
22764_b884dce6,rdf:type,HighComplexityRotor
22764_b884dce6,hasMaterial,Aluminum
22764_b884dce6,belongsToFamily,high_complexity_rotor
22764_b884dce6,hasComplexityLevel,High
22764_b884dce6,hasTopology,Dense
22764_b884dce6,hasStructure,Asymmetric
22764_b884dce6,hasMassCategory,HeavyWeight
22764_b884dce6,hasVolumeCategory,LargeVolume
21069_508a9947,rdf:type,ComplexAssembly
21069_508a9947,hasMaterial,Steel
21069_508a9947,belongsToFamily,complex_assembly
21069_508a9947,hasComplexityLevel,High
21069_508a9947,hasTopology,Dense
21069_508a9947,hasStructure,Asymmetric
21069_508a9947,hasMassCategory,MediumWeight
21069_508a9947,hasVolumeCategory,MediumVolume
20959_d4905d19,rdf:type,HighComplexityRotor
20959_d4905d19,hasMaterial,Steel
20959_d4905d19,belongsToFamily,high_complexity_rotor
20959_d4905d19,hasComplexityLevel,High
20959_d4905d19,hasTopology,Dense
20959_d4905d19,hasStructure,Symmetric
20959_d4905d19,hasMassCategory,LightWeight
20959_d4905d19,hasVolumeCategory,SmallVolume
20421_83f66ddc,rdf:type,MediumRotor
20421_83f66ddc,hasMaterial,Steel
20421_83f66ddc,belongsToFamily,medium_rotor
20421_83f66ddc,hasComplexityLevel,Medium
20421_83f66ddc,hasTopology,Sparse
20421_83f66ddc,hasStructure,Asymmetric
20421_83f66ddc,hasMassCategory,LightWeight
20421_83f66ddc,hasVolumeCategory,LargeVolume
22472_f65d3470,rdf:type,SimpleRotor
22472_f65d3470,hasMaterial,Steel
22472_f65d3470,belongsToFamily,simple_rotor
22472_f65d3470,hasComplexityLevel,Low
22472_f65d3470,hasTopology,Sparse
22472_f65d3470,hasStructure,Asymmetric
22472_f65d3470,hasMassCategory,MediumWeight
22472_f65d3470,hasVolumeCategory,MediumVolume
20260_4a01a99d,rdf:type,HighComplexityRotor
20260_4a01a99d,hasMaterial,Steel
20260_4a01a99d,belongsToFamily,high_complexity_rotor
20260_4a01a99d,hasComplexityLevel,High
20260_4a01a99d,hasTopology,Dense
20260_4a01a99d,hasStructure,Asymmetric
20260_4a01a99d,hasMassCategory,LightWeight
20260_4a01a99d,hasVolumeCategory,MediumVolume
23309_76dcf100,rdf:type,HighComplexityRotor
23309_76dcf100,hasMaterial,Steel
23309_76dcf100,belongsToFamily,high_complexity_rotor
23309_76dcf100,hasComplexityLevel,High
23309_76dcf100,hasTopology,Dense
23309_76dcf100,hasStructure,Symmetric
23309_76dcf100,hasMassCategory,LightWeight
23309_76dcf100,hasVolumeCategory,SmallVolume
21790_aaf9224a,rdf:type,MediumRotor
21790_aaf9224a,hasMaterial,Steel
21790_aaf9224a,belongsToFamily,medium_rotor
21790_aaf9224a,hasComplexityLevel,Medium
21790_aaf9224a,hasTopology,Moderate
21790_aaf9224a,hasStructure,Asymmetric
21790_aaf9224a,hasMassCategory,HeavyWeight
21790_aaf9224a,hasVolumeCategory,LargeVolume
23152_6f2706c9,rdf:type,MediumRotor
23152_6f2706c9,hasMaterial,Steel
23152_6f2706c9,belongsToFamily,medium_rotor
23152_6f2706c9,hasComplexityLevel,Medium
23152_6f2706c9,hasTopology,Sparse
23152_6f2706c9,hasStructure,Asymmetric
23152_6f2706c9,hasMassCategory,LightWeight
23152_6f2706c9,hasVolumeCategory,SmallVolume
21257_770fee9a,rdf:type,SimpleRotor
21257_770fee9a,hasMaterial,Steel
21257_770fee9a,belongsToFamily,simple_rotor
21257_770fee9a,hasComplexityLevel,Low
21257_770fee9a,hasTopology,Sparse
21257_770fee9a,hasStructure,Symmetric
21257_770fee9a,hasMassCategory,LightWeight
21257_770fee9a,hasVolumeCategory,SmallVolume
22306_c3dca308,rdf:type,ComplexAssembly
22306_c3dca308,hasMaterial,Steel
22306_c3dca308,belongsToFamily,complex_assembly
22306_c3dca308,hasComplexityLevel,High
22306_c3dca308,hasTopology,Dense
22306_c3dca308,hasStructure,Symmetric
22306_c3dca308,hasMassCategory,MediumWeight
22306_c3dca308,hasVolumeCategory,MediumVolume
20628_e0551f7c,rdf:type,MediumRotor
20628_e0551f7c,hasMaterial,Steel
20628_e0551f7c,belongsToFamily,medium_rotor
20628_e0551f7c,hasComplexityLevel,Medium
20628_e0551f7c,hasTopology,Moderate
20628_e0551f7c,hasStructure,Asymmetric
20628_e0551f7c,hasMassCategory,LightWeight
20628_e0551f7c,hasVolumeCategory,SmallVolume
20838_86c931be,rdf:type,SimpleRotor
20838_86c931be,hasMaterial,OtherEngineeringMaterial
20838_86c931be,belongsToFamily,simple_rotor
20838_86c931be,hasComplexityLevel,Low
20838_86c931be,hasTopology,Sparse
20838_86c931be,hasStructure,Asymmetric
20838_86c931be,hasMassCategory,LightWeight
20838_86c931be,hasVolumeCategory,SmallVolume
22154_24342da4,rdf:type,SimpleRotor
22154_24342da4,hasMaterial,Steel
22154_24342da4,belongsToFamily,simple_rotor
22154_24342da4,hasComplexityLevel,Low
22154_24342da4,hasTopology,Sparse
22154_24342da4,hasStructure,Symmetric
22154_24342da4,hasMassCategory,LightWeight
22154_24342da4,hasVolumeCategory,SmallVolume
22980_3cb3bcc8,rdf:type,MediumRotor
22980_3cb3bcc8,hasMaterial,Steel
22980_3cb3bcc8,belongsToFamily,medium_rotor
22980_3cb3bcc8,hasComplexityLevel,Medium
22980_3cb3bcc8,hasTopology,Moderate
22980_3cb3bcc8,hasStructure,Asymmetric
22980_3cb3bcc8,hasMassCategory,MediumWeight
22980_3cb3bcc8,hasVolumeCategory,MediumVolume
20478_c02790cb,rdf:type,SimpleRotor
20478_c02790cb,hasMaterial,Steel
20478_c02790cb,belongsToFamily,simple_rotor
20478_c02790cb,hasComplexityLevel,Low
20478_c02790cb,hasTopology,Sparse
20478_c02790cb,hasStructure,Asymmetric
20478_c02790cb,hasMassCategory,MediumWeight
20478_c02790cb,hasVolumeCategory,MediumVolume
20477_633cca4f,rdf:type,HighComplexityRotor
20477_633cca4f,hasMaterial,OtherEngineeringMaterial
20477_633cca4f,belongsToFamily,high_complexity_rotor
20477_633cca4f,hasComplexityLevel,High
20477_633cca4f,hasTopology,Dense
20477_633cca4f,hasStructure,Symmetric
20477_633cca4f,hasMassCategory,LightWeight
20477_633cca4f,hasVolumeCategory,MediumVolume
20225_4ce6d59b,rdf:type,SymmetricRotor
20225_4ce6d59b,hasMaterial,OtherEngineeringMaterial
20225_4ce6d59b,belongsToFamily,symmetric_rotor
20225_4ce6d59b,hasComplexityLevel,Medium
20225_4ce6d59b,hasTopology,Moderate
20225_4ce6d59b,hasStructure,Symmetric
20225_4ce6d59b,hasMassCategory,LightWeight
20225_4ce6d59b,hasVolumeCategory,SmallVolume
20797_78b83489,rdf:type,MediumRotor
20797_78b83489,hasMaterial,Steel
20797_78b83489,belongsToFamily,medium_rotor
20797_78b83489,hasComplexityLevel,Medium
20797_78b83489,hasTopology,Moderate
20797_78b83489,hasStructure,Asymmetric
20797_78b83489,hasMassCategory,HeavyWeight
20797_78b83489,hasVolumeCategory,LargeVolume
23376_9b48819a,rdf:type,HighComplexityRotor
23376_9b48819a,hasMaterial,Steel
23376_9b48819a,belongsToFamily,high_complexity_rotor
23376_9b48819a,hasComplexityLevel,High
23376_9b48819a,hasTopology,Dense
23376_9b48819a,hasStructure,Asymmetric
23376_9b48819a,hasMassCategory,LightWeight
23376_9b48819a,hasVolumeCategory,SmallVolume
22534_e899f645,rdf:type,MediumRotor
22534_e899f645,hasMaterial,Steel
22534_e899f645,belongsToFamily,medium_rotor
22534_e899f645,hasComplexityLevel,Medium
22534_e899f645,hasTopology,Moderate
22534_e899f645,hasStructure,Asymmetric
22534_e899f645,hasMassCategory,MediumWeight
22534_e899f645,hasVolumeCategory,MediumVolume
22079_31335df2,rdf:type,ComplexAssembly
22079_31335df2,hasMaterial,Steel
22079_31335df2,belongsToFamily,complex_assembly
22079_31335df2,hasComplexityLevel,High
22079_31335df2,hasTopology,Dense
22079_31335df2,hasStructure,Asymmetric
22079_31335df2,hasMassCategory,HeavyWeight
22079_31335df2,hasVolumeCategory,MediumVolume
22414_14ead4a3,rdf:type,SymmetricRotor
22414_14ead4a3,hasMaterial,Steel
22414_14ead4a3,belongsToFamily,symmetric_rotor
22414_14ead4a3,hasComplexityLevel,Medium
22414_14ead4a3,hasTopology,Moderate
22414_14ead4a3,hasStructure,Symmetric
22414_14ead4a3,hasMassCategory,LightWeight
22414_14ead4a3,hasVolumeCategory,SmallVolume
23313_210c6783,rdf:type,MediumRotor
23313_210c6783,hasMaterial,Steel
23313_210c6783,belongsToFamily,medium_rotor
23313_210c6783,hasComplexityLevel,Medium
23313_210c6783,hasTopology,Moderate
23313_210c6783,hasStructure,Asymmetric
23313_210c6783,hasMassCategory,MediumWeight
23313_210c6783,hasVolumeCategory,MediumVolume
21600_0027c6fc,rdf:type,MediumRotor
21600_0027c6fc,hasMaterial,Steel
21600_0027c6fc,belongsToFamily,medium_rotor
21600_0027c6fc,hasComplexityLevel,Medium
21600_0027c6fc,hasTopology,Sparse
21600_0027c6fc,hasStructure,Asymmetric
21600_0027c6fc,hasMassCategory,HeavyWeight
21600_0027c6fc,hasVolumeCategory,MediumVolume
21081_72fa4ad1,rdf:type,HighComplexityRotor
21081_72fa4ad1,hasMaterial,Steel
21081_72fa4ad1,belongsToFamily,high_complexity_rotor
21081_72fa4ad1,hasComplexityLevel,High
21081_72fa4ad1,hasTopology,Dense
21081_72fa4ad1,hasStructure,Symmetric
21081_72fa4ad1,hasMassCategory,HeavyWeight
21081_72fa4ad1,hasVolumeCategory,LargeVolume
21423_196855d1,rdf:type,SimpleRotor
21423_196855d1,hasMaterial,Steel
21423_196855d1,belongsToFamily,simple_rotor
21423_196855d1,hasComplexityLevel,Low
21423_196855d1,hasTopology,Sparse
21423_196855d1,hasStructure,Asymmetric
21423_196855d1,hasMassCategory,HeavyWeight
21423_196855d1,hasVolumeCategory,LargeVolume
22670_9353c710,rdf:type,ComplexAssembly
22670_9353c710,hasMaterial,Steel
22670_9353c710,belongsToFamily,complex_assembly
22670_9353c710,hasComplexityLevel,High
22670_9353c710,hasTopology,Dense
22670_9353c710,hasStructure,Asymmetric
22670_9353c710,hasMassCategory,LightWeight
22670_9353c710,hasVolumeCategory,MediumVolume
20421_38b63ca5,rdf:type,MediumRotor
20421_38b63ca5,hasMaterial,OtherEngineeringMaterial
20421_38b63ca5,belongsToFamily,medium_rotor
20421_38b63ca5,hasComplexityLevel,Medium
20421_38b63ca5,hasTopology,Moderate
20421_38b63ca5,hasStructure,Asymmetric
20421_38b63ca5,hasMassCategory,MediumWeight
20421_38b63ca5,hasVolumeCategory,LargeVolume
21718_1551037b,rdf:type,ComplexAssembly
21718_1551037b,hasMaterial,Steel
21718_1551037b,belongsToFamily,complex_assembly
21718_1551037b,hasComplexityLevel,High
21718_1551037b,hasTopology,Dense
21718_1551037b,hasStructure,Asymmetric
21718_1551037b,hasMassCategory,MediumWeight
21718_1551037b,hasVolumeCategory,MediumVolume
20585_09b72895,rdf:type,SymmetricRotor
20585_09b72895,hasMaterial,Steel
20585_09b72895,belongsToFamily,symmetric_rotor
20585_09b72895,hasComplexityLevel,Medium
20585_09b72895,hasTopology,Moderate
20585_09b72895,hasStructure,Symmetric
20585_09b72895,hasMassCategory,LightWeight
20585_09b72895,hasVolumeCategory,SmallVolume
21828_21ab2114,rdf:type,SymmetricRotor
21828_21ab2114,hasMaterial,Steel
21828_21ab2114,belongsToFamily,symmetric_rotor
21828_21ab2114,hasComplexityLevel,Medium
21828_21ab2114,hasTopology,Moderate
21828_21ab2114,hasStructure,Symmetric
21828_21ab2114,hasMassCategory,LightWeight
21828_21ab2114,hasVolumeCategory,SmallVolume
20511_e1b972aa,rdf:type,MediumRotor
20511_e1b972aa,hasMaterial,Steel
20511_e1b972aa,belongsToFamily,medium_rotor
20511_e1b972aa,hasComplexityLevel,Medium
20511_e1b972aa,hasTopology,Moderate
20511_e1b972aa,hasStructure,Asymmetric
20511_e1b972aa,hasMassCategory,MediumWeight
20511_e1b972aa,hasVolumeCategory,MediumVolume
22671_fdd1b1e6,rdf:type,SimpleRotor
22671_fdd1b1e6,hasMaterial,Steel
22671_fdd1b1e6,belongsToFamily,simple_rotor
22671_fdd1b1e6,hasComplexityLevel,Low
22671_fdd1b1e6,hasTopology,Sparse
22671_fdd1b1e6,hasStructure,Asymmetric
22671_fdd1b1e6,hasMassCategory,LightWeight
22671_fdd1b1e6,hasVolumeCategory,SmallVolume
21139_cd619b26,rdf:type,SimpleRotor
21139_cd619b26,hasMaterial,Steel
21139_cd619b26,belongsToFamily,simple_rotor
21139_cd619b26,hasComplexityLevel,Low
21139_cd619b26,hasTopology,Sparse
21139_cd619b26,hasStructure,Asymmetric
21139_cd619b26,hasMassCategory,LightWeight
21139_cd619b26,hasVolumeCategory,MediumVolume
23184_731e5af0,rdf:type,SimpleRotor
23184_731e5af0,hasMaterial,Steel
23184_731e5af0,belongsToFamily,simple_rotor
23184_731e5af0,hasComplexityLevel,Low
23184_731e5af0,hasTopology,Sparse
23184_731e5af0,hasStructure,Asymmetric
23184_731e5af0,hasMassCategory,MediumWeight
23184_731e5af0,hasVolumeCategory,MediumVolume
20990_0a226634,rdf:type,SymmetricRotor
20990_0a226634,hasMaterial,Steel
20990_0a226634,belongsToFamily,symmetric_rotor
20990_0a226634,hasComplexityLevel,Medium
20990_0a226634,hasTopology,Sparse
20990_0a226634,hasStructure,Symmetric
20990_0a226634,hasMassCategory,LightWeight
20990_0a226634,hasVolumeCategory,SmallVolume
20586_cbec2689,rdf:type,SimpleRotor
20586_cbec2689,hasMaterial,Plastic
20586_cbec2689,belongsToFamily,simple_rotor
20586_cbec2689,hasComplexityLevel,Low
20586_cbec2689,hasTopology,Sparse
20586_cbec2689,hasStructure,Asymmetric
20586_cbec2689,hasMassCategory,LightWeight
20586_cbec2689,hasVolumeCategory,MediumVolume
20182_71b9e491,rdf:type,MediumRotor
20182_71b9e491,hasMaterial,Steel
20182_71b9e491,belongsToFamily,medium_rotor
20182_71b9e491,hasComplexityLevel,Medium
20182_71b9e491,hasTopology,Moderate
20182_71b9e491,hasStructure,Asymmetric
20182_71b9e491,hasMassCategory,LightWeight
20182_71b9e491,hasVolumeCategory,MediumVolume
22981_93f268ae,rdf:type,SimpleRotor
22981_93f268ae,hasMaterial,OtherEngineeringMaterial
22981_93f268ae,belongsToFamily,simple_rotor
22981_93f268ae,hasComplexityLevel,Low
22981_93f268ae,hasTopology,Sparse
22981_93f268ae,hasStructure,Asymmetric
22981_93f268ae,hasMassCategory,LightWeight
22981_93f268ae,hasVolumeCategory,MediumVolume
20989_d1b8b0f8,rdf:type,MediumRotor
20989_d1b8b0f8,hasMaterial,Steel
20989_d1b8b0f8,belongsToFamily,medium_rotor
20989_d1b8b0f8,hasComplexityLevel,Medium
20989_d1b8b0f8,hasTopology,Moderate
20989_d1b8b0f8,hasStructure,Asymmetric
20989_d1b8b0f8,hasMassCategory,LightWeight
20989_d1b8b0f8,hasVolumeCategory,SmallVolume
20451_557fe5cd,rdf:type,SimpleRotor
20451_557fe5cd,hasMaterial,Steel
20451_557fe5cd,belongsToFamily,simple_rotor
20451_557fe5cd,hasComplexityLevel,Low
20451_557fe5cd,hasTopology,Sparse
20451_557fe5cd,hasStructure,Symmetric
20451_557fe5cd,hasMassCategory,HeavyWeight
20451_557fe5cd,hasVolumeCategory,LargeVolume
22825_f4c18d65,rdf:type,SimpleRotor
22825_f4c18d65,hasMaterial,Steel
22825_f4c18d65,belongsToFamily,simple_rotor
22825_f4c18d65,hasComplexityLevel,Low
22825_f4c18d65,hasTopology,Sparse
22825_f4c18d65,hasStructure,Asymmetric
22825_f4c18d65,hasMassCategory,HeavyWeight
22825_f4c18d65,hasVolumeCategory,LargeVolume
20533_0a3e112b,rdf:type,HighComplexityRotor
20533_0a3e112b,hasMaterial,Steel
20533_0a3e112b,belongsToFamily,high_complexity_rotor
20533_0a3e112b,hasComplexityLevel,High
20533_0a3e112b,hasTopology,Dense
20533_0a3e112b,hasStructure,Asymmetric
20533_0a3e112b,hasMassCategory,MediumWeight
20533_0a3e112b,hasVolumeCategory,MediumVolume
22196_e5bf8c9d,rdf:type,MediumRotor
22196_e5bf8c9d,hasMaterial,Plastic
22196_e5bf8c9d,belongsToFamily,medium_rotor
22196_e5bf8c9d,hasComplexityLevel,Medium
22196_e5bf8c9d,hasTopology,Moderate
22196_e5bf8c9d,hasStructure,Asymmetric
22196_e5bf8c9d,hasMassCategory,LightWeight
22196_e5bf8c9d,hasVolumeCategory,SmallVolume
21165_5cb2d287,rdf:type,SimpleRotor
21165_5cb2d287,hasMaterial,Steel
21165_5cb2d287,belongsToFamily,simple_rotor
21165_5cb2d287,hasComplexityLevel,Low
21165_5cb2d287,hasTopology,Sparse
21165_5cb2d287,hasStructure,Asymmetric
21165_5cb2d287,hasMassCategory,HeavyWeight
21165_5cb2d287,hasVolumeCategory,LargeVolume
23101_6aec02ee,rdf:type,HighComplexityRotor
23101_6aec02ee,hasMaterial,Steel
23101_6aec02ee,belongsToFamily,high_complexity_rotor
23101_6aec02ee,hasComplexityLevel,High
23101_6aec02ee,hasTopology,Dense
23101_6aec02ee,hasStructure,Symmetric
23101_6aec02ee,hasMassCategory,MediumWeight
23101_6aec02ee,hasVolumeCategory,MediumVolume
20817_ef63b1a7,rdf:type,MediumRotor
20817_ef63b1a7,hasMaterial,Steel
20817_ef63b1a7,belongsToFamily,medium_rotor
20817_ef63b1a7,hasComplexityLevel,Medium
20817_ef63b1a7,hasTopology,Sparse
20817_ef63b1a7,hasStructure,Asymmetric
20817_ef63b1a7,hasMassCategory,HeavyWeight
20817_ef63b1a7,hasVolumeCategory,LargeVolume
22141_5db99710,rdf:type,SymmetricRotor
22141_5db99710,hasMaterial,Steel
22141_5db99710,belongsToFamily,symmetric_rotor
22141_5db99710,hasComplexityLevel,Medium
22141_5db99710,hasTopology,Moderate
22141_5db99710,hasStructure,Symmetric
22141_5db99710,hasMassCategory,LightWeight
22141_5db99710,hasVolumeCategory,SmallVolume
20860_b8e9a191,rdf:type,MediumRotor
20860_b8e9a191,hasMaterial,Steel
20860_b8e9a191,belongsToFamily,medium_rotor
20860_b8e9a191,hasComplexityLevel,Medium
20860_b8e9a191,hasTopology,Moderate
20860_b8e9a191,hasStructure,Asymmetric
20860_b8e9a191,hasMassCategory,LightWeight
20860_b8e9a191,hasVolumeCategory,SmallVolume
21610_5dcf1187,rdf:type,SimpleRotor
21610_5dcf1187,hasMaterial,Steel
21610_5dcf1187,belongsToFamily,simple_rotor
21610_5dcf1187,hasComplexityLevel,Low
21610_5dcf1187,hasTopology,Sparse
21610_5dcf1187,hasStructure,Asymmetric
21610_5dcf1187,hasMassCategory,MediumWeight
21610_5dcf1187,hasVolumeCategory,MediumVolume
20285_b64b1a7e,rdf:type,MediumRotor
20285_b64b1a7e,hasMaterial,Steel
20285_b64b1a7e,belongsToFamily,medium_rotor
20285_b64b1a7e,hasComplexityLevel,Medium
20285_b64b1a7e,hasTopology,Sparse
20285_b64b1a7e,hasStructure,Asymmetric
20285_b64b1a7e,hasMassCategory,LightWeight
20285_b64b1a7e,hasVolumeCategory,SmallVolume
21741_c6faf98e,rdf:type,ComplexAssembly
21741_c6faf98e,hasMaterial,Steel
21741_c6faf98e,belongsToFamily,complex_assembly
21741_c6faf98e,hasComplexityLevel,High
21741_c6faf98e,hasTopology,Dense
21741_c6faf98e,hasStructure,Asymmetric
21741_c6faf98e,hasMassCategory,HeavyWeight
21741_c6faf98e,hasVolumeCategory,LargeVolume
21377_19909a40,rdf:type,MediumRotor
21377_19909a40,hasMaterial,Steel
21377_19909a40,belongsToFamily,medium_rotor
21377_19909a40,hasComplexityLevel,Medium
21377_19909a40,hasTopology,Moderate
21377_19909a40,hasStructure,Asymmetric
21377_19909a40,hasMassCategory,LightWeight
21377_19909a40,hasVolumeCategory,SmallVolume
23174_8ef93daf,rdf:type,MediumRotor
23174_8ef93daf,hasMaterial,Steel
23174_8ef93daf,belongsToFamily,medium_rotor
23174_8ef93daf,hasComplexityLevel,Medium
23174_8ef93daf,hasTopology,Moderate
23174_8ef93daf,hasStructure,Asymmetric
23174_8ef93daf,hasMassCategory,MediumWeight
23174_8ef93daf,hasVolumeCategory,MediumVolume
22448_1f21757a,rdf:type,MediumRotor
22448_1f21757a,hasMaterial,Steel
22448_1f21757a,belongsToFamily,medium_rotor
22448_1f21757a,hasComplexityLevel,Medium
22448_1f21757a,hasTopology,Moderate
22448_1f21757a,hasStructure,Asymmetric
22448_1f21757a,hasMassCategory,MediumWeight
22448_1f21757a,hasVolumeCategory,MediumVolume
21621_711e1918,rdf:type,MediumRotor
21621_711e1918,hasMaterial,Steel
21621_711e1918,belongsToFamily,medium_rotor
21621_711e1918,hasComplexityLevel,Medium
21621_711e1918,hasTopology,Moderate
21621_711e1918,hasStructure,Asymmetric
21621_711e1918,hasMassCategory,MediumWeight
21621_711e1918,hasVolumeCategory,MediumVolume
22261_6efe61e3,rdf:type,SimpleRotor
22261_6efe61e3,hasMaterial,OtherEngineeringMaterial
22261_6efe61e3,belongsToFamily,simple_rotor
22261_6efe61e3,hasComplexityLevel,Low
22261_6efe61e3,hasTopology,Sparse
22261_6efe61e3,hasStructure,Asymmetric
22261_6efe61e3,hasMassCategory,LightWeight
22261_6efe61e3,hasVolumeCategory,MediumVolume
20495_e8e7e80c,rdf:type,SimpleRotor
20495_e8e7e80c,hasMaterial,Steel
20495_e8e7e80c,belongsToFamily,simple_rotor
20495_e8e7e80c,hasComplexityLevel,Low
20495_e8e7e80c,hasTopology,Sparse
20495_e8e7e80c,hasStructure,Asymmetric
20495_e8e7e80c,hasMassCategory,MediumWeight
20495_e8e7e80c,hasVolumeCategory,MediumVolume
23282_a1b17daa,rdf:type,ComplexAssembly
23282_a1b17daa,hasMaterial,Steel
23282_a1b17daa,belongsToFamily,complex_assembly
23282_a1b17daa,hasComplexityLevel,High
23282_a1b17daa,hasTopology,Dense
23282_a1b17daa,hasStructure,Asymmetric
23282_a1b17daa,hasMassCategory,MediumWeight
23282_a1b17daa,hasVolumeCategory,MediumVolume
22078_1758e9fc,rdf:type,MediumRotor
22078_1758e9fc,hasMaterial,Steel
22078_1758e9fc,belongsToFamily,medium_rotor
22078_1758e9fc,hasComplexityLevel,Medium
22078_1758e9fc,hasTopology,Sparse
22078_1758e9fc,hasStructure,Asymmetric
22078_1758e9fc,hasMassCategory,HeavyWeight
22078_1758e9fc,hasVolumeCategory,LargeVolume
21744_5ae4d9d5,rdf:type,HighComplexityRotor
21744_5ae4d9d5,hasMaterial,OtherEngineeringMaterial
21744_5ae4d9d5,belongsToFamily,high_complexity_rotor
21744_5ae4d9d5,hasComplexityLevel,High
21744_5ae4d9d5,hasTopology,Dense
21744_5ae4d9d5,hasStructure,Asymmetric
21744_5ae4d9d5,hasMassCategory,MediumWeight
21744_5ae4d9d5,hasVolumeCategory,MediumVolume
22812_cf865ed1,rdf:type,SymmetricRotor
22812_cf865ed1,hasMaterial,Steel
22812_cf865ed1,belongsToFamily,symmetric_rotor
22812_cf865ed1,hasComplexityLevel,Medium
22812_cf865ed1,hasTopology,Moderate
22812_cf865ed1,hasStructure,Symmetric
22812_cf865ed1,hasMassCategory,LightWeight
22812_cf865ed1,hasVolumeCategory,SmallVolume
21566_ff590631,rdf:type,MediumRotor
21566_ff590631,hasMaterial,Steel
21566_ff590631,belongsToFamily,medium_rotor
21566_ff590631,hasComplexityLevel,Medium
21566_ff590631,hasTopology,Moderate
21566_ff590631,hasStructure,Asymmetric
21566_ff590631,hasMassCategory,LightWeight
21566_ff590631,hasVolumeCategory,SmallVolume
21337_062b39fa,rdf:type,HighComplexityRotor
21337_062b39fa,hasMaterial,Steel
21337_062b39fa,belongsToFamily,high_complexity_rotor
21337_062b39fa,hasComplexityLevel,High
21337_062b39fa,hasTopology,Dense
21337_062b39fa,hasStructure,Asymmetric
21337_062b39fa,hasMassCategory,LightWeight
21337_062b39fa,hasVolumeCategory,SmallVolume
23467_9f431540,rdf:type,HighComplexityRotor
23467_9f431540,hasMaterial,Steel
23467_9f431540,belongsToFamily,high_complexity_rotor
23467_9f431540,hasComplexityLevel,High
23467_9f431540,hasTopology,Dense
23467_9f431540,hasStructure,Symmetric
23467_9f431540,hasMassCategory,LightWeight
23467_9f431540,hasVolumeCategory,SmallVolume
22434_2ad62ed6,rdf:type,SymmetricRotor
22434_2ad62ed6,hasMaterial,Steel
22434_2ad62ed6,belongsToFamily,symmetric_rotor
22434_2ad62ed6,hasComplexityLevel,Medium
22434_2ad62ed6,hasTopology,Moderate
22434_2ad62ed6,hasStructure,Symmetric
22434_2ad62ed6,hasMassCategory,MediumWeight
22434_2ad62ed6,hasVolumeCategory,MediumVolume
22236_db209dff,rdf:type,SimpleRotor
22236_db209dff,hasMaterial,Steel
22236_db209dff,belongsToFamily,simple_rotor
22236_db209dff,hasComplexityLevel,Low
22236_db209dff,hasTopology,Sparse
22236_db209dff,hasStructure,Symmetric
22236_db209dff,hasMassCategory,MediumWeight
22236_db209dff,hasVolumeCategory,MediumVolume
20951_2918f2fa,rdf:type,SimpleRotor
20951_2918f2fa,hasMaterial,Steel
20951_2918f2fa,belongsToFamily,simple_rotor
20951_2918f2fa,hasComplexityLevel,Low
20951_2918f2fa,hasTopology,Sparse
20951_2918f2fa,hasStructure,Asymmetric
20951_2918f2fa,hasMassCategory,LightWeight
20951_2918f2fa,hasVolumeCategory,SmallVolume
21186_d1698d8c,rdf:type,SymmetricRotor
21186_d1698d8c,hasMaterial,Aluminum
21186_d1698d8c,belongsToFamily,symmetric_rotor
21186_d1698d8c,hasComplexityLevel,Medium
21186_d1698d8c,hasTopology,Moderate
21186_d1698d8c,hasStructure,Symmetric
21186_d1698d8c,hasMassCategory,LightWeight
21186_d1698d8c,hasVolumeCategory,SmallVolume
20609_69f28932,rdf:type,SymmetricRotor
20609_69f28932,hasMaterial,Steel
20609_69f28932,belongsToFamily,symmetric_rotor
20609_69f28932,hasComplexityLevel,Medium
20609_69f28932,hasTopology,Moderate
20609_69f28932,hasStructure,Symmetric
20609_69f28932,hasMassCategory,HeavyWeight
20609_69f28932,hasVolumeCategory,LargeVolume
22064_e1ba20dd,rdf:type,SimpleRotor
22064_e1ba20dd,hasMaterial,Steel
22064_e1ba20dd,belongsToFamily,simple_rotor
22064_e1ba20dd,hasComplexityLevel,Low
22064_e1ba20dd,hasTopology,Sparse
22064_e1ba20dd,hasStructure,Asymmetric
22064_e1ba20dd,hasMassCategory,MediumWeight
22064_e1ba20dd,hasVolumeCategory,MediumVolume
21008_a3fec63b,rdf:type,MediumRotor
21008_a3fec63b,hasMaterial,Steel
21008_a3fec63b,belongsToFamily,medium_rotor
21008_a3fec63b,hasComplexityLevel,Medium
21008_a3fec63b,hasTopology,Moderate
21008_a3fec63b,hasStructure,Asymmetric
21008_a3fec63b,hasMassCategory,LightWeight
21008_a3fec63b,hasVolumeCategory,MediumVolume
21739_57582b8f,rdf:type,HighComplexityRotor
21739_57582b8f,hasMaterial,OtherEngineeringMaterial
21739_57582b8f,belongsToFamily,high_complexity_rotor
21739_57582b8f,hasComplexityLevel,High
21739_57582b8f,hasTopology,Dense
21739_57582b8f,hasStructure,Asymmetric
21739_57582b8f,hasMassCategory,MediumWeight
21739_57582b8f,hasVolumeCategory,MediumVolume
21990_7bb6efcf,rdf:type,SimpleRotor
21990_7bb6efcf,hasMaterial,Steel
21990_7bb6efcf,belongsToFamily,simple_rotor
21990_7bb6efcf,hasComplexityLevel,Low
21990_7bb6efcf,hasTopology,Sparse
21990_7bb6efcf,hasStructure,Symmetric
21990_7bb6efcf,hasMassCategory,LightWeight
21990_7bb6efcf,hasVolumeCategory,SmallVolume
22357_e2f7b060,rdf:type,ComplexAssembly
22357_e2f7b060,hasMaterial,Steel
22357_e2f7b060,belongsToFamily,complex_assembly
22357_e2f7b060,hasComplexityLevel,High
22357_e2f7b060,hasTopology,Dense
22357_e2f7b060,hasStructure,Asymmetric
22357_e2f7b060,hasMassCategory,MediumWeight
22357_e2f7b060,hasVolumeCategory,MediumVolume
23021_047d1f8a,rdf:type,SimpleRotor
23021_047d1f8a,hasMaterial,Steel
23021_047d1f8a,belongsToFamily,simple_rotor
23021_047d1f8a,hasComplexityLevel,Low
23021_047d1f8a,hasTopology,Sparse
23021_047d1f8a,hasStructure,Asymmetric
23021_047d1f8a,hasMassCategory,HeavyWeight
23021_047d1f8a,hasVolumeCategory,LargeVolume
20812_462bd352,rdf:type,SimpleRotor
20812_462bd352,hasMaterial,Steel
20812_462bd352,belongsToFamily,simple_rotor
20812_462bd352,hasComplexityLevel,Low
20812_462bd352,hasTopology,Sparse
20812_462bd352,hasStructure,Asymmetric
20812_462bd352,hasMassCategory,HeavyWeight
20812_462bd352,hasVolumeCategory,MediumVolume
21119_4f5c95a6,rdf:type,SimpleRotor
21119_4f5c95a6,hasMaterial,Steel
21119_4f5c95a6,belongsToFamily,simple_rotor
21119_4f5c95a6,hasComplexityLevel,Low
21119_4f5c95a6,hasTopology,Sparse
21119_4f5c95a6,hasStructure,Asymmetric
21119_4f5c95a6,hasMassCategory,LightWeight
21119_4f5c95a6,hasVolumeCategory,SmallVolume
21174_861bd902,rdf:type,HighComplexityRotor
21174_861bd902,hasMaterial,Steel
21174_861bd902,belongsToFamily,high_complexity_rotor
21174_861bd902,hasComplexityLevel,High
21174_861bd902,hasTopology,Dense
21174_861bd902,hasStructure,Symmetric
21174_861bd902,hasMassCategory,HeavyWeight
21174_861bd902,hasVolumeCategory,LargeVolume
22057_4947db57,rdf:type,SymmetricRotor
22057_4947db57,hasMaterial,Steel
22057_4947db57,belongsToFamily,symmetric_rotor
22057_4947db57,hasComplexityLevel,Medium
22057_4947db57,hasTopology,Moderate
22057_4947db57,hasStructure,Symmetric
22057_4947db57,hasMassCategory,HeavyWeight
22057_4947db57,hasVolumeCategory,MediumVolume
20858_15bdad00,rdf:type,MediumRotor
20858_15bdad00,hasMaterial,Steel
20858_15bdad00,belongsToFamily,medium_rotor
20858_15bdad00,hasComplexityLevel,Medium
20858_15bdad00,hasTopology,Moderate
20858_15bdad00,hasStructure,Asymmetric
20858_15bdad00,hasMassCategory,HeavyWeight
20858_15bdad00,hasVolumeCategory,LargeVolume
20384_767d849a,rdf:type,SimpleRotor
20384_767d849a,hasMaterial,Steel
20384_767d849a,belongsToFamily,simple_rotor
20384_767d849a,hasComplexityLevel,Low
20384_767d849a,hasTopology,Sparse
20384_767d849a,hasStructure,Symmetric
20384_767d849a,hasMassCategory,LightWeight
20384_767d849a,hasVolumeCategory,SmallVolume
22059_b7d76712,rdf:type,MediumRotor
22059_b7d76712,hasMaterial,Steel
22059_b7d76712,belongsToFamily,medium_rotor
22059_b7d76712,hasComplexityLevel,Medium
22059_b7d76712,hasTopology,Moderate
22059_b7d76712,hasStructure,Asymmetric
22059_b7d76712,hasMassCategory,HeavyWeight
22059_b7d76712,hasVolumeCategory,LargeVolume
22197_94c66357,rdf:type,MediumRotor
22197_94c66357,hasMaterial,Plastic
22197_94c66357,belongsToFamily,medium_rotor
22197_94c66357,hasComplexityLevel,Medium
22197_94c66357,hasTopology,Moderate
22197_94c66357,hasStructure,Asymmetric
22197_94c66357,hasMassCategory,LightWeight
22197_94c66357,hasVolumeCategory,SmallVolume
22080_594bcb66,rdf:type,SymmetricRotor
22080_594bcb66,hasMaterial,Steel
22080_594bcb66,belongsToFamily,symmetric_rotor
22080_594bcb66,hasComplexityLevel,Medium
22080_594bcb66,hasTopology,Sparse
22080_594bcb66,hasStructure,Symmetric
22080_594bcb66,hasMassCategory,HeavyWeight
22080_594bcb66,hasVolumeCategory,LargeVolume
21450_ea24ffcc,rdf:type,HighComplexityRotor
21450_ea24ffcc,hasMaterial,Steel
21450_ea24ffcc,belongsToFamily,high_complexity_rotor
21450_ea24ffcc,hasComplexityLevel,High
21450_ea24ffcc,hasTopology,Dense
21450_ea24ffcc,hasStructure,Asymmetric
21450_ea24ffcc,hasMassCategory,LightWeight
21450_ea24ffcc,hasVolumeCategory,SmallVolume
20799_213bf924,rdf:type,HighComplexityRotor
20799_213bf924,hasMaterial,Steel
20799_213bf924,belongsToFamily,high_complexity_rotor
20799_213bf924,hasComplexityLevel,High
20799_213bf924,hasTopology,Dense
20799_213bf924,hasStructure,Symmetric
20799_213bf924,hasMassCategory,MediumWeight
20799_213bf924,hasVolumeCategory,MediumVolume
20504_c9e14c9d,rdf:type,MediumRotor
20504_c9e14c9d,hasMaterial,Steel
20504_c9e14c9d,belongsToFamily,medium_rotor
20504_c9e14c9d,hasComplexityLevel,Medium
20504_c9e14c9d,hasTopology,Sparse
20504_c9e14c9d,hasStructure,Asymmetric
20504_c9e14c9d,hasMassCategory,HeavyWeight
20504_c9e14c9d,hasVolumeCategory,LargeVolume
21533_8837772a,rdf:type,SimpleRotor
21533_8837772a,hasMaterial,Aluminum
21533_8837772a,belongsToFamily,simple_rotor
21533_8837772a,hasComplexityLevel,Low
21533_8837772a,hasTopology,Sparse
21533_8837772a,hasStructure,Asymmetric
21533_8837772a,hasMassCategory,LightWeight
21533_8837772a,hasVolumeCategory,MediumVolume
20436_41b730a3,rdf:type,SimpleRotor
20436_41b730a3,hasMaterial,Steel
20436_41b730a3,belongsToFamily,simple_rotor
20436_41b730a3,hasComplexityLevel,Low
20436_41b730a3,hasTopology,Sparse
20436_41b730a3,hasStructure,Asymmetric
20436_41b730a3,hasMassCategory,LightWeight
20436_41b730a3,hasVolumeCategory,SmallVolume
20229_d1ae2ae3,rdf:type,MediumRotor
20229_d1ae2ae3,hasMaterial,Steel
20229_d1ae2ae3,belongsToFamily,medium_rotor
20229_d1ae2ae3,hasComplexityLevel,Medium
20229_d1ae2ae3,hasTopology,Moderate
20229_d1ae2ae3,hasStructure,Asymmetric
20229_d1ae2ae3,hasMassCategory,LightWeight
20229_d1ae2ae3,hasVolumeCategory,SmallVolume
21244_d67bbabc,rdf:type,ComplexAssembly
21244_d67bbabc,hasMaterial,Steel
21244_d67bbabc,belongsToFamily,complex_assembly
21244_d67bbabc,hasComplexityLevel,High
21244_d67bbabc,hasTopology,Dense
21244_d67bbabc,hasStructure,Asymmetric
21244_d67bbabc,hasMassCategory,HeavyWeight
21244_d67bbabc,hasVolumeCategory,LargeVolume
23318_65e3a7c9,rdf:type,MediumRotor
23318_65e3a7c9,hasMaterial,Plastic
23318_65e3a7c9,belongsToFamily,medium_rotor
23318_65e3a7c9,hasComplexityLevel,Medium
23318_65e3a7c9,hasTopology,Moderate
23318_65e3a7c9,hasStructure,Asymmetric
23318_65e3a7c9,hasMassCategory,LightWeight
23318_65e3a7c9,hasVolumeCategory,SmallVolume
22893_eb8aa8ac,rdf:type,HighComplexityRotor
22893_eb8aa8ac,hasMaterial,Steel
22893_eb8aa8ac,belongsToFamily,high_complexity_rotor
22893_eb8aa8ac,hasComplexityLevel,High
22893_eb8aa8ac,hasTopology,Dense
22893_eb8aa8ac,hasStructure,Symmetric
22893_eb8aa8ac,hasMassCategory,LightWeight
22893_eb8aa8ac,hasVolumeCategory,SmallVolume
23409_e27e3b8b,rdf:type,MediumRotor
23409_e27e3b8b,hasMaterial,Steel
23409_e27e3b8b,belongsToFamily,medium_rotor
23409_e27e3b8b,hasComplexityLevel,Medium
23409_e27e3b8b,hasTopology,Moderate
23409_e27e3b8b,hasStructure,Asymmetric
23409_e27e3b8b,hasMassCategory,HeavyWeight
23409_e27e3b8b,hasVolumeCategory,MediumVolume
22066_308cdcfe,rdf:type,MediumRotor
22066_308cdcfe,hasMaterial,Steel
22066_308cdcfe,belongsToFamily,medium_rotor
22066_308cdcfe,hasComplexityLevel,Medium
22066_308cdcfe,hasTopology,Moderate
22066_308cdcfe,hasStructure,Asymmetric
22066_308cdcfe,hasMassCategory,MediumWeight
22066_308cdcfe,hasVolumeCategory,MediumVolume
23363_60e39812,rdf:type,MediumRotor
23363_60e39812,hasMaterial,Steel
23363_60e39812,belongsToFamily,medium_rotor
23363_60e39812,hasComplexityLevel,Medium
23363_60e39812,hasTopology,Moderate
23363_60e39812,hasStructure,Asymmetric
23363_60e39812,hasMassCategory,HeavyWeight
23363_60e39812,hasVolumeCategory,LargeVolume
20737_5249e274,rdf:type,HighComplexityRotor
20737_5249e274,hasMaterial,Steel
20737_5249e274,belongsToFamily,high_complexity_rotor
20737_5249e274,hasComplexityLevel,High
20737_5249e274,hasTopology,Dense
20737_5249e274,hasStructure,Symmetric
20737_5249e274,hasMassCategory,MediumWeight
20737_5249e274,hasVolumeCategory,MediumVolume
23329_6939d5d9,rdf:type,HighComplexityRotor
23329_6939d5d9,hasMaterial,Steel
23329_6939d5d9,belongsToFamily,high_complexity_rotor
23329_6939d5d9,hasComplexityLevel,High
23329_6939d5d9,hasTopology,Dense
23329_6939d5d9,hasStructure,Symmetric
23329_6939d5d9,hasMassCategory,LightWeight
23329_6939d5d9,hasVolumeCategory,SmallVolume
21884_cc2c39f9,rdf:type,MediumRotor
21884_cc2c39f9,hasMaterial,Steel
21884_cc2c39f9,belongsToFamily,medium_rotor
21884_cc2c39f9,hasComplexityLevel,Medium
21884_cc2c39f9,hasTopology,Sparse
21884_cc2c39f9,hasStructure,Asymmetric
21884_cc2c39f9,hasMassCategory,HeavyWeight
21884_cc2c39f9,hasVolumeCategory,LargeVolume
20231_f54462bb,rdf:type,SimpleRotor
20231_f54462bb,hasMaterial,Steel
20231_f54462bb,belongsToFamily,simple_rotor
20231_f54462bb,hasComplexityLevel,Low
20231_f54462bb,hasTopology,Sparse
20231_f54462bb,hasStructure,Asymmetric
20231_f54462bb,hasMassCategory,MediumWeight
20231_f54462bb,hasVolumeCategory,MediumVolume
20322_5a8c6077,rdf:type,MediumRotor
20322_5a8c6077,hasMaterial,Steel
20322_5a8c6077,belongsToFamily,medium_rotor
20322_5a8c6077,hasComplexityLevel,Medium
20322_5a8c6077,hasTopology,Moderate
20322_5a8c6077,hasStructure,Asymmetric
20322_5a8c6077,hasMassCategory,LightWeight
20322_5a8c6077,hasVolumeCategory,MediumVolume
22528_f3370a64,rdf:type,HighComplexityRotor
22528_f3370a64,hasMaterial,Steel
22528_f3370a64,belongsToFamily,high_complexity_rotor
22528_f3370a64,hasComplexityLevel,High
22528_f3370a64,hasTopology,Dense
22528_f3370a64,hasStructure,Asymmetric
22528_f3370a64,hasMassCategory,MediumWeight
22528_f3370a64,hasVolumeCategory,MediumVolume
22168_a84560a9,rdf:type,HighComplexityRotor
22168_a84560a9,hasMaterial,Steel
22168_a84560a9,belongsToFamily,high_complexity_rotor
22168_a84560a9,hasComplexityLevel,High
22168_a84560a9,hasTopology,Dense
22168_a84560a9,hasStructure,Symmetric
22168_a84560a9,hasMassCategory,LightWeight
22168_a84560a9,hasVolumeCategory,MediumVolume
21513_50fb4d62,rdf:type,MediumRotor
21513_50fb4d62,hasMaterial,Steel
21513_50fb4d62,belongsToFamily,medium_rotor
21513_50fb4d62,hasComplexityLevel,Medium
21513_50fb4d62,hasTopology,Moderate
21513_50fb4d62,hasStructure,Asymmetric
21513_50fb4d62,hasMassCategory,MediumWeight
21513_50fb4d62,hasVolumeCategory,MediumVolume
22043_041e1b7c,rdf:type,SimpleRotor
22043_041e1b7c,hasMaterial,Steel
22043_041e1b7c,belongsToFamily,simple_rotor
22043_041e1b7c,hasComplexityLevel,Low
22043_041e1b7c,hasTopology,Sparse
22043_041e1b7c,hasStructure,Asymmetric
22043_041e1b7c,hasMassCategory,MediumWeight
22043_041e1b7c,hasVolumeCategory,MediumVolume
21224_18ba4aba,rdf:type,MediumRotor
21224_18ba4aba,hasMaterial,Steel
21224_18ba4aba,belongsToFamily,medium_rotor
21224_18ba4aba,hasComplexityLevel,Medium
21224_18ba4aba,hasTopology,Moderate
21224_18ba4aba,hasStructure,Asymmetric
21224_18ba4aba,hasMassCategory,LightWeight
21224_18ba4aba,hasVolumeCategory,SmallVolume
20246_40be7668,rdf:type,ComplexAssembly
20246_40be7668,hasMaterial,Steel
20246_40be7668,belongsToFamily,complex_assembly
20246_40be7668,hasComplexityLevel,High
20246_40be7668,hasTopology,Dense
20246_40be7668,hasStructure,Asymmetric
20246_40be7668,hasMassCategory,LightWeight
20246_40be7668,hasVolumeCategory,SmallVolume
22837_7644c972,rdf:type,SimpleRotor
22837_7644c972,hasMaterial,Steel
22837_7644c972,belongsToFamily,simple_rotor
22837_7644c972,hasComplexityLevel,Low
22837_7644c972,hasTopology,Sparse
22837_7644c972,hasStructure,Asymmetric
22837_7644c972,hasMassCategory,MediumWeight
22837_7644c972,hasVolumeCategory,MediumVolume
22843_ff77027f,rdf:type,SimpleRotor
22843_ff77027f,hasMaterial,Steel
22843_ff77027f,belongsToFamily,simple_rotor
22843_ff77027f,hasComplexityLevel,Low
22843_ff77027f,hasTopology,Sparse
22843_ff77027f,hasStructure,Asymmetric
22843_ff77027f,hasMassCategory,LightWeight
22843_ff77027f,hasVolumeCategory,SmallVolume
23244_34b5f55e,rdf:type,SimpleRotor
23244_34b5f55e,hasMaterial,Wood
23244_34b5f55e,belongsToFamily,simple_rotor
23244_34b5f55e,hasComplexityLevel,Low
23244_34b5f55e,hasTopology,Sparse
23244_34b5f55e,hasStructure,Asymmetric
23244_34b5f55e,hasMassCategory,LightWeight
23244_34b5f55e,hasVolumeCategory,MediumVolume
21840_6847d36c,rdf:type,SymmetricRotor
21840_6847d36c,hasMaterial,Steel
21840_6847d36c,belongsToFamily,symmetric_rotor
21840_6847d36c,hasComplexityLevel,Medium
21840_6847d36c,hasTopology,Moderate
21840_6847d36c,hasStructure,Symmetric
21840_6847d36c,hasMassCategory,LightWeight
21840_6847d36c,hasVolumeCategory,SmallVolume
21282_b2d83538,rdf:type,MediumRotor
21282_b2d83538,hasMaterial,Steel
21282_b2d83538,belongsToFamily,medium_rotor
21282_b2d83538,hasComplexityLevel,Medium
21282_b2d83538,hasTopology,Moderate
21282_b2d83538,hasStructure,Asymmetric
21282_b2d83538,hasMassCategory,HeavyWeight
21282_b2d83538,hasVolumeCategory,LargeVolume
23176_1bf2a2d5,rdf:type,MediumRotor
23176_1bf2a2d5,hasMaterial,Steel
23176_1bf2a2d5,belongsToFamily,medium_rotor
23176_1bf2a2d5,hasComplexityLevel,Medium
23176_1bf2a2d5,hasTopology,Moderate
23176_1bf2a2d5,hasStructure,Asymmetric
23176_1bf2a2d5,hasMassCategory,MediumWeight
23176_1bf2a2d5,hasVolumeCategory,MediumVolume
23341_d5ead6d2,rdf:type,SimpleRotor
23341_d5ead6d2,hasMaterial,Steel
23341_d5ead6d2,belongsToFamily,simple_rotor
23341_d5ead6d2,hasComplexityLevel,Low
23341_d5ead6d2,hasTopology,Sparse
23341_d5ead6d2,hasStructure,Asymmetric
23341_d5ead6d2,hasMassCategory,LightWeight
23341_d5ead6d2,hasVolumeCategory,SmallVolume
21503_34f299ca,rdf:type,MediumRotor
21503_34f299ca,hasMaterial,Steel
21503_34f299ca,belongsToFamily,medium_rotor
21503_34f299ca,hasComplexityLevel,Medium
21503_34f299ca,hasTopology,Moderate
21503_34f299ca,hasStructure,Asymmetric
21503_34f299ca,hasMassCategory,HeavyWeight
21503_34f299ca,hasVolumeCategory,LargeVolume
20322_daa5c577,rdf:type,MediumRotor
20322_daa5c577,hasMaterial,Steel
20322_daa5c577,belongsToFamily,medium_rotor
20322_daa5c577,hasComplexityLevel,Medium
20322_daa5c577,hasTopology,Moderate
20322_daa5c577,hasStructure,Asymmetric
20322_daa5c577,hasMassCategory,LightWeight
20322_daa5c577,hasVolumeCategory,MediumVolume
21531_79015e13,rdf:type,MediumRotor
21531_79015e13,hasMaterial,Steel
21531_79015e13,belongsToFamily,medium_rotor
21531_79015e13,hasComplexityLevel,Medium
21531_79015e13,hasTopology,Moderate
21531_79015e13,hasStructure,Asymmetric
21531_79015e13,hasMassCategory,HeavyWeight
21531_79015e13,hasVolumeCategory,LargeVolume
22383_e5f707a7,rdf:type,MediumRotor
22383_e5f707a7,hasMaterial,Steel
22383_e5f707a7,belongsToFamily,medium_rotor
22383_e5f707a7,hasComplexityLevel,Medium
22383_e5f707a7,hasTopology,Moderate
22383_e5f707a7,hasStructure,Asymmetric
22383_e5f707a7,hasMassCategory,MediumWeight
22383_e5f707a7,hasVolumeCategory,MediumVolume
20779_fc5a7c3d,rdf:type,MediumRotor
20779_fc5a7c3d,hasMaterial,Steel
20779_fc5a7c3d,belongsToFamily,medium_rotor
20779_fc5a7c3d,hasComplexityLevel,Medium
20779_fc5a7c3d,hasTopology,Moderate
20779_fc5a7c3d,hasStructure,Asymmetric
20779_fc5a7c3d,hasMassCategory,LightWeight
20779_fc5a7c3d,hasVolumeCategory,MediumVolume
20910_c64b5d1b,rdf:type,SimpleRotor
20910_c64b5d1b,hasMaterial,OtherEngineeringMaterial
20910_c64b5d1b,belongsToFamily,simple_rotor
20910_c64b5d1b,hasComplexityLevel,Low
20910_c64b5d1b,hasTopology,Sparse
20910_c64b5d1b,hasStructure,Asymmetric
20910_c64b5d1b,hasMassCategory,LightWeight
20910_c64b5d1b,hasVolumeCategory,SmallVolume
21453_679a343c,rdf:type,SimpleRotor
21453_679a343c,hasMaterial,Steel
21453_679a343c,belongsToFamily,simple_rotor
21453_679a343c,hasComplexityLevel,Low
21453_679a343c,hasTopology,Sparse
21453_679a343c,hasStructure,Asymmetric
21453_679a343c,hasMassCategory,HeavyWeight
21453_679a343c,hasVolumeCategory,LargeVolume
23158_c7e753c2,rdf:type,SimpleRotor
23158_c7e753c2,hasMaterial,Steel
23158_c7e753c2,belongsToFamily,simple_rotor
23158_c7e753c2,hasComplexityLevel,Low
23158_c7e753c2,hasTopology,Sparse
23158_c7e753c2,hasStructure,Asymmetric
23158_c7e753c2,hasMassCategory,HeavyWeight
23158_c7e753c2,hasVolumeCategory,MediumVolume
21856_f84d9348,rdf:type,MediumRotor
21856_f84d9348,hasMaterial,Steel
21856_f84d9348,belongsToFamily,medium_rotor
21856_f84d9348,hasComplexityLevel,Medium
21856_f84d9348,hasTopology,Moderate
21856_f84d9348,hasStructure,Asymmetric
21856_f84d9348,hasMassCategory,HeavyWeight
21856_f84d9348,hasVolumeCategory,LargeVolume
20469_b6211bfd,rdf:type,SimpleRotor
20469_b6211bfd,hasMaterial,Steel
20469_b6211bfd,belongsToFamily,simple_rotor
20469_b6211bfd,hasComplexityLevel,Low
20469_b6211bfd,hasTopology,Sparse
20469_b6211bfd,hasStructure,Asymmetric
20469_b6211bfd,hasMassCategory,MediumWeight
20469_b6211bfd,hasVolumeCategory,MediumVolume
22126_e1cca10f,rdf:type,MediumRotor
22126_e1cca10f,hasMaterial,Steel
22126_e1cca10f,belongsToFamily,medium_rotor
22126_e1cca10f,hasComplexityLevel,Medium
22126_e1cca10f,hasTopology,Moderate
22126_e1cca10f,hasStructure,Asymmetric
22126_e1cca10f,hasMassCategory,MediumWeight
22126_e1cca10f,hasVolumeCategory,MediumVolume
20908_10574fbf,rdf:type,SimpleRotor
20908_10574fbf,hasMaterial,Steel
20908_10574fbf,belongsToFamily,simple_rotor
20908_10574fbf,hasComplexityLevel,Low
20908_10574fbf,hasTopology,Sparse
20908_10574fbf,hasStructure,Asymmetric
20908_10574fbf,hasMassCategory,LightWeight
20908_10574fbf,hasVolumeCategory,SmallVolume
23096_7da0f913,rdf:type,SimpleRotor
23096_7da0f913,hasMaterial,Aluminum
23096_7da0f913,belongsToFamily,simple_rotor
23096_7da0f913,hasComplexityLevel,Low
23096_7da0f913,hasTopology,Sparse
23096_7da0f913,hasStructure,Asymmetric
23096_7da0f913,hasMassCategory,MediumWeight
23096_7da0f913,hasVolumeCategory,MediumVolume
22072_5163223a,rdf:type,MediumRotor
22072_5163223a,hasMaterial,Steel
22072_5163223a,belongsToFamily,medium_rotor
22072_5163223a,hasComplexityLevel,Medium
22072_5163223a,hasTopology,Moderate
22072_5163223a,hasStructure,Asymmetric
22072_5163223a,hasMassCategory,HeavyWeight
22072_5163223a,hasVolumeCategory,LargeVolume
23120_f7c9092f,rdf:type,MediumRotor
23120_f7c9092f,hasMaterial,Steel
23120_f7c9092f,belongsToFamily,medium_rotor
23120_f7c9092f,hasComplexityLevel,Medium
23120_f7c9092f,hasTopology,Moderate
23120_f7c9092f,hasStructure,Asymmetric
23120_f7c9092f,hasMassCategory,HeavyWeight
23120_f7c9092f,hasVolumeCategory,LargeVolume
23438_b1ef78f4,rdf:type,SymmetricRotor
23438_b1ef78f4,hasMaterial,Steel
23438_b1ef78f4,belongsToFamily,symmetric_rotor
23438_b1ef78f4,hasComplexityLevel,Medium
23438_b1ef78f4,hasTopology,Sparse
23438_b1ef78f4,hasStructure,Symmetric
23438_b1ef78f4,hasMassCategory,MediumWeight
23438_b1ef78f4,hasVolumeCategory,MediumVolume
22678_ff42f120,rdf:type,SymmetricRotor
22678_ff42f120,hasMaterial,Steel
22678_ff42f120,belongsToFamily,symmetric_rotor
22678_ff42f120,hasComplexityLevel,Medium
22678_ff42f120,hasTopology,Moderate
22678_ff42f120,hasStructure,Symmetric
22678_ff42f120,hasMassCategory,HeavyWeight
22678_ff42f120,hasVolumeCategory,LargeVolume
23194_b675acc0,rdf:type,SimpleRotor
23194_b675acc0,hasMaterial,OtherEngineeringMaterial
23194_b675acc0,belongsToFamily,simple_rotor
23194_b675acc0,hasComplexityLevel,Low
23194_b675acc0,hasTopology,Sparse
23194_b675acc0,hasStructure,Asymmetric
23194_b675acc0,hasMassCategory,LightWeight
23194_b675acc0,hasVolumeCategory,SmallVolume
20406_dacb0300,rdf:type,SimpleRotor
20406_dacb0300,hasMaterial,Steel
20406_dacb0300,belongsToFamily,simple_rotor
20406_dacb0300,hasComplexityLevel,Low
20406_dacb0300,hasTopology,Sparse
20406_dacb0300,hasStructure,Asymmetric
20406_dacb0300,hasMassCategory,MediumWeight
20406_dacb0300,hasVolumeCategory,MediumVolume
22228_1c82530b,rdf:type,MediumRotor
22228_1c82530b,hasMaterial,Steel
22228_1c82530b,belongsToFamily,medium_rotor
22228_1c82530b,hasComplexityLevel,Medium
22228_1c82530b,hasTopology,Moderate
22228_1c82530b,hasStructure,Asymmetric
22228_1c82530b,hasMassCategory,LightWeight
22228_1c82530b,hasVolumeCategory,SmallVolume
23199_75dc1efd,rdf:type,SimpleRotor
23199_75dc1efd,hasMaterial,Steel
23199_75dc1efd,belongsToFamily,simple_rotor
23199_75dc1efd,hasComplexityLevel,Low
23199_75dc1efd,hasTopology,Sparse
23199_75dc1efd,hasStructure,Asymmetric
23199_75dc1efd,hasMassCategory,HeavyWeight
23199_75dc1efd,hasVolumeCategory,LargeVolume
23310_7daded69,rdf:type,HighComplexityRotor
23310_7daded69,hasMaterial,Steel
23310_7daded69,belongsToFamily,high_complexity_rotor
23310_7daded69,hasComplexityLevel,High
23310_7daded69,hasTopology,Dense
23310_7daded69,hasStructure,Symmetric
23310_7daded69,hasMassCategory,HeavyWeight
23310_7daded69,hasVolumeCategory,MediumVolume
21923_41fa6eda,rdf:type,MediumRotor
21923_41fa6eda,hasMaterial,Steel
21923_41fa6eda,belongsToFamily,medium_rotor
21923_41fa6eda,hasComplexityLevel,Medium
21923_41fa6eda,hasTopology,Moderate
21923_41fa6eda,hasStructure,Asymmetric
21923_41fa6eda,hasMassCategory,HeavyWeight
21923_41fa6eda,hasVolumeCategory,MediumVolume
20788_d25efea2,rdf:type,MediumRotor
20788_d25efea2,hasMaterial,Steel
20788_d25efea2,belongsToFamily,medium_rotor
20788_d25efea2,hasComplexityLevel,Medium
20788_d25efea2,hasTopology,Moderate
20788_d25efea2,hasStructure,Asymmetric
20788_d25efea2,hasMassCategory,MediumWeight
20788_d25efea2,hasVolumeCategory,MediumVolume
20340_86125547,rdf:type,SimpleRotor
20340_86125547,hasMaterial,Plastic
20340_86125547,belongsToFamily,simple_rotor
20340_86125547,hasComplexityLevel,Low
20340_86125547,hasTopology,Sparse
20340_86125547,hasStructure,Asymmetric
20340_86125547,hasMassCategory,LightWeight
20340_86125547,hasVolumeCategory,MediumVolume
21958_e48ddf4e,rdf:type,SymmetricRotor
21958_e48ddf4e,hasMaterial,Steel
21958_e48ddf4e,belongsToFamily,symmetric_rotor
21958_e48ddf4e,hasComplexityLevel,Medium
21958_e48ddf4e,hasTopology,Moderate
21958_e48ddf4e,hasStructure,Symmetric
21958_e48ddf4e,hasMassCategory,MediumWeight
21958_e48ddf4e,hasVolumeCategory,MediumVolume
16550_e88d6986,rdf:type,SimpleRotor
16550_e88d6986,hasMaterial,Steel
16550_e88d6986,belongsToFamily,simple_rotor
16550_e88d6986,hasComplexityLevel,Low
16550_e88d6986,hasTopology,Sparse
16550_e88d6986,hasStructure,Asymmetric
16550_e88d6986,hasMassCategory,LightWeight
16550_e88d6986,hasVolumeCategory,SmallVolume
21358_a69a36f3,rdf:type,MediumRotor
21358_a69a36f3,hasMaterial,Steel
21358_a69a36f3,belongsToFamily,medium_rotor
21358_a69a36f3,hasComplexityLevel,Medium
21358_a69a36f3,hasTopology,Moderate
21358_a69a36f3,hasStructure,Asymmetric
21358_a69a36f3,hasMassCategory,MediumWeight
21358_a69a36f3,hasVolumeCategory,MediumVolume
20701_6dcbc975,rdf:type,HighComplexityRotor
20701_6dcbc975,hasMaterial,Steel
20701_6dcbc975,belongsToFamily,high_complexity_rotor
20701_6dcbc975,hasComplexityLevel,High
20701_6dcbc975,hasTopology,Dense
20701_6dcbc975,hasStructure,Asymmetric
20701_6dcbc975,hasMassCategory,MediumWeight
20701_6dcbc975,hasVolumeCategory,MediumVolume
21924_bbd9f7a9,rdf:type,HighComplexityRotor
21924_bbd9f7a9,hasMaterial,Steel
21924_bbd9f7a9,belongsToFamily,high_complexity_rotor
21924_bbd9f7a9,hasComplexityLevel,High
21924_bbd9f7a9,hasTopology,Dense
21924_bbd9f7a9,hasStructure,Symmetric
21924_bbd9f7a9,hasMassCategory,HeavyWeight
21924_bbd9f7a9,hasVolumeCategory,MediumVolume
20451_84d8b290,rdf:type,SimpleRotor
20451_84d8b290,hasMaterial,Steel
20451_84d8b290,belongsToFamily,simple_rotor
20451_84d8b290,hasComplexityLevel,Low
20451_84d8b290,hasTopology,Sparse
20451_84d8b290,hasStructure,Symmetric
20451_84d8b290,hasMassCategory,HeavyWeight
20451_84d8b290,hasVolumeCategory,LargeVolume
22085_e039a7d3,rdf:type,MediumRotor
22085_e039a7d3,hasMaterial,Steel
22085_e039a7d3,belongsToFamily,medium_rotor
22085_e039a7d3,hasComplexityLevel,Medium
22085_e039a7d3,hasTopology,Moderate
22085_e039a7d3,hasStructure,Asymmetric
22085_e039a7d3,hasMassCategory,MediumWeight
22085_e039a7d3,hasVolumeCategory,MediumVolume
22983_0ab3faaf,rdf:type,SymmetricRotor
22983_0ab3faaf,hasMaterial,Steel
22983_0ab3faaf,belongsToFamily,symmetric_rotor
22983_0ab3faaf,hasComplexityLevel,Medium
22983_0ab3faaf,hasTopology,Moderate
22983_0ab3faaf,hasStructure,Symmetric
22983_0ab3faaf,hasMassCategory,LightWeight
22983_0ab3faaf,hasVolumeCategory,SmallVolume
20947_115d4058,rdf:type,SimpleRotor
20947_115d4058,hasMaterial,OtherEngineeringMaterial
20947_115d4058,belongsToFamily,simple_rotor
20947_115d4058,hasComplexityLevel,Low
20947_115d4058,hasTopology,Sparse
20947_115d4058,hasStructure,Asymmetric
20947_115d4058,hasMassCategory,LightWeight
20947_115d4058,hasVolumeCategory,SmallVolume
23045_a8c4e4bc,rdf:type,MediumRotor
23045_a8c4e4bc,hasMaterial,Steel
23045_a8c4e4bc,belongsToFamily,medium_rotor
23045_a8c4e4bc,hasComplexityLevel,Medium
23045_a8c4e4bc,hasTopology,Moderate
23045_a8c4e4bc,hasStructure,Asymmetric
23045_a8c4e4bc,hasMassCategory,MediumWeight
23045_a8c4e4bc,hasVolumeCategory,MediumVolume
20259_de1ab632,rdf:type,SimpleRotor
20259_de1ab632,hasMaterial,Steel
20259_de1ab632,belongsToFamily,simple_rotor
20259_de1ab632,hasComplexityLevel,Low
20259_de1ab632,hasTopology,Sparse
20259_de1ab632,hasStructure,Asymmetric
20259_de1ab632,hasMassCategory,MediumWeight
20259_de1ab632,hasVolumeCategory,MediumVolume
22367_b4a67e61,rdf:type,SimpleRotor
22367_b4a67e61,hasMaterial,Steel
22367_b4a67e61,belongsToFamily,simple_rotor
22367_b4a67e61,hasComplexityLevel,Low
22367_b4a67e61,hasTopology,Sparse
22367_b4a67e61,hasStructure,Symmetric
22367_b4a67e61,hasMassCategory,MediumWeight
22367_b4a67e61,hasVolumeCategory,MediumVolume
20849_9821b6fe,rdf:type,MediumRotor
20849_9821b6fe,hasMaterial,Steel
20849_9821b6fe,belongsToFamily,medium_rotor
20849_9821b6fe,hasComplexityLevel,Medium
20849_9821b6fe,hasTopology,Moderate
20849_9821b6fe,hasStructure,Asymmetric
20849_9821b6fe,hasMassCategory,LightWeight
20849_9821b6fe,hasVolumeCategory,SmallVolume
22469_9d87f800,rdf:type,MediumRotor
22469_9d87f800,hasMaterial,Steel
22469_9d87f800,belongsToFamily,medium_rotor
22469_9d87f800,hasComplexityLevel,Medium
22469_9d87f800,hasTopology,Moderate
22469_9d87f800,hasStructure,Asymmetric
22469_9d87f800,hasMassCategory,HeavyWeight
22469_9d87f800,hasVolumeCategory,LargeVolume
23435_e1c96b4d,rdf:type,SimpleRotor
23435_e1c96b4d,hasMaterial,Steel
23435_e1c96b4d,belongsToFamily,simple_rotor
23435_e1c96b4d,hasComplexityLevel,Low
23435_e1c96b4d,hasTopology,Sparse
23435_e1c96b4d,hasStructure,Asymmetric
23435_e1c96b4d,hasMassCategory,LightWeight
23435_e1c96b4d,hasVolumeCategory,SmallVolume
23043_c0827516,rdf:type,MediumRotor
23043_c0827516,hasMaterial,Steel
23043_c0827516,belongsToFamily,medium_rotor
23043_c0827516,hasComplexityLevel,Medium
23043_c0827516,hasTopology,Moderate
23043_c0827516,hasStructure,Asymmetric
23043_c0827516,hasMassCategory,MediumWeight
23043_c0827516,hasVolumeCategory,MediumVolume
23154_7c74d190,rdf:type,HighComplexityRotor
23154_7c74d190,hasMaterial,Steel
23154_7c74d190,belongsToFamily,high_complexity_rotor
23154_7c74d190,hasComplexityLevel,High
23154_7c74d190,hasTopology,Dense
23154_7c74d190,hasStructure,Symmetric
23154_7c74d190,hasMassCategory,MediumWeight
23154_7c74d190,hasVolumeCategory,MediumVolume
20387_0d507234,rdf:type,MediumRotor
20387_0d507234,hasMaterial,Steel
20387_0d507234,belongsToFamily,medium_rotor
20387_0d507234,hasComplexityLevel,Medium
20387_0d507234,hasTopology,Moderate
20387_0d507234,hasStructure,Asymmetric
20387_0d507234,hasMassCategory,HeavyWeight
20387_0d507234,hasVolumeCategory,LargeVolume
22862_f5406bb0,rdf:type,SimpleRotor
22862_f5406bb0,hasMaterial,Steel
22862_f5406bb0,belongsToFamily,simple_rotor
22862_f5406bb0,hasComplexityLevel,Low
22862_f5406bb0,hasTopology,Sparse
22862_f5406bb0,hasStructure,Asymmetric
22862_f5406bb0,hasMassCategory,MediumWeight
22862_f5406bb0,hasVolumeCategory,MediumVolume
22890_4ecfa491,rdf:type,HighComplexityRotor
22890_4ecfa491,hasMaterial,Steel
22890_4ecfa491,belongsToFamily,high_complexity_rotor
22890_4ecfa491,hasComplexityLevel,High
22890_4ecfa491,hasTopology,Dense
22890_4ecfa491,hasStructure,Asymmetric
22890_4ecfa491,hasMassCategory,MediumWeight
22890_4ecfa491,hasVolumeCategory,MediumVolume
21625_d5d4c9a7,rdf:type,MediumRotor
21625_d5d4c9a7,hasMaterial,Steel
21625_d5d4c9a7,belongsToFamily,medium_rotor
21625_d5d4c9a7,hasComplexityLevel,Medium
21625_d5d4c9a7,hasTopology,Sparse
21625_d5d4c9a7,hasStructure,Asymmetric
21625_d5d4c9a7,hasMassCategory,LightWeight
21625_d5d4c9a7,hasVolumeCategory,SmallVolume
22216_4b032400,rdf:type,SymmetricRotor
22216_4b032400,hasMaterial,Steel
22216_4b032400,belongsToFamily,symmetric_rotor
22216_4b032400,hasComplexityLevel,Medium
22216_4b032400,hasTopology,Moderate
22216_4b032400,hasStructure,Symmetric
22216_4b032400,hasMassCategory,LightWeight
22216_4b032400,hasVolumeCategory,SmallVolume
21564_fa5b2db7,rdf:type,SimpleRotor
21564_fa5b2db7,hasMaterial,Steel
21564_fa5b2db7,belongsToFamily,simple_rotor
21564_fa5b2db7,hasComplexityLevel,Low
21564_fa5b2db7,hasTopology,Sparse
21564_fa5b2db7,hasStructure,Symmetric
21564_fa5b2db7,hasMassCategory,LightWeight
21564_fa5b2db7,hasVolumeCategory,SmallVolume
21918_976c2754,rdf:type,HighComplexityRotor
21918_976c2754,hasMaterial,Steel
21918_976c2754,belongsToFamily,high_complexity_rotor
21918_976c2754,hasComplexityLevel,High
21918_976c2754,hasTopology,Dense
21918_976c2754,hasStructure,Asymmetric
21918_976c2754,hasMassCategory,MediumWeight
21918_976c2754,hasVolumeCategory,MediumVolume
21615_f2ecc6e8,rdf:type,SimpleRotor
21615_f2ecc6e8,hasMaterial,Steel
21615_f2ecc6e8,belongsToFamily,simple_rotor
21615_f2ecc6e8,hasComplexityLevel,Low
21615_f2ecc6e8,hasTopology,Sparse
21615_f2ecc6e8,hasStructure,Asymmetric
21615_f2ecc6e8,hasMassCategory,LightWeight
21615_f2ecc6e8,hasVolumeCategory,MediumVolume
23164_659c91ef,rdf:type,SimpleRotor
23164_659c91ef,hasMaterial,Steel
23164_659c91ef,belongsToFamily,simple_rotor
23164_659c91ef,hasComplexityLevel,Low
23164_659c91ef,hasTopology,Sparse
23164_659c91ef,hasStructure,Asymmetric
23164_659c91ef,hasMassCategory,MediumWeight
23164_659c91ef,hasVolumeCategory,MediumVolume
21271_ec7f62b8,rdf:type,SymmetricRotor
21271_ec7f62b8,hasMaterial,Steel
21271_ec7f62b8,belongsToFamily,symmetric_rotor
21271_ec7f62b8,hasComplexityLevel,Medium
21271_ec7f62b8,hasTopology,Moderate
21271_ec7f62b8,hasStructure,Symmetric
21271_ec7f62b8,hasMassCategory,LightWeight
21271_ec7f62b8,hasVolumeCategory,SmallVolume
22746_920025a0,rdf:type,SimpleRotor
22746_920025a0,hasMaterial,Steel
22746_920025a0,belongsToFamily,simple_rotor
22746_920025a0,hasComplexityLevel,Low
22746_920025a0,hasTopology,Sparse
22746_920025a0,hasStructure,Asymmetric
22746_920025a0,hasMassCategory,LightWeight
22746_920025a0,hasVolumeCategory,MediumVolume
20429_9dd95c38,rdf:type,SimpleRotor
20429_9dd95c38,hasMaterial,Steel
20429_9dd95c38,belongsToFamily,simple_rotor
20429_9dd95c38,hasComplexityLevel,Low
20429_9dd95c38,hasTopology,Sparse
20429_9dd95c38,hasStructure,Symmetric
20429_9dd95c38,hasMassCategory,LightWeight
20429_9dd95c38,hasVolumeCategory,SmallVolume
20806_ca60b7ae,rdf:type,SimpleRotor
20806_ca60b7ae,hasMaterial,Steel
20806_ca60b7ae,belongsToFamily,simple_rotor
20806_ca60b7ae,hasComplexityLevel,Low
20806_ca60b7ae,hasTopology,Sparse
20806_ca60b7ae,hasStructure,Symmetric
20806_ca60b7ae,hasMassCategory,MediumWeight
20806_ca60b7ae,hasVolumeCategory,MediumVolume
23178_eb4b4280,rdf:type,SymmetricRotor
23178_eb4b4280,hasMaterial,Steel
23178_eb4b4280,belongsToFamily,symmetric_rotor
23178_eb4b4280,hasComplexityLevel,Medium
23178_eb4b4280,hasTopology,Moderate
23178_eb4b4280,hasStructure,Symmetric
23178_eb4b4280,hasMassCategory,HeavyWeight
23178_eb4b4280,hasVolumeCategory,LargeVolume
21478_8fbd4409,rdf:type,SymmetricRotor
21478_8fbd4409,hasMaterial,Steel
21478_8fbd4409,belongsToFamily,symmetric_rotor
21478_8fbd4409,hasComplexityLevel,Medium
21478_8fbd4409,hasTopology,Moderate
21478_8fbd4409,hasStructure,Symmetric
21478_8fbd4409,hasMassCategory,LightWeight
21478_8fbd4409,hasVolumeCategory,SmallVolume
23511_8651ac1f,rdf:type,HighComplexityRotor
23511_8651ac1f,hasMaterial,Steel
23511_8651ac1f,belongsToFamily,high_complexity_rotor
23511_8651ac1f,hasComplexityLevel,High
23511_8651ac1f,hasTopology,Dense
23511_8651ac1f,hasStructure,Symmetric
23511_8651ac1f,hasMassCategory,HeavyWeight
23511_8651ac1f,hasVolumeCategory,LargeVolume
22372_e91792a1,rdf:type,MediumRotor
22372_e91792a1,hasMaterial,Steel
22372_e91792a1,belongsToFamily,medium_rotor
22372_e91792a1,hasComplexityLevel,Medium
22372_e91792a1,hasTopology,Moderate
22372_e91792a1,hasStructure,Asymmetric
22372_e91792a1,hasMassCategory,HeavyWeight
22372_e91792a1,hasVolumeCategory,LargeVolume
21634_e5e20375,rdf:type,SimpleRotor
21634_e5e20375,hasMaterial,Aluminum
21634_e5e20375,belongsToFamily,simple_rotor
21634_e5e20375,hasComplexityLevel,Low
21634_e5e20375,hasTopology,Sparse
21634_e5e20375,hasStructure,Asymmetric
21634_e5e20375,hasMassCategory,LightWeight
21634_e5e20375,hasVolumeCategory,SmallVolume
22430_c6f08b03,rdf:type,ComplexAssembly
22430_c6f08b03,hasMaterial,Steel
22430_c6f08b03,belongsToFamily,complex_assembly
22430_c6f08b03,hasComplexityLevel,High
22430_c6f08b03,hasTopology,Dense
22430_c6f08b03,hasStructure,Asymmetric
22430_c6f08b03,hasMassCategory,LightWeight
22430_c6f08b03,hasVolumeCategory,MediumVolume
22461_0ba0e480,rdf:type,MediumRotor
22461_0ba0e480,hasMaterial,Steel
22461_0ba0e480,belongsToFamily,medium_rotor
22461_0ba0e480,hasComplexityLevel,Medium
22461_0ba0e480,hasTopology,Moderate
22461_0ba0e480,hasStructure,Asymmetric
22461_0ba0e480,hasMassCategory,LightWeight
22461_0ba0e480,hasVolumeCategory,MediumVolume
23305_2662b29a,rdf:type,MediumRotor
23305_2662b29a,hasMaterial,Steel
23305_2662b29a,belongsToFamily,medium_rotor
23305_2662b29a,hasComplexityLevel,Medium
23305_2662b29a,hasTopology,Moderate
23305_2662b29a,hasStructure,Asymmetric
23305_2662b29a,hasMassCategory,HeavyWeight
23305_2662b29a,hasVolumeCategory,LargeVolume
23163_7b143a6f,rdf:type,SimpleRotor
23163_7b143a6f,hasMaterial,Steel
23163_7b143a6f,belongsToFamily,simple_rotor
23163_7b143a6f,hasComplexityLevel,Low
23163_7b143a6f,hasTopology,Sparse
23163_7b143a6f,hasStructure,Asymmetric
23163_7b143a6f,hasMassCategory,LightWeight
23163_7b143a6f,hasVolumeCategory,SmallVolume
20970_d20c6c35,rdf:type,SymmetricRotor
20970_d20c6c35,hasMaterial,Wood
20970_d20c6c35,belongsToFamily,symmetric_rotor
20970_d20c6c35,hasComplexityLevel,Medium
20970_d20c6c35,hasTopology,Moderate
20970_d20c6c35,hasStructure,Symmetric
20970_d20c6c35,hasMassCategory,MediumWeight
20970_d20c6c35,hasVolumeCategory,LargeVolume
23218_02d26ab4,rdf:type,SimpleRotor
23218_02d26ab4,hasMaterial,Wood
23218_02d26ab4,belongsToFamily,simple_rotor
23218_02d26ab4,hasComplexityLevel,Low
23218_02d26ab4,hasTopology,Sparse
23218_02d26ab4,hasStructure,Asymmetric
23218_02d26ab4,hasMassCategory,LightWeight
23218_02d26ab4,hasVolumeCategory,MediumVolume
22987_37973191,rdf:type,MediumRotor
22987_37973191,hasMaterial,Steel
22987_37973191,belongsToFamily,medium_rotor
22987_37973191,hasComplexityLevel,Medium
22987_37973191,hasTopology,Moderate
22987_37973191,hasStructure,Asymmetric
22987_37973191,hasMassCategory,HeavyWeight
22987_37973191,hasVolumeCategory,LargeVolume
22147_12995368,rdf:type,SimpleRotor
22147_12995368,hasMaterial,Steel
22147_12995368,belongsToFamily,simple_rotor
22147_12995368,hasComplexityLevel,Low
22147_12995368,hasTopology,Sparse
22147_12995368,hasStructure,Symmetric
22147_12995368,hasMassCategory,MediumWeight
22147_12995368,hasVolumeCategory,MediumVolume
21552_4e9c19b1,rdf:type,MediumRotor
21552_4e9c19b1,hasMaterial,Steel
21552_4e9c19b1,belongsToFamily,medium_rotor
21552_4e9c19b1,hasComplexityLevel,Medium
21552_4e9c19b1,hasTopology,Moderate
21552_4e9c19b1,hasStructure,Asymmetric
21552_4e9c19b1,hasMassCategory,HeavyWeight
21552_4e9c19b1,hasVolumeCategory,LargeVolume
21582_a3d32115,rdf:type,ComplexAssembly
21582_a3d32115,hasMaterial,Steel
21582_a3d32115,belongsToFamily,complex_assembly
21582_a3d32115,hasComplexityLevel,High
21582_a3d32115,hasTopology,Dense
21582_a3d32115,hasStructure,Asymmetric
21582_a3d32115,hasMassCategory,MediumWeight
21582_a3d32115,hasVolumeCategory,MediumVolume
21911_429c1a72,rdf:type,SimpleRotor
21911_429c1a72,hasMaterial,Steel
21911_429c1a72,belongsToFamily,simple_rotor
21911_429c1a72,hasComplexityLevel,Low
21911_429c1a72,hasTopology,Sparse
21911_429c1a72,hasStructure,Asymmetric
21911_429c1a72,hasMassCategory,LightWeight
21911_429c1a72,hasVolumeCategory,SmallVolume
20657_913a7675,rdf:type,MediumRotor
20657_913a7675,hasMaterial,Steel
20657_913a7675,belongsToFamily,medium_rotor
20657_913a7675,hasComplexityLevel,Medium
20657_913a7675,hasTopology,Moderate
20657_913a7675,hasStructure,Asymmetric
20657_913a7675,hasMassCategory,HeavyWeight
20657_913a7675,hasVolumeCategory,LargeVolume
21926_b4c7068b,rdf:type,HighComplexityRotor
21926_b4c7068b,hasMaterial,Steel
21926_b4c7068b,belongsToFamily,high_complexity_rotor
21926_b4c7068b,hasComplexityLevel,High
21926_b4c7068b,hasTopology,Dense
21926_b4c7068b,hasStructure,Asymmetric
21926_b4c7068b,hasMassCategory,MediumWeight
21926_b4c7068b,hasVolumeCategory,MediumVolume
22732_cd2af0ac,rdf:type,SimpleRotor
22732_cd2af0ac,hasMaterial,Aluminum
22732_cd2af0ac,belongsToFamily,simple_rotor
22732_cd2af0ac,hasComplexityLevel,Low
22732_cd2af0ac,hasTopology,Sparse
22732_cd2af0ac,hasStructure,Asymmetric
22732_cd2af0ac,hasMassCategory,HeavyWeight
22732_cd2af0ac,hasVolumeCategory,LargeVolume
21049_f644930a,rdf:type,MediumRotor
21049_f644930a,hasMaterial,Steel
21049_f644930a,belongsToFamily,medium_rotor
21049_f644930a,hasComplexityLevel,Medium
21049_f644930a,hasTopology,Moderate
21049_f644930a,hasStructure,Asymmetric
21049_f644930a,hasMassCategory,HeavyWeight
21049_f644930a,hasVolumeCategory,MediumVolume
22345_bc482c26,rdf:type,MediumRotor
22345_bc482c26,hasMaterial,Steel
22345_bc482c26,belongsToFamily,medium_rotor
22345_bc482c26,hasComplexityLevel,Medium
22345_bc482c26,hasTopology,Moderate
22345_bc482c26,hasStructure,Asymmetric
22345_bc482c26,hasMassCategory,HeavyWeight
22345_bc482c26,hasVolumeCategory,LargeVolume
21697_06656699,rdf:type,HighComplexityRotor
21697_06656699,hasMaterial,Steel
21697_06656699,belongsToFamily,high_complexity_rotor
21697_06656699,hasComplexityLevel,High
21697_06656699,hasTopology,Dense
21697_06656699,hasStructure,Symmetric
21697_06656699,hasMassCategory,MediumWeight
21697_06656699,hasVolumeCategory,MediumVolume
20412_42170125,rdf:type,SimpleRotor
20412_42170125,hasMaterial,Steel
20412_42170125,belongsToFamily,simple_rotor
20412_42170125,hasComplexityLevel,Low
20412_42170125,hasTopology,Sparse
20412_42170125,hasStructure,Asymmetric
20412_42170125,hasMassCategory,LightWeight
20412_42170125,hasVolumeCategory,SmallVolume
21845_dff8b3a1,rdf:type,HighComplexityRotor
21845_dff8b3a1,hasMaterial,Steel
21845_dff8b3a1,belongsToFamily,high_complexity_rotor
21845_dff8b3a1,hasComplexityLevel,High
21845_dff8b3a1,hasTopology,Dense
21845_dff8b3a1,hasStructure,Symmetric
21845_dff8b3a1,hasMassCategory,LightWeight
21845_dff8b3a1,hasVolumeCategory,SmallVolume
23083_fdb942ac,rdf:type,HighComplexityRotor
23083_fdb942ac,hasMaterial,Steel
23083_fdb942ac,belongsToFamily,high_complexity_rotor
23083_fdb942ac,hasComplexityLevel,High
23083_fdb942ac,hasTopology,Dense
23083_fdb942ac,hasStructure,Asymmetric
23083_fdb942ac,hasMassCategory,HeavyWeight
23083_fdb942ac,hasVolumeCategory,MediumVolume
22050_e8702dd4,rdf:type,SymmetricRotor
22050_e8702dd4,hasMaterial,OtherEngineeringMaterial
22050_e8702dd4,belongsToFamily,symmetric_rotor
22050_e8702dd4,hasComplexityLevel,Medium
22050_e8702dd4,hasTopology,Moderate
22050_e8702dd4,hasStructure,Symmetric
22050_e8702dd4,hasMassCategory,MediumWeight
22050_e8702dd4,hasVolumeCategory,LargeVolume
21495_ebbbd369,rdf:type,SimpleRotor
21495_ebbbd369,hasMaterial,Steel
21495_ebbbd369,belongsToFamily,simple_rotor
21495_ebbbd369,hasComplexityLevel,Low
21495_ebbbd369,hasTopology,Sparse
21495_ebbbd369,hasStructure,Asymmetric
21495_ebbbd369,hasMassCategory,LightWeight
21495_ebbbd369,hasVolumeCategory,SmallVolume
22140_9cda24cc,rdf:type,SimpleRotor
22140_9cda24cc,hasMaterial,Steel
22140_9cda24cc,belongsToFamily,simple_rotor
22140_9cda24cc,hasComplexityLevel,Low
22140_9cda24cc,hasTopology,Sparse
22140_9cda24cc,hasStructure,Symmetric
22140_9cda24cc,hasMassCategory,LightWeight
22140_9cda24cc,hasVolumeCategory,SmallVolume
23035_6087bb57,rdf:type,MediumRotor
23035_6087bb57,hasMaterial,Steel
23035_6087bb57,belongsToFamily,medium_rotor
23035_6087bb57,hasComplexityLevel,Medium
23035_6087bb57,hasTopology,Moderate
23035_6087bb57,hasStructure,Asymmetric
23035_6087bb57,hasMassCategory,MediumWeight
23035_6087bb57,hasVolumeCategory,MediumVolume
21836_5bc91e49,rdf:type,SymmetricRotor
21836_5bc91e49,hasMaterial,Steel
21836_5bc91e49,belongsToFamily,symmetric_rotor
21836_5bc91e49,hasComplexityLevel,Medium
21836_5bc91e49,hasTopology,Moderate
21836_5bc91e49,hasStructure,Symmetric
21836_5bc91e49,hasMassCategory,LightWeight
21836_5bc91e49,hasVolumeCategory,SmallVolume
21539_cfe1f7fd,rdf:type,MediumRotor
21539_cfe1f7fd,hasMaterial,Steel
21539_cfe1f7fd,belongsToFamily,medium_rotor
21539_cfe1f7fd,hasComplexityLevel,Medium
21539_cfe1f7fd,hasTopology,Moderate
21539_cfe1f7fd,hasStructure,Asymmetric
21539_cfe1f7fd,hasMassCategory,HeavyWeight
21539_cfe1f7fd,hasVolumeCategory,LargeVolume
21626_b34008e6,rdf:type,MediumRotor
21626_b34008e6,hasMaterial,Steel
21626_b34008e6,belongsToFamily,medium_rotor
21626_b34008e6,hasComplexityLevel,Medium
21626_b34008e6,hasTopology,Moderate
21626_b34008e6,hasStructure,Asymmetric
21626_b34008e6,hasMassCategory,MediumWeight
21626_b34008e6,hasVolumeCategory,MediumVolume
21862_ec534e16,rdf:type,SimpleRotor
21862_ec534e16,hasMaterial,Steel
21862_ec534e16,belongsToFamily,simple_rotor
21862_ec534e16,hasComplexityLevel,Low
21862_ec534e16,hasTopology,Sparse
21862_ec534e16,hasStructure,Symmetric
21862_ec534e16,hasMassCategory,LightWeight
21862_ec534e16,hasVolumeCategory,SmallVolume
21451_fea6f0d1,rdf:type,SimpleRotor
21451_fea6f0d1,hasMaterial,Steel
21451_fea6f0d1,belongsToFamily,simple_rotor
21451_fea6f0d1,hasComplexityLevel,Low
21451_fea6f0d1,hasTopology,Sparse
21451_fea6f0d1,hasStructure,Asymmetric
21451_fea6f0d1,hasMassCategory,LightWeight
21451_fea6f0d1,hasVolumeCategory,SmallVolume
20431_27e7f151,rdf:type,MediumRotor
20431_27e7f151,hasMaterial,Aluminum
20431_27e7f151,belongsToFamily,medium_rotor
20431_27e7f151,hasComplexityLevel,Medium
20431_27e7f151,hasTopology,Moderate
20431_27e7f151,hasStructure,Asymmetric
20431_27e7f151,hasMassCategory,LightWeight
20431_27e7f151,hasVolumeCategory,MediumVolume
23493_57512264,rdf:type,MediumRotor
23493_57512264,hasMaterial,Steel
23493_57512264,belongsToFamily,medium_rotor
23493_57512264,hasComplexityLevel,Medium
23493_57512264,hasTopology,Moderate
23493_57512264,hasStructure,Asymmetric
23493_57512264,hasMassCategory,LightWeight
23493_57512264,hasVolumeCategory,SmallVolume
23170_6ea8ded5,rdf:type,SymmetricRotor
23170_6ea8ded5,hasMaterial,Steel
23170_6ea8ded5,belongsToFamily,symmetric_rotor
23170_6ea8ded5,hasComplexityLevel,Medium
23170_6ea8ded5,hasTopology,Moderate
23170_6ea8ded5,hasStructure,Symmetric
23170_6ea8ded5,hasMassCategory,LightWeight
23170_6ea8ded5,hasVolumeCategory,SmallVolume
22747_3f6faf4c,rdf:type,SimpleRotor
22747_3f6faf4c,hasMaterial,Steel
22747_3f6faf4c,belongsToFamily,simple_rotor
22747_3f6faf4c,hasComplexityLevel,Low
22747_3f6faf4c,hasTopology,Sparse
22747_3f6faf4c,hasStructure,Asymmetric
22747_3f6faf4c,hasMassCategory,MediumWeight
22747_3f6faf4c,hasVolumeCategory,MediumVolume
20925_dc64a33a,rdf:type,MediumRotor
20925_dc64a33a,hasMaterial,Steel
20925_dc64a33a,belongsToFamily,medium_rotor
20925_dc64a33a,hasComplexityLevel,Medium
20925_dc64a33a,hasTopology,Moderate
20925_dc64a33a,hasStructure,Asymmetric
20925_dc64a33a,hasMassCategory,LightWeight
20925_dc64a33a,hasVolumeCategory,SmallVolume
21603_98a15295,rdf:type,SymmetricRotor
21603_98a15295,hasMaterial,OtherEngineeringMaterial
21603_98a15295,belongsToFamily,symmetric_rotor
21603_98a15295,hasComplexityLevel,Medium
21603_98a15295,hasTopology,Moderate
21603_98a15295,hasStructure,Symmetric
21603_98a15295,hasMassCategory,LightWeight
21603_98a15295,hasVolumeCategory,MediumVolume
23417_9a9e9937,rdf:type,MediumRotor
23417_9a9e9937,hasMaterial,Steel
23417_9a9e9937,belongsToFamily,medium_rotor
23417_9a9e9937,hasComplexityLevel,Medium
23417_9a9e9937,hasTopology,Moderate
23417_9a9e9937,hasStructure,Asymmetric
23417_9a9e9937,hasMassCategory,MediumWeight
23417_9a9e9937,hasVolumeCategory,MediumVolume
21797_69df08d5,rdf:type,HighComplexityRotor
21797_69df08d5,hasMaterial,Plastic
21797_69df08d5,belongsToFamily,high_complexity_rotor
21797_69df08d5,hasComplexityLevel,High
21797_69df08d5,hasTopology,Dense
21797_69df08d5,hasStructure,Symmetric
21797_69df08d5,hasMassCategory,LightWeight
21797_69df08d5,hasVolumeCategory,MediumVolume
21991_ab98f156,rdf:type,HighComplexityRotor
21991_ab98f156,hasMaterial,Steel
21991_ab98f156,belongsToFamily,high_complexity_rotor
21991_ab98f156,hasComplexityLevel,High
21991_ab98f156,hasTopology,Dense
21991_ab98f156,hasStructure,Asymmetric
21991_ab98f156,hasMassCategory,HeavyWeight
21991_ab98f156,hasVolumeCategory,LargeVolume
23034_b38134ee,rdf:type,MediumRotor
23034_b38134ee,hasMaterial,Steel
23034_b38134ee,belongsToFamily,medium_rotor
23034_b38134ee,hasComplexityLevel,Medium
23034_b38134ee,hasTopology,Sparse
23034_b38134ee,hasStructure,Asymmetric
23034_b38134ee,hasMassCategory,MediumWeight
23034_b38134ee,hasVolumeCategory,MediumVolume
21612_e2981dae,rdf:type,SimpleRotor
21612_e2981dae,hasMaterial,Steel
21612_e2981dae,belongsToFamily,simple_rotor
21612_e2981dae,hasComplexityLevel,Low
21612_e2981dae,hasTopology,Sparse
21612_e2981dae,hasStructure,Asymmetric
21612_e2981dae,hasMassCategory,MediumWeight
21612_e2981dae,hasVolumeCategory,MediumVolume
21785_d595ced5,rdf:type,SimpleRotor
21785_d595ced5,hasMaterial,Plastic
21785_d595ced5,belongsToFamily,simple_rotor
21785_d595ced5,hasComplexityLevel,Low
21785_d595ced5,hasTopology,Sparse
21785_d595ced5,hasStructure,Asymmetric
21785_d595ced5,hasMassCategory,LightWeight
21785_d595ced5,hasVolumeCategory,SmallVolume
21175_85118898,rdf:type,SimpleRotor
21175_85118898,hasMaterial,Steel
21175_85118898,belongsToFamily,simple_rotor
21175_85118898,hasComplexityLevel,Low
21175_85118898,hasTopology,Sparse
21175_85118898,hasStructure,Asymmetric
21175_85118898,hasMassCategory,LightWeight
21175_85118898,hasVolumeCategory,MediumVolume
20163_3742f394,rdf:type,MediumRotor
20163_3742f394,hasMaterial,Steel
20163_3742f394,belongsToFamily,medium_rotor
20163_3742f394,hasComplexityLevel,Medium
20163_3742f394,hasTopology,Moderate
20163_3742f394,hasStructure,Asymmetric
20163_3742f394,hasMassCategory,MediumWeight
20163_3742f394,hasVolumeCategory,MediumVolume
22002_315afcfc,rdf:type,MediumRotor
22002_315afcfc,hasMaterial,Steel
22002_315afcfc,belongsToFamily,medium_rotor
22002_315afcfc,hasComplexityLevel,Medium
22002_315afcfc,hasTopology,Moderate
22002_315afcfc,hasStructure,Asymmetric
22002_315afcfc,hasMassCategory,MediumWeight
22002_315afcfc,hasVolumeCategory,MediumVolume
22162_439af02a,rdf:type,MediumRotor
22162_439af02a,hasMaterial,Steel
22162_439af02a,belongsToFamily,medium_rotor
22162_439af02a,hasComplexityLevel,Medium
22162_439af02a,hasTopology,Moderate
22162_439af02a,hasStructure,Asymmetric
22162_439af02a,hasMassCategory,LightWeight
22162_439af02a,hasVolumeCategory,SmallVolume
21656_964b0c84,rdf:type,HighComplexityRotor
21656_964b0c84,hasMaterial,Steel
21656_964b0c84,belongsToFamily,high_complexity_rotor
21656_964b0c84,hasComplexityLevel,High
21656_964b0c84,hasTopology,Dense
21656_964b0c84,hasStructure,Asymmetric
21656_964b0c84,hasMassCategory,MediumWeight
21656_964b0c84,hasVolumeCategory,MediumVolume
23369_447545f6,rdf:type,SimpleRotor
23369_447545f6,hasMaterial,Steel
23369_447545f6,belongsToFamily,simple_rotor
23369_447545f6,hasComplexityLevel,Low
23369_447545f6,hasTopology,Sparse
23369_447545f6,hasStructure,Asymmetric
23369_447545f6,hasMassCategory,LightWeight
23369_447545f6,hasVolumeCategory,SmallVolume
20141_b9376856,rdf:type,MediumRotor
20141_b9376856,hasMaterial,Steel
20141_b9376856,belongsToFamily,medium_rotor
20141_b9376856,hasComplexityLevel,Medium
20141_b9376856,hasTopology,Moderate
20141_b9376856,hasStructure,Asymmetric
20141_b9376856,hasMassCategory,MediumWeight
20141_b9376856,hasVolumeCategory,MediumVolume
23103_43bde2a6,rdf:type,SimpleRotor
23103_43bde2a6,hasMaterial,Steel
23103_43bde2a6,belongsToFamily,simple_rotor
23103_43bde2a6,hasComplexityLevel,Low
23103_43bde2a6,hasTopology,Sparse
23103_43bde2a6,hasStructure,Symmetric
23103_43bde2a6,hasMassCategory,LightWeight
23103_43bde2a6,hasVolumeCategory,SmallVolume
21384_b9774b93,rdf:type,SimpleRotor
21384_b9774b93,hasMaterial,Steel
21384_b9774b93,belongsToFamily,simple_rotor
21384_b9774b93,hasComplexityLevel,Low
21384_b9774b93,hasTopology,Sparse
21384_b9774b93,hasStructure,Symmetric
21384_b9774b93,hasMassCategory,MediumWeight
21384_b9774b93,hasVolumeCategory,MediumVolume
20239_49b65a55,rdf:type,MediumRotor
20239_49b65a55,hasMaterial,Steel
20239_49b65a55,belongsToFamily,medium_rotor
20239_49b65a55,hasComplexityLevel,Medium
20239_49b65a55,hasTopology,Moderate
20239_49b65a55,hasStructure,Asymmetric
20239_49b65a55,hasMassCategory,LightWeight
20239_49b65a55,hasVolumeCategory,SmallVolume
21424_9d516e3a,rdf:type,MediumRotor
21424_9d516e3a,hasMaterial,Steel
21424_9d516e3a,belongsToFamily,medium_rotor
21424_9d516e3a,hasComplexityLevel,Medium
21424_9d516e3a,hasTopology,Moderate
21424_9d516e3a,hasStructure,Asymmetric
21424_9d516e3a,hasMassCategory,MediumWeight
21424_9d516e3a,hasVolumeCategory,MediumVolume
21551_c6c2d516,rdf:type,HighComplexityRotor
21551_c6c2d516,hasMaterial,Plastic
21551_c6c2d516,belongsToFamily,high_complexity_rotor
21551_c6c2d516,hasComplexityLevel,High
21551_c6c2d516,hasTopology,Dense
21551_c6c2d516,hasStructure,Symmetric
21551_c6c2d516,hasMassCategory,LightWeight
21551_c6c2d516,hasVolumeCategory,SmallVolume
20940_9777847c,rdf:type,SimpleRotor
20940_9777847c,hasMaterial,OtherEngineeringMaterial
20940_9777847c,belongsToFamily,simple_rotor
20940_9777847c,hasComplexityLevel,Low
20940_9777847c,hasTopology,Sparse
20940_9777847c,hasStructure,Asymmetric
20940_9777847c,hasMassCategory,MediumWeight
20940_9777847c,hasVolumeCategory,LargeVolume
23451_14c8d09e,rdf:type,MediumRotor
23451_14c8d09e,hasMaterial,Steel
23451_14c8d09e,belongsToFamily,medium_rotor
23451_14c8d09e,hasComplexityLevel,Medium
23451_14c8d09e,hasTopology,Moderate
23451_14c8d09e,hasStructure,Asymmetric
23451_14c8d09e,hasMassCategory,HeavyWeight
23451_14c8d09e,hasVolumeCategory,LargeVolume
21037_62248d34,rdf:type,SymmetricRotor
21037_62248d34,hasMaterial,Steel
21037_62248d34,belongsToFamily,symmetric_rotor
21037_62248d34,hasComplexityLevel,Medium
21037_62248d34,hasTopology,Moderate
21037_62248d34,hasStructure,Symmetric
21037_62248d34,hasMassCategory,MediumWeight
21037_62248d34,hasVolumeCategory,MediumVolume
21817_945cd3c9,rdf:type,MediumRotor
21817_945cd3c9,hasMaterial,Steel
21817_945cd3c9,belongsToFamily,medium_rotor
21817_945cd3c9,hasComplexityLevel,Medium
21817_945cd3c9,hasTopology,Moderate
21817_945cd3c9,hasStructure,Asymmetric
21817_945cd3c9,hasMassCategory,HeavyWeight
21817_945cd3c9,hasVolumeCategory,LargeVolume
23283_fadf3820,rdf:type,MediumRotor
23283_fadf3820,hasMaterial,Steel
23283_fadf3820,belongsToFamily,medium_rotor
23283_fadf3820,hasComplexityLevel,Medium
23283_fadf3820,hasTopology,Moderate
23283_fadf3820,hasStructure,Asymmetric
23283_fadf3820,hasMassCategory,HeavyWeight
23283_fadf3820,hasVolumeCategory,LargeVolume
23323_075a079e,rdf:type,MediumRotor
23323_075a079e,hasMaterial,Steel
23323_075a079e,belongsToFamily,medium_rotor
23323_075a079e,hasComplexityLevel,Medium
23323_075a079e,hasTopology,Sparse
23323_075a079e,hasStructure,Asymmetric
23323_075a079e,hasMassCategory,MediumWeight
23323_075a079e,hasVolumeCategory,MediumVolume
23172_4ab01e83,rdf:type,MediumRotor
23172_4ab01e83,hasMaterial,Steel
23172_4ab01e83,belongsToFamily,medium_rotor
23172_4ab01e83,hasComplexityLevel,Medium
23172_4ab01e83,hasTopology,Moderate
23172_4ab01e83,hasStructure,Asymmetric
23172_4ab01e83,hasMassCategory,LightWeight
23172_4ab01e83,hasVolumeCategory,SmallVolume
21762_90d34d16,rdf:type,HighComplexityRotor
21762_90d34d16,hasMaterial,Steel
21762_90d34d16,belongsToFamily,high_complexity_rotor
21762_90d34d16,hasComplexityLevel,High
21762_90d34d16,hasTopology,Dense
21762_90d34d16,hasStructure,Asymmetric
21762_90d34d16,hasMassCategory,LightWeight
21762_90d34d16,hasVolumeCategory,SmallVolume
22612_28fe0ac2,rdf:type,MediumRotor
22612_28fe0ac2,hasMaterial,Steel
22612_28fe0ac2,belongsToFamily,medium_rotor
22612_28fe0ac2,hasComplexityLevel,Medium
22612_28fe0ac2,hasTopology,Moderate
22612_28fe0ac2,hasStructure,Asymmetric
22612_28fe0ac2,hasMassCategory,MediumWeight
22612_28fe0ac2,hasVolumeCategory,MediumVolume
22535_0ba01cc9,rdf:type,ComplexAssembly
22535_0ba01cc9,hasMaterial,Steel
22535_0ba01cc9,belongsToFamily,complex_assembly
22535_0ba01cc9,hasComplexityLevel,High
22535_0ba01cc9,hasTopology,Dense
22535_0ba01cc9,hasStructure,Asymmetric
22535_0ba01cc9,hasMassCategory,MediumWeight
22535_0ba01cc9,hasVolumeCategory,MediumVolume
21715_53df62c9,rdf:type,MediumRotor
21715_53df62c9,hasMaterial,Steel
21715_53df62c9,belongsToFamily,medium_rotor
21715_53df62c9,hasComplexityLevel,Medium
21715_53df62c9,hasTopology,Sparse
21715_53df62c9,hasStructure,Asymmetric
21715_53df62c9,hasMassCategory,LightWeight
21715_53df62c9,hasVolumeCategory,MediumVolume
22283_36ba29c9,rdf:type,SimpleRotor
22283_36ba29c9,hasMaterial,Steel
22283_36ba29c9,belongsToFamily,simple_rotor
22283_36ba29c9,hasComplexityLevel,Low
22283_36ba29c9,hasTopology,Sparse
22283_36ba29c9,hasStructure,Symmetric
22283_36ba29c9,hasMassCategory,LightWeight
22283_36ba29c9,hasVolumeCategory,SmallVolume
20620_8a5226b4,rdf:type,HighComplexityRotor
20620_8a5226b4,hasMaterial,Steel
20620_8a5226b4,belongsToFamily,high_complexity_rotor
20620_8a5226b4,hasComplexityLevel,High
20620_8a5226b4,hasTopology,Dense
20620_8a5226b4,hasStructure,Symmetric
20620_8a5226b4,hasMassCategory,HeavyWeight
20620_8a5226b4,hasVolumeCategory,LargeVolume
20329_414757bb,rdf:type,MediumRotor
20329_414757bb,hasMaterial,Steel
20329_414757bb,belongsToFamily,medium_rotor
20329_414757bb,hasComplexityLevel,Medium
20329_414757bb,hasTopology,Moderate
20329_414757bb,hasStructure,Asymmetric
20329_414757bb,hasMassCategory,MediumWeight
20329_414757bb,hasVolumeCategory,MediumVolume
22377_d490f505,rdf:type,SimpleRotor
22377_d490f505,hasMaterial,Steel
22377_d490f505,belongsToFamily,simple_rotor
22377_d490f505,hasComplexityLevel,Low
22377_d490f505,hasTopology,Sparse
22377_d490f505,hasStructure,Asymmetric
22377_d490f505,hasMassCategory,MediumWeight
22377_d490f505,hasVolumeCategory,MediumVolume
22492_047b125b,rdf:type,ComplexAssembly
22492_047b125b,hasMaterial,Steel
22492_047b125b,belongsToFamily,complex_assembly
22492_047b125b,hasComplexityLevel,High
22492_047b125b,hasTopology,Dense
22492_047b125b,hasStructure,Asymmetric
22492_047b125b,hasMassCategory,HeavyWeight
22492_047b125b,hasVolumeCategory,MediumVolume
22402_a62e84b4,rdf:type,HighComplexityRotor
22402_a62e84b4,hasMaterial,Steel
22402_a62e84b4,belongsToFamily,high_complexity_rotor
22402_a62e84b4,hasComplexityLevel,High
22402_a62e84b4,hasTopology,Dense
22402_a62e84b4,hasStructure,Asymmetric
22402_a62e84b4,hasMassCategory,HeavyWeight
22402_a62e84b4,hasVolumeCategory,LargeVolume
20287_072b5bf6,rdf:type,HighComplexityRotor
20287_072b5bf6,hasMaterial,Aluminum
20287_072b5bf6,belongsToFamily,high_complexity_rotor
20287_072b5bf6,hasComplexityLevel,High
20287_072b5bf6,hasTopology,Dense
20287_072b5bf6,hasStructure,Asymmetric
20287_072b5bf6,hasMassCategory,LightWeight
20287_072b5bf6,hasVolumeCategory,SmallVolume
20810_f6674f2d,rdf:type,SimpleRotor
20810_f6674f2d,hasMaterial,Steel
20810_f6674f2d,belongsToFamily,simple_rotor
20810_f6674f2d,hasComplexityLevel,Low
20810_f6674f2d,hasTopology,Sparse
20810_f6674f2d,hasStructure,Asymmetric
20810_f6674f2d,hasMassCategory,LightWeight
20810_f6674f2d,hasVolumeCategory,SmallVolume
22049_4da0d894,rdf:type,SymmetricRotor
22049_4da0d894,hasMaterial,Steel
22049_4da0d894,belongsToFamily,symmetric_rotor
22049_4da0d894,hasComplexityLevel,Medium
22049_4da0d894,hasTopology,Moderate
22049_4da0d894,hasStructure,Symmetric
22049_4da0d894,hasMassCategory,HeavyWeight
22049_4da0d894,hasVolumeCategory,MediumVolume
20758_cdccf572,rdf:type,SimpleRotor
20758_cdccf572,hasMaterial,Steel
20758_cdccf572,belongsToFamily,simple_rotor
20758_cdccf572,hasComplexityLevel,Low
20758_cdccf572,hasTopology,Sparse
20758_cdccf572,hasStructure,Symmetric
20758_cdccf572,hasMassCategory,LightWeight
20758_cdccf572,hasVolumeCategory,SmallVolume
22681_124bf3a9,rdf:type,MediumRotor
22681_124bf3a9,hasMaterial,Steel
22681_124bf3a9,belongsToFamily,medium_rotor
22681_124bf3a9,hasComplexityLevel,Medium
22681_124bf3a9,hasTopology,Sparse
22681_124bf3a9,hasStructure,Asymmetric
22681_124bf3a9,hasMassCategory,HeavyWeight
22681_124bf3a9,hasVolumeCategory,LargeVolume
21690_5d1f3475,rdf:type,SimpleRotor
21690_5d1f3475,hasMaterial,Steel
21690_5d1f3475,belongsToFamily,simple_rotor
21690_5d1f3475,hasComplexityLevel,Low
21690_5d1f3475,hasTopology,Sparse
21690_5d1f3475,hasStructure,Asymmetric
21690_5d1f3475,hasMassCategory,LightWeight
21690_5d1f3475,hasVolumeCategory,SmallVolume
20546_87dbd755,rdf:type,ComplexAssembly
20546_87dbd755,hasMaterial,Steel
20546_87dbd755,belongsToFamily,complex_assembly
20546_87dbd755,hasComplexityLevel,High
20546_87dbd755,hasTopology,Dense
20546_87dbd755,hasStructure,Symmetric
20546_87dbd755,hasMassCategory,LightWeight
20546_87dbd755,hasVolumeCategory,SmallVolume
22092_897b0ffa,rdf:type,MediumRotor
22092_897b0ffa,hasMaterial,Steel
22092_897b0ffa,belongsToFamily,medium_rotor
22092_897b0ffa,hasComplexityLevel,Medium
22092_897b0ffa,hasTopology,Moderate
22092_897b0ffa,hasStructure,Asymmetric
22092_897b0ffa,hasMassCategory,LightWeight
22092_897b0ffa,hasVolumeCategory,SmallVolume
20991_6795af4f,rdf:type,HighComplexityRotor
20991_6795af4f,hasMaterial,Wood
20991_6795af4f,belongsToFamily,high_complexity_rotor
20991_6795af4f,hasComplexityLevel,High
20991_6795af4f,hasTopology,Dense
20991_6795af4f,hasStructure,Symmetric
20991_6795af4f,hasMassCategory,MediumWeight
20991_6795af4f,hasVolumeCategory,LargeVolume
23049_207a41f0,rdf:type,MediumRotor
23049_207a41f0,hasMaterial,Steel
23049_207a41f0,belongsToFamily,medium_rotor
23049_207a41f0,hasComplexityLevel,Medium
23049_207a41f0,hasTopology,Moderate
23049_207a41f0,hasStructure,Asymmetric
23049_207a41f0,hasMassCategory,HeavyWeight
23049_207a41f0,hasVolumeCategory,MediumVolume
22533_e7298b05,rdf:type,ComplexAssembly
22533_e7298b05,hasMaterial,Steel
22533_e7298b05,belongsToFamily,complex_assembly
22533_e7298b05,hasComplexityLevel,High
22533_e7298b05,hasTopology,Dense
22533_e7298b05,hasStructure,Asymmetric
22533_e7298b05,hasMassCategory,MediumWeight
22533_e7298b05,hasVolumeCategory,MediumVolume
22638_37f9fe91,rdf:type,SymmetricRotor
22638_37f9fe91,hasMaterial,Steel
22638_37f9fe91,belongsToFamily,symmetric_rotor
22638_37f9fe91,hasComplexityLevel,Medium
22638_37f9fe91,hasTopology,Moderate
22638_37f9fe91,hasStructure,Symmetric
22638_37f9fe91,hasMassCategory,HeavyWeight
22638_37f9fe91,hasVolumeCategory,MediumVolume
21617_ddd3657b,rdf:type,SimpleRotor
21617_ddd3657b,hasMaterial,Steel
21617_ddd3657b,belongsToFamily,simple_rotor
21617_ddd3657b,hasComplexityLevel,Low
21617_ddd3657b,hasTopology,Sparse
21617_ddd3657b,hasStructure,Asymmetric
21617_ddd3657b,hasMassCategory,MediumWeight
21617_ddd3657b,hasVolumeCategory,MediumVolume
21858_f1409ea2,rdf:type,MediumRotor
21858_f1409ea2,hasMaterial,Steel
21858_f1409ea2,belongsToFamily,medium_rotor
21858_f1409ea2,hasComplexityLevel,Medium
21858_f1409ea2,hasTopology,Moderate
21858_f1409ea2,hasStructure,Asymmetric
21858_f1409ea2,hasMassCategory,MediumWeight
21858_f1409ea2,hasVolumeCategory,MediumVolume
21028_d4d30a2e,rdf:type,MediumRotor
21028_d4d30a2e,hasMaterial,Aluminum
21028_d4d30a2e,belongsToFamily,medium_rotor
21028_d4d30a2e,hasComplexityLevel,Medium
21028_d4d30a2e,hasTopology,Moderate
21028_d4d30a2e,hasStructure,Asymmetric
21028_d4d30a2e,hasMassCategory,LightWeight
21028_d4d30a2e,hasVolumeCategory,SmallVolume
21541_abc67be6,rdf:type,MediumRotor
21541_abc67be6,hasMaterial,Steel
21541_abc67be6,belongsToFamily,medium_rotor
21541_abc67be6,hasComplexityLevel,Medium
21541_abc67be6,hasTopology,Moderate
21541_abc67be6,hasStructure,Asymmetric
21541_abc67be6,hasMassCategory,LightWeight
21541_abc67be6,hasVolumeCategory,MediumVolume
22826_199df203,rdf:type,MediumRotor
22826_199df203,hasMaterial,Steel
22826_199df203,belongsToFamily,medium_rotor
22826_199df203,hasComplexityLevel,Medium
22826_199df203,hasTopology,Moderate
22826_199df203,hasStructure,Asymmetric
22826_199df203,hasMassCategory,MediumWeight
22826_199df203,hasVolumeCategory,MediumVolume
22227_aca28ff2,rdf:type,SimpleRotor
22227_aca28ff2,hasMaterial,Steel
22227_aca28ff2,belongsToFamily,simple_rotor
22227_aca28ff2,hasComplexityLevel,Low
22227_aca28ff2,hasTopology,Sparse
22227_aca28ff2,hasStructure,Asymmetric
22227_aca28ff2,hasMassCategory,MediumWeight
22227_aca28ff2,hasVolumeCategory,MediumVolume
22902_83870421,rdf:type,SimpleRotor
22902_83870421,hasMaterial,Steel
22902_83870421,belongsToFamily,simple_rotor
22902_83870421,hasComplexityLevel,Low
22902_83870421,hasTopology,Sparse
22902_83870421,hasStructure,Asymmetric
22902_83870421,hasMassCategory,LightWeight
22902_83870421,hasVolumeCategory,SmallVolume
21665_2e14b6ff,rdf:type,SimpleRotor
21665_2e14b6ff,hasMaterial,Steel
21665_2e14b6ff,belongsToFamily,simple_rotor
21665_2e14b6ff,hasComplexityLevel,Low
21665_2e14b6ff,hasTopology,Sparse
21665_2e14b6ff,hasStructure,Symmetric
21665_2e14b6ff,hasMassCategory,MediumWeight
21665_2e14b6ff,hasVolumeCategory,MediumVolume
20813_726b2714,rdf:type,SimpleRotor
20813_726b2714,hasMaterial,Steel
20813_726b2714,belongsToFamily,simple_rotor
20813_726b2714,hasComplexityLevel,Low
20813_726b2714,hasTopology,Sparse
20813_726b2714,hasStructure,Asymmetric
20813_726b2714,hasMassCategory,MediumWeight
20813_726b2714,hasVolumeCategory,MediumVolume
20429_4c909f3f,rdf:type,SimpleRotor
20429_4c909f3f,hasMaterial,Steel
20429_4c909f3f,belongsToFamily,simple_rotor
20429_4c909f3f,hasComplexityLevel,Low
20429_4c909f3f,hasTopology,Sparse
20429_4c909f3f,hasStructure,Asymmetric
20429_4c909f3f,hasMassCategory,LightWeight
20429_4c909f3f,hasVolumeCategory,SmallVolume
23373_f5dac851,rdf:type,MediumRotor
23373_f5dac851,hasMaterial,Steel
23373_f5dac851,belongsToFamily,medium_rotor
23373_f5dac851,hasComplexityLevel,Medium
23373_f5dac851,hasTopology,Moderate
23373_f5dac851,hasStructure,Asymmetric
23373_f5dac851,hasMassCategory,MediumWeight
23373_f5dac851,hasVolumeCategory,MediumVolume
21794_4d137e7d,rdf:type,MediumRotor
21794_4d137e7d,hasMaterial,Steel
21794_4d137e7d,belongsToFamily,medium_rotor
21794_4d137e7d,hasComplexityLevel,Medium
21794_4d137e7d,hasTopology,Moderate
21794_4d137e7d,hasStructure,Asymmetric
21794_4d137e7d,hasMassCategory,LightWeight
21794_4d137e7d,hasVolumeCategory,SmallVolume
22065_0d414124,rdf:type,ComplexAssembly
22065_0d414124,hasMaterial,Steel
22065_0d414124,belongsToFamily,complex_assembly
22065_0d414124,hasComplexityLevel,High
22065_0d414124,hasTopology,Dense
22065_0d414124,hasStructure,Symmetric
22065_0d414124,hasMassCategory,LightWeight
22065_0d414124,hasVolumeCategory,SmallVolume
22224_1e749c32,rdf:type,MediumRotor
22224_1e749c32,hasMaterial,Steel
22224_1e749c32,belongsToFamily,medium_rotor
22224_1e749c32,hasComplexityLevel,Medium
22224_1e749c32,hasTopology,Sparse
22224_1e749c32,hasStructure,Asymmetric
22224_1e749c32,hasMassCategory,LightWeight
22224_1e749c32,hasVolumeCategory,SmallVolume
22047_5a090f16,rdf:type,SimpleRotor
22047_5a090f16,hasMaterial,Steel
22047_5a090f16,belongsToFamily,simple_rotor
22047_5a090f16,hasComplexityLevel,Low
22047_5a090f16,hasTopology,Sparse
22047_5a090f16,hasStructure,Symmetric
22047_5a090f16,hasMassCategory,LightWeight
22047_5a090f16,hasVolumeCategory,MediumVolume
20952_b8a54213,rdf:type,ComplexAssembly
20952_b8a54213,hasMaterial,Steel
20952_b8a54213,belongsToFamily,complex_assembly
20952_b8a54213,hasComplexityLevel,High
20952_b8a54213,hasTopology,Dense
20952_b8a54213,hasStructure,Asymmetric
20952_b8a54213,hasMassCategory,HeavyWeight
20952_b8a54213,hasVolumeCategory,LargeVolume
21490_d07ff9f8,rdf:type,SymmetricRotor
21490_d07ff9f8,hasMaterial,Steel
21490_d07ff9f8,belongsToFamily,symmetric_rotor
21490_d07ff9f8,hasComplexityLevel,Medium
21490_d07ff9f8,hasTopology,Moderate
21490_d07ff9f8,hasStructure,Symmetric
21490_d07ff9f8,hasMassCategory,LightWeight
21490_d07ff9f8,hasVolumeCategory,SmallVolume
23041_8d3ea25c,rdf:type,MediumRotor
23041_8d3ea25c,hasMaterial,Steel
23041_8d3ea25c,belongsToFamily,medium_rotor
23041_8d3ea25c,hasComplexityLevel,Medium
23041_8d3ea25c,hasTopology,Moderate
23041_8d3ea25c,hasStructure,Asymmetric
23041_8d3ea25c,hasMassCategory,LightWeight
23041_8d3ea25c,hasVolumeCategory,SmallVolume
22241_535ad84b,rdf:type,SimpleRotor
22241_535ad84b,hasMaterial,Steel
22241_535ad84b,belongsToFamily,simple_rotor
22241_535ad84b,hasComplexityLevel,Low
22241_535ad84b,hasTopology,Sparse
22241_535ad84b,hasStructure,Symmetric
22241_535ad84b,hasMassCategory,LightWeight
22241_535ad84b,hasVolumeCategory,SmallVolume
23022_86e6a8a0,rdf:type,SimpleRotor
23022_86e6a8a0,hasMaterial,Steel
23022_86e6a8a0,belongsToFamily,simple_rotor
23022_86e6a8a0,hasComplexityLevel,Low
23022_86e6a8a0,hasTopology,Sparse
23022_86e6a8a0,hasStructure,Asymmetric
23022_86e6a8a0,hasMassCategory,LightWeight
23022_86e6a8a0,hasVolumeCategory,SmallVolume
23053_139f2009,rdf:type,HighComplexityRotor
23053_139f2009,hasMaterial,Steel
23053_139f2009,belongsToFamily,high_complexity_rotor
23053_139f2009,hasComplexityLevel,High
23053_139f2009,hasTopology,Dense
23053_139f2009,hasStructure,Asymmetric
23053_139f2009,hasMassCategory,MediumWeight
23053_139f2009,hasVolumeCategory,MediumVolume
23037_d0df320c,rdf:type,SymmetricRotor
23037_d0df320c,hasMaterial,Steel
23037_d0df320c,belongsToFamily,symmetric_rotor
23037_d0df320c,hasComplexityLevel,Medium
23037_d0df320c,hasTopology,Moderate
23037_d0df320c,hasStructure,Symmetric
23037_d0df320c,hasMassCategory,MediumWeight
23037_d0df320c,hasVolumeCategory,MediumVolume
22416_4cd31921,rdf:type,HighComplexityRotor
22416_4cd31921,hasMaterial,Steel
22416_4cd31921,belongsToFamily,high_complexity_rotor
22416_4cd31921,hasComplexityLevel,High
22416_4cd31921,hasTopology,Dense
22416_4cd31921,hasStructure,Symmetric
22416_4cd31921,hasMassCategory,LightWeight
22416_4cd31921,hasVolumeCategory,SmallVolume
21391_78fc6345,rdf:type,SimpleRotor
21391_78fc6345,hasMaterial,Steel
21391_78fc6345,belongsToFamily,simple_rotor
21391_78fc6345,hasComplexityLevel,Low
21391_78fc6345,hasTopology,Sparse
21391_78fc6345,hasStructure,Asymmetric
21391_78fc6345,hasMassCategory,LightWeight
21391_78fc6345,hasVolumeCategory,SmallVolume
21134_7aa7cd89,rdf:type,HighComplexityRotor
21134_7aa7cd89,hasMaterial,Steel
21134_7aa7cd89,belongsToFamily,high_complexity_rotor
21134_7aa7cd89,hasComplexityLevel,High
21134_7aa7cd89,hasTopology,Dense
21134_7aa7cd89,hasStructure,Symmetric
21134_7aa7cd89,hasMassCategory,HeavyWeight
21134_7aa7cd89,hasVolumeCategory,LargeVolume
21700_28d193ac,rdf:type,HighComplexityRotor
21700_28d193ac,hasMaterial,Steel
21700_28d193ac,belongsToFamily,high_complexity_rotor
21700_28d193ac,hasComplexityLevel,High
21700_28d193ac,hasTopology,Dense
21700_28d193ac,hasStructure,Asymmetric
21700_28d193ac,hasMassCategory,HeavyWeight
21700_28d193ac,hasVolumeCategory,MediumVolume
