Subject,Predicate,Object
21448_5646a1b6,hasMaterial,Steel
21448_5646a1b6,belongsToFamily,simple_rotor
21448_5646a1b6,hasComplexityLevel,Low
21448_5646a1b6,hasTopology,Sparse
21448_5646a1b6,hasStructure,Symmetric
22312_3f366a4a,hasMaterial,Steel
22312_3f366a4a,belongsToFamily,symmetric_rotor
22312_3f366a4a,hasComplexityLevel,Medium
22312_3f366a4a,hasTopology,Moderate
22312_3f366a4a,hasStructure,Symmetric
20756_75f43564,hasMaterial,"Steel, Mild, Aluminum 6061"
20756_75f43564,belongsToFamily,simple_rotor
20756_75f43564,hasComplexityLevel,Low
20756_75f43564,hasTopology,Sparse
20756_75f43564,hasStructure,Asymmetric
21708_e61bd657,hasMaterial,"Steel, Wood, Polyurethane Foam"
21708_e61bd657,belongsToFamily,complex_assembly
21708_e61bd657,hasComplexityLevel,High
21708_e61bd657,hasTopology,Dense
21708_e61bd657,hasStructure,Asymmetric
23311_ad36a9ec,hasMaterial,Steel
23311_ad36a9ec,belongsToFamily,simple_rotor
23311_ad36a9ec,hasComplexityLevel,Low
23311_ad36a9ec,hasTopology,Sparse
23311_ad36a9ec,hasStructure,Asymmetric
22680_1f4026f6,hasMaterial,Steel
22680_1f4026f6,belongsToFamily,medium_rotor
22680_1f4026f6,hasComplexityLevel,Medium
22680_1f4026f6,hasTopology,Moderate
22680_1f4026f6,hasStructure,Asymmetric
21265_7329c813,hasMaterial,Steel
21265_7329c813,belongsToFamily,simple_rotor
21265_7329c813,hasComplexityLevel,Low
21265_7329c813,hasTopology,Sparse
21265_7329c813,hasStructure,Asymmetric
22832_731d3b9f,hasMaterial,"Steel, Wood, Brass"
22832_731d3b9f,belongsToFamily,medium_rotor
22832_731d3b9f,hasComplexityLevel,Medium
22832_731d3b9f,hasTopology,Moderate
22832_731d3b9f,hasStructure,Asymmetric
23476_705b76d1,hasMaterial,"Titanium, Stainless Steel"
23476_705b76d1,belongsToFamily,medium_rotor
23476_705b76d1,hasComplexityLevel,Medium
23476_705b76d1,hasTopology,Moderate
23476_705b76d1,hasStructure,Asymmetric
22131_6b4b60f8,hasMaterial,Steel
22131_6b4b60f8,belongsToFamily,simple_rotor
22131_6b4b60f8,hasComplexityLevel,Low
22131_6b4b60f8,hasTopology,Sparse
22131_6b4b60f8,hasStructure,Asymmetric
20994_9c88b1ba,hasMaterial,Steel
20994_9c88b1ba,belongsToFamily,simple_rotor
20994_9c88b1ba,hasComplexityLevel,Low
20994_9c88b1ba,hasTopology,Sparse
20994_9c88b1ba,hasStructure,Asymmetric
22026_62afa265,hasMaterial,"Wood, Rubber, Silicone"
22026_62afa265,belongsToFamily,simple_rotor
22026_62afa265,hasComplexityLevel,Low
22026_62afa265,hasTopology,Sparse
22026_62afa265,hasStructure,Symmetric
22021_520ec8c3,hasMaterial,"Wood, Steel, Aluminum"
22021_520ec8c3,belongsToFamily,medium_rotor
22021_520ec8c3,hasComplexityLevel,Medium
22021_520ec8c3,hasTopology,Moderate
22021_520ec8c3,hasStructure,Asymmetric
20351_dc6e4e1e,hasMaterial,"Steel, Mild"
20351_dc6e4e1e,belongsToFamily,complex_assembly
20351_dc6e4e1e,hasComplexityLevel,High
20351_dc6e4e1e,hasTopology,Dense
20351_dc6e4e1e,hasStructure,Asymmetric
22218_2f85f6ae,hasMaterial,Stainless Steel
22218_2f85f6ae,belongsToFamily,medium_rotor
22218_2f85f6ae,hasComplexityLevel,Medium
22218_2f85f6ae,hasTopology,Sparse
22218_2f85f6ae,hasStructure,Asymmetric
21810_718ae2fe,hasMaterial,Steel
21810_718ae2fe,belongsToFamily,simple_rotor
21810_718ae2fe,hasComplexityLevel,Low
21810_718ae2fe,hasTopology,Sparse
21810_718ae2fe,hasStructure,Symmetric
20215_e2eb3082,hasMaterial,"Steel, Mild"
20215_e2eb3082,belongsToFamily,medium_rotor
20215_e2eb3082,hasComplexityLevel,Medium
20215_e2eb3082,hasTopology,Moderate
20215_e2eb3082,hasStructure,Asymmetric
22561_067b78ae,hasMaterial,"Phenolic Resin, Platinum"
22561_067b78ae,belongsToFamily,symmetric_rotor
22561_067b78ae,hasComplexityLevel,Medium
22561_067b78ae,hasTopology,Moderate
22561_067b78ae,hasStructure,Symmetric
21421_fb12b69b,hasMaterial,"Wood, Steel, Brass"
21421_fb12b69b,belongsToFamily,complex_assembly
21421_fb12b69b,hasComplexityLevel,High
21421_fb12b69b,hasTopology,Dense
21421_fb12b69b,hasStructure,Asymmetric
22082_39503fa6,hasMaterial,Steel
22082_39503fa6,belongsToFamily,medium_rotor
22082_39503fa6,hasComplexityLevel,Medium
22082_39503fa6,hasTopology,Moderate
22082_39503fa6,hasStructure,Asymmetric
23308_245d257c,hasMaterial,Steel
23308_245d257c,belongsToFamily,medium_rotor
23308_245d257c,hasComplexityLevel,Medium
23308_245d257c,hasTopology,Moderate
23308_245d257c,hasStructure,Asymmetric
22844_9b75b8e0,hasMaterial,Steel
22844_9b75b8e0,belongsToFamily,simple_rotor
22844_9b75b8e0,hasComplexityLevel,Low
22844_9b75b8e0,hasTopology,Sparse
22844_9b75b8e0,hasStructure,Asymmetric
20408_b4fda9eb,hasMaterial,"Steel, Mild"
20408_b4fda9eb,belongsToFamily,medium_rotor
20408_b4fda9eb,hasComplexityLevel,Medium
20408_b4fda9eb,hasTopology,Moderate
20408_b4fda9eb,hasStructure,Asymmetric
21326_ab4d6c43,hasMaterial,Steel
21326_ab4d6c43,belongsToFamily,simple_rotor
21326_ab4d6c43,hasComplexityLevel,Low
21326_ab4d6c43,hasTopology,Sparse
21326_ab4d6c43,hasStructure,Asymmetric
22211_b1ee53f0,hasMaterial,Steel
22211_b1ee53f0,belongsToFamily,complex_assembly
22211_b1ee53f0,hasComplexityLevel,High
22211_b1ee53f0,hasTopology,Dense
22211_b1ee53f0,hasStructure,Symmetric
23211_3aac9c7e,hasMaterial,Wood
23211_3aac9c7e,belongsToFamily,simple_rotor
23211_3aac9c7e,hasComplexityLevel,Low
23211_3aac9c7e,hasTopology,Sparse
23211_3aac9c7e,hasStructure,Asymmetric
20676_9715ec9c,hasMaterial,ABS Plastic
20676_9715ec9c,belongsToFamily,medium_rotor
20676_9715ec9c,hasComplexityLevel,Medium
20676_9715ec9c,hasTopology,Moderate
20676_9715ec9c,hasStructure,Asymmetric
20220_3de82b2a,hasMaterial,"Steel, Mild"
20220_3de82b2a,belongsToFamily,simple_rotor
20220_3de82b2a,hasComplexityLevel,Low
20220_3de82b2a,hasTopology,Sparse
20220_3de82b2a,hasStructure,Asymmetric
22776_facf9bcf,hasMaterial,Steel
22776_facf9bcf,belongsToFamily,medium_rotor
22776_facf9bcf,hasComplexityLevel,Medium
22776_facf9bcf,hasTopology,Moderate
22776_facf9bcf,hasStructure,Asymmetric
21837_b67d788c,hasMaterial,Steel
21837_b67d788c,belongsToFamily,medium_rotor
21837_b67d788c,hasComplexityLevel,Medium
21837_b67d788c,hasTopology,Moderate
21837_b67d788c,hasStructure,Asymmetric
20668_b2f2633e,hasMaterial,Steel
20668_b2f2633e,belongsToFamily,high_complexity_rotor
20668_b2f2633e,hasComplexityLevel,High
20668_b2f2633e,hasTopology,Dense
20668_b2f2633e,hasStructure,Asymmetric
21459_a9de5e5b,hasMaterial,"Steel, Mild, Acetal Resin, Black, Magnesium"
21459_a9de5e5b,belongsToFamily,simple_rotor
21459_a9de5e5b,hasComplexityLevel,Low
21459_a9de5e5b,hasTopology,Sparse
21459_a9de5e5b,hasStructure,Asymmetric
21386_e234c6b6,hasMaterial,Steel
21386_e234c6b6,belongsToFamily,symmetric_rotor
21386_e234c6b6,hasComplexityLevel,Medium
21386_e234c6b6,hasTopology,Moderate
21386_e234c6b6,hasStructure,Symmetric
22474_b10fea1a,hasMaterial,Steel
22474_b10fea1a,belongsToFamily,medium_rotor
22474_b10fea1a,hasComplexityLevel,Medium
22474_b10fea1a,hasTopology,Moderate
22474_b10fea1a,hasStructure,Asymmetric
19051_26735260,hasMaterial,"Stainless Steel, 440C, Steel, Mild, Rubber"
19051_26735260,belongsToFamily,high_complexity_rotor
19051_26735260,hasComplexityLevel,High
19051_26735260,hasTopology,Dense
19051_26735260,hasStructure,Asymmetric
20332_0c2a24aa,hasMaterial,"Steel, Mild"
20332_0c2a24aa,belongsToFamily,simple_rotor
20332_0c2a24aa,hasComplexityLevel,Low
20332_0c2a24aa,hasTopology,Sparse
20332_0c2a24aa,hasStructure,Asymmetric
20807_88c198d5,hasMaterial,Steel
20807_88c198d5,belongsToFamily,simple_rotor
20807_88c198d5,hasComplexityLevel,Low
20807_88c198d5,hasTopology,Sparse
20807_88c198d5,hasStructure,Symmetric
21825_ce32b0a0,hasMaterial,Steel
21825_ce32b0a0,belongsToFamily,simple_rotor
21825_ce32b0a0,hasComplexityLevel,Low
21825_ce32b0a0,hasTopology,Sparse
21825_ce32b0a0,hasStructure,Symmetric
23366_cc0bc28e,hasMaterial,Steel
23366_cc0bc28e,belongsToFamily,medium_rotor
23366_cc0bc28e,hasComplexityLevel,Medium
23366_cc0bc28e,hasTopology,Sparse
23366_cc0bc28e,hasStructure,Asymmetric
22136_a539c50b,hasMaterial,Steel
22136_a539c50b,belongsToFamily,simple_rotor
22136_a539c50b,hasComplexityLevel,Low
22136_a539c50b,hasTopology,Sparse
22136_a539c50b,hasStructure,Symmetric
20414_a33bd0d7,hasMaterial,"Steel, Mild"
20414_a33bd0d7,belongsToFamily,medium_rotor
20414_a33bd0d7,hasComplexityLevel,Medium
20414_a33bd0d7,hasTopology,Sparse
20414_a33bd0d7,hasStructure,Asymmetric
22196_0deb2e34,hasMaterial,ABS Plastic
22196_0deb2e34,belongsToFamily,medium_rotor
22196_0deb2e34,hasComplexityLevel,Medium
22196_0deb2e34,hasTopology,Moderate
22196_0deb2e34,hasStructure,Asymmetric
23273_8f301ce3,hasMaterial,"Steel, Bamboo, ABS Plastic"
23273_8f301ce3,belongsToFamily,complex_assembly
23273_8f301ce3,hasComplexityLevel,High
23273_8f301ce3,hasTopology,Dense
23273_8f301ce3,hasStructure,Symmetric
21063_037107dc,hasMaterial,Steel
21063_037107dc,belongsToFamily,high_complexity_rotor
21063_037107dc,hasComplexityLevel,High
21063_037107dc,hasTopology,Dense
21063_037107dc,hasStructure,Asymmetric
23351_6104d55d,hasMaterial,Steel
23351_6104d55d,belongsToFamily,simple_rotor
23351_6104d55d,hasComplexityLevel,Low
23351_6104d55d,hasTopology,Sparse
23351_6104d55d,hasStructure,Asymmetric
21236_b696e901,hasMaterial,"Copper, Polyurethane Foam, Steel"
21236_b696e901,belongsToFamily,complex_assembly
21236_b696e901,hasComplexityLevel,High
21236_b696e901,hasTopology,Dense
21236_b696e901,hasStructure,Asymmetric
23321_c9497b79,hasMaterial,"Steel, Glass, Cast, Clear"
23321_c9497b79,belongsToFamily,simple_rotor
23321_c9497b79,hasComplexityLevel,Low
23321_c9497b79,hasTopology,Sparse
23321_c9497b79,hasStructure,Asymmetric
21351_675c66b1,hasMaterial,"Steel, Plastic"
21351_675c66b1,belongsToFamily,complex_assembly
21351_675c66b1,hasComplexityLevel,High
21351_675c66b1,hasTopology,Dense
21351_675c66b1,hasStructure,Asymmetric
20675_66ac9773,hasMaterial,"Steel, Mild, Steel"
20675_66ac9773,belongsToFamily,high_complexity_rotor
20675_66ac9773,hasComplexityLevel,High
20675_66ac9773,hasTopology,Dense
20675_66ac9773,hasStructure,Symmetric
23238_3c864758,hasMaterial,Steel
23238_3c864758,belongsToFamily,medium_rotor
23238_3c864758,hasComplexityLevel,Medium
23238_3c864758,hasTopology,Sparse
23238_3c864758,hasStructure,Asymmetric
20193_2da4f0a0,hasMaterial,"Steel, Mild"
20193_2da4f0a0,belongsToFamily,simple_rotor
20193_2da4f0a0,hasComplexityLevel,Low
20193_2da4f0a0,hasTopology,Sparse
20193_2da4f0a0,hasStructure,Asymmetric
23473_1dfa6e40,hasMaterial,Steel
23473_1dfa6e40,belongsToFamily,medium_rotor
23473_1dfa6e40,hasComplexityLevel,Medium
23473_1dfa6e40,hasTopology,Moderate
23473_1dfa6e40,hasStructure,Asymmetric
21709_4dd88551,hasMaterial,"Acetal Resin, White, Steel, ABS Plastic"
21709_4dd88551,belongsToFamily,high_complexity_rotor
21709_4dd88551,hasComplexityLevel,High
21709_4dd88551,hasTopology,Dense
21709_4dd88551,hasStructure,Symmetric
20646_4cd14a72,hasMaterial,Steel
20646_4cd14a72,belongsToFamily,simple_rotor
20646_4cd14a72,hasComplexityLevel,Low
20646_4cd14a72,hasTopology,Sparse
20646_4cd14a72,hasStructure,Asymmetric
21588_0c48dc5f,hasMaterial,Steel
21588_0c48dc5f,belongsToFamily,simple_rotor
21588_0c48dc5f,hasComplexityLevel,Low
21588_0c48dc5f,hasTopology,Sparse
21588_0c48dc5f,hasStructure,Asymmetric
23377_690165aa,hasMaterial,Steel
23377_690165aa,belongsToFamily,high_complexity_rotor
23377_690165aa,hasComplexityLevel,High
23377_690165aa,hasTopology,Dense
23377_690165aa,hasStructure,Symmetric
23468_a0bfb573,hasMaterial,Steel
23468_a0bfb573,belongsToFamily,symmetric_rotor
23468_a0bfb573,hasComplexityLevel,Medium
23468_a0bfb573,hasTopology,Moderate
23468_a0bfb573,hasStructure,Symmetric
20468_1c33550a,hasMaterial,"Steel, Mild"
20468_1c33550a,belongsToFamily,simple_rotor
20468_1c33550a,hasComplexityLevel,Low
20468_1c33550a,hasTopology,Sparse
20468_1c33550a,hasStructure,Asymmetric
21176_b5c72bfb,hasMaterial,Wood
21176_b5c72bfb,belongsToFamily,symmetric_rotor
21176_b5c72bfb,hasComplexityLevel,Medium
21176_b5c72bfb,hasTopology,Moderate
21176_b5c72bfb,hasStructure,Symmetric
23252_ef165bed,hasMaterial,Steel
23252_ef165bed,belongsToFamily,medium_rotor
23252_ef165bed,hasComplexityLevel,Medium
23252_ef165bed,hasTopology,Moderate
23252_ef165bed,hasStructure,Asymmetric
21164_de08f61e,hasMaterial,"Copper, Titanium, Gold"
21164_de08f61e,belongsToFamily,medium_rotor
21164_de08f61e,hasComplexityLevel,Medium
21164_de08f61e,hasTopology,Moderate
21164_de08f61e,hasStructure,Asymmetric
20789_1809f41f,hasMaterial,"Wood, Aluminum"
20789_1809f41f,belongsToFamily,medium_rotor
20789_1809f41f,hasComplexityLevel,Medium
20789_1809f41f,hasTopology,Moderate
20789_1809f41f,hasStructure,Asymmetric
22197_66c5655e,hasMaterial,"ABS Plastic, Glass, Cast, Clear"
22197_66c5655e,belongsToFamily,medium_rotor
22197_66c5655e,hasComplexityLevel,Medium
22197_66c5655e,hasTopology,Moderate
22197_66c5655e,hasStructure,Asymmetric
21352_c1101acb,hasMaterial,Steel
21352_c1101acb,belongsToFamily,high_complexity_rotor
21352_c1101acb,hasComplexityLevel,High
21352_c1101acb,hasTopology,Dense
21352_c1101acb,hasStructure,Symmetric
22376_3ebc82a2,hasMaterial,Steel
22376_3ebc82a2,belongsToFamily,medium_rotor
22376_3ebc82a2,hasComplexityLevel,Medium
22376_3ebc82a2,hasTopology,Moderate
22376_3ebc82a2,hasStructure,Asymmetric
20502_58b65de9,hasMaterial,"Steel, Mild"
20502_58b65de9,belongsToFamily,symmetric_rotor
20502_58b65de9,hasComplexityLevel,Medium
20502_58b65de9,hasTopology,Moderate
20502_58b65de9,hasStructure,Symmetric
21153_a2fb81fe,hasMaterial,Steel
21153_a2fb81fe,belongsToFamily,high_complexity_rotor
21153_a2fb81fe,hasComplexityLevel,High
21153_a2fb81fe,hasTopology,Dense
21153_a2fb81fe,hasStructure,Asymmetric
20409_dafedec6,hasMaterial,Brass
20409_dafedec6,belongsToFamily,simple_rotor
20409_dafedec6,hasComplexityLevel,Low
20409_dafedec6,hasTopology,Sparse
20409_dafedec6,hasStructure,Asymmetric
21492_8bd34fc1,hasMaterial,"Steel, Wood"
21492_8bd34fc1,belongsToFamily,complex_assembly
21492_8bd34fc1,hasComplexityLevel,High
21492_8bd34fc1,hasTopology,Dense
21492_8bd34fc1,hasStructure,Symmetric
20622_38dd90d0,hasMaterial,"Steel, Mild"
20622_38dd90d0,belongsToFamily,high_complexity_rotor
20622_38dd90d0,hasComplexityLevel,High
20622_38dd90d0,hasTopology,Dense
20622_38dd90d0,hasStructure,Asymmetric
22428_c1ffa51a,hasMaterial,Steel
22428_c1ffa51a,belongsToFamily,high_complexity_rotor
22428_c1ffa51a,hasComplexityLevel,High
22428_c1ffa51a,hasTopology,Dense
22428_c1ffa51a,hasStructure,Symmetric
21047_60d69af3,hasMaterial,Steel
21047_60d69af3,belongsToFamily,simple_rotor
21047_60d69af3,hasComplexityLevel,Low
21047_60d69af3,hasTopology,Sparse
21047_60d69af3,hasStructure,Asymmetric
23215_08a54de0,hasMaterial,Steel
23215_08a54de0,belongsToFamily,simple_rotor
23215_08a54de0,hasComplexityLevel,Low
23215_08a54de0,hasTopology,Sparse
23215_08a54de0,hasStructure,Asymmetric
20680_b095cb77,hasMaterial,ABS Plastic
20680_b095cb77,belongsToFamily,symmetric_rotor
20680_b095cb77,hasComplexityLevel,Medium
20680_b095cb77,hasTopology,Moderate
20680_b095cb77,hasStructure,Symmetric
23130_7417d5b3,hasMaterial,"Titanium, Steel"
23130_7417d5b3,belongsToFamily,high_complexity_rotor
23130_7417d5b3,hasComplexityLevel,High
23130_7417d5b3,hasTopology,Dense
23130_7417d5b3,hasStructure,Asymmetric
22193_c8773ded,hasMaterial,Steel
22193_c8773ded,belongsToFamily,high_complexity_rotor
22193_c8773ded,hasComplexityLevel,High
22193_c8773ded,hasTopology,Dense
22193_c8773ded,hasStructure,Asymmetric
20735_fb18051a,hasMaterial,Steel
20735_fb18051a,belongsToFamily,medium_rotor
20735_fb18051a,hasComplexityLevel,Medium
20735_fb18051a,hasTopology,Moderate
20735_fb18051a,hasStructure,Asymmetric
20989_885bd9b9,hasMaterial,"Steel, Mild"
20989_885bd9b9,belongsToFamily,simple_rotor
20989_885bd9b9,hasComplexityLevel,Low
20989_885bd9b9,hasTopology,Sparse
20989_885bd9b9,hasStructure,Symmetric
20927_826f4b56,hasMaterial,Steel
20927_826f4b56,belongsToFamily,simple_rotor
20927_826f4b56,hasComplexityLevel,Low
20927_826f4b56,hasTopology,Sparse
20927_826f4b56,hasStructure,Asymmetric
21719_d60b8a4a,hasMaterial,Steel
21719_d60b8a4a,belongsToFamily,medium_rotor
21719_d60b8a4a,hasComplexityLevel,Medium
21719_d60b8a4a,hasTopology,Moderate
21719_d60b8a4a,hasStructure,Asymmetric
21776_fb0bfbc6,hasMaterial,Steel
21776_fb0bfbc6,belongsToFamily,simple_rotor
21776_fb0bfbc6,hasComplexityLevel,Low
21776_fb0bfbc6,hasTopology,Sparse
21776_fb0bfbc6,hasStructure,Asymmetric
23372_4cb88567,hasMaterial,Steel
23372_4cb88567,belongsToFamily,medium_rotor
23372_4cb88567,hasComplexityLevel,Medium
23372_4cb88567,hasTopology,Moderate
23372_4cb88567,hasStructure,Asymmetric
22895_4533b542,hasMaterial,Steel
22895_4533b542,belongsToFamily,simple_rotor
22895_4533b542,hasComplexityLevel,Low
22895_4533b542,hasTopology,Sparse
22895_4533b542,hasStructure,Asymmetric
20870_dedaef5b,hasMaterial,Steel
20870_dedaef5b,belongsToFamily,high_complexity_rotor
20870_dedaef5b,hasComplexityLevel,High
20870_dedaef5b,hasTopology,Dense
20870_dedaef5b,hasStructure,Asymmetric
22399_97987ada,hasMaterial,"Nylon 6/6, Steel"
22399_97987ada,belongsToFamily,symmetric_rotor
22399_97987ada,hasComplexityLevel,Medium
22399_97987ada,hasTopology,Moderate
22399_97987ada,hasStructure,Symmetric
20376_eefa9511,hasMaterial,"Steel, Mild"
20376_eefa9511,belongsToFamily,simple_rotor
20376_eefa9511,hasComplexityLevel,Low
20376_eefa9511,hasTopology,Sparse
20376_eefa9511,hasStructure,Asymmetric
22180_ce7c3bd8,hasMaterial,Steel
22180_ce7c3bd8,belongsToFamily,simple_rotor
22180_ce7c3bd8,hasComplexityLevel,Low
22180_ce7c3bd8,hasTopology,Sparse
22180_ce7c3bd8,hasStructure,Asymmetric
20421_49bd1188,hasMaterial,Generic
20421_49bd1188,belongsToFamily,medium_rotor
20421_49bd1188,hasComplexityLevel,Medium
20421_49bd1188,hasTopology,Moderate
20421_49bd1188,hasStructure,Asymmetric
20530_2246503a,hasMaterial,Steel
20530_2246503a,belongsToFamily,medium_rotor
20530_2246503a,hasComplexityLevel,Medium
20530_2246503a,hasTopology,Moderate
20530_2246503a,hasStructure,Asymmetric
20815_b3d9e6c9,hasMaterial,Steel
20815_b3d9e6c9,belongsToFamily,medium_rotor
20815_b3d9e6c9,hasComplexityLevel,Medium
20815_b3d9e6c9,hasTopology,Sparse
20815_b3d9e6c9,hasStructure,Asymmetric
21809_8bd6b10e,hasMaterial,Steel
21809_8bd6b10e,belongsToFamily,high_complexity_rotor
21809_8bd6b10e,hasComplexityLevel,High
21809_8bd6b10e,hasTopology,Dense
21809_8bd6b10e,hasStructure,Asymmetric
22210_649a5363,hasMaterial,Steel
22210_649a5363,belongsToFamily,simple_rotor
22210_649a5363,hasComplexityLevel,Low
22210_649a5363,hasTopology,Sparse
22210_649a5363,hasStructure,Asymmetric
23195_2629864e,hasMaterial,Steel
23195_2629864e,belongsToFamily,complex_assembly
23195_2629864e,hasComplexityLevel,High
23195_2629864e,hasTopology,Dense
23195_2629864e,hasStructure,Asymmetric
22827_f33929ec,hasMaterial,Steel
22827_f33929ec,belongsToFamily,high_complexity_rotor
22827_f33929ec,hasComplexityLevel,High
22827_f33929ec,hasTopology,Dense
22827_f33929ec,hasStructure,Asymmetric
20745_3e22ad07,hasMaterial,"Steel, Mild"
20745_3e22ad07,belongsToFamily,high_complexity_rotor
20745_3e22ad07,hasComplexityLevel,High
20745_3e22ad07,hasTopology,Dense
20745_3e22ad07,hasStructure,Symmetric
21779_b99623fc,hasMaterial,"Titanium, Steel"
21779_b99623fc,belongsToFamily,medium_rotor
21779_b99623fc,hasComplexityLevel,Medium
21779_b99623fc,hasTopology,Moderate
21779_b99623fc,hasStructure,Asymmetric
20212_5d1f2de1,hasMaterial,"Steel, Mild, Acetal Resin, Black, Brass"
20212_5d1f2de1,belongsToFamily,simple_rotor
20212_5d1f2de1,hasComplexityLevel,Low
20212_5d1f2de1,hasTopology,Sparse
20212_5d1f2de1,hasStructure,Asymmetric
21550_0b16151d,hasMaterial,Steel
21550_0b16151d,belongsToFamily,medium_rotor
21550_0b16151d,hasComplexityLevel,Medium
21550_0b16151d,hasTopology,Moderate
21550_0b16151d,hasStructure,Asymmetric
23209_1592b0a4,hasMaterial,Wood
23209_1592b0a4,belongsToFamily,simple_rotor
23209_1592b0a4,hasComplexityLevel,Low
23209_1592b0a4,hasTopology,Sparse
23209_1592b0a4,hasStructure,Asymmetric
22498_b8bdb105,hasMaterial,ABS Plastic
22498_b8bdb105,belongsToFamily,simple_rotor
22498_b8bdb105,hasComplexityLevel,Low
22498_b8bdb105,hasTopology,Sparse
22498_b8bdb105,hasStructure,Asymmetric
23380_abffc859,hasMaterial,Steel
23380_abffc859,belongsToFamily,medium_rotor
23380_abffc859,hasComplexityLevel,Medium
23380_abffc859,hasTopology,Moderate
23380_abffc859,hasStructure,Asymmetric
20389_c835706f,hasMaterial,Generic
20389_c835706f,belongsToFamily,medium_rotor
20389_c835706f,hasComplexityLevel,Medium
20389_c835706f,hasTopology,Moderate
20389_c835706f,hasStructure,Asymmetric
21429_6d2d3974,hasMaterial,"Steel, Rubber, Natural"
21429_6d2d3974,belongsToFamily,medium_rotor
21429_6d2d3974,hasComplexityLevel,Medium
21429_6d2d3974,hasTopology,Moderate
21429_6d2d3974,hasStructure,Asymmetric
21843_effbd24d,hasMaterial,Steel
21843_effbd24d,belongsToFamily,high_complexity_rotor
21843_effbd24d,hasComplexityLevel,High
21843_effbd24d,hasTopology,Dense
21843_effbd24d,hasStructure,Symmetric
23439_18900af2,hasMaterial,Steel
23439_18900af2,belongsToFamily,simple_rotor
23439_18900af2,hasComplexityLevel,Low
23439_18900af2,hasTopology,Sparse
23439_18900af2,hasStructure,Asymmetric
21737_87d83240,hasMaterial,Steel
21737_87d83240,belongsToFamily,medium_rotor
21737_87d83240,hasComplexityLevel,Medium
21737_87d83240,hasTopology,Sparse
21737_87d83240,hasStructure,Asymmetric
21496_f4025ad5,hasMaterial,Steel
21496_f4025ad5,belongsToFamily,medium_rotor
21496_f4025ad5,hasComplexityLevel,Medium
21496_f4025ad5,hasTopology,Moderate
21496_f4025ad5,hasStructure,Asymmetric
22053_de30641b,hasMaterial,Steel
22053_de30641b,belongsToFamily,simple_rotor
22053_de30641b,hasComplexityLevel,Low
22053_de30641b,hasTopology,Sparse
22053_de30641b,hasStructure,Asymmetric
22891_b8c84495,hasMaterial,Steel
22891_b8c84495,belongsToFamily,simple_rotor
22891_b8c84495,hasComplexityLevel,Low
22891_b8c84495,hasTopology,Sparse
22891_b8c84495,hasStructure,Asymmetric
21390_4d1e2d9c,hasMaterial,Steel
21390_4d1e2d9c,belongsToFamily,medium_rotor
21390_4d1e2d9c,hasComplexityLevel,Medium
21390_4d1e2d9c,hasTopology,Moderate
21390_4d1e2d9c,hasStructure,Asymmetric
22378_234fea2c,hasMaterial,Steel
22378_234fea2c,belongsToFamily,simple_rotor
22378_234fea2c,hasComplexityLevel,Low
22378_234fea2c,hasTopology,Sparse
22378_234fea2c,hasStructure,Asymmetric
22659_0e686e14,hasMaterial,Steel
22659_0e686e14,belongsToFamily,symmetric_rotor
22659_0e686e14,hasComplexityLevel,Medium
22659_0e686e14,hasTopology,Moderate
22659_0e686e14,hasStructure,Symmetric
22304_33009be6,hasMaterial,Steel
22304_33009be6,belongsToFamily,simple_rotor
22304_33009be6,hasComplexityLevel,Low
22304_33009be6,hasTopology,Sparse
22304_33009be6,hasStructure,Symmetric
20765_99d0665e,hasMaterial,Steel
20765_99d0665e,belongsToFamily,high_complexity_rotor
20765_99d0665e,hasComplexityLevel,High
20765_99d0665e,hasTopology,Dense
20765_99d0665e,hasStructure,Asymmetric
23422_f214bd4d,hasMaterial,"Wood, Steel, ABS Plastic"
23422_f214bd4d,belongsToFamily,complex_assembly
23422_f214bd4d,hasComplexityLevel,High
23422_f214bd4d,hasTopology,Dense
23422_f214bd4d,hasStructure,Asymmetric
23343_f000bdae,hasMaterial,"Steel, Glass, Cast, Clear"
23343_f000bdae,belongsToFamily,simple_rotor
23343_f000bdae,hasComplexityLevel,Low
23343_f000bdae,hasTopology,Sparse
23343_f000bdae,hasStructure,Asymmetric
23161_e7f63a9f,hasMaterial,Steel
23161_e7f63a9f,belongsToFamily,high_complexity_rotor
23161_e7f63a9f,hasComplexityLevel,High
23161_e7f63a9f,hasTopology,Moderate
23161_e7f63a9f,hasStructure,Asymmetric
22011_0832eefe,hasMaterial,"Steel, Iron, Cast"
22011_0832eefe,belongsToFamily,medium_rotor
22011_0832eefe,hasComplexityLevel,Medium
22011_0832eefe,hasTopology,Moderate
22011_0832eefe,hasStructure,Asymmetric
22214_b098105d,hasMaterial,Steel
22214_b098105d,belongsToFamily,simple_rotor
22214_b098105d,hasComplexityLevel,Low
22214_b098105d,hasTopology,Sparse
22214_b098105d,hasStructure,Asymmetric
22046_fe3bae6e,hasMaterial,"Wood, Steel, ABS Plastic"
22046_fe3bae6e,belongsToFamily,medium_rotor
22046_fe3bae6e,hasComplexityLevel,Medium
22046_fe3bae6e,hasTopology,Moderate
22046_fe3bae6e,hasStructure,Asymmetric
23204_ff1672a9,hasMaterial,Steel
23204_ff1672a9,belongsToFamily,complex_assembly
23204_ff1672a9,hasComplexityLevel,High
23204_ff1672a9,hasTopology,Dense
23204_ff1672a9,hasStructure,Asymmetric
21529_93e51dd9,hasMaterial,Stainless Steel
21529_93e51dd9,belongsToFamily,medium_rotor
21529_93e51dd9,hasComplexityLevel,Medium
21529_93e51dd9,hasTopology,Moderate
21529_93e51dd9,hasStructure,Asymmetric
20429_419c4cdd,hasMaterial,"Steel, Mild"
20429_419c4cdd,belongsToFamily,simple_rotor
20429_419c4cdd,hasComplexityLevel,Low
20429_419c4cdd,hasTopology,Sparse
20429_419c4cdd,hasStructure,Symmetric
20241_8c0d3f83,hasMaterial,"Steel, Mild"
20241_8c0d3f83,belongsToFamily,simple_rotor
20241_8c0d3f83,hasComplexityLevel,Low
20241_8c0d3f83,hasTopology,Sparse
20241_8c0d3f83,hasStructure,Asymmetric
20440_27177360,hasMaterial,Wood
20440_27177360,belongsToFamily,medium_rotor
20440_27177360,hasComplexityLevel,Medium
20440_27177360,hasTopology,Moderate
20440_27177360,hasStructure,Asymmetric
20554_abcb705e,hasMaterial,"Steel, Aluminum"
20554_abcb705e,belongsToFamily,medium_rotor
20554_abcb705e,hasComplexityLevel,Medium
20554_abcb705e,hasTopology,Moderate
20554_abcb705e,hasStructure,Asymmetric
22135_2aa77ff2,hasMaterial,Steel
22135_2aa77ff2,belongsToFamily,simple_rotor
22135_2aa77ff2,hasComplexityLevel,Low
22135_2aa77ff2,hasTopology,Sparse
22135_2aa77ff2,hasStructure,Asymmetric
21204_96d26a7f,hasMaterial,Steel
21204_96d26a7f,belongsToFamily,high_complexity_rotor
21204_96d26a7f,hasComplexityLevel,High
21204_96d26a7f,hasTopology,Dense
21204_96d26a7f,hasStructure,Symmetric
22259_613f9d44,hasMaterial,Steel
22259_613f9d44,belongsToFamily,symmetric_rotor
22259_613f9d44,hasComplexityLevel,Medium
22259_613f9d44,hasTopology,Moderate
22259_613f9d44,hasStructure,Symmetric
20520_7e357152,hasMaterial,Generic
20520_7e357152,belongsToFamily,medium_rotor
20520_7e357152,hasComplexityLevel,Medium
20520_7e357152,hasTopology,Moderate
20520_7e357152,hasStructure,Asymmetric
20802_802b7d69,hasMaterial,"Steel, Rubber, Natural"
20802_802b7d69,belongsToFamily,simple_rotor
20802_802b7d69,hasComplexityLevel,Low
20802_802b7d69,hasTopology,Sparse
20802_802b7d69,hasStructure,Asymmetric
20392_8b23d193,hasMaterial,"Steel, Mild"
20392_8b23d193,belongsToFamily,simple_rotor
20392_8b23d193,hasComplexityLevel,Low
20392_8b23d193,hasTopology,Sparse
20392_8b23d193,hasStructure,Asymmetric
22178_976d2411,hasMaterial,Steel
22178_976d2411,belongsToFamily,simple_rotor
22178_976d2411,hasComplexityLevel,Low
22178_976d2411,hasTopology,Sparse
22178_976d2411,hasStructure,Asymmetric
22710_77324fc2,hasMaterial,Steel
22710_77324fc2,belongsToFamily,medium_rotor
22710_77324fc2,hasComplexityLevel,Medium
22710_77324fc2,hasTopology,Moderate
22710_77324fc2,hasStructure,Asymmetric
20245_f1b25d43,hasMaterial,"Steel, Mild"
20245_f1b25d43,belongsToFamily,high_complexity_rotor
20245_f1b25d43,hasComplexityLevel,High
20245_f1b25d43,hasTopology,Dense
20245_f1b25d43,hasStructure,Symmetric
22617_a286f13c,hasMaterial,Steel
22617_a286f13c,belongsToFamily,medium_rotor
22617_a286f13c,hasComplexityLevel,Medium
22617_a286f13c,hasTopology,Moderate
22617_a286f13c,hasStructure,Asymmetric
23233_ac09e2e5,hasMaterial,Steel
23233_ac09e2e5,belongsToFamily,high_complexity_rotor
23233_ac09e2e5,hasComplexityLevel,High
23233_ac09e2e5,hasTopology,Dense
23233_ac09e2e5,hasStructure,Symmetric
21469_abec26c4,hasMaterial,"Steel, Brass"
21469_abec26c4,belongsToFamily,simple_rotor
21469_abec26c4,hasComplexityLevel,Low
21469_abec26c4,hasTopology,Sparse
21469_abec26c4,hasStructure,Asymmetric
22413_901f5867,hasMaterial,Steel
22413_901f5867,belongsToFamily,complex_assembly
22413_901f5867,hasComplexityLevel,High
22413_901f5867,hasTopology,Dense
22413_901f5867,hasStructure,Asymmetric
22061_b50b6b66,hasMaterial,"Steel, Iron, Cast"
22061_b50b6b66,belongsToFamily,medium_rotor
22061_b50b6b66,hasComplexityLevel,Medium
22061_b50b6b66,hasTopology,Sparse
22061_b50b6b66,hasStructure,Asymmetric
23475_b14d1dc8,hasMaterial,Steel
23475_b14d1dc8,belongsToFamily,medium_rotor
23475_b14d1dc8,hasComplexityLevel,Medium
23475_b14d1dc8,hasTopology,Moderate
23475_b14d1dc8,hasStructure,Asymmetric
20787_ed64ff5e,hasMaterial,"Steel, Mild, Steel, Paint Finish, Ivory, Glossy, Generic"
20787_ed64ff5e,belongsToFamily,complex_assembly
20787_ed64ff5e,hasComplexityLevel,High
20787_ed64ff5e,hasTopology,Dense
20787_ed64ff5e,hasStructure,Asymmetric
20746_57a7b346,hasMaterial,Steel
20746_57a7b346,belongsToFamily,high_complexity_rotor
20746_57a7b346,hasComplexityLevel,High
20746_57a7b346,hasTopology,Dense
20746_57a7b346,hasStructure,Asymmetric
23219_40625e2c,hasMaterial,Wood
23219_40625e2c,belongsToFamily,simple_rotor
23219_40625e2c,hasComplexityLevel,Low
23219_40625e2c,hasTopology,Sparse
23219_40625e2c,hasStructure,Asymmetric
22311_553b3456,hasMaterial,Steel
22311_553b3456,belongsToFamily,symmetric_rotor
22311_553b3456,hasComplexityLevel,Medium
22311_553b3456,hasTopology,Moderate
22311_553b3456,hasStructure,Symmetric
22017_6d3be48d,hasMaterial,Steel
22017_6d3be48d,belongsToFamily,medium_rotor
22017_6d3be48d,hasComplexityLevel,Medium
22017_6d3be48d,hasTopology,Moderate
22017_6d3be48d,hasStructure,Asymmetric
21091_bbf490e7,hasMaterial,Steel
21091_bbf490e7,belongsToFamily,medium_rotor
21091_bbf490e7,hasComplexityLevel,Medium
21091_bbf490e7,hasTopology,Moderate
21091_bbf490e7,hasStructure,Asymmetric
23480_3f7a8d50,hasMaterial,Steel
23480_3f7a8d50,belongsToFamily,medium_rotor
23480_3f7a8d50,hasComplexityLevel,Medium
23480_3f7a8d50,hasTopology,Moderate
23480_3f7a8d50,hasStructure,Asymmetric
20814_5a2be0fb,hasMaterial,"Acrylic, Clear, Bamboo"
20814_5a2be0fb,belongsToFamily,simple_rotor
20814_5a2be0fb,hasComplexityLevel,Low
20814_5a2be0fb,hasTopology,Sparse
20814_5a2be0fb,hasStructure,Asymmetric
22654_4c426b0f,hasMaterial,"Acetal Resin, White, Steel, ABS Plastic"
22654_4c426b0f,belongsToFamily,symmetric_rotor
22654_4c426b0f,hasComplexityLevel,Medium
22654_4c426b0f,hasTopology,Moderate
22654_4c426b0f,hasStructure,Symmetric
21594_428d32af,hasMaterial,"Steel, Bamboo, Glass, Cast, Clear"
21594_428d32af,belongsToFamily,medium_rotor
21594_428d32af,hasComplexityLevel,Medium
21594_428d32af,hasTopology,Moderate
21594_428d32af,hasStructure,Asymmetric
22270_c6999138,hasMaterial,Steel
22270_c6999138,belongsToFamily,simple_rotor
22270_c6999138,hasComplexityLevel,Low
22270_c6999138,hasTopology,Sparse
22270_c6999138,hasStructure,Asymmetric
21062_c4ed6d45,hasMaterial,Steel
21062_c4ed6d45,belongsToFamily,simple_rotor
21062_c4ed6d45,hasComplexityLevel,Low
21062_c4ed6d45,hasTopology,Sparse
21062_c4ed6d45,hasStructure,Asymmetric
21816_3891a442,hasMaterial,Steel
21816_3891a442,belongsToFamily,medium_rotor
21816_3891a442,hasComplexityLevel,Medium
21816_3891a442,hasTopology,Moderate
21816_3891a442,hasStructure,Asymmetric
21912_3f74887c,hasMaterial,"Steel, Phenolic Resin, Wood"
21912_3f74887c,belongsToFamily,medium_rotor
21912_3f74887c,hasComplexityLevel,Medium
21912_3f74887c,hasTopology,Moderate
21912_3f74887c,hasStructure,Asymmetric
22577_cd96733e,hasMaterial,Steel
22577_cd96733e,belongsToFamily,medium_rotor
22577_cd96733e,hasComplexityLevel,Medium
22577_cd96733e,hasTopology,Moderate
22577_cd96733e,hasStructure,Asymmetric
21590_7d092186,hasMaterial,"Steel, Stainless Steel, Wood"
21590_7d092186,belongsToFamily,medium_rotor
21590_7d092186,hasComplexityLevel,Medium
21590_7d092186,hasTopology,Moderate
21590_7d092186,hasStructure,Asymmetric
21647_6b6cca6f,hasMaterial,"Steel, Paper"
21647_6b6cca6f,belongsToFamily,complex_assembly
21647_6b6cca6f,hasComplexityLevel,High
21647_6b6cca6f,hasTopology,Dense
21647_6b6cca6f,hasStructure,Symmetric
20342_c140780b,hasMaterial,"Steel, Mild"
20342_c140780b,belongsToFamily,simple_rotor
20342_c140780b,hasComplexityLevel,Low
20342_c140780b,hasTopology,Sparse
20342_c140780b,hasStructure,Asymmetric
21982_bdafa78d,hasMaterial,Steel
21982_bdafa78d,belongsToFamily,symmetric_rotor
21982_bdafa78d,hasComplexityLevel,Medium
21982_bdafa78d,hasTopology,Moderate
21982_bdafa78d,hasStructure,Symmetric
20232_e5b060d9,hasMaterial,"Steel, Mild, Stainless Steel, 440C, Acetal Resin, Black"
20232_e5b060d9,belongsToFamily,simple_rotor
20232_e5b060d9,hasComplexityLevel,Low
20232_e5b060d9,hasTopology,Sparse
20232_e5b060d9,hasStructure,Asymmetric
22852_dc1dbed6,hasMaterial,Steel
22852_dc1dbed6,belongsToFamily,medium_rotor
22852_dc1dbed6,hasComplexityLevel,Medium
22852_dc1dbed6,hasTopology,Moderate
22852_dc1dbed6,hasStructure,Asymmetric
22666_bdaa1303,hasMaterial,"Bronze, Steel, Aluminum"
22666_bdaa1303,belongsToFamily,medium_rotor
22666_bdaa1303,hasComplexityLevel,Medium
22666_bdaa1303,hasTopology,Moderate
22666_bdaa1303,hasStructure,Asymmetric
21977_ce9f4e71,hasMaterial,Steel
21977_ce9f4e71,belongsToFamily,high_complexity_rotor
21977_ce9f4e71,hasComplexityLevel,High
21977_ce9f4e71,hasTopology,Dense
21977_ce9f4e71,hasStructure,Symmetric
22404_66db7dd7,hasMaterial,"Steel, ABS Plastic, Brass"
22404_66db7dd7,belongsToFamily,complex_assembly
22404_66db7dd7,hasComplexityLevel,High
22404_66db7dd7,hasTopology,Dense
22404_66db7dd7,hasStructure,Asymmetric
22374_aa5bb54d,hasMaterial,Steel
22374_aa5bb54d,belongsToFamily,simple_rotor
22374_aa5bb54d,hasComplexityLevel,Low
22374_aa5bb54d,hasTopology,Sparse
22374_aa5bb54d,hasStructure,Asymmetric
22907_ff18dbd5,hasMaterial,Steel
22907_ff18dbd5,belongsToFamily,simple_rotor
22907_ff18dbd5,hasComplexityLevel,Low
22907_ff18dbd5,hasTopology,Sparse
22907_ff18dbd5,hasStructure,Asymmetric
20801_0796e2ee,hasMaterial,Steel
20801_0796e2ee,belongsToFamily,simple_rotor
20801_0796e2ee,hasComplexityLevel,Low
20801_0796e2ee,hasTopology,Sparse
20801_0796e2ee,hasStructure,Asymmetric
22045_ead71aca,hasMaterial,Steel
22045_ead71aca,belongsToFamily,medium_rotor
22045_ead71aca,hasComplexityLevel,Medium
22045_ead71aca,hasTopology,Moderate
22045_ead71aca,hasStructure,Asymmetric
23339_87a4d11f,hasMaterial,Steel
23339_87a4d11f,belongsToFamily,simple_rotor
23339_87a4d11f,hasComplexityLevel,Low
23339_87a4d11f,hasTopology,Sparse
23339_87a4d11f,hasStructure,Asymmetric
22095_af226cbc,hasMaterial,Steel
22095_af226cbc,belongsToFamily,symmetric_rotor
22095_af226cbc,hasComplexityLevel,Medium
22095_af226cbc,hasTopology,Moderate
22095_af226cbc,hasStructure,Symmetric
23442_28996649,hasMaterial,Steel
23442_28996649,belongsToFamily,simple_rotor
23442_28996649,hasComplexityLevel,Low
23442_28996649,hasTopology,Sparse
23442_28996649,hasStructure,Asymmetric
23028_2ca87745,hasMaterial,Steel
23028_2ca87745,belongsToFamily,medium_rotor
23028_2ca87745,hasComplexityLevel,Medium
23028_2ca87745,hasTopology,Moderate
23028_2ca87745,hasStructure,Asymmetric
21573_31a18ad0,hasMaterial,Steel
21573_31a18ad0,belongsToFamily,simple_rotor
21573_31a18ad0,hasComplexityLevel,Low
21573_31a18ad0,hasTopology,Sparse
21573_31a18ad0,hasStructure,Asymmetric
20592_573e41b2,hasMaterial,Steel
20592_573e41b2,belongsToFamily,medium_rotor
20592_573e41b2,hasComplexityLevel,Medium
20592_573e41b2,hasTopology,Moderate
20592_573e41b2,hasStructure,Asymmetric
22899_5b97e4f5,hasMaterial,Steel
22899_5b97e4f5,belongsToFamily,simple_rotor
22899_5b97e4f5,hasComplexityLevel,Low
22899_5b97e4f5,hasTopology,Sparse
22899_5b97e4f5,hasStructure,Asymmetric
22062_2d6b3b72,hasMaterial,Steel
22062_2d6b3b72,belongsToFamily,medium_rotor
22062_2d6b3b72,hasComplexityLevel,Medium
22062_2d6b3b72,hasTopology,Sparse
22062_2d6b3b72,hasStructure,Asymmetric
22040_6461a147,hasMaterial,"Steel, Iron, Cast"
22040_6461a147,belongsToFamily,medium_rotor
22040_6461a147,hasComplexityLevel,Medium
22040_6461a147,hasTopology,Moderate
22040_6461a147,hasStructure,Asymmetric
20293_a1999339,hasMaterial,"Steel, Mild"
20293_a1999339,belongsToFamily,high_complexity_rotor
20293_a1999339,hasComplexityLevel,High
20293_a1999339,hasTopology,Dense
20293_a1999339,hasStructure,Asymmetric
22910_97f0cc18,hasMaterial,Steel
22910_97f0cc18,belongsToFamily,high_complexity_rotor
22910_97f0cc18,hasComplexityLevel,High
22910_97f0cc18,hasTopology,Dense
22910_97f0cc18,hasStructure,Asymmetric
20934_fe7fbd78,hasMaterial,"Titanium, Steel"
20934_fe7fbd78,belongsToFamily,simple_rotor
20934_fe7fbd78,hasComplexityLevel,Low
20934_fe7fbd78,hasTopology,Sparse
20934_fe7fbd78,hasStructure,Asymmetric
23379_636204a6,hasMaterial,Steel
23379_636204a6,belongsToFamily,medium_rotor
23379_636204a6,hasComplexityLevel,Medium
23379_636204a6,hasTopology,Moderate
23379_636204a6,hasStructure,Asymmetric
20803_473c87ac,hasMaterial,Steel
20803_473c87ac,belongsToFamily,simple_rotor
20803_473c87ac,hasComplexityLevel,Low
20803_473c87ac,hasTopology,Sparse
20803_473c87ac,hasStructure,Asymmetric
22323_aa6edb8b,hasMaterial,"Steel, Stainless Steel, Iron, Cast"
22323_aa6edb8b,belongsToFamily,medium_rotor
22323_aa6edb8b,hasComplexityLevel,Medium
22323_aa6edb8b,hasTopology,Moderate
22323_aa6edb8b,hasStructure,Asymmetric
22242_4ceddc2b,hasMaterial,Steel
22242_4ceddc2b,belongsToFamily,complex_assembly
22242_4ceddc2b,hasComplexityLevel,High
22242_4ceddc2b,hasTopology,Moderate
22242_4ceddc2b,hasStructure,Asymmetric
23271_f833d903,hasMaterial,Steel
23271_f833d903,belongsToFamily,complex_assembly
23271_f833d903,hasComplexityLevel,High
23271_f833d903,hasTopology,Dense
23271_f833d903,hasStructure,Asymmetric
23121_cbdf3ebc,hasMaterial,Steel
23121_cbdf3ebc,belongsToFamily,medium_rotor
23121_cbdf3ebc,hasComplexityLevel,Medium
23121_cbdf3ebc,hasTopology,Moderate
23121_cbdf3ebc,hasStructure,Asymmetric
21519_3e869afd,hasMaterial,"Steel, Mild, Brass"
21519_3e869afd,belongsToFamily,high_complexity_rotor
21519_3e869afd,hasComplexityLevel,High
21519_3e869afd,hasTopology,Dense
21519_3e869afd,hasStructure,Asymmetric
23008_3d1bb7b2,hasMaterial,Steel
23008_3d1bb7b2,belongsToFamily,medium_rotor
23008_3d1bb7b2,hasComplexityLevel,Medium
23008_3d1bb7b2,hasTopology,Moderate
23008_3d1bb7b2,hasStructure,Asymmetric
20500_e88d8065,hasMaterial,"Steel, Mild"
20500_e88d8065,belongsToFamily,high_complexity_rotor
20500_e88d8065,hasComplexityLevel,High
20500_e88d8065,hasTopology,Dense
20500_e88d8065,hasStructure,Asymmetric
22155_ab18f2b6,hasMaterial,Steel
22155_ab18f2b6,belongsToFamily,symmetric_rotor
22155_ab18f2b6,hasComplexityLevel,Medium
22155_ab18f2b6,hasTopology,Moderate
22155_ab18f2b6,hasStructure,Symmetric
20430_975b8dcf,hasMaterial,"Steel, Mild, Copper, Generic"
20430_975b8dcf,belongsToFamily,high_complexity_rotor
20430_975b8dcf,hasComplexityLevel,High
20430_975b8dcf,hasTopology,Dense
20430_975b8dcf,hasStructure,Asymmetric
20647_cea2e07c,hasMaterial,Steel
20647_cea2e07c,belongsToFamily,simple_rotor
20647_cea2e07c,hasComplexityLevel,Low
20647_cea2e07c,hasTopology,Sparse
20647_cea2e07c,hasStructure,Asymmetric
22894_5f7c276d,hasMaterial,Steel
22894_5f7c276d,belongsToFamily,high_complexity_rotor
22894_5f7c276d,hasComplexityLevel,High
22894_5f7c276d,hasTopology,Dense
22894_5f7c276d,hasStructure,Symmetric
23440_5956321f,hasMaterial,Steel
23440_5956321f,belongsToFamily,simple_rotor
23440_5956321f,hasComplexityLevel,Low
23440_5956321f,hasTopology,Sparse
23440_5956321f,hasStructure,Asymmetric
22508_6bb410af,hasMaterial,Steel
22508_6bb410af,belongsToFamily,simple_rotor
22508_6bb410af,hasComplexityLevel,Low
22508_6bb410af,hasTopology,Sparse
22508_6bb410af,hasStructure,Symmetric
21549_18160a0a,hasMaterial,Steel
21549_18160a0a,belongsToFamily,medium_rotor
21549_18160a0a,hasComplexityLevel,Medium
21549_18160a0a,hasTopology,Moderate
21549_18160a0a,hasStructure,Asymmetric
21941_1a683ec2,hasMaterial,"Copper, Bronze, Wood"
21941_1a683ec2,belongsToFamily,complex_assembly
21941_1a683ec2,hasComplexityLevel,High
21941_1a683ec2,hasTopology,Moderate
21941_1a683ec2,hasStructure,Asymmetric
22761_ca309655,hasMaterial,Steel
22761_ca309655,belongsToFamily,symmetric_rotor
22761_ca309655,hasComplexityLevel,Medium
22761_ca309655,hasTopology,Moderate
22761_ca309655,hasStructure,Symmetric
23221_42f37ae3,hasMaterial,Steel
23221_42f37ae3,belongsToFamily,symmetric_rotor
23221_42f37ae3,hasComplexityLevel,Medium
23221_42f37ae3,hasTopology,Moderate
23221_42f37ae3,hasStructure,Symmetric
22360_42cd6a21,hasMaterial,Steel
22360_42cd6a21,belongsToFamily,high_complexity_rotor
22360_42cd6a21,hasComplexityLevel,High
22360_42cd6a21,hasTopology,Dense
22360_42cd6a21,hasStructure,Symmetric
21140_8d150c65,hasMaterial,Steel
21140_8d150c65,belongsToFamily,simple_rotor
21140_8d150c65,hasComplexityLevel,Low
21140_8d150c65,hasTopology,Sparse
21140_8d150c65,hasStructure,Asymmetric
22232_cb53774e,hasMaterial,"Titanium, Rubber, Natural, Rubber, Silicone"
22232_cb53774e,belongsToFamily,medium_rotor
22232_cb53774e,hasComplexityLevel,Medium
22232_cb53774e,hasTopology,Moderate
22232_cb53774e,hasStructure,Asymmetric
23331_192866b6,hasMaterial,Steel
23331_192866b6,belongsToFamily,medium_rotor
23331_192866b6,hasComplexityLevel,Medium
23331_192866b6,hasTopology,Moderate
23331_192866b6,hasStructure,Asymmetric
23378_8d6426ae,hasMaterial,Steel
23378_8d6426ae,belongsToFamily,high_complexity_rotor
23378_8d6426ae,hasComplexityLevel,High
23378_8d6426ae,hasTopology,Dense
23378_8d6426ae,hasStructure,Symmetric
23505_161e8ec5,hasMaterial,Steel
23505_161e8ec5,belongsToFamily,medium_rotor
23505_161e8ec5,hasComplexityLevel,Medium
23505_161e8ec5,hasTopology,Moderate
23505_161e8ec5,hasStructure,Asymmetric
23239_ba13cf5e,hasMaterial,Steel
23239_ba13cf5e,belongsToFamily,simple_rotor
23239_ba13cf5e,hasComplexityLevel,Low
23239_ba13cf5e,hasTopology,Sparse
23239_ba13cf5e,hasStructure,Asymmetric
23251_3eb3d2e6,hasMaterial,Steel
23251_3eb3d2e6,belongsToFamily,high_complexity_rotor
23251_3eb3d2e6,hasComplexityLevel,High
23251_3eb3d2e6,hasTopology,Dense
23251_3eb3d2e6,hasStructure,Asymmetric
21133_f9a1614e,hasMaterial,Steel
21133_f9a1614e,belongsToFamily,symmetric_rotor
21133_f9a1614e,hasComplexityLevel,Medium
21133_f9a1614e,hasTopology,Moderate
21133_f9a1614e,hasStructure,Symmetric
22081_ab3124af,hasMaterial,Steel
22081_ab3124af,belongsToFamily,high_complexity_rotor
22081_ab3124af,hasComplexityLevel,High
22081_ab3124af,hasTopology,Dense
22081_ab3124af,hasStructure,Asymmetric
21275_c8049742,hasMaterial,Steel
21275_c8049742,belongsToFamily,medium_rotor
21275_c8049742,hasComplexityLevel,Medium
21275_c8049742,hasTopology,Moderate
21275_c8049742,hasStructure,Asymmetric
21961_1a090a8b,hasMaterial,Steel
21961_1a090a8b,belongsToFamily,symmetric_rotor
21961_1a090a8b,hasComplexityLevel,Medium
21961_1a090a8b,hasTopology,Moderate
21961_1a090a8b,hasStructure,Symmetric
22056_79373464,hasMaterial,Steel
22056_79373464,belongsToFamily,complex_assembly
22056_79373464,hasComplexityLevel,High
22056_79373464,hasTopology,Dense
22056_79373464,hasStructure,Asymmetric
22843_cb38a007,hasMaterial,Steel
22843_cb38a007,belongsToFamily,simple_rotor
22843_cb38a007,hasComplexityLevel,Low
22843_cb38a007,hasTopology,Sparse
22843_cb38a007,hasStructure,Asymmetric
21121_1e9e7540,hasMaterial,Steel
21121_1e9e7540,belongsToFamily,high_complexity_rotor
21121_1e9e7540,hasComplexityLevel,High
21121_1e9e7540,hasTopology,Dense
21121_1e9e7540,hasStructure,Symmetric
21182_a480d230,hasMaterial,Steel
21182_a480d230,belongsToFamily,high_complexity_rotor
21182_a480d230,hasComplexityLevel,High
21182_a480d230,hasTopology,Dense
21182_a480d230,hasStructure,Symmetric
22418_2722dfe8,hasMaterial,"Steel, Mild, Acetal Resin, Black, Brass, Soft Yellow"
22418_2722dfe8,belongsToFamily,medium_rotor
22418_2722dfe8,hasComplexityLevel,Medium
22418_2722dfe8,hasTopology,Moderate
22418_2722dfe8,hasStructure,Asymmetric
21357_9edfc0a0,hasMaterial,Steel
21357_9edfc0a0,belongsToFamily,simple_rotor
21357_9edfc0a0,hasComplexityLevel,Low
21357_9edfc0a0,hasTopology,Sparse
21357_9edfc0a0,hasStructure,Asymmetric
21185_ac5324ba,hasMaterial,Steel
21185_ac5324ba,belongsToFamily,medium_rotor
21185_ac5324ba,hasComplexityLevel,Medium
21185_ac5324ba,hasTopology,Sparse
21185_ac5324ba,hasStructure,Asymmetric
23156_7788f78a,hasMaterial,Steel
23156_7788f78a,belongsToFamily,high_complexity_rotor
23156_7788f78a,hasComplexityLevel,High
23156_7788f78a,hasTopology,Moderate
23156_7788f78a,hasStructure,Asymmetric
23162_7e2f3d77,hasMaterial,Steel
23162_7e2f3d77,belongsToFamily,complex_assembly
23162_7e2f3d77,hasComplexityLevel,High
23162_7e2f3d77,hasTopology,Dense
23162_7e2f3d77,hasStructure,Asymmetric
21838_5bc448b4,hasMaterial,Steel
21838_5bc448b4,belongsToFamily,high_complexity_rotor
21838_5bc448b4,hasComplexityLevel,High
21838_5bc448b4,hasTopology,Dense
21838_5bc448b4,hasStructure,Symmetric
20688_955aae0c,hasMaterial,"Steel, Mild, Steel"
20688_955aae0c,belongsToFamily,medium_rotor
20688_955aae0c,hasComplexityLevel,Medium
20688_955aae0c,hasTopology,Moderate
20688_955aae0c,hasStructure,Asymmetric
20419_8ce893b6,hasMaterial,"Steel, Mild, Copper"
20419_8ce893b6,belongsToFamily,symmetric_rotor
20419_8ce893b6,hasComplexityLevel,Medium
20419_8ce893b6,hasTopology,Moderate
20419_8ce893b6,hasStructure,Symmetric
23495_6366269c,hasMaterial,Steel
23495_6366269c,belongsToFamily,high_complexity_rotor
23495_6366269c,hasComplexityLevel,High
23495_6366269c,hasTopology,Dense
23495_6366269c,hasStructure,Asymmetric
22334_677d00e0,hasMaterial,"Aluminum 6061, Steel, Glass"
22334_677d00e0,belongsToFamily,medium_rotor
22334_677d00e0,hasComplexityLevel,Medium
22334_677d00e0,hasTopology,Moderate
22334_677d00e0,hasStructure,Asymmetric
20643_71ad3d26,hasMaterial,Steel
20643_71ad3d26,belongsToFamily,high_complexity_rotor
20643_71ad3d26,hasComplexityLevel,High
20643_71ad3d26,hasTopology,Dense
20643_71ad3d26,hasStructure,Symmetric
22839_113f2990,hasMaterial,Steel
22839_113f2990,belongsToFamily,simple_rotor
22839_113f2990,hasComplexityLevel,Low
22839_113f2990,hasTopology,Sparse
22839_113f2990,hasStructure,Asymmetric
20804_0dcacc66,hasMaterial,Steel
20804_0dcacc66,belongsToFamily,simple_rotor
20804_0dcacc66,hasComplexityLevel,Low
20804_0dcacc66,hasTopology,Sparse
20804_0dcacc66,hasStructure,Asymmetric
21353_4686c90c,hasMaterial,Steel
21353_4686c90c,belongsToFamily,simple_rotor
21353_4686c90c,hasComplexityLevel,Low
21353_4686c90c,hasTopology,Sparse
21353_4686c90c,hasStructure,Asymmetric
23236_d5867507,hasMaterial,Wood
23236_d5867507,belongsToFamily,simple_rotor
23236_d5867507,hasComplexityLevel,Low
23236_d5867507,hasTopology,Sparse
23236_d5867507,hasStructure,Asymmetric
22070_fd1b8e5e,hasMaterial,Steel
22070_fd1b8e5e,belongsToFamily,high_complexity_rotor
22070_fd1b8e5e,hasComplexityLevel,High
22070_fd1b8e5e,hasTopology,Dense
22070_fd1b8e5e,hasStructure,Symmetric
20899_a8d7c6d5,hasMaterial,"Steel, Mild"
20899_a8d7c6d5,belongsToFamily,medium_rotor
20899_a8d7c6d5,hasComplexityLevel,Medium
20899_a8d7c6d5,hasTopology,Moderate
20899_a8d7c6d5,hasStructure,Asymmetric
22415_658c81dd,hasMaterial,"Phenolic Resin, Steel"
22415_658c81dd,belongsToFamily,complex_assembly
22415_658c81dd,hasComplexityLevel,High
22415_658c81dd,hasTopology,Dense
22415_658c81dd,hasStructure,Symmetric
20551_ff28a959,hasMaterial,Steel
20551_ff28a959,belongsToFamily,simple_rotor
20551_ff28a959,hasComplexityLevel,Low
20551_ff28a959,hasTopology,Sparse
20551_ff28a959,hasStructure,Symmetric
23434_6635ed57,hasMaterial,Steel
23434_6635ed57,belongsToFamily,medium_rotor
23434_6635ed57,hasComplexityLevel,Medium
23434_6635ed57,hasTopology,Moderate
23434_6635ed57,hasStructure,Asymmetric
23320_e0711ae9,hasMaterial,Steel
23320_e0711ae9,belongsToFamily,symmetric_rotor
23320_e0711ae9,hasComplexityLevel,Medium
23320_e0711ae9,hasTopology,Moderate
23320_e0711ae9,hasStructure,Symmetric
20892_b1f89c8d,hasMaterial,Steel
20892_b1f89c8d,belongsToFamily,medium_rotor
20892_b1f89c8d,hasComplexityLevel,Medium
20892_b1f89c8d,hasTopology,Moderate
20892_b1f89c8d,hasStructure,Asymmetric
21761_fdb5f86d,hasMaterial,Steel
21761_fdb5f86d,belongsToFamily,simple_rotor
21761_fdb5f86d,hasComplexityLevel,Low
21761_fdb5f86d,hasTopology,Sparse
21761_fdb5f86d,hasStructure,Asymmetric
22778_7d85debd,hasMaterial,"Steel, Iron, Cast"
22778_7d85debd,belongsToFamily,medium_rotor
22778_7d85debd,hasComplexityLevel,Medium
22778_7d85debd,hasTopology,Moderate
22778_7d85debd,hasStructure,Asymmetric
20958_94222947,hasMaterial,Aluminum
20958_94222947,belongsToFamily,simple_rotor
20958_94222947,hasComplexityLevel,Low
20958_94222947,hasTopology,Sparse
20958_94222947,hasStructure,Asymmetric
23006_92c5b990,hasMaterial,Steel
23006_92c5b990,belongsToFamily,simple_rotor
23006_92c5b990,hasComplexityLevel,Low
23006_92c5b990,hasTopology,Sparse
23006_92c5b990,hasStructure,Asymmetric
20705_ac2a0325,hasMaterial,Steel
20705_ac2a0325,belongsToFamily,simple_rotor
20705_ac2a0325,hasComplexityLevel,Low
20705_ac2a0325,hasTopology,Sparse
20705_ac2a0325,hasStructure,Asymmetric
22919_3ee91d1a,hasMaterial,"Nylon 6/6, Steel, Aluminum"
22919_3ee91d1a,belongsToFamily,medium_rotor
22919_3ee91d1a,hasComplexityLevel,Medium
22919_3ee91d1a,hasTopology,Moderate
22919_3ee91d1a,hasStructure,Asymmetric
23342_7193a931,hasMaterial,"Steel, Stainless Steel, Brass"
23342_7193a931,belongsToFamily,simple_rotor
23342_7193a931,hasComplexityLevel,Low
23342_7193a931,hasTopology,Sparse
23342_7193a931,hasStructure,Asymmetric
21563_c72d37a2,hasMaterial,Steel
21563_c72d37a2,belongsToFamily,medium_rotor
21563_c72d37a2,hasComplexityLevel,Medium
21563_c72d37a2,hasTopology,Moderate
21563_c72d37a2,hasStructure,Asymmetric
23214_0c411aa1,hasMaterial,Steel
23214_0c411aa1,belongsToFamily,medium_rotor
23214_0c411aa1,hasComplexityLevel,Medium
23214_0c411aa1,hasTopology,Moderate
23214_0c411aa1,hasStructure,Asymmetric
21619_19435db0,hasMaterial,Steel
21619_19435db0,belongsToFamily,simple_rotor
21619_19435db0,hasComplexityLevel,Low
21619_19435db0,hasTopology,Sparse
21619_19435db0,hasStructure,Asymmetric
22900_09de4c7a,hasMaterial,Steel
22900_09de4c7a,belongsToFamily,high_complexity_rotor
22900_09de4c7a,hasComplexityLevel,High
22900_09de4c7a,hasTopology,Dense
22900_09de4c7a,hasStructure,Asymmetric
21570_9cb1d1c4,hasMaterial,"Bronze, Gold, Brass"
21570_9cb1d1c4,belongsToFamily,simple_rotor
21570_9cb1d1c4,hasComplexityLevel,Low
21570_9cb1d1c4,hasTopology,Sparse
21570_9cb1d1c4,hasStructure,Asymmetric
21051_5d118b91,hasMaterial,Steel
21051_5d118b91,belongsToFamily,simple_rotor
21051_5d118b91,hasComplexityLevel,Low
21051_5d118b91,hasTopology,Sparse
21051_5d118b91,hasStructure,Asymmetric
21614_5d6afa62,hasMaterial,Steel
21614_5d6afa62,belongsToFamily,simple_rotor
21614_5d6afa62,hasComplexityLevel,Low
21614_5d6afa62,hasTopology,Sparse
21614_5d6afa62,hasStructure,Asymmetric
21974_1997ebc3,hasMaterial,Steel
21974_1997ebc3,belongsToFamily,medium_rotor
21974_1997ebc3,hasComplexityLevel,Medium
21974_1997ebc3,hasTopology,Moderate
21974_1997ebc3,hasStructure,Asymmetric
22652_dc7405ef,hasMaterial,"Steel, ABS Plastic, Brass"
22652_dc7405ef,belongsToFamily,high_complexity_rotor
22652_dc7405ef,hasComplexityLevel,High
22652_dc7405ef,hasTopology,Dense
22652_dc7405ef,hasStructure,Symmetric
20341_6a1588fb,hasMaterial,"Aluminum, Anodized Red, Rubber, Silicone"
20341_6a1588fb,belongsToFamily,simple_rotor
20341_6a1588fb,hasComplexityLevel,Low
20341_6a1588fb,hasTopology,Sparse
20341_6a1588fb,hasStructure,Asymmetric
21426_51651a10,hasMaterial,Steel
21426_51651a10,belongsToFamily,simple_rotor
21426_51651a10,hasComplexityLevel,Low
21426_51651a10,hasTopology,Sparse
21426_51651a10,hasStructure,Asymmetric
22298_51433023,hasMaterial,Steel
22298_51433023,belongsToFamily,complex_assembly
22298_51433023,hasComplexityLevel,High
22298_51433023,hasTopology,Dense
22298_51433023,hasStructure,Asymmetric
22491_a33562ad,hasMaterial,Steel
22491_a33562ad,belongsToFamily,complex_assembly
22491_a33562ad,hasComplexityLevel,High
22491_a33562ad,hasTopology,Dense
22491_a33562ad,hasStructure,Asymmetric
20421_0fd51709,hasMaterial,Generic
20421_0fd51709,belongsToFamily,high_complexity_rotor
20421_0fd51709,hasComplexityLevel,High
20421_0fd51709,hasTopology,Dense
20421_0fd51709,hasStructure,Symmetric
23136_2b469508,hasMaterial,"Acrylic, Clear, Steel, Aluminum"
23136_2b469508,belongsToFamily,simple_rotor
23136_2b469508,hasComplexityLevel,Low
23136_2b469508,hasTopology,Sparse
23136_2b469508,hasStructure,Asymmetric
23168_7fdf5427,hasMaterial,Steel
23168_7fdf5427,belongsToFamily,high_complexity_rotor
23168_7fdf5427,hasComplexityLevel,High
23168_7fdf5427,hasTopology,Dense
23168_7fdf5427,hasStructure,Symmetric
20841_1620ae7d,hasMaterial,Steel
20841_1620ae7d,belongsToFamily,simple_rotor
20841_1620ae7d,hasComplexityLevel,Low
20841_1620ae7d,hasTopology,Sparse
20841_1620ae7d,hasStructure,Asymmetric
20216_89b90993,hasMaterial,"Steel, Mild"
20216_89b90993,belongsToFamily,simple_rotor
20216_89b90993,hasComplexityLevel,Low
20216_89b90993,hasTopology,Sparse
20216_89b90993,hasStructure,Symmetric
20157_db99ab88,hasMaterial,"Steel, Mild"
20157_db99ab88,belongsToFamily,medium_rotor
20157_db99ab88,hasComplexityLevel,Medium
20157_db99ab88,hasTopology,Sparse
20157_db99ab88,hasStructure,Asymmetric
21329_1bfecd1d,hasMaterial,Aluminum
21329_1bfecd1d,belongsToFamily,high_complexity_rotor
21329_1bfecd1d,hasComplexityLevel,High
21329_1bfecd1d,hasTopology,Dense
21329_1bfecd1d,hasStructure,Symmetric
23403_e539620b,hasMaterial,Steel
23403_e539620b,belongsToFamily,simple_rotor
23403_e539620b,hasComplexityLevel,Low
23403_e539620b,hasTopology,Sparse
23403_e539620b,hasStructure,Asymmetric
22074_c0265b0d,hasMaterial,Steel
22074_c0265b0d,belongsToFamily,medium_rotor
22074_c0265b0d,hasComplexityLevel,Medium
22074_c0265b0d,hasTopology,Sparse
22074_c0265b0d,hasStructure,Asymmetric
21281_6e562106,hasMaterial,Steel
21281_6e562106,belongsToFamily,medium_rotor
21281_6e562106,hasComplexityLevel,Medium
21281_6e562106,hasTopology,Moderate
21281_6e562106,hasStructure,Asymmetric
21793_4ad5e2c0,hasMaterial,Steel
21793_4ad5e2c0,belongsToFamily,simple_rotor
21793_4ad5e2c0,hasComplexityLevel,Low
21793_4ad5e2c0,hasTopology,Sparse
21793_4ad5e2c0,hasStructure,Asymmetric
20319_9f53cd7c,hasMaterial,"Steel, Mild, Leather, Dark Brown, Rubber, Nitrile"
20319_9f53cd7c,belongsToFamily,medium_rotor
20319_9f53cd7c,hasComplexityLevel,Medium
20319_9f53cd7c,hasTopology,Moderate
20319_9f53cd7c,hasStructure,Asymmetric
23387_c4aa9424,hasMaterial,Steel
23387_c4aa9424,belongsToFamily,simple_rotor
23387_c4aa9424,hasComplexityLevel,Low
23387_c4aa9424,hasTopology,Sparse
23387_c4aa9424,hasStructure,Asymmetric
22892_68138f24,hasMaterial,Steel
22892_68138f24,belongsToFamily,symmetric_rotor
22892_68138f24,hasComplexityLevel,Medium
22892_68138f24,hasTopology,Moderate
22892_68138f24,hasStructure,Symmetric
21300_ec7da33e,hasMaterial,Steel
21300_ec7da33e,belongsToFamily,high_complexity_rotor
21300_ec7da33e,hasComplexityLevel,High
21300_ec7da33e,hasTopology,Dense
21300_ec7da33e,hasStructure,Symmetric
21805_2ba39d00,hasMaterial,Steel
21805_2ba39d00,belongsToFamily,high_complexity_rotor
21805_2ba39d00,hasComplexityLevel,High
21805_2ba39d00,hasTopology,Dense
21805_2ba39d00,hasStructure,Symmetric
22442_7d5c5d5f,hasMaterial,Steel
22442_7d5c5d5f,belongsToFamily,high_complexity_rotor
22442_7d5c5d5f,hasComplexityLevel,High
22442_7d5c5d5f,hasTopology,Dense
22442_7d5c5d5f,hasStructure,Asymmetric
21009_907a2a95,hasMaterial,Steel
21009_907a2a95,belongsToFamily,medium_rotor
21009_907a2a95,hasComplexityLevel,Medium
21009_907a2a95,hasTopology,Moderate
21009_907a2a95,hasStructure,Asymmetric
21806_616e985a,hasMaterial,Steel
21806_616e985a,belongsToFamily,simple_rotor
21806_616e985a,hasComplexityLevel,Low
21806_616e985a,hasTopology,Sparse
21806_616e985a,hasStructure,Asymmetric
21352_d60bc953,hasMaterial,"Steel, Mild, Steel"
21352_d60bc953,belongsToFamily,complex_assembly
21352_d60bc953,hasComplexityLevel,High
21352_d60bc953,hasTopology,Dense
21352_d60bc953,hasStructure,Asymmetric
22886_a6331748,hasMaterial,Steel
22886_a6331748,belongsToFamily,symmetric_rotor
22886_a6331748,hasComplexityLevel,Medium
22886_a6331748,hasTopology,Moderate
22886_a6331748,hasStructure,Symmetric
22142_7891a26a,hasMaterial,Steel
22142_7891a26a,belongsToFamily,simple_rotor
22142_7891a26a,hasComplexityLevel,Low
22142_7891a26a,hasTopology,Sparse
22142_7891a26a,hasStructure,Asymmetric
22331_152ee5c0,hasMaterial,Aluminum
22331_152ee5c0,belongsToFamily,high_complexity_rotor
22331_152ee5c0,hasComplexityLevel,High
22331_152ee5c0,hasTopology,Dense
22331_152ee5c0,hasStructure,Symmetric
23128_cb135b1b,hasMaterial,Steel
23128_cb135b1b,belongsToFamily,medium_rotor
23128_cb135b1b,hasComplexityLevel,Medium
23128_cb135b1b,hasTopology,Moderate
23128_cb135b1b,hasStructure,Asymmetric
22653_58d6287d,hasMaterial,Steel
22653_58d6287d,belongsToFamily,simple_rotor
22653_58d6287d,hasComplexityLevel,Low
22653_58d6287d,hasTopology,Sparse
22653_58d6287d,hasStructure,Asymmetric
23368_648717d8,hasMaterial,"Phenolic Resin, Copper, Steel"
23368_648717d8,belongsToFamily,medium_rotor
23368_648717d8,hasComplexityLevel,Medium
23368_648717d8,hasTopology,Moderate
23368_648717d8,hasStructure,Asymmetric
23501_6c48b3c1,hasMaterial,"Steel, Palladium"
23501_6c48b3c1,belongsToFamily,medium_rotor
23501_6c48b3c1,hasComplexityLevel,Medium
23501_6c48b3c1,hasTopology,Moderate
23501_6c48b3c1,hasStructure,Asymmetric
21024_9be3d461,hasMaterial,Steel
21024_9be3d461,belongsToFamily,high_complexity_rotor
21024_9be3d461,hasComplexityLevel,High
21024_9be3d461,hasTopology,Dense
21024_9be3d461,hasStructure,Asymmetric
19566_19d85d3b,hasMaterial,"Steel, Mild, ABS Plastic"
19566_19d85d3b,belongsToFamily,high_complexity_rotor
19566_19d85d3b,hasComplexityLevel,High
19566_19d85d3b,hasTopology,Dense
19566_19d85d3b,hasStructure,Asymmetric
22134_5e72e871,hasMaterial,Steel
22134_5e72e871,belongsToFamily,medium_rotor
22134_5e72e871,hasComplexityLevel,Medium
22134_5e72e871,hasTopology,Moderate
22134_5e72e871,hasStructure,Asymmetric
22706_58a933f4,hasMaterial,Steel
22706_58a933f4,belongsToFamily,symmetric_rotor
22706_58a933f4,hasComplexityLevel,Medium
22706_58a933f4,hasTopology,Moderate
22706_58a933f4,hasStructure,Symmetric
20823_f144e996,hasMaterial,Steel
20823_f144e996,belongsToFamily,medium_rotor
20823_f144e996,hasComplexityLevel,Medium
20823_f144e996,hasTopology,Moderate
20823_f144e996,hasStructure,Asymmetric
23406_1d36b046,hasMaterial,Steel
23406_1d36b046,belongsToFamily,simple_rotor
23406_1d36b046,hasComplexityLevel,Low
23406_1d36b046,hasTopology,Sparse
23406_1d36b046,hasStructure,Asymmetric
22717_08784417,hasMaterial,Steel
22717_08784417,belongsToFamily,complex_assembly
22717_08784417,hasComplexityLevel,High
22717_08784417,hasTopology,Dense
22717_08784417,hasStructure,Symmetric
23414_f7d4a688,hasMaterial,"Plastic, Glass, Cast, Clear"
23414_f7d4a688,belongsToFamily,medium_rotor
23414_f7d4a688,hasComplexityLevel,Medium
23414_f7d4a688,hasTopology,Moderate
23414_f7d4a688,hasStructure,Asymmetric
21692_777db9e2,hasMaterial,"Steel, Rubber, Silicone"
21692_777db9e2,belongsToFamily,symmetric_rotor
21692_777db9e2,hasComplexityLevel,Medium
21692_777db9e2,hasTopology,Moderate
21692_777db9e2,hasStructure,Symmetric
20792_d2ea0500,hasMaterial,Aluminum
20792_d2ea0500,belongsToFamily,symmetric_rotor
20792_d2ea0500,hasComplexityLevel,Medium
20792_d2ea0500,hasTopology,Sparse
20792_d2ea0500,hasStructure,Symmetric
20926_4c0f33f6,hasMaterial,"Wood, Glass, Cast, Clear"
20926_4c0f33f6,belongsToFamily,symmetric_rotor
20926_4c0f33f6,hasComplexityLevel,Medium
20926_4c0f33f6,hasTopology,Moderate
20926_4c0f33f6,hasStructure,Symmetric
21248_0a862e3e,hasMaterial,Steel
21248_0a862e3e,belongsToFamily,symmetric_rotor
21248_0a862e3e,hasComplexityLevel,Medium
21248_0a862e3e,hasTopology,Moderate
21248_0a862e3e,hasStructure,Symmetric
22365_a4eb929c,hasMaterial,Steel
22365_a4eb929c,belongsToFamily,symmetric_rotor
22365_a4eb929c,hasComplexityLevel,Medium
22365_a4eb929c,hasTopology,Moderate
22365_a4eb929c,hasStructure,Symmetric
22257_6fb4c50c,hasMaterial,Steel
22257_6fb4c50c,belongsToFamily,simple_rotor
22257_6fb4c50c,hasComplexityLevel,Low
22257_6fb4c50c,hasTopology,Sparse
22257_6fb4c50c,hasStructure,Asymmetric
20674_2fb6cabd,hasMaterial,Steel
20674_2fb6cabd,belongsToFamily,simple_rotor
20674_2fb6cabd,hasComplexityLevel,Low
20674_2fb6cabd,hasTopology,Sparse
20674_2fb6cabd,hasStructure,Asymmetric
22028_776fbf0d,hasMaterial,Steel
22028_776fbf0d,belongsToFamily,complex_assembly
22028_776fbf0d,hasComplexityLevel,High
22028_776fbf0d,hasTopology,Dense
22028_776fbf0d,hasStructure,Symmetric
23036_7f9d143f,hasMaterial,"Steel, Platinum"
23036_7f9d143f,belongsToFamily,medium_rotor
23036_7f9d143f,hasComplexityLevel,Medium
23036_7f9d143f,hasTopology,Moderate
23036_7f9d143f,hasStructure,Asymmetric
20743_c8ea8159,hasMaterial,Steel
20743_c8ea8159,belongsToFamily,medium_rotor
20743_c8ea8159,hasComplexityLevel,Medium
20743_c8ea8159,hasTopology,Moderate
20743_c8ea8159,hasStructure,Asymmetric
22668_9c30f6c0,hasMaterial,Steel
22668_9c30f6c0,belongsToFamily,simple_rotor
22668_9c30f6c0,hasComplexityLevel,Low
22668_9c30f6c0,hasTopology,Sparse
22668_9c30f6c0,hasStructure,Asymmetric
22266_078a1f68,hasMaterial,Polystyrene
22266_078a1f68,belongsToFamily,medium_rotor
22266_078a1f68,hasComplexityLevel,Medium
22266_078a1f68,hasTopology,Moderate
22266_078a1f68,hasStructure,Asymmetric
21882_795be793,hasMaterial,Steel
21882_795be793,belongsToFamily,simple_rotor
21882_795be793,hasComplexityLevel,Low
21882_795be793,hasTopology,Sparse
21882_795be793,hasStructure,Asymmetric
21601_360ce1c7,hasMaterial,Steel
21601_360ce1c7,belongsToFamily,medium_rotor
21601_360ce1c7,hasComplexityLevel,Medium
21601_360ce1c7,hasTopology,Moderate
21601_360ce1c7,hasStructure,Asymmetric
23102_211ad1db,hasMaterial,Steel
23102_211ad1db,belongsToFamily,symmetric_rotor
23102_211ad1db,hasComplexityLevel,Medium
23102_211ad1db,hasTopology,Moderate
23102_211ad1db,hasStructure,Symmetric
21092_32622a83,hasMaterial,"Steel, Bamboo"
21092_32622a83,belongsToFamily,medium_rotor
21092_32622a83,hasComplexityLevel,Medium
21092_32622a83,hasTopology,Moderate
21092_32622a83,hasStructure,Asymmetric
23039_b3d04774,hasMaterial,Bamboo
23039_b3d04774,belongsToFamily,simple_rotor
23039_b3d04774,hasComplexityLevel,Low
23039_b3d04774,hasTopology,Sparse
23039_b3d04774,hasStructure,Asymmetric
23132_1847c4ef,hasMaterial,Steel
23132_1847c4ef,belongsToFamily,medium_rotor
23132_1847c4ef,hasComplexityLevel,Medium
23132_1847c4ef,hasTopology,Moderate
23132_1847c4ef,hasStructure,Asymmetric
19810_f77c5501,hasMaterial,"Steel, Mild"
19810_f77c5501,belongsToFamily,medium_rotor
19810_f77c5501,hasComplexityLevel,Medium
19810_f77c5501,hasTopology,Moderate
19810_f77c5501,hasStructure,Asymmetric
20385_f2d30908,hasMaterial,"Aluminum 6061, Glass"
20385_f2d30908,belongsToFamily,simple_rotor
20385_f2d30908,hasComplexityLevel,Low
20385_f2d30908,hasTopology,Sparse
20385_f2d30908,hasStructure,Asymmetric
22727_c514268a,hasMaterial,"Wood, Gold, Bamboo"
22727_c514268a,belongsToFamily,medium_rotor
22727_c514268a,hasComplexityLevel,Medium
22727_c514268a,hasTopology,Moderate
22727_c514268a,hasStructure,Asymmetric
22278_12f1fb79,hasMaterial,Steel
22278_12f1fb79,belongsToFamily,high_complexity_rotor
22278_12f1fb79,hasComplexityLevel,High
22278_12f1fb79,hasTopology,Dense
22278_12f1fb79,hasStructure,Symmetric
21599_80057f94,hasMaterial,"Steel, Glass, Cast, Clear"
21599_80057f94,belongsToFamily,simple_rotor
21599_80057f94,hasComplexityLevel,Low
21599_80057f94,hasTopology,Sparse
21599_80057f94,hasStructure,Asymmetric
23226_8d1b5098,hasMaterial,Steel
23226_8d1b5098,belongsToFamily,complex_assembly
23226_8d1b5098,hasComplexityLevel,High
23226_8d1b5098,hasTopology,Dense
23226_8d1b5098,hasStructure,Asymmetric
21292_f94bd96b,hasMaterial,Aluminum 6061
21292_f94bd96b,belongsToFamily,medium_rotor
21292_f94bd96b,hasComplexityLevel,Medium
21292_f94bd96b,hasTopology,Moderate
21292_f94bd96b,hasStructure,Asymmetric
23502_5a80f907,hasMaterial,"Steel, Glass, Cast, Clear"
23502_5a80f907,belongsToFamily,medium_rotor
23502_5a80f907,hasComplexityLevel,Medium
23502_5a80f907,hasTopology,Moderate
23502_5a80f907,hasStructure,Asymmetric
23144_88ca00a5,hasMaterial,Steel
23144_88ca00a5,belongsToFamily,complex_assembly
23144_88ca00a5,hasComplexityLevel,High
23144_88ca00a5,hasTopology,Dense
23144_88ca00a5,hasStructure,Asymmetric
23048_8a1a5553,hasMaterial,Steel
23048_8a1a5553,belongsToFamily,high_complexity_rotor
23048_8a1a5553,hasComplexityLevel,High
23048_8a1a5553,hasTopology,Dense
23048_8a1a5553,hasStructure,Asymmetric
20278_d442e77d,hasMaterial,"Steel, Mild, Wood, Aluminum, Anodized Blue"
20278_d442e77d,belongsToFamily,medium_rotor
20278_d442e77d,hasComplexityLevel,Medium
20278_d442e77d,hasTopology,Moderate
20278_d442e77d,hasStructure,Asymmetric
21202_e452c491,hasMaterial,"Steel, Mild"
21202_e452c491,belongsToFamily,medium_rotor
21202_e452c491,hasComplexityLevel,Medium
21202_e452c491,hasTopology,Moderate
21202_e452c491,hasStructure,Asymmetric
23026_e6f08109,hasMaterial,"Titanium, Steel"
23026_e6f08109,belongsToFamily,medium_rotor
23026_e6f08109,hasComplexityLevel,Medium
23026_e6f08109,hasTopology,Moderate
23026_e6f08109,hasStructure,Asymmetric
20822_5bb36119,hasMaterial,Steel
20822_5bb36119,belongsToFamily,simple_rotor
20822_5bb36119,hasComplexityLevel,Low
20822_5bb36119,hasTopology,Sparse
20822_5bb36119,hasStructure,Symmetric
22405_20f11d58,hasMaterial,Steel
22405_20f11d58,belongsToFamily,high_complexity_rotor
22405_20f11d58,hasComplexityLevel,High
22405_20f11d58,hasTopology,Dense
22405_20f11d58,hasStructure,Asymmetric
20188_98b86c0f,hasMaterial,ABS Plastic
20188_98b86c0f,belongsToFamily,simple_rotor
20188_98b86c0f,hasComplexityLevel,Low
20188_98b86c0f,hasTopology,Sparse
20188_98b86c0f,hasStructure,Asymmetric
20349_a12428da,hasMaterial,"Steel, Mild, Wood"
20349_a12428da,belongsToFamily,medium_rotor
20349_a12428da,hasComplexityLevel,Medium
20349_a12428da,hasTopology,Moderate
20349_a12428da,hasStructure,Asymmetric
21244_24c3ce72,hasMaterial,"Steel, Mild, Stainless Steel, 440C, rubber, Black"
21244_24c3ce72,belongsToFamily,complex_assembly
21244_24c3ce72,hasComplexityLevel,High
21244_24c3ce72,hasTopology,Dense
21244_24c3ce72,hasStructure,Asymmetric
21274_2fb8c3f5,hasMaterial,Steel
21274_2fb8c3f5,belongsToFamily,simple_rotor
21274_2fb8c3f5,hasComplexityLevel,Low
21274_2fb8c3f5,hasTopology,Sparse
21274_2fb8c3f5,hasStructure,Asymmetric
20898_5f5b9bc7,hasMaterial,Steel
20898_5f5b9bc7,belongsToFamily,simple_rotor
20898_5f5b9bc7,hasComplexityLevel,Low
20898_5f5b9bc7,hasTopology,Sparse
20898_5f5b9bc7,hasStructure,Asymmetric
22440_014f1bac,hasMaterial,Steel
22440_014f1bac,belongsToFamily,medium_rotor
22440_014f1bac,hasComplexityLevel,Medium
22440_014f1bac,hasTopology,Moderate
22440_014f1bac,hasStructure,Asymmetric
22199_8ec9eeb2,hasMaterial,"Steel, Aluminum"
22199_8ec9eeb2,belongsToFamily,medium_rotor
22199_8ec9eeb2,hasComplexityLevel,Medium
22199_8ec9eeb2,hasTopology,Moderate
22199_8ec9eeb2,hasStructure,Asymmetric
22729_232da678,hasMaterial,Steel
22729_232da678,belongsToFamily,medium_rotor
22729_232da678,hasComplexityLevel,Medium
22729_232da678,hasTopology,Moderate
22729_232da678,hasStructure,Asymmetric
20636_ca9eb29a,hasMaterial,"Steel, Wood"
20636_ca9eb29a,belongsToFamily,high_complexity_rotor
20636_ca9eb29a,hasComplexityLevel,High
20636_ca9eb29a,hasTopology,Dense
20636_ca9eb29a,hasStructure,Asymmetric
21611_1d3ff1b6,hasMaterial,Steel
21611_1d3ff1b6,belongsToFamily,simple_rotor
21611_1d3ff1b6,hasComplexityLevel,Low
21611_1d3ff1b6,hasTopology,Sparse
21611_1d3ff1b6,hasStructure,Asymmetric
22125_e3a4cad4,hasMaterial,Steel
22125_e3a4cad4,belongsToFamily,complex_assembly
22125_e3a4cad4,hasComplexityLevel,High
22125_e3a4cad4,hasTopology,Dense
22125_e3a4cad4,hasStructure,Symmetric
21979_29f59427,hasMaterial,Aluminum
21979_29f59427,belongsToFamily,high_complexity_rotor
21979_29f59427,hasComplexityLevel,High
21979_29f59427,hasTopology,Dense
21979_29f59427,hasStructure,Asymmetric
21048_75cc125c,hasMaterial,Steel
21048_75cc125c,belongsToFamily,medium_rotor
21048_75cc125c,hasComplexityLevel,Medium
21048_75cc125c,hasTopology,Sparse
21048_75cc125c,hasStructure,Asymmetric
21831_54ca67d1,hasMaterial,Steel
21831_54ca67d1,belongsToFamily,symmetric_rotor
21831_54ca67d1,hasComplexityLevel,Medium
21831_54ca67d1,hasTopology,Moderate
21831_54ca67d1,hasStructure,Symmetric
22586_ff3651b2,hasMaterial,Steel
22586_ff3651b2,belongsToFamily,medium_rotor
22586_ff3651b2,hasComplexityLevel,Medium
22586_ff3651b2,hasTopology,Moderate
22586_ff3651b2,hasStructure,Asymmetric
21422_b2a6bf27,hasMaterial,Silver
21422_b2a6bf27,belongsToFamily,simple_rotor
21422_b2a6bf27,hasComplexityLevel,Low
21422_b2a6bf27,hasTopology,Sparse
21422_b2a6bf27,hasStructure,Asymmetric
23259_d655fcc1,hasMaterial,Steel
23259_d655fcc1,belongsToFamily,symmetric_rotor
23259_d655fcc1,hasComplexityLevel,Medium
23259_d655fcc1,hasTopology,Moderate
23259_d655fcc1,hasStructure,Symmetric
21497_9833a679,hasMaterial,Steel
21497_9833a679,belongsToFamily,symmetric_rotor
21497_9833a679,hasComplexityLevel,Medium
21497_9833a679,hasTopology,Moderate
21497_9833a679,hasStructure,Symmetric
22245_ca848576,hasMaterial,Steel
22245_ca848576,belongsToFamily,symmetric_rotor
22245_ca848576,hasComplexityLevel,Medium
22245_ca848576,hasTopology,Moderate
22245_ca848576,hasStructure,Symmetric
21848_0fff9631,hasMaterial,Steel
21848_0fff9631,belongsToFamily,simple_rotor
21848_0fff9631,hasComplexityLevel,Low
21848_0fff9631,hasTopology,Sparse
21848_0fff9631,hasStructure,Asymmetric
20731_fbdc7731,hasMaterial,Steel
20731_fbdc7731,belongsToFamily,simple_rotor
20731_fbdc7731,hasComplexityLevel,Low
20731_fbdc7731,hasTopology,Sparse
20731_fbdc7731,hasStructure,Symmetric
21015_10304cb9,hasMaterial,Steel
21015_10304cb9,belongsToFamily,simple_rotor
21015_10304cb9,hasComplexityLevel,Low
21015_10304cb9,hasTopology,Sparse
21015_10304cb9,hasStructure,Asymmetric
23210_f535bfd2,hasMaterial,Wood
23210_f535bfd2,belongsToFamily,simple_rotor
23210_f535bfd2,hasComplexityLevel,Low
23210_f535bfd2,hasTopology,Sparse
23210_f535bfd2,hasStructure,Asymmetric
22784_bcace961,hasMaterial,"Steel, Brass"
22784_bcace961,belongsToFamily,medium_rotor
22784_bcace961,hasComplexityLevel,Medium
22784_bcace961,hasTopology,Moderate
22784_bcace961,hasStructure,Asymmetric
22630_b6010fff,hasMaterial,"Steel, Aluminum"
22630_b6010fff,belongsToFamily,medium_rotor
22630_b6010fff,hasComplexityLevel,Medium
22630_b6010fff,hasTopology,Moderate
22630_b6010fff,hasStructure,Asymmetric
20755_4b5e61bf,hasMaterial,"Polystyrene, Phenolic Resin, Steel"
20755_4b5e61bf,belongsToFamily,medium_rotor
20755_4b5e61bf,hasComplexityLevel,Medium
20755_4b5e61bf,hasTopology,Moderate
20755_4b5e61bf,hasStructure,Asymmetric
23002_4d53fb3f,hasMaterial,Steel
23002_4d53fb3f,belongsToFamily,high_complexity_rotor
23002_4d53fb3f,hasComplexityLevel,High
23002_4d53fb3f,hasTopology,Dense
23002_4d53fb3f,hasStructure,Asymmetric
20291_42287610,hasMaterial,"Steel, Mild"
20291_42287610,belongsToFamily,simple_rotor
20291_42287610,hasComplexityLevel,Low
20291_42287610,hasTopology,Sparse
20291_42287610,hasStructure,Asymmetric
23245_ccd099b6,hasMaterial,Wood
23245_ccd099b6,belongsToFamily,medium_rotor
23245_ccd099b6,hasComplexityLevel,Medium
23245_ccd099b6,hasTopology,Sparse
23245_ccd099b6,hasStructure,Asymmetric
21580_b8b2571b,hasMaterial,Steel
21580_b8b2571b,belongsToFamily,high_complexity_rotor
21580_b8b2571b,hasComplexityLevel,High
21580_b8b2571b,hasTopology,Dense
21580_b8b2571b,hasStructure,Asymmetric
21365_ab403591,hasMaterial,Steel
21365_ab403591,belongsToFamily,medium_rotor
21365_ab403591,hasComplexityLevel,Medium
21365_ab403591,hasTopology,Moderate
21365_ab403591,hasStructure,Asymmetric
22014_5880c417,hasMaterial,Steel
22014_5880c417,belongsToFamily,simple_rotor
22014_5880c417,hasComplexityLevel,Low
22014_5880c417,hasTopology,Sparse
22014_5880c417,hasStructure,Asymmetric
21630_316322ff,hasMaterial,Steel
21630_316322ff,belongsToFamily,simple_rotor
21630_316322ff,hasComplexityLevel,Low
21630_316322ff,hasTopology,Sparse
21630_316322ff,hasStructure,Asymmetric
22349_6f67a96e,hasMaterial,Steel
22349_6f67a96e,belongsToFamily,simple_rotor
22349_6f67a96e,hasComplexityLevel,Low
22349_6f67a96e,hasTopology,Sparse
22349_6f67a96e,hasStructure,Asymmetric
21316_69ed56f5,hasMaterial,"Steel, Mild"
21316_69ed56f5,belongsToFamily,complex_assembly
21316_69ed56f5,hasComplexityLevel,High
21316_69ed56f5,hasTopology,Dense
21316_69ed56f5,hasStructure,Symmetric
20281_a29f9a18,hasMaterial,"Steel, Mild"
20281_a29f9a18,belongsToFamily,medium_rotor
20281_a29f9a18,hasComplexityLevel,Medium
20281_a29f9a18,hasTopology,Moderate
20281_a29f9a18,hasStructure,Asymmetric
21243_3ec5d732,hasMaterial,Steel
21243_3ec5d732,belongsToFamily,simple_rotor
21243_3ec5d732,hasComplexityLevel,Low
21243_3ec5d732,hasTopology,Sparse
21243_3ec5d732,hasStructure,Asymmetric
21545_4384f96e,hasMaterial,"ABS Plastic, Rubber, Natural, Stainless Steel"
21545_4384f96e,belongsToFamily,complex_assembly
21545_4384f96e,hasComplexityLevel,High
21545_4384f96e,hasTopology,Dense
21545_4384f96e,hasStructure,Asymmetric
23258_87a2ba81,hasMaterial,"Steel, Rubber, Natural, Glass, Cast, Clear"
23258_87a2ba81,belongsToFamily,high_complexity_rotor
23258_87a2ba81,hasComplexityLevel,High
23258_87a2ba81,hasTopology,Dense
23258_87a2ba81,hasStructure,Symmetric
21839_a8eb6d34,hasMaterial,Steel
21839_a8eb6d34,belongsToFamily,high_complexity_rotor
21839_a8eb6d34,hasComplexityLevel,High
21839_a8eb6d34,hasTopology,Dense
21839_a8eb6d34,hasStructure,Symmetric
23123_f35404c4,hasMaterial,Steel
23123_f35404c4,belongsToFamily,complex_assembly
23123_f35404c4,hasComplexityLevel,High
23123_f35404c4,hasTopology,Dense
23123_f35404c4,hasStructure,Asymmetric
21425_d0d47a2a,hasMaterial,Steel
21425_d0d47a2a,belongsToFamily,high_complexity_rotor
21425_d0d47a2a,hasComplexityLevel,High
21425_d0d47a2a,hasTopology,Dense
21425_d0d47a2a,hasStructure,Asymmetric
22419_dfeb5d33,hasMaterial,Steel
22419_dfeb5d33,belongsToFamily,high_complexity_rotor
22419_dfeb5d33,hasComplexityLevel,High
22419_dfeb5d33,hasTopology,Dense
22419_dfeb5d33,hasStructure,Symmetric
21986_67c5509a,hasMaterial,"Steel, Aluminum, Brass"
21986_67c5509a,belongsToFamily,complex_assembly
21986_67c5509a,hasComplexityLevel,High
21986_67c5509a,hasTopology,Dense
21986_67c5509a,hasStructure,Asymmetric
21035_d308c5c4,hasMaterial,Steel
21035_d308c5c4,belongsToFamily,medium_rotor
21035_d308c5c4,hasComplexityLevel,Medium
21035_d308c5c4,hasTopology,Moderate
21035_d308c5c4,hasStructure,Asymmetric
21859_35124f79,hasMaterial,Steel
21859_35124f79,belongsToFamily,complex_assembly
21859_35124f79,hasComplexityLevel,High
21859_35124f79,hasTopology,Dense
21859_35124f79,hasStructure,Asymmetric
22421_19401bdd,hasMaterial,Steel
22421_19401bdd,belongsToFamily,high_complexity_rotor
22421_19401bdd,hasComplexityLevel,High
22421_19401bdd,hasTopology,Dense
22421_19401bdd,hasStructure,Symmetric
22787_49022c32,hasMaterial,"Copper, Steel, ABS Plastic"
22787_49022c32,belongsToFamily,complex_assembly
22787_49022c32,hasComplexityLevel,High
22787_49022c32,hasTopology,Dense
22787_49022c32,hasStructure,Asymmetric
23103_66470b7e,hasMaterial,Steel
23103_66470b7e,belongsToFamily,simple_rotor
23103_66470b7e,hasComplexityLevel,Low
23103_66470b7e,hasTopology,Sparse
23103_66470b7e,hasStructure,Asymmetric
20505_017d4cc4,hasMaterial,Steel
20505_017d4cc4,belongsToFamily,medium_rotor
20505_017d4cc4,hasComplexityLevel,Medium
20505_017d4cc4,hasTopology,Moderate
20505_017d4cc4,hasStructure,Asymmetric
23044_9a964a68,hasMaterial,Steel
23044_9a964a68,belongsToFamily,medium_rotor
23044_9a964a68,hasComplexityLevel,Medium
23044_9a964a68,hasTopology,Moderate
23044_9a964a68,hasStructure,Asymmetric
20682_e208cc63,hasMaterial,Steel
20682_e208cc63,belongsToFamily,symmetric_rotor
20682_e208cc63,hasComplexityLevel,Medium
20682_e208cc63,hasTopology,Moderate
20682_e208cc63,hasStructure,Symmetric
21976_807c9b26,hasMaterial,Steel
21976_807c9b26,belongsToFamily,simple_rotor
21976_807c9b26,hasComplexityLevel,Low
21976_807c9b26,hasTopology,Sparse
21976_807c9b26,hasStructure,Asymmetric
21865_c190b734,hasMaterial,Steel
21865_c190b734,belongsToFamily,simple_rotor
21865_c190b734,hasComplexityLevel,Low
21865_c190b734,hasTopology,Sparse
21865_c190b734,hasStructure,Asymmetric
20426_79358492,hasMaterial,"Steel, Mild, Acetal Resin, Black"
20426_79358492,belongsToFamily,simple_rotor
20426_79358492,hasComplexityLevel,Low
20426_79358492,hasTopology,Sparse
20426_79358492,hasStructure,Asymmetric
22076_20e8a107,hasMaterial,Steel
22076_20e8a107,belongsToFamily,high_complexity_rotor
22076_20e8a107,hasComplexityLevel,High
22076_20e8a107,hasTopology,Dense
22076_20e8a107,hasStructure,Asymmetric
23217_7c6062e3,hasMaterial,"Titanium, Steel, Glass, Cast, Clear"
23217_7c6062e3,belongsToFamily,high_complexity_rotor
23217_7c6062e3,hasComplexityLevel,High
23217_7c6062e3,hasTopology,Dense
23217_7c6062e3,hasStructure,Symmetric
23408_e5fd25ba,hasMaterial,Steel
23408_e5fd25ba,belongsToFamily,simple_rotor
23408_e5fd25ba,hasComplexityLevel,Low
23408_e5fd25ba,hasTopology,Sparse
23408_e5fd25ba,hasStructure,Asymmetric
22443_fa24c6f9,hasMaterial,Steel
22443_fa24c6f9,belongsToFamily,medium_rotor
22443_fa24c6f9,hasComplexityLevel,Medium
22443_fa24c6f9,hasTopology,Moderate
22443_fa24c6f9,hasStructure,Asymmetric
21706_adfb2ece,hasMaterial,Steel
21706_adfb2ece,belongsToFamily,medium_rotor
21706_adfb2ece,hasComplexityLevel,Medium
21706_adfb2ece,hasTopology,Moderate
21706_adfb2ece,hasStructure,Asymmetric
23265_07de6a0b,hasMaterial,Steel
23265_07de6a0b,belongsToFamily,simple_rotor
23265_07de6a0b,hasComplexityLevel,Low
23265_07de6a0b,hasTopology,Sparse
23265_07de6a0b,hasStructure,Asymmetric
21745_56cbe841,hasMaterial,"Steel, Bamboo"
21745_56cbe841,belongsToFamily,medium_rotor
21745_56cbe841,hasComplexityLevel,Medium
21745_56cbe841,hasTopology,Moderate
21745_56cbe841,hasStructure,Asymmetric
20466_4b3e5186,hasMaterial,"Steel, Mild"
20466_4b3e5186,belongsToFamily,simple_rotor
20466_4b3e5186,hasComplexityLevel,Low
20466_4b3e5186,hasTopology,Sparse
20466_4b3e5186,hasStructure,Asymmetric
21695_1f33863f,hasMaterial,Steel
21695_1f33863f,belongsToFamily,medium_rotor
21695_1f33863f,hasComplexityLevel,Medium
21695_1f33863f,hasTopology,Sparse
21695_1f33863f,hasStructure,Asymmetric
19518_f220b68a,hasMaterial,Generic
19518_f220b68a,belongsToFamily,simple_rotor
19518_f220b68a,hasComplexityLevel,Low
19518_f220b68a,hasTopology,Sparse
19518_f220b68a,hasStructure,Asymmetric
22313_3a8b93dc,hasMaterial,Steel
22313_3a8b93dc,belongsToFamily,medium_rotor
22313_3a8b93dc,hasComplexityLevel,Medium
22313_3a8b93dc,hasTopology,Moderate
22313_3a8b93dc,hasStructure,Asymmetric
22251_88fd728c,hasMaterial,Steel
22251_88fd728c,belongsToFamily,medium_rotor
22251_88fd728c,hasComplexityLevel,Medium
22251_88fd728c,hasTopology,Moderate
22251_88fd728c,hasStructure,Asymmetric
21613_d57e983a,hasMaterial,Steel
21613_d57e983a,belongsToFamily,simple_rotor
21613_d57e983a,hasComplexityLevel,Low
21613_d57e983a,hasTopology,Sparse
21613_d57e983a,hasStructure,Asymmetric
22067_624b28e3,hasMaterial,Steel
22067_624b28e3,belongsToFamily,simple_rotor
22067_624b28e3,hasComplexityLevel,Low
22067_624b28e3,hasTopology,Sparse
22067_624b28e3,hasStructure,Asymmetric
21005_9feee615,hasMaterial,Bamboo
21005_9feee615,belongsToFamily,high_complexity_rotor
21005_9feee615,hasComplexityLevel,High
21005_9feee615,hasTopology,Dense
21005_9feee615,hasStructure,Asymmetric
23250_aa321310,hasMaterial,Polystyrene
23250_aa321310,belongsToFamily,simple_rotor
23250_aa321310,hasComplexityLevel,Low
23250_aa321310,hasTopology,Sparse
23250_aa321310,hasStructure,Asymmetric
23155_d7305c5f,hasMaterial,Steel
23155_d7305c5f,belongsToFamily,high_complexity_rotor
23155_d7305c5f,hasComplexityLevel,High
23155_d7305c5f,hasTopology,Dense
23155_d7305c5f,hasStructure,Symmetric
22749_346e10ae,hasMaterial,Steel
22749_346e10ae,belongsToFamily,simple_rotor
22749_346e10ae,hasComplexityLevel,Low
22749_346e10ae,hasTopology,Sparse
22749_346e10ae,hasStructure,Asymmetric
20818_098cad7c,hasMaterial,"Acrylic, Clear, Steel, Wood"
20818_098cad7c,belongsToFamily,high_complexity_rotor
20818_098cad7c,hasComplexityLevel,High
20818_098cad7c,hasTopology,Dense
20818_098cad7c,hasStructure,Symmetric
7780_6c885e81,hasMaterial,"Steel, Mild, Rubber, Nitrile, ABS Plastic"
7780_6c885e81,belongsToFamily,symmetric_rotor
7780_6c885e81,hasComplexityLevel,Medium
7780_6c885e81,hasTopology,Moderate
7780_6c885e81,hasStructure,Symmetric
21581_8f948e0b,hasMaterial,Steel
21581_8f948e0b,belongsToFamily,simple_rotor
21581_8f948e0b,hasComplexityLevel,Low
21581_8f948e0b,hasTopology,Sparse
21581_8f948e0b,hasStructure,Asymmetric
20186_f66e4ad3,hasMaterial,"Steel, Alloy"
20186_f66e4ad3,belongsToFamily,simple_rotor
20186_f66e4ad3,hasComplexityLevel,Low
20186_f66e4ad3,hasTopology,Sparse
20186_f66e4ad3,hasStructure,Asymmetric
23322_8f85d82d,hasMaterial,"Glass, Cast, Clear, Steel, Wood"
23322_8f85d82d,belongsToFamily,medium_rotor
23322_8f85d82d,hasComplexityLevel,Medium
23322_8f85d82d,hasTopology,Moderate
23322_8f85d82d,hasStructure,Asymmetric
23235_f9ccb8b0,hasMaterial,Steel
23235_f9ccb8b0,belongsToFamily,complex_assembly
23235_f9ccb8b0,hasComplexityLevel,High
23235_f9ccb8b0,hasTopology,Dense
23235_f9ccb8b0,hasStructure,Asymmetric
21528_a5d5490f,hasMaterial,Steel
21528_a5d5490f,belongsToFamily,medium_rotor
21528_a5d5490f,hasComplexityLevel,Medium
21528_a5d5490f,hasTopology,Moderate
21528_a5d5490f,hasStructure,Asymmetric
23466_1cf60d09,hasMaterial,Steel
23466_1cf60d09,belongsToFamily,medium_rotor
23466_1cf60d09,hasComplexityLevel,Medium
23466_1cf60d09,hasTopology,Moderate
23466_1cf60d09,hasStructure,Asymmetric
21467_67965037,hasMaterial,Bronze
21467_67965037,belongsToFamily,symmetric_rotor
21467_67965037,hasComplexityLevel,Medium
21467_67965037,hasTopology,Moderate
21467_67965037,hasStructure,Symmetric
20165_2b088be5,hasMaterial,"Steel, Mild"
20165_2b088be5,belongsToFamily,high_complexity_rotor
20165_2b088be5,hasComplexityLevel,High
20165_2b088be5,hasTopology,Dense
20165_2b088be5,hasStructure,Asymmetric
22581_406c16c4,hasMaterial,Steel
22581_406c16c4,belongsToFamily,complex_assembly
22581_406c16c4,hasComplexityLevel,High
22581_406c16c4,hasTopology,Dense
22581_406c16c4,hasStructure,Asymmetric
21781_5985da6d,hasMaterial,Steel
21781_5985da6d,belongsToFamily,simple_rotor
21781_5985da6d,hasComplexityLevel,Low
21781_5985da6d,hasTopology,Sparse
21781_5985da6d,hasStructure,Asymmetric
21267_35a558cc,hasMaterial,Steel
21267_35a558cc,belongsToFamily,simple_rotor
21267_35a558cc,hasComplexityLevel,Low
21267_35a558cc,hasTopology,Sparse
21267_35a558cc,hasStructure,Asymmetric
21849_a5f563a6,hasMaterial,Steel
21849_a5f563a6,belongsToFamily,high_complexity_rotor
21849_a5f563a6,hasComplexityLevel,High
21849_a5f563a6,hasTopology,Dense
21849_a5f563a6,hasStructure,Symmetric
20722_90d46353,hasMaterial,"Steel, Wood, Aluminum"
20722_90d46353,belongsToFamily,medium_rotor
20722_90d46353,hasComplexityLevel,Medium
20722_90d46353,hasTopology,Moderate
20722_90d46353,hasStructure,Asymmetric
23213_3df3cb34,hasMaterial,Steel
23213_3df3cb34,belongsToFamily,medium_rotor
23213_3df3cb34,hasComplexityLevel,Medium
23213_3df3cb34,hasTopology,Moderate
23213_3df3cb34,hasStructure,Asymmetric
22073_951645ae,hasMaterial,Steel
22073_951645ae,belongsToFamily,simple_rotor
22073_951645ae,hasComplexityLevel,Low
22073_951645ae,hasTopology,Sparse
22073_951645ae,hasStructure,Asymmetric
22341_0f9c52ed,hasMaterial,"Steel, Mild, Steel, Carbon"
22341_0f9c52ed,belongsToFamily,medium_rotor
22341_0f9c52ed,hasComplexityLevel,Medium
22341_0f9c52ed,hasTopology,Moderate
22341_0f9c52ed,hasStructure,Asymmetric
22075_12b129d5,hasMaterial,Steel
22075_12b129d5,belongsToFamily,simple_rotor
22075_12b129d5,hasComplexityLevel,Low
22075_12b129d5,hasTopology,Sparse
22075_12b129d5,hasStructure,Asymmetric
22762_dcbdd14d,hasMaterial,Steel
22762_dcbdd14d,belongsToFamily,symmetric_rotor
22762_dcbdd14d,hasComplexityLevel,Medium
22762_dcbdd14d,hasTopology,Moderate
22762_dcbdd14d,hasStructure,Symmetric
21722_68aeba65,hasMaterial,Steel
21722_68aeba65,belongsToFamily,complex_assembly
21722_68aeba65,hasComplexityLevel,High
21722_68aeba65,hasTopology,Dense
21722_68aeba65,hasStructure,Symmetric
22133_465d7a91,hasMaterial,Steel
22133_465d7a91,belongsToFamily,simple_rotor
22133_465d7a91,hasComplexityLevel,Low
22133_465d7a91,hasTopology,Sparse
22133_465d7a91,hasStructure,Asymmetric
21592_c5e77a82,hasMaterial,Steel
21592_c5e77a82,belongsToFamily,medium_rotor
21592_c5e77a82,hasComplexityLevel,Medium
21592_c5e77a82,hasTopology,Moderate
21592_c5e77a82,hasStructure,Asymmetric
21511_d07c59c2,hasMaterial,Steel
21511_d07c59c2,belongsToFamily,high_complexity_rotor
21511_d07c59c2,hasComplexityLevel,High
21511_d07c59c2,hasTopology,Dense
21511_d07c59c2,hasStructure,Symmetric
21994_357aac6f,hasMaterial,"Steel, Lead"
21994_357aac6f,belongsToFamily,simple_rotor
21994_357aac6f,hasComplexityLevel,Low
21994_357aac6f,hasTopology,Sparse
21994_357aac6f,hasStructure,Asymmetric
20671_33532794,hasMaterial,Aluminum
20671_33532794,belongsToFamily,simple_rotor
20671_33532794,hasComplexityLevel,Low
20671_33532794,hasTopology,Sparse
20671_33532794,hasStructure,Asymmetric
20697_d3e106b4,hasMaterial,Steel
20697_d3e106b4,belongsToFamily,high_complexity_rotor
20697_d3e106b4,hasComplexityLevel,High
20697_d3e106b4,hasTopology,Dense
20697_d3e106b4,hasStructure,Symmetric
20241_ccb70dc8,hasMaterial,"Steel, Mild"
20241_ccb70dc8,belongsToFamily,simple_rotor
20241_ccb70dc8,hasComplexityLevel,Low
20241_ccb70dc8,hasTopology,Sparse
20241_ccb70dc8,hasStructure,Asymmetric
21557_53eafe15,hasMaterial,Steel
21557_53eafe15,belongsToFamily,complex_assembly
21557_53eafe15,hasComplexityLevel,High
21557_53eafe15,hasTopology,Dense
21557_53eafe15,hasStructure,Asymmetric
7778_3a9748b3,hasMaterial,"Titanium, Steel, ABS Plastic"
7778_3a9748b3,belongsToFamily,complex_assembly
7778_3a9748b3,hasComplexityLevel,High
7778_3a9748b3,hasTopology,Dense
7778_3a9748b3,hasStructure,Asymmetric
20488_589ac9c0,hasMaterial,"Steel, Mild"
20488_589ac9c0,belongsToFamily,simple_rotor
20488_589ac9c0,hasComplexityLevel,Low
20488_589ac9c0,hasTopology,Sparse
20488_589ac9c0,hasStructure,Asymmetric
23374_57cca189,hasMaterial,"Aluminum, Anodized Red, Aluminum, Aluminum, Anodized Blue"
23374_57cca189,belongsToFamily,medium_rotor
23374_57cca189,hasComplexityLevel,Medium
23374_57cca189,hasTopology,Moderate
23374_57cca189,hasStructure,Asymmetric
22129_48b47c52,hasMaterial,Steel
22129_48b47c52,belongsToFamily,simple_rotor
22129_48b47c52,hasComplexityLevel,Low
22129_48b47c52,hasTopology,Sparse
22129_48b47c52,hasStructure,Symmetric
20176_a02bde39,hasMaterial,Wood
20176_a02bde39,belongsToFamily,medium_rotor
20176_a02bde39,hasComplexityLevel,Medium
20176_a02bde39,hasTopology,Moderate
20176_a02bde39,hasStructure,Asymmetric
19596_fb9531a5,hasMaterial,"Steel, Mild, Glass, ABS Plastic"
19596_fb9531a5,belongsToFamily,high_complexity_rotor
19596_fb9531a5,hasComplexityLevel,High
19596_fb9531a5,hasTopology,Dense
19596_fb9531a5,hasStructure,Symmetric
20438_5f344b00,hasMaterial,"Steel, Mild, Rubber, Nitrile, ABS Plastic"
20438_5f344b00,belongsToFamily,simple_rotor
20438_5f344b00,hasComplexityLevel,Low
20438_5f344b00,hasTopology,Sparse
20438_5f344b00,hasStructure,Symmetric
23419_ea47995f,hasMaterial,Steel
23419_ea47995f,belongsToFamily,complex_assembly
23419_ea47995f,hasComplexityLevel,High
23419_ea47995f,hasTopology,Dense
23419_ea47995f,hasStructure,Symmetric
22035_101c7ab4,hasMaterial,"Steel, Rubber, Natural"
22035_101c7ab4,belongsToFamily,medium_rotor
22035_101c7ab4,hasComplexityLevel,Medium
22035_101c7ab4,hasTopology,Moderate
22035_101c7ab4,hasStructure,Asymmetric
20989_a261efa3,hasMaterial,"Steel, Mild"
20989_a261efa3,belongsToFamily,simple_rotor
20989_a261efa3,hasComplexityLevel,Low
20989_a261efa3,hasTopology,Sparse
20989_a261efa3,hasStructure,Symmetric
23127_38d73061,hasMaterial,Steel
23127_38d73061,belongsToFamily,symmetric_rotor
23127_38d73061,hasComplexityLevel,Medium
23127_38d73061,hasTopology,Moderate
23127_38d73061,hasStructure,Symmetric
23354_8182b4eb,hasMaterial,Steel
23354_8182b4eb,belongsToFamily,medium_rotor
23354_8182b4eb,hasComplexityLevel,Medium
23354_8182b4eb,hasTopology,Sparse
23354_8182b4eb,hasStructure,Asymmetric
21685_93737a7a,hasMaterial,Generic
21685_93737a7a,belongsToFamily,high_complexity_rotor
21685_93737a7a,hasComplexityLevel,High
21685_93737a7a,hasTopology,Dense
21685_93737a7a,hasStructure,Symmetric
21989_a0b5037d,hasMaterial,Steel
21989_a0b5037d,belongsToFamily,medium_rotor
21989_a0b5037d,hasComplexityLevel,Medium
21989_a0b5037d,hasTopology,Moderate
21989_a0b5037d,hasStructure,Asymmetric
22027_11a2e852,hasMaterial,Generic
22027_11a2e852,belongsToFamily,high_complexity_rotor
22027_11a2e852,hasComplexityLevel,High
22027_11a2e852,hasTopology,Dense
22027_11a2e852,hasStructure,Symmetric
21184_971559b6,hasMaterial,Steel
21184_971559b6,belongsToFamily,simple_rotor
21184_971559b6,hasComplexityLevel,Low
21184_971559b6,hasTopology,Sparse
21184_971559b6,hasStructure,Asymmetric
20547_ec8cfd0d,hasMaterial,Steel
20547_ec8cfd0d,belongsToFamily,simple_rotor
20547_ec8cfd0d,hasComplexityLevel,Low
20547_ec8cfd0d,hasTopology,Sparse
20547_ec8cfd0d,hasStructure,Asymmetric
20479_77930584,hasMaterial,"Steel, Mild"
20479_77930584,belongsToFamily,simple_rotor
20479_77930584,hasComplexityLevel,Low
20479_77930584,hasTopology,Sparse
20479_77930584,hasStructure,Asymmetric
22589_2c8f7c0b,hasMaterial,Steel
22589_2c8f7c0b,belongsToFamily,simple_rotor
22589_2c8f7c0b,hasComplexityLevel,Low
22589_2c8f7c0b,hasTopology,Sparse
22589_2c8f7c0b,hasStructure,Asymmetric
20741_c337946f,hasMaterial,Steel
20741_c337946f,belongsToFamily,simple_rotor
20741_c337946f,hasComplexityLevel,Low
20741_c337946f,hasTopology,Sparse
20741_c337946f,hasStructure,Asymmetric
20237_06b27bf5,hasMaterial,"Steel, Mild"
20237_06b27bf5,belongsToFamily,symmetric_rotor
20237_06b27bf5,hasComplexityLevel,Medium
20237_06b27bf5,hasTopology,Moderate
20237_06b27bf5,hasStructure,Symmetric
20431_0088a0dd,hasMaterial,"Steel, Mild, ABS Plastic, Aluminum, Anodized Blue"
20431_0088a0dd,belongsToFamily,medium_rotor
20431_0088a0dd,hasComplexityLevel,Medium
20431_0088a0dd,hasTopology,Moderate
20431_0088a0dd,hasStructure,Asymmetric
22417_4a15d62e,hasMaterial,"Steel, Mild"
22417_4a15d62e,belongsToFamily,high_complexity_rotor
22417_4a15d62e,hasComplexityLevel,High
22417_4a15d62e,hasTopology,Dense
22417_4a15d62e,hasStructure,Symmetric
20672_0bc07cce,hasMaterial,Steel
20672_0bc07cce,belongsToFamily,simple_rotor
20672_0bc07cce,hasComplexityLevel,Low
20672_0bc07cce,hasTopology,Sparse
20672_0bc07cce,hasStructure,Asymmetric
21616_c6c3347a,hasMaterial,Steel
21616_c6c3347a,belongsToFamily,simple_rotor
21616_c6c3347a,hasComplexityLevel,Low
21616_c6c3347a,hasTopology,Sparse
21616_c6c3347a,hasStructure,Asymmetric
22576_d05619d1,hasMaterial,"ABS Plastic, Steel, Silver"
22576_d05619d1,belongsToFamily,high_complexity_rotor
22576_d05619d1,hasComplexityLevel,High
22576_d05619d1,hasTopology,Dense
22576_d05619d1,hasStructure,Symmetric
20946_6573271d,hasMaterial,Steel
20946_6573271d,belongsToFamily,simple_rotor
20946_6573271d,hasComplexityLevel,Low
20946_6573271d,hasTopology,Sparse
20946_6573271d,hasStructure,Symmetric
22483_f4e4b62a,hasMaterial,"Wood, Steel, Rubber, Natural"
22483_f4e4b62a,belongsToFamily,complex_assembly
22483_f4e4b62a,hasComplexityLevel,High
22483_f4e4b62a,hasTopology,Dense
22483_f4e4b62a,hasStructure,Asymmetric
20467_f1fcc009,hasMaterial,"Steel, Mild, Acetal Resin, Black, Magnesium"
20467_f1fcc009,belongsToFamily,simple_rotor
20467_f1fcc009,hasComplexityLevel,Low
20467_f1fcc009,hasTopology,Sparse
20467_f1fcc009,hasStructure,Asymmetric
20279_aed6b3b3,hasMaterial,"Steel, Mild, Acetal Resin, Black, Aluminum"
20279_aed6b3b3,belongsToFamily,high_complexity_rotor
20279_aed6b3b3,hasComplexityLevel,High
20279_aed6b3b3,hasTopology,Dense
20279_aed6b3b3,hasStructure,Symmetric
22058_71feafda,hasMaterial,Steel
22058_71feafda,belongsToFamily,simple_rotor
22058_71feafda,hasComplexityLevel,Low
22058_71feafda,hasTopology,Sparse
22058_71feafda,hasStructure,Asymmetric
23413_6702ec7f,hasMaterial,"Steel, Plastic"
23413_6702ec7f,belongsToFamily,medium_rotor
23413_6702ec7f,hasComplexityLevel,Medium
23413_6702ec7f,hasTopology,Moderate
23413_6702ec7f,hasStructure,Asymmetric
21093_1bda9bbe,hasMaterial,"Steel, Mild, Aluminum, Anodized Blue"
21093_1bda9bbe,belongsToFamily,high_complexity_rotor
21093_1bda9bbe,hasComplexityLevel,High
21093_1bda9bbe,hasTopology,Dense
21093_1bda9bbe,hasStructure,Asymmetric
20544_43691724,hasMaterial,"Steel, Mild, Aluminum 6061, Nylon 6"
20544_43691724,belongsToFamily,high_complexity_rotor
20544_43691724,hasComplexityLevel,High
20544_43691724,hasTopology,Dense
20544_43691724,hasStructure,Asymmetric
22764_b884dce6,hasMaterial,"Gold, Aluminum, Brass"
22764_b884dce6,belongsToFamily,high_complexity_rotor
22764_b884dce6,hasComplexityLevel,High
22764_b884dce6,hasTopology,Dense
22764_b884dce6,hasStructure,Asymmetric
21069_508a9947,hasMaterial,"Steel, Silver"
21069_508a9947,belongsToFamily,complex_assembly
21069_508a9947,hasComplexityLevel,High
21069_508a9947,hasTopology,Dense
21069_508a9947,hasStructure,Asymmetric
20959_d4905d19,hasMaterial,"Stainless Steel, ABS Plastic, Aluminum"
20959_d4905d19,belongsToFamily,high_complexity_rotor
20959_d4905d19,hasComplexityLevel,High
20959_d4905d19,hasTopology,Dense
20959_d4905d19,hasStructure,Symmetric
20421_83f66ddc,hasMaterial,"Steel, Mild, Generic"
20421_83f66ddc,belongsToFamily,medium_rotor
20421_83f66ddc,hasComplexityLevel,Medium
20421_83f66ddc,hasTopology,Sparse
20421_83f66ddc,hasStructure,Asymmetric
22472_f65d3470,hasMaterial,Steel
22472_f65d3470,belongsToFamily,simple_rotor
22472_f65d3470,hasComplexityLevel,Low
22472_f65d3470,hasTopology,Sparse
22472_f65d3470,hasStructure,Asymmetric
20260_4a01a99d,hasMaterial,"Steel, Mild"
20260_4a01a99d,belongsToFamily,high_complexity_rotor
20260_4a01a99d,hasComplexityLevel,High
20260_4a01a99d,hasTopology,Dense
20260_4a01a99d,hasStructure,Asymmetric
23309_76dcf100,hasMaterial,Steel
23309_76dcf100,belongsToFamily,high_complexity_rotor
23309_76dcf100,hasComplexityLevel,High
23309_76dcf100,hasTopology,Dense
23309_76dcf100,hasStructure,Symmetric
21790_aaf9224a,hasMaterial,Steel
21790_aaf9224a,belongsToFamily,medium_rotor
21790_aaf9224a,hasComplexityLevel,Medium
21790_aaf9224a,hasTopology,Moderate
21790_aaf9224a,hasStructure,Asymmetric
23152_6f2706c9,hasMaterial,Steel
23152_6f2706c9,belongsToFamily,medium_rotor
23152_6f2706c9,hasComplexityLevel,Medium
23152_6f2706c9,hasTopology,Sparse
23152_6f2706c9,hasStructure,Asymmetric
21257_770fee9a,hasMaterial,Steel
21257_770fee9a,belongsToFamily,simple_rotor
21257_770fee9a,hasComplexityLevel,Low
21257_770fee9a,hasTopology,Sparse
21257_770fee9a,hasStructure,Symmetric
22306_c3dca308,hasMaterial,"Steel, Aluminum"
22306_c3dca308,belongsToFamily,complex_assembly
22306_c3dca308,hasComplexityLevel,High
22306_c3dca308,hasTopology,Dense
22306_c3dca308,hasStructure,Symmetric
20628_e0551f7c,hasMaterial,"Steel, Mild"
20628_e0551f7c,belongsToFamily,medium_rotor
20628_e0551f7c,hasComplexityLevel,Medium
20628_e0551f7c,hasTopology,Moderate
20628_e0551f7c,hasStructure,Asymmetric
20838_86c931be,hasMaterial,"Nickel-Copper Alloy 400, Gold"
20838_86c931be,belongsToFamily,simple_rotor
20838_86c931be,hasComplexityLevel,Low
20838_86c931be,hasTopology,Sparse
20838_86c931be,hasStructure,Asymmetric
22154_24342da4,hasMaterial,Steel
22154_24342da4,belongsToFamily,simple_rotor
22154_24342da4,hasComplexityLevel,Low
22154_24342da4,hasTopology,Sparse
22154_24342da4,hasStructure,Symmetric
22980_3cb3bcc8,hasMaterial,Steel
22980_3cb3bcc8,belongsToFamily,medium_rotor
22980_3cb3bcc8,hasComplexityLevel,Medium
22980_3cb3bcc8,hasTopology,Moderate
22980_3cb3bcc8,hasStructure,Asymmetric
20478_c02790cb,hasMaterial,"Steel, Mild"
20478_c02790cb,belongsToFamily,simple_rotor
20478_c02790cb,hasComplexityLevel,Low
20478_c02790cb,hasTopology,Sparse
20478_c02790cb,hasStructure,Asymmetric
20477_633cca4f,hasMaterial,Generic
20477_633cca4f,belongsToFamily,high_complexity_rotor
20477_633cca4f,hasComplexityLevel,High
20477_633cca4f,hasTopology,Dense
20477_633cca4f,hasStructure,Symmetric
20225_4ce6d59b,hasMaterial,"Nickel-Copper Alloy 400, Rubber, Nitrile, Iron, Wrought"
20225_4ce6d59b,belongsToFamily,symmetric_rotor
20225_4ce6d59b,hasComplexityLevel,Medium
20225_4ce6d59b,hasTopology,Moderate
20225_4ce6d59b,hasStructure,Symmetric
20797_78b83489,hasMaterial,Steel
20797_78b83489,belongsToFamily,medium_rotor
20797_78b83489,hasComplexityLevel,Medium
20797_78b83489,hasTopology,Moderate
20797_78b83489,hasStructure,Asymmetric
23376_9b48819a,hasMaterial,"Steel, Rubber, Natural, Aluminum"
23376_9b48819a,belongsToFamily,high_complexity_rotor
23376_9b48819a,hasComplexityLevel,High
23376_9b48819a,hasTopology,Dense
23376_9b48819a,hasStructure,Asymmetric
22534_e899f645,hasMaterial,"Bronze, Titanium, Steel"
22534_e899f645,belongsToFamily,medium_rotor
22534_e899f645,hasComplexityLevel,Medium
22534_e899f645,hasTopology,Moderate
22534_e899f645,hasStructure,Asymmetric
22079_31335df2,hasMaterial,"Steel, Mild, Copper, Generic"
22079_31335df2,belongsToFamily,complex_assembly
22079_31335df2,hasComplexityLevel,High
22079_31335df2,hasTopology,Dense
22079_31335df2,hasStructure,Asymmetric
22414_14ead4a3,hasMaterial,Steel
22414_14ead4a3,belongsToFamily,symmetric_rotor
22414_14ead4a3,hasComplexityLevel,Medium
22414_14ead4a3,hasTopology,Moderate
22414_14ead4a3,hasStructure,Symmetric
23313_210c6783,hasMaterial,Steel
23313_210c6783,belongsToFamily,medium_rotor
23313_210c6783,hasComplexityLevel,Medium
23313_210c6783,hasTopology,Moderate
23313_210c6783,hasStructure,Asymmetric
21600_0027c6fc,hasMaterial,Steel
21600_0027c6fc,belongsToFamily,medium_rotor
21600_0027c6fc,hasComplexityLevel,Medium
21600_0027c6fc,hasTopology,Sparse
21600_0027c6fc,hasStructure,Asymmetric
21081_72fa4ad1,hasMaterial,Steel
21081_72fa4ad1,belongsToFamily,high_complexity_rotor
21081_72fa4ad1,hasComplexityLevel,High
21081_72fa4ad1,hasTopology,Dense
21081_72fa4ad1,hasStructure,Symmetric
21423_196855d1,hasMaterial,Steel
21423_196855d1,belongsToFamily,simple_rotor
21423_196855d1,hasComplexityLevel,Low
21423_196855d1,hasTopology,Sparse
21423_196855d1,hasStructure,Asymmetric
22670_9353c710,hasMaterial,"Copper, Wood, Steel"
22670_9353c710,belongsToFamily,complex_assembly
22670_9353c710,hasComplexityLevel,High
22670_9353c710,hasTopology,Dense
22670_9353c710,hasStructure,Asymmetric
20421_38b63ca5,hasMaterial,Generic
20421_38b63ca5,belongsToFamily,medium_rotor
20421_38b63ca5,hasComplexityLevel,Medium
20421_38b63ca5,hasTopology,Moderate
20421_38b63ca5,hasStructure,Asymmetric
21718_1551037b,hasMaterial,"Steel, Mild, Aluminio-6061, AISI 1020"
21718_1551037b,belongsToFamily,complex_assembly
21718_1551037b,hasComplexityLevel,High
21718_1551037b,hasTopology,Dense
21718_1551037b,hasStructure,Asymmetric
20585_09b72895,hasMaterial,Steel
20585_09b72895,belongsToFamily,symmetric_rotor
20585_09b72895,hasComplexityLevel,Medium
20585_09b72895,hasTopology,Moderate
20585_09b72895,hasStructure,Symmetric
21828_21ab2114,hasMaterial,Steel
21828_21ab2114,belongsToFamily,symmetric_rotor
21828_21ab2114,hasComplexityLevel,Medium
21828_21ab2114,hasTopology,Moderate
21828_21ab2114,hasStructure,Symmetric
20511_e1b972aa,hasMaterial,"Steel, Mild"
20511_e1b972aa,belongsToFamily,medium_rotor
20511_e1b972aa,hasComplexityLevel,Medium
20511_e1b972aa,hasTopology,Moderate
20511_e1b972aa,hasStructure,Asymmetric
22671_fdd1b1e6,hasMaterial,Steel
22671_fdd1b1e6,belongsToFamily,simple_rotor
22671_fdd1b1e6,hasComplexityLevel,Low
22671_fdd1b1e6,hasTopology,Sparse
22671_fdd1b1e6,hasStructure,Asymmetric
21139_cd619b26,hasMaterial,Steel
21139_cd619b26,belongsToFamily,simple_rotor
21139_cd619b26,hasComplexityLevel,Low
21139_cd619b26,hasTopology,Sparse
21139_cd619b26,hasStructure,Asymmetric
23184_731e5af0,hasMaterial,Steel
23184_731e5af0,belongsToFamily,simple_rotor
23184_731e5af0,hasComplexityLevel,Low
23184_731e5af0,hasTopology,Sparse
23184_731e5af0,hasStructure,Asymmetric
20990_0a226634,hasMaterial,"Steel, ABS Plastic"
20990_0a226634,belongsToFamily,symmetric_rotor
20990_0a226634,hasComplexityLevel,Medium
20990_0a226634,hasTopology,Sparse
20990_0a226634,hasStructure,Symmetric
20586_cbec2689,hasMaterial,Plastic
20586_cbec2689,belongsToFamily,simple_rotor
20586_cbec2689,hasComplexityLevel,Low
20586_cbec2689,hasTopology,Sparse
20586_cbec2689,hasStructure,Asymmetric
20182_71b9e491,hasMaterial,"Steel, Mild, Aluminum, Anodized Red, Aluminum 6061"
20182_71b9e491,belongsToFamily,medium_rotor
20182_71b9e491,hasComplexityLevel,Medium
20182_71b9e491,hasTopology,Moderate
20182_71b9e491,hasStructure,Asymmetric
22981_93f268ae,hasMaterial,Bamboo
22981_93f268ae,belongsToFamily,simple_rotor
22981_93f268ae,hasComplexityLevel,Low
22981_93f268ae,hasTopology,Sparse
22981_93f268ae,hasStructure,Asymmetric
20989_d1b8b0f8,hasMaterial,"Steel, Mild"
20989_d1b8b0f8,belongsToFamily,medium_rotor
20989_d1b8b0f8,hasComplexityLevel,Medium
20989_d1b8b0f8,hasTopology,Moderate
20989_d1b8b0f8,hasStructure,Asymmetric
20451_557fe5cd,hasMaterial,"Steel, Mild"
20451_557fe5cd,belongsToFamily,simple_rotor
20451_557fe5cd,hasComplexityLevel,Low
20451_557fe5cd,hasTopology,Sparse
20451_557fe5cd,hasStructure,Symmetric
22825_f4c18d65,hasMaterial,Steel
22825_f4c18d65,belongsToFamily,simple_rotor
22825_f4c18d65,hasComplexityLevel,Low
22825_f4c18d65,hasTopology,Sparse
22825_f4c18d65,hasStructure,Asymmetric
20533_0a3e112b,hasMaterial,"Steel, Mild"
20533_0a3e112b,belongsToFamily,high_complexity_rotor
20533_0a3e112b,hasComplexityLevel,High
20533_0a3e112b,hasTopology,Dense
20533_0a3e112b,hasStructure,Asymmetric
22196_e5bf8c9d,hasMaterial,ABS Plastic
22196_e5bf8c9d,belongsToFamily,medium_rotor
22196_e5bf8c9d,hasComplexityLevel,Medium
22196_e5bf8c9d,hasTopology,Moderate
22196_e5bf8c9d,hasStructure,Asymmetric
21165_5cb2d287,hasMaterial,Steel
21165_5cb2d287,belongsToFamily,simple_rotor
21165_5cb2d287,hasComplexityLevel,Low
21165_5cb2d287,hasTopology,Sparse
21165_5cb2d287,hasStructure,Asymmetric
23101_6aec02ee,hasMaterial,Steel
23101_6aec02ee,belongsToFamily,high_complexity_rotor
23101_6aec02ee,hasComplexityLevel,High
23101_6aec02ee,hasTopology,Dense
23101_6aec02ee,hasStructure,Symmetric
20817_ef63b1a7,hasMaterial,Steel
20817_ef63b1a7,belongsToFamily,medium_rotor
20817_ef63b1a7,hasComplexityLevel,Medium
20817_ef63b1a7,hasTopology,Sparse
20817_ef63b1a7,hasStructure,Asymmetric
22141_5db99710,hasMaterial,Steel
22141_5db99710,belongsToFamily,symmetric_rotor
22141_5db99710,hasComplexityLevel,Medium
22141_5db99710,hasTopology,Moderate
22141_5db99710,hasStructure,Symmetric
20860_b8e9a191,hasMaterial,Steel
20860_b8e9a191,belongsToFamily,medium_rotor
20860_b8e9a191,hasComplexityLevel,Medium
20860_b8e9a191,hasTopology,Moderate
20860_b8e9a191,hasStructure,Asymmetric
21610_5dcf1187,hasMaterial,Steel
21610_5dcf1187,belongsToFamily,simple_rotor
21610_5dcf1187,hasComplexityLevel,Low
21610_5dcf1187,hasTopology,Sparse
21610_5dcf1187,hasStructure,Asymmetric
20285_b64b1a7e,hasMaterial,"Steel, Mild, Aluminum, Anodized Blue"
20285_b64b1a7e,belongsToFamily,medium_rotor
20285_b64b1a7e,hasComplexityLevel,Medium
20285_b64b1a7e,hasTopology,Sparse
20285_b64b1a7e,hasStructure,Asymmetric
21741_c6faf98e,hasMaterial,Steel
21741_c6faf98e,belongsToFamily,complex_assembly
21741_c6faf98e,hasComplexityLevel,High
21741_c6faf98e,hasTopology,Dense
21741_c6faf98e,hasStructure,Asymmetric
21377_19909a40,hasMaterial,Steel
21377_19909a40,belongsToFamily,medium_rotor
21377_19909a40,hasComplexityLevel,Medium
21377_19909a40,hasTopology,Moderate
21377_19909a40,hasStructure,Asymmetric
23174_8ef93daf,hasMaterial,Steel
23174_8ef93daf,belongsToFamily,medium_rotor
23174_8ef93daf,hasComplexityLevel,Medium
23174_8ef93daf,hasTopology,Moderate
23174_8ef93daf,hasStructure,Asymmetric
22448_1f21757a,hasMaterial,Steel
22448_1f21757a,belongsToFamily,medium_rotor
22448_1f21757a,hasComplexityLevel,Medium
22448_1f21757a,hasTopology,Moderate
22448_1f21757a,hasStructure,Asymmetric
21621_711e1918,hasMaterial,Steel
21621_711e1918,belongsToFamily,medium_rotor
21621_711e1918,hasComplexityLevel,Medium
21621_711e1918,hasTopology,Moderate
21621_711e1918,hasStructure,Asymmetric
22261_6efe61e3,hasMaterial,Water
22261_6efe61e3,belongsToFamily,simple_rotor
22261_6efe61e3,hasComplexityLevel,Low
22261_6efe61e3,hasTopology,Sparse
22261_6efe61e3,hasStructure,Asymmetric
20495_e8e7e80c,hasMaterial,"Steel, Mild"
20495_e8e7e80c,belongsToFamily,simple_rotor
20495_e8e7e80c,hasComplexityLevel,Low
20495_e8e7e80c,hasTopology,Sparse
20495_e8e7e80c,hasStructure,Asymmetric
23282_a1b17daa,hasMaterial,Steel
23282_a1b17daa,belongsToFamily,complex_assembly
23282_a1b17daa,hasComplexityLevel,High
23282_a1b17daa,hasTopology,Dense
23282_a1b17daa,hasStructure,Asymmetric
22078_1758e9fc,hasMaterial,Steel
22078_1758e9fc,belongsToFamily,medium_rotor
22078_1758e9fc,hasComplexityLevel,Medium
22078_1758e9fc,hasTopology,Sparse
22078_1758e9fc,hasStructure,Asymmetric
21744_5ae4d9d5,hasMaterial,"Acetal Resin, White"
21744_5ae4d9d5,belongsToFamily,high_complexity_rotor
21744_5ae4d9d5,hasComplexityLevel,High
21744_5ae4d9d5,hasTopology,Dense
21744_5ae4d9d5,hasStructure,Asymmetric
22812_cf865ed1,hasMaterial,"Steel, Plastic"
22812_cf865ed1,belongsToFamily,symmetric_rotor
22812_cf865ed1,hasComplexityLevel,Medium
22812_cf865ed1,hasTopology,Moderate
22812_cf865ed1,hasStructure,Symmetric
21566_ff590631,hasMaterial,Steel
21566_ff590631,belongsToFamily,medium_rotor
21566_ff590631,hasComplexityLevel,Medium
21566_ff590631,hasTopology,Moderate
21566_ff590631,hasStructure,Asymmetric
21337_062b39fa,hasMaterial,"Steel, Plastic"
21337_062b39fa,belongsToFamily,high_complexity_rotor
21337_062b39fa,hasComplexityLevel,High
21337_062b39fa,hasTopology,Dense
21337_062b39fa,hasStructure,Asymmetric
23467_9f431540,hasMaterial,"Steel, Generic"
23467_9f431540,belongsToFamily,high_complexity_rotor
23467_9f431540,hasComplexityLevel,High
23467_9f431540,hasTopology,Dense
23467_9f431540,hasStructure,Symmetric
22434_2ad62ed6,hasMaterial,Steel
22434_2ad62ed6,belongsToFamily,symmetric_rotor
22434_2ad62ed6,hasComplexityLevel,Medium
22434_2ad62ed6,hasTopology,Moderate
22434_2ad62ed6,hasStructure,Symmetric
22236_db209dff,hasMaterial,Steel
22236_db209dff,belongsToFamily,simple_rotor
22236_db209dff,hasComplexityLevel,Low
22236_db209dff,hasTopology,Sparse
22236_db209dff,hasStructure,Symmetric
20951_2918f2fa,hasMaterial,Steel
20951_2918f2fa,belongsToFamily,simple_rotor
20951_2918f2fa,hasComplexityLevel,Low
20951_2918f2fa,hasTopology,Sparse
20951_2918f2fa,hasStructure,Asymmetric
21186_d1698d8c,hasMaterial,"Plastic, Aluminum"
21186_d1698d8c,belongsToFamily,symmetric_rotor
21186_d1698d8c,hasComplexityLevel,Medium
21186_d1698d8c,hasTopology,Moderate
21186_d1698d8c,hasStructure,Symmetric
20609_69f28932,hasMaterial,Steel
20609_69f28932,belongsToFamily,symmetric_rotor
20609_69f28932,hasComplexityLevel,Medium
20609_69f28932,hasTopology,Moderate
20609_69f28932,hasStructure,Symmetric
22064_e1ba20dd,hasMaterial,Steel
22064_e1ba20dd,belongsToFamily,simple_rotor
22064_e1ba20dd,hasComplexityLevel,Low
22064_e1ba20dd,hasTopology,Sparse
22064_e1ba20dd,hasStructure,Asymmetric
21008_a3fec63b,hasMaterial,"Steel, Mild, Steel"
21008_a3fec63b,belongsToFamily,medium_rotor
21008_a3fec63b,hasComplexityLevel,Medium
21008_a3fec63b,hasTopology,Moderate
21008_a3fec63b,hasStructure,Asymmetric
21739_57582b8f,hasMaterial,"Acetal Resin, White"
21739_57582b8f,belongsToFamily,high_complexity_rotor
21739_57582b8f,hasComplexityLevel,High
21739_57582b8f,hasTopology,Dense
21739_57582b8f,hasStructure,Asymmetric
21990_7bb6efcf,hasMaterial,Steel
21990_7bb6efcf,belongsToFamily,simple_rotor
21990_7bb6efcf,hasComplexityLevel,Low
21990_7bb6efcf,hasTopology,Sparse
21990_7bb6efcf,hasStructure,Symmetric
22357_e2f7b060,hasMaterial,"Steel, Mild, Copper, Bronze"
22357_e2f7b060,belongsToFamily,complex_assembly
22357_e2f7b060,hasComplexityLevel,High
22357_e2f7b060,hasTopology,Dense
22357_e2f7b060,hasStructure,Asymmetric
23021_047d1f8a,hasMaterial,Steel
23021_047d1f8a,belongsToFamily,simple_rotor
23021_047d1f8a,hasComplexityLevel,Low
23021_047d1f8a,hasTopology,Sparse
23021_047d1f8a,hasStructure,Asymmetric
20812_462bd352,hasMaterial,Steel
20812_462bd352,belongsToFamily,simple_rotor
20812_462bd352,hasComplexityLevel,Low
20812_462bd352,hasTopology,Sparse
20812_462bd352,hasStructure,Asymmetric
21119_4f5c95a6,hasMaterial,Steel
21119_4f5c95a6,belongsToFamily,simple_rotor
21119_4f5c95a6,hasComplexityLevel,Low
21119_4f5c95a6,hasTopology,Sparse
21119_4f5c95a6,hasStructure,Asymmetric
21174_861bd902,hasMaterial,Steel
21174_861bd902,belongsToFamily,high_complexity_rotor
21174_861bd902,hasComplexityLevel,High
21174_861bd902,hasTopology,Dense
21174_861bd902,hasStructure,Symmetric
22057_4947db57,hasMaterial,Steel
22057_4947db57,belongsToFamily,symmetric_rotor
22057_4947db57,hasComplexityLevel,Medium
22057_4947db57,hasTopology,Moderate
22057_4947db57,hasStructure,Symmetric
20858_15bdad00,hasMaterial,Steel
20858_15bdad00,belongsToFamily,medium_rotor
20858_15bdad00,hasComplexityLevel,Medium
20858_15bdad00,hasTopology,Moderate
20858_15bdad00,hasStructure,Asymmetric
20384_767d849a,hasMaterial,"Steel, Mild"
20384_767d849a,belongsToFamily,simple_rotor
20384_767d849a,hasComplexityLevel,Low
20384_767d849a,hasTopology,Sparse
20384_767d849a,hasStructure,Symmetric
22059_b7d76712,hasMaterial,Steel
22059_b7d76712,belongsToFamily,medium_rotor
22059_b7d76712,hasComplexityLevel,Medium
22059_b7d76712,hasTopology,Moderate
22059_b7d76712,hasStructure,Asymmetric
22197_94c66357,hasMaterial,ABS Plastic
22197_94c66357,belongsToFamily,medium_rotor
22197_94c66357,hasComplexityLevel,Medium
22197_94c66357,hasTopology,Moderate
22197_94c66357,hasStructure,Asymmetric
22080_594bcb66,hasMaterial,Steel
22080_594bcb66,belongsToFamily,symmetric_rotor
22080_594bcb66,hasComplexityLevel,Medium
22080_594bcb66,hasTopology,Sparse
22080_594bcb66,hasStructure,Symmetric
21450_ea24ffcc,hasMaterial,Steel
21450_ea24ffcc,belongsToFamily,high_complexity_rotor
21450_ea24ffcc,hasComplexityLevel,High
21450_ea24ffcc,hasTopology,Dense
21450_ea24ffcc,hasStructure,Asymmetric
20799_213bf924,hasMaterial,Steel
20799_213bf924,belongsToFamily,high_complexity_rotor
20799_213bf924,hasComplexityLevel,High
20799_213bf924,hasTopology,Dense
20799_213bf924,hasStructure,Symmetric
20504_c9e14c9d,hasMaterial,"Steel, Mild"
20504_c9e14c9d,belongsToFamily,medium_rotor
20504_c9e14c9d,hasComplexityLevel,Medium
20504_c9e14c9d,hasTopology,Sparse
20504_c9e14c9d,hasStructure,Asymmetric
21533_8837772a,hasMaterial,Aluminum
21533_8837772a,belongsToFamily,simple_rotor
21533_8837772a,hasComplexityLevel,Low
21533_8837772a,hasTopology,Sparse
21533_8837772a,hasStructure,Asymmetric
20436_41b730a3,hasMaterial,"Steel, Mild, Generic"
20436_41b730a3,belongsToFamily,simple_rotor
20436_41b730a3,hasComplexityLevel,Low
20436_41b730a3,hasTopology,Sparse
20436_41b730a3,hasStructure,Asymmetric
20229_d1ae2ae3,hasMaterial,"Steel, Mild, Rubber, Nitrile, Stainless Steel"
20229_d1ae2ae3,belongsToFamily,medium_rotor
20229_d1ae2ae3,hasComplexityLevel,Medium
20229_d1ae2ae3,hasTopology,Moderate
20229_d1ae2ae3,hasStructure,Asymmetric
21244_d67bbabc,hasMaterial,Steel
21244_d67bbabc,belongsToFamily,complex_assembly
21244_d67bbabc,hasComplexityLevel,High
21244_d67bbabc,hasTopology,Dense
21244_d67bbabc,hasStructure,Asymmetric
23318_65e3a7c9,hasMaterial,Plastic
23318_65e3a7c9,belongsToFamily,medium_rotor
23318_65e3a7c9,hasComplexityLevel,Medium
23318_65e3a7c9,hasTopology,Moderate
23318_65e3a7c9,hasStructure,Asymmetric
22893_eb8aa8ac,hasMaterial,Steel
22893_eb8aa8ac,belongsToFamily,high_complexity_rotor
22893_eb8aa8ac,hasComplexityLevel,High
22893_eb8aa8ac,hasTopology,Dense
22893_eb8aa8ac,hasStructure,Symmetric
23409_e27e3b8b,hasMaterial,Steel
23409_e27e3b8b,belongsToFamily,medium_rotor
23409_e27e3b8b,hasComplexityLevel,Medium
23409_e27e3b8b,hasTopology,Moderate
23409_e27e3b8b,hasStructure,Asymmetric
22066_308cdcfe,hasMaterial,Steel
22066_308cdcfe,belongsToFamily,medium_rotor
22066_308cdcfe,hasComplexityLevel,Medium
22066_308cdcfe,hasTopology,Moderate
22066_308cdcfe,hasStructure,Asymmetric
23363_60e39812,hasMaterial,Steel
23363_60e39812,belongsToFamily,medium_rotor
23363_60e39812,hasComplexityLevel,Medium
23363_60e39812,hasTopology,Moderate
23363_60e39812,hasStructure,Asymmetric
20737_5249e274,hasMaterial,Steel
20737_5249e274,belongsToFamily,high_complexity_rotor
20737_5249e274,hasComplexityLevel,High
20737_5249e274,hasTopology,Dense
20737_5249e274,hasStructure,Symmetric
23329_6939d5d9,hasMaterial,"Polyurethane Foam, Steel, Lead"
23329_6939d5d9,belongsToFamily,high_complexity_rotor
23329_6939d5d9,hasComplexityLevel,High
23329_6939d5d9,hasTopology,Dense
23329_6939d5d9,hasStructure,Symmetric
21884_cc2c39f9,hasMaterial,"Steel, Water"
21884_cc2c39f9,belongsToFamily,medium_rotor
21884_cc2c39f9,hasComplexityLevel,Medium
21884_cc2c39f9,hasTopology,Sparse
21884_cc2c39f9,hasStructure,Asymmetric
20231_f54462bb,hasMaterial,"Steel, Mild"
20231_f54462bb,belongsToFamily,simple_rotor
20231_f54462bb,hasComplexityLevel,Low
20231_f54462bb,hasTopology,Sparse
20231_f54462bb,hasStructure,Asymmetric
20322_5a8c6077,hasMaterial,"Steel, Mild, Zinc"
20322_5a8c6077,belongsToFamily,medium_rotor
20322_5a8c6077,hasComplexityLevel,Medium
20322_5a8c6077,hasTopology,Moderate
20322_5a8c6077,hasStructure,Asymmetric
22528_f3370a64,hasMaterial,Steel
22528_f3370a64,belongsToFamily,high_complexity_rotor
22528_f3370a64,hasComplexityLevel,High
22528_f3370a64,hasTopology,Dense
22528_f3370a64,hasStructure,Asymmetric
22168_a84560a9,hasMaterial,"Steel, Mild, ABS Plastic"
22168_a84560a9,belongsToFamily,high_complexity_rotor
22168_a84560a9,hasComplexityLevel,High
22168_a84560a9,hasTopology,Dense
22168_a84560a9,hasStructure,Symmetric
21513_50fb4d62,hasMaterial,Steel
21513_50fb4d62,belongsToFamily,medium_rotor
21513_50fb4d62,hasComplexityLevel,Medium
21513_50fb4d62,hasTopology,Moderate
21513_50fb4d62,hasStructure,Asymmetric
22043_041e1b7c,hasMaterial,Steel
22043_041e1b7c,belongsToFamily,simple_rotor
22043_041e1b7c,hasComplexityLevel,Low
22043_041e1b7c,hasTopology,Sparse
22043_041e1b7c,hasStructure,Asymmetric
21224_18ba4aba,hasMaterial,Steel
21224_18ba4aba,belongsToFamily,medium_rotor
21224_18ba4aba,hasComplexityLevel,Medium
21224_18ba4aba,hasTopology,Moderate
21224_18ba4aba,hasStructure,Asymmetric
20246_40be7668,hasMaterial,"Steel, Mild"
20246_40be7668,belongsToFamily,complex_assembly
20246_40be7668,hasComplexityLevel,High
20246_40be7668,hasTopology,Dense
20246_40be7668,hasStructure,Asymmetric
22837_7644c972,hasMaterial,Steel
22837_7644c972,belongsToFamily,simple_rotor
22837_7644c972,hasComplexityLevel,Low
22837_7644c972,hasTopology,Sparse
22837_7644c972,hasStructure,Asymmetric
22843_ff77027f,hasMaterial,Steel
22843_ff77027f,belongsToFamily,simple_rotor
22843_ff77027f,hasComplexityLevel,Low
22843_ff77027f,hasTopology,Sparse
22843_ff77027f,hasStructure,Asymmetric
23244_34b5f55e,hasMaterial,Wood
23244_34b5f55e,belongsToFamily,simple_rotor
23244_34b5f55e,hasComplexityLevel,Low
23244_34b5f55e,hasTopology,Sparse
23244_34b5f55e,hasStructure,Asymmetric
21840_6847d36c,hasMaterial,Steel
21840_6847d36c,belongsToFamily,symmetric_rotor
21840_6847d36c,hasComplexityLevel,Medium
21840_6847d36c,hasTopology,Moderate
21840_6847d36c,hasStructure,Symmetric
21282_b2d83538,hasMaterial,Steel
21282_b2d83538,belongsToFamily,medium_rotor
21282_b2d83538,hasComplexityLevel,Medium
21282_b2d83538,hasTopology,Moderate
21282_b2d83538,hasStructure,Asymmetric
23176_1bf2a2d5,hasMaterial,Steel
23176_1bf2a2d5,belongsToFamily,medium_rotor
23176_1bf2a2d5,hasComplexityLevel,Medium
23176_1bf2a2d5,hasTopology,Moderate
23176_1bf2a2d5,hasStructure,Asymmetric
23341_d5ead6d2,hasMaterial,"ABS Plastic, Steel, Stainless Steel"
23341_d5ead6d2,belongsToFamily,simple_rotor
23341_d5ead6d2,hasComplexityLevel,Low
23341_d5ead6d2,hasTopology,Sparse
23341_d5ead6d2,hasStructure,Asymmetric
21503_34f299ca,hasMaterial,Steel
21503_34f299ca,belongsToFamily,medium_rotor
21503_34f299ca,hasComplexityLevel,Medium
21503_34f299ca,hasTopology,Moderate
21503_34f299ca,hasStructure,Asymmetric
20322_daa5c577,hasMaterial,"Steel, Mild, Zinc"
20322_daa5c577,belongsToFamily,medium_rotor
20322_daa5c577,hasComplexityLevel,Medium
20322_daa5c577,hasTopology,Moderate
20322_daa5c577,hasStructure,Asymmetric
21531_79015e13,hasMaterial,Steel
21531_79015e13,belongsToFamily,medium_rotor
21531_79015e13,hasComplexityLevel,Medium
21531_79015e13,hasTopology,Moderate
21531_79015e13,hasStructure,Asymmetric
22383_e5f707a7,hasMaterial,Steel
22383_e5f707a7,belongsToFamily,medium_rotor
22383_e5f707a7,hasComplexityLevel,Medium
22383_e5f707a7,hasTopology,Moderate
22383_e5f707a7,hasStructure,Asymmetric
20779_fc5a7c3d,hasMaterial,"Steel, High Strength Low Alloy, Generic"
20779_fc5a7c3d,belongsToFamily,medium_rotor
20779_fc5a7c3d,hasComplexityLevel,Medium
20779_fc5a7c3d,hasTopology,Moderate
20779_fc5a7c3d,hasStructure,Asymmetric
20910_c64b5d1b,hasMaterial,Nylon 6/6
20910_c64b5d1b,belongsToFamily,simple_rotor
20910_c64b5d1b,hasComplexityLevel,Low
20910_c64b5d1b,hasTopology,Sparse
20910_c64b5d1b,hasStructure,Asymmetric
21453_679a343c,hasMaterial,Steel
21453_679a343c,belongsToFamily,simple_rotor
21453_679a343c,hasComplexityLevel,Low
21453_679a343c,hasTopology,Sparse
21453_679a343c,hasStructure,Asymmetric
23158_c7e753c2,hasMaterial,"Bronze, Water, Steel"
23158_c7e753c2,belongsToFamily,simple_rotor
23158_c7e753c2,hasComplexityLevel,Low
23158_c7e753c2,hasTopology,Sparse
23158_c7e753c2,hasStructure,Asymmetric
21856_f84d9348,hasMaterial,Steel
21856_f84d9348,belongsToFamily,medium_rotor
21856_f84d9348,hasComplexityLevel,Medium
21856_f84d9348,hasTopology,Moderate
21856_f84d9348,hasStructure,Asymmetric
20469_b6211bfd,hasMaterial,"Steel, Mild"
20469_b6211bfd,belongsToFamily,simple_rotor
20469_b6211bfd,hasComplexityLevel,Low
20469_b6211bfd,hasTopology,Sparse
20469_b6211bfd,hasStructure,Asymmetric
22126_e1cca10f,hasMaterial,"Steel, Mild, Steel, Rubber, Natural"
22126_e1cca10f,belongsToFamily,medium_rotor
22126_e1cca10f,hasComplexityLevel,Medium
22126_e1cca10f,hasTopology,Moderate
22126_e1cca10f,hasStructure,Asymmetric
20908_10574fbf,hasMaterial,Steel
20908_10574fbf,belongsToFamily,simple_rotor
20908_10574fbf,hasComplexityLevel,Low
20908_10574fbf,hasTopology,Sparse
20908_10574fbf,hasStructure,Asymmetric
23096_7da0f913,hasMaterial,Aluminum
23096_7da0f913,belongsToFamily,simple_rotor
23096_7da0f913,hasComplexityLevel,Low
23096_7da0f913,hasTopology,Sparse
23096_7da0f913,hasStructure,Asymmetric
22072_5163223a,hasMaterial,Steel
22072_5163223a,belongsToFamily,medium_rotor
22072_5163223a,hasComplexityLevel,Medium
22072_5163223a,hasTopology,Moderate
22072_5163223a,hasStructure,Asymmetric
23120_f7c9092f,hasMaterial,Steel
23120_f7c9092f,belongsToFamily,medium_rotor
23120_f7c9092f,hasComplexityLevel,Medium
23120_f7c9092f,hasTopology,Moderate
23120_f7c9092f,hasStructure,Asymmetric
23438_b1ef78f4,hasMaterial,Steel
23438_b1ef78f4,belongsToFamily,symmetric_rotor
23438_b1ef78f4,hasComplexityLevel,Medium
23438_b1ef78f4,hasTopology,Sparse
23438_b1ef78f4,hasStructure,Symmetric
22678_ff42f120,hasMaterial,Steel
22678_ff42f120,belongsToFamily,symmetric_rotor
22678_ff42f120,hasComplexityLevel,Medium
22678_ff42f120,hasTopology,Moderate
22678_ff42f120,hasStructure,Symmetric
23194_b675acc0,hasMaterial,Brass
23194_b675acc0,belongsToFamily,simple_rotor
23194_b675acc0,hasComplexityLevel,Low
23194_b675acc0,hasTopology,Sparse
23194_b675acc0,hasStructure,Asymmetric
20406_dacb0300,hasMaterial,"Steel, Mild"
20406_dacb0300,belongsToFamily,simple_rotor
20406_dacb0300,hasComplexityLevel,Low
20406_dacb0300,hasTopology,Sparse
20406_dacb0300,hasStructure,Asymmetric
22228_1c82530b,hasMaterial,Steel
22228_1c82530b,belongsToFamily,medium_rotor
22228_1c82530b,hasComplexityLevel,Medium
22228_1c82530b,hasTopology,Moderate
22228_1c82530b,hasStructure,Asymmetric
23199_75dc1efd,hasMaterial,Steel
23199_75dc1efd,belongsToFamily,simple_rotor
23199_75dc1efd,hasComplexityLevel,Low
23199_75dc1efd,hasTopology,Sparse
23199_75dc1efd,hasStructure,Asymmetric
23310_7daded69,hasMaterial,Steel
23310_7daded69,belongsToFamily,high_complexity_rotor
23310_7daded69,hasComplexityLevel,High
23310_7daded69,hasTopology,Dense
23310_7daded69,hasStructure,Symmetric
21923_41fa6eda,hasMaterial,"Steel, Iron, Cast"
21923_41fa6eda,belongsToFamily,medium_rotor
21923_41fa6eda,hasComplexityLevel,Medium
21923_41fa6eda,hasTopology,Moderate
21923_41fa6eda,hasStructure,Asymmetric
20788_d25efea2,hasMaterial,Steel
20788_d25efea2,belongsToFamily,medium_rotor
20788_d25efea2,hasComplexityLevel,Medium
20788_d25efea2,hasTopology,Moderate
20788_d25efea2,hasStructure,Asymmetric
20340_86125547,hasMaterial,ABS Plastic
20340_86125547,belongsToFamily,simple_rotor
20340_86125547,hasComplexityLevel,Low
20340_86125547,hasTopology,Sparse
20340_86125547,hasStructure,Asymmetric
21958_e48ddf4e,hasMaterial,Steel
21958_e48ddf4e,belongsToFamily,symmetric_rotor
21958_e48ddf4e,hasComplexityLevel,Medium
21958_e48ddf4e,hasTopology,Moderate
21958_e48ddf4e,hasStructure,Symmetric
16550_e88d6986,hasMaterial,Steel
16550_e88d6986,belongsToFamily,simple_rotor
16550_e88d6986,hasComplexityLevel,Low
16550_e88d6986,hasTopology,Sparse
16550_e88d6986,hasStructure,Asymmetric
21358_a69a36f3,hasMaterial,Steel
21358_a69a36f3,belongsToFamily,medium_rotor
21358_a69a36f3,hasComplexityLevel,Medium
21358_a69a36f3,hasTopology,Moderate
21358_a69a36f3,hasStructure,Asymmetric
20701_6dcbc975,hasMaterial,Steel
20701_6dcbc975,belongsToFamily,high_complexity_rotor
20701_6dcbc975,hasComplexityLevel,High
20701_6dcbc975,hasTopology,Dense
20701_6dcbc975,hasStructure,Asymmetric
21924_bbd9f7a9,hasMaterial,Steel
21924_bbd9f7a9,belongsToFamily,high_complexity_rotor
21924_bbd9f7a9,hasComplexityLevel,High
21924_bbd9f7a9,hasTopology,Dense
21924_bbd9f7a9,hasStructure,Symmetric
20451_84d8b290,hasMaterial,"Steel, Mild"
20451_84d8b290,belongsToFamily,simple_rotor
20451_84d8b290,hasComplexityLevel,Low
20451_84d8b290,hasTopology,Sparse
20451_84d8b290,hasStructure,Symmetric
22085_e039a7d3,hasMaterial,Steel
22085_e039a7d3,belongsToFamily,medium_rotor
22085_e039a7d3,hasComplexityLevel,Medium
22085_e039a7d3,hasTopology,Moderate
22085_e039a7d3,hasStructure,Asymmetric
22983_0ab3faaf,hasMaterial,Steel
22983_0ab3faaf,belongsToFamily,symmetric_rotor
22983_0ab3faaf,hasComplexityLevel,Medium
22983_0ab3faaf,hasTopology,Moderate
22983_0ab3faaf,hasStructure,Symmetric
20947_115d4058,hasMaterial,Generic
20947_115d4058,belongsToFamily,simple_rotor
20947_115d4058,hasComplexityLevel,Low
20947_115d4058,hasTopology,Sparse
20947_115d4058,hasStructure,Asymmetric
23045_a8c4e4bc,hasMaterial,Steel
23045_a8c4e4bc,belongsToFamily,medium_rotor
23045_a8c4e4bc,hasComplexityLevel,Medium
23045_a8c4e4bc,hasTopology,Moderate
23045_a8c4e4bc,hasStructure,Asymmetric
20259_de1ab632,hasMaterial,"Steel, Mild"
20259_de1ab632,belongsToFamily,simple_rotor
20259_de1ab632,hasComplexityLevel,Low
20259_de1ab632,hasTopology,Sparse
20259_de1ab632,hasStructure,Asymmetric
22367_b4a67e61,hasMaterial,Steel
22367_b4a67e61,belongsToFamily,simple_rotor
22367_b4a67e61,hasComplexityLevel,Low
22367_b4a67e61,hasTopology,Sparse
22367_b4a67e61,hasStructure,Symmetric
20849_9821b6fe,hasMaterial,Steel
20849_9821b6fe,belongsToFamily,medium_rotor
20849_9821b6fe,hasComplexityLevel,Medium
20849_9821b6fe,hasTopology,Moderate
20849_9821b6fe,hasStructure,Asymmetric
22469_9d87f800,hasMaterial,Steel
22469_9d87f800,belongsToFamily,medium_rotor
22469_9d87f800,hasComplexityLevel,Medium
22469_9d87f800,hasTopology,Moderate
22469_9d87f800,hasStructure,Asymmetric
23435_e1c96b4d,hasMaterial,Steel
23435_e1c96b4d,belongsToFamily,simple_rotor
23435_e1c96b4d,hasComplexityLevel,Low
23435_e1c96b4d,hasTopology,Sparse
23435_e1c96b4d,hasStructure,Asymmetric
23043_c0827516,hasMaterial,"Steel, Stainless Steel, Wood"
23043_c0827516,belongsToFamily,medium_rotor
23043_c0827516,hasComplexityLevel,Medium
23043_c0827516,hasTopology,Moderate
23043_c0827516,hasStructure,Asymmetric
23154_7c74d190,hasMaterial,Steel
23154_7c74d190,belongsToFamily,high_complexity_rotor
23154_7c74d190,hasComplexityLevel,High
23154_7c74d190,hasTopology,Dense
23154_7c74d190,hasStructure,Symmetric
20387_0d507234,hasMaterial,"Steel, Mild"
20387_0d507234,belongsToFamily,medium_rotor
20387_0d507234,hasComplexityLevel,Medium
20387_0d507234,hasTopology,Moderate
20387_0d507234,hasStructure,Asymmetric
22862_f5406bb0,hasMaterial,Steel
22862_f5406bb0,belongsToFamily,simple_rotor
22862_f5406bb0,hasComplexityLevel,Low
22862_f5406bb0,hasTopology,Sparse
22862_f5406bb0,hasStructure,Asymmetric
22890_4ecfa491,hasMaterial,Steel
22890_4ecfa491,belongsToFamily,high_complexity_rotor
22890_4ecfa491,hasComplexityLevel,High
22890_4ecfa491,hasTopology,Dense
22890_4ecfa491,hasStructure,Asymmetric
21625_d5d4c9a7,hasMaterial,Steel
21625_d5d4c9a7,belongsToFamily,medium_rotor
21625_d5d4c9a7,hasComplexityLevel,Medium
21625_d5d4c9a7,hasTopology,Sparse
21625_d5d4c9a7,hasStructure,Asymmetric
22216_4b032400,hasMaterial,Steel
22216_4b032400,belongsToFamily,symmetric_rotor
22216_4b032400,hasComplexityLevel,Medium
22216_4b032400,hasTopology,Moderate
22216_4b032400,hasStructure,Symmetric
21564_fa5b2db7,hasMaterial,Steel
21564_fa5b2db7,belongsToFamily,simple_rotor
21564_fa5b2db7,hasComplexityLevel,Low
21564_fa5b2db7,hasTopology,Sparse
21564_fa5b2db7,hasStructure,Symmetric
21918_976c2754,hasMaterial,Steel
21918_976c2754,belongsToFamily,high_complexity_rotor
21918_976c2754,hasComplexityLevel,High
21918_976c2754,hasTopology,Dense
21918_976c2754,hasStructure,Asymmetric
21615_f2ecc6e8,hasMaterial,"Steel, Glass, Cast, Clear"
21615_f2ecc6e8,belongsToFamily,simple_rotor
21615_f2ecc6e8,hasComplexityLevel,Low
21615_f2ecc6e8,hasTopology,Sparse
21615_f2ecc6e8,hasStructure,Asymmetric
23164_659c91ef,hasMaterial,Steel
23164_659c91ef,belongsToFamily,simple_rotor
23164_659c91ef,hasComplexityLevel,Low
23164_659c91ef,hasTopology,Sparse
23164_659c91ef,hasStructure,Asymmetric
21271_ec7f62b8,hasMaterial,Steel
21271_ec7f62b8,belongsToFamily,symmetric_rotor
21271_ec7f62b8,hasComplexityLevel,Medium
21271_ec7f62b8,hasTopology,Moderate
21271_ec7f62b8,hasStructure,Symmetric
22746_920025a0,hasMaterial,"Steel, Glass, Cast, Clear"
22746_920025a0,belongsToFamily,simple_rotor
22746_920025a0,hasComplexityLevel,Low
22746_920025a0,hasTopology,Sparse
22746_920025a0,hasStructure,Asymmetric
20429_9dd95c38,hasMaterial,"Steel, Mild"
20429_9dd95c38,belongsToFamily,simple_rotor
20429_9dd95c38,hasComplexityLevel,Low
20429_9dd95c38,hasTopology,Sparse
20429_9dd95c38,hasStructure,Symmetric
20806_ca60b7ae,hasMaterial,Steel
20806_ca60b7ae,belongsToFamily,simple_rotor
20806_ca60b7ae,hasComplexityLevel,Low
20806_ca60b7ae,hasTopology,Sparse
20806_ca60b7ae,hasStructure,Symmetric
23178_eb4b4280,hasMaterial,Steel
23178_eb4b4280,belongsToFamily,symmetric_rotor
23178_eb4b4280,hasComplexityLevel,Medium
23178_eb4b4280,hasTopology,Moderate
23178_eb4b4280,hasStructure,Symmetric
21478_8fbd4409,hasMaterial,"Steel, ABS Plastic"
21478_8fbd4409,belongsToFamily,symmetric_rotor
21478_8fbd4409,hasComplexityLevel,Medium
21478_8fbd4409,hasTopology,Moderate
21478_8fbd4409,hasStructure,Symmetric
23511_8651ac1f,hasMaterial,Steel
23511_8651ac1f,belongsToFamily,high_complexity_rotor
23511_8651ac1f,hasComplexityLevel,High
23511_8651ac1f,hasTopology,Dense
23511_8651ac1f,hasStructure,Symmetric
22372_e91792a1,hasMaterial,"Steel, Wood"
22372_e91792a1,belongsToFamily,medium_rotor
22372_e91792a1,hasComplexityLevel,Medium
22372_e91792a1,hasTopology,Moderate
22372_e91792a1,hasStructure,Asymmetric
21634_e5e20375,hasMaterial,Aluminum 6061
21634_e5e20375,belongsToFamily,simple_rotor
21634_e5e20375,hasComplexityLevel,Low
21634_e5e20375,hasTopology,Sparse
21634_e5e20375,hasStructure,Asymmetric
22430_c6f08b03,hasMaterial,Steel
22430_c6f08b03,belongsToFamily,complex_assembly
22430_c6f08b03,hasComplexityLevel,High
22430_c6f08b03,hasTopology,Dense
22430_c6f08b03,hasStructure,Asymmetric
22461_0ba0e480,hasMaterial,"Steel, Brass, Stainless Steel"
22461_0ba0e480,belongsToFamily,medium_rotor
22461_0ba0e480,hasComplexityLevel,Medium
22461_0ba0e480,hasTopology,Moderate
22461_0ba0e480,hasStructure,Asymmetric
23305_2662b29a,hasMaterial,Steel
23305_2662b29a,belongsToFamily,medium_rotor
23305_2662b29a,hasComplexityLevel,Medium
23305_2662b29a,hasTopology,Moderate
23305_2662b29a,hasStructure,Asymmetric
23163_7b143a6f,hasMaterial,Steel
23163_7b143a6f,belongsToFamily,simple_rotor
23163_7b143a6f,hasComplexityLevel,Low
23163_7b143a6f,hasTopology,Sparse
23163_7b143a6f,hasStructure,Asymmetric
20970_d20c6c35,hasMaterial,Wood
20970_d20c6c35,belongsToFamily,symmetric_rotor
20970_d20c6c35,hasComplexityLevel,Medium
20970_d20c6c35,hasTopology,Moderate
20970_d20c6c35,hasStructure,Symmetric
23218_02d26ab4,hasMaterial,Wood
23218_02d26ab4,belongsToFamily,simple_rotor
23218_02d26ab4,hasComplexityLevel,Low
23218_02d26ab4,hasTopology,Sparse
23218_02d26ab4,hasStructure,Asymmetric
22987_37973191,hasMaterial,Steel
22987_37973191,belongsToFamily,medium_rotor
22987_37973191,hasComplexityLevel,Medium
22987_37973191,hasTopology,Moderate
22987_37973191,hasStructure,Asymmetric
22147_12995368,hasMaterial,Steel
22147_12995368,belongsToFamily,simple_rotor
22147_12995368,hasComplexityLevel,Low
22147_12995368,hasTopology,Sparse
22147_12995368,hasStructure,Symmetric
21552_4e9c19b1,hasMaterial,Steel
21552_4e9c19b1,belongsToFamily,medium_rotor
21552_4e9c19b1,hasComplexityLevel,Medium
21552_4e9c19b1,hasTopology,Moderate
21552_4e9c19b1,hasStructure,Asymmetric
21582_a3d32115,hasMaterial,Steel
21582_a3d32115,belongsToFamily,complex_assembly
21582_a3d32115,hasComplexityLevel,High
21582_a3d32115,hasTopology,Dense
21582_a3d32115,hasStructure,Asymmetric
21911_429c1a72,hasMaterial,"Steel, Rubber, Silicone"
21911_429c1a72,belongsToFamily,simple_rotor
21911_429c1a72,hasComplexityLevel,Low
21911_429c1a72,hasTopology,Sparse
21911_429c1a72,hasStructure,Asymmetric
20657_913a7675,hasMaterial,"Steel, Mild, Wood"
20657_913a7675,belongsToFamily,medium_rotor
20657_913a7675,hasComplexityLevel,Medium
20657_913a7675,hasTopology,Moderate
20657_913a7675,hasStructure,Asymmetric
21926_b4c7068b,hasMaterial,Steel
21926_b4c7068b,belongsToFamily,high_complexity_rotor
21926_b4c7068b,hasComplexityLevel,High
21926_b4c7068b,hasTopology,Dense
21926_b4c7068b,hasStructure,Asymmetric
22732_cd2af0ac,hasMaterial,"Aluminum, Glass, Cast, Clear"
22732_cd2af0ac,belongsToFamily,simple_rotor
22732_cd2af0ac,hasComplexityLevel,Low
22732_cd2af0ac,hasTopology,Sparse
22732_cd2af0ac,hasStructure,Asymmetric
21049_f644930a,hasMaterial,"Steel, Palladium, Brass"
21049_f644930a,belongsToFamily,medium_rotor
21049_f644930a,hasComplexityLevel,Medium
21049_f644930a,hasTopology,Moderate
21049_f644930a,hasStructure,Asymmetric
22345_bc482c26,hasMaterial,Steel
22345_bc482c26,belongsToFamily,medium_rotor
22345_bc482c26,hasComplexityLevel,Medium
22345_bc482c26,hasTopology,Moderate
22345_bc482c26,hasStructure,Asymmetric
21697_06656699,hasMaterial,Steel
21697_06656699,belongsToFamily,high_complexity_rotor
21697_06656699,hasComplexityLevel,High
21697_06656699,hasTopology,Dense
21697_06656699,hasStructure,Symmetric
20412_42170125,hasMaterial,"Steel, Mild, Glass"
20412_42170125,belongsToFamily,simple_rotor
20412_42170125,hasComplexityLevel,Low
20412_42170125,hasTopology,Sparse
20412_42170125,hasStructure,Asymmetric
21845_dff8b3a1,hasMaterial,Steel
21845_dff8b3a1,belongsToFamily,high_complexity_rotor
21845_dff8b3a1,hasComplexityLevel,High
21845_dff8b3a1,hasTopology,Dense
21845_dff8b3a1,hasStructure,Symmetric
23083_fdb942ac,hasMaterial,Steel
23083_fdb942ac,belongsToFamily,high_complexity_rotor
23083_fdb942ac,hasComplexityLevel,High
23083_fdb942ac,hasTopology,Dense
23083_fdb942ac,hasStructure,Asymmetric
22050_e8702dd4,hasMaterial,Bamboo
22050_e8702dd4,belongsToFamily,symmetric_rotor
22050_e8702dd4,hasComplexityLevel,Medium
22050_e8702dd4,hasTopology,Moderate
22050_e8702dd4,hasStructure,Symmetric
21495_ebbbd369,hasMaterial,Steel
21495_ebbbd369,belongsToFamily,simple_rotor
21495_ebbbd369,hasComplexityLevel,Low
21495_ebbbd369,hasTopology,Sparse
21495_ebbbd369,hasStructure,Asymmetric
22140_9cda24cc,hasMaterial,Steel
22140_9cda24cc,belongsToFamily,simple_rotor
22140_9cda24cc,hasComplexityLevel,Low
22140_9cda24cc,hasTopology,Sparse
22140_9cda24cc,hasStructure,Symmetric
23035_6087bb57,hasMaterial,Steel
23035_6087bb57,belongsToFamily,medium_rotor
23035_6087bb57,hasComplexityLevel,Medium
23035_6087bb57,hasTopology,Moderate
23035_6087bb57,hasStructure,Asymmetric
21836_5bc91e49,hasMaterial,Steel
21836_5bc91e49,belongsToFamily,symmetric_rotor
21836_5bc91e49,hasComplexityLevel,Medium
21836_5bc91e49,hasTopology,Moderate
21836_5bc91e49,hasStructure,Symmetric
21539_cfe1f7fd,hasMaterial,"Steel, Glass, Cast, Clear"
21539_cfe1f7fd,belongsToFamily,medium_rotor
21539_cfe1f7fd,hasComplexityLevel,Medium
21539_cfe1f7fd,hasTopology,Moderate
21539_cfe1f7fd,hasStructure,Asymmetric
21626_b34008e6,hasMaterial,"Wood, Stainless Steel, Brass"
21626_b34008e6,belongsToFamily,medium_rotor
21626_b34008e6,hasComplexityLevel,Medium
21626_b34008e6,hasTopology,Moderate
21626_b34008e6,hasStructure,Asymmetric
21862_ec534e16,hasMaterial,Steel
21862_ec534e16,belongsToFamily,simple_rotor
21862_ec534e16,hasComplexityLevel,Low
21862_ec534e16,hasTopology,Sparse
21862_ec534e16,hasStructure,Symmetric
21451_fea6f0d1,hasMaterial,Steel
21451_fea6f0d1,belongsToFamily,simple_rotor
21451_fea6f0d1,hasComplexityLevel,Low
21451_fea6f0d1,hasTopology,Sparse
21451_fea6f0d1,hasStructure,Asymmetric
20431_27e7f151,hasMaterial,"Rubber, Nitrile, ABS Plastic, Aluminum, Anodized Blue"
20431_27e7f151,belongsToFamily,medium_rotor
20431_27e7f151,hasComplexityLevel,Medium
20431_27e7f151,hasTopology,Moderate
20431_27e7f151,hasStructure,Asymmetric
23493_57512264,hasMaterial,Steel
23493_57512264,belongsToFamily,medium_rotor
23493_57512264,hasComplexityLevel,Medium
23493_57512264,hasTopology,Moderate
23493_57512264,hasStructure,Asymmetric
23170_6ea8ded5,hasMaterial,Steel
23170_6ea8ded5,belongsToFamily,symmetric_rotor
23170_6ea8ded5,hasComplexityLevel,Medium
23170_6ea8ded5,hasTopology,Moderate
23170_6ea8ded5,hasStructure,Symmetric
22747_3f6faf4c,hasMaterial,Steel
22747_3f6faf4c,belongsToFamily,simple_rotor
22747_3f6faf4c,hasComplexityLevel,Low
22747_3f6faf4c,hasTopology,Sparse
22747_3f6faf4c,hasStructure,Asymmetric
20925_dc64a33a,hasMaterial,Steel
20925_dc64a33a,belongsToFamily,medium_rotor
20925_dc64a33a,hasComplexityLevel,Medium
20925_dc64a33a,hasTopology,Moderate
20925_dc64a33a,hasStructure,Asymmetric
21603_98a15295,hasMaterial,Bamboo
21603_98a15295,belongsToFamily,symmetric_rotor
21603_98a15295,hasComplexityLevel,Medium
21603_98a15295,hasTopology,Moderate
21603_98a15295,hasStructure,Symmetric
23417_9a9e9937,hasMaterial,Steel
23417_9a9e9937,belongsToFamily,medium_rotor
23417_9a9e9937,hasComplexityLevel,Medium
23417_9a9e9937,hasTopology,Moderate
23417_9a9e9937,hasStructure,Asymmetric
21797_69df08d5,hasMaterial,ABS Plastic
21797_69df08d5,belongsToFamily,high_complexity_rotor
21797_69df08d5,hasComplexityLevel,High
21797_69df08d5,hasTopology,Dense
21797_69df08d5,hasStructure,Symmetric
21991_ab98f156,hasMaterial,"Acrylic, Clear, Steel, Plastic"
21991_ab98f156,belongsToFamily,high_complexity_rotor
21991_ab98f156,hasComplexityLevel,High
21991_ab98f156,hasTopology,Dense
21991_ab98f156,hasStructure,Asymmetric
23034_b38134ee,hasMaterial,"Steel, Aluminum"
23034_b38134ee,belongsToFamily,medium_rotor
23034_b38134ee,hasComplexityLevel,Medium
23034_b38134ee,hasTopology,Sparse
23034_b38134ee,hasStructure,Asymmetric
21612_e2981dae,hasMaterial,Steel
21612_e2981dae,belongsToFamily,simple_rotor
21612_e2981dae,hasComplexityLevel,Low
21612_e2981dae,hasTopology,Sparse
21612_e2981dae,hasStructure,Asymmetric
21785_d595ced5,hasMaterial,ABS Plastic
21785_d595ced5,belongsToFamily,simple_rotor
21785_d595ced5,hasComplexityLevel,Low
21785_d595ced5,hasTopology,Sparse
21785_d595ced5,hasStructure,Asymmetric
21175_85118898,hasMaterial,"Bamboo, Stainless Steel"
21175_85118898,belongsToFamily,simple_rotor
21175_85118898,hasComplexityLevel,Low
21175_85118898,hasTopology,Sparse
21175_85118898,hasStructure,Asymmetric
20163_3742f394,hasMaterial,"Steel, Mild"
20163_3742f394,belongsToFamily,medium_rotor
20163_3742f394,hasComplexityLevel,Medium
20163_3742f394,hasTopology,Moderate
20163_3742f394,hasStructure,Asymmetric
22002_315afcfc,hasMaterial,Steel
22002_315afcfc,belongsToFamily,medium_rotor
22002_315afcfc,hasComplexityLevel,Medium
22002_315afcfc,hasTopology,Moderate
22002_315afcfc,hasStructure,Asymmetric
22162_439af02a,hasMaterial,Steel
22162_439af02a,belongsToFamily,medium_rotor
22162_439af02a,hasComplexityLevel,Medium
22162_439af02a,hasTopology,Moderate
22162_439af02a,hasStructure,Asymmetric
21656_964b0c84,hasMaterial,Steel
21656_964b0c84,belongsToFamily,high_complexity_rotor
21656_964b0c84,hasComplexityLevel,High
21656_964b0c84,hasTopology,Dense
21656_964b0c84,hasStructure,Asymmetric
23369_447545f6,hasMaterial,"Steel, Glass, Cast, Clear"
23369_447545f6,belongsToFamily,simple_rotor
23369_447545f6,hasComplexityLevel,Low
23369_447545f6,hasTopology,Sparse
23369_447545f6,hasStructure,Asymmetric
20141_b9376856,hasMaterial,"Steel, Mild"
20141_b9376856,belongsToFamily,medium_rotor
20141_b9376856,hasComplexityLevel,Medium
20141_b9376856,hasTopology,Moderate
20141_b9376856,hasStructure,Asymmetric
23103_43bde2a6,hasMaterial,Steel
23103_43bde2a6,belongsToFamily,simple_rotor
23103_43bde2a6,hasComplexityLevel,Low
23103_43bde2a6,hasTopology,Sparse
23103_43bde2a6,hasStructure,Symmetric
21384_b9774b93,hasMaterial,Steel
21384_b9774b93,belongsToFamily,simple_rotor
21384_b9774b93,hasComplexityLevel,Low
21384_b9774b93,hasTopology,Sparse
21384_b9774b93,hasStructure,Symmetric
20239_49b65a55,hasMaterial,"Steel, Mild"
20239_49b65a55,belongsToFamily,medium_rotor
20239_49b65a55,hasComplexityLevel,Medium
20239_49b65a55,hasTopology,Moderate
20239_49b65a55,hasStructure,Asymmetric
21424_9d516e3a,hasMaterial,Steel
21424_9d516e3a,belongsToFamily,medium_rotor
21424_9d516e3a,hasComplexityLevel,Medium
21424_9d516e3a,hasTopology,Moderate
21424_9d516e3a,hasStructure,Asymmetric
21551_c6c2d516,hasMaterial,Plastic
21551_c6c2d516,belongsToFamily,high_complexity_rotor
21551_c6c2d516,hasComplexityLevel,High
21551_c6c2d516,hasTopology,Dense
21551_c6c2d516,hasStructure,Symmetric
20940_9777847c,hasMaterial,MaterialInv_066
20940_9777847c,belongsToFamily,simple_rotor
20940_9777847c,hasComplexityLevel,Low
20940_9777847c,hasTopology,Sparse
20940_9777847c,hasStructure,Asymmetric
23451_14c8d09e,hasMaterial,Steel
23451_14c8d09e,belongsToFamily,medium_rotor
23451_14c8d09e,hasComplexityLevel,Medium
23451_14c8d09e,hasTopology,Moderate
23451_14c8d09e,hasStructure,Asymmetric
21037_62248d34,hasMaterial,Steel
21037_62248d34,belongsToFamily,symmetric_rotor
21037_62248d34,hasComplexityLevel,Medium
21037_62248d34,hasTopology,Moderate
21037_62248d34,hasStructure,Symmetric
21817_945cd3c9,hasMaterial,Steel
21817_945cd3c9,belongsToFamily,medium_rotor
21817_945cd3c9,hasComplexityLevel,Medium
21817_945cd3c9,hasTopology,Moderate
21817_945cd3c9,hasStructure,Asymmetric
23283_fadf3820,hasMaterial,Steel
23283_fadf3820,belongsToFamily,medium_rotor
23283_fadf3820,hasComplexityLevel,Medium
23283_fadf3820,hasTopology,Moderate
23283_fadf3820,hasStructure,Asymmetric
23323_075a079e,hasMaterial,"Steel, Polystyrene"
23323_075a079e,belongsToFamily,medium_rotor
23323_075a079e,hasComplexityLevel,Medium
23323_075a079e,hasTopology,Sparse
23323_075a079e,hasStructure,Asymmetric
23172_4ab01e83,hasMaterial,Steel
23172_4ab01e83,belongsToFamily,medium_rotor
23172_4ab01e83,hasComplexityLevel,Medium
23172_4ab01e83,hasTopology,Moderate
23172_4ab01e83,hasStructure,Asymmetric
21762_90d34d16,hasMaterial,Steel
21762_90d34d16,belongsToFamily,high_complexity_rotor
21762_90d34d16,hasComplexityLevel,High
21762_90d34d16,hasTopology,Dense
21762_90d34d16,hasStructure,Asymmetric
22612_28fe0ac2,hasMaterial,Steel
22612_28fe0ac2,belongsToFamily,medium_rotor
22612_28fe0ac2,hasComplexityLevel,Medium
22612_28fe0ac2,hasTopology,Moderate
22612_28fe0ac2,hasStructure,Asymmetric
22535_0ba01cc9,hasMaterial,"Steel, Mild, Steel"
22535_0ba01cc9,belongsToFamily,complex_assembly
22535_0ba01cc9,hasComplexityLevel,High
22535_0ba01cc9,hasTopology,Dense
22535_0ba01cc9,hasStructure,Asymmetric
21715_53df62c9,hasMaterial,Steel
21715_53df62c9,belongsToFamily,medium_rotor
21715_53df62c9,hasComplexityLevel,Medium
21715_53df62c9,hasTopology,Sparse
21715_53df62c9,hasStructure,Asymmetric
22283_36ba29c9,hasMaterial,Steel
22283_36ba29c9,belongsToFamily,simple_rotor
22283_36ba29c9,hasComplexityLevel,Low
22283_36ba29c9,hasTopology,Sparse
22283_36ba29c9,hasStructure,Symmetric
20620_8a5226b4,hasMaterial,Steel
20620_8a5226b4,belongsToFamily,high_complexity_rotor
20620_8a5226b4,hasComplexityLevel,High
20620_8a5226b4,hasTopology,Dense
20620_8a5226b4,hasStructure,Symmetric
20329_414757bb,hasMaterial,"Steel, Mild"
20329_414757bb,belongsToFamily,medium_rotor
20329_414757bb,hasComplexityLevel,Medium
20329_414757bb,hasTopology,Moderate
20329_414757bb,hasStructure,Asymmetric
22377_d490f505,hasMaterial,Steel
22377_d490f505,belongsToFamily,simple_rotor
22377_d490f505,hasComplexityLevel,Low
22377_d490f505,hasTopology,Sparse
22377_d490f505,hasStructure,Asymmetric
22492_047b125b,hasMaterial,Steel
22492_047b125b,belongsToFamily,complex_assembly
22492_047b125b,hasComplexityLevel,High
22492_047b125b,hasTopology,Dense
22492_047b125b,hasStructure,Asymmetric
22402_a62e84b4,hasMaterial,Steel
22402_a62e84b4,belongsToFamily,high_complexity_rotor
22402_a62e84b4,hasComplexityLevel,High
22402_a62e84b4,hasTopology,Dense
22402_a62e84b4,hasStructure,Asymmetric
20287_072b5bf6,hasMaterial,"Aluminum, Wood Flooring"
20287_072b5bf6,belongsToFamily,high_complexity_rotor
20287_072b5bf6,hasComplexityLevel,High
20287_072b5bf6,hasTopology,Dense
20287_072b5bf6,hasStructure,Asymmetric
20810_f6674f2d,hasMaterial,"Steel, Rubber, Natural"
20810_f6674f2d,belongsToFamily,simple_rotor
20810_f6674f2d,hasComplexityLevel,Low
20810_f6674f2d,hasTopology,Sparse
20810_f6674f2d,hasStructure,Asymmetric
22049_4da0d894,hasMaterial,Steel
22049_4da0d894,belongsToFamily,symmetric_rotor
22049_4da0d894,hasComplexityLevel,Medium
22049_4da0d894,hasTopology,Moderate
22049_4da0d894,hasStructure,Symmetric
20758_cdccf572,hasMaterial,Steel
20758_cdccf572,belongsToFamily,simple_rotor
20758_cdccf572,hasComplexityLevel,Low
20758_cdccf572,hasTopology,Sparse
20758_cdccf572,hasStructure,Symmetric
22681_124bf3a9,hasMaterial,Steel
22681_124bf3a9,belongsToFamily,medium_rotor
22681_124bf3a9,hasComplexityLevel,Medium
22681_124bf3a9,hasTopology,Sparse
22681_124bf3a9,hasStructure,Asymmetric
21690_5d1f3475,hasMaterial,Steel
21690_5d1f3475,belongsToFamily,simple_rotor
21690_5d1f3475,hasComplexityLevel,Low
21690_5d1f3475,hasTopology,Sparse
21690_5d1f3475,hasStructure,Asymmetric
20546_87dbd755,hasMaterial,"Steel, Mild, Aluminum, Anodized Red, Rubber, Silicone"
20546_87dbd755,belongsToFamily,complex_assembly
20546_87dbd755,hasComplexityLevel,High
20546_87dbd755,hasTopology,Dense
20546_87dbd755,hasStructure,Symmetric
22092_897b0ffa,hasMaterial,"Steel, Iron, Cast"
22092_897b0ffa,belongsToFamily,medium_rotor
22092_897b0ffa,hasComplexityLevel,Medium
22092_897b0ffa,hasTopology,Moderate
22092_897b0ffa,hasStructure,Asymmetric
20991_6795af4f,hasMaterial,Wood
20991_6795af4f,belongsToFamily,high_complexity_rotor
20991_6795af4f,hasComplexityLevel,High
20991_6795af4f,hasTopology,Dense
20991_6795af4f,hasStructure,Symmetric
23049_207a41f0,hasMaterial,"Steel, Stainless Steel, Brass"
23049_207a41f0,belongsToFamily,medium_rotor
23049_207a41f0,hasComplexityLevel,Medium
23049_207a41f0,hasTopology,Moderate
23049_207a41f0,hasStructure,Asymmetric
22533_e7298b05,hasMaterial,Steel
22533_e7298b05,belongsToFamily,complex_assembly
22533_e7298b05,hasComplexityLevel,High
22533_e7298b05,hasTopology,Dense
22533_e7298b05,hasStructure,Asymmetric
22638_37f9fe91,hasMaterial,Steel
22638_37f9fe91,belongsToFamily,symmetric_rotor
22638_37f9fe91,hasComplexityLevel,Medium
22638_37f9fe91,hasTopology,Moderate
22638_37f9fe91,hasStructure,Symmetric
21617_ddd3657b,hasMaterial,Steel
21617_ddd3657b,belongsToFamily,simple_rotor
21617_ddd3657b,hasComplexityLevel,Low
21617_ddd3657b,hasTopology,Sparse
21617_ddd3657b,hasStructure,Asymmetric
21858_f1409ea2,hasMaterial,Steel
21858_f1409ea2,belongsToFamily,medium_rotor
21858_f1409ea2,hasComplexityLevel,Medium
21858_f1409ea2,hasTopology,Moderate
21858_f1409ea2,hasStructure,Asymmetric
21028_d4d30a2e,hasMaterial,Aluminum
21028_d4d30a2e,belongsToFamily,medium_rotor
21028_d4d30a2e,hasComplexityLevel,Medium
21028_d4d30a2e,hasTopology,Moderate
21028_d4d30a2e,hasStructure,Asymmetric
21541_abc67be6,hasMaterial,"Polycarbonate, Smoke, Rubber, Nitrile, Steel"
21541_abc67be6,belongsToFamily,medium_rotor
21541_abc67be6,hasComplexityLevel,Medium
21541_abc67be6,hasTopology,Moderate
21541_abc67be6,hasStructure,Asymmetric
22826_199df203,hasMaterial,Steel
22826_199df203,belongsToFamily,medium_rotor
22826_199df203,hasComplexityLevel,Medium
22826_199df203,hasTopology,Moderate
22826_199df203,hasStructure,Asymmetric
22227_aca28ff2,hasMaterial,"Steel, Glass, Cast, Clear"
22227_aca28ff2,belongsToFamily,simple_rotor
22227_aca28ff2,hasComplexityLevel,Low
22227_aca28ff2,hasTopology,Sparse
22227_aca28ff2,hasStructure,Asymmetric
22902_83870421,hasMaterial,Steel
22902_83870421,belongsToFamily,simple_rotor
22902_83870421,hasComplexityLevel,Low
22902_83870421,hasTopology,Sparse
22902_83870421,hasStructure,Asymmetric
21665_2e14b6ff,hasMaterial,Steel
21665_2e14b6ff,belongsToFamily,simple_rotor
21665_2e14b6ff,hasComplexityLevel,Low
21665_2e14b6ff,hasTopology,Sparse
21665_2e14b6ff,hasStructure,Symmetric
20813_726b2714,hasMaterial,Steel
20813_726b2714,belongsToFamily,simple_rotor
20813_726b2714,hasComplexityLevel,Low
20813_726b2714,hasTopology,Sparse
20813_726b2714,hasStructure,Asymmetric
20429_4c909f3f,hasMaterial,"Steel, Mild"
20429_4c909f3f,belongsToFamily,simple_rotor
20429_4c909f3f,hasComplexityLevel,Low
20429_4c909f3f,hasTopology,Sparse
20429_4c909f3f,hasStructure,Asymmetric
23373_f5dac851,hasMaterial,"Steel, Plastic, Stainless Steel"
23373_f5dac851,belongsToFamily,medium_rotor
23373_f5dac851,hasComplexityLevel,Medium
23373_f5dac851,hasTopology,Moderate
23373_f5dac851,hasStructure,Asymmetric
21794_4d137e7d,hasMaterial,Steel
21794_4d137e7d,belongsToFamily,medium_rotor
21794_4d137e7d,hasComplexityLevel,Medium
21794_4d137e7d,hasTopology,Moderate
21794_4d137e7d,hasStructure,Asymmetric
22065_0d414124,hasMaterial,Steel
22065_0d414124,belongsToFamily,complex_assembly
22065_0d414124,hasComplexityLevel,High
22065_0d414124,hasTopology,Dense
22065_0d414124,hasStructure,Symmetric
22224_1e749c32,hasMaterial,Steel
22224_1e749c32,belongsToFamily,medium_rotor
22224_1e749c32,hasComplexityLevel,Medium
22224_1e749c32,hasTopology,Sparse
22224_1e749c32,hasStructure,Asymmetric
22047_5a090f16,hasMaterial,"Steel, ABS Plastic"
22047_5a090f16,belongsToFamily,simple_rotor
22047_5a090f16,hasComplexityLevel,Low
22047_5a090f16,hasTopology,Sparse
22047_5a090f16,hasStructure,Symmetric
20952_b8a54213,hasMaterial,"Steel, Mild, Pine, Aluminio-6061"
20952_b8a54213,belongsToFamily,complex_assembly
20952_b8a54213,hasComplexityLevel,High
20952_b8a54213,hasTopology,Dense
20952_b8a54213,hasStructure,Asymmetric
21490_d07ff9f8,hasMaterial,"Bronze, Steel"
21490_d07ff9f8,belongsToFamily,symmetric_rotor
21490_d07ff9f8,hasComplexityLevel,Medium
21490_d07ff9f8,hasTopology,Moderate
21490_d07ff9f8,hasStructure,Symmetric
23041_8d3ea25c,hasMaterial,Steel
23041_8d3ea25c,belongsToFamily,medium_rotor
23041_8d3ea25c,hasComplexityLevel,Medium
23041_8d3ea25c,hasTopology,Moderate
23041_8d3ea25c,hasStructure,Asymmetric
22241_535ad84b,hasMaterial,Steel
22241_535ad84b,belongsToFamily,simple_rotor
22241_535ad84b,hasComplexityLevel,Low
22241_535ad84b,hasTopology,Sparse
22241_535ad84b,hasStructure,Symmetric
23022_86e6a8a0,hasMaterial,Steel
23022_86e6a8a0,belongsToFamily,simple_rotor
23022_86e6a8a0,hasComplexityLevel,Low
23022_86e6a8a0,hasTopology,Sparse
23022_86e6a8a0,hasStructure,Asymmetric
23053_139f2009,hasMaterial,Steel
23053_139f2009,belongsToFamily,high_complexity_rotor
23053_139f2009,hasComplexityLevel,High
23053_139f2009,hasTopology,Dense
23053_139f2009,hasStructure,Asymmetric
23037_d0df320c,hasMaterial,Steel
23037_d0df320c,belongsToFamily,symmetric_rotor
23037_d0df320c,hasComplexityLevel,Medium
23037_d0df320c,hasTopology,Moderate
23037_d0df320c,hasStructure,Symmetric
22416_4cd31921,hasMaterial,Steel
22416_4cd31921,belongsToFamily,high_complexity_rotor
22416_4cd31921,hasComplexityLevel,High
22416_4cd31921,hasTopology,Dense
22416_4cd31921,hasStructure,Symmetric
21391_78fc6345,hasMaterial,"Copper, Titanium, Steel"
21391_78fc6345,belongsToFamily,simple_rotor
21391_78fc6345,hasComplexityLevel,Low
21391_78fc6345,hasTopology,Sparse
21391_78fc6345,hasStructure,Asymmetric
21134_7aa7cd89,hasMaterial,"Steel, Plastic, Glass, Cast, Clear"
21134_7aa7cd89,belongsToFamily,high_complexity_rotor
21134_7aa7cd89,hasComplexityLevel,High
21134_7aa7cd89,hasTopology,Dense
21134_7aa7cd89,hasStructure,Symmetric
21700_28d193ac,hasMaterial,"Steel, Stainless Steel"
21700_28d193ac,belongsToFamily,high_complexity_rotor
21700_28d193ac,hasComplexityLevel,High
21700_28d193ac,hasTopology,Dense
21700_28d193ac,hasStructure,Asymmetric
